arm,ref,paired,sd_d_observed,sigma_dxa,sigma_dxa_raw2,sigma_run_arm,sigma_run_ref,sigma_run_diff,run_corr,seeds,rho,keff_mode,delta,sd_delta,sd_delta_uncorrected,rbar_obs,K_min
augonly,erm,True,0.013108363273591314,0.004859008169160348,2.3609960387967e-05,0.01781915796154679,0.019592674568852837,0.027223080953895588,-0.05685764927561725,1,0.0,none,0.02,0.02765331981897146,0.02765331981897146,0.0,18
augonly,erm,True,0.013108363273591314,0.004859008169160348,2.3609960387967e-05,0.01781915796154679,0.019592674568852837,0.027223080953895588,-0.05685764927561725,1,0.0,none,0.05,0.02765331981897146,0.02765331981897146,0.0,5
augonly,erm,True,0.013108363273591314,0.004859008169160348,2.3609960387967e-05,0.01781915796154679,0.019592674568852837,0.027223080953895588,-0.05685764927561725,1,0.0,none,0.1,0.02765331981897146,0.02765331981897146,0.0,3
augonly,erm,True,0.013108363273591314,0.004859008169160348,2.3609960387967e-05,0.01781915796154679,0.019592674568852837,0.027223080953895588,-0.05685764927561725,1,0.0,none,0.2,0.02765331981897146,0.02765331981897146,0.0,3
augonly,erm,True,0.013108363273591314,0.004859008169160348,2.3609960387967e-05,0.01781915796154679,0.019592674568852837,0.027223080953895588,-0.05685764927561725,1,0.25,ratio,0.02,0.029562642391279082,0.02765331981897146,0.125,24
augonly,erm,True,0.013108363273591314,0.004859008169160348,2.3609960387967e-05,0.01781915796154679,0.019592674568852837,0.027223080953895588,-0.05685764927561725,1,0.25,ratio,0.05,0.029562642391279082,0.02765331981897146,0.125,6
augonly,erm,True,0.013108363273591314,0.004859008169160348,2.3609960387967e-05,0.01781915796154679,0.019592674568852837,0.027223080953895588,-0.05685764927561725,1,0.25,ratio,0.1,0.029562642391279082,0.02765331981897146,0.125,4
augonly,erm,True,0.013108363273591314,0.004859008169160348,2.3609960387967e-05,0.01781915796154679,0.019592674568852837,0.027223080953895588,-0.05685764927561725,1,0.25,ratio,0.2,0.029562642391279082,0.02765331981897146,0.125,3
augonly,erm,True,0.013108363273591314,0.004859008169160348,2.3609960387967e-05,0.01781915796154679,0.019592674568852837,0.027223080953895588,-0.05685764927561725,1,0.25,design,0.02,0.029562642391279082,0.02765331981897146,0.125,
augonly,erm,True,0.013108363273591314,0.004859008169160348,2.3609960387967e-05,0.01781915796154679,0.019592674568852837,0.027223080953895588,-0.05685764927561725,1,0.25,design,0.05,0.029562642391279082,0.02765331981897146,0.125,11
augonly,erm,True,0.013108363273591314,0.004859008169160348,2.3609960387967e-05,0.01781915796154679,0.019592674568852837,0.027223080953895588,-0.05685764927561725,1,0.25,design,0.1,0.029562642391279082,0.02765331981897146,0.125,4
augonly,erm,True,0.013108363273591314,0.004859008169160348,2.3609960387967e-05,0.01781915796154679,0.019592674568852837,0.027223080953895588,-0.05685764927561725,1,0.25,design,0.2,0.029562642391279082,0.02765331981897146,0.125,3
augonly,erm,True,0.013108363273591314,0.004859008169160348,2.3609960387967e-05,0.01781915796154679,0.019592674568852837,0.027223080953895588,-0.05685764927561725,1,0.5,ratio,0.02,0.03193130328293997,0.02765331981897146,0.25,32
augonly,erm,True,0.013108363273591314,0.004859008169160348,2.3609960387967e-05,0.01781915796154679,0.019592674568852837,0.027223080953895588,-0.05685764927561725,1,0.5,ratio,0.05,0.03193130328293997,0.02765331981897146,0.25,7
augonly,erm,True,0.013108363273591314,0.004859008169160348,2.3609960387967e-05,0.01781915796154679,0.019592674568852837,0.027223080953895588,-0.05685764927561725,1,0.5,ratio,0.1,0.03193130328293997,0.02765331981897146,0.25,4
augonly,erm,True,0.013108363273591314,0.004859008169160348,2.3609960387967e-05,0.01781915796154679,0.019592674568852837,0.027223080953895588,-0.05685764927561725,1,0.5,ratio,0.2,0.03193130328293997,0.02765331981897146,0.25,3
augonly,erm,True,0.013108363273591314,0.004859008169160348,2.3609960387967e-05,0.01781915796154679,0.019592674568852837,0.027223080953895588,-0.05685764927561725,1,0.5,design,0.02,0.03193130328293997,0.02765331981897146,0.25,
augonly,erm,True,0.013108363273591314,0.004859008169160348,2.3609960387967e-05,0.01781915796154679,0.019592674568852837,0.027223080953895588,-0.05685764927561725,1,0.5,design,0.05,0.03193130328293997,0.02765331981897146,0.25,
augonly,erm,True,0.013108363273591314,0.004859008169160348,2.3609960387967e-05,0.01781915796154679,0.019592674568852837,0.027223080953895588,-0.05685764927561725,1,0.5,design,0.1,0.03193130328293997,0.02765331981897146,0.25,4
augonly,erm,True,0.013108363273591314,0.004859008169160348,2.3609960387967e-05,0.01781915796154679,0.019592674568852837,0.027223080953895588,-0.05685764927561725,1,0.5,design,0.2,0.03193130328293997,0.02765331981897146,0.25,3
augonly,erm,True,0.013108363273591314,0.004859008169160348,2.3609960387967e-05,0.01781915796154679,0.019592674568852837,0.027223080953895588,-0.05685764927561725,3,0.0,none,0.02,0.016451200744284633,0.016451200744284633,0.0,8
augonly,erm,True,0.013108363273591314,0.004859008169160348,2.3609960387967e-05,0.01781915796154679,0.019592674568852837,0.027223080953895588,-0.05685764927561725,3,0.0,none,0.05,0.016451200744284633,0.016451200744284633,0.0,4
augonly,erm,True,0.013108363273591314,0.004859008169160348,2.3609960387967e-05,0.01781915796154679,0.019592674568852837,0.027223080953895588,-0.05685764927561725,3,0.0,none,0.1,0.016451200744284633,0.016451200744284633,0.0,3
augonly,erm,True,0.013108363273591314,0.004859008169160348,2.3609960387967e-05,0.01781915796154679,0.019592674568852837,0.027223080953895588,-0.05685764927561725,3,0.0,none,0.2,0.016451200744284633,0.016451200744284633,0.0,2
augonly,erm,True,0.013108363273591314,0.004859008169160348,2.3609960387967e-05,0.01781915796154679,0.019592674568852837,0.027223080953895588,-0.05685764927561725,3,0.25,ratio,0.02,0.017587073367472447,0.016451200744284633,0.125,10
augonly,erm,True,0.013108363273591314,0.004859008169160348,2.3609960387967e-05,0.01781915796154679,0.019592674568852837,0.027223080953895588,-0.05685764927561725,3,0.25,ratio,0.05,0.017587073367472447,0.016451200744284633,0.125,4
augonly,erm,True,0.013108363273591314,0.004859008169160348,2.3609960387967e-05,0.01781915796154679,0.019592674568852837,0.027223080953895588,-0.05685764927561725,3,0.25,ratio,0.1,0.017587073367472447,0.016451200744284633,0.125,3
augonly,erm,True,0.013108363273591314,0.004859008169160348,2.3609960387967e-05,0.01781915796154679,0.019592674568852837,0.027223080953895588,-0.05685764927561725,3,0.25,ratio,0.2,0.017587073367472447,0.016451200744284633,0.125,3
augonly,erm,True,0.013108363273591314,0.004859008169160348,2.3609960387967e-05,0.01781915796154679,0.019592674568852837,0.027223080953895588,-0.05685764927561725,3,0.25,design,0.02,0.017587073367472447,0.016451200744284633,0.125,
augonly,erm,True,0.013108363273591314,0.004859008169160348,2.3609960387967e-05,0.01781915796154679,0.019592674568852837,0.027223080953895588,-0.05685764927561725,3,0.25,design,0.05,0.017587073367472447,0.016451200744284633,0.125,4
augonly,erm,True,0.013108363273591314,0.004859008169160348,2.3609960387967e-05,0.01781915796154679,0.019592674568852837,0.027223080953895588,-0.05685764927561725,3,0.25,design,0.1,0.017587073367472447,0.016451200744284633,0.125,3
augonly,erm,True,0.013108363273591314,0.004859008169160348,2.3609960387967e-05,0.01781915796154679,0.019592674568852837,0.027223080953895588,-0.05685764927561725,3,0.25,design,0.2,0.017587073367472447,0.016451200744284633,0.125,3
augonly,erm,True,0.013108363273591314,0.004859008169160348,2.3609960387967e-05,0.01781915796154679,0.019592674568852837,0.027223080953895588,-0.05685764927561725,3,0.5,ratio,0.02,0.01899621035641061,0.016451200744284633,0.25,13
augonly,erm,True,0.013108363273591314,0.004859008169160348,2.3609960387967e-05,0.01781915796154679,0.019592674568852837,0.027223080953895588,-0.05685764927561725,3,0.5,ratio,0.05,0.01899621035641061,0.016451200744284633,0.25,4
augonly,erm,True,0.013108363273591314,0.004859008169160348,2.3609960387967e-05,0.01781915796154679,0.019592674568852837,0.027223080953895588,-0.05685764927561725,3,0.5,ratio,0.1,0.01899621035641061,0.016451200744284633,0.25,3
augonly,erm,True,0.013108363273591314,0.004859008169160348,2.3609960387967e-05,0.01781915796154679,0.019592674568852837,0.027223080953895588,-0.05685764927561725,3,0.5,ratio,0.2,0.01899621035641061,0.016451200744284633,0.25,3
augonly,erm,True,0.013108363273591314,0.004859008169160348,2.3609960387967e-05,0.01781915796154679,0.019592674568852837,0.027223080953895588,-0.05685764927561725,3,0.5,design,0.02,0.01899621035641061,0.016451200744284633,0.25,
augonly,erm,True,0.013108363273591314,0.004859008169160348,2.3609960387967e-05,0.01781915796154679,0.019592674568852837,0.027223080953895588,-0.05685764927561725,3,0.5,design,0.05,0.01899621035641061,0.016451200744284633,0.25,6
augonly,erm,True,0.013108363273591314,0.004859008169160348,2.3609960387967e-05,0.01781915796154679,0.019592674568852837,0.027223080953895588,-0.05685764927561725,3,0.5,design,0.1,0.01899621035641061,0.016451200744284633,0.25,3
augonly,erm,True,0.013108363273591314,0.004859008169160348,2.3609960387967e-05,0.01781915796154679,0.019592674568852837,0.027223080953895588,-0.05685764927561725,3,0.5,design,0.2,0.01899621035641061,0.016451200744284633,0.25,3
augonly,erm,True,0.013108363273591314,0.004859008169160348,2.3609960387967e-05,0.01781915796154679,0.019592674568852837,0.027223080953895588,-0.05685764927561725,5,0.0,none,0.02,0.013108363273591312,0.013108363273591312,0.0,6
augonly,erm,True,0.013108363273591314,0.004859008169160348,2.3609960387967e-05,0.01781915796154679,0.019592674568852837,0.027223080953895588,-0.05685764927561725,5,0.0,none,0.05,0.013108363273591312,0.013108363273591312,0.0,3
augonly,erm,True,0.013108363273591314,0.004859008169160348,2.3609960387967e-05,0.01781915796154679,0.019592674568852837,0.027223080953895588,-0.05685764927561725,5,0.0,none,0.1,0.013108363273591312,0.013108363273591312,0.0,3
augonly,erm,True,0.013108363273591314,0.004859008169160348,2.3609960387967e-05,0.01781915796154679,0.019592674568852837,0.027223080953895588,-0.05685764927561725,5,0.0,none,0.2,0.013108363273591312,0.013108363273591312,0.0,2
augonly,erm,True,0.013108363273591314,0.004859008169160348,2.3609960387967e-05,0.01781915796154679,0.019592674568852837,0.027223080953895588,-0.05685764927561725,5,0.25,ratio,0.02,0.014013429791756907,0.013108363273591312,0.125,7
augonly,erm,True,0.013108363273591314,0.004859008169160348,2.3609960387967e-05,0.01781915796154679,0.019592674568852837,0.027223080953895588,-0.05685764927561725,5,0.25,ratio,0.05,0.014013429791756907,0.013108363273591312,0.125,4
augonly,erm,True,0.013108363273591314,0.004859008169160348,2.3609960387967e-05,0.01781915796154679,0.019592674568852837,0.027223080953895588,-0.05685764927561725,5,0.25,ratio,0.1,0.014013429791756907,0.013108363273591312,0.125,3
augonly,erm,True,0.013108363273591314,0.004859008169160348,2.3609960387967e-05,0.01781915796154679,0.019592674568852837,0.027223080953895588,-0.05685764927561725,5,0.25,ratio,0.2,0.014013429791756907,0.013108363273591312,0.125,2
augonly,erm,True,0.013108363273591314,0.004859008169160348,2.3609960387967e-05,0.01781915796154679,0.019592674568852837,0.027223080953895588,-0.05685764927561725,5,0.25,design,0.02,0.014013429791756907,0.013108363273591312,0.125,106
augonly,erm,True,0.013108363273591314,0.004859008169160348,2.3609960387967e-05,0.01781915796154679,0.019592674568852837,0.027223080953895588,-0.05685764927561725,5,0.25,design,0.05,0.014013429791756907,0.013108363273591312,0.125,4
augonly,erm,True,0.013108363273591314,0.004859008169160348,2.3609960387967e-05,0.01781915796154679,0.019592674568852837,0.027223080953895588,-0.05685764927561725,5,0.25,design,0.1,0.014013429791756907,0.013108363273591312,0.125,3
augonly,erm,True,0.013108363273591314,0.004859008169160348,2.3609960387967e-05,0.01781915796154679,0.019592674568852837,0.027223080953895588,-0.05685764927561725,5,0.25,design,0.2,0.014013429791756907,0.013108363273591312,0.125,2
augonly,erm,True,0.013108363273591314,0.004859008169160348,2.3609960387967e-05,0.01781915796154679,0.019592674568852837,0.027223080953895588,-0.05685764927561725,5,0.5,ratio,0.02,0.015136234129286698,0.013108363273591312,0.25,9
augonly,erm,True,0.013108363273591314,0.004859008169160348,2.3609960387967e-05,0.01781915796154679,0.019592674568852837,0.027223080953895588,-0.05685764927561725,5,0.5,ratio,0.05,0.015136234129286698,0.013108363273591312,0.25,4
augonly,erm,True,0.013108363273591314,0.004859008169160348,2.3609960387967e-05,0.01781915796154679,0.019592674568852837,0.027223080953895588,-0.05685764927561725,5,0.5,ratio,0.1,0.015136234129286698,0.013108363273591312,0.25,3
augonly,erm,True,0.013108363273591314,0.004859008169160348,2.3609960387967e-05,0.01781915796154679,0.019592674568852837,0.027223080953895588,-0.05685764927561725,5,0.5,ratio,0.2,0.015136234129286698,0.013108363273591312,0.25,3
augonly,erm,True,0.013108363273591314,0.004859008169160348,2.3609960387967e-05,0.01781915796154679,0.019592674568852837,0.027223080953895588,-0.05685764927561725,5,0.5,design,0.02,0.015136234129286698,0.013108363273591312,0.25,
augonly,erm,True,0.013108363273591314,0.004859008169160348,2.3609960387967e-05,0.01781915796154679,0.019592674568852837,0.027223080953895588,-0.05685764927561725,5,0.5,design,0.05,0.015136234129286698,0.013108363273591312,0.25,4
augonly,erm,True,0.013108363273591314,0.004859008169160348,2.3609960387967e-05,0.01781915796154679,0.019592674568852837,0.027223080953895588,-0.05685764927561725,5,0.5,design,0.1,0.015136234129286698,0.013108363273591312,0.25,3
augonly,erm,True,0.013108363273591314,0.004859008169160348,2.3609960387967e-05,0.01781915796154679,0.019592674568852837,0.027223080953895588,-0.05685764927561725,5,0.5,design,0.2,0.015136234129286698,0.013108363273591312,0.25,2
augonly,erm,True,0.013108363273591314,0.004859008169160348,2.3609960387967e-05,0.01781915796154679,0.019592674568852837,0.027223080953895588,-0.05685764927561725,10,0.0,none,0.02,0.009885321140468946,0.009885321140468946,0.0,5
augonly,erm,True,0.013108363273591314,0.004859008169160348,2.3609960387967e-05,0.01781915796154679,0.019592674568852837,0.027223080953895588,-0.05685764927561725,10,0.0,none,0.05,0.009885321140468946,0.009885321140468946,0.0,3
augonly,erm,True,0.013108363273591314,0.004859008169160348,2.3609960387967e-05,0.01781915796154679,0.019592674568852837,0.027223080953895588,-0.05685764927561725,10,0.0,none,0.1,0.009885321140468946,0.009885321140468946,0.0,3
augonly,erm,True,0.013108363273591314,0.004859008169160348,2.3609960387967e-05,0.01781915796154679,0.019592674568852837,0.027223080953895588,-0.05685764927561725,10,0.0,none,0.2,0.009885321140468946,0.009885321140468946,0.0,2
augonly,erm,True,0.013108363273591314,0.004859008169160348,2.3609960387967e-05,0.01781915796154679,0.019592674568852837,0.027223080953895588,-0.05685764927561725,10,0.25,ratio,0.02,0.010567852818819496,0.009885321140468946,0.125,5
augonly,erm,True,0.013108363273591314,0.004859008169160348,2.3609960387967e-05,0.01781915796154679,0.019592674568852837,0.027223080953895588,-0.05685764927561725,10,0.25,ratio,0.05,0.010567852818819496,0.009885321140468946,0.125,3
augonly,erm,True,0.013108363273591314,0.004859008169160348,2.3609960387967e-05,0.01781915796154679,0.019592674568852837,0.027223080953895588,-0.05685764927561725,10,0.25,ratio,0.1,0.010567852818819496,0.009885321140468946,0.125,3
augonly,erm,True,0.013108363273591314,0.004859008169160348,2.3609960387967e-05,0.01781915796154679,0.019592674568852837,0.027223080953895588,-0.05685764927561725,10,0.25,ratio,0.2,0.010567852818819496,0.009885321140468946,0.125,2
augonly,erm,True,0.013108363273591314,0.004859008169160348,2.3609960387967e-05,0.01781915796154679,0.019592674568852837,0.027223080953895588,-0.05685764927561725,10,0.25,design,0.02,0.010567852818819496,0.009885321140468946,0.125,8
augonly,erm,True,0.013108363273591314,0.004859008169160348,2.3609960387967e-05,0.01781915796154679,0.019592674568852837,0.027223080953895588,-0.05685764927561725,10,0.25,design,0.05,0.010567852818819496,0.009885321140468946,0.125,3
augonly,erm,True,0.013108363273591314,0.004859008169160348,2.3609960387967e-05,0.01781915796154679,0.019592674568852837,0.027223080953895588,-0.05685764927561725,10,0.25,design,0.1,0.010567852818819496,0.009885321140468946,0.125,3
augonly,erm,True,0.013108363273591314,0.004859008169160348,2.3609960387967e-05,0.01781915796154679,0.019592674568852837,0.027223080953895588,-0.05685764927561725,10,0.25,design,0.2,0.010567852818819496,0.009885321140468946,0.125,2
augonly,erm,True,0.013108363273591314,0.004859008169160348,2.3609960387967e-05,0.01781915796154679,0.019592674568852837,0.027223080953895588,-0.05685764927561725,10,0.5,ratio,0.02,0.011414585642951289,0.009885321140468946,0.25,7
augonly,erm,True,0.013108363273591314,0.004859008169160348,2.3609960387967e-05,0.01781915796154679,0.019592674568852837,0.027223080953895588,-0.05685764927561725,10,0.5,ratio,0.05,0.011414585642951289,0.009885321140468946,0.25,3
augonly,erm,True,0.013108363273591314,0.004859008169160348,2.3609960387967e-05,0.01781915796154679,0.019592674568852837,0.027223080953895588,-0.05685764927561725,10,0.5,ratio,0.1,0.011414585642951289,0.009885321140468946,0.25,3
augonly,erm,True,0.013108363273591314,0.004859008169160348,2.3609960387967e-05,0.01781915796154679,0.019592674568852837,0.027223080953895588,-0.05685764927561725,10,0.5,ratio,0.2,0.011414585642951289,0.009885321140468946,0.25,2
augonly,erm,True,0.013108363273591314,0.004859008169160348,2.3609960387967e-05,0.01781915796154679,0.019592674568852837,0.027223080953895588,-0.05685764927561725,10,0.5,design,0.02,0.011414585642951289,0.009885321140468946,0.25,
augonly,erm,True,0.013108363273591314,0.004859008169160348,2.3609960387967e-05,0.01781915796154679,0.019592674568852837,0.027223080953895588,-0.05685764927561725,10,0.5,design,0.05,0.011414585642951289,0.009885321140468946,0.25,3
augonly,erm,True,0.013108363273591314,0.004859008169160348,2.3609960387967e-05,0.01781915796154679,0.019592674568852837,0.027223080953895588,-0.05685764927561725,10,0.5,design,0.1,0.011414585642951289,0.009885321140468946,0.25,3
augonly,erm,True,0.013108363273591314,0.004859008169160348,2.3609960387967e-05,0.01781915796154679,0.019592674568852837,0.027223080953895588,-0.05685764927561725,10,0.5,design,0.2,0.011414585642951289,0.009885321140468946,0.25,2
compute_matched,erm,True,0.00890848847432118,0.0022904002625870404,5.245933362858784e-06,0.012204279321411562,0.019592674568852837,0.01925035500117524,0.3392541671504113,1,0.0,none,0.02,0.01938613166761568,0.01938613166761568,0.0,10
compute_matched,erm,True,0.00890848847432118,0.0022904002625870404,5.245933362858784e-06,0.012204279321411562,0.019592674568852837,0.01925035500117524,0.3392541671504113,1,0.0,none,0.05,0.01938613166761568,0.01938613166761568,0.0,4
compute_matched,erm,True,0.00890848847432118,0.0022904002625870404,5.245933362858784e-06,0.012204279321411562,0.019592674568852837,0.01925035500117524,0.3392541671504113,1,0.0,none,0.1,0.01938613166761568,0.01938613166761568,0.0,3
compute_matched,erm,True,0.00890848847432118,0.0022904002625870404,5.245933362858784e-06,0.012204279321411562,0.019592674568852837,0.01925035500117524,0.3392541671504113,1,0.0,none,0.2,0.01938613166761568,0.01938613166761568,0.0,3
compute_matched,erm,True,0.00890848847432118,0.0022904002625870404,5.245933362858784e-06,0.012204279321411562,0.019592674568852837,0.01925035500117524,0.3392541671504113,1,0.25,ratio,0.02,0.02072464650145898,0.01938613166761568,0.125,13
compute_matched,erm,True,0.00890848847432118,0.0022904002625870404,5.245933362858784e-06,0.012204279321411562,0.019592674568852837,0.01925035500117524,0.3392541671504113,1,0.25,ratio,0.05,0.02072464650145898,0.01938613166761568,0.125,4
compute_matched,erm,True,0.00890848847432118,0.0022904002625870404,5.245933362858784e-06,0.012204279321411562,0.019592674568852837,0.01925035500117524,0.3392541671504113,1,0.25,ratio,0.1,0.02072464650145898,0.01938613166761568,0.125,3
compute_matched,erm,True,0.00890848847432118,0.0022904002625870404,5.245933362858784e-06,0.012204279321411562,0.019592674568852837,0.01925035500117524,0.3392541671504113,1,0.25,ratio,0.2,0.02072464650145898,0.01938613166761568,0.125,3
compute_matched,erm,True,0.00890848847432118,0.0022904002625870404,5.245933362858784e-06,0.012204279321411562,0.019592674568852837,0.01925035500117524,0.3392541671504113,1,0.25,design,0.02,0.02072464650145898,0.01938613166761568,0.125,
compute_matched,erm,True,0.00890848847432118,0.0022904002625870404,5.245933362858784e-06,0.012204279321411562,0.019592674568852837,0.01925035500117524,0.3392541671504113,1,0.25,design,0.05,0.02072464650145898,0.01938613166761568,0.125,5
compute_matched,erm,True,0.00890848847432118,0.0022904002625870404,5.245933362858784e-06,0.012204279321411562,0.019592674568852837,0.01925035500117524,0.3392541671504113,1,0.25,design,0.1,0.02072464650145898,0.01938613166761568,0.125,3
compute_matched,erm,True,0.00890848847432118,0.0022904002625870404,5.245933362858784e-06,0.012204279321411562,0.019592674568852837,0.01925035500117524,0.3392541671504113,1,0.25,design,0.2,0.02072464650145898,0.01938613166761568,0.125,3
compute_matched,erm,True,0.00890848847432118,0.0022904002625870404,5.245933362858784e-06,0.012204279321411562,0.019592674568852837,0.01925035500117524,0.3392541671504113,1,0.5,ratio,0.02,0.022385176673686884,0.01938613166761568,0.25,17
compute_matched,erm,True,0.00890848847432118,0.0022904002625870404,5.245933362858784e-06,0.012204279321411562,0.019592674568852837,0.01925035500117524,0.3392541671504113,1,0.5,ratio,0.05,0.022385176673686884,0.01938613166761568,0.25,5
compute_matched,erm,True,0.00890848847432118,0.0022904002625870404,5.245933362858784e-06,0.012204279321411562,0.019592674568852837,0.01925035500117524,0.3392541671504113,1,0.5,ratio,0.1,0.022385176673686884,0.01938613166761568,0.25,3
compute_matched,erm,True,0.00890848847432118,0.0022904002625870404,5.245933362858784e-06,0.012204279321411562,0.019592674568852837,0.01925035500117524,0.3392541671504113,1,0.5,ratio,0.2,0.022385176673686884,0.01938613166761568,0.25,3
compute_matched,erm,True,0.00890848847432118,0.0022904002625870404,5.245933362858784e-06,0.012204279321411562,0.019592674568852837,0.01925035500117524,0.3392541671504113,1,0.5,design,0.02,0.022385176673686884,0.01938613166761568,0.25,
compute_matched,erm,True,0.00890848847432118,0.0022904002625870404,5.245933362858784e-06,0.012204279321411562,0.019592674568852837,0.01925035500117524,0.3392541671504113,1,0.5,design,0.05,0.022385176673686884,0.01938613166761568,0.25,10
compute_matched,erm,True,0.00890848847432118,0.0022904002625870404,5.245933362858784e-06,0.012204279321411562,0.019592674568852837,0.01925035500117524,0.3392541671504113,1,0.5,design,0.1,0.022385176673686884,0.01938613166761568,0.25,3
compute_matched,erm,True,0.00890848847432118,0.0022904002625870404,5.245933362858784e-06,0.012204279321411562,0.019592674568852837,0.01925035500117524,0.3392541671504113,1,0.5,design,0.2,0.022385176673686884,0.01938613166761568,0.25,3
compute_matched,erm,True,0.00890848847432118,0.0022904002625870404,5.245933362858784e-06,0.012204279321411562,0.019592674568852837,0.01925035500117524,0.3392541671504113,3,0.0,none,0.02,0.011347745264439818,0.011347745264439818,0.0,5
compute_matched,erm,True,0.00890848847432118,0.0022904002625870404,5.245933362858784e-06,0.012204279321411562,0.019592674568852837,0.01925035500117524,0.3392541671504113,3,0.0,none,0.05,0.011347745264439818,0.011347745264439818,0.0,3
compute_matched,erm,True,0.00890848847432118,0.0022904002625870404,5.245933362858784e-06,0.012204279321411562,0.019592674568852837,0.01925035500117524,0.3392541671504113,3,0.0,none,0.1,0.011347745264439818,0.011347745264439818,0.0,3
compute_matched,erm,True,0.00890848847432118,0.0022904002625870404,5.245933362858784e-06,0.012204279321411562,0.019592674568852837,0.01925035500117524,0.3392541671504113,3,0.0,none,0.2,0.011347745264439818,0.011347745264439818,0.0,2
compute_matched,erm,True,0.00890848847432118,0.0022904002625870404,5.245933362858784e-06,0.012204279321411562,0.019592674568852837,0.01925035500117524,0.3392541671504113,3,0.25,ratio,0.02,0.012131249969120074,0.011347745264439818,0.125,6
compute_matched,erm,True,0.00890848847432118,0.0022904002625870404,5.245933362858784e-06,0.012204279321411562,0.019592674568852837,0.01925035500117524,0.3392541671504113,3,0.25,ratio,0.05,0.012131249969120074,0.011347745264439818,0.125,3
compute_matched,erm,True,0.00890848847432118,0.0022904002625870404,5.245933362858784e-06,0.012204279321411562,0.019592674568852837,0.01925035500117524,0.3392541671504113,3,0.25,ratio,0.1,0.012131249969120074,0.011347745264439818,0.125,3
compute_matched,erm,True,0.00890848847432118,0.0022904002625870404,5.245933362858784e-06,0.012204279321411562,0.019592674568852837,0.01925035500117524,0.3392541671504113,3,0.25,ratio,0.2,0.012131249969120074,0.011347745264439818,0.125,2
compute_matched,erm,True,0.00890848847432118,0.0022904002625870404,5.245933362858784e-06,0.012204279321411562,0.019592674568852837,0.01925035500117524,0.3392541671504113,3,0.25,design,0.02,0.012131249969120074,0.011347745264439818,0.125,13
compute_matched,erm,True,0.00890848847432118,0.0022904002625870404,5.245933362858784e-06,0.012204279321411562,0.019592674568852837,0.01925035500117524,0.3392541671504113,3,0.25,design,0.05,0.012131249969120074,0.011347745264439818,0.125,3
compute_matched,erm,True,0.00890848847432118,0.0022904002625870404,5.245933362858784e-06,0.012204279321411562,0.019592674568852837,0.01925035500117524,0.3392541671504113,3,0.25,design,0.1,0.012131249969120074,0.011347745264439818,0.125,3
compute_matched,erm,True,0.00890848847432118,0.0022904002625870404,5.245933362858784e-06,0.012204279321411562,0.019592674568852837,0.01925035500117524,0.3392541671504113,3,0.25,design,0.2,0.012131249969120074,0.011347745264439818,0.125,2
compute_matched,erm,True,0.00890848847432118,0.0022904002625870404,5.245933362858784e-06,0.012204279321411562,0.019592674568852837,0.01925035500117524,0.3392541671504113,3,0.5,ratio,0.02,0.01310324756623926,0.011347745264439818,0.25,8
compute_matched,erm,True,0.00890848847432118,0.0022904002625870404,5.245933362858784e-06,0.012204279321411562,0.019592674568852837,0.01925035500117524,0.3392541671504113,3,0.5,ratio,0.05,0.01310324756623926,0.011347745264439818,0.25,4
compute_matched,erm,True,0.00890848847432118,0.0022904002625870404,5.245933362858784e-06,0.012204279321411562,0.019592674568852837,0.01925035500117524,0.3392541671504113,3,0.5,ratio,0.1,0.01310324756623926,0.011347745264439818,0.25,3
compute_matched,erm,True,0.00890848847432118,0.0022904002625870404,5.245933362858784e-06,0.012204279321411562,0.019592674568852837,0.01925035500117524,0.3392541671504113,3,0.5,ratio,0.2,0.01310324756623926,0.011347745264439818,0.25,2
compute_matched,erm,True,0.00890848847432118,0.0022904002625870404,5.245933362858784e-06,0.012204279321411562,0.019592674568852837,0.01925035500117524,0.3392541671504113,3,0.5,design,0.02,0.01310324756623926,0.011347745264439818,0.25,
compute_matched,erm,True,0.00890848847432118,0.0022904002625870404,5.245933362858784e-06,0.012204279321411562,0.019592674568852837,0.01925035500117524,0.3392541671504113,3,0.5,design,0.05,0.01310324756623926,0.011347745264439818,0.25,4
compute_matched,erm,True,0.00890848847432118,0.0022904002625870404,5.245933362858784e-06,0.012204279321411562,0.019592674568852837,0.01925035500117524,0.3392541671504113,3,0.5,design,0.1,0.01310324756623926,0.011347745264439818,0.25,3
compute_matched,erm,True,0.00890848847432118,0.0022904002625870404,5.245933362858784e-06,0.012204279321411562,0.019592674568852837,0.01925035500117524,0.3392541671504113,3,0.5,design,0.2,0.01310324756623926,0.011347745264439818,0.25,2
compute_matched,erm,True,0.00890848847432118,0.0022904002625870404,5.245933362858784e-06,0.012204279321411562,0.019592674568852837,0.01925035500117524,0.3392541671504113,5,0.0,none,0.02,0.00890848847432118,0.00890848847432118,0.0,4
compute_matched,erm,True,0.00890848847432118,0.0022904002625870404,5.245933362858784e-06,0.012204279321411562,0.019592674568852837,0.01925035500117524,0.3392541671504113,5,0.0,none,0.05,0.00890848847432118,0.00890848847432118,0.0,3
compute_matched,erm,True,0.00890848847432118,0.0022904002625870404,5.245933362858784e-06,0.012204279321411562,0.019592674568852837,0.01925035500117524,0.3392541671504113,5,0.0,none,0.1,0.00890848847432118,0.00890848847432118,0.0,3
compute_matched,erm,True,0.00890848847432118,0.0022904002625870404,5.245933362858784e-06,0.012204279321411562,0.019592674568852837,0.01925035500117524,0.3392541671504113,5,0.0,none,0.2,0.00890848847432118,0.00890848847432118,0.0,2
compute_matched,erm,True,0.00890848847432118,0.0022904002625870404,5.245933362858784e-06,0.012204279321411562,0.019592674568852837,0.01925035500117524,0.3392541671504113,5,0.25,ratio,0.02,0.00952357477283839,0.00890848847432118,0.125,5
compute_matched,erm,True,0.00890848847432118,0.0022904002625870404,5.245933362858784e-06,0.012204279321411562,0.019592674568852837,0.01925035500117524,0.3392541671504113,5,0.25,ratio,0.05,0.00952357477283839,0.00890848847432118,0.125,3
compute_matched,erm,True,0.00890848847432118,0.0022904002625870404,5.245933362858784e-06,0.012204279321411562,0.019592674568852837,0.01925035500117524,0.3392541671504113,5,0.25,ratio,0.1,0.00952357477283839,0.00890848847432118,0.125,3
compute_matched,erm,True,0.00890848847432118,0.0022904002625870404,5.245933362858784e-06,0.012204279321411562,0.019592674568852837,0.01925035500117524,0.3392541671504113,5,0.25,ratio,0.2,0.00952357477283839,0.00890848847432118,0.125,2
compute_matched,erm,True,0.00890848847432118,0.0022904002625870404,5.245933362858784e-06,0.012204279321411562,0.019592674568852837,0.01925035500117524,0.3392541671504113,5,0.25,design,0.02,0.00952357477283839,0.00890848847432118,0.125,6
compute_matched,erm,True,0.00890848847432118,0.0022904002625870404,5.245933362858784e-06,0.012204279321411562,0.019592674568852837,0.01925035500117524,0.3392541671504113,5,0.25,design,0.05,0.00952357477283839,0.00890848847432118,0.125,3
compute_matched,erm,True,0.00890848847432118,0.0022904002625870404,5.245933362858784e-06,0.012204279321411562,0.019592674568852837,0.01925035500117524,0.3392541671504113,5,0.25,design,0.1,0.00952357477283839,0.00890848847432118,0.125,3
compute_matched,erm,True,0.00890848847432118,0.0022904002625870404,5.245933362858784e-06,0.012204279321411562,0.019592674568852837,0.01925035500117524,0.3392541671504113,5,0.25,design,0.2,0.00952357477283839,0.00890848847432118,0.125,2
compute_matched,erm,True,0.00890848847432118,0.0022904002625870404,5.245933362858784e-06,0.012204279321411562,0.019592674568852837,0.01925035500117524,0.3392541671504113,5,0.5,ratio,0.02,0.010286636437444025,0.00890848847432118,0.25,6
compute_matched,erm,True,0.00890848847432118,0.0022904002625870404,5.245933362858784e-06,0.012204279321411562,0.019592674568852837,0.01925035500117524,0.3392541671504113,5,0.5,ratio,0.05,0.010286636437444025,0.00890848847432118,0.25,3
compute_matched,erm,True,0.00890848847432118,0.0022904002625870404,5.245933362858784e-06,0.012204279321411562,0.019592674568852837,0.01925035500117524,0.3392541671504113,5,0.5,ratio,0.1,0.010286636437444025,0.00890848847432118,0.25,3
compute_matched,erm,True,0.00890848847432118,0.0022904002625870404,5.245933362858784e-06,0.012204279321411562,0.019592674568852837,0.01925035500117524,0.3392541671504113,5,0.5,ratio,0.2,0.010286636437444025,0.00890848847432118,0.25,2
compute_matched,erm,True,0.00890848847432118,0.0022904002625870404,5.245933362858784e-06,0.012204279321411562,0.019592674568852837,0.01925035500117524,0.3392541671504113,5,0.5,design,0.02,0.010286636437444025,0.00890848847432118,0.25,
compute_matched,erm,True,0.00890848847432118,0.0022904002625870404,5.245933362858784e-06,0.012204279321411562,0.019592674568852837,0.01925035500117524,0.3392541671504113,5,0.5,design,0.05,0.010286636437444025,0.00890848847432118,0.25,3
compute_matched,erm,True,0.00890848847432118,0.0022904002625870404,5.245933362858784e-06,0.012204279321411562,0.019592674568852837,0.01925035500117524,0.3392541671504113,5,0.5,design,0.1,0.010286636437444025,0.00890848847432118,0.25,3
compute_matched,erm,True,0.00890848847432118,0.0022904002625870404,5.245933362858784e-06,0.012204279321411562,0.019592674568852837,0.01925035500117524,0.3392541671504113,5,0.5,design,0.2,0.010286636437444025,0.00890848847432118,0.25,2
compute_matched,erm,True,0.00890848847432118,0.0022904002625870404,5.245933362858784e-06,0.012204279321411562,0.019592674568852837,0.01925035500117524,0.3392541671504113,10,0.0,none,0.02,0.006504117936352787,0.006504117936352787,0.0,4
compute_matched,erm,True,0.00890848847432118,0.0022904002625870404,5.245933362858784e-06,0.012204279321411562,0.019592674568852837,0.01925035500117524,0.3392541671504113,10,0.0,none,0.05,0.006504117936352787,0.006504117936352787,0.0,3
compute_matched,erm,True,0.00890848847432118,0.0022904002625870404,5.245933362858784e-06,0.012204279321411562,0.019592674568852837,0.01925035500117524,0.3392541671504113,10,0.0,none,0.1,0.006504117936352787,0.006504117936352787,0.0,2
compute_matched,erm,True,0.00890848847432118,0.0022904002625870404,5.245933362858784e-06,0.012204279321411562,0.019592674568852837,0.01925035500117524,0.3392541671504113,10,0.0,none,0.2,0.006504117936352787,0.006504117936352787,0.0,2
compute_matched,erm,True,0.00890848847432118,0.0022904002625870404,5.245933362858784e-06,0.012204279321411562,0.019592674568852837,0.01925035500117524,0.3392541671504113,10,0.25,ratio,0.02,0.006953194548858083,0.006504117936352787,0.125,4
compute_matched,erm,True,0.00890848847432118,0.0022904002625870404,5.245933362858784e-06,0.012204279321411562,0.019592674568852837,0.01925035500117524,0.3392541671504113,10,0.25,ratio,0.05,0.006953194548858083,0.006504117936352787,0.125,3
compute_matched,erm,True,0.00890848847432118,0.0022904002625870404,5.245933362858784e-06,0.012204279321411562,0.019592674568852837,0.01925035500117524,0.3392541671504113,10,0.25,ratio,0.1,0.006953194548858083,0.006504117936352787,0.125,2
compute_matched,erm,True,0.00890848847432118,0.0022904002625870404,5.245933362858784e-06,0.012204279321411562,0.019592674568852837,0.01925035500117524,0.3392541671504113,10,0.25,ratio,0.2,0.006953194548858083,0.006504117936352787,0.125,2
compute_matched,erm,True,0.00890848847432118,0.0022904002625870404,5.245933362858784e-06,0.012204279321411562,0.019592674568852837,0.01925035500117524,0.3392541671504113,10,0.25,design,0.02,0.006953194548858083,0.006504117936352787,0.125,4
compute_matched,erm,True,0.00890848847432118,0.0022904002625870404,5.245933362858784e-06,0.012204279321411562,0.019592674568852837,0.01925035500117524,0.3392541671504113,10,0.25,design,0.05,0.006953194548858083,0.006504117936352787,0.125,3
compute_matched,erm,True,0.00890848847432118,0.0022904002625870404,5.245933362858784e-06,0.012204279321411562,0.019592674568852837,0.01925035500117524,0.3392541671504113,10,0.25,design,0.1,0.006953194548858083,0.006504117936352787,0.125,2
compute_matched,erm,True,0.00890848847432118,0.0022904002625870404,5.245933362858784e-06,0.012204279321411562,0.019592674568852837,0.01925035500117524,0.3392541671504113,10,0.25,design,0.2,0.006953194548858083,0.006504117936352787,0.125,2
compute_matched,erm,True,0.00890848847432118,0.0022904002625870404,5.245933362858784e-06,0.012204279321411562,0.019592674568852837,0.01925035500117524,0.3392541671504113,10,0.5,ratio,0.02,0.00751030848278871,0.006504117936352787,0.25,4
compute_matched,erm,True,0.00890848847432118,0.0022904002625870404,5.245933362858784e-06,0.012204279321411562,0.019592674568852837,0.01925035500117524,0.3392541671504113,10,0.5,ratio,0.05,0.00751030848278871,0.006504117936352787,0.25,3
compute_matched,erm,True,0.00890848847432118,0.0022904002625870404,5.245933362858784e-06,0.012204279321411562,0.019592674568852837,0.01925035500117524,0.3392541671504113,10,0.5,ratio,0.1,0.00751030848278871,0.006504117936352787,0.25,3
compute_matched,erm,True,0.00890848847432118,0.0022904002625870404,5.245933362858784e-06,0.012204279321411562,0.019592674568852837,0.01925035500117524,0.3392541671504113,10,0.5,ratio,0.2,0.00751030848278871,0.006504117936352787,0.25,2
compute_matched,erm,True,0.00890848847432118,0.0022904002625870404,5.245933362858784e-06,0.012204279321411562,0.019592674568852837,0.01925035500117524,0.3392541671504113,10,0.5,design,0.02,0.00751030848278871,0.006504117936352787,0.25,5
compute_matched,erm,True,0.00890848847432118,0.0022904002625870404,5.245933362858784e-06,0.012204279321411562,0.019592674568852837,0.01925035500117524,0.3392541671504113,10,0.5,design,0.05,0.00751030848278871,0.006504117936352787,0.25,3
compute_matched,erm,True,0.00890848847432118,0.0022904002625870404,5.245933362858784e-06,0.012204279321411562,0.019592674568852837,0.01925035500117524,0.3392541671504113,10,0.5,design,0.1,0.00751030848278871,0.006504117936352787,0.25,2
compute_matched,erm,True,0.00890848847432118,0.0022904002625870404,5.245933362858784e-06,0.012204279321411562,0.019592674568852837,0.01925035500117524,0.3392541671504113,10,0.5,design,0.2,0.00751030848278871,0.006504117936352787,0.25,2
coral,erm,True,0.014676372408012625,0.010459040788250102,0.0001093915342102793,0.017256301935920842,0.019592674568852837,0.023022203722536536,0.2242417716587511,1,0.0,none,0.02,0.02528662489246547,0.02528662489246547,0.0,15
coral,erm,True,0.014676372408012625,0.010459040788250102,0.0001093915342102793,0.017256301935920842,0.019592674568852837,0.023022203722536536,0.2242417716587511,1,0.0,none,0.05,0.02528662489246547,0.02528662489246547,0.0,5
coral,erm,True,0.014676372408012625,0.010459040788250102,0.0001093915342102793,0.017256301935920842,0.019592674568852837,0.023022203722536536,0.2242417716587511,1,0.0,none,0.1,0.02528662489246547,0.02528662489246547,0.0,3
coral,erm,True,0.014676372408012625,0.010459040788250102,0.0001093915342102793,0.017256301935920842,0.019592674568852837,0.023022203722536536,0.2242417716587511,1,0.0,none,0.2,0.02528662489246547,0.02528662489246547,0.0,3
coral,erm,True,0.014676372408012625,0.010459040788250102,0.0001093915342102793,0.017256301935920842,0.019592674568852837,0.023022203722536536,0.2242417716587511,1,0.25,ratio,0.02,0.027032539090135786,0.02528662489246547,0.125,20
coral,erm,True,0.014676372408012625,0.010459040788250102,0.0001093915342102793,0.017256301935920842,0.019592674568852837,0.023022203722536536,0.2242417716587511,1,0.25,ratio,0.05,0.027032539090135786,0.02528662489246547,0.125,6
coral,erm,True,0.014676372408012625,0.010459040788250102,0.0001093915342102793,0.017256301935920842,0.019592674568852837,0.023022203722536536,0.2242417716587511,1,0.25,ratio,0.1,0.027032539090135786,0.02528662489246547,0.125,3
coral,erm,True,0.014676372408012625,0.010459040788250102,0.0001093915342102793,0.017256301935920842,0.019592674568852837,0.023022203722536536,0.2242417716587511,1,0.25,ratio,0.2,0.027032539090135786,0.02528662489246547,0.125,3
coral,erm,True,0.014676372408012625,0.010459040788250102,0.0001093915342102793,0.017256301935920842,0.019592674568852837,0.023022203722536536,0.2242417716587511,1,0.25,design,0.02,0.027032539090135786,0.02528662489246547,0.125,
coral,erm,True,0.014676372408012625,0.010459040788250102,0.0001093915342102793,0.017256301935920842,0.019592674568852837,0.023022203722536536,0.2242417716587511,1,0.25,design,0.05,0.027032539090135786,0.02528662489246547,0.125,8
coral,erm,True,0.014676372408012625,0.010459040788250102,0.0001093915342102793,0.017256301935920842,0.019592674568852837,0.023022203722536536,0.2242417716587511,1,0.25,design,0.1,0.027032539090135786,0.02528662489246547,0.125,3
coral,erm,True,0.014676372408012625,0.010459040788250102,0.0001093915342102793,0.017256301935920842,0.019592674568852837,0.023022203722536536,0.2242417716587511,1,0.25,design,0.2,0.027032539090135786,0.02528662489246547,0.125,3
coral,erm,True,0.014676372408012625,0.010459040788250102,0.0001093915342102793,0.017256301935920842,0.019592674568852837,0.023022203722536536,0.2242417716587511,1,0.5,ratio,0.02,0.029198479377124064,0.02528662489246547,0.25,28
coral,erm,True,0.014676372408012625,0.010459040788250102,0.0001093915342102793,0.017256301935920842,0.019592674568852837,0.023022203722536536,0.2242417716587511,1,0.5,ratio,0.05,0.029198479377124064,0.02528662489246547,0.25,7
coral,erm,True,0.014676372408012625,0.010459040788250102,0.0001093915342102793,0.017256301935920842,0.019592674568852837,0.023022203722536536,0.2242417716587511,1,0.5,ratio,0.1,0.029198479377124064,0.02528662489246547,0.25,4
coral,erm,True,0.014676372408012625,0.010459040788250102,0.0001093915342102793,0.017256301935920842,0.019592674568852837,0.023022203722536536,0.2242417716587511,1,0.5,ratio,0.2,0.029198479377124064,0.02528662489246547,0.25,3
coral,erm,True,0.014676372408012625,0.010459040788250102,0.0001093915342102793,0.017256301935920842,0.019592674568852837,0.023022203722536536,0.2242417716587511,1,0.5,design,0.02,0.029198479377124064,0.02528662489246547,0.25,
coral,erm,True,0.014676372408012625,0.010459040788250102,0.0001093915342102793,0.017256301935920842,0.019592674568852837,0.023022203722536536,0.2242417716587511,1,0.5,design,0.05,0.029198479377124064,0.02528662489246547,0.25,
coral,erm,True,0.014676372408012625,0.010459040788250102,0.0001093915342102793,0.017256301935920842,0.019592674568852837,0.023022203722536536,0.2242417716587511,1,0.5,design,0.1,0.029198479377124064,0.02528662489246547,0.25,4
coral,erm,True,0.014676372408012625,0.010459040788250102,0.0001093915342102793,0.017256301935920842,0.019592674568852837,0.023022203722536536,0.2242417716587511,1,0.5,design,0.2,0.029198479377124064,0.02528662489246547,0.25,3
coral,erm,True,0.014676372408012625,0.010459040788250102,0.0001093915342102793,0.017256301935920842,0.019592674568852837,0.023022203722536536,0.2242417716587511,3,0.0,none,0.02,0.01691347063608189,0.01691347063608189,0.0,8
coral,erm,True,0.014676372408012625,0.010459040788250102,0.0001093915342102793,0.017256301935920842,0.019592674568852837,0.023022203722536536,0.2242417716587511,3,0.0,none,0.05,0.01691347063608189,0.01691347063608189,0.0,4
coral,erm,True,0.014676372408012625,0.010459040788250102,0.0001093915342102793,0.017256301935920842,0.019592674568852837,0.023022203722536536,0.2242417716587511,3,0.0,none,0.1,0.01691347063608189,0.01691347063608189,0.0,3
coral,erm,True,0.014676372408012625,0.010459040788250102,0.0001093915342102793,0.017256301935920842,0.019592674568852837,0.023022203722536536,0.2242417716587511,3,0.0,none,0.2,0.01691347063608189,0.01691347063608189,0.0,2
coral,erm,True,0.014676372408012625,0.010459040788250102,0.0001093915342102793,0.017256301935920842,0.019592674568852837,0.023022203722536536,0.2242417716587511,3,0.25,ratio,0.02,0.01808126066899427,0.01691347063608189,0.125,11
coral,erm,True,0.014676372408012625,0.010459040788250102,0.0001093915342102793,0.017256301935920842,0.019592674568852837,0.023022203722536536,0.2242417716587511,3,0.25,ratio,0.05,0.01808126066899427,0.01691347063608189,0.125,4
coral,erm,True,0.014676372408012625,0.010459040788250102,0.0001093915342102793,0.017256301935920842,0.019592674568852837,0.023022203722536536,0.2242417716587511,3,0.25,ratio,0.1,0.01808126066899427,0.01691347063608189,0.125,3
coral,erm,True,0.014676372408012625,0.010459040788250102,0.0001093915342102793,0.017256301935920842,0.019592674568852837,0.023022203722536536,0.2242417716587511,3,0.25,ratio,0.2,0.01808126066899427,0.01691347063608189,0.125,3
coral,erm,True,0.014676372408012625,0.010459040788250102,0.0001093915342102793,0.017256301935920842,0.019592674568852837,0.023022203722536536,0.2242417716587511,3,0.25,design,0.02,0.01808126066899427,0.01691347063608189,0.125,
coral,erm,True,0.014676372408012625,0.010459040788250102,0.0001093915342102793,0.017256301935920842,0.019592674568852837,0.023022203722536536,0.2242417716587511,3,0.25,design,0.05,0.01808126066899427,0.01691347063608189,0.125,4
coral,erm,True,0.014676372408012625,0.010459040788250102,0.0001093915342102793,0.017256301935920842,0.019592674568852837,0.023022203722536536,0.2242417716587511,3,0.25,design,0.1,0.01808126066899427,0.01691347063608189,0.125,3
coral,erm,True,0.014676372408012625,0.010459040788250102,0.0001093915342102793,0.017256301935920842,0.019592674568852837,0.023022203722536536,0.2242417716587511,3,0.25,design,0.2,0.01808126066899427,0.01691347063608189,0.125,3
coral,erm,True,0.014676372408012625,0.010459040788250102,0.0001093915342102793,0.017256301935920842,0.019592674568852837,0.023022203722536536,0.2242417716587511,3,0.5,ratio,0.02,0.01952999364934542,0.01691347063608189,0.25,14
coral,erm,True,0.014676372408012625,0.010459040788250102,0.0001093915342102793,0.017256301935920842,0.019592674568852837,0.023022203722536536,0.2242417716587511,3,0.5,ratio,0.05,0.01952999364934542,0.01691347063608189,0.25,5
coral,erm,True,0.014676372408012625,0.010459040788250102,0.0001093915342102793,0.017256301935920842,0.019592674568852837,0.023022203722536536,0.2242417716587511,3,0.5,ratio,0.1,0.01952999364934542,0.01691347063608189,0.25,3
coral,erm,True,0.014676372408012625,0.010459040788250102,0.0001093915342102793,0.017256301935920842,0.019592674568852837,0.023022203722536536,0.2242417716587511,3,0.5,ratio,0.2,0.01952999364934542,0.01691347063608189,0.25,3
coral,erm,True,0.014676372408012625,0.010459040788250102,0.0001093915342102793,0.017256301935920842,0.019592674568852837,0.023022203722536536,0.2242417716587511,3,0.5,design,0.02,0.01952999364934542,0.01691347063608189,0.25,
coral,erm,True,0.014676372408012625,0.010459040788250102,0.0001093915342102793,0.017256301935920842,0.019592674568852837,0.023022203722536536,0.2242417716587511,3,0.5,design,0.05,0.01952999364934542,0.01691347063608189,0.25,6
coral,erm,True,0.014676372408012625,0.010459040788250102,0.0001093915342102793,0.017256301935920842,0.019592674568852837,0.023022203722536536,0.2242417716587511,3,0.5,design,0.1,0.01952999364934542,0.01691347063608189,0.25,3
coral,erm,True,0.014676372408012625,0.010459040788250102,0.0001093915342102793,0.017256301935920842,0.019592674568852837,0.023022203722536536,0.2242417716587511,3,0.5,design,0.2,0.01952999364934542,0.01691347063608189,0.25,3
coral,erm,True,0.014676372408012625,0.010459040788250102,0.0001093915342102793,0.017256301935920842,0.019592674568852837,0.023022203722536536,0.2242417716587511,5,0.0,none,0.02,0.014676372408012625,0.014676372408012625,0.0,7
coral,erm,True,0.014676372408012625,0.010459040788250102,0.0001093915342102793,0.017256301935920842,0.019592674568852837,0.023022203722536536,0.2242417716587511,5,0.0,none,0.05,0.014676372408012625,0.014676372408012625,0.0,3
coral,erm,True,0.014676372408012625,0.010459040788250102,0.0001093915342102793,0.017256301935920842,0.019592674568852837,0.023022203722536536,0.2242417716587511,5,0.0,none,0.1,0.014676372408012625,0.014676372408012625,0.0,3
coral,erm,True,0.014676372408012625,0.010459040788250102,0.0001093915342102793,0.017256301935920842,0.019592674568852837,0.023022203722536536,0.2242417716587511,5,0.0,none,0.2,0.014676372408012625,0.014676372408012625,0.0,2
coral,erm,True,0.014676372408012625,0.010459040788250102,0.0001093915342102793,0.017256301935920842,0.019592674568852837,0.023022203722536536,0.2242417716587511,5,0.25,ratio,0.02,0.01568970206613877,0.014676372408012625,0.125,9
coral,erm,True,0.014676372408012625,0.010459040788250102,0.0001093915342102793,0.017256301935920842,0.019592674568852837,0.023022203722536536,0.2242417716587511,5,0.25,ratio,0.05,0.01568970206613877,0.014676372408012625,0.125,4
coral,erm,True,0.014676372408012625,0.010459040788250102,0.0001093915342102793,0.017256301935920842,0.019592674568852837,0.023022203722536536,0.2242417716587511,5,0.25,ratio,0.1,0.01568970206613877,0.014676372408012625,0.125,3
coral,erm,True,0.014676372408012625,0.010459040788250102,0.0001093915342102793,0.017256301935920842,0.019592674568852837,0.023022203722536536,0.2242417716587511,5,0.25,ratio,0.2,0.01568970206613877,0.014676372408012625,0.125,3
coral,erm,True,0.014676372408012625,0.010459040788250102,0.0001093915342102793,0.017256301935920842,0.019592674568852837,0.023022203722536536,0.2242417716587511,5,0.25,design,0.02,0.01568970206613877,0.014676372408012625,0.125,
coral,erm,True,0.014676372408012625,0.010459040788250102,0.0001093915342102793,0.017256301935920842,0.019592674568852837,0.023022203722536536,0.2242417716587511,5,0.25,design,0.05,0.01568970206613877,0.014676372408012625,0.125,4
coral,erm,True,0.014676372408012625,0.010459040788250102,0.0001093915342102793,0.017256301935920842,0.019592674568852837,0.023022203722536536,0.2242417716587511,5,0.25,design,0.1,0.01568970206613877,0.014676372408012625,0.125,3
coral,erm,True,0.014676372408012625,0.010459040788250102,0.0001093915342102793,0.017256301935920842,0.019592674568852837,0.023022203722536536,0.2242417716587511,5,0.25,design,0.2,0.01568970206613877,0.014676372408012625,0.125,2
coral,erm,True,0.014676372408012625,0.010459040788250102,0.0001093915342102793,0.017256301935920842,0.019592674568852837,0.023022203722536536,0.2242417716587511,5,0.5,ratio,0.02,0.016946815120986572,0.014676372408012625,0.25,11
coral,erm,True,0.014676372408012625,0.010459040788250102,0.0001093915342102793,0.017256301935920842,0.019592674568852837,0.023022203722536536,0.2242417716587511,5,0.5,ratio,0.05,0.016946815120986572,0.014676372408012625,0.25,4
coral,erm,True,0.014676372408012625,0.010459040788250102,0.0001093915342102793,0.017256301935920842,0.019592674568852837,0.023022203722536536,0.2242417716587511,5,0.5,ratio,0.1,0.016946815120986572,0.014676372408012625,0.25,3
coral,erm,True,0.014676372408012625,0.010459040788250102,0.0001093915342102793,0.017256301935920842,0.019592674568852837,0.023022203722536536,0.2242417716587511,5,0.5,ratio,0.2,0.016946815120986572,0.014676372408012625,0.25,3
coral,erm,True,0.014676372408012625,0.010459040788250102,0.0001093915342102793,0.017256301935920842,0.019592674568852837,0.023022203722536536,0.2242417716587511,5,0.5,design,0.02,0.016946815120986572,0.014676372408012625,0.25,
coral,erm,True,0.014676372408012625,0.010459040788250102,0.0001093915342102793,0.017256301935920842,0.019592674568852837,0.023022203722536536,0.2242417716587511,5,0.5,design,0.05,0.016946815120986572,0.014676372408012625,0.25,5
coral,erm,True,0.014676372408012625,0.010459040788250102,0.0001093915342102793,0.017256301935920842,0.019592674568852837,0.023022203722536536,0.2242417716587511,5,0.5,design,0.1,0.016946815120986572,0.014676372408012625,0.25,3
coral,erm,True,0.014676372408012625,0.010459040788250102,0.0001093915342102793,0.017256301935920842,0.019592674568852837,0.023022203722536536,0.2242417716587511,5,0.5,design,0.2,0.016946815120986572,0.014676372408012625,0.25,2
coral,erm,True,0.014676372408012625,0.010459040788250102,0.0001093915342102793,0.017256301935920842,0.019592674568852837,0.023022203722536536,0.2242417716587511,10,0.0,none,0.02,0.012743379482479394,0.012743379482479394,0.0,6
coral,erm,True,0.014676372408012625,0.010459040788250102,0.0001093915342102793,0.017256301935920842,0.019592674568852837,0.023022203722536536,0.2242417716587511,10,0.0,none,0.05,0.012743379482479394,0.012743379482479394,0.0,3
coral,erm,True,0.014676372408012625,0.010459040788250102,0.0001093915342102793,0.017256301935920842,0.019592674568852837,0.023022203722536536,0.2242417716587511,10,0.0,none,0.1,0.012743379482479394,0.012743379482479394,0.0,3
coral,erm,True,0.014676372408012625,0.010459040788250102,0.0001093915342102793,0.017256301935920842,0.019592674568852837,0.023022203722536536,0.2242417716587511,10,0.0,none,0.2,0.012743379482479394,0.012743379482479394,0.0,2
coral,erm,True,0.014676372408012625,0.010459040788250102,0.0001093915342102793,0.017256301935920842,0.019592674568852837,0.023022203722536536,0.2242417716587511,10,0.25,ratio,0.02,0.013623245706595004,0.012743379482479394,0.125,7
coral,erm,True,0.014676372408012625,0.010459040788250102,0.0001093915342102793,0.017256301935920842,0.019592674568852837,0.023022203722536536,0.2242417716587511,10,0.25,ratio,0.05,0.013623245706595004,0.012743379482479394,0.125,3
coral,erm,True,0.014676372408012625,0.010459040788250102,0.0001093915342102793,0.017256301935920842,0.019592674568852837,0.023022203722536536,0.2242417716587511,10,0.25,ratio,0.1,0.013623245706595004,0.012743379482479394,0.125,3
coral,erm,True,0.014676372408012625,0.010459040788250102,0.0001093915342102793,0.017256301935920842,0.019592674568852837,0.023022203722536536,0.2242417716587511,10,0.25,ratio,0.2,0.013623245706595004,0.012743379482479394,0.125,2
coral,erm,True,0.014676372408012625,0.010459040788250102,0.0001093915342102793,0.017256301935920842,0.019592674568852837,0.023022203722536536,0.2242417716587511,10,0.25,design,0.02,0.013623245706595004,0.012743379482479394,0.125,43
coral,erm,True,0.014676372408012625,0.010459040788250102,0.0001093915342102793,0.017256301935920842,0.019592674568852837,0.023022203722536536,0.2242417716587511,10,0.25,design,0.05,0.013623245706595004,0.012743379482479394,0.125,3
coral,erm,True,0.014676372408012625,0.010459040788250102,0.0001093915342102793,0.017256301935920842,0.019592674568852837,0.023022203722536536,0.2242417716587511,10,0.25,design,0.1,0.013623245706595004,0.012743379482479394,0.125,3
coral,erm,True,0.014676372408012625,0.010459040788250102,0.0001093915342102793,0.017256301935920842,0.019592674568852837,0.023022203722536536,0.2242417716587511,10,0.25,design,0.2,0.013623245706595004,0.012743379482479394,0.125,2
coral,erm,True,0.014676372408012625,0.010459040788250102,0.0001093915342102793,0.017256301935920842,0.019592674568852837,0.023022203722536536,0.2242417716587511,10,0.5,ratio,0.02,0.014714787149190065,0.012743379482479394,0.25,9
coral,erm,True,0.014676372408012625,0.010459040788250102,0.0001093915342102793,0.017256301935920842,0.019592674568852837,0.023022203722536536,0.2242417716587511,10,0.5,ratio,0.05,0.014714787149190065,0.012743379482479394,0.25,4
coral,erm,True,0.014676372408012625,0.010459040788250102,0.0001093915342102793,0.017256301935920842,0.019592674568852837,0.023022203722536536,0.2242417716587511,10,0.5,ratio,0.1,0.014714787149190065,0.012743379482479394,0.25,3
coral,erm,True,0.014676372408012625,0.010459040788250102,0.0001093915342102793,0.017256301935920842,0.019592674568852837,0.023022203722536536,0.2242417716587511,10,0.5,ratio,0.2,0.014714787149190065,0.012743379482479394,0.25,3
coral,erm,True,0.014676372408012625,0.010459040788250102,0.0001093915342102793,0.017256301935920842,0.019592674568852837,0.023022203722536536,0.2242417716587511,10,0.5,design,0.02,0.014714787149190065,0.012743379482479394,0.25,
coral,erm,True,0.014676372408012625,0.010459040788250102,0.0001093915342102793,0.017256301935920842,0.019592674568852837,0.023022203722536536,0.2242417716587511,10,0.5,design,0.05,0.014714787149190065,0.012743379482479394,0.25,4
coral,erm,True,0.014676372408012625,0.010459040788250102,0.0001093915342102793,0.017256301935920842,0.019592674568852837,0.023022203722536536,0.2242417716587511,10,0.5,design,0.1,0.014714787149190065,0.012743379482479394,0.25,3
coral,erm,True,0.014676372408012625,0.010459040788250102,0.0001093915342102793,0.017256301935920842,0.019592674568852837,0.023022203722536536,0.2242417716587511,10,0.5,design,0.2,0.014714787149190065,0.012743379482479394,0.25,2
fish,erm,True,0.02954710813067738,0.02563586619782832,0.0006571976357129567,0.0199683775399672,0.019592674568852837,0.03285072017269825,-0.3790070342013682,1,0.0,none,0.02,0.04166974263872865,0.04166974263872865,0.0,37
fish,erm,True,0.02954710813067738,0.02563586619782832,0.0006571976357129567,0.0199683775399672,0.019592674568852837,0.03285072017269825,-0.3790070342013682,1,0.0,none,0.05,0.04166974263872865,0.04166974263872865,0.0,8
fish,erm,True,0.02954710813067738,0.02563586619782832,0.0006571976357129567,0.0199683775399672,0.019592674568852837,0.03285072017269825,-0.3790070342013682,1,0.0,none,0.1,0.04166974263872865,0.04166974263872865,0.0,4
fish,erm,True,0.02954710813067738,0.02563586619782832,0.0006571976357129567,0.0199683775399672,0.019592674568852837,0.03285072017269825,-0.3790070342013682,1,0.0,none,0.2,0.04166974263872865,0.04166974263872865,0.0,3
fish,erm,True,0.02954710813067738,0.02563586619782832,0.0006571976357129567,0.0199683775399672,0.019592674568852837,0.03285072017269825,-0.3790070342013682,1,0.25,ratio,0.02,0.04454682867119089,0.04166974263872865,0.125,51
fish,erm,True,0.02954710813067738,0.02563586619782832,0.0006571976357129567,0.0199683775399672,0.019592674568852837,0.03285072017269825,-0.3790070342013682,1,0.25,ratio,0.05,0.04454682867119089,0.04166974263872865,0.125,10
fish,erm,True,0.02954710813067738,0.02563586619782832,0.0006571976357129567,0.0199683775399672,0.019592674568852837,0.03285072017269825,-0.3790070342013682,1,0.25,ratio,0.1,0.04454682867119089,0.04166974263872865,0.125,5
fish,erm,True,0.02954710813067738,0.02563586619782832,0.0006571976357129567,0.0199683775399672,0.019592674568852837,0.03285072017269825,-0.3790070342013682,1,0.25,ratio,0.2,0.04454682867119089,0.04166974263872865,0.125,3
fish,erm,True,0.02954710813067738,0.02563586619782832,0.0006571976357129567,0.0199683775399672,0.019592674568852837,0.03285072017269825,-0.3790070342013682,1,0.25,design,0.02,0.04454682867119089,0.04166974263872865,0.125,
fish,erm,True,0.02954710813067738,0.02563586619782832,0.0006571976357129567,0.0199683775399672,0.019592674568852837,0.03285072017269825,-0.3790070342013682,1,0.25,design,0.05,0.04454682867119089,0.04166974263872865,0.125,
fish,erm,True,0.02954710813067738,0.02563586619782832,0.0006571976357129567,0.0199683775399672,0.019592674568852837,0.03285072017269825,-0.3790070342013682,1,0.25,design,0.1,0.04454682867119089,0.04166974263872865,0.125,5
fish,erm,True,0.02954710813067738,0.02563586619782832,0.0006571976357129567,0.0199683775399672,0.019592674568852837,0.03285072017269825,-0.3790070342013682,1,0.25,design,0.2,0.04454682867119089,0.04166974263872865,0.125,3
fish,erm,True,0.02954710813067738,0.02563586619782832,0.0006571976357129567,0.0199683775399672,0.019592674568852837,0.03285072017269825,-0.3790070342013682,1,0.5,ratio,0.02,0.04811607425906483,0.04166974263872865,0.25,71
fish,erm,True,0.02954710813067738,0.02563586619782832,0.0006571976357129567,0.0199683775399672,0.019592674568852837,0.03285072017269825,-0.3790070342013682,1,0.5,ratio,0.05,0.04811607425906483,0.04166974263872865,0.25,13
fish,erm,True,0.02954710813067738,0.02563586619782832,0.0006571976357129567,0.0199683775399672,0.019592674568852837,0.03285072017269825,-0.3790070342013682,1,0.5,ratio,0.1,0.04811607425906483,0.04166974263872865,0.25,5
fish,erm,True,0.02954710813067738,0.02563586619782832,0.0006571976357129567,0.0199683775399672,0.019592674568852837,0.03285072017269825,-0.3790070342013682,1,0.5,ratio,0.2,0.04811607425906483,0.04166974263872865,0.25,3
fish,erm,True,0.02954710813067738,0.02563586619782832,0.0006571976357129567,0.0199683775399672,0.019592674568852837,0.03285072017269825,-0.3790070342013682,1,0.5,design,0.02,0.04811607425906483,0.04166974263872865,0.25,
fish,erm,True,0.02954710813067738,0.02563586619782832,0.0006571976357129567,0.0199683775399672,0.019592674568852837,0.03285072017269825,-0.3790070342013682,1,0.5,design,0.05,0.04811607425906483,0.04166974263872865,0.25,
fish,erm,True,0.02954710813067738,0.02563586619782832,0.0006571976357129567,0.0199683775399672,0.019592674568852837,0.03285072017269825,-0.3790070342013682,1,0.5,design,0.1,0.04811607425906483,0.04166974263872865,0.25,22
fish,erm,True,0.02954710813067738,0.02563586619782832,0.0006571976357129567,0.0199683775399672,0.019592674568852837,0.03285072017269825,-0.3790070342013682,1,0.5,design,0.2,0.04811607425906483,0.04166974263872865,0.25,3
fish,erm,True,0.02954710813067738,0.02563586619782832,0.0006571976357129567,0.0199683775399672,0.019592674568852837,0.03285072017269825,-0.3790070342013682,3,0.0,none,0.02,0.0318891973506379,0.0318891973506379,0.0,22
fish,erm,True,0.02954710813067738,0.02563586619782832,0.0006571976357129567,0.0199683775399672,0.019592674568852837,0.03285072017269825,-0.3790070342013682,3,0.0,none,0.05,0.0318891973506379,0.0318891973506379,0.0,6
fish,erm,True,0.02954710813067738,0.02563586619782832,0.0006571976357129567,0.0199683775399672,0.019592674568852837,0.03285072017269825,-0.3790070342013682,3,0.0,none,0.1,0.0318891973506379,0.0318891973506379,0.0,4
fish,erm,True,0.02954710813067738,0.02563586619782832,0.0006571976357129567,0.0199683775399672,0.019592674568852837,0.03285072017269825,-0.3790070342013682,3,0.0,none,0.2,0.0318891973506379,0.0318891973506379,0.0,3
fish,erm,True,0.02954710813067738,0.02563586619782832,0.0006571976357129567,0.0199683775399672,0.019592674568852837,0.03285072017269825,-0.3790070342013682,3,0.25,ratio,0.02,0.03409098595008752,0.0318891973506379,0.125,31
fish,erm,True,0.02954710813067738,0.02563586619782832,0.0006571976357129567,0.0199683775399672,0.019592674568852837,0.03285072017269825,-0.3790070342013682,3,0.25,ratio,0.05,0.03409098595008752,0.0318891973506379,0.125,7
fish,erm,True,0.02954710813067738,0.02563586619782832,0.0006571976357129567,0.0199683775399672,0.019592674568852837,0.03285072017269825,-0.3790070342013682,3,0.25,ratio,0.1,0.03409098595008752,0.0318891973506379,0.125,4
fish,erm,True,0.02954710813067738,0.02563586619782832,0.0006571976357129567,0.0199683775399672,0.019592674568852837,0.03285072017269825,-0.3790070342013682,3,0.25,ratio,0.2,0.03409098595008752,0.0318891973506379,0.125,3
fish,erm,True,0.02954710813067738,0.02563586619782832,0.0006571976357129567,0.0199683775399672,0.019592674568852837,0.03285072017269825,-0.3790070342013682,3,0.25,design,0.02,0.03409098595008752,0.0318891973506379,0.125,
fish,erm,True,0.02954710813067738,0.02563586619782832,0.0006571976357129567,0.0199683775399672,0.019592674568852837,0.03285072017269825,-0.3790070342013682,3,0.25,design,0.05,0.03409098595008752,0.0318891973506379,0.125,44
fish,erm,True,0.02954710813067738,0.02563586619782832,0.0006571976357129567,0.0199683775399672,0.019592674568852837,0.03285072017269825,-0.3790070342013682,3,0.25,design,0.1,0.03409098595008752,0.0318891973506379,0.125,4
fish,erm,True,0.02954710813067738,0.02563586619782832,0.0006571976357129567,0.0199683775399672,0.019592674568852837,0.03285072017269825,-0.3790070342013682,3,0.25,design,0.2,0.03409098595008752,0.0318891973506379,0.125,3
fish,erm,True,0.02954710813067738,0.02563586619782832,0.0006571976357129567,0.0199683775399672,0.019592674568852837,0.03285072017269825,-0.3790070342013682,3,0.5,ratio,0.02,0.036822473349263786,0.0318891973506379,0.25,42
fish,erm,True,0.02954710813067738,0.02563586619782832,0.0006571976357129567,0.0199683775399672,0.019592674568852837,0.03285072017269825,-0.3790070342013682,3,0.5,ratio,0.05,0.036822473349263786,0.0318891973506379,0.25,9
fish,erm,True,0.02954710813067738,0.02563586619782832,0.0006571976357129567,0.0199683775399672,0.019592674568852837,0.03285072017269825,-0.3790070342013682,3,0.5,ratio,0.1,0.036822473349263786,0.0318891973506379,0.25,4
fish,erm,True,0.02954710813067738,0.02563586619782832,0.0006571976357129567,0.0199683775399672,0.019592674568852837,0.03285072017269825,-0.3790070342013682,3,0.5,ratio,0.2,0.036822473349263786,0.0318891973506379,0.25,3
fish,erm,True,0.02954710813067738,0.02563586619782832,0.0006571976357129567,0.0199683775399672,0.019592674568852837,0.03285072017269825,-0.3790070342013682,3,0.5,design,0.02,0.036822473349263786,0.0318891973506379,0.25,
fish,erm,True,0.02954710813067738,0.02563586619782832,0.0006571976357129567,0.0199683775399672,0.019592674568852837,0.03285072017269825,-0.3790070342013682,3,0.5,design,0.05,0.036822473349263786,0.0318891973506379,0.25,
fish,erm,True,0.02954710813067738,0.02563586619782832,0.0006571976357129567,0.0199683775399672,0.019592674568852837,0.03285072017269825,-0.3790070342013682,3,0.5,design,0.1,0.036822473349263786,0.0318891973506379,0.25,5
fish,erm,True,0.02954710813067738,0.02563586619782832,0.0006571976357129567,0.0199683775399672,0.019592674568852837,0.03285072017269825,-0.3790070342013682,3,0.5,design,0.2,0.036822473349263786,0.0318891973506379,0.25,3
fish,erm,True,0.02954710813067738,0.02563586619782832,0.0006571976357129567,0.0199683775399672,0.019592674568852837,0.03285072017269825,-0.3790070342013682,5,0.0,none,0.02,0.02954710813067738,0.02954710813067738,0.0,20
fish,erm,True,0.02954710813067738,0.02563586619782832,0.0006571976357129567,0.0199683775399672,0.019592674568852837,0.03285072017269825,-0.3790070342013682,5,0.0,none,0.05,0.02954710813067738,0.02954710813067738,0.0,5
fish,erm,True,0.02954710813067738,0.02563586619782832,0.0006571976357129567,0.0199683775399672,0.019592674568852837,0.03285072017269825,-0.3790070342013682,5,0.0,none,0.1,0.02954710813067738,0.02954710813067738,0.0,3
fish,erm,True,0.02954710813067738,0.02563586619782832,0.0006571976357129567,0.0199683775399672,0.019592674568852837,0.03285072017269825,-0.3790070342013682,5,0.0,none,0.2,0.02954710813067738,0.02954710813067738,0.0,3
fish,erm,True,0.02954710813067738,0.02563586619782832,0.0006571976357129567,0.0199683775399672,0.019592674568852837,0.03285072017269825,-0.3790070342013682,5,0.25,ratio,0.02,0.031587187255702115,0.02954710813067738,0.125,27
fish,erm,True,0.02954710813067738,0.02563586619782832,0.0006571976357129567,0.0199683775399672,0.019592674568852837,0.03285072017269825,-0.3790070342013682,5,0.25,ratio,0.05,0.031587187255702115,0.02954710813067738,0.125,7
fish,erm,True,0.02954710813067738,0.02563586619782832,0.0006571976357129567,0.0199683775399672,0.019592674568852837,0.03285072017269825,-0.3790070342013682,5,0.25,ratio,0.1,0.031587187255702115,0.02954710813067738,0.125,4
fish,erm,True,0.02954710813067738,0.02563586619782832,0.0006571976357129567,0.0199683775399672,0.019592674568852837,0.03285072017269825,-0.3790070342013682,5,0.25,ratio,0.2,0.031587187255702115,0.02954710813067738,0.125,3
fish,erm,True,0.02954710813067738,0.02563586619782832,0.0006571976357129567,0.0199683775399672,0.019592674568852837,0.03285072017269825,-0.3790070342013682,5,0.25,design,0.02,0.031587187255702115,0.02954710813067738,0.125,
fish,erm,True,0.02954710813067738,0.02563586619782832,0.0006571976357129567,0.0199683775399672,0.019592674568852837,0.03285072017269825,-0.3790070342013682,5,0.25,design,0.05,0.031587187255702115,0.02954710813067738,0.125,17
fish,erm,True,0.02954710813067738,0.02563586619782832,0.0006571976357129567,0.0199683775399672,0.019592674568852837,0.03285072017269825,-0.3790070342013682,5,0.25,design,0.1,0.031587187255702115,0.02954710813067738,0.125,4
fish,erm,True,0.02954710813067738,0.02563586619782832,0.0006571976357129567,0.0199683775399672,0.019592674568852837,0.03285072017269825,-0.3790070342013682,5,0.25,design,0.2,0.031587187255702115,0.02954710813067738,0.125,3
fish,erm,True,0.02954710813067738,0.02563586619782832,0.0006571976357129567,0.0199683775399672,0.019592674568852837,0.03285072017269825,-0.3790070342013682,5,0.5,ratio,0.02,0.034118061666043135,0.02954710813067738,0.25,37
fish,erm,True,0.02954710813067738,0.02563586619782832,0.0006571976357129567,0.0199683775399672,0.019592674568852837,0.03285072017269825,-0.3790070342013682,5,0.5,ratio,0.05,0.034118061666043135,0.02954710813067738,0.25,8
fish,erm,True,0.02954710813067738,0.02563586619782832,0.0006571976357129567,0.0199683775399672,0.019592674568852837,0.03285072017269825,-0.3790070342013682,5,0.5,ratio,0.1,0.034118061666043135,0.02954710813067738,0.25,4
fish,erm,True,0.02954710813067738,0.02563586619782832,0.0006571976357129567,0.0199683775399672,0.019592674568852837,0.03285072017269825,-0.3790070342013682,5,0.5,ratio,0.2,0.034118061666043135,0.02954710813067738,0.25,3
fish,erm,True,0.02954710813067738,0.02563586619782832,0.0006571976357129567,0.0199683775399672,0.019592674568852837,0.03285072017269825,-0.3790070342013682,5,0.5,design,0.02,0.034118061666043135,0.02954710813067738,0.25,
fish,erm,True,0.02954710813067738,0.02563586619782832,0.0006571976357129567,0.0199683775399672,0.019592674568852837,0.03285072017269825,-0.3790070342013682,5,0.5,design,0.05,0.034118061666043135,0.02954710813067738,0.25,
fish,erm,True,0.02954710813067738,0.02563586619782832,0.0006571976357129567,0.0199683775399672,0.019592674568852837,0.03285072017269825,-0.3790070342013682,5,0.5,design,0.1,0.034118061666043135,0.02954710813067738,0.25,5
fish,erm,True,0.02954710813067738,0.02563586619782832,0.0006571976357129567,0.0199683775399672,0.019592674568852837,0.03285072017269825,-0.3790070342013682,5,0.5,design,0.2,0.034118061666043135,0.02954710813067738,0.25,3
fish,erm,True,0.02954710813067738,0.02563586619782832,0.0006571976357129567,0.0199683775399672,0.019592674568852837,0.03285072017269825,-0.3790070342013682,10,0.0,none,0.02,0.027660705292878,0.027660705292878,0.0,18
fish,erm,True,0.02954710813067738,0.02563586619782832,0.0006571976357129567,0.0199683775399672,0.019592674568852837,0.03285072017269825,-0.3790070342013682,10,0.0,none,0.05,0.027660705292878,0.027660705292878,0.0,5
fish,erm,True,0.02954710813067738,0.02563586619782832,0.0006571976357129567,0.0199683775399672,0.019592674568852837,0.03285072017269825,-0.3790070342013682,10,0.0,none,0.1,0.027660705292878,0.027660705292878,0.0,3
fish,erm,True,0.02954710813067738,0.02563586619782832,0.0006571976357129567,0.0199683775399672,0.019592674568852837,0.03285072017269825,-0.3790070342013682,10,0.0,none,0.2,0.027660705292878,0.027660705292878,0.0,3
fish,erm,True,0.02954710813067738,0.02563586619782832,0.0006571976357129567,0.0199683775399672,0.019592674568852837,0.03285072017269825,-0.3790070342013682,10,0.25,ratio,0.02,0.02957053779499258,0.027660705292878,0.125,24
fish,erm,True,0.02954710813067738,0.02563586619782832,0.0006571976357129567,0.0199683775399672,0.019592674568852837,0.03285072017269825,-0.3790070342013682,10,0.25,ratio,0.05,0.02957053779499258,0.027660705292878,0.125,6
fish,erm,True,0.02954710813067738,0.02563586619782832,0.0006571976357129567,0.0199683775399672,0.019592674568852837,0.03285072017269825,-0.3790070342013682,10,0.25,ratio,0.1,0.02957053779499258,0.027660705292878,0.125,4
fish,erm,True,0.02954710813067738,0.02563586619782832,0.0006571976357129567,0.0199683775399672,0.019592674568852837,0.03285072017269825,-0.3790070342013682,10,0.25,ratio,0.2,0.02957053779499258,0.027660705292878,0.125,3
fish,erm,True,0.02954710813067738,0.02563586619782832,0.0006571976357129567,0.0199683775399672,0.019592674568852837,0.03285072017269825,-0.3790070342013682,10,0.25,design,0.02,0.02957053779499258,0.027660705292878,0.125,
fish,erm,True,0.02954710813067738,0.02563586619782832,0.0006571976357129567,0.0199683775399672,0.019592674568852837,0.03285072017269825,-0.3790070342013682,10,0.25,design,0.05,0.02957053779499258,0.027660705292878,0.125,11
fish,erm,True,0.02954710813067738,0.02563586619782832,0.0006571976357129567,0.0199683775399672,0.019592674568852837,0.03285072017269825,-0.3790070342013682,10,0.25,design,0.1,0.02957053779499258,0.027660705292878,0.125,4
fish,erm,True,0.02954710813067738,0.02563586619782832,0.0006571976357129567,0.0199683775399672,0.019592674568852837,0.03285072017269825,-0.3790070342013682,10,0.25,design,0.2,0.02957053779499258,0.027660705292878,0.125,3
fish,erm,True,0.02954710813067738,0.02563586619782832,0.0006571976357129567,0.0199683775399672,0.019592674568852837,0.03285072017269825,-0.3790070342013682,10,0.5,ratio,0.02,0.03193983129363604,0.027660705292878,0.25,33
fish,erm,True,0.02954710813067738,0.02563586619782832,0.0006571976357129567,0.0199683775399672,0.019592674568852837,0.03285072017269825,-0.3790070342013682,10,0.5,ratio,0.05,0.03193983129363604,0.027660705292878,0.25,7
fish,erm,True,0.02954710813067738,0.02563586619782832,0.0006571976357129567,0.0199683775399672,0.019592674568852837,0.03285072017269825,-0.3790070342013682,10,0.5,ratio,0.1,0.03193983129363604,0.027660705292878,0.25,4
fish,erm,True,0.02954710813067738,0.02563586619782832,0.0006571976357129567,0.0199683775399672,0.019592674568852837,0.03285072017269825,-0.3790070342013682,10,0.5,ratio,0.2,0.03193983129363604,0.027660705292878,0.25,3
fish,erm,True,0.02954710813067738,0.02563586619782832,0.0006571976357129567,0.0199683775399672,0.019592674568852837,0.03285072017269825,-0.3790070342013682,10,0.5,design,0.02,0.03193983129363604,0.027660705292878,0.25,
fish,erm,True,0.02954710813067738,0.02563586619782832,0.0006571976357129567,0.0199683775399672,0.019592674568852837,0.03285072017269825,-0.3790070342013682,10,0.5,design,0.05,0.03193983129363604,0.027660705292878,0.25,
fish,erm,True,0.02954710813067738,0.02563586619782832,0.0006571976357129567,0.0199683775399672,0.019592674568852837,0.03285072017269825,-0.3790070342013682,10,0.5,design,0.1,0.03193983129363604,0.027660705292878,0.25,4
fish,erm,True,0.02954710813067738,0.02563586619782832,0.0006571976357129567,0.0199683775399672,0.019592674568852837,0.03285072017269825,-0.3790070342013682,10,0.5,design,0.2,0.03193983129363604,0.027660705292878,0.25,3
groupdro,erm,True,0.004295043283517543,0.0,-0.00011999783437774445,0.017965157844202363,0.019592674568852837,0.02631019110392716,0.020446350150741692,1,0.0,none,0.02,0.02631019110392716,0.02631019110392716,0.0,16
groupdro,erm,True,0.004295043283517543,0.0,-0.00011999783437774445,0.017965157844202363,0.019592674568852837,0.02631019110392716,0.020446350150741692,1,0.0,none,0.05,0.02631019110392716,0.02631019110392716,0.0,5
groupdro,erm,True,0.004295043283517543,0.0,-0.00011999783437774445,0.017965157844202363,0.019592674568852837,0.02631019110392716,0.020446350150741692,1,0.0,none,0.1,0.02631019110392716,0.02631019110392716,0.0,3
groupdro,erm,True,0.004295043283517543,0.0,-0.00011999783437774445,0.017965157844202363,0.019592674568852837,0.02631019110392716,0.020446350150741692,1,0.0,none,0.2,0.02631019110392716,0.02631019110392716,0.0,3
groupdro,erm,True,0.004295043283517543,0.0,-0.00011999783437774445,0.017965157844202363,0.019592674568852837,0.02631019110392716,0.020446350150741692,1,0.25,ratio,0.02,0.02812677739755517,0.02631019110392716,0.125,22
groupdro,erm,True,0.004295043283517543,0.0,-0.00011999783437774445,0.017965157844202363,0.019592674568852837,0.02631019110392716,0.020446350150741692,1,0.25,ratio,0.05,0.02812677739755517,0.02631019110392716,0.125,6
groupdro,erm,True,0.004295043283517543,0.0,-0.00011999783437774445,0.017965157844202363,0.019592674568852837,0.02631019110392716,0.020446350150741692,1,0.25,ratio,0.1,0.02812677739755517,0.02631019110392716,0.125,4
groupdro,erm,True,0.004295043283517543,0.0,-0.00011999783437774445,0.017965157844202363,0.019592674568852837,0.02631019110392716,0.020446350150741692,1,0.25,ratio,0.2,0.02812677739755517,0.02631019110392716,0.125,3
groupdro,erm,True,0.004295043283517543,0.0,-0.00011999783437774445,0.017965157844202363,0.019592674568852837,0.02631019110392716,0.020446350150741692,1,0.25,design,0.02,0.02812677739755517,0.02631019110392716,0.125,
groupdro,erm,True,0.004295043283517543,0.0,-0.00011999783437774445,0.017965157844202363,0.019592674568852837,0.02631019110392716,0.020446350150741692,1,0.25,design,0.05,0.02812677739755517,0.02631019110392716,0.125,9
groupdro,erm,True,0.004295043283517543,0.0,-0.00011999783437774445,0.017965157844202363,0.019592674568852837,0.02631019110392716,0.020446350150741692,1,0.25,design,0.1,0.02812677739755517,0.02631019110392716,0.125,4
groupdro,erm,True,0.004295043283517543,0.0,-0.00011999783437774445,0.017965157844202363,0.019592674568852837,0.02631019110392716,0.020446350150741692,1,0.25,design,0.2,0.02812677739755517,0.02631019110392716,0.125,3
groupdro,erm,True,0.004295043283517543,0.0,-0.00011999783437774445,0.017965157844202363,0.019592674568852837,0.02631019110392716,0.020446350150741692,1,0.5,ratio,0.02,0.030380391832565686,0.02631019110392716,0.25,30
groupdro,erm,True,0.004295043283517543,0.0,-0.00011999783437774445,0.017965157844202363,0.019592674568852837,0.02631019110392716,0.020446350150741692,1,0.5,ratio,0.05,0.030380391832565686,0.02631019110392716,0.25,7
groupdro,erm,True,0.004295043283517543,0.0,-0.00011999783437774445,0.017965157844202363,0.019592674568852837,0.02631019110392716,0.020446350150741692,1,0.5,ratio,0.1,0.030380391832565686,0.02631019110392716,0.25,4
groupdro,erm,True,0.004295043283517543,0.0,-0.00011999783437774445,0.017965157844202363,0.019592674568852837,0.02631019110392716,0.020446350150741692,1,0.5,ratio,0.2,0.030380391832565686,0.02631019110392716,0.25,3
groupdro,erm,True,0.004295043283517543,0.0,-0.00011999783437774445,0.017965157844202363,0.019592674568852837,0.02631019110392716,0.020446350150741692,1,0.5,design,0.02,0.030380391832565686,0.02631019110392716,0.25,
groupdro,erm,True,0.004295043283517543,0.0,-0.00011999783437774445,0.017965157844202363,0.019592674568852837,0.02631019110392716,0.020446350150741692,1,0.5,design,0.05,0.030380391832565686,0.02631019110392716,0.25,
groupdro,erm,True,0.004295043283517543,0.0,-0.00011999783437774445,0.017965157844202363,0.019592674568852837,0.02631019110392716,0.020446350150741692,1,0.5,design,0.1,0.030380391832565686,0.02631019110392716,0.25,4
groupdro,erm,True,0.004295043283517543,0.0,-0.00011999783437774445,0.017965157844202363,0.019592674568852837,0.02631019110392716,0.020446350150741692,1,0.5,design,0.2,0.030380391832565686,0.02631019110392716,0.25,3
groupdro,erm,True,0.004295043283517543,0.0,-0.00011999783437774445,0.017965157844202363,0.019592674568852837,0.02631019110392716,0.020446350150741692,3,0.0,none,0.02,0.015190195916282843,0.015190195916282843,0.0,7
groupdro,erm,True,0.004295043283517543,0.0,-0.00011999783437774445,0.017965157844202363,0.019592674568852837,0.02631019110392716,0.020446350150741692,3,0.0,none,0.05,0.015190195916282843,0.015190195916282843,0.0,3
groupdro,erm,True,0.004295043283517543,0.0,-0.00011999783437774445,0.017965157844202363,0.019592674568852837,0.02631019110392716,0.020446350150741692,3,0.0,none,0.1,0.015190195916282843,0.015190195916282843,0.0,3
groupdro,erm,True,0.004295043283517543,0.0,-0.00011999783437774445,0.017965157844202363,0.019592674568852837,0.02631019110392716,0.020446350150741692,3,0.0,none,0.2,0.015190195916282843,0.015190195916282843,0.0,2
groupdro,erm,True,0.004295043283517543,0.0,-0.00011999783437774445,0.017965157844202363,0.019592674568852837,0.02631019110392716,0.020446350150741692,3,0.25,ratio,0.02,0.01623900250191516,0.015190195916282843,0.125,9
groupdro,erm,True,0.004295043283517543,0.0,-0.00011999783437774445,0.017965157844202363,0.019592674568852837,0.02631019110392716,0.020446350150741692,3,0.25,ratio,0.05,0.01623900250191516,0.015190195916282843,0.125,4
groupdro,erm,True,0.004295043283517543,0.0,-0.00011999783437774445,0.017965157844202363,0.019592674568852837,0.02631019110392716,0.020446350150741692,3,0.25,ratio,0.1,0.01623900250191516,0.015190195916282843,0.125,3
groupdro,erm,True,0.004295043283517543,0.0,-0.00011999783437774445,0.017965157844202363,0.019592674568852837,0.02631019110392716,0.020446350150741692,3,0.25,ratio,0.2,0.01623900250191516,0.015190195916282843,0.125,3
groupdro,erm,True,0.004295043283517543,0.0,-0.00011999783437774445,0.017965157844202363,0.019592674568852837,0.02631019110392716,0.020446350150741692,3,0.25,design,0.02,0.01623900250191516,0.015190195916282843,0.125,
groupdro,erm,True,0.004295043283517543,0.0,-0.00011999783437774445,0.017965157844202363,0.019592674568852837,0.02631019110392716,0.020446350150741692,3,0.25,design,0.05,0.01623900250191516,0.015190195916282843,0.125,4
groupdro,erm,True,0.004295043283517543,0.0,-0.00011999783437774445,0.017965157844202363,0.019592674568852837,0.02631019110392716,0.020446350150741692,3,0.25,design,0.1,0.01623900250191516,0.015190195916282843,0.125,3
groupdro,erm,True,0.004295043283517543,0.0,-0.00011999783437774445,0.017965157844202363,0.019592674568852837,0.02631019110392716,0.020446350150741692,3,0.25,design,0.2,0.01623900250191516,0.015190195916282843,0.125,2
groupdro,erm,True,0.004295043283517543,0.0,-0.00011999783437774445,0.017965157844202363,0.019592674568852837,0.02631019110392716,0.020446350150741692,3,0.5,ratio,0.02,0.017540127402618108,0.015190195916282843,0.25,12
groupdro,erm,True,0.004295043283517543,0.0,-0.00011999783437774445,0.017965157844202363,0.019592674568852837,0.02631019110392716,0.020446350150741692,3,0.5,ratio,0.05,0.017540127402618108,0.015190195916282843,0.25,4
groupdro,erm,True,0.004295043283517543,0.0,-0.00011999783437774445,0.017965157844202363,0.019592674568852837,0.02631019110392716,0.020446350150741692,3,0.5,ratio,0.1,0.017540127402618108,0.015190195916282843,0.25,3
groupdro,erm,True,0.004295043283517543,0.0,-0.00011999783437774445,0.017965157844202363,0.019592674568852837,0.02631019110392716,0.020446350150741692,3,0.5,ratio,0.2,0.017540127402618108,0.015190195916282843,0.25,3
groupdro,erm,True,0.004295043283517543,0.0,-0.00011999783437774445,0.017965157844202363,0.019592674568852837,0.02631019110392716,0.020446350150741692,3,0.5,design,0.02,0.017540127402618108,0.015190195916282843,0.25,
groupdro,erm,True,0.004295043283517543,0.0,-0.00011999783437774445,0.017965157844202363,0.019592674568852837,0.02631019110392716,0.020446350150741692,3,0.5,design,0.05,0.017540127402618108,0.015190195916282843,0.25,5
groupdro,erm,True,0.004295043283517543,0.0,-0.00011999783437774445,0.017965157844202363,0.019592674568852837,0.02631019110392716,0.020446350150741692,3,0.5,design,0.1,0.017540127402618108,0.015190195916282843,0.25,3
groupdro,erm,True,0.004295043283517543,0.0,-0.00011999783437774445,0.017965157844202363,0.019592674568852837,0.02631019110392716,0.020446350150741692,3,0.5,design,0.2,0.017540127402618108,0.015190195916282843,0.25,3
groupdro,erm,True,0.004295043283517543,0.0,-0.00011999783437774445,0.017965157844202363,0.019592674568852837,0.02631019110392716,0.020446350150741692,5,0.0,none,0.02,0.011766275161878273,0.011766275161878273,0.0,5
groupdro,erm,True,0.004295043283517543,0.0,-0.00011999783437774445,0.017965157844202363,0.019592674568852837,0.02631019110392716,0.020446350150741692,5,0.0,none,0.05,0.011766275161878273,0.011766275161878273,0.0,3
groupdro,erm,True,0.004295043283517543,0.0,-0.00011999783437774445,0.017965157844202363,0.019592674568852837,0.02631019110392716,0.020446350150741692,5,0.0,none,0.1,0.011766275161878273,0.011766275161878273,0.0,3
groupdro,erm,True,0.004295043283517543,0.0,-0.00011999783437774445,0.017965157844202363,0.019592674568852837,0.02631019110392716,0.020446350150741692,5,0.0,none,0.2,0.011766275161878273,0.011766275161878273,0.0,2
groupdro,erm,True,0.004295043283517543,0.0,-0.00011999783437774445,0.017965157844202363,0.019592674568852837,0.02631019110392716,0.020446350150741692,5,0.25,ratio,0.02,0.012578677249787599,0.011766275161878273,0.125,7
groupdro,erm,True,0.004295043283517543,0.0,-0.00011999783437774445,0.017965157844202363,0.019592674568852837,0.02631019110392716,0.020446350150741692,5,0.25,ratio,0.05,0.012578677249787599,0.011766275161878273,0.125,3
groupdro,erm,True,0.004295043283517543,0.0,-0.00011999783437774445,0.017965157844202363,0.019592674568852837,0.02631019110392716,0.020446350150741692,5,0.25,ratio,0.1,0.012578677249787599,0.011766275161878273,0.125,3
groupdro,erm,True,0.004295043283517543,0.0,-0.00011999783437774445,0.017965157844202363,0.019592674568852837,0.02631019110392716,0.020446350150741692,5,0.25,ratio,0.2,0.012578677249787599,0.011766275161878273,0.125,2
groupdro,erm,True,0.004295043283517543,0.0,-0.00011999783437774445,0.017965157844202363,0.019592674568852837,0.02631019110392716,0.020446350150741692,5,0.25,design,0.02,0.012578677249787599,0.011766275161878273,0.125,16
groupdro,erm,True,0.004295043283517543,0.0,-0.00011999783437774445,0.017965157844202363,0.019592674568852837,0.02631019110392716,0.020446350150741692,5,0.25,design,0.05,0.012578677249787599,0.011766275161878273,0.125,3
groupdro,erm,True,0.004295043283517543,0.0,-0.00011999783437774445,0.017965157844202363,0.019592674568852837,0.02631019110392716,0.020446350150741692,5,0.25,design,0.1,0.012578677249787599,0.011766275161878273,0.125,3
groupdro,erm,True,0.004295043283517543,0.0,-0.00011999783437774445,0.017965157844202363,0.019592674568852837,0.02631019110392716,0.020446350150741692,5,0.25,design,0.2,0.012578677249787599,0.011766275161878273,0.125,2
groupdro,erm,True,0.004295043283517543,0.0,-0.00011999783437774445,0.017965157844202363,0.019592674568852837,0.02631019110392716,0.020446350150741692,5,0.5,ratio,0.02,0.013586524264139256,0.011766275161878273,0.25,8
groupdro,erm,True,0.004295043283517543,0.0,-0.00011999783437774445,0.017965157844202363,0.019592674568852837,0.02631019110392716,0.020446350150741692,5,0.5,ratio,0.05,0.013586524264139256,0.011766275161878273,0.25,4
groupdro,erm,True,0.004295043283517543,0.0,-0.00011999783437774445,0.017965157844202363,0.019592674568852837,0.02631019110392716,0.020446350150741692,5,0.5,ratio,0.1,0.013586524264139256,0.011766275161878273,0.25,3
groupdro,erm,True,0.004295043283517543,0.0,-0.00011999783437774445,0.017965157844202363,0.019592674568852837,0.02631019110392716,0.020446350150741692,5,0.5,ratio,0.2,0.013586524264139256,0.011766275161878273,0.25,2
groupdro,erm,True,0.004295043283517543,0.0,-0.00011999783437774445,0.017965157844202363,0.019592674568852837,0.02631019110392716,0.020446350150741692,5,0.5,design,0.02,0.013586524264139256,0.011766275161878273,0.25,
groupdro,erm,True,0.004295043283517543,0.0,-0.00011999783437774445,0.017965157844202363,0.019592674568852837,0.02631019110392716,0.020446350150741692,5,0.5,design,0.05,0.013586524264139256,0.011766275161878273,0.25,4
groupdro,erm,True,0.004295043283517543,0.0,-0.00011999783437774445,0.017965157844202363,0.019592674568852837,0.02631019110392716,0.020446350150741692,5,0.5,design,0.1,0.013586524264139256,0.011766275161878273,0.25,3
groupdro,erm,True,0.004295043283517543,0.0,-0.00011999783437774445,0.017965157844202363,0.019592674568852837,0.02631019110392716,0.020446350150741692,5,0.5,design,0.2,0.013586524264139256,0.011766275161878273,0.25,2
groupdro,erm,True,0.004295043283517543,0.0,-0.00011999783437774445,0.017965157844202363,0.019592674568852837,0.02631019110392716,0.020446350150741692,10,0.0,none,0.02,0.008320012956270969,0.008320012956270969,0.0,4
groupdro,erm,True,0.004295043283517543,0.0,-0.00011999783437774445,0.017965157844202363,0.019592674568852837,0.02631019110392716,0.020446350150741692,10,0.0,none,0.05,0.008320012956270969,0.008320012956270969,0.0,3
groupdro,erm,True,0.004295043283517543,0.0,-0.00011999783437774445,0.017965157844202363,0.019592674568852837,0.02631019110392716,0.020446350150741692,10,0.0,none,0.1,0.008320012956270969,0.008320012956270969,0.0,2
groupdro,erm,True,0.004295043283517543,0.0,-0.00011999783437774445,0.017965157844202363,0.019592674568852837,0.02631019110392716,0.020446350150741692,10,0.0,none,0.2,0.008320012956270969,0.008320012956270969,0.0,2
groupdro,erm,True,0.004295043283517543,0.0,-0.00011999783437774445,0.017965157844202363,0.019592674568852837,0.02631019110392716,0.020446350150741692,10,0.25,ratio,0.02,0.008894467981681762,0.008320012956270969,0.125,5
groupdro,erm,True,0.004295043283517543,0.0,-0.00011999783437774445,0.017965157844202363,0.019592674568852837,0.02631019110392716,0.020446350150741692,10,0.25,ratio,0.05,0.008894467981681762,0.008320012956270969,0.125,3
groupdro,erm,True,0.004295043283517543,0.0,-0.00011999783437774445,0.017965157844202363,0.019592674568852837,0.02631019110392716,0.020446350150741692,10,0.25,ratio,0.1,0.008894467981681762,0.008320012956270969,0.125,3
groupdro,erm,True,0.004295043283517543,0.0,-0.00011999783437774445,0.017965157844202363,0.019592674568852837,0.02631019110392716,0.020446350150741692,10,0.25,ratio,0.2,0.008894467981681762,0.008320012956270969,0.125,2
groupdro,erm,True,0.004295043283517543,0.0,-0.00011999783437774445,0.017965157844202363,0.019592674568852837,0.02631019110392716,0.020446350150741692,10,0.25,design,0.02,0.008894467981681762,0.008320012956270969,0.125,5
groupdro,erm,True,0.004295043283517543,0.0,-0.00011999783437774445,0.017965157844202363,0.019592674568852837,0.02631019110392716,0.020446350150741692,10,0.25,design,0.05,0.008894467981681762,0.008320012956270969,0.125,3
groupdro,erm,True,0.004295043283517543,0.0,-0.00011999783437774445,0.017965157844202363,0.019592674568852837,0.02631019110392716,0.020446350150741692,10,0.25,design,0.1,0.008894467981681762,0.008320012956270969,0.125,3
groupdro,erm,True,0.004295043283517543,0.0,-0.00011999783437774445,0.017965157844202363,0.019592674568852837,0.02631019110392716,0.020446350150741692,10,0.25,design,0.2,0.008894467981681762,0.008320012956270969,0.125,2
groupdro,erm,True,0.004295043283517543,0.0,-0.00011999783437774445,0.017965157844202363,0.019592674568852837,0.02631019110392716,0.020446350150741692,10,0.5,ratio,0.02,0.009607123439928436,0.008320012956270969,0.25,5
groupdro,erm,True,0.004295043283517543,0.0,-0.00011999783437774445,0.017965157844202363,0.019592674568852837,0.02631019110392716,0.020446350150741692,10,0.5,ratio,0.05,0.009607123439928436,0.008320012956270969,0.25,3
groupdro,erm,True,0.004295043283517543,0.0,-0.00011999783437774445,0.017965157844202363,0.019592674568852837,0.02631019110392716,0.020446350150741692,10,0.5,ratio,0.1,0.009607123439928436,0.008320012956270969,0.25,3
groupdro,erm,True,0.004295043283517543,0.0,-0.00011999783437774445,0.017965157844202363,0.019592674568852837,0.02631019110392716,0.020446350150741692,10,0.5,ratio,0.2,0.009607123439928436,0.008320012956270969,0.25,2
groupdro,erm,True,0.004295043283517543,0.0,-0.00011999783437774445,0.017965157844202363,0.019592674568852837,0.02631019110392716,0.020446350150741692,10,0.5,design,0.02,0.009607123439928436,0.008320012956270969,0.25,22
groupdro,erm,True,0.004295043283517543,0.0,-0.00011999783437774445,0.017965157844202363,0.019592674568852837,0.02631019110392716,0.020446350150741692,10,0.5,design,0.05,0.009607123439928436,0.008320012956270969,0.25,3
groupdro,erm,True,0.004295043283517543,0.0,-0.00011999783437774445,0.017965157844202363,0.019592674568852837,0.02631019110392716,0.020446350150741692,10,0.5,design,0.1,0.009607123439928436,0.008320012956270969,0.25,3
groupdro,erm,True,0.004295043283517543,0.0,-0.00011999783437774445,0.017965157844202363,0.019592674568852837,0.02631019110392716,0.020446350150741692,10,0.5,design,0.2,0.009607123439928436,0.008320012956270969,0.25,2
he_jitter,erm,True,0.017339803726782795,0.014717303579529278,0.0002165990246520253,0.0060977694148658225,0.019592674568852837,0.020502410666958796,0.002958215055934116,1,0.0,none,0.02,0.025237826130803165,0.025237826130803165,0.0,15
he_jitter,erm,True,0.017339803726782795,0.014717303579529278,0.0002165990246520253,0.0060977694148658225,0.019592674568852837,0.020502410666958796,0.002958215055934116,1,0.0,none,0.05,0.025237826130803165,0.025237826130803165,0.0,5
he_jitter,erm,True,0.017339803726782795,0.014717303579529278,0.0002165990246520253,0.0060977694148658225,0.019592674568852837,0.020502410666958796,0.002958215055934116,1,0.0,none,0.1,0.025237826130803165,0.025237826130803165,0.0,3
he_jitter,erm,True,0.017339803726782795,0.014717303579529278,0.0002165990246520253,0.0060977694148658225,0.019592674568852837,0.020502410666958796,0.002958215055934116,1,0.0,none,0.2,0.025237826130803165,0.025237826130803165,0.0,3
he_jitter,erm,True,0.017339803726782795,0.014717303579529278,0.0002165990246520253,0.0060977694148658225,0.019592674568852837,0.020502410666958796,0.002958215055934116,1,0.25,ratio,0.02,0.02698037101955316,0.025237826130803165,0.125,20
he_jitter,erm,True,0.017339803726782795,0.014717303579529278,0.0002165990246520253,0.0060977694148658225,0.019592674568852837,0.020502410666958796,0.002958215055934116,1,0.25,ratio,0.05,0.02698037101955316,0.025237826130803165,0.125,6
he_jitter,erm,True,0.017339803726782795,0.014717303579529278,0.0002165990246520253,0.0060977694148658225,0.019592674568852837,0.020502410666958796,0.002958215055934116,1,0.25,ratio,0.1,0.02698037101955316,0.025237826130803165,0.125,3
he_jitter,erm,True,0.017339803726782795,0.014717303579529278,0.0002165990246520253,0.0060977694148658225,0.019592674568852837,0.020502410666958796,0.002958215055934116,1,0.25,ratio,0.2,0.02698037101955316,0.025237826130803165,0.125,3
he_jitter,erm,True,0.017339803726782795,0.014717303579529278,0.0002165990246520253,0.0060977694148658225,0.019592674568852837,0.020502410666958796,0.002958215055934116,1,0.25,design,0.02,0.02698037101955316,0.025237826130803165,0.125,
he_jitter,erm,True,0.017339803726782795,0.014717303579529278,0.0002165990246520253,0.0060977694148658225,0.019592674568852837,0.020502410666958796,0.002958215055934116,1,0.25,design,0.05,0.02698037101955316,0.025237826130803165,0.125,8
he_jitter,erm,True,0.017339803726782795,0.014717303579529278,0.0002165990246520253,0.0060977694148658225,0.019592674568852837,0.020502410666958796,0.002958215055934116,1,0.25,design,0.1,0.02698037101955316,0.025237826130803165,0.125,3
he_jitter,erm,True,0.017339803726782795,0.014717303579529278,0.0002165990246520253,0.0060977694148658225,0.019592674568852837,0.020502410666958796,0.002958215055934116,1,0.25,design,0.2,0.02698037101955316,0.025237826130803165,0.125,3
he_jitter,erm,True,0.017339803726782795,0.014717303579529278,0.0002165990246520253,0.0060977694148658225,0.019592674568852837,0.020502410666958796,0.002958215055934116,1,0.5,ratio,0.02,0.02914213142076036,0.025237826130803165,0.25,27
he_jitter,erm,True,0.017339803726782795,0.014717303579529278,0.0002165990246520253,0.0060977694148658225,0.019592674568852837,0.020502410666958796,0.002958215055934116,1,0.5,ratio,0.05,0.02914213142076036,0.025237826130803165,0.25,7
he_jitter,erm,True,0.017339803726782795,0.014717303579529278,0.0002165990246520253,0.0060977694148658225,0.019592674568852837,0.020502410666958796,0.002958215055934116,1,0.5,ratio,0.1,0.02914213142076036,0.025237826130803165,0.25,4
he_jitter,erm,True,0.017339803726782795,0.014717303579529278,0.0002165990246520253,0.0060977694148658225,0.019592674568852837,0.020502410666958796,0.002958215055934116,1,0.5,ratio,0.2,0.02914213142076036,0.025237826130803165,0.25,3
he_jitter,erm,True,0.017339803726782795,0.014717303579529278,0.0002165990246520253,0.0060977694148658225,0.019592674568852837,0.020502410666958796,0.002958215055934116,1,0.5,design,0.02,0.02914213142076036,0.025237826130803165,0.25,
he_jitter,erm,True,0.017339803726782795,0.014717303579529278,0.0002165990246520253,0.0060977694148658225,0.019592674568852837,0.020502410666958796,0.002958215055934116,1,0.5,design,0.05,0.02914213142076036,0.025237826130803165,0.25,
he_jitter,erm,True,0.017339803726782795,0.014717303579529278,0.0002165990246520253,0.0060977694148658225,0.019592674568852837,0.020502410666958796,0.002958215055934116,1,0.5,design,0.1,0.02914213142076036,0.025237826130803165,0.25,4
he_jitter,erm,True,0.017339803726782795,0.014717303579529278,0.0002165990246520253,0.0060977694148658225,0.019592674568852837,0.020502410666958796,0.002958215055934116,1,0.5,design,0.2,0.02914213142076036,0.025237826130803165,0.25,3
he_jitter,erm,True,0.017339803726782795,0.014717303579529278,0.0002165990246520253,0.0060977694148658225,0.019592674568852837,0.020502410666958796,0.002958215055934116,3,0.0,none,0.02,0.018886908315132837,0.018886908315132837,0.0,10
he_jitter,erm,True,0.017339803726782795,0.014717303579529278,0.0002165990246520253,0.0060977694148658225,0.019592674568852837,0.020502410666958796,0.002958215055934116,3,0.0,none,0.05,0.018886908315132837,0.018886908315132837,0.0,4
he_jitter,erm,True,0.017339803726782795,0.014717303579529278,0.0002165990246520253,0.0060977694148658225,0.019592674568852837,0.020502410666958796,0.002958215055934116,3,0.0,none,0.1,0.018886908315132837,0.018886908315132837,0.0,3
he_jitter,erm,True,0.017339803726782795,0.014717303579529278,0.0002165990246520253,0.0060977694148658225,0.019592674568852837,0.020502410666958796,0.002958215055934116,3,0.0,none,0.2,0.018886908315132837,0.018886908315132837,0.0,3
he_jitter,erm,True,0.017339803726782795,0.014717303579529278,0.0002165990246520253,0.0060977694148658225,0.019592674568852837,0.020502410666958796,0.002958215055934116,3,0.25,ratio,0.02,0.020190954288753987,0.018886908315132837,0.125,13
he_jitter,erm,True,0.017339803726782795,0.014717303579529278,0.0002165990246520253,0.0060977694148658225,0.019592674568852837,0.020502410666958796,0.002958215055934116,3,0.25,ratio,0.05,0.020190954288753987,0.018886908315132837,0.125,4
he_jitter,erm,True,0.017339803726782795,0.014717303579529278,0.0002165990246520253,0.0060977694148658225,0.019592674568852837,0.020502410666958796,0.002958215055934116,3,0.25,ratio,0.1,0.020190954288753987,0.018886908315132837,0.125,3
he_jitter,erm,True,0.017339803726782795,0.014717303579529278,0.0002165990246520253,0.0060977694148658225,0.019592674568852837,0.020502410666958796,0.002958215055934116,3,0.25,ratio,0.2,0.020190954288753987,0.018886908315132837,0.125,3
he_jitter,erm,True,0.017339803726782795,0.014717303579529278,0.0002165990246520253,0.0060977694148658225,0.019592674568852837,0.020502410666958796,0.002958215055934116,3,0.25,design,0.02,0.020190954288753987,0.018886908315132837,0.125,
he_jitter,erm,True,0.017339803726782795,0.014717303579529278,0.0002165990246520253,0.0060977694148658225,0.019592674568852837,0.020502410666958796,0.002958215055934116,3,0.25,design,0.05,0.020190954288753987,0.018886908315132837,0.125,5
he_jitter,erm,True,0.017339803726782795,0.014717303579529278,0.0002165990246520253,0.0060977694148658225,0.019592674568852837,0.020502410666958796,0.002958215055934116,3,0.25,design,0.1,0.020190954288753987,0.018886908315132837,0.125,3
he_jitter,erm,True,0.017339803726782795,0.014717303579529278,0.0002165990246520253,0.0060977694148658225,0.019592674568852837,0.020502410666958796,0.002958215055934116,3,0.25,design,0.2,0.020190954288753987,0.018886908315132837,0.125,3
he_jitter,erm,True,0.017339803726782795,0.014717303579529278,0.0002165990246520253,0.0060977694148658225,0.019592674568852837,0.020502410666958796,0.002958215055934116,3,0.5,ratio,0.02,0.02180872319980345,0.018886908315132837,0.25,17
he_jitter,erm,True,0.017339803726782795,0.014717303579529278,0.0002165990246520253,0.0060977694148658225,0.019592674568852837,0.020502410666958796,0.002958215055934116,3,0.5,ratio,0.05,0.02180872319980345,0.018886908315132837,0.25,5
he_jitter,erm,True,0.017339803726782795,0.014717303579529278,0.0002165990246520253,0.0060977694148658225,0.019592674568852837,0.020502410666958796,0.002958215055934116,3,0.5,ratio,0.1,0.02180872319980345,0.018886908315132837,0.25,3
he_jitter,erm,True,0.017339803726782795,0.014717303579529278,0.0002165990246520253,0.0060977694148658225,0.019592674568852837,0.020502410666958796,0.002958215055934116,3,0.5,ratio,0.2,0.02180872319980345,0.018886908315132837,0.25,3
he_jitter,erm,True,0.017339803726782795,0.014717303579529278,0.0002165990246520253,0.0060977694148658225,0.019592674568852837,0.020502410666958796,0.002958215055934116,3,0.5,design,0.02,0.02180872319980345,0.018886908315132837,0.25,
he_jitter,erm,True,0.017339803726782795,0.014717303579529278,0.0002165990246520253,0.0060977694148658225,0.019592674568852837,0.020502410666958796,0.002958215055934116,3,0.5,design,0.05,0.02180872319980345,0.018886908315132837,0.25,9
he_jitter,erm,True,0.017339803726782795,0.014717303579529278,0.0002165990246520253,0.0060977694148658225,0.019592674568852837,0.020502410666958796,0.002958215055934116,3,0.5,design,0.1,0.02180872319980345,0.018886908315132837,0.25,3
he_jitter,erm,True,0.017339803726782795,0.014717303579529278,0.0002165990246520253,0.0060977694148658225,0.019592674568852837,0.020502410666958796,0.002958215055934116,3,0.5,design,0.2,0.02180872319980345,0.018886908315132837,0.25,3
he_jitter,erm,True,0.017339803726782795,0.014717303579529278,0.0002165990246520253,0.0060977694148658225,0.019592674568852837,0.020502410666958796,0.002958215055934116,5,0.0,none,0.02,0.017339803726782795,0.017339803726782795,0.0,9
he_jitter,erm,True,0.017339803726782795,0.014717303579529278,0.0002165990246520253,0.0060977694148658225,0.019592674568852837,0.020502410666958796,0.002958215055934116,5,0.0,none,0.05,0.017339803726782795,0.017339803726782795,0.0,4
he_jitter,erm,True,0.017339803726782795,0.014717303579529278,0.0002165990246520253,0.0060977694148658225,0.019592674568852837,0.020502410666958796,0.002958215055934116,5,0.0,none,0.1,0.017339803726782795,0.017339803726782795,0.0,3
he_jitter,erm,True,0.017339803726782795,0.014717303579529278,0.0002165990246520253,0.0060977694148658225,0.019592674568852837,0.020502410666958796,0.002958215055934116,5,0.0,none,0.2,0.017339803726782795,0.017339803726782795,0.0,3
he_jitter,erm,True,0.017339803726782795,0.014717303579529278,0.0002165990246520253,0.0060977694148658225,0.019592674568852837,0.020502410666958796,0.002958215055934116,5,0.25,ratio,0.02,0.018537029914150616,0.017339803726782795,0.125,11
he_jitter,erm,True,0.017339803726782795,0.014717303579529278,0.0002165990246520253,0.0060977694148658225,0.019592674568852837,0.020502410666958796,0.002958215055934116,5,0.25,ratio,0.05,0.018537029914150616,0.017339803726782795,0.125,4
he_jitter,erm,True,0.017339803726782795,0.014717303579529278,0.0002165990246520253,0.0060977694148658225,0.019592674568852837,0.020502410666958796,0.002958215055934116,5,0.25,ratio,0.1,0.018537029914150616,0.017339803726782795,0.125,3
he_jitter,erm,True,0.017339803726782795,0.014717303579529278,0.0002165990246520253,0.0060977694148658225,0.019592674568852837,0.020502410666958796,0.002958215055934116,5,0.25,ratio,0.2,0.018537029914150616,0.017339803726782795,0.125,3
he_jitter,erm,True,0.017339803726782795,0.014717303579529278,0.0002165990246520253,0.0060977694148658225,0.019592674568852837,0.020502410666958796,0.002958215055934116,5,0.25,design,0.02,0.018537029914150616,0.017339803726782795,0.125,
he_jitter,erm,True,0.017339803726782795,0.014717303579529278,0.0002165990246520253,0.0060977694148658225,0.019592674568852837,0.020502410666958796,0.002958215055934116,5,0.25,design,0.05,0.018537029914150616,0.017339803726782795,0.125,4
he_jitter,erm,True,0.017339803726782795,0.014717303579529278,0.0002165990246520253,0.0060977694148658225,0.019592674568852837,0.020502410666958796,0.002958215055934116,5,0.25,design,0.1,0.018537029914150616,0.017339803726782795,0.125,3
he_jitter,erm,True,0.017339803726782795,0.014717303579529278,0.0002165990246520253,0.0060977694148658225,0.019592674568852837,0.020502410666958796,0.002958215055934116,5,0.25,design,0.2,0.018537029914150616,0.017339803726782795,0.125,3
he_jitter,erm,True,0.017339803726782795,0.014717303579529278,0.0002165990246520253,0.0060977694148658225,0.019592674568852837,0.020502410666958796,0.002958215055934116,5,0.5,ratio,0.02,0.020022280698706645,0.017339803726782795,0.25,14
he_jitter,erm,True,0.017339803726782795,0.014717303579529278,0.0002165990246520253,0.0060977694148658225,0.019592674568852837,0.020502410666958796,0.002958215055934116,5,0.5,ratio,0.05,0.020022280698706645,0.017339803726782795,0.25,5
he_jitter,erm,True,0.017339803726782795,0.014717303579529278,0.0002165990246520253,0.0060977694148658225,0.019592674568852837,0.020502410666958796,0.002958215055934116,5,0.5,ratio,0.1,0.020022280698706645,0.017339803726782795,0.25,3
he_jitter,erm,True,0.017339803726782795,0.014717303579529278,0.0002165990246520253,0.0060977694148658225,0.019592674568852837,0.020502410666958796,0.002958215055934116,5,0.5,ratio,0.2,0.020022280698706645,0.017339803726782795,0.25,3
he_jitter,erm,True,0.017339803726782795,0.014717303579529278,0.0002165990246520253,0.0060977694148658225,0.019592674568852837,0.020502410666958796,0.002958215055934116,5,0.5,design,0.02,0.020022280698706645,0.017339803726782795,0.25,
he_jitter,erm,True,0.017339803726782795,0.014717303579529278,0.0002165990246520253,0.0060977694148658225,0.019592674568852837,0.020502410666958796,0.002958215055934116,5,0.5,design,0.05,0.020022280698706645,0.017339803726782795,0.25,6
he_jitter,erm,True,0.017339803726782795,0.014717303579529278,0.0002165990246520253,0.0060977694148658225,0.019592674568852837,0.020502410666958796,0.002958215055934116,5,0.5,design,0.1,0.020022280698706645,0.017339803726782795,0.25,3
he_jitter,erm,True,0.017339803726782795,0.014717303579529278,0.0002165990246520253,0.0060977694148658225,0.019592674568852837,0.020502410666958796,0.002958215055934116,5,0.5,design,0.2,0.020022280698706645,0.017339803726782795,0.25,3
he_jitter,erm,True,0.017339803726782795,0.014717303579529278,0.0002165990246520253,0.0060977694148658225,0.019592674568852837,0.020502410666958796,0.002958215055934116,10,0.0,none,0.02,0.016082099022443803,0.016082099022443803,0.0,8
he_jitter,erm,True,0.017339803726782795,0.014717303579529278,0.0002165990246520253,0.0060977694148658225,0.019592674568852837,0.020502410666958796,0.002958215055934116,10,0.0,none,0.05,0.016082099022443803,0.016082099022443803,0.0,4
he_jitter,erm,True,0.017339803726782795,0.014717303579529278,0.0002165990246520253,0.0060977694148658225,0.019592674568852837,0.020502410666958796,0.002958215055934116,10,0.0,none,0.1,0.016082099022443803,0.016082099022443803,0.0,3
he_jitter,erm,True,0.017339803726782795,0.014717303579529278,0.0002165990246520253,0.0060977694148658225,0.019592674568852837,0.020502410666958796,0.002958215055934116,10,0.0,none,0.2,0.016082099022443803,0.016082099022443803,0.0,2
he_jitter,erm,True,0.017339803726782795,0.014717303579529278,0.0002165990246520253,0.0060977694148658225,0.019592674568852837,0.020502410666958796,0.002958215055934116,10,0.25,ratio,0.02,0.01719248702918767,0.016082099022443803,0.125,10
he_jitter,erm,True,0.017339803726782795,0.014717303579529278,0.0002165990246520253,0.0060977694148658225,0.019592674568852837,0.020502410666958796,0.002958215055934116,10,0.25,ratio,0.05,0.01719248702918767,0.016082099022443803,0.125,4
he_jitter,erm,True,0.017339803726782795,0.014717303579529278,0.0002165990246520253,0.0060977694148658225,0.019592674568852837,0.020502410666958796,0.002958215055934116,10,0.25,ratio,0.1,0.01719248702918767,0.016082099022443803,0.125,3
he_jitter,erm,True,0.017339803726782795,0.014717303579529278,0.0002165990246520253,0.0060977694148658225,0.019592674568852837,0.020502410666958796,0.002958215055934116,10,0.25,ratio,0.2,0.01719248702918767,0.016082099022443803,0.125,3
he_jitter,erm,True,0.017339803726782795,0.014717303579529278,0.0002165990246520253,0.0060977694148658225,0.019592674568852837,0.020502410666958796,0.002958215055934116,10,0.25,design,0.02,0.01719248702918767,0.016082099022443803,0.125,
he_jitter,erm,True,0.017339803726782795,0.014717303579529278,0.0002165990246520253,0.0060977694148658225,0.019592674568852837,0.020502410666958796,0.002958215055934116,10,0.25,design,0.05,0.01719248702918767,0.016082099022443803,0.125,4
he_jitter,erm,True,0.017339803726782795,0.014717303579529278,0.0002165990246520253,0.0060977694148658225,0.019592674568852837,0.020502410666958796,0.002958215055934116,10,0.25,design,0.1,0.01719248702918767,0.016082099022443803,0.125,3
he_jitter,erm,True,0.017339803726782795,0.014717303579529278,0.0002165990246520253,0.0060977694148658225,0.019592674568852837,0.020502410666958796,0.002958215055934116,10,0.25,design,0.2,0.01719248702918767,0.016082099022443803,0.125,2
he_jitter,erm,True,0.017339803726782795,0.014717303579529278,0.0002165990246520253,0.0060977694148658225,0.019592674568852837,0.020502410666958796,0.002958215055934116,10,0.5,ratio,0.02,0.018570008399484295,0.016082099022443803,0.25,13
he_jitter,erm,True,0.017339803726782795,0.014717303579529278,0.0002165990246520253,0.0060977694148658225,0.019592674568852837,0.020502410666958796,0.002958215055934116,10,0.5,ratio,0.05,0.018570008399484295,0.016082099022443803,0.25,4
he_jitter,erm,True,0.017339803726782795,0.014717303579529278,0.0002165990246520253,0.0060977694148658225,0.019592674568852837,0.020502410666958796,0.002958215055934116,10,0.5,ratio,0.1,0.018570008399484295,0.016082099022443803,0.25,3
he_jitter,erm,True,0.017339803726782795,0.014717303579529278,0.0002165990246520253,0.0060977694148658225,0.019592674568852837,0.020502410666958796,0.002958215055934116,10,0.5,ratio,0.2,0.018570008399484295,0.016082099022443803,0.25,3
he_jitter,erm,True,0.017339803726782795,0.014717303579529278,0.0002165990246520253,0.0060977694148658225,0.019592674568852837,0.020502410666958796,0.002958215055934116,10,0.5,design,0.02,0.018570008399484295,0.016082099022443803,0.25,
he_jitter,erm,True,0.017339803726782795,0.014717303579529278,0.0002165990246520253,0.0060977694148658225,0.019592674568852837,0.020502410666958796,0.002958215055934116,10,0.5,design,0.05,0.018570008399484295,0.016082099022443803,0.25,5
he_jitter,erm,True,0.017339803726782795,0.014717303579529278,0.0002165990246520253,0.0060977694148658225,0.019592674568852837,0.020502410666958796,0.002958215055934116,10,0.5,design,0.1,0.018570008399484295,0.016082099022443803,0.25,3
he_jitter,erm,True,0.017339803726782795,0.014717303579529278,0.0002165990246520253,0.0060977694148658225,0.019592674568852837,0.020502410666958796,0.002958215055934116,10,0.5,design,0.2,0.018570008399484295,0.016082099022443803,0.25,3
irm,erm,True,0.012341819412479763,0.009479354269468138,8.98581573660838e-05,0.014529880431786924,0.019592674568852837,0.017672344078273613,0.49648614688051085,1,0.0,none,0.02,0.020054174193593118,0.020054174193593118,0.0,10
irm,erm,True,0.012341819412479763,0.009479354269468138,8.98581573660838e-05,0.014529880431786924,0.019592674568852837,0.017672344078273613,0.49648614688051085,1,0.0,none,0.05,0.020054174193593118,0.020054174193593118,0.0,4
irm,erm,True,0.012341819412479763,0.009479354269468138,8.98581573660838e-05,0.014529880431786924,0.019592674568852837,0.017672344078273613,0.49648614688051085,1,0.0,none,0.1,0.020054174193593118,0.020054174193593118,0.0,3
irm,erm,True,0.012341819412479763,0.009479354269468138,8.98581573660838e-05,0.014529880431786924,0.019592674568852837,0.017672344078273613,0.49648614688051085,1,0.0,none,0.2,0.020054174193593118,0.020054174193593118,0.0,3
irm,erm,True,0.012341819412479763,0.009479354269468138,8.98581573660838e-05,0.014529880431786924,0.019592674568852837,0.017672344078273613,0.49648614688051085,1,0.25,ratio,0.02,0.021438814002031154,0.020054174193593118,0.125,14
irm,erm,True,0.012341819412479763,0.009479354269468138,8.98581573660838e-05,0.014529880431786924,0.019592674568852837,0.017672344078273613,0.49648614688051085,1,0.25,ratio,0.05,0.021438814002031154,0.020054174193593118,0.125,5
irm,erm,True,0.012341819412479763,0.009479354269468138,8.98581573660838e-05,0.014529880431786924,0.019592674568852837,0.017672344078273613,0.49648614688051085,1,0.25,ratio,0.1,0.021438814002031154,0.020054174193593118,0.125,3
irm,erm,True,0.012341819412479763,0.009479354269468138,8.98581573660838e-05,0.014529880431786924,0.019592674568852837,0.017672344078273613,0.49648614688051085,1,0.25,ratio,0.2,0.021438814002031154,0.020054174193593118,0.125,3
irm,erm,True,0.012341819412479763,0.009479354269468138,8.98581573660838e-05,0.014529880431786924,0.019592674568852837,0.017672344078273613,0.49648614688051085,1,0.25,design,0.02,0.021438814002031154,0.020054174193593118,0.125,
irm,erm,True,0.012341819412479763,0.009479354269468138,8.98581573660838e-05,0.014529880431786924,0.019592674568852837,0.017672344078273613,0.49648614688051085,1,0.25,design,0.05,0.021438814002031154,0.020054174193593118,0.125,5
irm,erm,True,0.012341819412479763,0.009479354269468138,8.98581573660838e-05,0.014529880431786924,0.019592674568852837,0.017672344078273613,0.49648614688051085,1,0.25,design,0.1,0.021438814002031154,0.020054174193593118,0.125,3
irm,erm,True,0.012341819412479763,0.009479354269468138,8.98581573660838e-05,0.014529880431786924,0.019592674568852837,0.017672344078273613,0.49648614688051085,1,0.25,design,0.2,0.021438814002031154,0.020054174193593118,0.125,3
irm,erm,True,0.012341819412479763,0.009479354269468138,8.98581573660838e-05,0.014529880431786924,0.019592674568852837,0.017672344078273613,0.49648614688051085,1,0.5,ratio,0.02,0.023156565738093268,0.020054174193593118,0.25,18
irm,erm,True,0.012341819412479763,0.009479354269468138,8.98581573660838e-05,0.014529880431786924,0.019592674568852837,0.017672344078273613,0.49648614688051085,1,0.5,ratio,0.05,0.023156565738093268,0.020054174193593118,0.25,5
irm,erm,True,0.012341819412479763,0.009479354269468138,8.98581573660838e-05,0.014529880431786924,0.019592674568852837,0.017672344078273613,0.49648614688051085,1,0.5,ratio,0.1,0.023156565738093268,0.020054174193593118,0.25,3
irm,erm,True,0.012341819412479763,0.009479354269468138,8.98581573660838e-05,0.014529880431786924,0.019592674568852837,0.017672344078273613,0.49648614688051085,1,0.5,ratio,0.2,0.023156565738093268,0.020054174193593118,0.25,3
irm,erm,True,0.012341819412479763,0.009479354269468138,8.98581573660838e-05,0.014529880431786924,0.019592674568852837,0.017672344078273613,0.49648614688051085,1,0.5,design,0.02,0.023156565738093268,0.020054174193593118,0.25,
irm,erm,True,0.012341819412479763,0.009479354269468138,8.98581573660838e-05,0.014529880431786924,0.019592674568852837,0.017672344078273613,0.49648614688051085,1,0.5,design,0.05,0.023156565738093268,0.020054174193593118,0.25,13
irm,erm,True,0.012341819412479763,0.009479354269468138,8.98581573660838e-05,0.014529880431786924,0.019592674568852837,0.017672344078273613,0.49648614688051085,1,0.5,design,0.1,0.023156565738093268,0.020054174193593118,0.25,3
irm,erm,True,0.012341819412479763,0.009479354269468138,8.98581573660838e-05,0.014529880431786924,0.019592674568852837,0.017672344078273613,0.49648614688051085,1,0.5,design,0.2,0.023156565738093268,0.020054174193593118,0.25,3
irm,erm,True,0.012341819412479763,0.009479354269468138,8.98581573660838e-05,0.014529880431786924,0.019592674568852837,0.017672344078273613,0.49648614688051085,3,0.0,none,0.02,0.01392702669056517,0.01392702669056517,0.0,6
irm,erm,True,0.012341819412479763,0.009479354269468138,8.98581573660838e-05,0.014529880431786924,0.019592674568852837,0.017672344078273613,0.49648614688051085,3,0.0,none,0.05,0.01392702669056517,0.01392702669056517,0.0,3
irm,erm,True,0.012341819412479763,0.009479354269468138,8.98581573660838e-05,0.014529880431786924,0.019592674568852837,0.017672344078273613,0.49648614688051085,3,0.0,none,0.1,0.01392702669056517,0.01392702669056517,0.0,3
irm,erm,True,0.012341819412479763,0.009479354269468138,8.98581573660838e-05,0.014529880431786924,0.019592674568852837,0.017672344078273613,0.49648614688051085,3,0.0,none,0.2,0.01392702669056517,0.01392702669056517,0.0,2
irm,erm,True,0.012341819412479763,0.009479354269468138,8.98581573660838e-05,0.014529880431786924,0.019592674568852837,0.017672344078273613,0.49648614688051085,3,0.25,ratio,0.02,0.014888617797871716,0.01392702669056517,0.125,8
irm,erm,True,0.012341819412479763,0.009479354269468138,8.98581573660838e-05,0.014529880431786924,0.019592674568852837,0.017672344078273613,0.49648614688051085,3,0.25,ratio,0.05,0.014888617797871716,0.01392702669056517,0.125,4
irm,erm,True,0.012341819412479763,0.009479354269468138,8.98581573660838e-05,0.014529880431786924,0.019592674568852837,0.017672344078273613,0.49648614688051085,3,0.25,ratio,0.1,0.014888617797871716,0.01392702669056517,0.125,3
irm,erm,True,0.012341819412479763,0.009479354269468138,8.98581573660838e-05,0.014529880431786924,0.019592674568852837,0.017672344078273613,0.49648614688051085,3,0.25,ratio,0.2,0.014888617797871716,0.01392702669056517,0.125,2
irm,erm,True,0.012341819412479763,0.009479354269468138,8.98581573660838e-05,0.014529880431786924,0.019592674568852837,0.017672344078273613,0.49648614688051085,3,0.25,design,0.02,0.014888617797871716,0.01392702669056517,0.125,
irm,erm,True,0.012341819412479763,0.009479354269468138,8.98581573660838e-05,0.014529880431786924,0.019592674568852837,0.017672344078273613,0.49648614688051085,3,0.25,design,0.05,0.014888617797871716,0.01392702669056517,0.125,4
irm,erm,True,0.012341819412479763,0.009479354269468138,8.98581573660838e-05,0.014529880431786924,0.019592674568852837,0.017672344078273613,0.49648614688051085,3,0.25,design,0.1,0.014888617797871716,0.01392702669056517,0.125,3
irm,erm,True,0.012341819412479763,0.009479354269468138,8.98581573660838e-05,0.014529880431786924,0.019592674568852837,0.017672344078273613,0.49648614688051085,3,0.25,design,0.2,0.014888617797871716,0.01392702669056517,0.125,2
irm,erm,True,0.012341819412479763,0.009479354269468138,8.98581573660838e-05,0.014529880431786924,0.019592674568852837,0.017672344078273613,0.49648614688051085,3,0.5,ratio,0.02,0.01608154521761781,0.01392702669056517,0.25,10
irm,erm,True,0.012341819412479763,0.009479354269468138,8.98581573660838e-05,0.014529880431786924,0.019592674568852837,0.017672344078273613,0.49648614688051085,3,0.5,ratio,0.05,0.01608154521761781,0.01392702669056517,0.25,4
irm,erm,True,0.012341819412479763,0.009479354269468138,8.98581573660838e-05,0.014529880431786924,0.019592674568852837,0.017672344078273613,0.49648614688051085,3,0.5,ratio,0.1,0.01608154521761781,0.01392702669056517,0.25,3
irm,erm,True,0.012341819412479763,0.009479354269468138,8.98581573660838e-05,0.014529880431786924,0.019592674568852837,0.017672344078273613,0.49648614688051085,3,0.5,ratio,0.2,0.01608154521761781,0.01392702669056517,0.25,3
irm,erm,True,0.012341819412479763,0.009479354269468138,8.98581573660838e-05,0.014529880431786924,0.019592674568852837,0.017672344078273613,0.49648614688051085,3,0.5,design,0.02,0.01608154521761781,0.01392702669056517,0.25,
irm,erm,True,0.012341819412479763,0.009479354269468138,8.98581573660838e-05,0.014529880431786924,0.019592674568852837,0.017672344078273613,0.49648614688051085,3,0.5,design,0.05,0.01608154521761781,0.01392702669056517,0.25,4
irm,erm,True,0.012341819412479763,0.009479354269468138,8.98581573660838e-05,0.014529880431786924,0.019592674568852837,0.017672344078273613,0.49648614688051085,3,0.5,design,0.1,0.01608154521761781,0.01392702669056517,0.25,3
irm,erm,True,0.012341819412479763,0.009479354269468138,8.98581573660838e-05,0.014529880431786924,0.019592674568852837,0.017672344078273613,0.49648614688051085,3,0.5,design,0.2,0.01608154521761781,0.01392702669056517,0.25,2
irm,erm,True,0.012341819412479763,0.009479354269468138,8.98581573660838e-05,0.014529880431786924,0.019592674568852837,0.017672344078273613,0.49648614688051085,5,0.0,none,0.02,0.012341819412479763,0.012341819412479763,0.0,6
irm,erm,True,0.012341819412479763,0.009479354269468138,8.98581573660838e-05,0.014529880431786924,0.019592674568852837,0.017672344078273613,0.49648614688051085,5,0.0,none,0.05,0.012341819412479763,0.012341819412479763,0.0,3
irm,erm,True,0.012341819412479763,0.009479354269468138,8.98581573660838e-05,0.014529880431786924,0.019592674568852837,0.017672344078273613,0.49648614688051085,5,0.0,none,0.1,0.012341819412479763,0.012341819412479763,0.0,3
irm,erm,True,0.012341819412479763,0.009479354269468138,8.98581573660838e-05,0.014529880431786924,0.019592674568852837,0.017672344078273613,0.49648614688051085,5,0.0,none,0.2,0.012341819412479763,0.012341819412479763,0.0,2
irm,erm,True,0.012341819412479763,0.009479354269468138,8.98581573660838e-05,0.014529880431786924,0.019592674568852837,0.017672344078273613,0.49648614688051085,5,0.25,ratio,0.02,0.013193959934552838,0.012341819412479763,0.125,7
irm,erm,True,0.012341819412479763,0.009479354269468138,8.98581573660838e-05,0.014529880431786924,0.019592674568852837,0.017672344078273613,0.49648614688051085,5,0.25,ratio,0.05,0.013193959934552838,0.012341819412479763,0.125,3
irm,erm,True,0.012341819412479763,0.009479354269468138,8.98581573660838e-05,0.014529880431786924,0.019592674568852837,0.017672344078273613,0.49648614688051085,5,0.25,ratio,0.1,0.013193959934552838,0.012341819412479763,0.125,3
irm,erm,True,0.012341819412479763,0.009479354269468138,8.98581573660838e-05,0.014529880431786924,0.019592674568852837,0.017672344078273613,0.49648614688051085,5,0.25,ratio,0.2,0.013193959934552838,0.012341819412479763,0.125,2
irm,erm,True,0.012341819412479763,0.009479354269468138,8.98581573660838e-05,0.014529880431786924,0.019592674568852837,0.017672344078273613,0.49648614688051085,5,0.25,design,0.02,0.013193959934552838,0.012341819412479763,0.125,26
irm,erm,True,0.012341819412479763,0.009479354269468138,8.98581573660838e-05,0.014529880431786924,0.019592674568852837,0.017672344078273613,0.49648614688051085,5,0.25,design,0.05,0.013193959934552838,0.012341819412479763,0.125,3
irm,erm,True,0.012341819412479763,0.009479354269468138,8.98581573660838e-05,0.014529880431786924,0.019592674568852837,0.017672344078273613,0.49648614688051085,5,0.25,design,0.1,0.013193959934552838,0.012341819412479763,0.125,3
irm,erm,True,0.012341819412479763,0.009479354269468138,8.98581573660838e-05,0.014529880431786924,0.019592674568852837,0.017672344078273613,0.49648614688051085,5,0.25,design,0.2,0.013193959934552838,0.012341819412479763,0.125,2
irm,erm,True,0.012341819412479763,0.009479354269468138,8.98581573660838e-05,0.014529880431786924,0.019592674568852837,0.017672344078273613,0.49648614688051085,5,0.5,ratio,0.02,0.014251105520169881,0.012341819412479763,0.25,9
irm,erm,True,0.012341819412479763,0.009479354269468138,8.98581573660838e-05,0.014529880431786924,0.019592674568852837,0.017672344078273613,0.49648614688051085,5,0.5,ratio,0.05,0.014251105520169881,0.012341819412479763,0.25,4
irm,erm,True,0.012341819412479763,0.009479354269468138,8.98581573660838e-05,0.014529880431786924,0.019592674568852837,0.017672344078273613,0.49648614688051085,5,0.5,ratio,0.1,0.014251105520169881,0.012341819412479763,0.25,3
irm,erm,True,0.012341819412479763,0.009479354269468138,8.98581573660838e-05,0.014529880431786924,0.019592674568852837,0.017672344078273613,0.49648614688051085,5,0.5,ratio,0.2,0.014251105520169881,0.012341819412479763,0.25,3
irm,erm,True,0.012341819412479763,0.009479354269468138,8.98581573660838e-05,0.014529880431786924,0.019592674568852837,0.017672344078273613,0.49648614688051085,5,0.5,design,0.02,0.014251105520169881,0.012341819412479763,0.25,
irm,erm,True,0.012341819412479763,0.009479354269468138,8.98581573660838e-05,0.014529880431786924,0.019592674568852837,0.017672344078273613,0.49648614688051085,5,0.5,design,0.05,0.014251105520169881,0.012341819412479763,0.25,4
irm,erm,True,0.012341819412479763,0.009479354269468138,8.98581573660838e-05,0.014529880431786924,0.019592674568852837,0.017672344078273613,0.49648614688051085,5,0.5,design,0.1,0.014251105520169881,0.012341819412479763,0.25,3
irm,erm,True,0.012341819412479763,0.009479354269468138,8.98581573660838e-05,0.014529880431786924,0.019592674568852837,0.017672344078273613,0.49648614688051085,5,0.5,design,0.2,0.014251105520169881,0.012341819412479763,0.25,2
irm,erm,True,0.012341819412479763,0.009479354269468138,8.98581573660838e-05,0.014529880431786924,0.019592674568852837,0.017672344078273613,0.49648614688051085,10,0.0,none,0.02,0.011004059791194024,0.011004059791194024,0.0,5
irm,erm,True,0.012341819412479763,0.009479354269468138,8.98581573660838e-05,0.014529880431786924,0.019592674568852837,0.017672344078273613,0.49648614688051085,10,0.0,none,0.05,0.011004059791194024,0.011004059791194024,0.0,3
irm,erm,True,0.012341819412479763,0.009479354269468138,8.98581573660838e-05,0.014529880431786924,0.019592674568852837,0.017672344078273613,0.49648614688051085,10,0.0,none,0.1,0.011004059791194024,0.011004059791194024,0.0,3
irm,erm,True,0.012341819412479763,0.009479354269468138,8.98581573660838e-05,0.014529880431786924,0.019592674568852837,0.017672344078273613,0.49648614688051085,10,0.0,none,0.2,0.011004059791194024,0.011004059791194024,0.0,2
irm,erm,True,0.012341819412479763,0.009479354269468138,8.98581573660838e-05,0.014529880431786924,0.019592674568852837,0.017672344078273613,0.49648614688051085,10,0.25,ratio,0.02,0.011763834743492352,0.011004059791194024,0.125,6
irm,erm,True,0.012341819412479763,0.009479354269468138,8.98581573660838e-05,0.014529880431786924,0.019592674568852837,0.017672344078273613,0.49648614688051085,10,0.25,ratio,0.05,0.011763834743492352,0.011004059791194024,0.125,3
irm,erm,True,0.012341819412479763,0.009479354269468138,8.98581573660838e-05,0.014529880431786924,0.019592674568852837,0.017672344078273613,0.49648614688051085,10,0.25,ratio,0.1,0.011763834743492352,0.011004059791194024,0.125,3
irm,erm,True,0.012341819412479763,0.009479354269468138,8.98581573660838e-05,0.014529880431786924,0.019592674568852837,0.017672344078273613,0.49648614688051085,10,0.25,ratio,0.2,0.011763834743492352,0.011004059791194024,0.125,2
irm,erm,True,0.012341819412479763,0.009479354269468138,8.98581573660838e-05,0.014529880431786924,0.019592674568852837,0.017672344078273613,0.49648614688051085,10,0.25,design,0.02,0.011763834743492352,0.011004059791194024,0.125,11
irm,erm,True,0.012341819412479763,0.009479354269468138,8.98581573660838e-05,0.014529880431786924,0.019592674568852837,0.017672344078273613,0.49648614688051085,10,0.25,design,0.05,0.011763834743492352,0.011004059791194024,0.125,3
irm,erm,True,0.012341819412479763,0.009479354269468138,8.98581573660838e-05,0.014529880431786924,0.019592674568852837,0.017672344078273613,0.49648614688051085,10,0.25,design,0.1,0.011763834743492352,0.011004059791194024,0.125,3
irm,erm,True,0.012341819412479763,0.009479354269468138,8.98581573660838e-05,0.014529880431786924,0.019592674568852837,0.017672344078273613,0.49648614688051085,10,0.25,design,0.2,0.011763834743492352,0.011004059791194024,0.125,2
irm,erm,True,0.012341819412479763,0.009479354269468138,8.98581573660838e-05,0.014529880431786924,0.019592674568852837,0.017672344078273613,0.49648614688051085,10,0.5,ratio,0.02,0.012706393765249215,0.011004059791194024,0.25,7
irm,erm,True,0.012341819412479763,0.009479354269468138,8.98581573660838e-05,0.014529880431786924,0.019592674568852837,0.017672344078273613,0.49648614688051085,10,0.5,ratio,0.05,0.012706393765249215,0.011004059791194024,0.25,4
irm,erm,True,0.012341819412479763,0.009479354269468138,8.98581573660838e-05,0.014529880431786924,0.019592674568852837,0.017672344078273613,0.49648614688051085,10,0.5,ratio,0.1,0.012706393765249215,0.011004059791194024,0.25,3
irm,erm,True,0.012341819412479763,0.009479354269468138,8.98581573660838e-05,0.014529880431786924,0.019592674568852837,0.017672344078273613,0.49648614688051085,10,0.5,ratio,0.2,0.012706393765249215,0.011004059791194024,0.25,2
irm,erm,True,0.012341819412479763,0.009479354269468138,8.98581573660838e-05,0.014529880431786924,0.019592674568852837,0.017672344078273613,0.49648614688051085,10,0.5,design,0.02,0.012706393765249215,0.011004059791194024,0.25,
irm,erm,True,0.012341819412479763,0.009479354269468138,8.98581573660838e-05,0.014529880431786924,0.019592674568852837,0.017672344078273613,0.49648614688051085,10,0.5,design,0.05,0.012706393765249215,0.011004059791194024,0.25,4
irm,erm,True,0.012341819412479763,0.009479354269468138,8.98581573660838e-05,0.014529880431786924,0.019592674568852837,0.017672344078273613,0.49648614688051085,10,0.5,design,0.1,0.012706393765249215,0.011004059791194024,0.25,3
irm,erm,True,0.012341819412479763,0.009479354269468138,8.98581573660838e-05,0.014529880431786924,0.019592674568852837,0.017672344078273613,0.49648614688051085,10,0.5,design,0.2,0.012706393765249215,0.011004059791194024,0.25,2
lisa,erm,True,0.019475337115966763,0.014190247745388976,0.00020136313107551693,0.024542367766372288,0.019592674568852837,0.029826634465275795,0.1004184915603555,1,0.0,none,0.02,0.033030156745021584,0.033030156745021584,0.0,24
lisa,erm,True,0.019475337115966763,0.014190247745388976,0.00020136313107551693,0.024542367766372288,0.019592674568852837,0.029826634465275795,0.1004184915603555,1,0.0,none,0.05,0.033030156745021584,0.033030156745021584,0.0,6
lisa,erm,True,0.019475337115966763,0.014190247745388976,0.00020136313107551693,0.024542367766372288,0.019592674568852837,0.029826634465275795,0.1004184915603555,1,0.0,none,0.1,0.033030156745021584,0.033030156745021584,0.0,4
lisa,erm,True,0.019475337115966763,0.014190247745388976,0.00020136313107551693,0.024542367766372288,0.019592674568852837,0.029826634465275795,0.1004184915603555,1,0.0,none,0.2,0.033030156745021584,0.033030156745021584,0.0,3
lisa,erm,True,0.019475337115966763,0.014190247745388976,0.00020136313107551693,0.024542367766372288,0.019592674568852837,0.029826634465275795,0.1004184915603555,1,0.25,ratio,0.02,0.03531072284894604,0.033030156745021584,0.125,33
lisa,erm,True,0.019475337115966763,0.014190247745388976,0.00020136313107551693,0.024542367766372288,0.019592674568852837,0.029826634465275795,0.1004184915603555,1,0.25,ratio,0.05,0.03531072284894604,0.033030156745021584,0.125,8
lisa,erm,True,0.019475337115966763,0.014190247745388976,0.00020136313107551693,0.024542367766372288,0.019592674568852837,0.029826634465275795,0.1004184915603555,1,0.25,ratio,0.1,0.03531072284894604,0.033030156745021584,0.125,4
lisa,erm,True,0.019475337115966763,0.014190247745388976,0.00020136313107551693,0.024542367766372288,0.019592674568852837,0.029826634465275795,0.1004184915603555,1,0.25,ratio,0.2,0.03531072284894604,0.033030156745021584,0.125,3
lisa,erm,True,0.019475337115966763,0.014190247745388976,0.00020136313107551693,0.024542367766372288,0.019592674568852837,0.029826634465275795,0.1004184915603555,1,0.25,design,0.02,0.03531072284894604,0.033030156745021584,0.125,
lisa,erm,True,0.019475337115966763,0.014190247745388976,0.00020136313107551693,0.024542367766372288,0.019592674568852837,0.029826634465275795,0.1004184915603555,1,0.25,design,0.05,0.03531072284894604,0.033030156745021584,0.125,182
lisa,erm,True,0.019475337115966763,0.014190247745388976,0.00020136313107551693,0.024542367766372288,0.019592674568852837,0.029826634465275795,0.1004184915603555,1,0.25,design,0.1,0.03531072284894604,0.033030156745021584,0.125,4
lisa,erm,True,0.019475337115966763,0.014190247745388976,0.00020136313107551693,0.024542367766372288,0.019592674568852837,0.029826634465275795,0.1004184915603555,1,0.25,design,0.2,0.03531072284894604,0.033030156745021584,0.125,3
lisa,erm,True,0.019475337115966763,0.014190247745388976,0.00020136313107551693,0.024542367766372288,0.019592674568852837,0.029826634465275795,0.1004184915603555,1,0.5,ratio,0.02,0.03813993977622749,0.033030156745021584,0.25,45
lisa,erm,True,0.019475337115966763,0.014190247745388976,0.00020136313107551693,0.024542367766372288,0.019592674568852837,0.029826634465275795,0.1004184915603555,1,0.5,ratio,0.05,0.03813993977622749,0.033030156745021584,0.25,9
lisa,erm,True,0.019475337115966763,0.014190247745388976,0.00020136313107551693,0.024542367766372288,0.019592674568852837,0.029826634465275795,0.1004184915603555,1,0.5,ratio,0.1,0.03813993977622749,0.033030156745021584,0.25,4
lisa,erm,True,0.019475337115966763,0.014190247745388976,0.00020136313107551693,0.024542367766372288,0.019592674568852837,0.029826634465275795,0.1004184915603555,1,0.5,ratio,0.2,0.03813993977622749,0.033030156745021584,0.25,3
lisa,erm,True,0.019475337115966763,0.014190247745388976,0.00020136313107551693,0.024542367766372288,0.019592674568852837,0.029826634465275795,0.1004184915603555,1,0.5,design,0.02,0.03813993977622749,0.033030156745021584,0.25,
lisa,erm,True,0.019475337115966763,0.014190247745388976,0.00020136313107551693,0.024542367766372288,0.019592674568852837,0.029826634465275795,0.1004184915603555,1,0.5,design,0.05,0.03813993977622749,0.033030156745021584,0.25,
lisa,erm,True,0.019475337115966763,0.014190247745388976,0.00020136313107551693,0.024542367766372288,0.019592674568852837,0.029826634465275795,0.1004184915603555,1,0.5,design,0.1,0.03813993977622749,0.033030156745021584,0.25,6
lisa,erm,True,0.019475337115966763,0.014190247745388976,0.00020136313107551693,0.024542367766372288,0.019592674568852837,0.029826634465275795,0.1004184915603555,1,0.5,design,0.2,0.03813993977622749,0.033030156745021584,0.25,3
lisa,erm,True,0.019475337115966763,0.014190247745388976,0.00020136313107551693,0.024542367766372288,0.019592674568852837,0.029826634465275795,0.1004184915603555,3,0.0,none,0.02,0.022313803775180125,0.022313803775180125,0.0,12
lisa,erm,True,0.019475337115966763,0.014190247745388976,0.00020136313107551693,0.024542367766372288,0.019592674568852837,0.029826634465275795,0.1004184915603555,3,0.0,none,0.05,0.022313803775180125,0.022313803775180125,0.0,4
lisa,erm,True,0.019475337115966763,0.014190247745388976,0.00020136313107551693,0.024542367766372288,0.019592674568852837,0.029826634465275795,0.1004184915603555,3,0.0,none,0.1,0.022313803775180125,0.022313803775180125,0.0,3
lisa,erm,True,0.019475337115966763,0.014190247745388976,0.00020136313107551693,0.024542367766372288,0.019592674568852837,0.029826634465275795,0.1004184915603555,3,0.0,none,0.2,0.022313803775180125,0.022313803775180125,0.0,3
lisa,erm,True,0.019475337115966763,0.014190247745388976,0.00020136313107551693,0.024542367766372288,0.019592674568852837,0.029826634465275795,0.1004184915603555,3,0.25,ratio,0.02,0.023854459634979137,0.022313803775180125,0.125,16
lisa,erm,True,0.019475337115966763,0.014190247745388976,0.00020136313107551693,0.024542367766372288,0.019592674568852837,0.029826634465275795,0.1004184915603555,3,0.25,ratio,0.05,0.023854459634979137,0.022313803775180125,0.125,5
lisa,erm,True,0.019475337115966763,0.014190247745388976,0.00020136313107551693,0.024542367766372288,0.019592674568852837,0.029826634465275795,0.1004184915603555,3,0.25,ratio,0.1,0.023854459634979137,0.022313803775180125,0.125,3
lisa,erm,True,0.019475337115966763,0.014190247745388976,0.00020136313107551693,0.024542367766372288,0.019592674568852837,0.029826634465275795,0.1004184915603555,3,0.25,ratio,0.2,0.023854459634979137,0.022313803775180125,0.125,3
lisa,erm,True,0.019475337115966763,0.014190247745388976,0.00020136313107551693,0.024542367766372288,0.019592674568852837,0.029826634465275795,0.1004184915603555,3,0.25,design,0.02,0.023854459634979137,0.022313803775180125,0.125,
lisa,erm,True,0.019475337115966763,0.014190247745388976,0.00020136313107551693,0.024542367766372288,0.019592674568852837,0.029826634465275795,0.1004184915603555,3,0.25,design,0.05,0.023854459634979137,0.022313803775180125,0.125,6
lisa,erm,True,0.019475337115966763,0.014190247745388976,0.00020136313107551693,0.024542367766372288,0.019592674568852837,0.029826634465275795,0.1004184915603555,3,0.25,design,0.1,0.023854459634979137,0.022313803775180125,0.125,3
lisa,erm,True,0.019475337115966763,0.014190247745388976,0.00020136313107551693,0.024542367766372288,0.019592674568852837,0.029826634465275795,0.1004184915603555,3,0.25,design,0.2,0.023854459634979137,0.022313803775180125,0.125,3
lisa,erm,True,0.019475337115966763,0.014190247745388976,0.00020136313107551693,0.024542367766372288,0.019592674568852837,0.029826634465275795,0.1004184915603555,3,0.5,ratio,0.02,0.025765761232489467,0.022313803775180125,0.25,22
lisa,erm,True,0.019475337115966763,0.014190247745388976,0.00020136313107551693,0.024542367766372288,0.019592674568852837,0.029826634465275795,0.1004184915603555,3,0.5,ratio,0.05,0.025765761232489467,0.022313803775180125,0.25,6
lisa,erm,True,0.019475337115966763,0.014190247745388976,0.00020136313107551693,0.024542367766372288,0.019592674568852837,0.029826634465275795,0.1004184915603555,3,0.5,ratio,0.1,0.025765761232489467,0.022313803775180125,0.25,4
lisa,erm,True,0.019475337115966763,0.014190247745388976,0.00020136313107551693,0.024542367766372288,0.019592674568852837,0.029826634465275795,0.1004184915603555,3,0.5,ratio,0.2,0.025765761232489467,0.022313803775180125,0.25,3
lisa,erm,True,0.019475337115966763,0.014190247745388976,0.00020136313107551693,0.024542367766372288,0.019592674568852837,0.029826634465275795,0.1004184915603555,3,0.5,design,0.02,0.025765761232489467,0.022313803775180125,0.25,
lisa,erm,True,0.019475337115966763,0.014190247745388976,0.00020136313107551693,0.024542367766372288,0.019592674568852837,0.029826634465275795,0.1004184915603555,3,0.5,design,0.05,0.025765761232489467,0.022313803775180125,0.25,
lisa,erm,True,0.019475337115966763,0.014190247745388976,0.00020136313107551693,0.024542367766372288,0.019592674568852837,0.029826634465275795,0.1004184915603555,3,0.5,design,0.1,0.025765761232489467,0.022313803775180125,0.25,4
lisa,erm,True,0.019475337115966763,0.014190247745388976,0.00020136313107551693,0.024542367766372288,0.019592674568852837,0.029826634465275795,0.1004184915603555,3,0.5,design,0.2,0.025765761232489467,0.022313803775180125,0.25,3
lisa,erm,True,0.019475337115966763,0.014190247745388976,0.00020136313107551693,0.024542367766372288,0.019592674568852837,0.029826634465275795,0.1004184915603555,5,0.0,none,0.02,0.01947533711596676,0.01947533711596676,0.0,10
lisa,erm,True,0.019475337115966763,0.014190247745388976,0.00020136313107551693,0.024542367766372288,0.019592674568852837,0.029826634465275795,0.1004184915603555,5,0.0,none,0.05,0.01947533711596676,0.01947533711596676,0.0,4
lisa,erm,True,0.019475337115966763,0.014190247745388976,0.00020136313107551693,0.024542367766372288,0.019592674568852837,0.029826634465275795,0.1004184915603555,5,0.0,none,0.1,0.01947533711596676,0.01947533711596676,0.0,3
lisa,erm,True,0.019475337115966763,0.014190247745388976,0.00020136313107551693,0.024542367766372288,0.019592674568852837,0.029826634465275795,0.1004184915603555,5,0.0,none,0.2,0.01947533711596676,0.01947533711596676,0.0,3
lisa,erm,True,0.019475337115966763,0.014190247745388976,0.00020136313107551693,0.024542367766372288,0.019592674568852837,0.029826634465275795,0.1004184915603555,5,0.25,ratio,0.02,0.02082001113710564,0.01947533711596676,0.125,13
lisa,erm,True,0.019475337115966763,0.014190247745388976,0.00020136313107551693,0.024542367766372288,0.019592674568852837,0.029826634465275795,0.1004184915603555,5,0.25,ratio,0.05,0.02082001113710564,0.01947533711596676,0.125,4
lisa,erm,True,0.019475337115966763,0.014190247745388976,0.00020136313107551693,0.024542367766372288,0.019592674568852837,0.029826634465275795,0.1004184915603555,5,0.25,ratio,0.1,0.02082001113710564,0.01947533711596676,0.125,3
lisa,erm,True,0.019475337115966763,0.014190247745388976,0.00020136313107551693,0.024542367766372288,0.019592674568852837,0.029826634465275795,0.1004184915603555,5,0.25,ratio,0.2,0.02082001113710564,0.01947533711596676,0.125,3
lisa,erm,True,0.019475337115966763,0.014190247745388976,0.00020136313107551693,0.024542367766372288,0.019592674568852837,0.029826634465275795,0.1004184915603555,5,0.25,design,0.02,0.02082001113710564,0.01947533711596676,0.125,
lisa,erm,True,0.019475337115966763,0.014190247745388976,0.00020136313107551693,0.024542367766372288,0.019592674568852837,0.029826634465275795,0.1004184915603555,5,0.25,design,0.05,0.02082001113710564,0.01947533711596676,0.125,5
lisa,erm,True,0.019475337115966763,0.014190247745388976,0.00020136313107551693,0.024542367766372288,0.019592674568852837,0.029826634465275795,0.1004184915603555,5,0.25,design,0.1,0.02082001113710564,0.01947533711596676,0.125,3
lisa,erm,True,0.019475337115966763,0.014190247745388976,0.00020136313107551693,0.024542367766372288,0.019592674568852837,0.029826634465275795,0.1004184915603555,5,0.25,design,0.2,0.02082001113710564,0.01947533711596676,0.125,3
lisa,erm,True,0.019475337115966763,0.014190247745388976,0.00020136313107551693,0.024542367766372288,0.019592674568852837,0.029826634465275795,0.1004184915603555,5,0.5,ratio,0.02,0.02248818225292424,0.01947533711596676,0.25,17
lisa,erm,True,0.019475337115966763,0.014190247745388976,0.00020136313107551693,0.024542367766372288,0.019592674568852837,0.029826634465275795,0.1004184915603555,5,0.5,ratio,0.05,0.02248818225292424,0.01947533711596676,0.25,5
lisa,erm,True,0.019475337115966763,0.014190247745388976,0.00020136313107551693,0.024542367766372288,0.019592674568852837,0.029826634465275795,0.1004184915603555,5,0.5,ratio,0.1,0.02248818225292424,0.01947533711596676,0.25,3
lisa,erm,True,0.019475337115966763,0.014190247745388976,0.00020136313107551693,0.024542367766372288,0.019592674568852837,0.029826634465275795,0.1004184915603555,5,0.5,ratio,0.2,0.02248818225292424,0.01947533711596676,0.25,3
lisa,erm,True,0.019475337115966763,0.014190247745388976,0.00020136313107551693,0.024542367766372288,0.019592674568852837,0.029826634465275795,0.1004184915603555,5,0.5,design,0.02,0.02248818225292424,0.01947533711596676,0.25,
lisa,erm,True,0.019475337115966763,0.014190247745388976,0.00020136313107551693,0.024542367766372288,0.019592674568852837,0.029826634465275795,0.1004184915603555,5,0.5,design,0.05,0.02248818225292424,0.01947533711596676,0.25,11
lisa,erm,True,0.019475337115966763,0.014190247745388976,0.00020136313107551693,0.024542367766372288,0.019592674568852837,0.029826634465275795,0.1004184915603555,5,0.5,design,0.1,0.02248818225292424,0.01947533711596676,0.25,3
lisa,erm,True,0.019475337115966763,0.014190247745388976,0.00020136313107551693,0.024542367766372288,0.019592674568852837,0.029826634465275795,0.1004184915603555,5,0.5,design,0.2,0.02248818225292424,0.01947533711596676,0.25,3
lisa,erm,True,0.019475337115966763,0.014190247745388976,0.00020136313107551693,0.024542367766372288,0.019592674568852837,0.029826634465275795,0.1004184915603555,10,0.0,none,0.02,0.017038953706963192,0.017038953706963192,0.0,8
lisa,erm,True,0.019475337115966763,0.014190247745388976,0.00020136313107551693,0.024542367766372288,0.019592674568852837,0.029826634465275795,0.1004184915603555,10,0.0,none,0.05,0.017038953706963192,0.017038953706963192,0.0,4
lisa,erm,True,0.019475337115966763,0.014190247745388976,0.00020136313107551693,0.024542367766372288,0.019592674568852837,0.029826634465275795,0.1004184915603555,10,0.0,none,0.1,0.017038953706963192,0.017038953706963192,0.0,3
lisa,erm,True,0.019475337115966763,0.014190247745388976,0.00020136313107551693,0.024542367766372288,0.019592674568852837,0.029826634465275795,0.1004184915603555,10,0.0,none,0.2,0.017038953706963192,0.017038953706963192,0.0,2
lisa,erm,True,0.019475337115966763,0.014190247745388976,0.00020136313107551693,0.024542367766372288,0.019592674568852837,0.029826634465275795,0.1004184915603555,10,0.25,ratio,0.02,0.01821540771444516,0.017038953706963192,0.125,11
lisa,erm,True,0.019475337115966763,0.014190247745388976,0.00020136313107551693,0.024542367766372288,0.019592674568852837,0.029826634465275795,0.1004184915603555,10,0.25,ratio,0.05,0.01821540771444516,0.017038953706963192,0.125,4
lisa,erm,True,0.019475337115966763,0.014190247745388976,0.00020136313107551693,0.024542367766372288,0.019592674568852837,0.029826634465275795,0.1004184915603555,10,0.25,ratio,0.1,0.01821540771444516,0.017038953706963192,0.125,3
lisa,erm,True,0.019475337115966763,0.014190247745388976,0.00020136313107551693,0.024542367766372288,0.019592674568852837,0.029826634465275795,0.1004184915603555,10,0.25,ratio,0.2,0.01821540771444516,0.017038953706963192,0.125,3
lisa,erm,True,0.019475337115966763,0.014190247745388976,0.00020136313107551693,0.024542367766372288,0.019592674568852837,0.029826634465275795,0.1004184915603555,10,0.25,design,0.02,0.01821540771444516,0.017038953706963192,0.125,
lisa,erm,True,0.019475337115966763,0.014190247745388976,0.00020136313107551693,0.024542367766372288,0.019592674568852837,0.029826634465275795,0.1004184915603555,10,0.25,design,0.05,0.01821540771444516,0.017038953706963192,0.125,4
lisa,erm,True,0.019475337115966763,0.014190247745388976,0.00020136313107551693,0.024542367766372288,0.019592674568852837,0.029826634465275795,0.1004184915603555,10,0.25,design,0.1,0.01821540771444516,0.017038953706963192,0.125,3
lisa,erm,True,0.019475337115966763,0.014190247745388976,0.00020136313107551693,0.024542367766372288,0.019592674568852837,0.029826634465275795,0.1004184915603555,10,0.25,design,0.2,0.01821540771444516,0.017038953706963192,0.125,3
lisa,erm,True,0.019475337115966763,0.014190247745388976,0.00020136313107551693,0.024542367766372288,0.019592674568852837,0.029826634465275795,0.1004184915603555,10,0.5,ratio,0.02,0.01967488901884954,0.017038953706963192,0.25,14
lisa,erm,True,0.019475337115966763,0.014190247745388976,0.00020136313107551693,0.024542367766372288,0.019592674568852837,0.029826634465275795,0.1004184915603555,10,0.5,ratio,0.05,0.01967488901884954,0.017038953706963192,0.25,5
lisa,erm,True,0.019475337115966763,0.014190247745388976,0.00020136313107551693,0.024542367766372288,0.019592674568852837,0.029826634465275795,0.1004184915603555,10,0.5,ratio,0.1,0.01967488901884954,0.017038953706963192,0.25,3
lisa,erm,True,0.019475337115966763,0.014190247745388976,0.00020136313107551693,0.024542367766372288,0.019592674568852837,0.029826634465275795,0.1004184915603555,10,0.5,ratio,0.2,0.01967488901884954,0.017038953706963192,0.25,3
lisa,erm,True,0.019475337115966763,0.014190247745388976,0.00020136313107551693,0.024542367766372288,0.019592674568852837,0.029826634465275795,0.1004184915603555,10,0.5,design,0.02,0.01967488901884954,0.017038953706963192,0.25,
lisa,erm,True,0.019475337115966763,0.014190247745388976,0.00020136313107551693,0.024542367766372288,0.019592674568852837,0.029826634465275795,0.1004184915603555,10,0.5,design,0.05,0.01967488901884954,0.017038953706963192,0.25,6
lisa,erm,True,0.019475337115966763,0.014190247745388976,0.00020136313107551693,0.024542367766372288,0.019592674568852837,0.029826634465275795,0.1004184915603555,10,0.5,design,0.1,0.01967488901884954,0.017038953706963192,0.25,3
lisa,erm,True,0.019475337115966763,0.014190247745388976,0.00020136313107551693,0.024542367766372288,0.019592674568852837,0.029826634465275795,0.1004184915603555,10,0.5,design,0.2,0.01967488901884954,0.017038953706963192,0.25,3
macenko,erm,True,0.018779461351785272,0.016282566201730207,0.0002651219621137269,0.0080923131463104,0.019592674568852837,0.02092202267342594,0.03666790229959582,1,0.0,none,0.02,0.026511374820274335,0.026511374820274335,0.0,16
macenko,erm,True,0.018779461351785272,0.016282566201730207,0.0002651219621137269,0.0080923131463104,0.019592674568852837,0.02092202267342594,0.03666790229959582,1,0.0,none,0.05,0.026511374820274335,0.026511374820274335,0.0,5
macenko,erm,True,0.018779461351785272,0.016282566201730207,0.0002651219621137269,0.0080923131463104,0.019592674568852837,0.02092202267342594,0.03666790229959582,1,0.0,none,0.1,0.026511374820274335,0.026511374820274335,0.0,3
macenko,erm,True,0.018779461351785272,0.016282566201730207,0.0002651219621137269,0.0080923131463104,0.019592674568852837,0.02092202267342594,0.03666790229959582,1,0.0,none,0.2,0.026511374820274335,0.026511374820274335,0.0,3
macenko,erm,True,0.018779461351785272,0.016282566201730207,0.0002651219621137269,0.0080923131463104,0.019592674568852837,0.02092202267342594,0.03666790229959582,1,0.25,ratio,0.02,0.028341851837089184,0.026511374820274335,0.125,22
macenko,erm,True,0.018779461351785272,0.016282566201730207,0.0002651219621137269,0.0080923131463104,0.019592674568852837,0.02092202267342594,0.03666790229959582,1,0.25,ratio,0.05,0.028341851837089184,0.026511374820274335,0.125,6
macenko,erm,True,0.018779461351785272,0.016282566201730207,0.0002651219621137269,0.0080923131463104,0.019592674568852837,0.02092202267342594,0.03666790229959582,1,0.25,ratio,0.1,0.028341851837089184,0.026511374820274335,0.125,4
macenko,erm,True,0.018779461351785272,0.016282566201730207,0.0002651219621137269,0.0080923131463104,0.019592674568852837,0.02092202267342594,0.03666790229959582,1,0.25,ratio,0.2,0.028341851837089184,0.026511374820274335,0.125,3
macenko,erm,True,0.018779461351785272,0.016282566201730207,0.0002651219621137269,0.0080923131463104,0.019592674568852837,0.02092202267342594,0.03666790229959582,1,0.25,design,0.02,0.028341851837089184,0.026511374820274335,0.125,
macenko,erm,True,0.018779461351785272,0.016282566201730207,0.0002651219621137269,0.0080923131463104,0.019592674568852837,0.02092202267342594,0.03666790229959582,1,0.25,design,0.05,0.028341851837089184,0.026511374820274335,0.125,10
macenko,erm,True,0.018779461351785272,0.016282566201730207,0.0002651219621137269,0.0080923131463104,0.019592674568852837,0.02092202267342594,0.03666790229959582,1,0.25,design,0.1,0.028341851837089184,0.026511374820274335,0.125,4
macenko,erm,True,0.018779461351785272,0.016282566201730207,0.0002651219621137269,0.0080923131463104,0.019592674568852837,0.02092202267342594,0.03666790229959582,1,0.25,design,0.2,0.028341851837089184,0.026511374820274335,0.125,3
macenko,erm,True,0.018779461351785272,0.016282566201730207,0.0002651219621137269,0.0080923131463104,0.019592674568852837,0.02092202267342594,0.03666790229959582,1,0.5,ratio,0.02,0.03061269877814491,0.026511374820274335,0.25,30
macenko,erm,True,0.018779461351785272,0.016282566201730207,0.0002651219621137269,0.0080923131463104,0.019592674568852837,0.02092202267342594,0.03666790229959582,1,0.5,ratio,0.05,0.03061269877814491,0.026511374820274335,0.25,7
macenko,erm,True,0.018779461351785272,0.016282566201730207,0.0002651219621137269,0.0080923131463104,0.019592674568852837,0.02092202267342594,0.03666790229959582,1,0.5,ratio,0.1,0.03061269877814491,0.026511374820274335,0.25,4
macenko,erm,True,0.018779461351785272,0.016282566201730207,0.0002651219621137269,0.0080923131463104,0.019592674568852837,0.02092202267342594,0.03666790229959582,1,0.5,ratio,0.2,0.03061269877814491,0.026511374820274335,0.25,3
macenko,erm,True,0.018779461351785272,0.016282566201730207,0.0002651219621137269,0.0080923131463104,0.019592674568852837,0.02092202267342594,0.03666790229959582,1,0.5,design,0.02,0.03061269877814491,0.026511374820274335,0.25,
macenko,erm,True,0.018779461351785272,0.016282566201730207,0.0002651219621137269,0.0080923131463104,0.019592674568852837,0.02092202267342594,0.03666790229959582,1,0.5,design,0.05,0.03061269877814491,0.026511374820274335,0.25,
macenko,erm,True,0.018779461351785272,0.016282566201730207,0.0002651219621137269,0.0080923131463104,0.019592674568852837,0.02092202267342594,0.03666790229959582,1,0.5,design,0.1,0.03061269877814491,0.026511374820274335,0.25,4
macenko,erm,True,0.018779461351785272,0.016282566201730207,0.0002651219621137269,0.0080923131463104,0.019592674568852837,0.02092202267342594,0.03666790229959582,1,0.5,design,0.2,0.03061269877814491,0.026511374820274335,0.25,3
macenko,erm,True,0.018779461351785272,0.016282566201730207,0.0002651219621137269,0.0080923131463104,0.019592674568852837,0.02092202267342594,0.03666790229959582,3,0.0,none,0.02,0.02027393169473655,0.02027393169473655,0.0,11
macenko,erm,True,0.018779461351785272,0.016282566201730207,0.0002651219621137269,0.0080923131463104,0.019592674568852837,0.02092202267342594,0.03666790229959582,3,0.0,none,0.05,0.02027393169473655,0.02027393169473655,0.0,4
macenko,erm,True,0.018779461351785272,0.016282566201730207,0.0002651219621137269,0.0080923131463104,0.019592674568852837,0.02092202267342594,0.03666790229959582,3,0.0,none,0.1,0.02027393169473655,0.02027393169473655,0.0,3
macenko,erm,True,0.018779461351785272,0.016282566201730207,0.0002651219621137269,0.0080923131463104,0.019592674568852837,0.02092202267342594,0.03666790229959582,3,0.0,none,0.2,0.02027393169473655,0.02027393169473655,0.0,3
macenko,erm,True,0.018779461351785272,0.016282566201730207,0.0002651219621137269,0.0080923131463104,0.019592674568852837,0.02092202267342594,0.03666790229959582,3,0.25,ratio,0.02,0.021673744652731815,0.02027393169473655,0.125,14
macenko,erm,True,0.018779461351785272,0.016282566201730207,0.0002651219621137269,0.0080923131463104,0.019592674568852837,0.02092202267342594,0.03666790229959582,3,0.25,ratio,0.05,0.021673744652731815,0.02027393169473655,0.125,5
macenko,erm,True,0.018779461351785272,0.016282566201730207,0.0002651219621137269,0.0080923131463104,0.019592674568852837,0.02092202267342594,0.03666790229959582,3,0.25,ratio,0.1,0.021673744652731815,0.02027393169473655,0.125,3
macenko,erm,True,0.018779461351785272,0.016282566201730207,0.0002651219621137269,0.0080923131463104,0.019592674568852837,0.02092202267342594,0.03666790229959582,3,0.25,ratio,0.2,0.021673744652731815,0.02027393169473655,0.125,3
macenko,erm,True,0.018779461351785272,0.016282566201730207,0.0002651219621137269,0.0080923131463104,0.019592674568852837,0.02092202267342594,0.03666790229959582,3,0.25,design,0.02,0.021673744652731815,0.02027393169473655,0.125,
macenko,erm,True,0.018779461351785272,0.016282566201730207,0.0002651219621137269,0.0080923131463104,0.019592674568852837,0.02092202267342594,0.03666790229959582,3,0.25,design,0.05,0.021673744652731815,0.02027393169473655,0.125,5
macenko,erm,True,0.018779461351785272,0.016282566201730207,0.0002651219621137269,0.0080923131463104,0.019592674568852837,0.02092202267342594,0.03666790229959582,3,0.25,design,0.1,0.021673744652731815,0.02027393169473655,0.125,3
macenko,erm,True,0.018779461351785272,0.016282566201730207,0.0002651219621137269,0.0080923131463104,0.019592674568852837,0.02092202267342594,0.03666790229959582,3,0.25,design,0.2,0.021673744652731815,0.02027393169473655,0.125,3
macenko,erm,True,0.018779461351785272,0.016282566201730207,0.0002651219621137269,0.0080923131463104,0.019592674568852837,0.02092202267342594,0.03666790229959582,3,0.5,ratio,0.02,0.02341031984297647,0.02027393169473655,0.25,19
macenko,erm,True,0.018779461351785272,0.016282566201730207,0.0002651219621137269,0.0080923131463104,0.019592674568852837,0.02092202267342594,0.03666790229959582,3,0.5,ratio,0.05,0.02341031984297647,0.02027393169473655,0.25,5
macenko,erm,True,0.018779461351785272,0.016282566201730207,0.0002651219621137269,0.0080923131463104,0.019592674568852837,0.02092202267342594,0.03666790229959582,3,0.5,ratio,0.1,0.02341031984297647,0.02027393169473655,0.25,3
macenko,erm,True,0.018779461351785272,0.016282566201730207,0.0002651219621137269,0.0080923131463104,0.019592674568852837,0.02092202267342594,0.03666790229959582,3,0.5,ratio,0.2,0.02341031984297647,0.02027393169473655,0.25,3
macenko,erm,True,0.018779461351785272,0.016282566201730207,0.0002651219621137269,0.0080923131463104,0.019592674568852837,0.02092202267342594,0.03666790229959582,3,0.5,design,0.02,0.02341031984297647,0.02027393169473655,0.25,
macenko,erm,True,0.018779461351785272,0.016282566201730207,0.0002651219621137269,0.0080923131463104,0.019592674568852837,0.02092202267342594,0.03666790229959582,3,0.5,design,0.05,0.02341031984297647,0.02027393169473655,0.25,15
macenko,erm,True,0.018779461351785272,0.016282566201730207,0.0002651219621137269,0.0080923131463104,0.019592674568852837,0.02092202267342594,0.03666790229959582,3,0.5,design,0.1,0.02341031984297647,0.02027393169473655,0.25,3
macenko,erm,True,0.018779461351785272,0.016282566201730207,0.0002651219621137269,0.0080923131463104,0.019592674568852837,0.02092202267342594,0.03666790229959582,3,0.5,design,0.2,0.02341031984297647,0.02027393169473655,0.25,3
macenko,erm,True,0.018779461351785272,0.016282566201730207,0.0002651219621137269,0.0080923131463104,0.019592674568852837,0.02092202267342594,0.03666790229959582,5,0.0,none,0.02,0.018779461351785272,0.018779461351785272,0.0,10
macenko,erm,True,0.018779461351785272,0.016282566201730207,0.0002651219621137269,0.0080923131463104,0.019592674568852837,0.02092202267342594,0.03666790229959582,5,0.0,none,0.05,0.018779461351785272,0.018779461351785272,0.0,4
macenko,erm,True,0.018779461351785272,0.016282566201730207,0.0002651219621137269,0.0080923131463104,0.019592674568852837,0.02092202267342594,0.03666790229959582,5,0.0,none,0.1,0.018779461351785272,0.018779461351785272,0.0,3
macenko,erm,True,0.018779461351785272,0.016282566201730207,0.0002651219621137269,0.0080923131463104,0.019592674568852837,0.02092202267342594,0.03666790229959582,5,0.0,none,0.2,0.018779461351785272,0.018779461351785272,0.0,3
macenko,erm,True,0.018779461351785272,0.016282566201730207,0.0002651219621137269,0.0080923131463104,0.019592674568852837,0.02092202267342594,0.03666790229959582,5,0.25,ratio,0.02,0.020076088653298033,0.018779461351785272,0.125,12
macenko,erm,True,0.018779461351785272,0.016282566201730207,0.0002651219621137269,0.0080923131463104,0.019592674568852837,0.02092202267342594,0.03666790229959582,5,0.25,ratio,0.05,0.020076088653298033,0.018779461351785272,0.125,4
macenko,erm,True,0.018779461351785272,0.016282566201730207,0.0002651219621137269,0.0080923131463104,0.019592674568852837,0.02092202267342594,0.03666790229959582,5,0.25,ratio,0.1,0.020076088653298033,0.018779461351785272,0.125,3
macenko,erm,True,0.018779461351785272,0.016282566201730207,0.0002651219621137269,0.0080923131463104,0.019592674568852837,0.02092202267342594,0.03666790229959582,5,0.25,ratio,0.2,0.020076088653298033,0.018779461351785272,0.125,3
macenko,erm,True,0.018779461351785272,0.016282566201730207,0.0002651219621137269,0.0080923131463104,0.019592674568852837,0.02092202267342594,0.03666790229959582,5,0.25,design,0.02,0.020076088653298033,0.018779461351785272,0.125,
macenko,erm,True,0.018779461351785272,0.016282566201730207,0.0002651219621137269,0.0080923131463104,0.019592674568852837,0.02092202267342594,0.03666790229959582,5,0.25,design,0.05,0.020076088653298033,0.018779461351785272,0.125,5
macenko,erm,True,0.018779461351785272,0.016282566201730207,0.0002651219621137269,0.0080923131463104,0.019592674568852837,0.02092202267342594,0.03666790229959582,5,0.25,design,0.1,0.020076088653298033,0.018779461351785272,0.125,3
macenko,erm,True,0.018779461351785272,0.016282566201730207,0.0002651219621137269,0.0080923131463104,0.019592674568852837,0.02092202267342594,0.03666790229959582,5,0.25,design,0.2,0.020076088653298033,0.018779461351785272,0.125,3
macenko,erm,True,0.018779461351785272,0.016282566201730207,0.0002651219621137269,0.0080923131463104,0.019592674568852837,0.02092202267342594,0.03666790229959582,5,0.5,ratio,0.02,0.021684654133378802,0.018779461351785272,0.25,16
macenko,erm,True,0.018779461351785272,0.016282566201730207,0.0002651219621137269,0.0080923131463104,0.019592674568852837,0.02092202267342594,0.03666790229959582,5,0.5,ratio,0.05,0.021684654133378802,0.018779461351785272,0.25,5
macenko,erm,True,0.018779461351785272,0.016282566201730207,0.0002651219621137269,0.0080923131463104,0.019592674568852837,0.02092202267342594,0.03666790229959582,5,0.5,ratio,0.1,0.021684654133378802,0.018779461351785272,0.25,3
macenko,erm,True,0.018779461351785272,0.016282566201730207,0.0002651219621137269,0.0080923131463104,0.019592674568852837,0.02092202267342594,0.03666790229959582,5,0.5,ratio,0.2,0.021684654133378802,0.018779461351785272,0.25,3
macenko,erm,True,0.018779461351785272,0.016282566201730207,0.0002651219621137269,0.0080923131463104,0.019592674568852837,0.02092202267342594,0.03666790229959582,5,0.5,design,0.02,0.021684654133378802,0.018779461351785272,0.25,
macenko,erm,True,0.018779461351785272,0.016282566201730207,0.0002651219621137269,0.0080923131463104,0.019592674568852837,0.02092202267342594,0.03666790229959582,5,0.5,design,0.05,0.021684654133378802,0.018779461351785272,0.25,9
macenko,erm,True,0.018779461351785272,0.016282566201730207,0.0002651219621137269,0.0080923131463104,0.019592674568852837,0.02092202267342594,0.03666790229959582,5,0.5,design,0.1,0.021684654133378802,0.018779461351785272,0.25,3
macenko,erm,True,0.018779461351785272,0.016282566201730207,0.0002651219621137269,0.0080923131463104,0.019592674568852837,0.02092202267342594,0.03666790229959582,5,0.5,design,0.2,0.021684654133378802,0.018779461351785272,0.25,3
macenko,erm,True,0.018779461351785272,0.016282566201730207,0.0002651219621137269,0.0080923131463104,0.019592674568852837,0.02092202267342594,0.03666790229959582,10,0.0,none,0.02,0.017575410817060915,0.017575410817060915,0.0,9
macenko,erm,True,0.018779461351785272,0.016282566201730207,0.0002651219621137269,0.0080923131463104,0.019592674568852837,0.02092202267342594,0.03666790229959582,10,0.0,none,0.05,0.017575410817060915,0.017575410817060915,0.0,4
macenko,erm,True,0.018779461351785272,0.016282566201730207,0.0002651219621137269,0.0080923131463104,0.019592674568852837,0.02092202267342594,0.03666790229959582,10,0.0,none,0.1,0.017575410817060915,0.017575410817060915,0.0,3
macenko,erm,True,0.018779461351785272,0.016282566201730207,0.0002651219621137269,0.0080923131463104,0.019592674568852837,0.02092202267342594,0.03666790229959582,10,0.0,none,0.2,0.017575410817060915,0.017575410817060915,0.0,3
macenko,erm,True,0.018779461351785272,0.016282566201730207,0.0002651219621137269,0.0080923131463104,0.019592674568852837,0.02092202267342594,0.03666790229959582,10,0.25,ratio,0.02,0.018788904488355032,0.017575410817060915,0.125,11
macenko,erm,True,0.018779461351785272,0.016282566201730207,0.0002651219621137269,0.0080923131463104,0.019592674568852837,0.02092202267342594,0.03666790229959582,10,0.25,ratio,0.05,0.018788904488355032,0.017575410817060915,0.125,4
macenko,erm,True,0.018779461351785272,0.016282566201730207,0.0002651219621137269,0.0080923131463104,0.019592674568852837,0.02092202267342594,0.03666790229959582,10,0.25,ratio,0.1,0.018788904488355032,0.017575410817060915,0.125,3
macenko,erm,True,0.018779461351785272,0.016282566201730207,0.0002651219621137269,0.0080923131463104,0.019592674568852837,0.02092202267342594,0.03666790229959582,10,0.25,ratio,0.2,0.018788904488355032,0.017575410817060915,0.125,3
macenko,erm,True,0.018779461351785272,0.016282566201730207,0.0002651219621137269,0.0080923131463104,0.019592674568852837,0.02092202267342594,0.03666790229959582,10,0.25,design,0.02,0.018788904488355032,0.017575410817060915,0.125,
macenko,erm,True,0.018779461351785272,0.016282566201730207,0.0002651219621137269,0.0080923131463104,0.019592674568852837,0.02092202267342594,0.03666790229959582,10,0.25,design,0.05,0.018788904488355032,0.017575410817060915,0.125,4
macenko,erm,True,0.018779461351785272,0.016282566201730207,0.0002651219621137269,0.0080923131463104,0.019592674568852837,0.02092202267342594,0.03666790229959582,10,0.25,design,0.1,0.018788904488355032,0.017575410817060915,0.125,3
macenko,erm,True,0.018779461351785272,0.016282566201730207,0.0002651219621137269,0.0080923131463104,0.019592674568852837,0.02092202267342594,0.03666790229959582,10,0.25,design,0.2,0.018788904488355032,0.017575410817060915,0.125,3
macenko,erm,True,0.018779461351785272,0.016282566201730207,0.0002651219621137269,0.0080923131463104,0.019592674568852837,0.02092202267342594,0.03666790229959582,10,0.5,ratio,0.02,0.020294336332696762,0.017575410817060915,0.25,15
macenko,erm,True,0.018779461351785272,0.016282566201730207,0.0002651219621137269,0.0080923131463104,0.019592674568852837,0.02092202267342594,0.03666790229959582,10,0.5,ratio,0.05,0.020294336332696762,0.017575410817060915,0.25,5
macenko,erm,True,0.018779461351785272,0.016282566201730207,0.0002651219621137269,0.0080923131463104,0.019592674568852837,0.02092202267342594,0.03666790229959582,10,0.5,ratio,0.1,0.020294336332696762,0.017575410817060915,0.25,3
macenko,erm,True,0.018779461351785272,0.016282566201730207,0.0002651219621137269,0.0080923131463104,0.019592674568852837,0.02092202267342594,0.03666790229959582,10,0.5,ratio,0.2,0.020294336332696762,0.017575410817060915,0.25,3
macenko,erm,True,0.018779461351785272,0.016282566201730207,0.0002651219621137269,0.0080923131463104,0.019592674568852837,0.02092202267342594,0.03666790229959582,10,0.5,design,0.02,0.020294336332696762,0.017575410817060915,0.25,
macenko,erm,True,0.018779461351785272,0.016282566201730207,0.0002651219621137269,0.0080923131463104,0.019592674568852837,0.02092202267342594,0.03666790229959582,10,0.5,design,0.05,0.020294336332696762,0.017575410817060915,0.25,7
macenko,erm,True,0.018779461351785272,0.016282566201730207,0.0002651219621137269,0.0080923131463104,0.019592674568852837,0.02092202267342594,0.03666790229959582,10,0.5,design,0.1,0.020294336332696762,0.017575410817060915,0.25,3
macenko,erm,True,0.018779461351785272,0.016282566201730207,0.0002651219621137269,0.0080923131463104,0.019592674568852837,0.02092202267342594,0.03666790229959582,10,0.5,design,0.2,0.020294336332696762,0.017575410817060915,0.25,3
macenko_tile,erm,True,0.012034571817071153,0.007066565419021335,4.993634682130818e-05,0.006413698115921977,0.019592674568852837,0.021782397939498658,-0.19681620752604836,1,0.0,none,0.02,0.022899982681565144,0.022899982681565144,0.0,13
macenko_tile,erm,True,0.012034571817071153,0.007066565419021335,4.993634682130818e-05,0.006413698115921977,0.019592674568852837,0.021782397939498658,-0.19681620752604836,1,0.0,none,0.05,0.022899982681565144,0.022899982681565144,0.0,4
macenko_tile,erm,True,0.012034571817071153,0.007066565419021335,4.993634682130818e-05,0.006413698115921977,0.019592674568852837,0.021782397939498658,-0.19681620752604836,1,0.0,none,0.1,0.022899982681565144,0.022899982681565144,0.0,3
macenko_tile,erm,True,0.012034571817071153,0.007066565419021335,4.993634682130818e-05,0.006413698115921977,0.019592674568852837,0.021782397939498658,-0.19681620752604836,1,0.0,none,0.2,0.022899982681565144,0.022899982681565144,0.0,3
macenko_tile,erm,True,0.012034571817071153,0.007066565419021335,4.993634682130818e-05,0.006413698115921977,0.019592674568852837,0.021782397939498658,-0.19681620752604836,1,0.25,ratio,0.02,0.024481111244992443,0.022899982681565144,0.125,17
macenko_tile,erm,True,0.012034571817071153,0.007066565419021335,4.993634682130818e-05,0.006413698115921977,0.019592674568852837,0.021782397939498658,-0.19681620752604836,1,0.25,ratio,0.05,0.024481111244992443,0.022899982681565144,0.125,5
macenko_tile,erm,True,0.012034571817071153,0.007066565419021335,4.993634682130818e-05,0.006413698115921977,0.019592674568852837,0.021782397939498658,-0.19681620752604836,1,0.25,ratio,0.1,0.024481111244992443,0.022899982681565144,0.125,3
macenko_tile,erm,True,0.012034571817071153,0.007066565419021335,4.993634682130818e-05,0.006413698115921977,0.019592674568852837,0.021782397939498658,-0.19681620752604836,1,0.25,ratio,0.2,0.024481111244992443,0.022899982681565144,0.125,3
macenko_tile,erm,True,0.012034571817071153,0.007066565419021335,4.993634682130818e-05,0.006413698115921977,0.019592674568852837,0.021782397939498658,-0.19681620752604836,1,0.25,design,0.02,0.024481111244992443,0.022899982681565144,0.125,
macenko_tile,erm,True,0.012034571817071153,0.007066565419021335,4.993634682130818e-05,0.006413698115921977,0.019592674568852837,0.021782397939498658,-0.19681620752604836,1,0.25,design,0.05,0.024481111244992443,0.022899982681565144,0.125,6
macenko_tile,erm,True,0.012034571817071153,0.007066565419021335,4.993634682130818e-05,0.006413698115921977,0.019592674568852837,0.021782397939498658,-0.19681620752604836,1,0.25,design,0.1,0.024481111244992443,0.022899982681565144,0.125,3
macenko_tile,erm,True,0.012034571817071153,0.007066565419021335,4.993634682130818e-05,0.006413698115921977,0.019592674568852837,0.021782397939498658,-0.19681620752604836,1,0.25,design,0.2,0.024481111244992443,0.022899982681565144,0.125,3
macenko_tile,erm,True,0.012034571817071153,0.007066565419021335,4.993634682130818e-05,0.006413698115921977,0.019592674568852837,0.021782397939498658,-0.19681620752604836,1,0.5,ratio,0.02,0.02644262233127881,0.022899982681565144,0.25,23
macenko_tile,erm,True,0.012034571817071153,0.007066565419021335,4.993634682130818e-05,0.006413698115921977,0.019592674568852837,0.021782397939498658,-0.19681620752604836,1,0.5,ratio,0.05,0.02644262233127881,0.022899982681565144,0.25,6
macenko_tile,erm,True,0.012034571817071153,0.007066565419021335,4.993634682130818e-05,0.006413698115921977,0.019592674568852837,0.021782397939498658,-0.19681620752604836,1,0.5,ratio,0.1,0.02644262233127881,0.022899982681565144,0.25,4
macenko_tile,erm,True,0.012034571817071153,0.007066565419021335,4.993634682130818e-05,0.006413698115921977,0.019592674568852837,0.021782397939498658,-0.19681620752604836,1,0.5,ratio,0.2,0.02644262233127881,0.022899982681565144,0.25,3
macenko_tile,erm,True,0.012034571817071153,0.007066565419021335,4.993634682130818e-05,0.006413698115921977,0.019592674568852837,0.021782397939498658,-0.19681620752604836,1,0.5,design,0.02,0.02644262233127881,0.022899982681565144,0.25,
macenko_tile,erm,True,0.012034571817071153,0.007066565419021335,4.993634682130818e-05,0.006413698115921977,0.019592674568852837,0.021782397939498658,-0.19681620752604836,1,0.5,design,0.05,0.02644262233127881,0.022899982681565144,0.25,
macenko_tile,erm,True,0.012034571817071153,0.007066565419021335,4.993634682130818e-05,0.006413698115921977,0.019592674568852837,0.021782397939498658,-0.19681620752604836,1,0.5,design,0.1,0.02644262233127881,0.022899982681565144,0.25,4
macenko_tile,erm,True,0.012034571817071153,0.007066565419021335,4.993634682130818e-05,0.006413698115921977,0.019592674568852837,0.021782397939498658,-0.19681620752604836,1,0.5,design,0.2,0.02644262233127881,0.022899982681565144,0.25,3
macenko_tile,erm,True,0.012034571817071153,0.007066565419021335,4.993634682130818e-05,0.006413698115921977,0.019592674568852837,0.021782397939498658,-0.19681620752604836,3,0.0,none,0.02,0.014425462447337115,0.014425462447337115,0.0,7
macenko_tile,erm,True,0.012034571817071153,0.007066565419021335,4.993634682130818e-05,0.006413698115921977,0.019592674568852837,0.021782397939498658,-0.19681620752604836,3,0.0,none,0.05,0.014425462447337115,0.014425462447337115,0.0,3
macenko_tile,erm,True,0.012034571817071153,0.007066565419021335,4.993634682130818e-05,0.006413698115921977,0.019592674568852837,0.021782397939498658,-0.19681620752604836,3,0.0,none,0.1,0.014425462447337115,0.014425462447337115,0.0,3
macenko_tile,erm,True,0.012034571817071153,0.007066565419021335,4.993634682130818e-05,0.006413698115921977,0.019592674568852837,0.021782397939498658,-0.19681620752604836,3,0.0,none,0.2,0.014425462447337115,0.014425462447337115,0.0,2
macenko_tile,erm,True,0.012034571817071153,0.007066565419021335,4.993634682130818e-05,0.006413698115921977,0.019592674568852837,0.021782397939498658,-0.19681620752604836,3,0.25,ratio,0.02,0.015421468035345434,0.014425462447337115,0.125,8
macenko_tile,erm,True,0.012034571817071153,0.007066565419021335,4.993634682130818e-05,0.006413698115921977,0.019592674568852837,0.021782397939498658,-0.19681620752604836,3,0.25,ratio,0.05,0.015421468035345434,0.014425462447337115,0.125,4
macenko_tile,erm,True,0.012034571817071153,0.007066565419021335,4.993634682130818e-05,0.006413698115921977,0.019592674568852837,0.021782397939498658,-0.19681620752604836,3,0.25,ratio,0.1,0.015421468035345434,0.014425462447337115,0.125,3
macenko_tile,erm,True,0.012034571817071153,0.007066565419021335,4.993634682130818e-05,0.006413698115921977,0.019592674568852837,0.021782397939498658,-0.19681620752604836,3,0.25,ratio,0.2,0.015421468035345434,0.014425462447337115,0.125,2
macenko_tile,erm,True,0.012034571817071153,0.007066565419021335,4.993634682130818e-05,0.006413698115921977,0.019592674568852837,0.021782397939498658,-0.19681620752604836,3,0.25,design,0.02,0.015421468035345434,0.014425462447337115,0.125,
macenko_tile,erm,True,0.012034571817071153,0.007066565419021335,4.993634682130818e-05,0.006413698115921977,0.019592674568852837,0.021782397939498658,-0.19681620752604836,3,0.25,design,0.05,0.015421468035345434,0.014425462447337115,0.125,4
macenko_tile,erm,True,0.012034571817071153,0.007066565419021335,4.993634682130818e-05,0.006413698115921977,0.019592674568852837,0.021782397939498658,-0.19681620752604836,3,0.25,design,0.1,0.015421468035345434,0.014425462447337115,0.125,3
macenko_tile,erm,True,0.012034571817071153,0.007066565419021335,4.993634682130818e-05,0.006413698115921977,0.019592674568852837,0.021782397939498658,-0.19681620752604836,3,0.25,design,0.2,0.015421468035345434,0.014425462447337115,0.125,2
macenko_tile,erm,True,0.012034571817071153,0.007066565419021335,4.993634682130818e-05,0.006413698115921977,0.019592674568852837,0.021782397939498658,-0.19681620752604836,3,0.5,ratio,0.02,0.016657089254309844,0.014425462447337115,0.25,11
macenko_tile,erm,True,0.012034571817071153,0.007066565419021335,4.993634682130818e-05,0.006413698115921977,0.019592674568852837,0.021782397939498658,-0.19681620752604836,3,0.5,ratio,0.05,0.016657089254309844,0.014425462447337115,0.25,4
macenko_tile,erm,True,0.012034571817071153,0.007066565419021335,4.993634682130818e-05,0.006413698115921977,0.019592674568852837,0.021782397939498658,-0.19681620752604836,3,0.5,ratio,0.1,0.016657089254309844,0.014425462447337115,0.25,3
macenko_tile,erm,True,0.012034571817071153,0.007066565419021335,4.993634682130818e-05,0.006413698115921977,0.019592674568852837,0.021782397939498658,-0.19681620752604836,3,0.5,ratio,0.2,0.016657089254309844,0.014425462447337115,0.25,3
macenko_tile,erm,True,0.012034571817071153,0.007066565419021335,4.993634682130818e-05,0.006413698115921977,0.019592674568852837,0.021782397939498658,-0.19681620752604836,3,0.5,design,0.02,0.016657089254309844,0.014425462447337115,0.25,
macenko_tile,erm,True,0.012034571817071153,0.007066565419021335,4.993634682130818e-05,0.006413698115921977,0.019592674568852837,0.021782397939498658,-0.19681620752604836,3,0.5,design,0.05,0.016657089254309844,0.014425462447337115,0.25,5
macenko_tile,erm,True,0.012034571817071153,0.007066565419021335,4.993634682130818e-05,0.006413698115921977,0.019592674568852837,0.021782397939498658,-0.19681620752604836,3,0.5,design,0.1,0.016657089254309844,0.014425462447337115,0.25,3
macenko_tile,erm,True,0.012034571817071153,0.007066565419021335,4.993634682130818e-05,0.006413698115921977,0.019592674568852837,0.021782397939498658,-0.19681620752604836,3,0.5,design,0.2,0.016657089254309844,0.014425462447337115,0.25,2
macenko_tile,erm,True,0.012034571817071153,0.007066565419021335,4.993634682130818e-05,0.006413698115921977,0.019592674568852837,0.021782397939498658,-0.19681620752604836,5,0.0,none,0.02,0.012034571817071153,0.012034571817071153,0.0,6
macenko_tile,erm,True,0.012034571817071153,0.007066565419021335,4.993634682130818e-05,0.006413698115921977,0.019592674568852837,0.021782397939498658,-0.19681620752604836,5,0.0,none,0.05,0.012034571817071153,0.012034571817071153,0.0,3
macenko_tile,erm,True,0.012034571817071153,0.007066565419021335,4.993634682130818e-05,0.006413698115921977,0.019592674568852837,0.021782397939498658,-0.19681620752604836,5,0.0,none,0.1,0.012034571817071153,0.012034571817071153,0.0,3
macenko_tile,erm,True,0.012034571817071153,0.007066565419021335,4.993634682130818e-05,0.006413698115921977,0.019592674568852837,0.021782397939498658,-0.19681620752604836,5,0.0,none,0.2,0.012034571817071153,0.012034571817071153,0.0,2
macenko_tile,erm,True,0.012034571817071153,0.007066565419021335,4.993634682130818e-05,0.006413698115921977,0.019592674568852837,0.021782397939498658,-0.19681620752604836,5,0.25,ratio,0.02,0.012865498438858793,0.012034571817071153,0.125,7
macenko_tile,erm,True,0.012034571817071153,0.007066565419021335,4.993634682130818e-05,0.006413698115921977,0.019592674568852837,0.021782397939498658,-0.19681620752604836,5,0.25,ratio,0.05,0.012865498438858793,0.012034571817071153,0.125,3
macenko_tile,erm,True,0.012034571817071153,0.007066565419021335,4.993634682130818e-05,0.006413698115921977,0.019592674568852837,0.021782397939498658,-0.19681620752604836,5,0.25,ratio,0.1,0.012865498438858793,0.012034571817071153,0.125,3
macenko_tile,erm,True,0.012034571817071153,0.007066565419021335,4.993634682130818e-05,0.006413698115921977,0.019592674568852837,0.021782397939498658,-0.19681620752604836,5,0.25,ratio,0.2,0.012865498438858793,0.012034571817071153,0.125,2
macenko_tile,erm,True,0.012034571817071153,0.007066565419021335,4.993634682130818e-05,0.006413698115921977,0.019592674568852837,0.021782397939498658,-0.19681620752604836,5,0.25,design,0.02,0.012865498438858793,0.012034571817071153,0.125,20
macenko_tile,erm,True,0.012034571817071153,0.007066565419021335,4.993634682130818e-05,0.006413698115921977,0.019592674568852837,0.021782397939498658,-0.19681620752604836,5,0.25,design,0.05,0.012865498438858793,0.012034571817071153,0.125,3
macenko_tile,erm,True,0.012034571817071153,0.007066565419021335,4.993634682130818e-05,0.006413698115921977,0.019592674568852837,0.021782397939498658,-0.19681620752604836,5,0.25,design,0.1,0.012865498438858793,0.012034571817071153,0.125,3
macenko_tile,erm,True,0.012034571817071153,0.007066565419021335,4.993634682130818e-05,0.006413698115921977,0.019592674568852837,0.021782397939498658,-0.19681620752604836,5,0.25,design,0.2,0.012865498438858793,0.012034571817071153,0.125,2
macenko_tile,erm,True,0.012034571817071153,0.007066565419021335,4.993634682130818e-05,0.006413698115921977,0.019592674568852837,0.021782397939498658,-0.19681620752604836,5,0.5,ratio,0.02,0.013896326556335829,0.012034571817071153,0.25,8
macenko_tile,erm,True,0.012034571817071153,0.007066565419021335,4.993634682130818e-05,0.006413698115921977,0.019592674568852837,0.021782397939498658,-0.19681620752604836,5,0.5,ratio,0.05,0.013896326556335829,0.012034571817071153,0.25,4
macenko_tile,erm,True,0.012034571817071153,0.007066565419021335,4.993634682130818e-05,0.006413698115921977,0.019592674568852837,0.021782397939498658,-0.19681620752604836,5,0.5,ratio,0.1,0.013896326556335829,0.012034571817071153,0.25,3
macenko_tile,erm,True,0.012034571817071153,0.007066565419021335,4.993634682130818e-05,0.006413698115921977,0.019592674568852837,0.021782397939498658,-0.19681620752604836,5,0.5,ratio,0.2,0.013896326556335829,0.012034571817071153,0.25,2
macenko_tile,erm,True,0.012034571817071153,0.007066565419021335,4.993634682130818e-05,0.006413698115921977,0.019592674568852837,0.021782397939498658,-0.19681620752604836,5,0.5,design,0.02,0.013896326556335829,0.012034571817071153,0.25,
macenko_tile,erm,True,0.012034571817071153,0.007066565419021335,4.993634682130818e-05,0.006413698115921977,0.019592674568852837,0.021782397939498658,-0.19681620752604836,5,0.5,design,0.05,0.013896326556335829,0.012034571817071153,0.25,4
macenko_tile,erm,True,0.012034571817071153,0.007066565419021335,4.993634682130818e-05,0.006413698115921977,0.019592674568852837,0.021782397939498658,-0.19681620752604836,5,0.5,design,0.1,0.013896326556335829,0.012034571817071153,0.25,3
macenko_tile,erm,True,0.012034571817071153,0.007066565419021335,4.993634682130818e-05,0.006413698115921977,0.019592674568852837,0.021782397939498658,-0.19681620752604836,5,0.5,design,0.2,0.013896326556335829,0.012034571817071153,0.25,2
macenko_tile,erm,True,0.012034571817071153,0.007066565419021335,4.993634682130818e-05,0.006413698115921977,0.019592674568852837,0.021782397939498658,-0.19681620752604836,10,0.0,none,0.02,0.009868314588660807,0.009868314588660807,0.0,5
macenko_tile,erm,True,0.012034571817071153,0.007066565419021335,4.993634682130818e-05,0.006413698115921977,0.019592674568852837,0.021782397939498658,-0.19681620752604836,10,0.0,none,0.05,0.009868314588660807,0.009868314588660807,0.0,3
macenko_tile,erm,True,0.012034571817071153,0.007066565419021335,4.993634682130818e-05,0.006413698115921977,0.019592674568852837,0.021782397939498658,-0.19681620752604836,10,0.0,none,0.1,0.009868314588660807,0.009868314588660807,0.0,3
macenko_tile,erm,True,0.012034571817071153,0.007066565419021335,4.993634682130818e-05,0.006413698115921977,0.019592674568852837,0.021782397939498658,-0.19681620752604836,10,0.0,none,0.2,0.009868314588660807,0.009868314588660807,0.0,2
macenko_tile,erm,True,0.012034571817071153,0.007066565419021335,4.993634682130818e-05,0.006413698115921977,0.019592674568852837,0.021782397939498658,-0.19681620752604836,10,0.25,ratio,0.02,0.010549672050191932,0.009868314588660807,0.125,5
macenko_tile,erm,True,0.012034571817071153,0.007066565419021335,4.993634682130818e-05,0.006413698115921977,0.019592674568852837,0.021782397939498658,-0.19681620752604836,10,0.25,ratio,0.05,0.010549672050191932,0.009868314588660807,0.125,3
macenko_tile,erm,True,0.012034571817071153,0.007066565419021335,4.993634682130818e-05,0.006413698115921977,0.019592674568852837,0.021782397939498658,-0.19681620752604836,10,0.25,ratio,0.1,0.010549672050191932,0.009868314588660807,0.125,3
macenko_tile,erm,True,0.012034571817071153,0.007066565419021335,4.993634682130818e-05,0.006413698115921977,0.019592674568852837,0.021782397939498658,-0.19681620752604836,10,0.25,ratio,0.2,0.010549672050191932,0.009868314588660807,0.125,2
macenko_tile,erm,True,0.012034571817071153,0.007066565419021335,4.993634682130818e-05,0.006413698115921977,0.019592674568852837,0.021782397939498658,-0.19681620752604836,10,0.25,design,0.02,0.010549672050191932,0.009868314588660807,0.125,8
macenko_tile,erm,True,0.012034571817071153,0.007066565419021335,4.993634682130818e-05,0.006413698115921977,0.019592674568852837,0.021782397939498658,-0.19681620752604836,10,0.25,design,0.05,0.010549672050191932,0.009868314588660807,0.125,3
macenko_tile,erm,True,0.012034571817071153,0.007066565419021335,4.993634682130818e-05,0.006413698115921977,0.019592674568852837,0.021782397939498658,-0.19681620752604836,10,0.25,design,0.1,0.010549672050191932,0.009868314588660807,0.125,3
macenko_tile,erm,True,0.012034571817071153,0.007066565419021335,4.993634682130818e-05,0.006413698115921977,0.019592674568852837,0.021782397939498658,-0.19681620752604836,10,0.25,design,0.2,0.010549672050191932,0.009868314588660807,0.125,2
macenko_tile,erm,True,0.012034571817071153,0.007066565419021335,4.993634682130818e-05,0.006413698115921977,0.019592674568852837,0.021782397939498658,-0.19681620752604836,10,0.5,ratio,0.02,0.011394948168422457,0.009868314588660807,0.25,7
macenko_tile,erm,True,0.012034571817071153,0.007066565419021335,4.993634682130818e-05,0.006413698115921977,0.019592674568852837,0.021782397939498658,-0.19681620752604836,10,0.5,ratio,0.05,0.011394948168422457,0.009868314588660807,0.25,3
macenko_tile,erm,True,0.012034571817071153,0.007066565419021335,4.993634682130818e-05,0.006413698115921977,0.019592674568852837,0.021782397939498658,-0.19681620752604836,10,0.5,ratio,0.1,0.011394948168422457,0.009868314588660807,0.25,3
macenko_tile,erm,True,0.012034571817071153,0.007066565419021335,4.993634682130818e-05,0.006413698115921977,0.019592674568852837,0.021782397939498658,-0.19681620752604836,10,0.5,ratio,0.2,0.011394948168422457,0.009868314588660807,0.25,2
macenko_tile,erm,True,0.012034571817071153,0.007066565419021335,4.993634682130818e-05,0.006413698115921977,0.019592674568852837,0.021782397939498658,-0.19681620752604836,10,0.5,design,0.02,0.011394948168422457,0.009868314588660807,0.25,
macenko_tile,erm,True,0.012034571817071153,0.007066565419021335,4.993634682130818e-05,0.006413698115921977,0.019592674568852837,0.021782397939498658,-0.19681620752604836,10,0.5,design,0.05,0.011394948168422457,0.009868314588660807,0.25,3
macenko_tile,erm,True,0.012034571817071153,0.007066565419021335,4.993634682130818e-05,0.006413698115921977,0.019592674568852837,0.021782397939498658,-0.19681620752604836,10,0.5,design,0.1,0.011394948168422457,0.009868314588660807,0.25,3
macenko_tile,erm,True,0.012034571817071153,0.007066565419021335,4.993634682130818e-05,0.006413698115921977,0.019592674568852837,0.021782397939498658,-0.19681620752604836,10,0.5,design,0.2,0.011394948168422457,0.009868314588660807,0.25,2
mixstyle,erm,True,0.02571039640630509,0.020206180564665437,0.00040828973301186317,0.02416354843907844,0.019592674568852837,0.03554818914920157,-0.3125326804721674,1,0.0,none,0.02,0.04088965009387187,0.04088965009387187,0.0,35
mixstyle,erm,True,0.02571039640630509,0.020206180564665437,0.00040828973301186317,0.02416354843907844,0.019592674568852837,0.03554818914920157,-0.3125326804721674,1,0.0,none,0.05,0.04088965009387187,0.04088965009387187,0.0,8
mixstyle,erm,True,0.02571039640630509,0.020206180564665437,0.00040828973301186317,0.02416354843907844,0.019592674568852837,0.03554818914920157,-0.3125326804721674,1,0.0,none,0.1,0.04088965009387187,0.04088965009387187,0.0,4
mixstyle,erm,True,0.02571039640630509,0.020206180564665437,0.00040828973301186317,0.02416354843907844,0.019592674568852837,0.03554818914920157,-0.3125326804721674,1,0.0,none,0.2,0.04088965009387187,0.04088965009387187,0.0,3
mixstyle,erm,True,0.02571039640630509,0.020206180564665437,0.00040828973301186317,0.02416354843907844,0.019592674568852837,0.03554818914920157,-0.3125326804721674,1,0.25,ratio,0.02,0.0437128746618107,0.04088965009387187,0.125,49
mixstyle,erm,True,0.02571039640630509,0.020206180564665437,0.00040828973301186317,0.02416354843907844,0.019592674568852837,0.03554818914920157,-0.3125326804721674,1,0.25,ratio,0.05,0.0437128746618107,0.04088965009387187,0.125,10
mixstyle,erm,True,0.02571039640630509,0.020206180564665437,0.00040828973301186317,0.02416354843907844,0.019592674568852837,0.03554818914920157,-0.3125326804721674,1,0.25,ratio,0.1,0.0437128746618107,0.04088965009387187,0.125,5
mixstyle,erm,True,0.02571039640630509,0.020206180564665437,0.00040828973301186317,0.02416354843907844,0.019592674568852837,0.03554818914920157,-0.3125326804721674,1,0.25,ratio,0.2,0.0437128746618107,0.04088965009387187,0.125,3
mixstyle,erm,True,0.02571039640630509,0.020206180564665437,0.00040828973301186317,0.02416354843907844,0.019592674568852837,0.03554818914920157,-0.3125326804721674,1,0.25,design,0.02,0.0437128746618107,0.04088965009387187,0.125,
mixstyle,erm,True,0.02571039640630509,0.020206180564665437,0.00040828973301186317,0.02416354843907844,0.019592674568852837,0.03554818914920157,-0.3125326804721674,1,0.25,design,0.05,0.0437128746618107,0.04088965009387187,0.125,
mixstyle,erm,True,0.02571039640630509,0.020206180564665437,0.00040828973301186317,0.02416354843907844,0.019592674568852837,0.03554818914920157,-0.3125326804721674,1,0.25,design,0.1,0.0437128746618107,0.04088965009387187,0.125,5
mixstyle,erm,True,0.02571039640630509,0.020206180564665437,0.00040828973301186317,0.02416354843907844,0.019592674568852837,0.03554818914920157,-0.3125326804721674,1,0.25,design,0.2,0.0437128746618107,0.04088965009387187,0.125,3
mixstyle,erm,True,0.02571039640630509,0.020206180564665437,0.00040828973301186317,0.02416354843907844,0.019592674568852837,0.03554818914920157,-0.3125326804721674,1,0.5,ratio,0.02,0.04721530097753306,0.04088965009387187,0.25,68
mixstyle,erm,True,0.02571039640630509,0.020206180564665437,0.00040828973301186317,0.02416354843907844,0.019592674568852837,0.03554818914920157,-0.3125326804721674,1,0.5,ratio,0.05,0.04721530097753306,0.04088965009387187,0.25,13
mixstyle,erm,True,0.02571039640630509,0.020206180564665437,0.00040828973301186317,0.02416354843907844,0.019592674568852837,0.03554818914920157,-0.3125326804721674,1,0.5,ratio,0.1,0.04721530097753306,0.04088965009387187,0.25,5
mixstyle,erm,True,0.02571039640630509,0.020206180564665437,0.00040828973301186317,0.02416354843907844,0.019592674568852837,0.03554818914920157,-0.3125326804721674,1,0.5,ratio,0.2,0.04721530097753306,0.04088965009387187,0.25,3
mixstyle,erm,True,0.02571039640630509,0.020206180564665437,0.00040828973301186317,0.02416354843907844,0.019592674568852837,0.03554818914920157,-0.3125326804721674,1,0.5,design,0.02,0.04721530097753306,0.04088965009387187,0.25,
mixstyle,erm,True,0.02571039640630509,0.020206180564665437,0.00040828973301186317,0.02416354843907844,0.019592674568852837,0.03554818914920157,-0.3125326804721674,1,0.5,design,0.05,0.04721530097753306,0.04088965009387187,0.25,
mixstyle,erm,True,0.02571039640630509,0.020206180564665437,0.00040828973301186317,0.02416354843907844,0.019592674568852837,0.03554818914920157,-0.3125326804721674,1,0.5,design,0.1,0.04721530097753306,0.04088965009387187,0.25,17
mixstyle,erm,True,0.02571039640630509,0.020206180564665437,0.00040828973301186317,0.02416354843907844,0.019592674568852837,0.03554818914920157,-0.3125326804721674,1,0.5,design,0.2,0.04721530097753306,0.04088965009387187,0.25,3
mixstyle,erm,True,0.02571039640630509,0.020206180564665437,0.00040828973301186317,0.02416354843907844,0.019592674568852837,0.03554818914920157,-0.3125326804721674,3,0.0,none,0.02,0.028801290195770754,0.028801290195770754,0.0,19
mixstyle,erm,True,0.02571039640630509,0.020206180564665437,0.00040828973301186317,0.02416354843907844,0.019592674568852837,0.03554818914920157,-0.3125326804721674,3,0.0,none,0.05,0.028801290195770754,0.028801290195770754,0.0,5
mixstyle,erm,True,0.02571039640630509,0.020206180564665437,0.00040828973301186317,0.02416354843907844,0.019592674568852837,0.03554818914920157,-0.3125326804721674,3,0.0,none,0.1,0.028801290195770754,0.028801290195770754,0.0,3
mixstyle,erm,True,0.02571039640630509,0.020206180564665437,0.00040828973301186317,0.02416354843907844,0.019592674568852837,0.03554818914920157,-0.3125326804721674,3,0.0,none,0.2,0.028801290195770754,0.028801290195770754,0.0,3
mixstyle,erm,True,0.02571039640630509,0.020206180564665437,0.00040828973301186317,0.02416354843907844,0.019592674568852837,0.03554818914920157,-0.3125326804721674,3,0.25,ratio,0.02,0.030789874345607298,0.028801290195770754,0.125,26
mixstyle,erm,True,0.02571039640630509,0.020206180564665437,0.00040828973301186317,0.02416354843907844,0.019592674568852837,0.03554818914920157,-0.3125326804721674,3,0.25,ratio,0.05,0.030789874345607298,0.028801290195770754,0.125,6
mixstyle,erm,True,0.02571039640630509,0.020206180564665437,0.00040828973301186317,0.02416354843907844,0.019592674568852837,0.03554818914920157,-0.3125326804721674,3,0.25,ratio,0.1,0.030789874345607298,0.028801290195770754,0.125,4
mixstyle,erm,True,0.02571039640630509,0.020206180564665437,0.00040828973301186317,0.02416354843907844,0.019592674568852837,0.03554818914920157,-0.3125326804721674,3,0.25,ratio,0.2,0.030789874345607298,0.028801290195770754,0.125,3
mixstyle,erm,True,0.02571039640630509,0.020206180564665437,0.00040828973301186317,0.02416354843907844,0.019592674568852837,0.03554818914920157,-0.3125326804721674,3,0.25,design,0.02,0.030789874345607298,0.028801290195770754,0.125,
mixstyle,erm,True,0.02571039640630509,0.020206180564665437,0.00040828973301186317,0.02416354843907844,0.019592674568852837,0.03554818914920157,-0.3125326804721674,3,0.25,design,0.05,0.030789874345607298,0.028801290195770754,0.125,14
mixstyle,erm,True,0.02571039640630509,0.020206180564665437,0.00040828973301186317,0.02416354843907844,0.019592674568852837,0.03554818914920157,-0.3125326804721674,3,0.25,design,0.1,0.030789874345607298,0.028801290195770754,0.125,4
mixstyle,erm,True,0.02571039640630509,0.020206180564665437,0.00040828973301186317,0.02416354843907844,0.019592674568852837,0.03554818914920157,-0.3125326804721674,3,0.25,design,0.2,0.030789874345607298,0.028801290195770754,0.125,3
mixstyle,erm,True,0.02571039640630509,0.020206180564665437,0.00040828973301186317,0.02416354843907844,0.019592674568852837,0.03554818914920157,-0.3125326804721674,3,0.5,ratio,0.02,0.03325686529507355,0.028801290195770754,0.25,35
mixstyle,erm,True,0.02571039640630509,0.020206180564665437,0.00040828973301186317,0.02416354843907844,0.019592674568852837,0.03554818914920157,-0.3125326804721674,3,0.5,ratio,0.05,0.03325686529507355,0.028801290195770754,0.25,8
mixstyle,erm,True,0.02571039640630509,0.020206180564665437,0.00040828973301186317,0.02416354843907844,0.019592674568852837,0.03554818914920157,-0.3125326804721674,3,0.5,ratio,0.1,0.03325686529507355,0.028801290195770754,0.25,4
mixstyle,erm,True,0.02571039640630509,0.020206180564665437,0.00040828973301186317,0.02416354843907844,0.019592674568852837,0.03554818914920157,-0.3125326804721674,3,0.5,ratio,0.2,0.03325686529507355,0.028801290195770754,0.25,3
mixstyle,erm,True,0.02571039640630509,0.020206180564665437,0.00040828973301186317,0.02416354843907844,0.019592674568852837,0.03554818914920157,-0.3125326804721674,3,0.5,design,0.02,0.03325686529507355,0.028801290195770754,0.25,
mixstyle,erm,True,0.02571039640630509,0.020206180564665437,0.00040828973301186317,0.02416354843907844,0.019592674568852837,0.03554818914920157,-0.3125326804721674,3,0.5,design,0.05,0.03325686529507355,0.028801290195770754,0.25,
mixstyle,erm,True,0.02571039640630509,0.020206180564665437,0.00040828973301186317,0.02416354843907844,0.019592674568852837,0.03554818914920157,-0.3125326804721674,3,0.5,design,0.1,0.03325686529507355,0.028801290195770754,0.25,5
mixstyle,erm,True,0.02571039640630509,0.020206180564665437,0.00040828973301186317,0.02416354843907844,0.019592674568852837,0.03554818914920157,-0.3125326804721674,3,0.5,design,0.2,0.03325686529507355,0.028801290195770754,0.25,3
mixstyle,erm,True,0.02571039640630509,0.020206180564665437,0.00040828973301186317,0.02416354843907844,0.019592674568852837,0.03554818914920157,-0.3125326804721674,5,0.0,none,0.02,0.02571039640630509,0.02571039640630509,0.0,16
mixstyle,erm,True,0.02571039640630509,0.020206180564665437,0.00040828973301186317,0.02416354843907844,0.019592674568852837,0.03554818914920157,-0.3125326804721674,5,0.0,none,0.05,0.02571039640630509,0.02571039640630509,0.0,5
mixstyle,erm,True,0.02571039640630509,0.020206180564665437,0.00040828973301186317,0.02416354843907844,0.019592674568852837,0.03554818914920157,-0.3125326804721674,5,0.0,none,0.1,0.02571039640630509,0.02571039640630509,0.0,3
mixstyle,erm,True,0.02571039640630509,0.020206180564665437,0.00040828973301186317,0.02416354843907844,0.019592674568852837,0.03554818914920157,-0.3125326804721674,5,0.0,none,0.2,0.02571039640630509,0.02571039640630509,0.0,3
mixstyle,erm,True,0.02571039640630509,0.020206180564665437,0.00040828973301186317,0.02416354843907844,0.019592674568852837,0.03554818914920157,-0.3125326804721674,5,0.25,ratio,0.02,0.027485569894439326,0.02571039640630509,0.125,21
mixstyle,erm,True,0.02571039640630509,0.020206180564665437,0.00040828973301186317,0.02416354843907844,0.019592674568852837,0.03554818914920157,-0.3125326804721674,5,0.25,ratio,0.05,0.027485569894439326,0.02571039640630509,0.125,6
mixstyle,erm,True,0.02571039640630509,0.020206180564665437,0.00040828973301186317,0.02416354843907844,0.019592674568852837,0.03554818914920157,-0.3125326804721674,5,0.25,ratio,0.1,0.027485569894439326,0.02571039640630509,0.125,4
mixstyle,erm,True,0.02571039640630509,0.020206180564665437,0.00040828973301186317,0.02416354843907844,0.019592674568852837,0.03554818914920157,-0.3125326804721674,5,0.25,ratio,0.2,0.027485569894439326,0.02571039640630509,0.125,3
mixstyle,erm,True,0.02571039640630509,0.020206180564665437,0.00040828973301186317,0.02416354843907844,0.019592674568852837,0.03554818914920157,-0.3125326804721674,5,0.25,design,0.02,0.027485569894439326,0.02571039640630509,0.125,
mixstyle,erm,True,0.02571039640630509,0.020206180564665437,0.00040828973301186317,0.02416354843907844,0.019592674568852837,0.03554818914920157,-0.3125326804721674,5,0.25,design,0.05,0.027485569894439326,0.02571039640630509,0.125,9
mixstyle,erm,True,0.02571039640630509,0.020206180564665437,0.00040828973301186317,0.02416354843907844,0.019592674568852837,0.03554818914920157,-0.3125326804721674,5,0.25,design,0.1,0.027485569894439326,0.02571039640630509,0.125,4
mixstyle,erm,True,0.02571039640630509,0.020206180564665437,0.00040828973301186317,0.02416354843907844,0.019592674568852837,0.03554818914920157,-0.3125326804721674,5,0.25,design,0.2,0.027485569894439326,0.02571039640630509,0.125,3
mixstyle,erm,True,0.02571039640630509,0.020206180564665437,0.00040828973301186317,0.02416354843907844,0.019592674568852837,0.03554818914920157,-0.3125326804721674,5,0.5,ratio,0.02,0.029687808572304464,0.02571039640630509,0.25,28
mixstyle,erm,True,0.02571039640630509,0.020206180564665437,0.00040828973301186317,0.02416354843907844,0.019592674568852837,0.03554818914920157,-0.3125326804721674,5,0.5,ratio,0.05,0.029687808572304464,0.02571039640630509,0.25,7
mixstyle,erm,True,0.02571039640630509,0.020206180564665437,0.00040828973301186317,0.02416354843907844,0.019592674568852837,0.03554818914920157,-0.3125326804721674,5,0.5,ratio,0.1,0.029687808572304464,0.02571039640630509,0.25,4
mixstyle,erm,True,0.02571039640630509,0.020206180564665437,0.00040828973301186317,0.02416354843907844,0.019592674568852837,0.03554818914920157,-0.3125326804721674,5,0.5,ratio,0.2,0.029687808572304464,0.02571039640630509,0.25,3
mixstyle,erm,True,0.02571039640630509,0.020206180564665437,0.00040828973301186317,0.02416354843907844,0.019592674568852837,0.03554818914920157,-0.3125326804721674,5,0.5,design,0.02,0.029687808572304464,0.02571039640630509,0.25,
mixstyle,erm,True,0.02571039640630509,0.020206180564665437,0.00040828973301186317,0.02416354843907844,0.019592674568852837,0.03554818914920157,-0.3125326804721674,5,0.5,design,0.05,0.029687808572304464,0.02571039640630509,0.25,
mixstyle,erm,True,0.02571039640630509,0.020206180564665437,0.00040828973301186317,0.02416354843907844,0.019592674568852837,0.03554818914920157,-0.3125326804721674,5,0.5,design,0.1,0.029687808572304464,0.02571039640630509,0.25,4
mixstyle,erm,True,0.02571039640630509,0.020206180564665437,0.00040828973301186317,0.02416354843907844,0.019592674568852837,0.03554818914920157,-0.3125326804721674,5,0.5,design,0.2,0.029687808572304464,0.02571039640630509,0.25,3
mixstyle,erm,True,0.02571039640630509,0.020206180564665437,0.00040828973301186317,0.02416354843907844,0.019592674568852837,0.03554818914920157,-0.3125326804721674,10,0.0,none,0.02,0.02312265357156493,0.02312265357156493,0.0,13
mixstyle,erm,True,0.02571039640630509,0.020206180564665437,0.00040828973301186317,0.02416354843907844,0.019592674568852837,0.03554818914920157,-0.3125326804721674,10,0.0,none,0.05,0.02312265357156493,0.02312265357156493,0.0,4
mixstyle,erm,True,0.02571039640630509,0.020206180564665437,0.00040828973301186317,0.02416354843907844,0.019592674568852837,0.03554818914920157,-0.3125326804721674,10,0.0,none,0.1,0.02312265357156493,0.02312265357156493,0.0,3
mixstyle,erm,True,0.02571039640630509,0.020206180564665437,0.00040828973301186317,0.02416354843907844,0.019592674568852837,0.03554818914920157,-0.3125326804721674,10,0.0,none,0.2,0.02312265357156493,0.02312265357156493,0.0,3
mixstyle,erm,True,0.02571039640630509,0.020206180564665437,0.00040828973301186317,0.02416354843907844,0.019592674568852837,0.03554818914920157,-0.3125326804721674,10,0.25,ratio,0.02,0.024719156439388795,0.02312265357156493,0.125,18
mixstyle,erm,True,0.02571039640630509,0.020206180564665437,0.00040828973301186317,0.02416354843907844,0.019592674568852837,0.03554818914920157,-0.3125326804721674,10,0.25,ratio,0.05,0.024719156439388795,0.02312265357156493,0.125,5
mixstyle,erm,True,0.02571039640630509,0.020206180564665437,0.00040828973301186317,0.02416354843907844,0.019592674568852837,0.03554818914920157,-0.3125326804721674,10,0.25,ratio,0.1,0.024719156439388795,0.02312265357156493,0.125,3
mixstyle,erm,True,0.02571039640630509,0.020206180564665437,0.00040828973301186317,0.02416354843907844,0.019592674568852837,0.03554818914920157,-0.3125326804721674,10,0.25,ratio,0.2,0.024719156439388795,0.02312265357156493,0.125,3
mixstyle,erm,True,0.02571039640630509,0.020206180564665437,0.00040828973301186317,0.02416354843907844,0.019592674568852837,0.03554818914920157,-0.3125326804721674,10,0.25,design,0.02,0.024719156439388795,0.02312265357156493,0.125,
mixstyle,erm,True,0.02571039640630509,0.020206180564665437,0.00040828973301186317,0.02416354843907844,0.019592674568852837,0.03554818914920157,-0.3125326804721674,10,0.25,design,0.05,0.024719156439388795,0.02312265357156493,0.125,7
mixstyle,erm,True,0.02571039640630509,0.020206180564665437,0.00040828973301186317,0.02416354843907844,0.019592674568852837,0.03554818914920157,-0.3125326804721674,10,0.25,design,0.1,0.024719156439388795,0.02312265357156493,0.125,3
mixstyle,erm,True,0.02571039640630509,0.020206180564665437,0.00040828973301186317,0.02416354843907844,0.019592674568852837,0.03554818914920157,-0.3125326804721674,10,0.25,design,0.2,0.024719156439388795,0.02312265357156493,0.125,3
mixstyle,erm,True,0.02571039640630509,0.020206180564665437,0.00040828973301186317,0.02416354843907844,0.019592674568852837,0.03554818914920157,-0.3125326804721674,10,0.5,ratio,0.02,0.02669974052784295,0.02312265357156493,0.25,23
mixstyle,erm,True,0.02571039640630509,0.020206180564665437,0.00040828973301186317,0.02416354843907844,0.019592674568852837,0.03554818914920157,-0.3125326804721674,10,0.5,ratio,0.05,0.02669974052784295,0.02312265357156493,0.25,6
mixstyle,erm,True,0.02571039640630509,0.020206180564665437,0.00040828973301186317,0.02416354843907844,0.019592674568852837,0.03554818914920157,-0.3125326804721674,10,0.5,ratio,0.1,0.02669974052784295,0.02312265357156493,0.25,4
mixstyle,erm,True,0.02571039640630509,0.020206180564665437,0.00040828973301186317,0.02416354843907844,0.019592674568852837,0.03554818914920157,-0.3125326804721674,10,0.5,ratio,0.2,0.02669974052784295,0.02312265357156493,0.25,3
mixstyle,erm,True,0.02571039640630509,0.020206180564665437,0.00040828973301186317,0.02416354843907844,0.019592674568852837,0.03554818914920157,-0.3125326804721674,10,0.5,design,0.02,0.02669974052784295,0.02312265357156493,0.25,
mixstyle,erm,True,0.02571039640630509,0.020206180564665437,0.00040828973301186317,0.02416354843907844,0.019592674568852837,0.03554818914920157,-0.3125326804721674,10,0.5,design,0.05,0.02669974052784295,0.02312265357156493,0.25,
mixstyle,erm,True,0.02571039640630509,0.020206180564665437,0.00040828973301186317,0.02416354843907844,0.019592674568852837,0.03554818914920157,-0.3125326804721674,10,0.5,design,0.1,0.02669974052784295,0.02312265357156493,0.25,4
mixstyle,erm,True,0.02571039640630509,0.020206180564665437,0.00040828973301186317,0.02416354843907844,0.019592674568852837,0.03554818914920157,-0.3125326804721674,10,0.5,design,0.2,0.02669974052784295,0.02312265357156493,0.25,3
sam,erm,True,0.0012681908939110081,0.0,-0.0001045861812715741,0.015058176478223249,0.019592674568852837,0.02304283938829728,0.13498481793823913,1,0.0,none,0.02,0.02304283938829728,0.02304283938829728,0.0,13
sam,erm,True,0.0012681908939110081,0.0,-0.0001045861812715741,0.015058176478223249,0.019592674568852837,0.02304283938829728,0.13498481793823913,1,0.0,none,0.05,0.02304283938829728,0.02304283938829728,0.0,4
sam,erm,True,0.0012681908939110081,0.0,-0.0001045861812715741,0.015058176478223249,0.019592674568852837,0.02304283938829728,0.13498481793823913,1,0.0,none,0.1,0.02304283938829728,0.02304283938829728,0.0,3
sam,erm,True,0.0012681908939110081,0.0,-0.0001045861812715741,0.015058176478223249,0.019592674568852837,0.02304283938829728,0.13498481793823913,1,0.0,none,0.2,0.02304283938829728,0.02304283938829728,0.0,3
sam,erm,True,0.0012681908939110081,0.0,-0.0001045861812715741,0.015058176478223249,0.019592674568852837,0.02304283938829728,0.13498481793823913,1,0.25,ratio,0.02,0.024633831488419442,0.02304283938829728,0.125,17
sam,erm,True,0.0012681908939110081,0.0,-0.0001045861812715741,0.015058176478223249,0.019592674568852837,0.02304283938829728,0.13498481793823913,1,0.25,ratio,0.05,0.024633831488419442,0.02304283938829728,0.125,5
sam,erm,True,0.0012681908939110081,0.0,-0.0001045861812715741,0.015058176478223249,0.019592674568852837,0.02304283938829728,0.13498481793823913,1,0.25,ratio,0.1,0.024633831488419442,0.02304283938829728,0.125,3
sam,erm,True,0.0012681908939110081,0.0,-0.0001045861812715741,0.015058176478223249,0.019592674568852837,0.02304283938829728,0.13498481793823913,1,0.25,ratio,0.2,0.024633831488419442,0.02304283938829728,0.125,3
sam,erm,True,0.0012681908939110081,0.0,-0.0001045861812715741,0.015058176478223249,0.019592674568852837,0.02304283938829728,0.13498481793823913,1,0.25,design,0.02,0.024633831488419442,0.02304283938829728,0.125,
sam,erm,True,0.0012681908939110081,0.0,-0.0001045861812715741,0.015058176478223249,0.019592674568852837,0.02304283938829728,0.13498481793823913,1,0.25,design,0.05,0.024633831488419442,0.02304283938829728,0.125,6
sam,erm,True,0.0012681908939110081,0.0,-0.0001045861812715741,0.015058176478223249,0.019592674568852837,0.02304283938829728,0.13498481793823913,1,0.25,design,0.1,0.024633831488419442,0.02304283938829728,0.125,3
sam,erm,True,0.0012681908939110081,0.0,-0.0001045861812715741,0.015058176478223249,0.019592674568852837,0.02304283938829728,0.13498481793823913,1,0.25,design,0.2,0.024633831488419442,0.02304283938829728,0.125,3
sam,erm,True,0.0012681908939110081,0.0,-0.0001045861812715741,0.015058176478223249,0.019592674568852837,0.02304283938829728,0.13498481793823913,1,0.5,ratio,0.02,0.026607579047453492,0.02304283938829728,0.25,23
sam,erm,True,0.0012681908939110081,0.0,-0.0001045861812715741,0.015058176478223249,0.019592674568852837,0.02304283938829728,0.13498481793823913,1,0.5,ratio,0.05,0.026607579047453492,0.02304283938829728,0.25,6
sam,erm,True,0.0012681908939110081,0.0,-0.0001045861812715741,0.015058176478223249,0.019592674568852837,0.02304283938829728,0.13498481793823913,1,0.5,ratio,0.1,0.026607579047453492,0.02304283938829728,0.25,4
sam,erm,True,0.0012681908939110081,0.0,-0.0001045861812715741,0.015058176478223249,0.019592674568852837,0.02304283938829728,0.13498481793823913,1,0.5,ratio,0.2,0.026607579047453492,0.02304283938829728,0.25,3
sam,erm,True,0.0012681908939110081,0.0,-0.0001045861812715741,0.015058176478223249,0.019592674568852837,0.02304283938829728,0.13498481793823913,1,0.5,design,0.02,0.026607579047453492,0.02304283938829728,0.25,
sam,erm,True,0.0012681908939110081,0.0,-0.0001045861812715741,0.015058176478223249,0.019592674568852837,0.02304283938829728,0.13498481793823913,1,0.5,design,0.05,0.026607579047453492,0.02304283938829728,0.25,
sam,erm,True,0.0012681908939110081,0.0,-0.0001045861812715741,0.015058176478223249,0.019592674568852837,0.02304283938829728,0.13498481793823913,1,0.5,design,0.1,0.026607579047453492,0.02304283938829728,0.25,4
sam,erm,True,0.0012681908939110081,0.0,-0.0001045861812715741,0.015058176478223249,0.019592674568852837,0.02304283938829728,0.13498481793823913,1,0.5,design,0.2,0.026607579047453492,0.02304283938829728,0.25,3
sam,erm,True,0.0012681908939110081,0.0,-0.0001045861812715741,0.015058176478223249,0.019592674568852837,0.02304283938829728,0.13498481793823913,3,0.0,none,0.02,0.013303789523726744,0.013303789523726744,0.0,6
sam,erm,True,0.0012681908939110081,0.0,-0.0001045861812715741,0.015058176478223249,0.019592674568852837,0.02304283938829728,0.13498481793823913,3,0.0,none,0.05,0.013303789523726744,0.013303789523726744,0.0,3
sam,erm,True,0.0012681908939110081,0.0,-0.0001045861812715741,0.015058176478223249,0.019592674568852837,0.02304283938829728,0.13498481793823913,3,0.0,none,0.1,0.013303789523726744,0.013303789523726744,0.0,3
sam,erm,True,0.0012681908939110081,0.0,-0.0001045861812715741,0.015058176478223249,0.019592674568852837,0.02304283938829728,0.13498481793823913,3,0.0,none,0.2,0.013303789523726744,0.013303789523726744,0.0,2
sam,erm,True,0.0012681908939110081,0.0,-0.0001045861812715741,0.015058176478223249,0.019592674568852837,0.02304283938829728,0.13498481793823913,3,0.25,ratio,0.02,0.014222349241010842,0.013303789523726744,0.125,8
sam,erm,True,0.0012681908939110081,0.0,-0.0001045861812715741,0.015058176478223249,0.019592674568852837,0.02304283938829728,0.13498481793823913,3,0.25,ratio,0.05,0.014222349241010842,0.013303789523726744,0.125,4
sam,erm,True,0.0012681908939110081,0.0,-0.0001045861812715741,0.015058176478223249,0.019592674568852837,0.02304283938829728,0.13498481793823913,3,0.25,ratio,0.1,0.014222349241010842,0.013303789523726744,0.125,3
sam,erm,True,0.0012681908939110081,0.0,-0.0001045861812715741,0.015058176478223249,0.019592674568852837,0.02304283938829728,0.13498481793823913,3,0.25,ratio,0.2,0.014222349241010842,0.013303789523726744,0.125,2
sam,erm,True,0.0012681908939110081,0.0,-0.0001045861812715741,0.015058176478223249,0.019592674568852837,0.02304283938829728,0.13498481793823913,3,0.25,design,0.02,0.014222349241010842,0.013303789523726744,0.125,506
sam,erm,True,0.0012681908939110081,0.0,-0.0001045861812715741,0.015058176478223249,0.019592674568852837,0.02304283938829728,0.13498481793823913,3,0.25,design,0.05,0.014222349241010842,0.013303789523726744,0.125,4
sam,erm,True,0.0012681908939110081,0.0,-0.0001045861812715741,0.015058176478223249,0.019592674568852837,0.02304283938829728,0.13498481793823913,3,0.25,design,0.1,0.014222349241010842,0.013303789523726744,0.125,3
sam,erm,True,0.0012681908939110081,0.0,-0.0001045861812715741,0.015058176478223249,0.019592674568852837,0.02304283938829728,0.13498481793823913,3,0.25,design,0.2,0.014222349241010842,0.013303789523726744,0.125,2
sam,erm,True,0.0012681908939110081,0.0,-0.0001045861812715741,0.015058176478223249,0.019592674568852837,0.02304283938829728,0.13498481793823913,3,0.5,ratio,0.02,0.015361892925531518,0.013303789523726744,0.25,10
sam,erm,True,0.0012681908939110081,0.0,-0.0001045861812715741,0.015058176478223249,0.019592674568852837,0.02304283938829728,0.13498481793823913,3,0.5,ratio,0.05,0.015361892925531518,0.013303789523726744,0.25,4
sam,erm,True,0.0012681908939110081,0.0,-0.0001045861812715741,0.015058176478223249,0.019592674568852837,0.02304283938829728,0.13498481793823913,3,0.5,ratio,0.1,0.015361892925531518,0.013303789523726744,0.25,3
sam,erm,True,0.0012681908939110081,0.0,-0.0001045861812715741,0.015058176478223249,0.019592674568852837,0.02304283938829728,0.13498481793823913,3,0.5,ratio,0.2,0.015361892925531518,0.013303789523726744,0.25,3
sam,erm,True,0.0012681908939110081,0.0,-0.0001045861812715741,0.015058176478223249,0.019592674568852837,0.02304283938829728,0.13498481793823913,3,0.5,design,0.02,0.015361892925531518,0.013303789523726744,0.25,
sam,erm,True,0.0012681908939110081,0.0,-0.0001045861812715741,0.015058176478223249,0.019592674568852837,0.02304283938829728,0.13498481793823913,3,0.5,design,0.05,0.015361892925531518,0.013303789523726744,0.25,4
sam,erm,True,0.0012681908939110081,0.0,-0.0001045861812715741,0.015058176478223249,0.019592674568852837,0.02304283938829728,0.13498481793823913,3,0.5,design,0.1,0.015361892925531518,0.013303789523726744,0.25,3
sam,erm,True,0.0012681908939110081,0.0,-0.0001045861812715741,0.015058176478223249,0.019592674568852837,0.02304283938829728,0.13498481793823913,3,0.5,design,0.2,0.015361892925531518,0.013303789523726744,0.25,2
sam,erm,True,0.0012681908939110081,0.0,-0.0001045861812715741,0.015058176478223249,0.019592674568852837,0.02304283938829728,0.13498481793823913,5,0.0,none,0.02,0.010305071053368477,0.010305071053368477,0.0,5
sam,erm,True,0.0012681908939110081,0.0,-0.0001045861812715741,0.015058176478223249,0.019592674568852837,0.02304283938829728,0.13498481793823913,5,0.0,none,0.05,0.010305071053368477,0.010305071053368477,0.0,3
sam,erm,True,0.0012681908939110081,0.0,-0.0001045861812715741,0.015058176478223249,0.019592674568852837,0.02304283938829728,0.13498481793823913,5,0.0,none,0.1,0.010305071053368477,0.010305071053368477,0.0,3
sam,erm,True,0.0012681908939110081,0.0,-0.0001045861812715741,0.015058176478223249,0.019592674568852837,0.02304283938829728,0.13498481793823913,5,0.0,none,0.2,0.010305071053368477,0.010305071053368477,0.0,2
sam,erm,True,0.0012681908939110081,0.0,-0.0001045861812715741,0.015058176478223249,0.019592674568852837,0.02304283938829728,0.13498481793823913,5,0.25,ratio,0.02,0.011016584350876138,0.010305071053368477,0.125,6
sam,erm,True,0.0012681908939110081,0.0,-0.0001045861812715741,0.015058176478223249,0.019592674568852837,0.02304283938829728,0.13498481793823913,5,0.25,ratio,0.05,0.011016584350876138,0.010305071053368477,0.125,3
sam,erm,True,0.0012681908939110081,0.0,-0.0001045861812715741,0.015058176478223249,0.019592674568852837,0.02304283938829728,0.13498481793823913,5,0.25,ratio,0.1,0.011016584350876138,0.010305071053368477,0.125,3
sam,erm,True,0.0012681908939110081,0.0,-0.0001045861812715741,0.015058176478223249,0.019592674568852837,0.02304283938829728,0.13498481793823913,5,0.25,ratio,0.2,0.011016584350876138,0.010305071053368477,0.125,2
sam,erm,True,0.0012681908939110081,0.0,-0.0001045861812715741,0.015058176478223249,0.019592674568852837,0.02304283938829728,0.13498481793823913,5,0.25,design,0.02,0.011016584350876138,0.010305071053368477,0.125,9
sam,erm,True,0.0012681908939110081,0.0,-0.0001045861812715741,0.015058176478223249,0.019592674568852837,0.02304283938829728,0.13498481793823913,5,0.25,design,0.05,0.011016584350876138,0.010305071053368477,0.125,3
sam,erm,True,0.0012681908939110081,0.0,-0.0001045861812715741,0.015058176478223249,0.019592674568852837,0.02304283938829728,0.13498481793823913,5,0.25,design,0.1,0.011016584350876138,0.010305071053368477,0.125,3
sam,erm,True,0.0012681908939110081,0.0,-0.0001045861812715741,0.015058176478223249,0.019592674568852837,0.02304283938829728,0.13498481793823913,5,0.25,design,0.2,0.011016584350876138,0.010305071053368477,0.125,2
sam,erm,True,0.0012681908939110081,0.0,-0.0001045861812715741,0.015058176478223249,0.019592674568852837,0.02304283938829728,0.13498481793823913,5,0.5,ratio,0.02,0.011899271093361021,0.010305071053368477,0.25,7
sam,erm,True,0.0012681908939110081,0.0,-0.0001045861812715741,0.015058176478223249,0.019592674568852837,0.02304283938829728,0.13498481793823913,5,0.5,ratio,0.05,0.011899271093361021,0.010305071053368477,0.25,3
sam,erm,True,0.0012681908939110081,0.0,-0.0001045861812715741,0.015058176478223249,0.019592674568852837,0.02304283938829728,0.13498481793823913,5,0.5,ratio,0.1,0.011899271093361021,0.010305071053368477,0.25,3
sam,erm,True,0.0012681908939110081,0.0,-0.0001045861812715741,0.015058176478223249,0.019592674568852837,0.02304283938829728,0.13498481793823913,5,0.5,ratio,0.2,0.011899271093361021,0.010305071053368477,0.25,2
sam,erm,True,0.0012681908939110081,0.0,-0.0001045861812715741,0.015058176478223249,0.019592674568852837,0.02304283938829728,0.13498481793823913,5,0.5,design,0.02,0.011899271093361021,0.010305071053368477,0.25,
sam,erm,True,0.0012681908939110081,0.0,-0.0001045861812715741,0.015058176478223249,0.019592674568852837,0.02304283938829728,0.13498481793823913,5,0.5,design,0.05,0.011899271093361021,0.010305071053368477,0.25,3
sam,erm,True,0.0012681908939110081,0.0,-0.0001045861812715741,0.015058176478223249,0.019592674568852837,0.02304283938829728,0.13498481793823913,5,0.5,design,0.1,0.011899271093361021,0.010305071053368477,0.25,3
sam,erm,True,0.0012681908939110081,0.0,-0.0001045861812715741,0.015058176478223249,0.019592674568852837,0.02304283938829728,0.13498481793823913,5,0.5,design,0.2,0.011899271093361021,0.010305071053368477,0.25,2
sam,erm,True,0.0012681908939110081,0.0,-0.0001045861812715741,0.015058176478223249,0.019592674568852837,0.02304283938829728,0.13498481793823913,10,0.0,none,0.02,0.007286785622446048,0.007286785622446048,0.0,4
sam,erm,True,0.0012681908939110081,0.0,-0.0001045861812715741,0.015058176478223249,0.019592674568852837,0.02304283938829728,0.13498481793823913,10,0.0,none,0.05,0.007286785622446048,0.007286785622446048,0.0,3
sam,erm,True,0.0012681908939110081,0.0,-0.0001045861812715741,0.015058176478223249,0.019592674568852837,0.02304283938829728,0.13498481793823913,10,0.0,none,0.1,0.007286785622446048,0.007286785622446048,0.0,2
sam,erm,True,0.0012681908939110081,0.0,-0.0001045861812715741,0.015058176478223249,0.019592674568852837,0.02304283938829728,0.13498481793823913,10,0.0,none,0.2,0.007286785622446048,0.007286785622446048,0.0,2
sam,erm,True,0.0012681908939110081,0.0,-0.0001045861812715741,0.015058176478223249,0.019592674568852837,0.02304283938829728,0.13498481793823913,10,0.25,ratio,0.02,0.007789901500018117,0.007286785622446048,0.125,4
sam,erm,True,0.0012681908939110081,0.0,-0.0001045861812715741,0.015058176478223249,0.019592674568852837,0.02304283938829728,0.13498481793823913,10,0.25,ratio,0.05,0.007789901500018117,0.007286785622446048,0.125,3
sam,erm,True,0.0012681908939110081,0.0,-0.0001045861812715741,0.015058176478223249,0.019592674568852837,0.02304283938829728,0.13498481793823913,10,0.25,ratio,0.1,0.007789901500018117,0.007286785622446048,0.125,3
sam,erm,True,0.0012681908939110081,0.0,-0.0001045861812715741,0.015058176478223249,0.019592674568852837,0.02304283938829728,0.13498481793823913,10,0.25,ratio,0.2,0.007789901500018117,0.007286785622446048,0.125,2
sam,erm,True,0.0012681908939110081,0.0,-0.0001045861812715741,0.015058176478223249,0.019592674568852837,0.02304283938829728,0.13498481793823913,10,0.25,design,0.02,0.007789901500018117,0.007286785622446048,0.125,5
sam,erm,True,0.0012681908939110081,0.0,-0.0001045861812715741,0.015058176478223249,0.019592674568852837,0.02304283938829728,0.13498481793823913,10,0.25,design,0.05,0.007789901500018117,0.007286785622446048,0.125,3
sam,erm,True,0.0012681908939110081,0.0,-0.0001045861812715741,0.015058176478223249,0.019592674568852837,0.02304283938829728,0.13498481793823913,10,0.25,design,0.1,0.007789901500018117,0.007286785622446048,0.125,2
sam,erm,True,0.0012681908939110081,0.0,-0.0001045861812715741,0.015058176478223249,0.019592674568852837,0.02304283938829728,0.13498481793823913,10,0.25,design,0.2,0.007789901500018117,0.007286785622446048,0.125,2
sam,erm,True,0.0012681908939110081,0.0,-0.0001045861812715741,0.015058176478223249,0.019592674568852837,0.02304283938829728,0.13498481793823913,10,0.5,ratio,0.02,0.008414055281292642,0.007286785622446048,0.25,5
sam,erm,True,0.0012681908939110081,0.0,-0.0001045861812715741,0.015058176478223249,0.019592674568852837,0.02304283938829728,0.13498481793823913,10,0.5,ratio,0.05,0.008414055281292642,0.007286785622446048,0.25,3
sam,erm,True,0.0012681908939110081,0.0,-0.0001045861812715741,0.015058176478223249,0.019592674568852837,0.02304283938829728,0.13498481793823913,10,0.5,ratio,0.1,0.008414055281292642,0.007286785622446048,0.25,3
sam,erm,True,0.0012681908939110081,0.0,-0.0001045861812715741,0.015058176478223249,0.019592674568852837,0.02304283938829728,0.13498481793823913,10,0.5,ratio,0.2,0.008414055281292642,0.007286785622446048,0.25,2
sam,erm,True,0.0012681908939110081,0.0,-0.0001045861812715741,0.015058176478223249,0.019592674568852837,0.02304283938829728,0.13498481793823913,10,0.5,design,0.02,0.008414055281292642,0.007286785622446048,0.25,8
sam,erm,True,0.0012681908939110081,0.0,-0.0001045861812715741,0.015058176478223249,0.019592674568852837,0.02304283938829728,0.13498481793823913,10,0.5,design,0.05,0.008414055281292642,0.007286785622446048,0.25,3
sam,erm,True,0.0012681908939110081,0.0,-0.0001045861812715741,0.015058176478223249,0.019592674568852837,0.02304283938829728,0.13498481793823913,10,0.5,design,0.1,0.008414055281292642,0.007286785622446048,0.25,2
sam,erm,True,0.0012681908939110081,0.0,-0.0001045861812715741,0.015058176478223249,0.019592674568852837,0.02304283938829728,0.13498481793823913,10,0.5,design,0.2,0.008414055281292642,0.007286785622446048,0.25,2
simclr,erm,True,0.020390623808164525,0.01625361993004138,0.00026418016083023843,0.01805133091841638,0.019592674568852837,0.027531561747914653,-0.06823157449900517,1,0.0,none,0.02,0.031971347377135605,0.031971347377135605,0.0,23
simclr,erm,True,0.020390623808164525,0.01625361993004138,0.00026418016083023843,0.01805133091841638,0.019592674568852837,0.027531561747914653,-0.06823157449900517,1,0.0,none,0.05,0.031971347377135605,0.031971347377135605,0.0,6
simclr,erm,True,0.020390623808164525,0.01625361993004138,0.00026418016083023843,0.01805133091841638,0.019592674568852837,0.027531561747914653,-0.06823157449900517,1,0.0,none,0.1,0.031971347377135605,0.031971347377135605,0.0,4
simclr,erm,True,0.020390623808164525,0.01625361993004138,0.00026418016083023843,0.01805133091841638,0.019592674568852837,0.027531561747914653,-0.06823157449900517,1,0.0,none,0.2,0.031971347377135605,0.031971347377135605,0.0,3
simclr,erm,True,0.020390623808164525,0.01625361993004138,0.00026418016083023843,0.01805133091841638,0.019592674568852837,0.027531561747914653,-0.06823157449900517,1,0.25,ratio,0.02,0.034178808022507175,0.031971347377135605,0.125,31
simclr,erm,True,0.020390623808164525,0.01625361993004138,0.00026418016083023843,0.01805133091841638,0.019592674568852837,0.027531561747914653,-0.06823157449900517,1,0.25,ratio,0.05,0.034178808022507175,0.031971347377135605,0.125,7
simclr,erm,True,0.020390623808164525,0.01625361993004138,0.00026418016083023843,0.01805133091841638,0.019592674568852837,0.027531561747914653,-0.06823157449900517,1,0.25,ratio,0.1,0.034178808022507175,0.031971347377135605,0.125,4
simclr,erm,True,0.020390623808164525,0.01625361993004138,0.00026418016083023843,0.01805133091841638,0.019592674568852837,0.027531561747914653,-0.06823157449900517,1,0.25,ratio,0.2,0.034178808022507175,0.031971347377135605,0.125,3
simclr,erm,True,0.020390623808164525,0.01625361993004138,0.00026418016083023843,0.01805133091841638,0.019592674568852837,0.027531561747914653,-0.06823157449900517,1,0.25,design,0.02,0.034178808022507175,0.031971347377135605,0.125,
simclr,erm,True,0.020390623808164525,0.01625361993004138,0.00026418016083023843,0.01805133091841638,0.019592674568852837,0.027531561747914653,-0.06823157449900517,1,0.25,design,0.05,0.034178808022507175,0.031971347377135605,0.125,46
simclr,erm,True,0.020390623808164525,0.01625361993004138,0.00026418016083023843,0.01805133091841638,0.019592674568852837,0.027531561747914653,-0.06823157449900517,1,0.25,design,0.1,0.034178808022507175,0.031971347377135605,0.125,4
simclr,erm,True,0.020390623808164525,0.01625361993004138,0.00026418016083023843,0.01805133091841638,0.019592674568852837,0.027531561747914653,-0.06823157449900517,1,0.25,design,0.2,0.034178808022507175,0.031971347377135605,0.125,3
simclr,erm,True,0.020390623808164525,0.01625361993004138,0.00026418016083023843,0.01805133091841638,0.019592674568852837,0.027531561747914653,-0.06823157449900517,1,0.5,ratio,0.02,0.036917332029088555,0.031971347377135605,0.25,43
simclr,erm,True,0.020390623808164525,0.01625361993004138,0.00026418016083023843,0.01805133091841638,0.019592674568852837,0.027531561747914653,-0.06823157449900517,1,0.5,ratio,0.05,0.036917332029088555,0.031971347377135605,0.25,9
simclr,erm,True,0.020390623808164525,0.01625361993004138,0.00026418016083023843,0.01805133091841638,0.019592674568852837,0.027531561747914653,-0.06823157449900517,1,0.5,ratio,0.1,0.036917332029088555,0.031971347377135605,0.25,4
simclr,erm,True,0.020390623808164525,0.01625361993004138,0.00026418016083023843,0.01805133091841638,0.019592674568852837,0.027531561747914653,-0.06823157449900517,1,0.5,ratio,0.2,0.036917332029088555,0.031971347377135605,0.25,3
simclr,erm,True,0.020390623808164525,0.01625361993004138,0.00026418016083023843,0.01805133091841638,0.019592674568852837,0.027531561747914653,-0.06823157449900517,1,0.5,design,0.02,0.036917332029088555,0.031971347377135605,0.25,
simclr,erm,True,0.020390623808164525,0.01625361993004138,0.00026418016083023843,0.01805133091841638,0.019592674568852837,0.027531561747914653,-0.06823157449900517,1,0.5,design,0.05,0.036917332029088555,0.031971347377135605,0.25,
simclr,erm,True,0.020390623808164525,0.01625361993004138,0.00026418016083023843,0.01805133091841638,0.019592674568852837,0.027531561747914653,-0.06823157449900517,1,0.5,design,0.1,0.036917332029088555,0.031971347377135605,0.25,5
simclr,erm,True,0.020390623808164525,0.01625361993004138,0.00026418016083023843,0.01805133091841638,0.019592674568852837,0.027531561747914653,-0.06823157449900517,1,0.5,design,0.2,0.036917332029088555,0.031971347377135605,0.25,3
simclr,erm,True,0.020390623808164525,0.01625361993004138,0.00026418016083023843,0.01805133091841638,0.019592674568852837,0.027531561747914653,-0.06823157449900517,3,0.0,none,0.02,0.022734169398872944,0.022734169398872944,0.0,13
simclr,erm,True,0.020390623808164525,0.01625361993004138,0.00026418016083023843,0.01805133091841638,0.019592674568852837,0.027531561747914653,-0.06823157449900517,3,0.0,none,0.05,0.022734169398872944,0.022734169398872944,0.0,4
simclr,erm,True,0.020390623808164525,0.01625361993004138,0.00026418016083023843,0.01805133091841638,0.019592674568852837,0.027531561747914653,-0.06823157449900517,3,0.0,none,0.1,0.022734169398872944,0.022734169398872944,0.0,3
simclr,erm,True,0.020390623808164525,0.01625361993004138,0.00026418016083023843,0.01805133091841638,0.019592674568852837,0.027531561747914653,-0.06823157449900517,3,0.0,none,0.2,0.022734169398872944,0.022734169398872944,0.0,3
simclr,erm,True,0.020390623808164525,0.01625361993004138,0.00026418016083023843,0.01805133091841638,0.019592674568852837,0.027531561747914653,-0.06823157449900517,3,0.25,ratio,0.02,0.02430384938956087,0.022734169398872944,0.125,17
simclr,erm,True,0.020390623808164525,0.01625361993004138,0.00026418016083023843,0.01805133091841638,0.019592674568852837,0.027531561747914653,-0.06823157449900517,3,0.25,ratio,0.05,0.02430384938956087,0.022734169398872944,0.125,5
simclr,erm,True,0.020390623808164525,0.01625361993004138,0.00026418016083023843,0.01805133091841638,0.019592674568852837,0.027531561747914653,-0.06823157449900517,3,0.25,ratio,0.1,0.02430384938956087,0.022734169398872944,0.125,3
simclr,erm,True,0.020390623808164525,0.01625361993004138,0.00026418016083023843,0.01805133091841638,0.019592674568852837,0.027531561747914653,-0.06823157449900517,3,0.25,ratio,0.2,0.02430384938956087,0.022734169398872944,0.125,3
simclr,erm,True,0.020390623808164525,0.01625361993004138,0.00026418016083023843,0.01805133091841638,0.019592674568852837,0.027531561747914653,-0.06823157449900517,3,0.25,design,0.02,0.02430384938956087,0.022734169398872944,0.125,
simclr,erm,True,0.020390623808164525,0.01625361993004138,0.00026418016083023843,0.01805133091841638,0.019592674568852837,0.027531561747914653,-0.06823157449900517,3,0.25,design,0.05,0.02430384938956087,0.022734169398872944,0.125,6
simclr,erm,True,0.020390623808164525,0.01625361993004138,0.00026418016083023843,0.01805133091841638,0.019592674568852837,0.027531561747914653,-0.06823157449900517,3,0.25,design,0.1,0.02430384938956087,0.022734169398872944,0.125,3
simclr,erm,True,0.020390623808164525,0.01625361993004138,0.00026418016083023843,0.01805133091841638,0.019592674568852837,0.027531561747914653,-0.06823157449900517,3,0.25,design,0.2,0.02430384938956087,0.022734169398872944,0.125,3
simclr,erm,True,0.020390623808164525,0.01625361993004138,0.00026418016083023843,0.01805133091841638,0.019592674568852837,0.027531561747914653,-0.06823157449900517,3,0.5,ratio,0.02,0.026251157644483696,0.022734169398872944,0.25,23
simclr,erm,True,0.020390623808164525,0.01625361993004138,0.00026418016083023843,0.01805133091841638,0.019592674568852837,0.027531561747914653,-0.06823157449900517,3,0.5,ratio,0.05,0.026251157644483696,0.022734169398872944,0.25,6
simclr,erm,True,0.020390623808164525,0.01625361993004138,0.00026418016083023843,0.01805133091841638,0.019592674568852837,0.027531561747914653,-0.06823157449900517,3,0.5,ratio,0.1,0.026251157644483696,0.022734169398872944,0.25,4
simclr,erm,True,0.020390623808164525,0.01625361993004138,0.00026418016083023843,0.01805133091841638,0.019592674568852837,0.027531561747914653,-0.06823157449900517,3,0.5,ratio,0.2,0.026251157644483696,0.022734169398872944,0.25,3
simclr,erm,True,0.020390623808164525,0.01625361993004138,0.00026418016083023843,0.01805133091841638,0.019592674568852837,0.027531561747914653,-0.06823157449900517,3,0.5,design,0.02,0.026251157644483696,0.022734169398872944,0.25,
simclr,erm,True,0.020390623808164525,0.01625361993004138,0.00026418016083023843,0.01805133091841638,0.019592674568852837,0.027531561747914653,-0.06823157449900517,3,0.5,design,0.05,0.026251157644483696,0.022734169398872944,0.25,
simclr,erm,True,0.020390623808164525,0.01625361993004138,0.00026418016083023843,0.01805133091841638,0.019592674568852837,0.027531561747914653,-0.06823157449900517,3,0.5,design,0.1,0.026251157644483696,0.022734169398872944,0.25,4
simclr,erm,True,0.020390623808164525,0.01625361993004138,0.00026418016083023843,0.01805133091841638,0.019592674568852837,0.027531561747914653,-0.06823157449900517,3,0.5,design,0.2,0.026251157644483696,0.022734169398872944,0.25,3
simclr,erm,True,0.020390623808164525,0.01625361993004138,0.00026418016083023843,0.01805133091841638,0.019592674568852837,0.027531561747914653,-0.06823157449900517,5,0.0,none,0.02,0.020390623808164525,0.020390623808164525,0.0,11
simclr,erm,True,0.020390623808164525,0.01625361993004138,0.00026418016083023843,0.01805133091841638,0.019592674568852837,0.027531561747914653,-0.06823157449900517,5,0.0,none,0.05,0.020390623808164525,0.020390623808164525,0.0,4
simclr,erm,True,0.020390623808164525,0.01625361993004138,0.00026418016083023843,0.01805133091841638,0.019592674568852837,0.027531561747914653,-0.06823157449900517,5,0.0,none,0.1,0.020390623808164525,0.020390623808164525,0.0,3
simclr,erm,True,0.020390623808164525,0.01625361993004138,0.00026418016083023843,0.01805133091841638,0.019592674568852837,0.027531561747914653,-0.06823157449900517,5,0.0,none,0.2,0.020390623808164525,0.020390623808164525,0.0,3
simclr,erm,True,0.020390623808164525,0.01625361993004138,0.00026418016083023843,0.01805133091841638,0.019592674568852837,0.027531561747914653,-0.06823157449900517,5,0.25,ratio,0.02,0.021798493769356397,0.020390623808164525,0.125,14
simclr,erm,True,0.020390623808164525,0.01625361993004138,0.00026418016083023843,0.01805133091841638,0.019592674568852837,0.027531561747914653,-0.06823157449900517,5,0.25,ratio,0.05,0.021798493769356397,0.020390623808164525,0.125,5
simclr,erm,True,0.020390623808164525,0.01625361993004138,0.00026418016083023843,0.01805133091841638,0.019592674568852837,0.027531561747914653,-0.06823157449900517,5,0.25,ratio,0.1,0.021798493769356397,0.020390623808164525,0.125,3
simclr,erm,True,0.020390623808164525,0.01625361993004138,0.00026418016083023843,0.01805133091841638,0.019592674568852837,0.027531561747914653,-0.06823157449900517,5,0.25,ratio,0.2,0.021798493769356397,0.020390623808164525,0.125,3
simclr,erm,True,0.020390623808164525,0.01625361993004138,0.00026418016083023843,0.01805133091841638,0.019592674568852837,0.027531561747914653,-0.06823157449900517,5,0.25,design,0.02,0.021798493769356397,0.020390623808164525,0.125,
simclr,erm,True,0.020390623808164525,0.01625361993004138,0.00026418016083023843,0.01805133091841638,0.019592674568852837,0.027531561747914653,-0.06823157449900517,5,0.25,design,0.05,0.021798493769356397,0.020390623808164525,0.125,5
simclr,erm,True,0.020390623808164525,0.01625361993004138,0.00026418016083023843,0.01805133091841638,0.019592674568852837,0.027531561747914653,-0.06823157449900517,5,0.25,design,0.1,0.021798493769356397,0.020390623808164525,0.125,3
simclr,erm,True,0.020390623808164525,0.01625361993004138,0.00026418016083023843,0.01805133091841638,0.019592674568852837,0.027531561747914653,-0.06823157449900517,5,0.25,design,0.2,0.021798493769356397,0.020390623808164525,0.125,3
simclr,erm,True,0.020390623808164525,0.01625361993004138,0.00026418016083023843,0.01805133091841638,0.019592674568852837,0.027531561747914653,-0.06823157449900517,5,0.5,ratio,0.02,0.02354506428917636,0.020390623808164525,0.25,19
simclr,erm,True,0.020390623808164525,0.01625361993004138,0.00026418016083023843,0.01805133091841638,0.019592674568852837,0.027531561747914653,-0.06823157449900517,5,0.5,ratio,0.05,0.02354506428917636,0.020390623808164525,0.25,5
simclr,erm,True,0.020390623808164525,0.01625361993004138,0.00026418016083023843,0.01805133091841638,0.019592674568852837,0.027531561747914653,-0.06823157449900517,5,0.5,ratio,0.1,0.02354506428917636,0.020390623808164525,0.25,3
simclr,erm,True,0.020390623808164525,0.01625361993004138,0.00026418016083023843,0.01805133091841638,0.019592674568852837,0.027531561747914653,-0.06823157449900517,5,0.5,ratio,0.2,0.02354506428917636,0.020390623808164525,0.25,3
simclr,erm,True,0.020390623808164525,0.01625361993004138,0.00026418016083023843,0.01805133091841638,0.019592674568852837,0.027531561747914653,-0.06823157449900517,5,0.5,design,0.02,0.02354506428917636,0.020390623808164525,0.25,
simclr,erm,True,0.020390623808164525,0.01625361993004138,0.00026418016083023843,0.01805133091841638,0.019592674568852837,0.027531561747914653,-0.06823157449900517,5,0.5,design,0.05,0.02354506428917636,0.020390623808164525,0.25,16
simclr,erm,True,0.020390623808164525,0.01625361993004138,0.00026418016083023843,0.01805133091841638,0.019592674568852837,0.027531561747914653,-0.06823157449900517,5,0.5,design,0.1,0.02354506428917636,0.020390623808164525,0.25,3
simclr,erm,True,0.020390623808164525,0.01625361993004138,0.00026418016083023843,0.01805133091841638,0.019592674568852837,0.027531561747914653,-0.06823157449900517,5,0.5,design,0.2,0.02354506428917636,0.020390623808164525,0.25,3
simclr,erm,True,0.020390623808164525,0.01625361993004138,0.00026418016083023843,0.01805133091841638,0.019592674568852837,0.027531561747914653,-0.06823157449900517,10,0.0,none,0.02,0.01843851539734591,0.01843851539734591,0.0,9
simclr,erm,True,0.020390623808164525,0.01625361993004138,0.00026418016083023843,0.01805133091841638,0.019592674568852837,0.027531561747914653,-0.06823157449900517,10,0.0,none,0.05,0.01843851539734591,0.01843851539734591,0.0,4
simclr,erm,True,0.020390623808164525,0.01625361993004138,0.00026418016083023843,0.01805133091841638,0.019592674568852837,0.027531561747914653,-0.06823157449900517,10,0.0,none,0.1,0.01843851539734591,0.01843851539734591,0.0,3
simclr,erm,True,0.020390623808164525,0.01625361993004138,0.00026418016083023843,0.01805133091841638,0.019592674568852837,0.027531561747914653,-0.06823157449900517,10,0.0,none,0.2,0.01843851539734591,0.01843851539734591,0.0,3
simclr,erm,True,0.020390623808164525,0.01625361993004138,0.00026418016083023843,0.01805133091841638,0.019592674568852837,0.027531561747914653,-0.06823157449900517,10,0.25,ratio,0.02,0.019711602096464106,0.01843851539734591,0.125,12
simclr,erm,True,0.020390623808164525,0.01625361993004138,0.00026418016083023843,0.01805133091841638,0.019592674568852837,0.027531561747914653,-0.06823157449900517,10,0.25,ratio,0.05,0.019711602096464106,0.01843851539734591,0.125,4
simclr,erm,True,0.020390623808164525,0.01625361993004138,0.00026418016083023843,0.01805133091841638,0.019592674568852837,0.027531561747914653,-0.06823157449900517,10,0.25,ratio,0.1,0.019711602096464106,0.01843851539734591,0.125,3
simclr,erm,True,0.020390623808164525,0.01625361993004138,0.00026418016083023843,0.01805133091841638,0.019592674568852837,0.027531561747914653,-0.06823157449900517,10,0.25,ratio,0.2,0.019711602096464106,0.01843851539734591,0.125,3
simclr,erm,True,0.020390623808164525,0.01625361993004138,0.00026418016083023843,0.01805133091841638,0.019592674568852837,0.027531561747914653,-0.06823157449900517,10,0.25,design,0.02,0.019711602096464106,0.01843851539734591,0.125,
simclr,erm,True,0.020390623808164525,0.01625361993004138,0.00026418016083023843,0.01805133091841638,0.019592674568852837,0.027531561747914653,-0.06823157449900517,10,0.25,design,0.05,0.019711602096464106,0.01843851539734591,0.125,5
simclr,erm,True,0.020390623808164525,0.01625361993004138,0.00026418016083023843,0.01805133091841638,0.019592674568852837,0.027531561747914653,-0.06823157449900517,10,0.25,design,0.1,0.019711602096464106,0.01843851539734591,0.125,3
simclr,erm,True,0.020390623808164525,0.01625361993004138,0.00026418016083023843,0.01805133091841638,0.019592674568852837,0.027531561747914653,-0.06823157449900517,10,0.25,design,0.2,0.019711602096464106,0.01843851539734591,0.125,3
simclr,erm,True,0.020390623808164525,0.01625361993004138,0.00026418016083023843,0.01805133091841638,0.019592674568852837,0.027531561747914653,-0.06823157449900517,10,0.5,ratio,0.02,0.021290963656229442,0.01843851539734591,0.25,16
simclr,erm,True,0.020390623808164525,0.01625361993004138,0.00026418016083023843,0.01805133091841638,0.019592674568852837,0.027531561747914653,-0.06823157449900517,10,0.5,ratio,0.05,0.021290963656229442,0.01843851539734591,0.25,5
simclr,erm,True,0.020390623808164525,0.01625361993004138,0.00026418016083023843,0.01805133091841638,0.019592674568852837,0.027531561747914653,-0.06823157449900517,10,0.5,ratio,0.1,0.021290963656229442,0.01843851539734591,0.25,3
simclr,erm,True,0.020390623808164525,0.01625361993004138,0.00026418016083023843,0.01805133091841638,0.019592674568852837,0.027531561747914653,-0.06823157449900517,10,0.5,ratio,0.2,0.021290963656229442,0.01843851539734591,0.25,3
simclr,erm,True,0.020390623808164525,0.01625361993004138,0.00026418016083023843,0.01805133091841638,0.019592674568852837,0.027531561747914653,-0.06823157449900517,10,0.5,design,0.02,0.021290963656229442,0.01843851539734591,0.25,
simclr,erm,True,0.020390623808164525,0.01625361993004138,0.00026418016083023843,0.01805133091841638,0.019592674568852837,0.027531561747914653,-0.06823157449900517,10,0.5,design,0.05,0.021290963656229442,0.01843851539734591,0.25,8
simclr,erm,True,0.020390623808164525,0.01625361993004138,0.00026418016083023843,0.01805133091841638,0.019592674568852837,0.027531561747914653,-0.06823157449900517,10,0.5,design,0.1,0.021290963656229442,0.01843851539734591,0.25,3
simclr,erm,True,0.020390623808164525,0.01625361993004138,0.00026418016083023843,0.01805133091841638,0.019592674568852837,0.027531561747914653,-0.06823157449900517,10,0.5,design,0.2,0.021290963656229442,0.01843851539734591,0.25,3
simclr_sam,erm,True,0.021397273632206157,0.017179177785343485,0.00029512414938043913,0.01765755668321385,0.019592674568852837,0.028523601588076642,-0.17044465381982374,1,0.0,none,0.02,0.033297447303596225,0.033297447303596225,0.0,24
simclr_sam,erm,True,0.021397273632206157,0.017179177785343485,0.00029512414938043913,0.01765755668321385,0.019592674568852837,0.028523601588076642,-0.17044465381982374,1,0.0,none,0.05,0.033297447303596225,0.033297447303596225,0.0,6
simclr_sam,erm,True,0.021397273632206157,0.017179177785343485,0.00029512414938043913,0.01765755668321385,0.019592674568852837,0.028523601588076642,-0.17044465381982374,1,0.0,none,0.1,0.033297447303596225,0.033297447303596225,0.0,4
simclr_sam,erm,True,0.021397273632206157,0.017179177785343485,0.00029512414938043913,0.01765755668321385,0.019592674568852837,0.028523601588076642,-0.17044465381982374,1,0.0,none,0.2,0.033297447303596225,0.033297447303596225,0.0,3
simclr_sam,erm,True,0.021397273632206157,0.017179177785343485,0.00029512414938043913,0.01765755668321385,0.019592674568852837,0.028523601588076642,-0.17044465381982374,1,0.25,ratio,0.02,0.035596468475490535,0.033297447303596225,0.125,34
simclr_sam,erm,True,0.021397273632206157,0.017179177785343485,0.00029512414938043913,0.01765755668321385,0.019592674568852837,0.028523601588076642,-0.17044465381982374,1,0.25,ratio,0.05,0.035596468475490535,0.033297447303596225,0.125,8
simclr_sam,erm,True,0.021397273632206157,0.017179177785343485,0.00029512414938043913,0.01765755668321385,0.019592674568852837,0.028523601588076642,-0.17044465381982374,1,0.25,ratio,0.1,0.035596468475490535,0.033297447303596225,0.125,4
simclr_sam,erm,True,0.021397273632206157,0.017179177785343485,0.00029512414938043913,0.01765755668321385,0.019592674568852837,0.028523601588076642,-0.17044465381982374,1,0.25,ratio,0.2,0.035596468475490535,0.033297447303596225,0.125,3
simclr_sam,erm,True,0.021397273632206157,0.017179177785343485,0.00029512414938043913,0.01765755668321385,0.019592674568852837,0.028523601588076642,-0.17044465381982374,1,0.25,design,0.02,0.035596468475490535,0.033297447303596225,0.125,
simclr_sam,erm,True,0.021397273632206157,0.017179177785343485,0.00029512414938043913,0.01765755668321385,0.019592674568852837,0.028523601588076642,-0.17044465381982374,1,0.25,design,0.05,0.035596468475490535,0.033297447303596225,0.125,716
simclr_sam,erm,True,0.021397273632206157,0.017179177785343485,0.00029512414938043913,0.01765755668321385,0.019592674568852837,0.028523601588076642,-0.17044465381982374,1,0.25,design,0.1,0.035596468475490535,0.033297447303596225,0.125,4
simclr_sam,erm,True,0.021397273632206157,0.017179177785343485,0.00029512414938043913,0.01765755668321385,0.019592674568852837,0.028523601588076642,-0.17044465381982374,1,0.25,design,0.2,0.035596468475490535,0.033297447303596225,0.125,3
simclr_sam,erm,True,0.021397273632206157,0.017179177785343485,0.00029512414938043913,0.01765755668321385,0.019592674568852837,0.028523601588076642,-0.17044465381982374,1,0.5,ratio,0.02,0.03844858032811732,0.033297447303596225,0.25,46
simclr_sam,erm,True,0.021397273632206157,0.017179177785343485,0.00029512414938043913,0.01765755668321385,0.019592674568852837,0.028523601588076642,-0.17044465381982374,1,0.5,ratio,0.05,0.03844858032811732,0.033297447303596225,0.25,10
simclr_sam,erm,True,0.021397273632206157,0.017179177785343485,0.00029512414938043913,0.01765755668321385,0.019592674568852837,0.028523601588076642,-0.17044465381982374,1,0.5,ratio,0.1,0.03844858032811732,0.033297447303596225,0.25,5
simclr_sam,erm,True,0.021397273632206157,0.017179177785343485,0.00029512414938043913,0.01765755668321385,0.019592674568852837,0.028523601588076642,-0.17044465381982374,1,0.5,ratio,0.2,0.03844858032811732,0.033297447303596225,0.25,3
simclr_sam,erm,True,0.021397273632206157,0.017179177785343485,0.00029512414938043913,0.01765755668321385,0.019592674568852837,0.028523601588076642,-0.17044465381982374,1,0.5,design,0.02,0.03844858032811732,0.033297447303596225,0.25,
simclr_sam,erm,True,0.021397273632206157,0.017179177785343485,0.00029512414938043913,0.01765755668321385,0.019592674568852837,0.028523601588076642,-0.17044465381982374,1,0.5,design,0.05,0.03844858032811732,0.033297447303596225,0.25,
simclr_sam,erm,True,0.021397273632206157,0.017179177785343485,0.00029512414938043913,0.01765755668321385,0.019592674568852837,0.028523601588076642,-0.17044465381982374,1,0.5,design,0.1,0.03844858032811732,0.033297447303596225,0.25,6
simclr_sam,erm,True,0.021397273632206157,0.017179177785343485,0.00029512414938043913,0.01765755668321385,0.019592674568852837,0.028523601588076642,-0.17044465381982374,1,0.5,design,0.2,0.03844858032811732,0.033297447303596225,0.25,3
simclr_sam,erm,True,0.021397273632206157,0.017179177785343485,0.00029512414938043913,0.01765755668321385,0.019592674568852837,0.028523601588076642,-0.17044465381982374,3,0.0,none,0.02,0.023797536957261254,0.023797536957261254,0.0,14
simclr_sam,erm,True,0.021397273632206157,0.017179177785343485,0.00029512414938043913,0.01765755668321385,0.019592674568852837,0.028523601588076642,-0.17044465381982374,3,0.0,none,0.05,0.023797536957261254,0.023797536957261254,0.0,5
simclr_sam,erm,True,0.021397273632206157,0.017179177785343485,0.00029512414938043913,0.01765755668321385,0.019592674568852837,0.028523601588076642,-0.17044465381982374,3,0.0,none,0.1,0.023797536957261254,0.023797536957261254,0.0,3
simclr_sam,erm,True,0.021397273632206157,0.017179177785343485,0.00029512414938043913,0.01765755668321385,0.019592674568852837,0.028523601588076642,-0.17044465381982374,3,0.0,none,0.2,0.023797536957261254,0.023797536957261254,0.0,3
simclr_sam,erm,True,0.021397273632206157,0.017179177785343485,0.00029512414938043913,0.01765755668321385,0.019592674568852837,0.028523601588076642,-0.17044465381982374,3,0.25,ratio,0.02,0.02544063712661784,0.023797536957261254,0.125,18
simclr_sam,erm,True,0.021397273632206157,0.017179177785343485,0.00029512414938043913,0.01765755668321385,0.019592674568852837,0.028523601588076642,-0.17044465381982374,3,0.25,ratio,0.05,0.02544063712661784,0.023797536957261254,0.125,5
simclr_sam,erm,True,0.021397273632206157,0.017179177785343485,0.00029512414938043913,0.01765755668321385,0.019592674568852837,0.028523601588076642,-0.17044465381982374,3,0.25,ratio,0.1,0.02544063712661784,0.023797536957261254,0.125,3
simclr_sam,erm,True,0.021397273632206157,0.017179177785343485,0.00029512414938043913,0.01765755668321385,0.019592674568852837,0.028523601588076642,-0.17044465381982374,3,0.25,ratio,0.2,0.02544063712661784,0.023797536957261254,0.125,3
simclr_sam,erm,True,0.021397273632206157,0.017179177785343485,0.00029512414938043913,0.01765755668321385,0.019592674568852837,0.028523601588076642,-0.17044465381982374,3,0.25,design,0.02,0.02544063712661784,0.023797536957261254,0.125,
simclr_sam,erm,True,0.021397273632206157,0.017179177785343485,0.00029512414938043913,0.01765755668321385,0.019592674568852837,0.028523601588076642,-0.17044465381982374,3,0.25,design,0.05,0.02544063712661784,0.023797536957261254,0.125,7
simclr_sam,erm,True,0.021397273632206157,0.017179177785343485,0.00029512414938043913,0.01765755668321385,0.019592674568852837,0.028523601588076642,-0.17044465381982374,3,0.25,design,0.1,0.02544063712661784,0.023797536957261254,0.125,3
simclr_sam,erm,True,0.021397273632206157,0.017179177785343485,0.00029512414938043913,0.01765755668321385,0.019592674568852837,0.028523601588076642,-0.17044465381982374,3,0.25,design,0.2,0.02544063712661784,0.023797536957261254,0.125,3
simclr_sam,erm,True,0.021397273632206157,0.017179177785343485,0.00029512414938043913,0.01765755668321385,0.019592674568852837,0.028523601588076642,-0.17044465381982374,3,0.5,ratio,0.02,0.027479028736649706,0.023797536957261254,0.25,25
simclr_sam,erm,True,0.021397273632206157,0.017179177785343485,0.00029512414938043913,0.01765755668321385,0.019592674568852837,0.028523601588076642,-0.17044465381982374,3,0.5,ratio,0.05,0.027479028736649706,0.023797536957261254,0.25,6
simclr_sam,erm,True,0.021397273632206157,0.017179177785343485,0.00029512414938043913,0.01765755668321385,0.019592674568852837,0.028523601588076642,-0.17044465381982374,3,0.5,ratio,0.1,0.027479028736649706,0.023797536957261254,0.25,4
simclr_sam,erm,True,0.021397273632206157,0.017179177785343485,0.00029512414938043913,0.01765755668321385,0.019592674568852837,0.028523601588076642,-0.17044465381982374,3,0.5,ratio,0.2,0.027479028736649706,0.023797536957261254,0.25,3
simclr_sam,erm,True,0.021397273632206157,0.017179177785343485,0.00029512414938043913,0.01765755668321385,0.019592674568852837,0.028523601588076642,-0.17044465381982374,3,0.5,design,0.02,0.027479028736649706,0.023797536957261254,0.25,
simclr_sam,erm,True,0.021397273632206157,0.017179177785343485,0.00029512414938043913,0.01765755668321385,0.019592674568852837,0.028523601588076642,-0.17044465381982374,3,0.5,design,0.05,0.027479028736649706,0.023797536957261254,0.25,
simclr_sam,erm,True,0.021397273632206157,0.017179177785343485,0.00029512414938043913,0.01765755668321385,0.019592674568852837,0.028523601588076642,-0.17044465381982374,3,0.5,design,0.1,0.027479028736649706,0.023797536957261254,0.25,4
simclr_sam,erm,True,0.021397273632206157,0.017179177785343485,0.00029512414938043913,0.01765755668321385,0.019592674568852837,0.028523601588076642,-0.17044465381982374,3,0.5,design,0.2,0.027479028736649706,0.023797536957261254,0.25,3
simclr_sam,erm,True,0.021397273632206157,0.017179177785343485,0.00029512414938043913,0.01765755668321385,0.019592674568852837,0.028523601588076642,-0.17044465381982374,5,0.0,none,0.02,0.021397273632206157,0.021397273632206157,0.0,12
simclr_sam,erm,True,0.021397273632206157,0.017179177785343485,0.00029512414938043913,0.01765755668321385,0.019592674568852837,0.028523601588076642,-0.17044465381982374,5,0.0,none,0.05,0.021397273632206157,0.021397273632206157,0.0,4
simclr_sam,erm,True,0.021397273632206157,0.017179177785343485,0.00029512414938043913,0.01765755668321385,0.019592674568852837,0.028523601588076642,-0.17044465381982374,5,0.0,none,0.1,0.021397273632206157,0.021397273632206157,0.0,3
simclr_sam,erm,True,0.021397273632206157,0.017179177785343485,0.00029512414938043913,0.01765755668321385,0.019592674568852837,0.028523601588076642,-0.17044465381982374,5,0.0,none,0.2,0.021397273632206157,0.021397273632206157,0.0,3
simclr_sam,erm,True,0.021397273632206157,0.017179177785343485,0.00029512414938043913,0.01765755668321385,0.019592674568852837,0.028523601588076642,-0.17044465381982374,5,0.25,ratio,0.02,0.022874647697933556,0.021397273632206157,0.125,15
simclr_sam,erm,True,0.021397273632206157,0.017179177785343485,0.00029512414938043913,0.01765755668321385,0.019592674568852837,0.028523601588076642,-0.17044465381982374,5,0.25,ratio,0.05,0.022874647697933556,0.021397273632206157,0.125,5
simclr_sam,erm,True,0.021397273632206157,0.017179177785343485,0.00029512414938043913,0.01765755668321385,0.019592674568852837,0.028523601588076642,-0.17044465381982374,5,0.25,ratio,0.1,0.022874647697933556,0.021397273632206157,0.125,3
simclr_sam,erm,True,0.021397273632206157,0.017179177785343485,0.00029512414938043913,0.01765755668321385,0.019592674568852837,0.028523601588076642,-0.17044465381982374,5,0.25,ratio,0.2,0.022874647697933556,0.021397273632206157,0.125,3
simclr_sam,erm,True,0.021397273632206157,0.017179177785343485,0.00029512414938043913,0.01765755668321385,0.019592674568852837,0.028523601588076642,-0.17044465381982374,5,0.25,design,0.02,0.022874647697933556,0.021397273632206157,0.125,
simclr_sam,erm,True,0.021397273632206157,0.017179177785343485,0.00029512414938043913,0.01765755668321385,0.019592674568852837,0.028523601588076642,-0.17044465381982374,5,0.25,design,0.05,0.022874647697933556,0.021397273632206157,0.125,6
simclr_sam,erm,True,0.021397273632206157,0.017179177785343485,0.00029512414938043913,0.01765755668321385,0.019592674568852837,0.028523601588076642,-0.17044465381982374,5,0.25,design,0.1,0.022874647697933556,0.021397273632206157,0.125,3
simclr_sam,erm,True,0.021397273632206157,0.017179177785343485,0.00029512414938043913,0.01765755668321385,0.019592674568852837,0.028523601588076642,-0.17044465381982374,5,0.25,design,0.2,0.022874647697933556,0.021397273632206157,0.125,3
simclr_sam,erm,True,0.021397273632206157,0.017179177785343485,0.00029512414938043913,0.01765755668321385,0.019592674568852837,0.028523601588076642,-0.17044465381982374,5,0.5,ratio,0.02,0.024707443382956613,0.021397273632206157,0.25,20
simclr_sam,erm,True,0.021397273632206157,0.017179177785343485,0.00029512414938043913,0.01765755668321385,0.019592674568852837,0.028523601588076642,-0.17044465381982374,5,0.5,ratio,0.05,0.024707443382956613,0.021397273632206157,0.25,6
simclr_sam,erm,True,0.021397273632206157,0.017179177785343485,0.00029512414938043913,0.01765755668321385,0.019592674568852837,0.028523601588076642,-0.17044465381982374,5,0.5,ratio,0.1,0.024707443382956613,0.021397273632206157,0.25,3
simclr_sam,erm,True,0.021397273632206157,0.017179177785343485,0.00029512414938043913,0.01765755668321385,0.019592674568852837,0.028523601588076642,-0.17044465381982374,5,0.5,ratio,0.2,0.024707443382956613,0.021397273632206157,0.25,3
simclr_sam,erm,True,0.021397273632206157,0.017179177785343485,0.00029512414938043913,0.01765755668321385,0.019592674568852837,0.028523601588076642,-0.17044465381982374,5,0.5,design,0.02,0.024707443382956613,0.021397273632206157,0.25,
simclr_sam,erm,True,0.021397273632206157,0.017179177785343485,0.00029512414938043913,0.01765755668321385,0.019592674568852837,0.028523601588076642,-0.17044465381982374,5,0.5,design,0.05,0.024707443382956613,0.021397273632206157,0.25,47
simclr_sam,erm,True,0.021397273632206157,0.017179177785343485,0.00029512414938043913,0.01765755668321385,0.019592674568852837,0.028523601588076642,-0.17044465381982374,5,0.5,design,0.1,0.024707443382956613,0.021397273632206157,0.25,3
simclr_sam,erm,True,0.021397273632206157,0.017179177785343485,0.00029512414938043913,0.01765755668321385,0.019592674568852837,0.028523601588076642,-0.17044465381982374,5,0.5,design,0.2,0.024707443382956613,0.021397273632206157,0.25,3
simclr_sam,erm,True,0.021397273632206157,0.017179177785343485,0.00029512414938043913,0.01765755668321385,0.019592674568852837,0.028523601588076642,-0.17044465381982374,10,0.0,none,0.02,0.01940318876205589,0.01940318876205589,0.0,10
simclr_sam,erm,True,0.021397273632206157,0.017179177785343485,0.00029512414938043913,0.01765755668321385,0.019592674568852837,0.028523601588076642,-0.17044465381982374,10,0.0,none,0.05,0.01940318876205589,0.01940318876205589,0.0,4
simclr_sam,erm,True,0.021397273632206157,0.017179177785343485,0.00029512414938043913,0.01765755668321385,0.019592674568852837,0.028523601588076642,-0.17044465381982374,10,0.0,none,0.1,0.01940318876205589,0.01940318876205589,0.0,3
simclr_sam,erm,True,0.021397273632206157,0.017179177785343485,0.00029512414938043913,0.01765755668321385,0.019592674568852837,0.028523601588076642,-0.17044465381982374,10,0.0,none,0.2,0.01940318876205589,0.01940318876205589,0.0,3
simclr_sam,erm,True,0.021397273632206157,0.017179177785343485,0.00029512414938043913,0.01765755668321385,0.019592674568852837,0.028523601588076642,-0.17044465381982374,10,0.25,ratio,0.02,0.020742881302433014,0.01940318876205589,0.125,13
simclr_sam,erm,True,0.021397273632206157,0.017179177785343485,0.00029512414938043913,0.01765755668321385,0.019592674568852837,0.028523601588076642,-0.17044465381982374,10,0.25,ratio,0.05,0.020742881302433014,0.01940318876205589,0.125,4
simclr_sam,erm,True,0.021397273632206157,0.017179177785343485,0.00029512414938043913,0.01765755668321385,0.019592674568852837,0.028523601588076642,-0.17044465381982374,10,0.25,ratio,0.1,0.020742881302433014,0.01940318876205589,0.125,3
simclr_sam,erm,True,0.021397273632206157,0.017179177785343485,0.00029512414938043913,0.01765755668321385,0.019592674568852837,0.028523601588076642,-0.17044465381982374,10,0.25,ratio,0.2,0.020742881302433014,0.01940318876205589,0.125,3
simclr_sam,erm,True,0.021397273632206157,0.017179177785343485,0.00029512414938043913,0.01765755668321385,0.019592674568852837,0.028523601588076642,-0.17044465381982374,10,0.25,design,0.02,0.020742881302433014,0.01940318876205589,0.125,
simclr_sam,erm,True,0.021397273632206157,0.017179177785343485,0.00029512414938043913,0.01765755668321385,0.019592674568852837,0.028523601588076642,-0.17044465381982374,10,0.25,design,0.05,0.020742881302433014,0.01940318876205589,0.125,5
simclr_sam,erm,True,0.021397273632206157,0.017179177785343485,0.00029512414938043913,0.01765755668321385,0.019592674568852837,0.028523601588076642,-0.17044465381982374,10,0.25,design,0.1,0.020742881302433014,0.01940318876205589,0.125,3
simclr_sam,erm,True,0.021397273632206157,0.017179177785343485,0.00029512414938043913,0.01765755668321385,0.019592674568852837,0.028523601588076642,-0.17044465381982374,10,0.25,design,0.2,0.020742881302433014,0.01940318876205589,0.125,3
simclr_sam,erm,True,0.021397273632206157,0.017179177785343485,0.00029512414938043913,0.01765755668321385,0.019592674568852837,0.028523601588076642,-0.17044465381982374,10,0.5,ratio,0.02,0.02240487250982018,0.01940318876205589,0.25,17
simclr_sam,erm,True,0.021397273632206157,0.017179177785343485,0.00029512414938043913,0.01765755668321385,0.019592674568852837,0.028523601588076642,-0.17044465381982374,10,0.5,ratio,0.05,0.02240487250982018,0.01940318876205589,0.25,5
simclr_sam,erm,True,0.021397273632206157,0.017179177785343485,0.00029512414938043913,0.01765755668321385,0.019592674568852837,0.028523601588076642,-0.17044465381982374,10,0.5,ratio,0.1,0.02240487250982018,0.01940318876205589,0.25,3
simclr_sam,erm,True,0.021397273632206157,0.017179177785343485,0.00029512414938043913,0.01765755668321385,0.019592674568852837,0.028523601588076642,-0.17044465381982374,10,0.5,ratio,0.2,0.02240487250982018,0.01940318876205589,0.25,3
simclr_sam,erm,True,0.021397273632206157,0.017179177785343485,0.00029512414938043913,0.01765755668321385,0.019592674568852837,0.028523601588076642,-0.17044465381982374,10,0.5,design,0.02,0.02240487250982018,0.01940318876205589,0.25,
simclr_sam,erm,True,0.021397273632206157,0.017179177785343485,0.00029512414938043913,0.01765755668321385,0.019592674568852837,0.028523601588076642,-0.17044465381982374,10,0.5,design,0.05,0.02240487250982018,0.01940318876205589,0.25,10
simclr_sam,erm,True,0.021397273632206157,0.017179177785343485,0.00029512414938043913,0.01765755668321385,0.019592674568852837,0.028523601588076642,-0.17044465381982374,10,0.5,design,0.1,0.02240487250982018,0.01940318876205589,0.25,3
simclr_sam,erm,True,0.021397273632206157,0.017179177785343485,0.00029512414938043913,0.01765755668321385,0.019592674568852837,0.028523601588076642,-0.17044465381982374,10,0.5,design,0.2,0.02240487250982018,0.01940318876205589,0.25,3
tia_style,erm,True,0.012616526702990348,0.008422103381199891,7.093182536361864e-05,0.0035890040719080718,0.019592674568852837,0.02100534701970546,-0.3162109063349563,1,0.0,none,0.02,0.02263087335437737,0.02263087335437737,0.0,13
tia_style,erm,True,0.012616526702990348,0.008422103381199891,7.093182536361864e-05,0.0035890040719080718,0.019592674568852837,0.02100534701970546,-0.3162109063349563,1,0.0,none,0.05,0.02263087335437737,0.02263087335437737,0.0,4
tia_style,erm,True,0.012616526702990348,0.008422103381199891,7.093182536361864e-05,0.0035890040719080718,0.019592674568852837,0.02100534701970546,-0.3162109063349563,1,0.0,none,0.1,0.02263087335437737,0.02263087335437737,0.0,3
tia_style,erm,True,0.012616526702990348,0.008422103381199891,7.093182536361864e-05,0.0035890040719080718,0.019592674568852837,0.02100534701970546,-0.3162109063349563,1,0.0,none,0.2,0.02263087335437737,0.02263087335437737,0.0,3
tia_style,erm,True,0.012616526702990348,0.008422103381199891,7.093182536361864e-05,0.0035890040719080718,0.019592674568852837,0.02100534701970546,-0.3162109063349563,1,0.25,ratio,0.02,0.02419342127301476,0.02263087335437737,0.125,17
tia_style,erm,True,0.012616526702990348,0.008422103381199891,7.093182536361864e-05,0.0035890040719080718,0.019592674568852837,0.02100534701970546,-0.3162109063349563,1,0.25,ratio,0.05,0.02419342127301476,0.02263087335437737,0.125,5
tia_style,erm,True,0.012616526702990348,0.008422103381199891,7.093182536361864e-05,0.0035890040719080718,0.019592674568852837,0.02100534701970546,-0.3162109063349563,1,0.25,ratio,0.1,0.02419342127301476,0.02263087335437737,0.125,3
tia_style,erm,True,0.012616526702990348,0.008422103381199891,7.093182536361864e-05,0.0035890040719080718,0.019592674568852837,0.02100534701970546,-0.3162109063349563,1,0.25,ratio,0.2,0.02419342127301476,0.02263087335437737,0.125,3
tia_style,erm,True,0.012616526702990348,0.008422103381199891,7.093182536361864e-05,0.0035890040719080718,0.019592674568852837,0.02100534701970546,-0.3162109063349563,1,0.25,design,0.02,0.02419342127301476,0.02263087335437737,0.125,
tia_style,erm,True,0.012616526702990348,0.008422103381199891,7.093182536361864e-05,0.0035890040719080718,0.019592674568852837,0.02100534701970546,-0.3162109063349563,1,0.25,design,0.05,0.02419342127301476,0.02263087335437737,0.125,6
tia_style,erm,True,0.012616526702990348,0.008422103381199891,7.093182536361864e-05,0.0035890040719080718,0.019592674568852837,0.02100534701970546,-0.3162109063349563,1,0.25,design,0.1,0.02419342127301476,0.02263087335437737,0.125,3
tia_style,erm,True,0.012616526702990348,0.008422103381199891,7.093182536361864e-05,0.0035890040719080718,0.019592674568852837,0.02100534701970546,-0.3162109063349563,1,0.25,design,0.2,0.02419342127301476,0.02263087335437737,0.125,3
tia_style,erm,True,0.012616526702990348,0.008422103381199891,7.093182536361864e-05,0.0035890040719080718,0.019592674568852837,0.02100534701970546,-0.3162109063349563,1,0.5,ratio,0.02,0.02613188164629221,0.02263087335437737,0.25,23
tia_style,erm,True,0.012616526702990348,0.008422103381199891,7.093182536361864e-05,0.0035890040719080718,0.019592674568852837,0.02100534701970546,-0.3162109063349563,1,0.5,ratio,0.05,0.02613188164629221,0.02263087335437737,0.25,6
tia_style,erm,True,0.012616526702990348,0.008422103381199891,7.093182536361864e-05,0.0035890040719080718,0.019592674568852837,0.02100534701970546,-0.3162109063349563,1,0.5,ratio,0.1,0.02613188164629221,0.02263087335437737,0.25,4
tia_style,erm,True,0.012616526702990348,0.008422103381199891,7.093182536361864e-05,0.0035890040719080718,0.019592674568852837,0.02100534701970546,-0.3162109063349563,1,0.5,ratio,0.2,0.02613188164629221,0.02263087335437737,0.25,3
tia_style,erm,True,0.012616526702990348,0.008422103381199891,7.093182536361864e-05,0.0035890040719080718,0.019592674568852837,0.02100534701970546,-0.3162109063349563,1,0.5,design,0.02,0.02613188164629221,0.02263087335437737,0.25,
tia_style,erm,True,0.012616526702990348,0.008422103381199891,7.093182536361864e-05,0.0035890040719080718,0.019592674568852837,0.02100534701970546,-0.3162109063349563,1,0.5,design,0.05,0.02613188164629221,0.02263087335437737,0.25,
tia_style,erm,True,0.012616526702990348,0.008422103381199891,7.093182536361864e-05,0.0035890040719080718,0.019592674568852837,0.02100534701970546,-0.3162109063349563,1,0.5,design,0.1,0.02613188164629221,0.02263087335437737,0.25,4
tia_style,erm,True,0.012616526702990348,0.008422103381199891,7.093182536361864e-05,0.0035890040719080718,0.019592674568852837,0.02100534701970546,-0.3162109063349563,1,0.5,design,0.2,0.02613188164629221,0.02263087335437737,0.25,3
tia_style,erm,True,0.012616526702990348,0.008422103381199891,7.093182536361864e-05,0.0035890040719080718,0.019592674568852837,0.02100534701970546,-0.3162109063349563,3,0.0,none,0.02,0.014765049717820175,0.014765049717820175,0.0,7
tia_style,erm,True,0.012616526702990348,0.008422103381199891,7.093182536361864e-05,0.0035890040719080718,0.019592674568852837,0.02100534701970546,-0.3162109063349563,3,0.0,none,0.05,0.014765049717820175,0.014765049717820175,0.0,3
tia_style,erm,True,0.012616526702990348,0.008422103381199891,7.093182536361864e-05,0.0035890040719080718,0.019592674568852837,0.02100534701970546,-0.3162109063349563,3,0.0,none,0.1,0.014765049717820175,0.014765049717820175,0.0,3
tia_style,erm,True,0.012616526702990348,0.008422103381199891,7.093182536361864e-05,0.0035890040719080718,0.019592674568852837,0.02100534701970546,-0.3162109063349563,3,0.0,none,0.2,0.014765049717820175,0.014765049717820175,0.0,2
tia_style,erm,True,0.012616526702990348,0.008422103381199891,7.093182536361864e-05,0.0035890040719080718,0.019592674568852837,0.02100534701970546,-0.3162109063349563,3,0.25,ratio,0.02,0.015784502097933244,0.014765049717820175,0.125,9
tia_style,erm,True,0.012616526702990348,0.008422103381199891,7.093182536361864e-05,0.0035890040719080718,0.019592674568852837,0.02100534701970546,-0.3162109063349563,3,0.25,ratio,0.05,0.015784502097933244,0.014765049717820175,0.125,4
tia_style,erm,True,0.012616526702990348,0.008422103381199891,7.093182536361864e-05,0.0035890040719080718,0.019592674568852837,0.02100534701970546,-0.3162109063349563,3,0.25,ratio,0.1,0.015784502097933244,0.014765049717820175,0.125,3
tia_style,erm,True,0.012616526702990348,0.008422103381199891,7.093182536361864e-05,0.0035890040719080718,0.019592674568852837,0.02100534701970546,-0.3162109063349563,3,0.25,ratio,0.2,0.015784502097933244,0.014765049717820175,0.125,3
tia_style,erm,True,0.012616526702990348,0.008422103381199891,7.093182536361864e-05,0.0035890040719080718,0.019592674568852837,0.02100534701970546,-0.3162109063349563,3,0.25,design,0.02,0.015784502097933244,0.014765049717820175,0.125,
tia_style,erm,True,0.012616526702990348,0.008422103381199891,7.093182536361864e-05,0.0035890040719080718,0.019592674568852837,0.02100534701970546,-0.3162109063349563,3,0.25,design,0.05,0.015784502097933244,0.014765049717820175,0.125,4
tia_style,erm,True,0.012616526702990348,0.008422103381199891,7.093182536361864e-05,0.0035890040719080718,0.019592674568852837,0.02100534701970546,-0.3162109063349563,3,0.25,design,0.1,0.015784502097933244,0.014765049717820175,0.125,3
tia_style,erm,True,0.012616526702990348,0.008422103381199891,7.093182536361864e-05,0.0035890040719080718,0.019592674568852837,0.02100534701970546,-0.3162109063349563,3,0.25,design,0.2,0.015784502097933244,0.014765049717820175,0.125,2
tia_style,erm,True,0.012616526702990348,0.008422103381199891,7.093182536361864e-05,0.0035890040719080718,0.019592674568852837,0.02100534701970546,-0.3162109063349563,3,0.5,ratio,0.02,0.017049210858363372,0.014765049717820175,0.25,11
tia_style,erm,True,0.012616526702990348,0.008422103381199891,7.093182536361864e-05,0.0035890040719080718,0.019592674568852837,0.02100534701970546,-0.3162109063349563,3,0.5,ratio,0.05,0.017049210858363372,0.014765049717820175,0.25,4
tia_style,erm,True,0.012616526702990348,0.008422103381199891,7.093182536361864e-05,0.0035890040719080718,0.019592674568852837,0.02100534701970546,-0.3162109063349563,3,0.5,ratio,0.1,0.017049210858363372,0.014765049717820175,0.25,3
tia_style,erm,True,0.012616526702990348,0.008422103381199891,7.093182536361864e-05,0.0035890040719080718,0.019592674568852837,0.02100534701970546,-0.3162109063349563,3,0.5,ratio,0.2,0.017049210858363372,0.014765049717820175,0.25,3
tia_style,erm,True,0.012616526702990348,0.008422103381199891,7.093182536361864e-05,0.0035890040719080718,0.019592674568852837,0.02100534701970546,-0.3162109063349563,3,0.5,design,0.02,0.017049210858363372,0.014765049717820175,0.25,
tia_style,erm,True,0.012616526702990348,0.008422103381199891,7.093182536361864e-05,0.0035890040719080718,0.019592674568852837,0.02100534701970546,-0.3162109063349563,3,0.5,design,0.05,0.017049210858363372,0.014765049717820175,0.25,5
tia_style,erm,True,0.012616526702990348,0.008422103381199891,7.093182536361864e-05,0.0035890040719080718,0.019592674568852837,0.02100534701970546,-0.3162109063349563,3,0.5,design,0.1,0.017049210858363372,0.014765049717820175,0.25,3
tia_style,erm,True,0.012616526702990348,0.008422103381199891,7.093182536361864e-05,0.0035890040719080718,0.019592674568852837,0.02100534701970546,-0.3162109063349563,3,0.5,design,0.2,0.017049210858363372,0.014765049717820175,0.25,2
tia_style,erm,True,0.012616526702990348,0.008422103381199891,7.093182536361864e-05,0.0035890040719080718,0.019592674568852837,0.02100534701970546,-0.3162109063349563,5,0.0,none,0.02,0.012616526702990346,0.012616526702990346,0.0,6
tia_style,erm,True,0.012616526702990348,0.008422103381199891,7.093182536361864e-05,0.0035890040719080718,0.019592674568852837,0.02100534701970546,-0.3162109063349563,5,0.0,none,0.05,0.012616526702990346,0.012616526702990346,0.0,3
tia_style,erm,True,0.012616526702990348,0.008422103381199891,7.093182536361864e-05,0.0035890040719080718,0.019592674568852837,0.02100534701970546,-0.3162109063349563,5,0.0,none,0.1,0.012616526702990346,0.012616526702990346,0.0,3
tia_style,erm,True,0.012616526702990348,0.008422103381199891,7.093182536361864e-05,0.0035890040719080718,0.019592674568852837,0.02100534701970546,-0.3162109063349563,5,0.0,none,0.2,0.012616526702990346,0.012616526702990346,0.0,2
tia_style,erm,True,0.012616526702990348,0.008422103381199891,7.093182536361864e-05,0.0035890040719080718,0.019592674568852837,0.02100534701970546,-0.3162109063349563,5,0.25,ratio,0.02,0.01348763438104986,0.012616526702990346,0.125,7
tia_style,erm,True,0.012616526702990348,0.008422103381199891,7.093182536361864e-05,0.0035890040719080718,0.019592674568852837,0.02100534701970546,-0.3162109063349563,5,0.25,ratio,0.05,0.01348763438104986,0.012616526702990346,0.125,3
tia_style,erm,True,0.012616526702990348,0.008422103381199891,7.093182536361864e-05,0.0035890040719080718,0.019592674568852837,0.02100534701970546,-0.3162109063349563,5,0.25,ratio,0.1,0.01348763438104986,0.012616526702990346,0.125,3
tia_style,erm,True,0.012616526702990348,0.008422103381199891,7.093182536361864e-05,0.0035890040719080718,0.019592674568852837,0.02100534701970546,-0.3162109063349563,5,0.25,ratio,0.2,0.01348763438104986,0.012616526702990346,0.125,2
tia_style,erm,True,0.012616526702990348,0.008422103381199891,7.093182536361864e-05,0.0035890040719080718,0.019592674568852837,0.02100534701970546,-0.3162109063349563,5,0.25,design,0.02,0.01348763438104986,0.012616526702990346,0.125,35
tia_style,erm,True,0.012616526702990348,0.008422103381199891,7.093182536361864e-05,0.0035890040719080718,0.019592674568852837,0.02100534701970546,-0.3162109063349563,5,0.25,design,0.05,0.01348763438104986,0.012616526702990346,0.125,3
tia_style,erm,True,0.012616526702990348,0.008422103381199891,7.093182536361864e-05,0.0035890040719080718,0.019592674568852837,0.02100534701970546,-0.3162109063349563,5,0.25,design,0.1,0.01348763438104986,0.012616526702990346,0.125,3
tia_style,erm,True,0.012616526702990348,0.008422103381199891,7.093182536361864e-05,0.0035890040719080718,0.019592674568852837,0.02100534701970546,-0.3162109063349563,5,0.25,design,0.2,0.01348763438104986,0.012616526702990346,0.125,2
tia_style,erm,True,0.012616526702990348,0.008422103381199891,7.093182536361864e-05,0.0035890040719080718,0.019592674568852837,0.02100534701970546,-0.3162109063349563,5,0.5,ratio,0.02,0.014568310176419156,0.012616526702990346,0.25,9
tia_style,erm,True,0.012616526702990348,0.008422103381199891,7.093182536361864e-05,0.0035890040719080718,0.019592674568852837,0.02100534701970546,-0.3162109063349563,5,0.5,ratio,0.05,0.014568310176419156,0.012616526702990346,0.25,4
tia_style,erm,True,0.012616526702990348,0.008422103381199891,7.093182536361864e-05,0.0035890040719080718,0.019592674568852837,0.02100534701970546,-0.3162109063349563,5,0.5,ratio,0.1,0.014568310176419156,0.012616526702990346,0.25,3
tia_style,erm,True,0.012616526702990348,0.008422103381199891,7.093182536361864e-05,0.0035890040719080718,0.019592674568852837,0.02100534701970546,-0.3162109063349563,5,0.5,ratio,0.2,0.014568310176419156,0.012616526702990346,0.25,3
tia_style,erm,True,0.012616526702990348,0.008422103381199891,7.093182536361864e-05,0.0035890040719080718,0.019592674568852837,0.02100534701970546,-0.3162109063349563,5,0.5,design,0.02,0.014568310176419156,0.012616526702990346,0.25,
tia_style,erm,True,0.012616526702990348,0.008422103381199891,7.093182536361864e-05,0.0035890040719080718,0.019592674568852837,0.02100534701970546,-0.3162109063349563,5,0.5,design,0.05,0.014568310176419156,0.012616526702990346,0.25,4
tia_style,erm,True,0.012616526702990348,0.008422103381199891,7.093182536361864e-05,0.0035890040719080718,0.019592674568852837,0.02100534701970546,-0.3162109063349563,5,0.5,design,0.1,0.014568310176419156,0.012616526702990346,0.25,3
tia_style,erm,True,0.012616526702990348,0.008422103381199891,7.093182536361864e-05,0.0035890040719080718,0.019592674568852837,0.02100534701970546,-0.3162109063349563,5,0.5,design,0.2,0.014568310176419156,0.012616526702990346,0.25,2
tia_style,erm,True,0.012616526702990348,0.008422103381199891,7.093182536361864e-05,0.0035890040719080718,0.019592674568852837,0.02100534701970546,-0.3162109063349563,10,0.0,none,0.02,0.010726336080202016,0.010726336080202016,0.0,5
tia_style,erm,True,0.012616526702990348,0.008422103381199891,7.093182536361864e-05,0.0035890040719080718,0.019592674568852837,0.02100534701970546,-0.3162109063349563,10,0.0,none,0.05,0.010726336080202016,0.010726336080202016,0.0,3
tia_style,erm,True,0.012616526702990348,0.008422103381199891,7.093182536361864e-05,0.0035890040719080718,0.019592674568852837,0.02100534701970546,-0.3162109063349563,10,0.0,none,0.1,0.010726336080202016,0.010726336080202016,0.0,3
tia_style,erm,True,0.012616526702990348,0.008422103381199891,7.093182536361864e-05,0.0035890040719080718,0.019592674568852837,0.02100534701970546,-0.3162109063349563,10,0.0,none,0.2,0.010726336080202016,0.010726336080202016,0.0,2
tia_style,erm,True,0.012616526702990348,0.008422103381199891,7.093182536361864e-05,0.0035890040719080718,0.019592674568852837,0.02100534701970546,-0.3162109063349563,10,0.25,ratio,0.02,0.011466935607859349,0.010726336080202016,0.125,6
tia_style,erm,True,0.012616526702990348,0.008422103381199891,7.093182536361864e-05,0.0035890040719080718,0.019592674568852837,0.02100534701970546,-0.3162109063349563,10,0.25,ratio,0.05,0.011466935607859349,0.010726336080202016,0.125,3
tia_style,erm,True,0.012616526702990348,0.008422103381199891,7.093182536361864e-05,0.0035890040719080718,0.019592674568852837,0.02100534701970546,-0.3162109063349563,10,0.25,ratio,0.1,0.011466935607859349,0.010726336080202016,0.125,3
tia_style,erm,True,0.012616526702990348,0.008422103381199891,7.093182536361864e-05,0.0035890040719080718,0.019592674568852837,0.02100534701970546,-0.3162109063349563,10,0.25,ratio,0.2,0.011466935607859349,0.010726336080202016,0.125,2
tia_style,erm,True,0.012616526702990348,0.008422103381199891,7.093182536361864e-05,0.0035890040719080718,0.019592674568852837,0.02100534701970546,-0.3162109063349563,10,0.25,design,0.02,0.011466935607859349,0.010726336080202016,0.125,10
tia_style,erm,True,0.012616526702990348,0.008422103381199891,7.093182536361864e-05,0.0035890040719080718,0.019592674568852837,0.02100534701970546,-0.3162109063349563,10,0.25,design,0.05,0.011466935607859349,0.010726336080202016,0.125,3
tia_style,erm,True,0.012616526702990348,0.008422103381199891,7.093182536361864e-05,0.0035890040719080718,0.019592674568852837,0.02100534701970546,-0.3162109063349563,10,0.25,design,0.1,0.011466935607859349,0.010726336080202016,0.125,3
tia_style,erm,True,0.012616526702990348,0.008422103381199891,7.093182536361864e-05,0.0035890040719080718,0.019592674568852837,0.02100534701970546,-0.3162109063349563,10,0.25,design,0.2,0.011466935607859349,0.010726336080202016,0.125,2
tia_style,erm,True,0.012616526702990348,0.008422103381199891,7.093182536361864e-05,0.0035890040719080718,0.019592674568852837,0.02100534701970546,-0.3162109063349563,10,0.5,ratio,0.02,0.01238570604664606,0.010726336080202016,0.25,7
tia_style,erm,True,0.012616526702990348,0.008422103381199891,7.093182536361864e-05,0.0035890040719080718,0.019592674568852837,0.02100534701970546,-0.3162109063349563,10,0.5,ratio,0.05,0.01238570604664606,0.010726336080202016,0.25,3
tia_style,erm,True,0.012616526702990348,0.008422103381199891,7.093182536361864e-05,0.0035890040719080718,0.019592674568852837,0.02100534701970546,-0.3162109063349563,10,0.5,ratio,0.1,0.01238570604664606,0.010726336080202016,0.25,3
tia_style,erm,True,0.012616526702990348,0.008422103381199891,7.093182536361864e-05,0.0035890040719080718,0.019592674568852837,0.02100534701970546,-0.3162109063349563,10,0.5,ratio,0.2,0.01238570604664606,0.010726336080202016,0.25,2
tia_style,erm,True,0.012616526702990348,0.008422103381199891,7.093182536361864e-05,0.0035890040719080718,0.019592674568852837,0.02100534701970546,-0.3162109063349563,10,0.5,design,0.02,0.01238570604664606,0.010726336080202016,0.25,
tia_style,erm,True,0.012616526702990348,0.008422103381199891,7.093182536361864e-05,0.0035890040719080718,0.019592674568852837,0.02100534701970546,-0.3162109063349563,10,0.5,design,0.05,0.01238570604664606,0.010726336080202016,0.25,3
tia_style,erm,True,0.012616526702990348,0.008422103381199891,7.093182536361864e-05,0.0035890040719080718,0.019592674568852837,0.02100534701970546,-0.3162109063349563,10,0.5,design,0.1,0.01238570604664606,0.010726336080202016,0.25,3
tia_style,erm,True,0.012616526702990348,0.008422103381199891,7.093182536361864e-05,0.0035890040719080718,0.019592674568852837,0.02100534701970546,-0.3162109063349563,10,0.5,design,0.2,0.01238570604664606,0.010726336080202016,0.25,2
