arm,ref,paired,sd_d_observed,sigma_dxa,sigma_dxa_raw2,sigma_run_arm,sigma_run_ref,sigma_run_diff,run_corr,seeds,rho,keff_mode,delta,sd_delta,sd_delta_uncorrected,rbar_obs,K_min
augonly,erm,True,0.019294410949283594,0.011387580984661944,0.0001296770006822343,0.019693480387537033,0.02882555752329002,0.03482795523696448,0.005072853936640902,1,0.0,none,0.02,0.0366423725578767,0.0366423725578767,0.0,29
augonly,erm,True,0.019294410949283594,0.011387580984661944,0.0001296770006822343,0.019693480387537033,0.02882555752329002,0.03482795523696448,0.005072853936640902,1,0.0,none,0.05,0.0366423725578767,0.0366423725578767,0.0,7
augonly,erm,True,0.019294410949283594,0.011387580984661944,0.0001296770006822343,0.019693480387537033,0.02882555752329002,0.03482795523696448,0.005072853936640902,1,0.0,none,0.1,0.0366423725578767,0.0366423725578767,0.0,4
augonly,erm,True,0.019294410949283594,0.011387580984661944,0.0001296770006822343,0.019693480387537033,0.02882555752329002,0.03482795523696448,0.005072853936640902,1,0.0,none,0.2,0.0366423725578767,0.0366423725578767,0.0,3
augonly,erm,True,0.019294410949283594,0.011387580984661944,0.0001296770006822343,0.019693480387537033,0.02882555752329002,0.03482795523696448,0.005072853936640902,1,0.25,ratio,0.02,0.039172343985743464,0.0366423725578767,0.125,40
augonly,erm,True,0.019294410949283594,0.011387580984661944,0.0001296770006822343,0.019693480387537033,0.02882555752329002,0.03482795523696448,0.005072853936640902,1,0.25,ratio,0.05,0.039172343985743464,0.0366423725578767,0.125,9
augonly,erm,True,0.019294410949283594,0.011387580984661944,0.0001296770006822343,0.019693480387537033,0.02882555752329002,0.03482795523696448,0.005072853936640902,1,0.25,ratio,0.1,0.039172343985743464,0.0366423725578767,0.125,4
augonly,erm,True,0.019294410949283594,0.011387580984661944,0.0001296770006822343,0.019693480387537033,0.02882555752329002,0.03482795523696448,0.005072853936640902,1,0.25,ratio,0.2,0.039172343985743464,0.0366423725578767,0.125,3
augonly,erm,True,0.019294410949283594,0.011387580984661944,0.0001296770006822343,0.019693480387537033,0.02882555752329002,0.03482795523696448,0.005072853936640902,1,0.25,design,0.02,0.039172343985743464,0.0366423725578767,0.125,
augonly,erm,True,0.019294410949283594,0.011387580984661944,0.0001296770006822343,0.019693480387537033,0.02882555752329002,0.03482795523696448,0.005072853936640902,1,0.25,design,0.05,0.039172343985743464,0.0366423725578767,0.125,
augonly,erm,True,0.019294410949283594,0.011387580984661944,0.0001296770006822343,0.019693480387537033,0.02882555752329002,0.03482795523696448,0.005072853936640902,1,0.25,design,0.1,0.039172343985743464,0.0366423725578767,0.125,5
augonly,erm,True,0.019294410949283594,0.011387580984661944,0.0001296770006822343,0.019693480387537033,0.02882555752329002,0.03482795523696448,0.005072853936640902,1,0.25,design,0.2,0.039172343985743464,0.0366423725578767,0.125,3
augonly,erm,True,0.019294410949283594,0.011387580984661944,0.0001296770006822343,0.019693480387537033,0.02882555752329002,0.03482795523696448,0.005072853936640902,1,0.5,ratio,0.02,0.04231096732007334,0.0366423725578767,0.25,55
augonly,erm,True,0.019294410949283594,0.011387580984661944,0.0001296770006822343,0.019693480387537033,0.02882555752329002,0.03482795523696448,0.005072853936640902,1,0.5,ratio,0.05,0.04231096732007334,0.0366423725578767,0.25,11
augonly,erm,True,0.019294410949283594,0.011387580984661944,0.0001296770006822343,0.019693480387537033,0.02882555752329002,0.03482795523696448,0.005072853936640902,1,0.5,ratio,0.1,0.04231096732007334,0.0366423725578767,0.25,5
augonly,erm,True,0.019294410949283594,0.011387580984661944,0.0001296770006822343,0.019693480387537033,0.02882555752329002,0.03482795523696448,0.005072853936640902,1,0.5,ratio,0.2,0.04231096732007334,0.0366423725578767,0.25,3
augonly,erm,True,0.019294410949283594,0.011387580984661944,0.0001296770006822343,0.019693480387537033,0.02882555752329002,0.03482795523696448,0.005072853936640902,1,0.5,design,0.02,0.04231096732007334,0.0366423725578767,0.25,
augonly,erm,True,0.019294410949283594,0.011387580984661944,0.0001296770006822343,0.019693480387537033,0.02882555752329002,0.03482795523696448,0.005072853936640902,1,0.5,design,0.05,0.04231096732007334,0.0366423725578767,0.25,
augonly,erm,True,0.019294410949283594,0.011387580984661944,0.0001296770006822343,0.019693480387537033,0.02882555752329002,0.03482795523696448,0.005072853936640902,1,0.5,design,0.1,0.04231096732007334,0.0366423725578767,0.25,8
augonly,erm,True,0.019294410949283594,0.011387580984661944,0.0001296770006822343,0.019693480387537033,0.02882555752329002,0.03482795523696448,0.005072853936640902,1,0.5,design,0.2,0.04231096732007334,0.0366423725578767,0.25,3
augonly,erm,True,0.019294410949283594,0.011387580984661944,0.0001296770006822343,0.019693480387537033,0.02882555752329002,0.03482795523696448,0.005072853936640902,3,0.0,none,0.02,0.023108566002204352,0.023108566002204352,0.0,13
augonly,erm,True,0.019294410949283594,0.011387580984661944,0.0001296770006822343,0.019693480387537033,0.02882555752329002,0.03482795523696448,0.005072853936640902,3,0.0,none,0.05,0.023108566002204352,0.023108566002204352,0.0,4
augonly,erm,True,0.019294410949283594,0.011387580984661944,0.0001296770006822343,0.019693480387537033,0.02882555752329002,0.03482795523696448,0.005072853936640902,3,0.0,none,0.1,0.023108566002204352,0.023108566002204352,0.0,3
augonly,erm,True,0.019294410949283594,0.011387580984661944,0.0001296770006822343,0.019693480387537033,0.02882555752329002,0.03482795523696448,0.005072853936640902,3,0.0,none,0.2,0.023108566002204352,0.023108566002204352,0.0,3
augonly,erm,True,0.019294410949283594,0.011387580984661944,0.0001296770006822343,0.019693480387537033,0.02882555752329002,0.03482795523696448,0.005072853936640902,3,0.25,ratio,0.02,0.024704096194257452,0.023108566002204352,0.125,17
augonly,erm,True,0.019294410949283594,0.011387580984661944,0.0001296770006822343,0.019693480387537033,0.02882555752329002,0.03482795523696448,0.005072853936640902,3,0.25,ratio,0.05,0.024704096194257452,0.023108566002204352,0.125,5
augonly,erm,True,0.019294410949283594,0.011387580984661944,0.0001296770006822343,0.019693480387537033,0.02882555752329002,0.03482795523696448,0.005072853936640902,3,0.25,ratio,0.1,0.024704096194257452,0.023108566002204352,0.125,3
augonly,erm,True,0.019294410949283594,0.011387580984661944,0.0001296770006822343,0.019693480387537033,0.02882555752329002,0.03482795523696448,0.005072853936640902,3,0.25,ratio,0.2,0.024704096194257452,0.023108566002204352,0.125,3
augonly,erm,True,0.019294410949283594,0.011387580984661944,0.0001296770006822343,0.019693480387537033,0.02882555752329002,0.03482795523696448,0.005072853936640902,3,0.25,design,0.02,0.024704096194257452,0.023108566002204352,0.125,
augonly,erm,True,0.019294410949283594,0.011387580984661944,0.0001296770006822343,0.019693480387537033,0.02882555752329002,0.03482795523696448,0.005072853936640902,3,0.25,design,0.05,0.024704096194257452,0.023108566002204352,0.125,7
augonly,erm,True,0.019294410949283594,0.011387580984661944,0.0001296770006822343,0.019693480387537033,0.02882555752329002,0.03482795523696448,0.005072853936640902,3,0.25,design,0.1,0.024704096194257452,0.023108566002204352,0.125,3
augonly,erm,True,0.019294410949283594,0.011387580984661944,0.0001296770006822343,0.019693480387537033,0.02882555752329002,0.03482795523696448,0.005072853936640902,3,0.25,design,0.2,0.024704096194257452,0.023108566002204352,0.125,3
augonly,erm,True,0.019294410949283594,0.011387580984661944,0.0001296770006822343,0.019693480387537033,0.02882555752329002,0.03482795523696448,0.005072853936640902,3,0.5,ratio,0.02,0.026683473603917835,0.023108566002204352,0.25,23
augonly,erm,True,0.019294410949283594,0.011387580984661944,0.0001296770006822343,0.019693480387537033,0.02882555752329002,0.03482795523696448,0.005072853936640902,3,0.5,ratio,0.05,0.026683473603917835,0.023108566002204352,0.25,6
augonly,erm,True,0.019294410949283594,0.011387580984661944,0.0001296770006822343,0.019693480387537033,0.02882555752329002,0.03482795523696448,0.005072853936640902,3,0.5,ratio,0.1,0.026683473603917835,0.023108566002204352,0.25,4
augonly,erm,True,0.019294410949283594,0.011387580984661944,0.0001296770006822343,0.019693480387537033,0.02882555752329002,0.03482795523696448,0.005072853936640902,3,0.5,ratio,0.2,0.026683473603917835,0.023108566002204352,0.25,3
augonly,erm,True,0.019294410949283594,0.011387580984661944,0.0001296770006822343,0.019693480387537033,0.02882555752329002,0.03482795523696448,0.005072853936640902,3,0.5,design,0.02,0.026683473603917835,0.023108566002204352,0.25,
augonly,erm,True,0.019294410949283594,0.011387580984661944,0.0001296770006822343,0.019693480387537033,0.02882555752329002,0.03482795523696448,0.005072853936640902,3,0.5,design,0.05,0.026683473603917835,0.023108566002204352,0.25,
augonly,erm,True,0.019294410949283594,0.011387580984661944,0.0001296770006822343,0.019693480387537033,0.02882555752329002,0.03482795523696448,0.005072853936640902,3,0.5,design,0.1,0.026683473603917835,0.023108566002204352,0.25,4
augonly,erm,True,0.019294410949283594,0.011387580984661944,0.0001296770006822343,0.019693480387537033,0.02882555752329002,0.03482795523696448,0.005072853936640902,3,0.5,design,0.2,0.026683473603917835,0.023108566002204352,0.25,3
augonly,erm,True,0.019294410949283594,0.011387580984661944,0.0001296770006822343,0.019693480387537033,0.02882555752329002,0.03482795523696448,0.005072853936640902,5,0.0,none,0.02,0.019294410949283594,0.019294410949283594,0.0,10
augonly,erm,True,0.019294410949283594,0.011387580984661944,0.0001296770006822343,0.019693480387537033,0.02882555752329002,0.03482795523696448,0.005072853936640902,5,0.0,none,0.05,0.019294410949283594,0.019294410949283594,0.0,4
augonly,erm,True,0.019294410949283594,0.011387580984661944,0.0001296770006822343,0.019693480387537033,0.02882555752329002,0.03482795523696448,0.005072853936640902,5,0.0,none,0.1,0.019294410949283594,0.019294410949283594,0.0,3
augonly,erm,True,0.019294410949283594,0.011387580984661944,0.0001296770006822343,0.019693480387537033,0.02882555752329002,0.03482795523696448,0.005072853936640902,5,0.0,none,0.2,0.019294410949283594,0.019294410949283594,0.0,3
augonly,erm,True,0.019294410949283594,0.011387580984661944,0.0001296770006822343,0.019693480387537033,0.02882555752329002,0.03482795523696448,0.005072853936640902,5,0.25,ratio,0.02,0.02062659292909685,0.019294410949283594,0.125,13
augonly,erm,True,0.019294410949283594,0.011387580984661944,0.0001296770006822343,0.019693480387537033,0.02882555752329002,0.03482795523696448,0.005072853936640902,5,0.25,ratio,0.05,0.02062659292909685,0.019294410949283594,0.125,4
augonly,erm,True,0.019294410949283594,0.011387580984661944,0.0001296770006822343,0.019693480387537033,0.02882555752329002,0.03482795523696448,0.005072853936640902,5,0.25,ratio,0.1,0.02062659292909685,0.019294410949283594,0.125,3
augonly,erm,True,0.019294410949283594,0.011387580984661944,0.0001296770006822343,0.019693480387537033,0.02882555752329002,0.03482795523696448,0.005072853936640902,5,0.25,ratio,0.2,0.02062659292909685,0.019294410949283594,0.125,3
augonly,erm,True,0.019294410949283594,0.011387580984661944,0.0001296770006822343,0.019693480387537033,0.02882555752329002,0.03482795523696448,0.005072853936640902,5,0.25,design,0.02,0.02062659292909685,0.019294410949283594,0.125,
augonly,erm,True,0.019294410949283594,0.011387580984661944,0.0001296770006822343,0.019693480387537033,0.02882555752329002,0.03482795523696448,0.005072853936640902,5,0.25,design,0.05,0.02062659292909685,0.019294410949283594,0.125,5
augonly,erm,True,0.019294410949283594,0.011387580984661944,0.0001296770006822343,0.019693480387537033,0.02882555752329002,0.03482795523696448,0.005072853936640902,5,0.25,design,0.1,0.02062659292909685,0.019294410949283594,0.125,3
augonly,erm,True,0.019294410949283594,0.011387580984661944,0.0001296770006822343,0.019693480387537033,0.02882555752329002,0.03482795523696448,0.005072853936640902,5,0.25,design,0.2,0.02062659292909685,0.019294410949283594,0.125,3
augonly,erm,True,0.019294410949283594,0.011387580984661944,0.0001296770006822343,0.019693480387537033,0.02882555752329002,0.03482795523696448,0.005072853936640902,5,0.5,ratio,0.02,0.022279266710848292,0.019294410949283594,0.25,17
augonly,erm,True,0.019294410949283594,0.011387580984661944,0.0001296770006822343,0.019693480387537033,0.02882555752329002,0.03482795523696448,0.005072853936640902,5,0.5,ratio,0.05,0.022279266710848292,0.019294410949283594,0.25,5
augonly,erm,True,0.019294410949283594,0.011387580984661944,0.0001296770006822343,0.019693480387537033,0.02882555752329002,0.03482795523696448,0.005072853936640902,5,0.5,ratio,0.1,0.022279266710848292,0.019294410949283594,0.25,3
augonly,erm,True,0.019294410949283594,0.011387580984661944,0.0001296770006822343,0.019693480387537033,0.02882555752329002,0.03482795523696448,0.005072853936640902,5,0.5,ratio,0.2,0.022279266710848292,0.019294410949283594,0.25,3
augonly,erm,True,0.019294410949283594,0.011387580984661944,0.0001296770006822343,0.019693480387537033,0.02882555752329002,0.03482795523696448,0.005072853936640902,5,0.5,design,0.02,0.022279266710848292,0.019294410949283594,0.25,
augonly,erm,True,0.019294410949283594,0.011387580984661944,0.0001296770006822343,0.019693480387537033,0.02882555752329002,0.03482795523696448,0.005072853936640902,5,0.5,design,0.05,0.022279266710848292,0.019294410949283594,0.25,10
augonly,erm,True,0.019294410949283594,0.011387580984661944,0.0001296770006822343,0.019693480387537033,0.02882555752329002,0.03482795523696448,0.005072853936640902,5,0.5,design,0.1,0.022279266710848292,0.019294410949283594,0.25,3
augonly,erm,True,0.019294410949283594,0.011387580984661944,0.0001296770006822343,0.019693480387537033,0.02882555752329002,0.03482795523696448,0.005072853936640902,5,0.5,design,0.2,0.022279266710848292,0.019294410949283594,0.25,3
augonly,erm,True,0.019294410949283594,0.011387580984661944,0.0001296770006822343,0.019693480387537033,0.02882555752329002,0.03482795523696448,0.005072853936640902,10,0.0,none,0.02,0.01584221093411631,0.01584221093411631,0.0,8
augonly,erm,True,0.019294410949283594,0.011387580984661944,0.0001296770006822343,0.019693480387537033,0.02882555752329002,0.03482795523696448,0.005072853936640902,10,0.0,none,0.05,0.01584221093411631,0.01584221093411631,0.0,4
augonly,erm,True,0.019294410949283594,0.011387580984661944,0.0001296770006822343,0.019693480387537033,0.02882555752329002,0.03482795523696448,0.005072853936640902,10,0.0,none,0.1,0.01584221093411631,0.01584221093411631,0.0,3
augonly,erm,True,0.019294410949283594,0.011387580984661944,0.0001296770006822343,0.019693480387537033,0.02882555752329002,0.03482795523696448,0.005072853936640902,10,0.0,none,0.2,0.01584221093411631,0.01584221093411631,0.0,2
augonly,erm,True,0.019294410949283594,0.011387580984661944,0.0001296770006822343,0.019693480387537033,0.02882555752329002,0.03482795523696448,0.005072853936640902,10,0.25,ratio,0.02,0.016936035875562055,0.01584221093411631,0.125,10
augonly,erm,True,0.019294410949283594,0.011387580984661944,0.0001296770006822343,0.019693480387537033,0.02882555752329002,0.03482795523696448,0.005072853936640902,10,0.25,ratio,0.05,0.016936035875562055,0.01584221093411631,0.125,4
augonly,erm,True,0.019294410949283594,0.011387580984661944,0.0001296770006822343,0.019693480387537033,0.02882555752329002,0.03482795523696448,0.005072853936640902,10,0.25,ratio,0.1,0.016936035875562055,0.01584221093411631,0.125,3
augonly,erm,True,0.019294410949283594,0.011387580984661944,0.0001296770006822343,0.019693480387537033,0.02882555752329002,0.03482795523696448,0.005072853936640902,10,0.25,ratio,0.2,0.016936035875562055,0.01584221093411631,0.125,3
augonly,erm,True,0.019294410949283594,0.011387580984661944,0.0001296770006822343,0.019693480387537033,0.02882555752329002,0.03482795523696448,0.005072853936640902,10,0.25,design,0.02,0.016936035875562055,0.01584221093411631,0.125,
augonly,erm,True,0.019294410949283594,0.011387580984661944,0.0001296770006822343,0.019693480387537033,0.02882555752329002,0.03482795523696448,0.005072853936640902,10,0.25,design,0.05,0.016936035875562055,0.01584221093411631,0.125,4
augonly,erm,True,0.019294410949283594,0.011387580984661944,0.0001296770006822343,0.019693480387537033,0.02882555752329002,0.03482795523696448,0.005072853936640902,10,0.25,design,0.1,0.016936035875562055,0.01584221093411631,0.125,3
augonly,erm,True,0.019294410949283594,0.011387580984661944,0.0001296770006822343,0.019693480387537033,0.02882555752329002,0.03482795523696448,0.005072853936640902,10,0.25,design,0.2,0.016936035875562055,0.01584221093411631,0.125,2
augonly,erm,True,0.019294410949283594,0.011387580984661944,0.0001296770006822343,0.019693480387537033,0.02882555752329002,0.03482795523696448,0.005072853936640902,10,0.5,ratio,0.02,0.01829300949474177,0.01584221093411631,0.25,12
augonly,erm,True,0.019294410949283594,0.011387580984661944,0.0001296770006822343,0.019693480387537033,0.02882555752329002,0.03482795523696448,0.005072853936640902,10,0.5,ratio,0.05,0.01829300949474177,0.01584221093411631,0.25,4
augonly,erm,True,0.019294410949283594,0.011387580984661944,0.0001296770006822343,0.019693480387537033,0.02882555752329002,0.03482795523696448,0.005072853936640902,10,0.5,ratio,0.1,0.01829300949474177,0.01584221093411631,0.25,3
augonly,erm,True,0.019294410949283594,0.011387580984661944,0.0001296770006822343,0.019693480387537033,0.02882555752329002,0.03482795523696448,0.005072853936640902,10,0.5,ratio,0.2,0.01829300949474177,0.01584221093411631,0.25,3
augonly,erm,True,0.019294410949283594,0.011387580984661944,0.0001296770006822343,0.019693480387537033,0.02882555752329002,0.03482795523696448,0.005072853936640902,10,0.5,design,0.02,0.01829300949474177,0.01584221093411631,0.25,
augonly,erm,True,0.019294410949283594,0.011387580984661944,0.0001296770006822343,0.019693480387537033,0.02882555752329002,0.03482795523696448,0.005072853936640902,10,0.5,design,0.05,0.01829300949474177,0.01584221093411631,0.25,5
augonly,erm,True,0.019294410949283594,0.011387580984661944,0.0001296770006822343,0.019693480387537033,0.02882555752329002,0.03482795523696448,0.005072853936640902,10,0.5,design,0.1,0.01829300949474177,0.01584221093411631,0.25,3
augonly,erm,True,0.019294410949283594,0.011387580984661944,0.0001296770006822343,0.019693480387537033,0.02882555752329002,0.03482795523696448,0.005072853936640902,10,0.5,design,0.2,0.01829300949474177,0.01584221093411631,0.25,3
compute_matched,erm,True,0.006572618202599354,0.0,-1.6004032472850226e-05,0.014350033608913414,0.02882555752329002,0.017205136225847004,0.8954715378220425,1,0.0,none,0.02,0.017205136225847004,0.017205136225847004,0.0,8
compute_matched,erm,True,0.006572618202599354,0.0,-1.6004032472850226e-05,0.014350033608913414,0.02882555752329002,0.017205136225847004,0.8954715378220425,1,0.0,none,0.05,0.017205136225847004,0.017205136225847004,0.0,4
compute_matched,erm,True,0.006572618202599354,0.0,-1.6004032472850226e-05,0.014350033608913414,0.02882555752329002,0.017205136225847004,0.8954715378220425,1,0.0,none,0.1,0.017205136225847004,0.017205136225847004,0.0,3
compute_matched,erm,True,0.006572618202599354,0.0,-1.6004032472850226e-05,0.014350033608913414,0.02882555752329002,0.017205136225847004,0.8954715378220425,1,0.0,none,0.2,0.017205136225847004,0.017205136225847004,0.0,2
compute_matched,erm,True,0.006572618202599354,0.0,-1.6004032472850226e-05,0.014350033608913414,0.02882555752329002,0.017205136225847004,0.8954715378220425,1,0.25,ratio,0.02,0.018393064299969248,0.017205136225847004,0.125,11
compute_matched,erm,True,0.006572618202599354,0.0,-1.6004032472850226e-05,0.014350033608913414,0.02882555752329002,0.017205136225847004,0.8954715378220425,1,0.25,ratio,0.05,0.018393064299969248,0.017205136225847004,0.125,4
compute_matched,erm,True,0.006572618202599354,0.0,-1.6004032472850226e-05,0.014350033608913414,0.02882555752329002,0.017205136225847004,0.8954715378220425,1,0.25,ratio,0.1,0.018393064299969248,0.017205136225847004,0.125,3
compute_matched,erm,True,0.006572618202599354,0.0,-1.6004032472850226e-05,0.014350033608913414,0.02882555752329002,0.017205136225847004,0.8954715378220425,1,0.25,ratio,0.2,0.018393064299969248,0.017205136225847004,0.125,3
compute_matched,erm,True,0.006572618202599354,0.0,-1.6004032472850226e-05,0.014350033608913414,0.02882555752329002,0.017205136225847004,0.8954715378220425,1,0.25,design,0.02,0.018393064299969248,0.017205136225847004,0.125,
compute_matched,erm,True,0.006572618202599354,0.0,-1.6004032472850226e-05,0.014350033608913414,0.02882555752329002,0.017205136225847004,0.8954715378220425,1,0.25,design,0.05,0.018393064299969248,0.017205136225847004,0.125,4
compute_matched,erm,True,0.006572618202599354,0.0,-1.6004032472850226e-05,0.014350033608913414,0.02882555752329002,0.017205136225847004,0.8954715378220425,1,0.25,design,0.1,0.018393064299969248,0.017205136225847004,0.125,3
compute_matched,erm,True,0.006572618202599354,0.0,-1.6004032472850226e-05,0.014350033608913414,0.02882555752329002,0.017205136225847004,0.8954715378220425,1,0.25,design,0.2,0.018393064299969248,0.017205136225847004,0.125,3
compute_matched,erm,True,0.006572618202599354,0.0,-1.6004032472850226e-05,0.014350033608913414,0.02882555752329002,0.017205136225847004,0.8954715378220425,1,0.5,ratio,0.02,0.0198667800628739,0.017205136225847004,0.25,14
compute_matched,erm,True,0.006572618202599354,0.0,-1.6004032472850226e-05,0.014350033608913414,0.02882555752329002,0.017205136225847004,0.8954715378220425,1,0.5,ratio,0.05,0.0198667800628739,0.017205136225847004,0.25,5
compute_matched,erm,True,0.006572618202599354,0.0,-1.6004032472850226e-05,0.014350033608913414,0.02882555752329002,0.017205136225847004,0.8954715378220425,1,0.5,ratio,0.1,0.0198667800628739,0.017205136225847004,0.25,3
compute_matched,erm,True,0.006572618202599354,0.0,-1.6004032472850226e-05,0.014350033608913414,0.02882555752329002,0.017205136225847004,0.8954715378220425,1,0.5,ratio,0.2,0.0198667800628739,0.017205136225847004,0.25,3
compute_matched,erm,True,0.006572618202599354,0.0,-1.6004032472850226e-05,0.014350033608913414,0.02882555752329002,0.017205136225847004,0.8954715378220425,1,0.5,design,0.02,0.0198667800628739,0.017205136225847004,0.25,
compute_matched,erm,True,0.006572618202599354,0.0,-1.6004032472850226e-05,0.014350033608913414,0.02882555752329002,0.017205136225847004,0.8954715378220425,1,0.5,design,0.05,0.0198667800628739,0.017205136225847004,0.25,6
compute_matched,erm,True,0.006572618202599354,0.0,-1.6004032472850226e-05,0.014350033608913414,0.02882555752329002,0.017205136225847004,0.8954715378220425,1,0.5,design,0.1,0.0198667800628739,0.017205136225847004,0.25,3
compute_matched,erm,True,0.006572618202599354,0.0,-1.6004032472850226e-05,0.014350033608913414,0.02882555752329002,0.017205136225847004,0.8954715378220425,1,0.5,design,0.2,0.0198667800628739,0.017205136225847004,0.25,3
compute_matched,erm,True,0.006572618202599354,0.0,-1.6004032472850226e-05,0.014350033608913414,0.02882555752329002,0.017205136225847004,0.8954715378220425,3,0.0,none,0.02,0.009933390031436949,0.009933390031436949,0.0,5
compute_matched,erm,True,0.006572618202599354,0.0,-1.6004032472850226e-05,0.014350033608913414,0.02882555752329002,0.017205136225847004,0.8954715378220425,3,0.0,none,0.05,0.009933390031436949,0.009933390031436949,0.0,3
compute_matched,erm,True,0.006572618202599354,0.0,-1.6004032472850226e-05,0.014350033608913414,0.02882555752329002,0.017205136225847004,0.8954715378220425,3,0.0,none,0.1,0.009933390031436949,0.009933390031436949,0.0,3
compute_matched,erm,True,0.006572618202599354,0.0,-1.6004032472850226e-05,0.014350033608913414,0.02882555752329002,0.017205136225847004,0.8954715378220425,3,0.0,none,0.2,0.009933390031436949,0.009933390031436949,0.0,2
compute_matched,erm,True,0.006572618202599354,0.0,-1.6004032472850226e-05,0.014350033608913414,0.02882555752329002,0.017205136225847004,0.8954715378220425,3,0.25,ratio,0.02,0.010619240624809342,0.009933390031436949,0.125,5
compute_matched,erm,True,0.006572618202599354,0.0,-1.6004032472850226e-05,0.014350033608913414,0.02882555752329002,0.017205136225847004,0.8954715378220425,3,0.25,ratio,0.05,0.010619240624809342,0.009933390031436949,0.125,3
compute_matched,erm,True,0.006572618202599354,0.0,-1.6004032472850226e-05,0.014350033608913414,0.02882555752329002,0.017205136225847004,0.8954715378220425,3,0.25,ratio,0.1,0.010619240624809342,0.009933390031436949,0.125,3
compute_matched,erm,True,0.006572618202599354,0.0,-1.6004032472850226e-05,0.014350033608913414,0.02882555752329002,0.017205136225847004,0.8954715378220425,3,0.25,ratio,0.2,0.010619240624809342,0.009933390031436949,0.125,2
compute_matched,erm,True,0.006572618202599354,0.0,-1.6004032472850226e-05,0.014350033608913414,0.02882555752329002,0.017205136225847004,0.8954715378220425,3,0.25,design,0.02,0.010619240624809342,0.009933390031436949,0.125,8
compute_matched,erm,True,0.006572618202599354,0.0,-1.6004032472850226e-05,0.014350033608913414,0.02882555752329002,0.017205136225847004,0.8954715378220425,3,0.25,design,0.05,0.010619240624809342,0.009933390031436949,0.125,3
compute_matched,erm,True,0.006572618202599354,0.0,-1.6004032472850226e-05,0.014350033608913414,0.02882555752329002,0.017205136225847004,0.8954715378220425,3,0.25,design,0.1,0.010619240624809342,0.009933390031436949,0.125,3
compute_matched,erm,True,0.006572618202599354,0.0,-1.6004032472850226e-05,0.014350033608913414,0.02882555752329002,0.017205136225847004,0.8954715378220425,3,0.25,design,0.2,0.010619240624809342,0.009933390031436949,0.125,2
compute_matched,erm,True,0.006572618202599354,0.0,-1.6004032472850226e-05,0.014350033608913414,0.02882555752329002,0.017205136225847004,0.8954715378220425,3,0.5,ratio,0.02,0.011470090817231335,0.009933390031436949,0.25,7
compute_matched,erm,True,0.006572618202599354,0.0,-1.6004032472850226e-05,0.014350033608913414,0.02882555752329002,0.017205136225847004,0.8954715378220425,3,0.5,ratio,0.05,0.011470090817231335,0.009933390031436949,0.25,3
compute_matched,erm,True,0.006572618202599354,0.0,-1.6004032472850226e-05,0.014350033608913414,0.02882555752329002,0.017205136225847004,0.8954715378220425,3,0.5,ratio,0.1,0.011470090817231335,0.009933390031436949,0.25,3
compute_matched,erm,True,0.006572618202599354,0.0,-1.6004032472850226e-05,0.014350033608913414,0.02882555752329002,0.017205136225847004,0.8954715378220425,3,0.5,ratio,0.2,0.011470090817231335,0.009933390031436949,0.25,2
compute_matched,erm,True,0.006572618202599354,0.0,-1.6004032472850226e-05,0.014350033608913414,0.02882555752329002,0.017205136225847004,0.8954715378220425,3,0.5,design,0.02,0.011470090817231335,0.009933390031436949,0.25,
compute_matched,erm,True,0.006572618202599354,0.0,-1.6004032472850226e-05,0.014350033608913414,0.02882555752329002,0.017205136225847004,0.8954715378220425,3,0.5,design,0.05,0.011470090817231335,0.009933390031436949,0.25,3
compute_matched,erm,True,0.006572618202599354,0.0,-1.6004032472850226e-05,0.014350033608913414,0.02882555752329002,0.017205136225847004,0.8954715378220425,3,0.5,design,0.1,0.011470090817231335,0.009933390031436949,0.25,3
compute_matched,erm,True,0.006572618202599354,0.0,-1.6004032472850226e-05,0.014350033608913414,0.02882555752329002,0.017205136225847004,0.8954715378220425,3,0.5,design,0.2,0.011470090817231335,0.009933390031436949,0.25,2
compute_matched,erm,True,0.006572618202599354,0.0,-1.6004032472850226e-05,0.014350033608913414,0.02882555752329002,0.017205136225847004,0.8954715378220425,5,0.0,none,0.02,0.007694370832627615,0.007694370832627615,0.0,4
compute_matched,erm,True,0.006572618202599354,0.0,-1.6004032472850226e-05,0.014350033608913414,0.02882555752329002,0.017205136225847004,0.8954715378220425,5,0.0,none,0.05,0.007694370832627615,0.007694370832627615,0.0,3
compute_matched,erm,True,0.006572618202599354,0.0,-1.6004032472850226e-05,0.014350033608913414,0.02882555752329002,0.017205136225847004,0.8954715378220425,5,0.0,none,0.1,0.007694370832627615,0.007694370832627615,0.0,2
compute_matched,erm,True,0.006572618202599354,0.0,-1.6004032472850226e-05,0.014350033608913414,0.02882555752329002,0.017205136225847004,0.8954715378220425,5,0.0,none,0.2,0.007694370832627615,0.007694370832627615,0.0,2
compute_matched,erm,True,0.006572618202599354,0.0,-1.6004032472850226e-05,0.014350033608913414,0.02882555752329002,0.017205136225847004,0.8954715378220425,5,0.25,ratio,0.02,0.008225628417851166,0.007694370832627615,0.125,4
compute_matched,erm,True,0.006572618202599354,0.0,-1.6004032472850226e-05,0.014350033608913414,0.02882555752329002,0.017205136225847004,0.8954715378220425,5,0.25,ratio,0.05,0.008225628417851166,0.007694370832627615,0.125,3
compute_matched,erm,True,0.006572618202599354,0.0,-1.6004032472850226e-05,0.014350033608913414,0.02882555752329002,0.017205136225847004,0.8954715378220425,5,0.25,ratio,0.1,0.008225628417851166,0.007694370832627615,0.125,3
compute_matched,erm,True,0.006572618202599354,0.0,-1.6004032472850226e-05,0.014350033608913414,0.02882555752329002,0.017205136225847004,0.8954715378220425,5,0.25,ratio,0.2,0.008225628417851166,0.007694370832627615,0.125,2
compute_matched,erm,True,0.006572618202599354,0.0,-1.6004032472850226e-05,0.014350033608913414,0.02882555752329002,0.017205136225847004,0.8954715378220425,5,0.25,design,0.02,0.008225628417851166,0.007694370832627615,0.125,5
compute_matched,erm,True,0.006572618202599354,0.0,-1.6004032472850226e-05,0.014350033608913414,0.02882555752329002,0.017205136225847004,0.8954715378220425,5,0.25,design,0.05,0.008225628417851166,0.007694370832627615,0.125,3
compute_matched,erm,True,0.006572618202599354,0.0,-1.6004032472850226e-05,0.014350033608913414,0.02882555752329002,0.017205136225847004,0.8954715378220425,5,0.25,design,0.1,0.008225628417851166,0.007694370832627615,0.125,2
compute_matched,erm,True,0.006572618202599354,0.0,-1.6004032472850226e-05,0.014350033608913414,0.02882555752329002,0.017205136225847004,0.8954715378220425,5,0.25,design,0.2,0.008225628417851166,0.007694370832627615,0.125,2
compute_matched,erm,True,0.006572618202599354,0.0,-1.6004032472850226e-05,0.014350033608913414,0.02882555752329002,0.017205136225847004,0.8954715378220425,5,0.5,ratio,0.02,0.008884694142924717,0.007694370832627615,0.25,5
compute_matched,erm,True,0.006572618202599354,0.0,-1.6004032472850226e-05,0.014350033608913414,0.02882555752329002,0.017205136225847004,0.8954715378220425,5,0.5,ratio,0.05,0.008884694142924717,0.007694370832627615,0.25,3
compute_matched,erm,True,0.006572618202599354,0.0,-1.6004032472850226e-05,0.014350033608913414,0.02882555752329002,0.017205136225847004,0.8954715378220425,5,0.5,ratio,0.1,0.008884694142924717,0.007694370832627615,0.25,3
compute_matched,erm,True,0.006572618202599354,0.0,-1.6004032472850226e-05,0.014350033608913414,0.02882555752329002,0.017205136225847004,0.8954715378220425,5,0.5,ratio,0.2,0.008884694142924717,0.007694370832627615,0.25,2
compute_matched,erm,True,0.006572618202599354,0.0,-1.6004032472850226e-05,0.014350033608913414,0.02882555752329002,0.017205136225847004,0.8954715378220425,5,0.5,design,0.02,0.008884694142924717,0.007694370832627615,0.25,10
compute_matched,erm,True,0.006572618202599354,0.0,-1.6004032472850226e-05,0.014350033608913414,0.02882555752329002,0.017205136225847004,0.8954715378220425,5,0.5,design,0.05,0.008884694142924717,0.007694370832627615,0.25,3
compute_matched,erm,True,0.006572618202599354,0.0,-1.6004032472850226e-05,0.014350033608913414,0.02882555752329002,0.017205136225847004,0.8954715378220425,5,0.5,design,0.1,0.008884694142924717,0.007694370832627615,0.25,3
compute_matched,erm,True,0.006572618202599354,0.0,-1.6004032472850226e-05,0.014350033608913414,0.02882555752329002,0.017205136225847004,0.8954715378220425,5,0.5,design,0.2,0.008884694142924717,0.007694370832627615,0.25,2
compute_matched,erm,True,0.006572618202599354,0.0,-1.6004032472850226e-05,0.014350033608913414,0.02882555752329002,0.017205136225847004,0.8954715378220425,10,0.0,none,0.02,0.005440741792714968,0.005440741792714968,0.0,3
compute_matched,erm,True,0.006572618202599354,0.0,-1.6004032472850226e-05,0.014350033608913414,0.02882555752329002,0.017205136225847004,0.8954715378220425,10,0.0,none,0.05,0.005440741792714968,0.005440741792714968,0.0,3
compute_matched,erm,True,0.006572618202599354,0.0,-1.6004032472850226e-05,0.014350033608913414,0.02882555752329002,0.017205136225847004,0.8954715378220425,10,0.0,none,0.1,0.005440741792714968,0.005440741792714968,0.0,2
compute_matched,erm,True,0.006572618202599354,0.0,-1.6004032472850226e-05,0.014350033608913414,0.02882555752329002,0.017205136225847004,0.8954715378220425,10,0.0,none,0.2,0.005440741792714968,0.005440741792714968,0.0,2
compute_matched,erm,True,0.006572618202599354,0.0,-1.6004032472850226e-05,0.014350033608913414,0.02882555752329002,0.017205136225847004,0.8954715378220425,10,0.25,ratio,0.02,0.0058163976337833306,0.005440741792714968,0.125,4
compute_matched,erm,True,0.006572618202599354,0.0,-1.6004032472850226e-05,0.014350033608913414,0.02882555752329002,0.017205136225847004,0.8954715378220425,10,0.25,ratio,0.05,0.0058163976337833306,0.005440741792714968,0.125,3
compute_matched,erm,True,0.006572618202599354,0.0,-1.6004032472850226e-05,0.014350033608913414,0.02882555752329002,0.017205136225847004,0.8954715378220425,10,0.25,ratio,0.1,0.0058163976337833306,0.005440741792714968,0.125,2
compute_matched,erm,True,0.006572618202599354,0.0,-1.6004032472850226e-05,0.014350033608913414,0.02882555752329002,0.017205136225847004,0.8954715378220425,10,0.25,ratio,0.2,0.0058163976337833306,0.005440741792714968,0.125,2
compute_matched,erm,True,0.006572618202599354,0.0,-1.6004032472850226e-05,0.014350033608913414,0.02882555752329002,0.017205136225847004,0.8954715378220425,10,0.25,design,0.02,0.0058163976337833306,0.005440741792714968,0.125,4
compute_matched,erm,True,0.006572618202599354,0.0,-1.6004032472850226e-05,0.014350033608913414,0.02882555752329002,0.017205136225847004,0.8954715378220425,10,0.25,design,0.05,0.0058163976337833306,0.005440741792714968,0.125,3
compute_matched,erm,True,0.006572618202599354,0.0,-1.6004032472850226e-05,0.014350033608913414,0.02882555752329002,0.017205136225847004,0.8954715378220425,10,0.25,design,0.1,0.0058163976337833306,0.005440741792714968,0.125,2
compute_matched,erm,True,0.006572618202599354,0.0,-1.6004032472850226e-05,0.014350033608913414,0.02882555752329002,0.017205136225847004,0.8954715378220425,10,0.25,design,0.2,0.0058163976337833306,0.005440741792714968,0.125,2
compute_matched,erm,True,0.006572618202599354,0.0,-1.6004032472850226e-05,0.014350033608913414,0.02882555752329002,0.017205136225847004,0.8954715378220425,10,0.5,ratio,0.02,0.006282427477230468,0.005440741792714968,0.25,4
compute_matched,erm,True,0.006572618202599354,0.0,-1.6004032472850226e-05,0.014350033608913414,0.02882555752329002,0.017205136225847004,0.8954715378220425,10,0.5,ratio,0.05,0.006282427477230468,0.005440741792714968,0.25,3
compute_matched,erm,True,0.006572618202599354,0.0,-1.6004032472850226e-05,0.014350033608913414,0.02882555752329002,0.017205136225847004,0.8954715378220425,10,0.5,ratio,0.1,0.006282427477230468,0.005440741792714968,0.25,2
compute_matched,erm,True,0.006572618202599354,0.0,-1.6004032472850226e-05,0.014350033608913414,0.02882555752329002,0.017205136225847004,0.8954715378220425,10,0.5,ratio,0.2,0.006282427477230468,0.005440741792714968,0.25,2
compute_matched,erm,True,0.006572618202599354,0.0,-1.6004032472850226e-05,0.014350033608913414,0.02882555752329002,0.017205136225847004,0.8954715378220425,10,0.5,design,0.02,0.006282427477230468,0.005440741792714968,0.25,4
compute_matched,erm,True,0.006572618202599354,0.0,-1.6004032472850226e-05,0.014350033608913414,0.02882555752329002,0.017205136225847004,0.8954715378220425,10,0.5,design,0.05,0.006282427477230468,0.005440741792714968,0.25,3
compute_matched,erm,True,0.006572618202599354,0.0,-1.6004032472850226e-05,0.014350033608913414,0.02882555752329002,0.017205136225847004,0.8954715378220425,10,0.5,design,0.1,0.006282427477230468,0.005440741792714968,0.25,2
compute_matched,erm,True,0.006572618202599354,0.0,-1.6004032472850226e-05,0.014350033608913414,0.02882555752329002,0.017205136225847004,0.8954715378220425,10,0.5,design,0.2,0.006282427477230468,0.005440741792714968,0.25,2
coral,erm,True,0.023468664623290746,0.020234266181217132,0.0004094255278923474,0.021755886496473323,0.02882555752329002,0.02658502316231369,0.47635429614041647,1,0.0,none,0.02,0.03340941460775843,0.03340941460775843,0.0,24
coral,erm,True,0.023468664623290746,0.020234266181217132,0.0004094255278923474,0.021755886496473323,0.02882555752329002,0.02658502316231369,0.47635429614041647,1,0.0,none,0.05,0.03340941460775843,0.03340941460775843,0.0,6
coral,erm,True,0.023468664623290746,0.020234266181217132,0.0004094255278923474,0.021755886496473323,0.02882555752329002,0.02658502316231369,0.47635429614041647,1,0.0,none,0.1,0.03340941460775843,0.03340941460775843,0.0,4
coral,erm,True,0.023468664623290746,0.020234266181217132,0.0004094255278923474,0.021755886496473323,0.02882555752329002,0.02658502316231369,0.47635429614041647,1,0.0,none,0.2,0.03340941460775843,0.03340941460775843,0.0,3
coral,erm,True,0.023468664623290746,0.020234266181217132,0.0004094255278923474,0.021755886496473323,0.02882555752329002,0.02658502316231369,0.47635429614041647,1,0.25,ratio,0.02,0.035716166558546446,0.03340941460775843,0.125,34
coral,erm,True,0.023468664623290746,0.020234266181217132,0.0004094255278923474,0.021755886496473323,0.02882555752329002,0.02658502316231369,0.47635429614041647,1,0.25,ratio,0.05,0.035716166558546446,0.03340941460775843,0.125,8
coral,erm,True,0.023468664623290746,0.020234266181217132,0.0004094255278923474,0.021755886496473323,0.02882555752329002,0.02658502316231369,0.47635429614041647,1,0.25,ratio,0.1,0.035716166558546446,0.03340941460775843,0.125,4
coral,erm,True,0.023468664623290746,0.020234266181217132,0.0004094255278923474,0.021755886496473323,0.02882555752329002,0.02658502316231369,0.47635429614041647,1,0.25,ratio,0.2,0.035716166558546446,0.03340941460775843,0.125,3
coral,erm,True,0.023468664623290746,0.020234266181217132,0.0004094255278923474,0.021755886496473323,0.02882555752329002,0.02658502316231369,0.47635429614041647,1,0.25,design,0.02,0.035716166558546446,0.03340941460775843,0.125,
coral,erm,True,0.023468664623290746,0.020234266181217132,0.0004094255278923474,0.021755886496473323,0.02882555752329002,0.02658502316231369,0.47635429614041647,1,0.25,design,0.05,0.035716166558546446,0.03340941460775843,0.125,
coral,erm,True,0.023468664623290746,0.020234266181217132,0.0004094255278923474,0.021755886496473323,0.02882555752329002,0.02658502316231369,0.47635429614041647,1,0.25,design,0.1,0.035716166558546446,0.03340941460775843,0.125,4
coral,erm,True,0.023468664623290746,0.020234266181217132,0.0004094255278923474,0.021755886496473323,0.02882555752329002,0.02658502316231369,0.47635429614041647,1,0.25,design,0.2,0.035716166558546446,0.03340941460775843,0.125,3
coral,erm,True,0.023468664623290746,0.020234266181217132,0.0004094255278923474,0.021755886496473323,0.02882555752329002,0.02658502316231369,0.47635429614041647,1,0.5,ratio,0.02,0.038577869034514295,0.03340941460775843,0.25,46
coral,erm,True,0.023468664623290746,0.020234266181217132,0.0004094255278923474,0.021755886496473323,0.02882555752329002,0.02658502316231369,0.47635429614041647,1,0.5,ratio,0.05,0.038577869034514295,0.03340941460775843,0.25,10
coral,erm,True,0.023468664623290746,0.020234266181217132,0.0004094255278923474,0.021755886496473323,0.02882555752329002,0.02658502316231369,0.47635429614041647,1,0.5,ratio,0.1,0.038577869034514295,0.03340941460775843,0.25,5
coral,erm,True,0.023468664623290746,0.020234266181217132,0.0004094255278923474,0.021755886496473323,0.02882555752329002,0.02658502316231369,0.47635429614041647,1,0.5,ratio,0.2,0.038577869034514295,0.03340941460775843,0.25,3
coral,erm,True,0.023468664623290746,0.020234266181217132,0.0004094255278923474,0.021755886496473323,0.02882555752329002,0.02658502316231369,0.47635429614041647,1,0.5,design,0.02,0.038577869034514295,0.03340941460775843,0.25,
coral,erm,True,0.023468664623290746,0.020234266181217132,0.0004094255278923474,0.021755886496473323,0.02882555752329002,0.02658502316231369,0.47635429614041647,1,0.5,design,0.05,0.038577869034514295,0.03340941460775843,0.25,
coral,erm,True,0.023468664623290746,0.020234266181217132,0.0004094255278923474,0.021755886496473323,0.02882555752329002,0.02658502316231369,0.47635429614041647,1,0.5,design,0.1,0.038577869034514295,0.03340941460775843,0.25,6
coral,erm,True,0.023468664623290746,0.020234266181217132,0.0004094255278923474,0.021755886496473323,0.02882555752329002,0.02658502316231369,0.47635429614041647,1,0.5,design,0.2,0.038577869034514295,0.03340941460775843,0.25,3
coral,erm,True,0.023468664623290746,0.020234266181217132,0.0004094255278923474,0.021755886496473323,0.02882555752329002,0.02658502316231369,0.47635429614041647,3,0.0,none,0.02,0.025397112960713977,0.025397112960713977,0.0,15
coral,erm,True,0.023468664623290746,0.020234266181217132,0.0004094255278923474,0.021755886496473323,0.02882555752329002,0.02658502316231369,0.47635429614041647,3,0.0,none,0.05,0.025397112960713977,0.025397112960713977,0.0,5
coral,erm,True,0.023468664623290746,0.020234266181217132,0.0004094255278923474,0.021755886496473323,0.02882555752329002,0.02658502316231369,0.47635429614041647,3,0.0,none,0.1,0.025397112960713977,0.025397112960713977,0.0,3
coral,erm,True,0.023468664623290746,0.020234266181217132,0.0004094255278923474,0.021755886496473323,0.02882555752329002,0.02658502316231369,0.47635429614041647,3,0.0,none,0.2,0.025397112960713977,0.025397112960713977,0.0,3
coral,erm,True,0.023468664623290746,0.020234266181217132,0.0004094255278923474,0.021755886496473323,0.02882555752329002,0.02658502316231369,0.47635429614041647,3,0.25,ratio,0.02,0.027150655803482186,0.025397112960713977,0.125,21
coral,erm,True,0.023468664623290746,0.020234266181217132,0.0004094255278923474,0.021755886496473323,0.02882555752329002,0.02658502316231369,0.47635429614041647,3,0.25,ratio,0.05,0.027150655803482186,0.025397112960713977,0.125,6
coral,erm,True,0.023468664623290746,0.020234266181217132,0.0004094255278923474,0.021755886496473323,0.02882555752329002,0.02658502316231369,0.47635429614041647,3,0.25,ratio,0.1,0.027150655803482186,0.025397112960713977,0.125,3
coral,erm,True,0.023468664623290746,0.020234266181217132,0.0004094255278923474,0.021755886496473323,0.02882555752329002,0.02658502316231369,0.47635429614041647,3,0.25,ratio,0.2,0.027150655803482186,0.025397112960713977,0.125,3
coral,erm,True,0.023468664623290746,0.020234266181217132,0.0004094255278923474,0.021755886496473323,0.02882555752329002,0.02658502316231369,0.47635429614041647,3,0.25,design,0.02,0.027150655803482186,0.025397112960713977,0.125,
coral,erm,True,0.023468664623290746,0.020234266181217132,0.0004094255278923474,0.021755886496473323,0.02882555752329002,0.02658502316231369,0.47635429614041647,3,0.25,design,0.05,0.027150655803482186,0.025397112960713977,0.125,8
coral,erm,True,0.023468664623290746,0.020234266181217132,0.0004094255278923474,0.021755886496473323,0.02882555752329002,0.02658502316231369,0.47635429614041647,3,0.25,design,0.1,0.027150655803482186,0.025397112960713977,0.125,3
coral,erm,True,0.023468664623290746,0.020234266181217132,0.0004094255278923474,0.021755886496473323,0.02882555752329002,0.02658502316231369,0.47635429614041647,3,0.25,design,0.2,0.027150655803482186,0.025397112960713977,0.125,3
coral,erm,True,0.023468664623290746,0.020234266181217132,0.0004094255278923474,0.021755886496473323,0.02882555752329002,0.02658502316231369,0.47635429614041647,3,0.5,ratio,0.02,0.0293260600090151,0.025397112960713977,0.25,28
coral,erm,True,0.023468664623290746,0.020234266181217132,0.0004094255278923474,0.021755886496473323,0.02882555752329002,0.02658502316231369,0.47635429614041647,3,0.5,ratio,0.05,0.0293260600090151,0.025397112960713977,0.25,7
coral,erm,True,0.023468664623290746,0.020234266181217132,0.0004094255278923474,0.021755886496473323,0.02882555752329002,0.02658502316231369,0.47635429614041647,3,0.5,ratio,0.1,0.0293260600090151,0.025397112960713977,0.25,4
coral,erm,True,0.023468664623290746,0.020234266181217132,0.0004094255278923474,0.021755886496473323,0.02882555752329002,0.02658502316231369,0.47635429614041647,3,0.5,ratio,0.2,0.0293260600090151,0.025397112960713977,0.25,3
coral,erm,True,0.023468664623290746,0.020234266181217132,0.0004094255278923474,0.021755886496473323,0.02882555752329002,0.02658502316231369,0.47635429614041647,3,0.5,design,0.02,0.0293260600090151,0.025397112960713977,0.25,
coral,erm,True,0.023468664623290746,0.020234266181217132,0.0004094255278923474,0.021755886496473323,0.02882555752329002,0.02658502316231369,0.47635429614041647,3,0.5,design,0.05,0.0293260600090151,0.025397112960713977,0.25,
coral,erm,True,0.023468664623290746,0.020234266181217132,0.0004094255278923474,0.021755886496473323,0.02882555752329002,0.02658502316231369,0.47635429614041647,3,0.5,design,0.1,0.0293260600090151,0.025397112960713977,0.25,4
coral,erm,True,0.023468664623290746,0.020234266181217132,0.0004094255278923474,0.021755886496473323,0.02882555752329002,0.02658502316231369,0.47635429614041647,3,0.5,design,0.2,0.0293260600090151,0.025397112960713977,0.25,3
coral,erm,True,0.023468664623290746,0.020234266181217132,0.0004094255278923474,0.021755886496473323,0.02882555752329002,0.02658502316231369,0.47635429614041647,5,0.0,none,0.02,0.023468664623290746,0.023468664623290746,0.0,13
coral,erm,True,0.023468664623290746,0.020234266181217132,0.0004094255278923474,0.021755886496473323,0.02882555752329002,0.02658502316231369,0.47635429614041647,5,0.0,none,0.05,0.023468664623290746,0.023468664623290746,0.0,4
coral,erm,True,0.023468664623290746,0.020234266181217132,0.0004094255278923474,0.021755886496473323,0.02882555752329002,0.02658502316231369,0.47635429614041647,5,0.0,none,0.1,0.023468664623290746,0.023468664623290746,0.0,3
coral,erm,True,0.023468664623290746,0.020234266181217132,0.0004094255278923474,0.021755886496473323,0.02882555752329002,0.02658502316231369,0.47635429614041647,5,0.0,none,0.2,0.023468664623290746,0.023468664623290746,0.0,3
coral,erm,True,0.023468664623290746,0.020234266181217132,0.0004094255278923474,0.021755886496473323,0.02882555752329002,0.02658502316231369,0.47635429614041647,5,0.25,ratio,0.02,0.025089057812987457,0.023468664623290746,0.125,18
coral,erm,True,0.023468664623290746,0.020234266181217132,0.0004094255278923474,0.021755886496473323,0.02882555752329002,0.02658502316231369,0.47635429614041647,5,0.25,ratio,0.05,0.025089057812987457,0.023468664623290746,0.125,5
coral,erm,True,0.023468664623290746,0.020234266181217132,0.0004094255278923474,0.021755886496473323,0.02882555752329002,0.02658502316231369,0.47635429614041647,5,0.25,ratio,0.1,0.025089057812987457,0.023468664623290746,0.125,3
coral,erm,True,0.023468664623290746,0.020234266181217132,0.0004094255278923474,0.021755886496473323,0.02882555752329002,0.02658502316231369,0.47635429614041647,5,0.25,ratio,0.2,0.025089057812987457,0.023468664623290746,0.125,3
coral,erm,True,0.023468664623290746,0.020234266181217132,0.0004094255278923474,0.021755886496473323,0.02882555752329002,0.02658502316231369,0.47635429614041647,5,0.25,design,0.02,0.025089057812987457,0.023468664623290746,0.125,
coral,erm,True,0.023468664623290746,0.020234266181217132,0.0004094255278923474,0.021755886496473323,0.02882555752329002,0.02658502316231369,0.47635429614041647,5,0.25,design,0.05,0.025089057812987457,0.023468664623290746,0.125,7
coral,erm,True,0.023468664623290746,0.020234266181217132,0.0004094255278923474,0.021755886496473323,0.02882555752329002,0.02658502316231369,0.47635429614041647,5,0.25,design,0.1,0.025089057812987457,0.023468664623290746,0.125,3
coral,erm,True,0.023468664623290746,0.020234266181217132,0.0004094255278923474,0.021755886496473323,0.02882555752329002,0.02658502316231369,0.47635429614041647,5,0.25,design,0.2,0.025089057812987457,0.023468664623290746,0.125,3
coral,erm,True,0.023468664623290746,0.020234266181217132,0.0004094255278923474,0.021755886496473323,0.02882555752329002,0.02658502316231369,0.47635429614041647,5,0.5,ratio,0.02,0.02709927967555592,0.023468664623290746,0.25,24
coral,erm,True,0.023468664623290746,0.020234266181217132,0.0004094255278923474,0.021755886496473323,0.02882555752329002,0.02658502316231369,0.47635429614041647,5,0.5,ratio,0.05,0.02709927967555592,0.023468664623290746,0.25,6
coral,erm,True,0.023468664623290746,0.020234266181217132,0.0004094255278923474,0.021755886496473323,0.02882555752329002,0.02658502316231369,0.47635429614041647,5,0.5,ratio,0.1,0.02709927967555592,0.023468664623290746,0.25,4
coral,erm,True,0.023468664623290746,0.020234266181217132,0.0004094255278923474,0.021755886496473323,0.02882555752329002,0.02658502316231369,0.47635429614041647,5,0.5,ratio,0.2,0.02709927967555592,0.023468664623290746,0.25,3
coral,erm,True,0.023468664623290746,0.020234266181217132,0.0004094255278923474,0.021755886496473323,0.02882555752329002,0.02658502316231369,0.47635429614041647,5,0.5,design,0.02,0.02709927967555592,0.023468664623290746,0.25,
coral,erm,True,0.023468664623290746,0.020234266181217132,0.0004094255278923474,0.021755886496473323,0.02882555752329002,0.02658502316231369,0.47635429614041647,5,0.5,design,0.05,0.02709927967555592,0.023468664623290746,0.25,
coral,erm,True,0.023468664623290746,0.020234266181217132,0.0004094255278923474,0.021755886496473323,0.02882555752329002,0.02658502316231369,0.47635429614041647,5,0.5,design,0.1,0.02709927967555592,0.023468664623290746,0.25,4
coral,erm,True,0.023468664623290746,0.020234266181217132,0.0004094255278923474,0.021755886496473323,0.02882555752329002,0.02658502316231369,0.47635429614041647,5,0.5,design,0.2,0.02709927967555592,0.023468664623290746,0.25,3
coral,erm,True,0.023468664623290746,0.020234266181217132,0.0004094255278923474,0.021755886496473323,0.02882555752329002,0.02658502316231369,0.47635429614041647,10,0.0,none,0.02,0.021911227111835224,0.021911227111835224,0.0,12
coral,erm,True,0.023468664623290746,0.020234266181217132,0.0004094255278923474,0.021755886496473323,0.02882555752329002,0.02658502316231369,0.47635429614041647,10,0.0,none,0.05,0.021911227111835224,0.021911227111835224,0.0,4
coral,erm,True,0.023468664623290746,0.020234266181217132,0.0004094255278923474,0.021755886496473323,0.02882555752329002,0.02658502316231369,0.47635429614041647,10,0.0,none,0.1,0.021911227111835224,0.021911227111835224,0.0,3
coral,erm,True,0.023468664623290746,0.020234266181217132,0.0004094255278923474,0.021755886496473323,0.02882555752329002,0.02658502316231369,0.47635429614041647,10,0.0,none,0.2,0.021911227111835224,0.021911227111835224,0.0,3
coral,erm,True,0.023468664623290746,0.020234266181217132,0.0004094255278923474,0.021755886496473323,0.02882555752329002,0.02658502316231369,0.47635429614041647,10,0.25,ratio,0.02,0.02342408707893706,0.021911227111835224,0.125,16
coral,erm,True,0.023468664623290746,0.020234266181217132,0.0004094255278923474,0.021755886496473323,0.02882555752329002,0.02658502316231369,0.47635429614041647,10,0.25,ratio,0.05,0.02342408707893706,0.021911227111835224,0.125,5
coral,erm,True,0.023468664623290746,0.020234266181217132,0.0004094255278923474,0.021755886496473323,0.02882555752329002,0.02658502316231369,0.47635429614041647,10,0.25,ratio,0.1,0.02342408707893706,0.021911227111835224,0.125,3
coral,erm,True,0.023468664623290746,0.020234266181217132,0.0004094255278923474,0.021755886496473323,0.02882555752329002,0.02658502316231369,0.47635429614041647,10,0.25,ratio,0.2,0.02342408707893706,0.021911227111835224,0.125,3
coral,erm,True,0.023468664623290746,0.020234266181217132,0.0004094255278923474,0.021755886496473323,0.02882555752329002,0.02658502316231369,0.47635429614041647,10,0.25,design,0.02,0.02342408707893706,0.021911227111835224,0.125,
coral,erm,True,0.023468664623290746,0.020234266181217132,0.0004094255278923474,0.021755886496473323,0.02882555752329002,0.02658502316231369,0.47635429614041647,10,0.25,design,0.05,0.02342408707893706,0.021911227111835224,0.125,6
coral,erm,True,0.023468664623290746,0.020234266181217132,0.0004094255278923474,0.021755886496473323,0.02882555752329002,0.02658502316231369,0.47635429614041647,10,0.25,design,0.1,0.02342408707893706,0.021911227111835224,0.125,3
coral,erm,True,0.023468664623290746,0.020234266181217132,0.0004094255278923474,0.021755886496473323,0.02882555752329002,0.02658502316231369,0.47635429614041647,10,0.25,design,0.2,0.02342408707893706,0.021911227111835224,0.125,3
coral,erm,True,0.023468664623290746,0.020234266181217132,0.0004094255278923474,0.021755886496473323,0.02882555752329002,0.02658502316231369,0.47635429614041647,10,0.5,ratio,0.02,0.025300905742586186,0.021911227111835224,0.25,21
coral,erm,True,0.023468664623290746,0.020234266181217132,0.0004094255278923474,0.021755886496473323,0.02882555752329002,0.02658502316231369,0.47635429614041647,10,0.5,ratio,0.05,0.025300905742586186,0.021911227111835224,0.25,6
coral,erm,True,0.023468664623290746,0.020234266181217132,0.0004094255278923474,0.021755886496473323,0.02882555752329002,0.02658502316231369,0.47635429614041647,10,0.5,ratio,0.1,0.025300905742586186,0.021911227111835224,0.25,4
coral,erm,True,0.023468664623290746,0.020234266181217132,0.0004094255278923474,0.021755886496473323,0.02882555752329002,0.02658502316231369,0.47635429614041647,10,0.5,ratio,0.2,0.025300905742586186,0.021911227111835224,0.25,3
coral,erm,True,0.023468664623290746,0.020234266181217132,0.0004094255278923474,0.021755886496473323,0.02882555752329002,0.02658502316231369,0.47635429614041647,10,0.5,design,0.02,0.025300905742586186,0.021911227111835224,0.25,
coral,erm,True,0.023468664623290746,0.020234266181217132,0.0004094255278923474,0.021755886496473323,0.02882555752329002,0.02658502316231369,0.47635429614041647,10,0.5,design,0.05,0.025300905742586186,0.021911227111835224,0.25,
coral,erm,True,0.023468664623290746,0.020234266181217132,0.0004094255278923474,0.021755886496473323,0.02882555752329002,0.02658502316231369,0.47635429614041647,10,0.5,design,0.1,0.025300905742586186,0.021911227111835224,0.25,4
coral,erm,True,0.023468664623290746,0.020234266181217132,0.0004094255278923474,0.021755886496473323,0.02882555752329002,0.02658502316231369,0.47635429614041647,10,0.5,design,0.2,0.025300905742586186,0.021911227111835224,0.25,3
fish,erm,True,0.08079326227599481,0.0785102611816197,0.006163861110806141,0.032924383088321234,0.02882555752329002,0.04264329480654294,0.05082755586186898,1,0.0,none,0.02,0.0893437837947547,0.0893437837947547,0.0,159
fish,erm,True,0.08079326227599481,0.0785102611816197,0.006163861110806141,0.032924383088321234,0.02882555752329002,0.04264329480654294,0.05082755586186898,1,0.0,none,0.05,0.0893437837947547,0.0893437837947547,0.0,28
fish,erm,True,0.08079326227599481,0.0785102611816197,0.006163861110806141,0.032924383088321234,0.02882555752329002,0.04264329480654294,0.05082755586186898,1,0.0,none,0.1,0.0893437837947547,0.0893437837947547,0.0,9
fish,erm,True,0.08079326227599481,0.0785102611816197,0.006163861110806141,0.032924383088321234,0.02882555752329002,0.04264329480654294,0.05082755586186898,1,0.0,none,0.2,0.0893437837947547,0.0893437837947547,0.0,4
fish,erm,True,0.08079326227599481,0.0785102611816197,0.006163861110806141,0.032924383088321234,0.02882555752329002,0.04264329480654294,0.05082755586186898,1,0.25,ratio,0.02,0.09551252245656511,0.0893437837947547,0.125,226
fish,erm,True,0.08079326227599481,0.0785102611816197,0.006163861110806141,0.032924383088321234,0.02882555752329002,0.04264329480654294,0.05082755586186898,1,0.25,ratio,0.05,0.09551252245656511,0.0893437837947547,0.125,38
fish,erm,True,0.08079326227599481,0.0785102611816197,0.006163861110806141,0.032924383088321234,0.02882555752329002,0.04264329480654294,0.05082755586186898,1,0.25,ratio,0.1,0.09551252245656511,0.0893437837947547,0.125,12
fish,erm,True,0.08079326227599481,0.0785102611816197,0.006163861110806141,0.032924383088321234,0.02882555752329002,0.04264329480654294,0.05082755586186898,1,0.25,ratio,0.2,0.09551252245656511,0.0893437837947547,0.125,5
fish,erm,True,0.08079326227599481,0.0785102611816197,0.006163861110806141,0.032924383088321234,0.02882555752329002,0.04264329480654294,0.05082755586186898,1,0.25,design,0.02,0.09551252245656511,0.0893437837947547,0.125,
fish,erm,True,0.08079326227599481,0.0785102611816197,0.006163861110806141,0.032924383088321234,0.02882555752329002,0.04264329480654294,0.05082755586186898,1,0.25,design,0.05,0.09551252245656511,0.0893437837947547,0.125,
fish,erm,True,0.08079326227599481,0.0785102611816197,0.006163861110806141,0.032924383088321234,0.02882555752329002,0.04264329480654294,0.05082755586186898,1,0.25,design,0.1,0.09551252245656511,0.0893437837947547,0.125,
fish,erm,True,0.08079326227599481,0.0785102611816197,0.006163861110806141,0.032924383088321234,0.02882555752329002,0.04264329480654294,0.05082755586186898,1,0.25,design,0.2,0.09551252245656511,0.0893437837947547,0.125,6
fish,erm,True,0.08079326227599481,0.0785102611816197,0.006163861110806141,0.032924383088321234,0.02882555752329002,0.04264329480654294,0.05082755586186898,1,0.5,ratio,0.02,0.10316531524864271,0.0893437837947547,0.25,316
fish,erm,True,0.08079326227599481,0.0785102611816197,0.006163861110806141,0.032924383088321234,0.02882555752329002,0.04264329480654294,0.05082755586186898,1,0.5,ratio,0.05,0.10316531524864271,0.0893437837947547,0.25,53
fish,erm,True,0.08079326227599481,0.0785102611816197,0.006163861110806141,0.032924383088321234,0.02882555752329002,0.04264329480654294,0.05082755586186898,1,0.5,ratio,0.1,0.10316531524864271,0.0893437837947547,0.25,15
fish,erm,True,0.08079326227599481,0.0785102611816197,0.006163861110806141,0.032924383088321234,0.02882555752329002,0.04264329480654294,0.05082755586186898,1,0.5,ratio,0.2,0.10316531524864271,0.0893437837947547,0.25,6
fish,erm,True,0.08079326227599481,0.0785102611816197,0.006163861110806141,0.032924383088321234,0.02882555752329002,0.04264329480654294,0.05082755586186898,1,0.5,design,0.02,0.10316531524864271,0.0893437837947547,0.25,
fish,erm,True,0.08079326227599481,0.0785102611816197,0.006163861110806141,0.032924383088321234,0.02882555752329002,0.04264329480654294,0.05082755586186898,1,0.5,design,0.05,0.10316531524864271,0.0893437837947547,0.25,
fish,erm,True,0.08079326227599481,0.0785102611816197,0.006163861110806141,0.032924383088321234,0.02882555752329002,0.04264329480654294,0.05082755586186898,1,0.5,design,0.1,0.10316531524864271,0.0893437837947547,0.25,
fish,erm,True,0.08079326227599481,0.0785102611816197,0.006163861110806141,0.032924383088321234,0.02882555752329002,0.04264329480654294,0.05082755586186898,1,0.5,design,0.2,0.10316531524864271,0.0893437837947547,0.25,
fish,erm,True,0.08079326227599481,0.0785102611816197,0.006163861110806141,0.032924383088321234,0.02882555752329002,0.04264329480654294,0.05082755586186898,3,0.0,none,0.02,0.08228007844019951,0.08228007844019951,0.0,135
fish,erm,True,0.08079326227599481,0.0785102611816197,0.006163861110806141,0.032924383088321234,0.02882555752329002,0.04264329480654294,0.05082755586186898,3,0.0,none,0.05,0.08228007844019951,0.08228007844019951,0.0,24
fish,erm,True,0.08079326227599481,0.0785102611816197,0.006163861110806141,0.032924383088321234,0.02882555752329002,0.04264329480654294,0.05082755586186898,3,0.0,none,0.1,0.08228007844019951,0.08228007844019951,0.0,8
fish,erm,True,0.08079326227599481,0.0785102611816197,0.006163861110806141,0.032924383088321234,0.02882555752329002,0.04264329480654294,0.05082755586186898,3,0.0,none,0.2,0.08228007844019951,0.08228007844019951,0.0,4
fish,erm,True,0.08079326227599481,0.0785102611816197,0.006163861110806141,0.032924383088321234,0.02882555752329002,0.04264329480654294,0.05082755586186898,3,0.25,ratio,0.02,0.08796110379431767,0.08228007844019951,0.125,192
fish,erm,True,0.08079326227599481,0.0785102611816197,0.006163861110806141,0.032924383088321234,0.02882555752329002,0.04264329480654294,0.05082755586186898,3,0.25,ratio,0.05,0.08796110379431767,0.08228007844019951,0.125,33
fish,erm,True,0.08079326227599481,0.0785102611816197,0.006163861110806141,0.032924383088321234,0.02882555752329002,0.04264329480654294,0.05082755586186898,3,0.25,ratio,0.1,0.08796110379431767,0.08228007844019951,0.125,10
fish,erm,True,0.08079326227599481,0.0785102611816197,0.006163861110806141,0.032924383088321234,0.02882555752329002,0.04264329480654294,0.05082755586186898,3,0.25,ratio,0.2,0.08796110379431767,0.08228007844019951,0.125,5
fish,erm,True,0.08079326227599481,0.0785102611816197,0.006163861110806141,0.032924383088321234,0.02882555752329002,0.04264329480654294,0.05082755586186898,3,0.25,design,0.02,0.08796110379431767,0.08228007844019951,0.125,
fish,erm,True,0.08079326227599481,0.0785102611816197,0.006163861110806141,0.032924383088321234,0.02882555752329002,0.04264329480654294,0.05082755586186898,3,0.25,design,0.05,0.08796110379431767,0.08228007844019951,0.125,
fish,erm,True,0.08079326227599481,0.0785102611816197,0.006163861110806141,0.032924383088321234,0.02882555752329002,0.04264329480654294,0.05082755586186898,3,0.25,design,0.1,0.08796110379431767,0.08228007844019951,0.125,
fish,erm,True,0.08079326227599481,0.0785102611816197,0.006163861110806141,0.032924383088321234,0.02882555752329002,0.04264329480654294,0.05082755586186898,3,0.25,design,0.2,0.08796110379431767,0.08228007844019951,0.125,5
fish,erm,True,0.08079326227599481,0.0785102611816197,0.006163861110806141,0.032924383088321234,0.02882555752329002,0.04264329480654294,0.05082755586186898,3,0.5,ratio,0.02,0.09500885087278542,0.08228007844019951,0.25,268
fish,erm,True,0.08079326227599481,0.0785102611816197,0.006163861110806141,0.032924383088321234,0.02882555752329002,0.04264329480654294,0.05082755586186898,3,0.5,ratio,0.05,0.09500885087278542,0.08228007844019951,0.25,45
fish,erm,True,0.08079326227599481,0.0785102611816197,0.006163861110806141,0.032924383088321234,0.02882555752329002,0.04264329480654294,0.05082755586186898,3,0.5,ratio,0.1,0.09500885087278542,0.08228007844019951,0.25,13
fish,erm,True,0.08079326227599481,0.0785102611816197,0.006163861110806141,0.032924383088321234,0.02882555752329002,0.04264329480654294,0.05082755586186898,3,0.5,ratio,0.2,0.09500885087278542,0.08228007844019951,0.25,5
fish,erm,True,0.08079326227599481,0.0785102611816197,0.006163861110806141,0.032924383088321234,0.02882555752329002,0.04264329480654294,0.05082755586186898,3,0.5,design,0.02,0.09500885087278542,0.08228007844019951,0.25,
fish,erm,True,0.08079326227599481,0.0785102611816197,0.006163861110806141,0.032924383088321234,0.02882555752329002,0.04264329480654294,0.05082755586186898,3,0.5,design,0.05,0.09500885087278542,0.08228007844019951,0.25,
fish,erm,True,0.08079326227599481,0.0785102611816197,0.006163861110806141,0.032924383088321234,0.02882555752329002,0.04264329480654294,0.05082755586186898,3,0.5,design,0.1,0.09500885087278542,0.08228007844019951,0.25,
fish,erm,True,0.08079326227599481,0.0785102611816197,0.006163861110806141,0.032924383088321234,0.02882555752329002,0.04264329480654294,0.05082755586186898,3,0.5,design,0.2,0.09500885087278542,0.08228007844019951,0.25,18
fish,erm,True,0.08079326227599481,0.0785102611816197,0.006163861110806141,0.032924383088321234,0.02882555752329002,0.04264329480654294,0.05082755586186898,5,0.0,none,0.02,0.08079326227599481,0.08079326227599481,0.0,131
fish,erm,True,0.08079326227599481,0.0785102611816197,0.006163861110806141,0.032924383088321234,0.02882555752329002,0.04264329480654294,0.05082755586186898,5,0.0,none,0.05,0.08079326227599481,0.08079326227599481,0.0,23
fish,erm,True,0.08079326227599481,0.0785102611816197,0.006163861110806141,0.032924383088321234,0.02882555752329002,0.04264329480654294,0.05082755586186898,5,0.0,none,0.1,0.08079326227599481,0.08079326227599481,0.0,8
fish,erm,True,0.08079326227599481,0.0785102611816197,0.006163861110806141,0.032924383088321234,0.02882555752329002,0.04264329480654294,0.05082755586186898,5,0.0,none,0.2,0.08079326227599481,0.08079326227599481,0.0,4
fish,erm,True,0.08079326227599481,0.0785102611816197,0.006163861110806141,0.032924383088321234,0.02882555752329002,0.04264329480654294,0.05082755586186898,5,0.25,ratio,0.02,0.08637163045615441,0.08079326227599481,0.125,185
fish,erm,True,0.08079326227599481,0.0785102611816197,0.006163861110806141,0.032924383088321234,0.02882555752329002,0.04264329480654294,0.05082755586186898,5,0.25,ratio,0.05,0.08637163045615441,0.08079326227599481,0.125,32
fish,erm,True,0.08079326227599481,0.0785102611816197,0.006163861110806141,0.032924383088321234,0.02882555752329002,0.04264329480654294,0.05082755586186898,5,0.25,ratio,0.1,0.08637163045615441,0.08079326227599481,0.125,10
fish,erm,True,0.08079326227599481,0.0785102611816197,0.006163861110806141,0.032924383088321234,0.02882555752329002,0.04264329480654294,0.05082755586186898,5,0.25,ratio,0.2,0.08637163045615441,0.08079326227599481,0.125,5
fish,erm,True,0.08079326227599481,0.0785102611816197,0.006163861110806141,0.032924383088321234,0.02882555752329002,0.04264329480654294,0.05082755586186898,5,0.25,design,0.02,0.08637163045615441,0.08079326227599481,0.125,
fish,erm,True,0.08079326227599481,0.0785102611816197,0.006163861110806141,0.032924383088321234,0.02882555752329002,0.04264329480654294,0.05082755586186898,5,0.25,design,0.05,0.08637163045615441,0.08079326227599481,0.125,
fish,erm,True,0.08079326227599481,0.0785102611816197,0.006163861110806141,0.032924383088321234,0.02882555752329002,0.04264329480654294,0.05082755586186898,5,0.25,design,0.1,0.08637163045615441,0.08079326227599481,0.125,
fish,erm,True,0.08079326227599481,0.0785102611816197,0.006163861110806141,0.032924383088321234,0.02882555752329002,0.04264329480654294,0.05082755586186898,5,0.25,design,0.2,0.08637163045615441,0.08079326227599481,0.125,5
fish,erm,True,0.08079326227599481,0.0785102611816197,0.006163861110806141,0.032924383088321234,0.02882555752329002,0.04264329480654294,0.05082755586186898,5,0.5,ratio,0.02,0.0932920234475073,0.08079326227599481,0.25,259
fish,erm,True,0.08079326227599481,0.0785102611816197,0.006163861110806141,0.032924383088321234,0.02882555752329002,0.04264329480654294,0.05082755586186898,5,0.5,ratio,0.05,0.0932920234475073,0.08079326227599481,0.25,43
fish,erm,True,0.08079326227599481,0.0785102611816197,0.006163861110806141,0.032924383088321234,0.02882555752329002,0.04264329480654294,0.05082755586186898,5,0.5,ratio,0.1,0.0932920234475073,0.08079326227599481,0.25,13
fish,erm,True,0.08079326227599481,0.0785102611816197,0.006163861110806141,0.032924383088321234,0.02882555752329002,0.04264329480654294,0.05082755586186898,5,0.5,ratio,0.2,0.0932920234475073,0.08079326227599481,0.25,5
fish,erm,True,0.08079326227599481,0.0785102611816197,0.006163861110806141,0.032924383088321234,0.02882555752329002,0.04264329480654294,0.05082755586186898,5,0.5,design,0.02,0.0932920234475073,0.08079326227599481,0.25,
fish,erm,True,0.08079326227599481,0.0785102611816197,0.006163861110806141,0.032924383088321234,0.02882555752329002,0.04264329480654294,0.05082755586186898,5,0.5,design,0.05,0.0932920234475073,0.08079326227599481,0.25,
fish,erm,True,0.08079326227599481,0.0785102611816197,0.006163861110806141,0.032924383088321234,0.02882555752329002,0.04264329480654294,0.05082755586186898,5,0.5,design,0.1,0.0932920234475073,0.08079326227599481,0.25,
fish,erm,True,0.08079326227599481,0.0785102611816197,0.006163861110806141,0.032924383088321234,0.02882555752329002,0.04264329480654294,0.05082755586186898,5,0.5,design,0.2,0.0932920234475073,0.08079326227599481,0.25,14
fish,erm,True,0.08079326227599481,0.0785102611816197,0.006163861110806141,0.032924383088321234,0.02882555752329002,0.04264329480654294,0.05082755586186898,10,0.0,none,0.02,0.07965994081093655,0.07965994081093655,0.0,127
fish,erm,True,0.08079326227599481,0.0785102611816197,0.006163861110806141,0.032924383088321234,0.02882555752329002,0.04264329480654294,0.05082755586186898,10,0.0,none,0.05,0.07965994081093655,0.07965994081093655,0.0,22
fish,erm,True,0.08079326227599481,0.0785102611816197,0.006163861110806141,0.032924383088321234,0.02882555752329002,0.04264329480654294,0.05082755586186898,10,0.0,none,0.1,0.07965994081093655,0.07965994081093655,0.0,8
fish,erm,True,0.08079326227599481,0.0785102611816197,0.006163861110806141,0.032924383088321234,0.02882555752329002,0.04264329480654294,0.05082755586186898,10,0.0,none,0.2,0.07965994081093655,0.07965994081093655,0.0,4
fish,erm,True,0.08079326227599481,0.0785102611816197,0.006163861110806141,0.032924383088321234,0.02882555752329002,0.04264329480654294,0.05082755586186898,10,0.25,ratio,0.02,0.08516005884720448,0.07965994081093655,0.125,180
fish,erm,True,0.08079326227599481,0.0785102611816197,0.006163861110806141,0.032924383088321234,0.02882555752329002,0.04264329480654294,0.05082755586186898,10,0.25,ratio,0.05,0.08516005884720448,0.07965994081093655,0.125,31
fish,erm,True,0.08079326227599481,0.0785102611816197,0.006163861110806141,0.032924383088321234,0.02882555752329002,0.04264329480654294,0.05082755586186898,10,0.25,ratio,0.1,0.08516005884720448,0.07965994081093655,0.125,10
fish,erm,True,0.08079326227599481,0.0785102611816197,0.006163861110806141,0.032924383088321234,0.02882555752329002,0.04264329480654294,0.05082755586186898,10,0.25,ratio,0.2,0.08516005884720448,0.07965994081093655,0.125,5
fish,erm,True,0.08079326227599481,0.0785102611816197,0.006163861110806141,0.032924383088321234,0.02882555752329002,0.04264329480654294,0.05082755586186898,10,0.25,design,0.02,0.08516005884720448,0.07965994081093655,0.125,
fish,erm,True,0.08079326227599481,0.0785102611816197,0.006163861110806141,0.032924383088321234,0.02882555752329002,0.04264329480654294,0.05082755586186898,10,0.25,design,0.05,0.08516005884720448,0.07965994081093655,0.125,
fish,erm,True,0.08079326227599481,0.0785102611816197,0.006163861110806141,0.032924383088321234,0.02882555752329002,0.04264329480654294,0.05082755586186898,10,0.25,design,0.1,0.08516005884720448,0.07965994081093655,0.125,
fish,erm,True,0.08079326227599481,0.0785102611816197,0.006163861110806141,0.032924383088321234,0.02882555752329002,0.04264329480654294,0.05082755586186898,10,0.25,design,0.2,0.08516005884720448,0.07965994081093655,0.125,5
fish,erm,True,0.08079326227599481,0.0785102611816197,0.006163861110806141,0.032924383088321234,0.02882555752329002,0.04264329480654294,0.05082755586186898,10,0.5,ratio,0.02,0.09198337654164776,0.07965994081093655,0.25,251
fish,erm,True,0.08079326227599481,0.0785102611816197,0.006163861110806141,0.032924383088321234,0.02882555752329002,0.04264329480654294,0.05082755586186898,10,0.5,ratio,0.05,0.09198337654164776,0.07965994081093655,0.25,42
fish,erm,True,0.08079326227599481,0.0785102611816197,0.006163861110806141,0.032924383088321234,0.02882555752329002,0.04264329480654294,0.05082755586186898,10,0.5,ratio,0.1,0.09198337654164776,0.07965994081093655,0.25,13
fish,erm,True,0.08079326227599481,0.0785102611816197,0.006163861110806141,0.032924383088321234,0.02882555752329002,0.04264329480654294,0.05082755586186898,10,0.5,ratio,0.2,0.09198337654164776,0.07965994081093655,0.25,5
fish,erm,True,0.08079326227599481,0.0785102611816197,0.006163861110806141,0.032924383088321234,0.02882555752329002,0.04264329480654294,0.05082755586186898,10,0.5,design,0.02,0.09198337654164776,0.07965994081093655,0.25,
fish,erm,True,0.08079326227599481,0.0785102611816197,0.006163861110806141,0.032924383088321234,0.02882555752329002,0.04264329480654294,0.05082755586186898,10,0.5,design,0.05,0.09198337654164776,0.07965994081093655,0.25,
fish,erm,True,0.08079326227599481,0.0785102611816197,0.006163861110806141,0.032924383088321234,0.02882555752329002,0.04264329480654294,0.05082755586186898,10,0.5,design,0.1,0.09198337654164776,0.07965994081093655,0.25,
fish,erm,True,0.08079326227599481,0.0785102611816197,0.006163861110806141,0.032924383088321234,0.02882555752329002,0.04264329480654294,0.05082755586186898,10,0.5,design,0.2,0.09198337654164776,0.07965994081093655,0.25,13
groupdro,erm,True,0.0024575094461813983,0.0,-0.0001859432814670585,0.02166808674416734,0.02882555752329002,0.0309824655365845,0.27258123498970177,1,0.0,none,0.02,0.0309824655365845,0.0309824655365845,0.0,21
groupdro,erm,True,0.0024575094461813983,0.0,-0.0001859432814670585,0.02166808674416734,0.02882555752329002,0.0309824655365845,0.27258123498970177,1,0.0,none,0.05,0.0309824655365845,0.0309824655365845,0.0,6
groupdro,erm,True,0.0024575094461813983,0.0,-0.0001859432814670585,0.02166808674416734,0.02882555752329002,0.0309824655365845,0.27258123498970177,1,0.0,none,0.1,0.0309824655365845,0.0309824655365845,0.0,4
groupdro,erm,True,0.0024575094461813983,0.0,-0.0001859432814670585,0.02166808674416734,0.02882555752329002,0.0309824655365845,0.27258123498970177,1,0.0,none,0.2,0.0309824655365845,0.0309824655365845,0.0,3
groupdro,erm,True,0.0024575094461813983,0.0,-0.0001859432814670585,0.02166808674416734,0.02882555752329002,0.0309824655365845,0.27258123498970177,1,0.25,ratio,0.02,0.033121648867265846,0.0309824655365845,0.125,29
groupdro,erm,True,0.0024575094461813983,0.0,-0.0001859432814670585,0.02166808674416734,0.02882555752329002,0.0309824655365845,0.27258123498970177,1,0.25,ratio,0.05,0.033121648867265846,0.0309824655365845,0.125,7
groupdro,erm,True,0.0024575094461813983,0.0,-0.0001859432814670585,0.02166808674416734,0.02882555752329002,0.0309824655365845,0.27258123498970177,1,0.25,ratio,0.1,0.033121648867265846,0.0309824655365845,0.125,4
groupdro,erm,True,0.0024575094461813983,0.0,-0.0001859432814670585,0.02166808674416734,0.02882555752329002,0.0309824655365845,0.27258123498970177,1,0.25,ratio,0.2,0.033121648867265846,0.0309824655365845,0.125,3
groupdro,erm,True,0.0024575094461813983,0.0,-0.0001859432814670585,0.02166808674416734,0.02882555752329002,0.0309824655365845,0.27258123498970177,1,0.25,design,0.02,0.033121648867265846,0.0309824655365845,0.125,
groupdro,erm,True,0.0024575094461813983,0.0,-0.0001859432814670585,0.02166808674416734,0.02882555752329002,0.0309824655365845,0.27258123498970177,1,0.25,design,0.05,0.033121648867265846,0.0309824655365845,0.125,27
groupdro,erm,True,0.0024575094461813983,0.0,-0.0001859432814670585,0.02166808674416734,0.02882555752329002,0.0309824655365845,0.27258123498970177,1,0.25,design,0.1,0.033121648867265846,0.0309824655365845,0.125,4
groupdro,erm,True,0.0024575094461813983,0.0,-0.0001859432814670585,0.02166808674416734,0.02882555752329002,0.0309824655365845,0.27258123498970177,1,0.25,design,0.2,0.033121648867265846,0.0309824655365845,0.125,3
groupdro,erm,True,0.0024575094461813983,0.0,-0.0001859432814670585,0.02166808674416734,0.02882555752329002,0.0309824655365845,0.27258123498970177,1,0.5,ratio,0.02,0.03577546963541073,0.0309824655365845,0.25,40
groupdro,erm,True,0.0024575094461813983,0.0,-0.0001859432814670585,0.02166808674416734,0.02882555752329002,0.0309824655365845,0.27258123498970177,1,0.5,ratio,0.05,0.03577546963541073,0.0309824655365845,0.25,9
groupdro,erm,True,0.0024575094461813983,0.0,-0.0001859432814670585,0.02166808674416734,0.02882555752329002,0.0309824655365845,0.27258123498970177,1,0.5,ratio,0.1,0.03577546963541073,0.0309824655365845,0.25,4
groupdro,erm,True,0.0024575094461813983,0.0,-0.0001859432814670585,0.02166808674416734,0.02882555752329002,0.0309824655365845,0.27258123498970177,1,0.5,ratio,0.2,0.03577546963541073,0.0309824655365845,0.25,3
groupdro,erm,True,0.0024575094461813983,0.0,-0.0001859432814670585,0.02166808674416734,0.02882555752329002,0.0309824655365845,0.27258123498970177,1,0.5,design,0.02,0.03577546963541073,0.0309824655365845,0.25,
groupdro,erm,True,0.0024575094461813983,0.0,-0.0001859432814670585,0.02166808674416734,0.02882555752329002,0.0309824655365845,0.27258123498970177,1,0.5,design,0.05,0.03577546963541073,0.0309824655365845,0.25,
groupdro,erm,True,0.0024575094461813983,0.0,-0.0001859432814670585,0.02166808674416734,0.02882555752329002,0.0309824655365845,0.27258123498970177,1,0.5,design,0.1,0.03577546963541073,0.0309824655365845,0.25,5
groupdro,erm,True,0.0024575094461813983,0.0,-0.0001859432814670585,0.02166808674416734,0.02882555752329002,0.0309824655365845,0.27258123498970177,1,0.5,design,0.2,0.03577546963541073,0.0309824655365845,0.25,3
groupdro,erm,True,0.0024575094461813983,0.0,-0.0001859432814670585,0.02166808674416734,0.02882555752329002,0.0309824655365845,0.27258123498970177,3,0.0,none,0.02,0.017887734817705364,0.017887734817705364,0.0,9
groupdro,erm,True,0.0024575094461813983,0.0,-0.0001859432814670585,0.02166808674416734,0.02882555752329002,0.0309824655365845,0.27258123498970177,3,0.0,none,0.05,0.017887734817705364,0.017887734817705364,0.0,4
groupdro,erm,True,0.0024575094461813983,0.0,-0.0001859432814670585,0.02166808674416734,0.02882555752329002,0.0309824655365845,0.27258123498970177,3,0.0,none,0.1,0.017887734817705364,0.017887734817705364,0.0,3
groupdro,erm,True,0.0024575094461813983,0.0,-0.0001859432814670585,0.02166808674416734,0.02882555752329002,0.0309824655365845,0.27258123498970177,3,0.0,none,0.2,0.017887734817705364,0.017887734817705364,0.0,3
groupdro,erm,True,0.0024575094461813983,0.0,-0.0001859432814670585,0.02166808674416734,0.02882555752329002,0.0309824655365845,0.27258123498970177,3,0.25,ratio,0.02,0.0191227928895202,0.017887734817705364,0.125,12
groupdro,erm,True,0.0024575094461813983,0.0,-0.0001859432814670585,0.02166808674416734,0.02882555752329002,0.0309824655365845,0.27258123498970177,3,0.25,ratio,0.05,0.0191227928895202,0.017887734817705364,0.125,4
groupdro,erm,True,0.0024575094461813983,0.0,-0.0001859432814670585,0.02166808674416734,0.02882555752329002,0.0309824655365845,0.27258123498970177,3,0.25,ratio,0.1,0.0191227928895202,0.017887734817705364,0.125,3
groupdro,erm,True,0.0024575094461813983,0.0,-0.0001859432814670585,0.02166808674416734,0.02882555752329002,0.0309824655365845,0.27258123498970177,3,0.25,ratio,0.2,0.0191227928895202,0.017887734817705364,0.125,3
groupdro,erm,True,0.0024575094461813983,0.0,-0.0001859432814670585,0.02166808674416734,0.02882555752329002,0.0309824655365845,0.27258123498970177,3,0.25,design,0.02,0.0191227928895202,0.017887734817705364,0.125,
groupdro,erm,True,0.0024575094461813983,0.0,-0.0001859432814670585,0.02166808674416734,0.02882555752329002,0.0309824655365845,0.27258123498970177,3,0.25,design,0.05,0.0191227928895202,0.017887734817705364,0.125,4
groupdro,erm,True,0.0024575094461813983,0.0,-0.0001859432814670585,0.02166808674416734,0.02882555752329002,0.0309824655365845,0.27258123498970177,3,0.25,design,0.1,0.0191227928895202,0.017887734817705364,0.125,3
groupdro,erm,True,0.0024575094461813983,0.0,-0.0001859432814670585,0.02166808674416734,0.02882555752329002,0.0309824655365845,0.27258123498970177,3,0.25,design,0.2,0.0191227928895202,0.017887734817705364,0.125,3
groupdro,erm,True,0.0024575094461813983,0.0,-0.0001859432814670585,0.02166808674416734,0.02882555752329002,0.0309824655365845,0.27258123498970177,3,0.5,ratio,0.02,0.02065497702438967,0.017887734817705364,0.25,15
groupdro,erm,True,0.0024575094461813983,0.0,-0.0001859432814670585,0.02166808674416734,0.02882555752329002,0.0309824655365845,0.27258123498970177,3,0.5,ratio,0.05,0.02065497702438967,0.017887734817705364,0.25,5
groupdro,erm,True,0.0024575094461813983,0.0,-0.0001859432814670585,0.02166808674416734,0.02882555752329002,0.0309824655365845,0.27258123498970177,3,0.5,ratio,0.1,0.02065497702438967,0.017887734817705364,0.25,3
groupdro,erm,True,0.0024575094461813983,0.0,-0.0001859432814670585,0.02166808674416734,0.02882555752329002,0.0309824655365845,0.27258123498970177,3,0.5,ratio,0.2,0.02065497702438967,0.017887734817705364,0.25,3
groupdro,erm,True,0.0024575094461813983,0.0,-0.0001859432814670585,0.02166808674416734,0.02882555752329002,0.0309824655365845,0.27258123498970177,3,0.5,design,0.02,0.02065497702438967,0.017887734817705364,0.25,
groupdro,erm,True,0.0024575094461813983,0.0,-0.0001859432814670585,0.02166808674416734,0.02882555752329002,0.0309824655365845,0.27258123498970177,3,0.5,design,0.05,0.02065497702438967,0.017887734817705364,0.25,7
groupdro,erm,True,0.0024575094461813983,0.0,-0.0001859432814670585,0.02166808674416734,0.02882555752329002,0.0309824655365845,0.27258123498970177,3,0.5,design,0.1,0.02065497702438967,0.017887734817705364,0.25,3
groupdro,erm,True,0.0024575094461813983,0.0,-0.0001859432814670585,0.02166808674416734,0.02882555752329002,0.0309824655365845,0.27258123498970177,3,0.5,design,0.2,0.02065497702438967,0.017887734817705364,0.25,3
groupdro,erm,True,0.0024575094461813983,0.0,-0.0001859432814670585,0.02166808674416734,0.02882555752329002,0.0309824655365845,0.27258123498970177,5,0.0,none,0.02,0.01385577981006949,0.01385577981006949,0.0,6
groupdro,erm,True,0.0024575094461813983,0.0,-0.0001859432814670585,0.02166808674416734,0.02882555752329002,0.0309824655365845,0.27258123498970177,5,0.0,none,0.05,0.01385577981006949,0.01385577981006949,0.0,3
groupdro,erm,True,0.0024575094461813983,0.0,-0.0001859432814670585,0.02166808674416734,0.02882555752329002,0.0309824655365845,0.27258123498970177,5,0.0,none,0.1,0.01385577981006949,0.01385577981006949,0.0,3
groupdro,erm,True,0.0024575094461813983,0.0,-0.0001859432814670585,0.02166808674416734,0.02882555752329002,0.0309824655365845,0.27258123498970177,5,0.0,none,0.2,0.01385577981006949,0.01385577981006949,0.0,2
groupdro,erm,True,0.0024575094461813983,0.0,-0.0001859432814670585,0.02166808674416734,0.02882555752329002,0.0309824655365845,0.27258123498970177,5,0.25,ratio,0.02,0.01481245167881707,0.01385577981006949,0.125,8
groupdro,erm,True,0.0024575094461813983,0.0,-0.0001859432814670585,0.02166808674416734,0.02882555752329002,0.0309824655365845,0.27258123498970177,5,0.25,ratio,0.05,0.01481245167881707,0.01385577981006949,0.125,4
groupdro,erm,True,0.0024575094461813983,0.0,-0.0001859432814670585,0.02166808674416734,0.02882555752329002,0.0309824655365845,0.27258123498970177,5,0.25,ratio,0.1,0.01481245167881707,0.01385577981006949,0.125,3
groupdro,erm,True,0.0024575094461813983,0.0,-0.0001859432814670585,0.02166808674416734,0.02882555752329002,0.0309824655365845,0.27258123498970177,5,0.25,ratio,0.2,0.01481245167881707,0.01385577981006949,0.125,2
groupdro,erm,True,0.0024575094461813983,0.0,-0.0001859432814670585,0.02166808674416734,0.02882555752329002,0.0309824655365845,0.27258123498970177,5,0.25,design,0.02,0.01481245167881707,0.01385577981006949,0.125,
groupdro,erm,True,0.0024575094461813983,0.0,-0.0001859432814670585,0.02166808674416734,0.02882555752329002,0.0309824655365845,0.27258123498970177,5,0.25,design,0.05,0.01481245167881707,0.01385577981006949,0.125,4
groupdro,erm,True,0.0024575094461813983,0.0,-0.0001859432814670585,0.02166808674416734,0.02882555752329002,0.0309824655365845,0.27258123498970177,5,0.25,design,0.1,0.01481245167881707,0.01385577981006949,0.125,3
groupdro,erm,True,0.0024575094461813983,0.0,-0.0001859432814670585,0.02166808674416734,0.02882555752329002,0.0309824655365845,0.27258123498970177,5,0.25,design,0.2,0.01481245167881707,0.01385577981006949,0.125,2
groupdro,erm,True,0.0024575094461813983,0.0,-0.0001859432814670585,0.02166808674416734,0.02882555752329002,0.0309824655365845,0.27258123498970177,5,0.5,ratio,0.02,0.015999276406351605,0.01385577981006949,0.25,10
groupdro,erm,True,0.0024575094461813983,0.0,-0.0001859432814670585,0.02166808674416734,0.02882555752329002,0.0309824655365845,0.27258123498970177,5,0.5,ratio,0.05,0.015999276406351605,0.01385577981006949,0.25,4
groupdro,erm,True,0.0024575094461813983,0.0,-0.0001859432814670585,0.02166808674416734,0.02882555752329002,0.0309824655365845,0.27258123498970177,5,0.5,ratio,0.1,0.015999276406351605,0.01385577981006949,0.25,3
groupdro,erm,True,0.0024575094461813983,0.0,-0.0001859432814670585,0.02166808674416734,0.02882555752329002,0.0309824655365845,0.27258123498970177,5,0.5,ratio,0.2,0.015999276406351605,0.01385577981006949,0.25,3
groupdro,erm,True,0.0024575094461813983,0.0,-0.0001859432814670585,0.02166808674416734,0.02882555752329002,0.0309824655365845,0.27258123498970177,5,0.5,design,0.02,0.015999276406351605,0.01385577981006949,0.25,
groupdro,erm,True,0.0024575094461813983,0.0,-0.0001859432814670585,0.02166808674416734,0.02882555752329002,0.0309824655365845,0.27258123498970177,5,0.5,design,0.05,0.015999276406351605,0.01385577981006949,0.25,4
groupdro,erm,True,0.0024575094461813983,0.0,-0.0001859432814670585,0.02166808674416734,0.02882555752329002,0.0309824655365845,0.27258123498970177,5,0.5,design,0.1,0.015999276406351605,0.01385577981006949,0.25,3
groupdro,erm,True,0.0024575094461813983,0.0,-0.0001859432814670585,0.02166808674416734,0.02882555752329002,0.0309824655365845,0.27258123498970177,5,0.5,design,0.2,0.015999276406351605,0.01385577981006949,0.25,2
groupdro,erm,True,0.0024575094461813983,0.0,-0.0001859432814670585,0.02166808674416734,0.02882555752329002,0.0309824655365845,0.27258123498970177,10,0.0,none,0.02,0.009797515862327789,0.009797515862327789,0.0,5
groupdro,erm,True,0.0024575094461813983,0.0,-0.0001859432814670585,0.02166808674416734,0.02882555752329002,0.0309824655365845,0.27258123498970177,10,0.0,none,0.05,0.009797515862327789,0.009797515862327789,0.0,3
groupdro,erm,True,0.0024575094461813983,0.0,-0.0001859432814670585,0.02166808674416734,0.02882555752329002,0.0309824655365845,0.27258123498970177,10,0.0,none,0.1,0.009797515862327789,0.009797515862327789,0.0,3
groupdro,erm,True,0.0024575094461813983,0.0,-0.0001859432814670585,0.02166808674416734,0.02882555752329002,0.0309824655365845,0.27258123498970177,10,0.0,none,0.2,0.009797515862327789,0.009797515862327789,0.0,2
groupdro,erm,True,0.0024575094461813983,0.0,-0.0001859432814670585,0.02166808674416734,0.02882555752329002,0.0309824655365845,0.27258123498970177,10,0.25,ratio,0.02,0.01047398502808961,0.009797515862327789,0.125,5
groupdro,erm,True,0.0024575094461813983,0.0,-0.0001859432814670585,0.02166808674416734,0.02882555752329002,0.0309824655365845,0.27258123498970177,10,0.25,ratio,0.05,0.01047398502808961,0.009797515862327789,0.125,3
groupdro,erm,True,0.0024575094461813983,0.0,-0.0001859432814670585,0.02166808674416734,0.02882555752329002,0.0309824655365845,0.27258123498970177,10,0.25,ratio,0.1,0.01047398502808961,0.009797515862327789,0.125,3
groupdro,erm,True,0.0024575094461813983,0.0,-0.0001859432814670585,0.02166808674416734,0.02882555752329002,0.0309824655365845,0.27258123498970177,10,0.25,ratio,0.2,0.01047398502808961,0.009797515862327789,0.125,2
groupdro,erm,True,0.0024575094461813983,0.0,-0.0001859432814670585,0.02166808674416734,0.02882555752329002,0.0309824655365845,0.27258123498970177,10,0.25,design,0.02,0.01047398502808961,0.009797515862327789,0.125,7
groupdro,erm,True,0.0024575094461813983,0.0,-0.0001859432814670585,0.02166808674416734,0.02882555752329002,0.0309824655365845,0.27258123498970177,10,0.25,design,0.05,0.01047398502808961,0.009797515862327789,0.125,3
groupdro,erm,True,0.0024575094461813983,0.0,-0.0001859432814670585,0.02166808674416734,0.02882555752329002,0.0309824655365845,0.27258123498970177,10,0.25,design,0.1,0.01047398502808961,0.009797515862327789,0.125,3
groupdro,erm,True,0.0024575094461813983,0.0,-0.0001859432814670585,0.02166808674416734,0.02882555752329002,0.0309824655365845,0.27258123498970177,10,0.25,design,0.2,0.01047398502808961,0.009797515862327789,0.125,2
groupdro,erm,True,0.0024575094461813983,0.0,-0.0001859432814670585,0.02166808674416734,0.02882555752329002,0.0309824655365845,0.27258123498970177,10,0.5,ratio,0.02,0.011313196841009156,0.009797515862327789,0.25,6
groupdro,erm,True,0.0024575094461813983,0.0,-0.0001859432814670585,0.02166808674416734,0.02882555752329002,0.0309824655365845,0.27258123498970177,10,0.5,ratio,0.05,0.011313196841009156,0.009797515862327789,0.25,3
groupdro,erm,True,0.0024575094461813983,0.0,-0.0001859432814670585,0.02166808674416734,0.02882555752329002,0.0309824655365845,0.27258123498970177,10,0.5,ratio,0.1,0.011313196841009156,0.009797515862327789,0.25,3
groupdro,erm,True,0.0024575094461813983,0.0,-0.0001859432814670585,0.02166808674416734,0.02882555752329002,0.0309824655365845,0.27258123498970177,10,0.5,ratio,0.2,0.011313196841009156,0.009797515862327789,0.25,2
groupdro,erm,True,0.0024575094461813983,0.0,-0.0001859432814670585,0.02166808674416734,0.02882555752329002,0.0309824655365845,0.27258123498970177,10,0.5,design,0.02,0.011313196841009156,0.009797515862327789,0.25,
groupdro,erm,True,0.0024575094461813983,0.0,-0.0001859432814670585,0.02166808674416734,0.02882555752329002,0.0309824655365845,0.27258123498970177,10,0.5,design,0.05,0.011313196841009156,0.009797515862327789,0.25,3
groupdro,erm,True,0.0024575094461813983,0.0,-0.0001859432814670585,0.02166808674416734,0.02882555752329002,0.0309824655365845,0.27258123498970177,10,0.5,design,0.1,0.011313196841009156,0.009797515862327789,0.25,3
groupdro,erm,True,0.0024575094461813983,0.0,-0.0001859432814670585,0.02166808674416734,0.02882555752329002,0.0309824655365845,0.27258123498970177,10,0.5,design,0.2,0.011313196841009156,0.009797515862327789,0.25,2
he_jitter,erm,True,0.026741852173991408,0.023491531589429942,0.0005518520564171849,0.006574302235176614,0.02882555752329002,0.028572241886000483,0.15239787288140894,1,0.0,none,0.02,0.03698952639341717,0.03698952639341717,0.0,29
he_jitter,erm,True,0.026741852173991408,0.023491531589429942,0.0005518520564171849,0.006574302235176614,0.02882555752329002,0.028572241886000483,0.15239787288140894,1,0.0,none,0.05,0.03698952639341717,0.03698952639341717,0.0,7
he_jitter,erm,True,0.026741852173991408,0.023491531589429942,0.0005518520564171849,0.006574302235176614,0.02882555752329002,0.028572241886000483,0.15239787288140894,1,0.0,none,0.1,0.03698952639341717,0.03698952639341717,0.0,4
he_jitter,erm,True,0.026741852173991408,0.023491531589429942,0.0005518520564171849,0.006574302235176614,0.02882555752329002,0.028572241886000483,0.15239787288140894,1,0.0,none,0.2,0.03698952639341717,0.03698952639341717,0.0,3
he_jitter,erm,True,0.026741852173991408,0.023491531589429942,0.0005518520564171849,0.006574302235176614,0.02882555752329002,0.028572241886000483,0.15239787288140894,1,0.25,ratio,0.02,0.03954346704662829,0.03698952639341717,0.125,41
he_jitter,erm,True,0.026741852173991408,0.023491531589429942,0.0005518520564171849,0.006574302235176614,0.02882555752329002,0.028572241886000483,0.15239787288140894,1,0.25,ratio,0.05,0.03954346704662829,0.03698952639341717,0.125,9
he_jitter,erm,True,0.026741852173991408,0.023491531589429942,0.0005518520564171849,0.006574302235176614,0.02882555752329002,0.028572241886000483,0.15239787288140894,1,0.25,ratio,0.1,0.03954346704662829,0.03698952639341717,0.125,4
he_jitter,erm,True,0.026741852173991408,0.023491531589429942,0.0005518520564171849,0.006574302235176614,0.02882555752329002,0.028572241886000483,0.15239787288140894,1,0.25,ratio,0.2,0.03954346704662829,0.03698952639341717,0.125,3
he_jitter,erm,True,0.026741852173991408,0.023491531589429942,0.0005518520564171849,0.006574302235176614,0.02882555752329002,0.028572241886000483,0.15239787288140894,1,0.25,design,0.02,0.03954346704662829,0.03698952639341717,0.125,
he_jitter,erm,True,0.026741852173991408,0.023491531589429942,0.0005518520564171849,0.006574302235176614,0.02882555752329002,0.028572241886000483,0.15239787288140894,1,0.25,design,0.05,0.03954346704662829,0.03698952639341717,0.125,
he_jitter,erm,True,0.026741852173991408,0.023491531589429942,0.0005518520564171849,0.006574302235176614,0.02882555752329002,0.028572241886000483,0.15239787288140894,1,0.25,design,0.1,0.03954346704662829,0.03698952639341717,0.125,5
he_jitter,erm,True,0.026741852173991408,0.023491531589429942,0.0005518520564171849,0.006574302235176614,0.02882555752329002,0.028572241886000483,0.15239787288140894,1,0.25,design,0.2,0.03954346704662829,0.03698952639341717,0.125,3
he_jitter,erm,True,0.026741852173991408,0.023491531589429942,0.0005518520564171849,0.006574302235176614,0.02882555752329002,0.028572241886000483,0.15239787288140894,1,0.5,ratio,0.02,0.04271182604087234,0.03698952639341717,0.25,56
he_jitter,erm,True,0.026741852173991408,0.023491531589429942,0.0005518520564171849,0.006574302235176614,0.02882555752329002,0.028572241886000483,0.15239787288140894,1,0.5,ratio,0.05,0.04271182604087234,0.03698952639341717,0.25,11
he_jitter,erm,True,0.026741852173991408,0.023491531589429942,0.0005518520564171849,0.006574302235176614,0.02882555752329002,0.028572241886000483,0.15239787288140894,1,0.5,ratio,0.1,0.04271182604087234,0.03698952639341717,0.25,5
he_jitter,erm,True,0.026741852173991408,0.023491531589429942,0.0005518520564171849,0.006574302235176614,0.02882555752329002,0.028572241886000483,0.15239787288140894,1,0.5,ratio,0.2,0.04271182604087234,0.03698952639341717,0.25,3
he_jitter,erm,True,0.026741852173991408,0.023491531589429942,0.0005518520564171849,0.006574302235176614,0.02882555752329002,0.028572241886000483,0.15239787288140894,1,0.5,design,0.02,0.04271182604087234,0.03698952639341717,0.25,
he_jitter,erm,True,0.026741852173991408,0.023491531589429942,0.0005518520564171849,0.006574302235176614,0.02882555752329002,0.028572241886000483,0.15239787288140894,1,0.5,design,0.05,0.04271182604087234,0.03698952639341717,0.25,
he_jitter,erm,True,0.026741852173991408,0.023491531589429942,0.0005518520564171849,0.006574302235176614,0.02882555752329002,0.028572241886000483,0.15239787288140894,1,0.5,design,0.1,0.04271182604087234,0.03698952639341717,0.25,8
he_jitter,erm,True,0.026741852173991408,0.023491531589429942,0.0005518520564171849,0.006574302235176614,0.02882555752329002,0.028572241886000483,0.15239787288140894,1,0.5,design,0.2,0.04271182604087234,0.03698952639341717,0.25,3
he_jitter,erm,True,0.026741852173991408,0.023491531589429942,0.0005518520564171849,0.006574302235176614,0.02882555752329002,0.028572241886000483,0.15239787288140894,3,0.0,none,0.02,0.028704988971975327,0.028704988971975327,0.0,19
he_jitter,erm,True,0.026741852173991408,0.023491531589429942,0.0005518520564171849,0.006574302235176614,0.02882555752329002,0.028572241886000483,0.15239787288140894,3,0.0,none,0.05,0.028704988971975327,0.028704988971975327,0.0,5
he_jitter,erm,True,0.026741852173991408,0.023491531589429942,0.0005518520564171849,0.006574302235176614,0.02882555752329002,0.028572241886000483,0.15239787288140894,3,0.0,none,0.1,0.028704988971975327,0.028704988971975327,0.0,3
he_jitter,erm,True,0.026741852173991408,0.023491531589429942,0.0005518520564171849,0.006574302235176614,0.02882555752329002,0.028572241886000483,0.15239787288140894,3,0.0,none,0.2,0.028704988971975327,0.028704988971975327,0.0,3
he_jitter,erm,True,0.026741852173991408,0.023491531589429942,0.0005518520564171849,0.006574302235176614,0.02882555752329002,0.028572241886000483,0.15239787288140894,3,0.25,ratio,0.02,0.03068692400693029,0.028704988971975327,0.125,26
he_jitter,erm,True,0.026741852173991408,0.023491531589429942,0.0005518520564171849,0.006574302235176614,0.02882555752329002,0.028572241886000483,0.15239787288140894,3,0.25,ratio,0.05,0.03068692400693029,0.028704988971975327,0.125,6
he_jitter,erm,True,0.026741852173991408,0.023491531589429942,0.0005518520564171849,0.006574302235176614,0.02882555752329002,0.028572241886000483,0.15239787288140894,3,0.25,ratio,0.1,0.03068692400693029,0.028704988971975327,0.125,4
he_jitter,erm,True,0.026741852173991408,0.023491531589429942,0.0005518520564171849,0.006574302235176614,0.02882555752329002,0.028572241886000483,0.15239787288140894,3,0.25,ratio,0.2,0.03068692400693029,0.028704988971975327,0.125,3
he_jitter,erm,True,0.026741852173991408,0.023491531589429942,0.0005518520564171849,0.006574302235176614,0.02882555752329002,0.028572241886000483,0.15239787288140894,3,0.25,design,0.02,0.03068692400693029,0.028704988971975327,0.125,
he_jitter,erm,True,0.026741852173991408,0.023491531589429942,0.0005518520564171849,0.006574302235176614,0.02882555752329002,0.028572241886000483,0.15239787288140894,3,0.25,design,0.05,0.03068692400693029,0.028704988971975327,0.125,14
he_jitter,erm,True,0.026741852173991408,0.023491531589429942,0.0005518520564171849,0.006574302235176614,0.02882555752329002,0.028572241886000483,0.15239787288140894,3,0.25,design,0.1,0.03068692400693029,0.028704988971975327,0.125,4
he_jitter,erm,True,0.026741852173991408,0.023491531589429942,0.0005518520564171849,0.006574302235176614,0.02882555752329002,0.028572241886000483,0.15239787288140894,3,0.25,design,0.2,0.03068692400693029,0.028704988971975327,0.125,3
he_jitter,erm,True,0.026741852173991408,0.023491531589429942,0.0005518520564171849,0.006574302235176614,0.02882555752329002,0.028572241886000483,0.15239787288140894,3,0.5,ratio,0.02,0.03314566622011039,0.028704988971975327,0.25,35
he_jitter,erm,True,0.026741852173991408,0.023491531589429942,0.0005518520564171849,0.006574302235176614,0.02882555752329002,0.028572241886000483,0.15239787288140894,3,0.5,ratio,0.05,0.03314566622011039,0.028704988971975327,0.25,8
he_jitter,erm,True,0.026741852173991408,0.023491531589429942,0.0005518520564171849,0.006574302235176614,0.02882555752329002,0.028572241886000483,0.15239787288140894,3,0.5,ratio,0.1,0.03314566622011039,0.028704988971975327,0.25,4
he_jitter,erm,True,0.026741852173991408,0.023491531589429942,0.0005518520564171849,0.006574302235176614,0.02882555752329002,0.028572241886000483,0.15239787288140894,3,0.5,ratio,0.2,0.03314566622011039,0.028704988971975327,0.25,3
he_jitter,erm,True,0.026741852173991408,0.023491531589429942,0.0005518520564171849,0.006574302235176614,0.02882555752329002,0.028572241886000483,0.15239787288140894,3,0.5,design,0.02,0.03314566622011039,0.028704988971975327,0.25,
he_jitter,erm,True,0.026741852173991408,0.023491531589429942,0.0005518520564171849,0.006574302235176614,0.02882555752329002,0.028572241886000483,0.15239787288140894,3,0.5,design,0.05,0.03314566622011039,0.028704988971975327,0.25,
he_jitter,erm,True,0.026741852173991408,0.023491531589429942,0.0005518520564171849,0.006574302235176614,0.02882555752329002,0.028572241886000483,0.15239787288140894,3,0.5,design,0.1,0.03314566622011039,0.028704988971975327,0.25,4
he_jitter,erm,True,0.026741852173991408,0.023491531589429942,0.0005518520564171849,0.006574302235176614,0.02882555752329002,0.028572241886000483,0.15239787288140894,3,0.5,design,0.2,0.03314566622011039,0.028704988971975327,0.25,3
he_jitter,erm,True,0.026741852173991408,0.023491531589429942,0.0005518520564171849,0.006574302235176614,0.02882555752329002,0.028572241886000483,0.15239787288140894,5,0.0,none,0.02,0.026741852173991408,0.026741852173991408,0.0,17
he_jitter,erm,True,0.026741852173991408,0.023491531589429942,0.0005518520564171849,0.006574302235176614,0.02882555752329002,0.028572241886000483,0.15239787288140894,5,0.0,none,0.05,0.026741852173991408,0.026741852173991408,0.0,5
he_jitter,erm,True,0.026741852173991408,0.023491531589429942,0.0005518520564171849,0.006574302235176614,0.02882555752329002,0.028572241886000483,0.15239787288140894,5,0.0,none,0.1,0.026741852173991408,0.026741852173991408,0.0,3
he_jitter,erm,True,0.026741852173991408,0.023491531589429942,0.0005518520564171849,0.006574302235176614,0.02882555752329002,0.028572241886000483,0.15239787288140894,5,0.0,none,0.2,0.026741852173991408,0.026741852173991408,0.0,3
he_jitter,erm,True,0.026741852173991408,0.023491531589429942,0.0005518520564171849,0.006574302235176614,0.02882555752329002,0.028572241886000483,0.15239787288140894,5,0.25,ratio,0.02,0.02858824249223764,0.026741852173991408,0.125,23
he_jitter,erm,True,0.026741852173991408,0.023491531589429942,0.0005518520564171849,0.006574302235176614,0.02882555752329002,0.028572241886000483,0.15239787288140894,5,0.25,ratio,0.05,0.02858824249223764,0.026741852173991408,0.125,6
he_jitter,erm,True,0.026741852173991408,0.023491531589429942,0.0005518520564171849,0.006574302235176614,0.02882555752329002,0.028572241886000483,0.15239787288140894,5,0.25,ratio,0.1,0.02858824249223764,0.026741852173991408,0.125,4
he_jitter,erm,True,0.026741852173991408,0.023491531589429942,0.0005518520564171849,0.006574302235176614,0.02882555752329002,0.028572241886000483,0.15239787288140894,5,0.25,ratio,0.2,0.02858824249223764,0.026741852173991408,0.125,3
he_jitter,erm,True,0.026741852173991408,0.023491531589429942,0.0005518520564171849,0.006574302235176614,0.02882555752329002,0.028572241886000483,0.15239787288140894,5,0.25,design,0.02,0.02858824249223764,0.026741852173991408,0.125,
he_jitter,erm,True,0.026741852173991408,0.023491531589429942,0.0005518520564171849,0.006574302235176614,0.02882555752329002,0.028572241886000483,0.15239787288140894,5,0.25,design,0.05,0.02858824249223764,0.026741852173991408,0.125,10
he_jitter,erm,True,0.026741852173991408,0.023491531589429942,0.0005518520564171849,0.006574302235176614,0.02882555752329002,0.028572241886000483,0.15239787288140894,5,0.25,design,0.1,0.02858824249223764,0.026741852173991408,0.125,4
he_jitter,erm,True,0.026741852173991408,0.023491531589429942,0.0005518520564171849,0.006574302235176614,0.02882555752329002,0.028572241886000483,0.15239787288140894,5,0.25,design,0.2,0.02858824249223764,0.026741852173991408,0.125,3
he_jitter,erm,True,0.026741852173991408,0.023491531589429942,0.0005518520564171849,0.006574302235176614,0.02882555752329002,0.028572241886000483,0.15239787288140894,5,0.5,ratio,0.02,0.03087883110256624,0.026741852173991408,0.25,31
he_jitter,erm,True,0.026741852173991408,0.023491531589429942,0.0005518520564171849,0.006574302235176614,0.02882555752329002,0.028572241886000483,0.15239787288140894,5,0.5,ratio,0.05,0.03087883110256624,0.026741852173991408,0.25,7
he_jitter,erm,True,0.026741852173991408,0.023491531589429942,0.0005518520564171849,0.006574302235176614,0.02882555752329002,0.028572241886000483,0.15239787288140894,5,0.5,ratio,0.1,0.03087883110256624,0.026741852173991408,0.25,4
he_jitter,erm,True,0.026741852173991408,0.023491531589429942,0.0005518520564171849,0.006574302235176614,0.02882555752329002,0.028572241886000483,0.15239787288140894,5,0.5,ratio,0.2,0.03087883110256624,0.026741852173991408,0.25,3
he_jitter,erm,True,0.026741852173991408,0.023491531589429942,0.0005518520564171849,0.006574302235176614,0.02882555752329002,0.028572241886000483,0.15239787288140894,5,0.5,design,0.02,0.03087883110256624,0.026741852173991408,0.25,
he_jitter,erm,True,0.026741852173991408,0.023491531589429942,0.0005518520564171849,0.006574302235176614,0.02882555752329002,0.028572241886000483,0.15239787288140894,5,0.5,design,0.05,0.03087883110256624,0.026741852173991408,0.25,
he_jitter,erm,True,0.026741852173991408,0.023491531589429942,0.0005518520564171849,0.006574302235176614,0.02882555752329002,0.028572241886000483,0.15239787288140894,5,0.5,design,0.1,0.03087883110256624,0.026741852173991408,0.25,4
he_jitter,erm,True,0.026741852173991408,0.023491531589429942,0.0005518520564171849,0.006574302235176614,0.02882555752329002,0.028572241886000483,0.15239787288140894,5,0.5,design,0.2,0.03087883110256624,0.026741852173991408,0.25,3
he_jitter,erm,True,0.026741852173991408,0.023491531589429942,0.0005518520564171849,0.006574302235176614,0.02882555752329002,0.028572241886000483,0.15239787288140894,10,0.0,none,0.02,0.025169214470388165,0.025169214470388165,0.0,15
he_jitter,erm,True,0.026741852173991408,0.023491531589429942,0.0005518520564171849,0.006574302235176614,0.02882555752329002,0.028572241886000483,0.15239787288140894,10,0.0,none,0.05,0.025169214470388165,0.025169214470388165,0.0,5
he_jitter,erm,True,0.026741852173991408,0.023491531589429942,0.0005518520564171849,0.006574302235176614,0.02882555752329002,0.028572241886000483,0.15239787288140894,10,0.0,none,0.1,0.025169214470388165,0.025169214470388165,0.0,3
he_jitter,erm,True,0.026741852173991408,0.023491531589429942,0.0005518520564171849,0.006574302235176614,0.02882555752329002,0.028572241886000483,0.15239787288140894,10,0.0,none,0.2,0.025169214470388165,0.025169214470388165,0.0,3
he_jitter,erm,True,0.026741852173991408,0.023491531589429942,0.0005518520564171849,0.006574302235176614,0.02882555752329002,0.028572241886000483,0.15239787288140894,10,0.25,ratio,0.02,0.026907022069264416,0.025169214470388165,0.125,20
he_jitter,erm,True,0.026741852173991408,0.023491531589429942,0.0005518520564171849,0.006574302235176614,0.02882555752329002,0.028572241886000483,0.15239787288140894,10,0.25,ratio,0.05,0.026907022069264416,0.025169214470388165,0.125,6
he_jitter,erm,True,0.026741852173991408,0.023491531589429942,0.0005518520564171849,0.006574302235176614,0.02882555752329002,0.028572241886000483,0.15239787288140894,10,0.25,ratio,0.1,0.026907022069264416,0.025169214470388165,0.125,3
he_jitter,erm,True,0.026741852173991408,0.023491531589429942,0.0005518520564171849,0.006574302235176614,0.02882555752329002,0.028572241886000483,0.15239787288140894,10,0.25,ratio,0.2,0.026907022069264416,0.025169214470388165,0.125,3
he_jitter,erm,True,0.026741852173991408,0.023491531589429942,0.0005518520564171849,0.006574302235176614,0.02882555752329002,0.028572241886000483,0.15239787288140894,10,0.25,design,0.02,0.026907022069264416,0.025169214470388165,0.125,
he_jitter,erm,True,0.026741852173991408,0.023491531589429942,0.0005518520564171849,0.006574302235176614,0.02882555752329002,0.028572241886000483,0.15239787288140894,10,0.25,design,0.05,0.026907022069264416,0.025169214470388165,0.125,8
he_jitter,erm,True,0.026741852173991408,0.023491531589429942,0.0005518520564171849,0.006574302235176614,0.02882555752329002,0.028572241886000483,0.15239787288140894,10,0.25,design,0.1,0.026907022069264416,0.025169214470388165,0.125,3
he_jitter,erm,True,0.026741852173991408,0.023491531589429942,0.0005518520564171849,0.006574302235176614,0.02882555752329002,0.028572241886000483,0.15239787288140894,10,0.25,design,0.2,0.026907022069264416,0.025169214470388165,0.125,3
he_jitter,erm,True,0.026741852173991408,0.023491531589429942,0.0005518520564171849,0.006574302235176614,0.02882555752329002,0.028572241886000483,0.15239787288140894,10,0.5,ratio,0.02,0.029062905499540062,0.025169214470388165,0.25,27
he_jitter,erm,True,0.026741852173991408,0.023491531589429942,0.0005518520564171849,0.006574302235176614,0.02882555752329002,0.028572241886000483,0.15239787288140894,10,0.5,ratio,0.05,0.029062905499540062,0.025169214470388165,0.25,7
he_jitter,erm,True,0.026741852173991408,0.023491531589429942,0.0005518520564171849,0.006574302235176614,0.02882555752329002,0.028572241886000483,0.15239787288140894,10,0.5,ratio,0.1,0.029062905499540062,0.025169214470388165,0.25,4
he_jitter,erm,True,0.026741852173991408,0.023491531589429942,0.0005518520564171849,0.006574302235176614,0.02882555752329002,0.028572241886000483,0.15239787288140894,10,0.5,ratio,0.2,0.029062905499540062,0.025169214470388165,0.25,3
he_jitter,erm,True,0.026741852173991408,0.023491531589429942,0.0005518520564171849,0.006574302235176614,0.02882555752329002,0.028572241886000483,0.15239787288140894,10,0.5,design,0.02,0.029062905499540062,0.025169214470388165,0.25,
he_jitter,erm,True,0.026741852173991408,0.023491531589429942,0.0005518520564171849,0.006574302235176614,0.02882555752329002,0.028572241886000483,0.15239787288140894,10,0.5,design,0.05,0.029062905499540062,0.025169214470388165,0.25,
he_jitter,erm,True,0.026741852173991408,0.023491531589429942,0.0005518520564171849,0.006574302235176614,0.02882555752329002,0.028572241886000483,0.15239787288140894,10,0.5,design,0.1,0.029062905499540062,0.025169214470388165,0.25,4
he_jitter,erm,True,0.026741852173991408,0.023491531589429942,0.0005518520564171849,0.006574302235176614,0.02882555752329002,0.028572241886000483,0.15239787288140894,10,0.5,design,0.2,0.029062905499540062,0.025169214470388165,0.25,3
irm,erm,True,0.017152837336017038,0.013207788101796306,0.00017444566654195205,0.01850722522024174,0.02882555752329002,0.024471837092248303,0.538500199135546,1,0.0,none,0.02,0.02780856841355721,0.02780856841355721,0.0,18
irm,erm,True,0.017152837336017038,0.013207788101796306,0.00017444566654195205,0.01850722522024174,0.02882555752329002,0.024471837092248303,0.538500199135546,1,0.0,none,0.05,0.02780856841355721,0.02780856841355721,0.0,5
irm,erm,True,0.017152837336017038,0.013207788101796306,0.00017444566654195205,0.01850722522024174,0.02882555752329002,0.024471837092248303,0.538500199135546,1,0.0,none,0.1,0.02780856841355721,0.02780856841355721,0.0,3
irm,erm,True,0.017152837336017038,0.013207788101796306,0.00017444566654195205,0.01850722522024174,0.02882555752329002,0.024471837092248303,0.538500199135546,1,0.0,none,0.2,0.02780856841355721,0.02780856841355721,0.0,3
irm,erm,True,0.017152837336017038,0.013207788101796306,0.00017444566654195205,0.01850722522024174,0.02882555752329002,0.024471837092248303,0.538500199135546,1,0.25,ratio,0.02,0.02972861012005567,0.02780856841355721,0.125,24
irm,erm,True,0.017152837336017038,0.013207788101796306,0.00017444566654195205,0.01850722522024174,0.02882555752329002,0.024471837092248303,0.538500199135546,1,0.25,ratio,0.05,0.02972861012005567,0.02780856841355721,0.125,6
irm,erm,True,0.017152837336017038,0.013207788101796306,0.00017444566654195205,0.01850722522024174,0.02882555752329002,0.024471837092248303,0.538500199135546,1,0.25,ratio,0.1,0.02972861012005567,0.02780856841355721,0.125,4
irm,erm,True,0.017152837336017038,0.013207788101796306,0.00017444566654195205,0.01850722522024174,0.02882555752329002,0.024471837092248303,0.538500199135546,1,0.25,ratio,0.2,0.02972861012005567,0.02780856841355721,0.125,3
irm,erm,True,0.017152837336017038,0.013207788101796306,0.00017444566654195205,0.01850722522024174,0.02882555752329002,0.024471837092248303,0.538500199135546,1,0.25,design,0.02,0.02972861012005567,0.02780856841355721,0.125,
irm,erm,True,0.017152837336017038,0.013207788101796306,0.00017444566654195205,0.01850722522024174,0.02882555752329002,0.024471837092248303,0.538500199135546,1,0.25,design,0.05,0.02972861012005567,0.02780856841355721,0.125,12
irm,erm,True,0.017152837336017038,0.013207788101796306,0.00017444566654195205,0.01850722522024174,0.02882555752329002,0.024471837092248303,0.538500199135546,1,0.25,design,0.1,0.02972861012005567,0.02780856841355721,0.125,4
irm,erm,True,0.017152837336017038,0.013207788101796306,0.00017444566654195205,0.01850722522024174,0.02882555752329002,0.024471837092248303,0.538500199135546,1,0.25,design,0.2,0.02972861012005567,0.02780856841355721,0.125,3
irm,erm,True,0.017152837336017038,0.013207788101796306,0.00017444566654195205,0.01850722522024174,0.02882555752329002,0.024471837092248303,0.538500199135546,1,0.5,ratio,0.02,0.03211056891869076,0.02780856841355721,0.25,33
irm,erm,True,0.017152837336017038,0.013207788101796306,0.00017444566654195205,0.01850722522024174,0.02882555752329002,0.024471837092248303,0.538500199135546,1,0.5,ratio,0.05,0.03211056891869076,0.02780856841355721,0.25,8
irm,erm,True,0.017152837336017038,0.013207788101796306,0.00017444566654195205,0.01850722522024174,0.02882555752329002,0.024471837092248303,0.538500199135546,1,0.5,ratio,0.1,0.03211056891869076,0.02780856841355721,0.25,4
irm,erm,True,0.017152837336017038,0.013207788101796306,0.00017444566654195205,0.01850722522024174,0.02882555752329002,0.024471837092248303,0.538500199135546,1,0.5,ratio,0.2,0.03211056891869076,0.02780856841355721,0.25,3
irm,erm,True,0.017152837336017038,0.013207788101796306,0.00017444566654195205,0.01850722522024174,0.02882555752329002,0.024471837092248303,0.538500199135546,1,0.5,design,0.02,0.03211056891869076,0.02780856841355721,0.25,
irm,erm,True,0.017152837336017038,0.013207788101796306,0.00017444566654195205,0.01850722522024174,0.02882555752329002,0.024471837092248303,0.538500199135546,1,0.5,design,0.05,0.03211056891869076,0.02780856841355721,0.25,
irm,erm,True,0.017152837336017038,0.013207788101796306,0.00017444566654195205,0.01850722522024174,0.02882555752329002,0.024471837092248303,0.538500199135546,1,0.5,design,0.1,0.03211056891869076,0.02780856841355721,0.25,4
irm,erm,True,0.017152837336017038,0.013207788101796306,0.00017444566654195205,0.01850722522024174,0.02882555752329002,0.024471837092248303,0.538500199135546,1,0.5,design,0.2,0.03211056891869076,0.02780856841355721,0.25,3
irm,erm,True,0.017152837336017038,0.013207788101796306,0.00017444566654195205,0.01850722522024174,0.02882555752329002,0.024471837092248303,0.538500199135546,3,0.0,none,0.02,0.019340870458654784,0.019340870458654784,0.0,10
irm,erm,True,0.017152837336017038,0.013207788101796306,0.00017444566654195205,0.01850722522024174,0.02882555752329002,0.024471837092248303,0.538500199135546,3,0.0,none,0.05,0.019340870458654784,0.019340870458654784,0.0,4
irm,erm,True,0.017152837336017038,0.013207788101796306,0.00017444566654195205,0.01850722522024174,0.02882555752329002,0.024471837092248303,0.538500199135546,3,0.0,none,0.1,0.019340870458654784,0.019340870458654784,0.0,3
irm,erm,True,0.017152837336017038,0.013207788101796306,0.00017444566654195205,0.01850722522024174,0.02882555752329002,0.024471837092248303,0.538500199135546,3,0.0,none,0.2,0.019340870458654784,0.019340870458654784,0.0,3
irm,erm,True,0.017152837336017038,0.013207788101796306,0.00017444566654195205,0.01850722522024174,0.02882555752329002,0.024471837092248303,0.538500199135546,3,0.25,ratio,0.02,0.020676260233789594,0.019340870458654784,0.125,13
irm,erm,True,0.017152837336017038,0.013207788101796306,0.00017444566654195205,0.01850722522024174,0.02882555752329002,0.024471837092248303,0.538500199135546,3,0.25,ratio,0.05,0.020676260233789594,0.019340870458654784,0.125,4
irm,erm,True,0.017152837336017038,0.013207788101796306,0.00017444566654195205,0.01850722522024174,0.02882555752329002,0.024471837092248303,0.538500199135546,3,0.25,ratio,0.1,0.020676260233789594,0.019340870458654784,0.125,3
irm,erm,True,0.017152837336017038,0.013207788101796306,0.00017444566654195205,0.01850722522024174,0.02882555752329002,0.024471837092248303,0.538500199135546,3,0.25,ratio,0.2,0.020676260233789594,0.019340870458654784,0.125,3
irm,erm,True,0.017152837336017038,0.013207788101796306,0.00017444566654195205,0.01850722522024174,0.02882555752329002,0.024471837092248303,0.538500199135546,3,0.25,design,0.02,0.020676260233789594,0.019340870458654784,0.125,
irm,erm,True,0.017152837336017038,0.013207788101796306,0.00017444566654195205,0.01850722522024174,0.02882555752329002,0.024471837092248303,0.538500199135546,3,0.25,design,0.05,0.020676260233789594,0.019340870458654784,0.125,5
irm,erm,True,0.017152837336017038,0.013207788101796306,0.00017444566654195205,0.01850722522024174,0.02882555752329002,0.024471837092248303,0.538500199135546,3,0.25,design,0.1,0.020676260233789594,0.019340870458654784,0.125,3
irm,erm,True,0.017152837336017038,0.013207788101796306,0.00017444566654195205,0.01850722522024174,0.02882555752329002,0.024471837092248303,0.538500199135546,3,0.25,design,0.2,0.020676260233789594,0.019340870458654784,0.125,3
irm,erm,True,0.017152837336017038,0.013207788101796306,0.00017444566654195205,0.01850722522024174,0.02882555752329002,0.024471837092248303,0.538500199135546,3,0.5,ratio,0.02,0.02233291353133204,0.019340870458654784,0.25,17
irm,erm,True,0.017152837336017038,0.013207788101796306,0.00017444566654195205,0.01850722522024174,0.02882555752329002,0.024471837092248303,0.538500199135546,3,0.5,ratio,0.05,0.02233291353133204,0.019340870458654784,0.25,5
irm,erm,True,0.017152837336017038,0.013207788101796306,0.00017444566654195205,0.01850722522024174,0.02882555752329002,0.024471837092248303,0.538500199135546,3,0.5,ratio,0.1,0.02233291353133204,0.019340870458654784,0.25,3
irm,erm,True,0.017152837336017038,0.013207788101796306,0.00017444566654195205,0.01850722522024174,0.02882555752329002,0.024471837092248303,0.538500199135546,3,0.5,ratio,0.2,0.02233291353133204,0.019340870458654784,0.25,3
irm,erm,True,0.017152837336017038,0.013207788101796306,0.00017444566654195205,0.01850722522024174,0.02882555752329002,0.024471837092248303,0.538500199135546,3,0.5,design,0.02,0.02233291353133204,0.019340870458654784,0.25,
irm,erm,True,0.017152837336017038,0.013207788101796306,0.00017444566654195205,0.01850722522024174,0.02882555752329002,0.024471837092248303,0.538500199135546,3,0.5,design,0.05,0.02233291353133204,0.019340870458654784,0.25,10
irm,erm,True,0.017152837336017038,0.013207788101796306,0.00017444566654195205,0.01850722522024174,0.02882555752329002,0.024471837092248303,0.538500199135546,3,0.5,design,0.1,0.02233291353133204,0.019340870458654784,0.25,3
irm,erm,True,0.017152837336017038,0.013207788101796306,0.00017444566654195205,0.01850722522024174,0.02882555752329002,0.024471837092248303,0.538500199135546,3,0.5,design,0.2,0.02233291353133204,0.019340870458654784,0.25,3
irm,erm,True,0.017152837336017038,0.013207788101796306,0.00017444566654195205,0.01850722522024174,0.02882555752329002,0.024471837092248303,0.538500199135546,5,0.0,none,0.02,0.017152837336017034,0.017152837336017034,0.0,8
irm,erm,True,0.017152837336017038,0.013207788101796306,0.00017444566654195205,0.01850722522024174,0.02882555752329002,0.024471837092248303,0.538500199135546,5,0.0,none,0.05,0.017152837336017034,0.017152837336017034,0.0,4
irm,erm,True,0.017152837336017038,0.013207788101796306,0.00017444566654195205,0.01850722522024174,0.02882555752329002,0.024471837092248303,0.538500199135546,5,0.0,none,0.1,0.017152837336017034,0.017152837336017034,0.0,3
irm,erm,True,0.017152837336017038,0.013207788101796306,0.00017444566654195205,0.01850722522024174,0.02882555752329002,0.024471837092248303,0.538500199135546,5,0.0,none,0.2,0.017152837336017034,0.017152837336017034,0.0,2
irm,erm,True,0.017152837336017038,0.013207788101796306,0.00017444566654195205,0.01850722522024174,0.02882555752329002,0.024471837092248303,0.538500199135546,5,0.25,ratio,0.02,0.018337154434982853,0.017152837336017034,0.125,11
irm,erm,True,0.017152837336017038,0.013207788101796306,0.00017444566654195205,0.01850722522024174,0.02882555752329002,0.024471837092248303,0.538500199135546,5,0.25,ratio,0.05,0.018337154434982853,0.017152837336017034,0.125,4
irm,erm,True,0.017152837336017038,0.013207788101796306,0.00017444566654195205,0.01850722522024174,0.02882555752329002,0.024471837092248303,0.538500199135546,5,0.25,ratio,0.1,0.018337154434982853,0.017152837336017034,0.125,3
irm,erm,True,0.017152837336017038,0.013207788101796306,0.00017444566654195205,0.01850722522024174,0.02882555752329002,0.024471837092248303,0.538500199135546,5,0.25,ratio,0.2,0.018337154434982853,0.017152837336017034,0.125,3
irm,erm,True,0.017152837336017038,0.013207788101796306,0.00017444566654195205,0.01850722522024174,0.02882555752329002,0.024471837092248303,0.538500199135546,5,0.25,design,0.02,0.018337154434982853,0.017152837336017034,0.125,
irm,erm,True,0.017152837336017038,0.013207788101796306,0.00017444566654195205,0.01850722522024174,0.02882555752329002,0.024471837092248303,0.538500199135546,5,0.25,design,0.05,0.018337154434982853,0.017152837336017034,0.125,4
irm,erm,True,0.017152837336017038,0.013207788101796306,0.00017444566654195205,0.01850722522024174,0.02882555752329002,0.024471837092248303,0.538500199135546,5,0.25,design,0.1,0.018337154434982853,0.017152837336017034,0.125,3
irm,erm,True,0.017152837336017038,0.013207788101796306,0.00017444566654195205,0.01850722522024174,0.02882555752329002,0.024471837092248303,0.538500199135546,5,0.25,design,0.2,0.018337154434982853,0.017152837336017034,0.125,3
irm,erm,True,0.017152837336017038,0.013207788101796306,0.00017444566654195205,0.01850722522024174,0.02882555752329002,0.024471837092248303,0.538500199135546,5,0.5,ratio,0.02,0.0198063905066306,0.017152837336017034,0.25,14
irm,erm,True,0.017152837336017038,0.013207788101796306,0.00017444566654195205,0.01850722522024174,0.02882555752329002,0.024471837092248303,0.538500199135546,5,0.5,ratio,0.05,0.0198063905066306,0.017152837336017034,0.25,5
irm,erm,True,0.017152837336017038,0.013207788101796306,0.00017444566654195205,0.01850722522024174,0.02882555752329002,0.024471837092248303,0.538500199135546,5,0.5,ratio,0.1,0.0198063905066306,0.017152837336017034,0.25,3
irm,erm,True,0.017152837336017038,0.013207788101796306,0.00017444566654195205,0.01850722522024174,0.02882555752329002,0.024471837092248303,0.538500199135546,5,0.5,ratio,0.2,0.0198063905066306,0.017152837336017034,0.25,3
irm,erm,True,0.017152837336017038,0.013207788101796306,0.00017444566654195205,0.01850722522024174,0.02882555752329002,0.024471837092248303,0.538500199135546,5,0.5,design,0.02,0.0198063905066306,0.017152837336017034,0.25,
irm,erm,True,0.017152837336017038,0.013207788101796306,0.00017444566654195205,0.01850722522024174,0.02882555752329002,0.024471837092248303,0.538500199135546,5,0.5,design,0.05,0.0198063905066306,0.017152837336017034,0.25,6
irm,erm,True,0.017152837336017038,0.013207788101796306,0.00017444566654195205,0.01850722522024174,0.02882555752329002,0.024471837092248303,0.538500199135546,5,0.5,design,0.1,0.0198063905066306,0.017152837336017034,0.25,3
irm,erm,True,0.017152837336017038,0.013207788101796306,0.00017444566654195205,0.01850722522024174,0.02882555752329002,0.024471837092248303,0.538500199135546,5,0.5,design,0.2,0.0198063905066306,0.017152837336017034,0.25,3
irm,erm,True,0.017152837336017038,0.013207788101796306,0.00017444566654195205,0.01850722522024174,0.02882555752329002,0.024471837092248303,0.538500199135546,10,0.0,none,0.02,0.015307930872881091,0.015307930872881091,0.0,7
irm,erm,True,0.017152837336017038,0.013207788101796306,0.00017444566654195205,0.01850722522024174,0.02882555752329002,0.024471837092248303,0.538500199135546,10,0.0,none,0.05,0.015307930872881091,0.015307930872881091,0.0,3
irm,erm,True,0.017152837336017038,0.013207788101796306,0.00017444566654195205,0.01850722522024174,0.02882555752329002,0.024471837092248303,0.538500199135546,10,0.0,none,0.1,0.015307930872881091,0.015307930872881091,0.0,3
irm,erm,True,0.017152837336017038,0.013207788101796306,0.00017444566654195205,0.01850722522024174,0.02882555752329002,0.024471837092248303,0.538500199135546,10,0.0,none,0.2,0.015307930872881091,0.015307930872881091,0.0,2
irm,erm,True,0.017152837336017038,0.013207788101796306,0.00017444566654195205,0.01850722522024174,0.02882555752329002,0.024471837092248303,0.538500199135546,10,0.25,ratio,0.02,0.01636486646478297,0.015307930872881091,0.125,9
irm,erm,True,0.017152837336017038,0.013207788101796306,0.00017444566654195205,0.01850722522024174,0.02882555752329002,0.024471837092248303,0.538500199135546,10,0.25,ratio,0.05,0.01636486646478297,0.015307930872881091,0.125,4
irm,erm,True,0.017152837336017038,0.013207788101796306,0.00017444566654195205,0.01850722522024174,0.02882555752329002,0.024471837092248303,0.538500199135546,10,0.25,ratio,0.1,0.01636486646478297,0.015307930872881091,0.125,3
irm,erm,True,0.017152837336017038,0.013207788101796306,0.00017444566654195205,0.01850722522024174,0.02882555752329002,0.024471837092248303,0.538500199135546,10,0.25,ratio,0.2,0.01636486646478297,0.015307930872881091,0.125,3
irm,erm,True,0.017152837336017038,0.013207788101796306,0.00017444566654195205,0.01850722522024174,0.02882555752329002,0.024471837092248303,0.538500199135546,10,0.25,design,0.02,0.01636486646478297,0.015307930872881091,0.125,
irm,erm,True,0.017152837336017038,0.013207788101796306,0.00017444566654195205,0.01850722522024174,0.02882555752329002,0.024471837092248303,0.538500199135546,10,0.25,design,0.05,0.01636486646478297,0.015307930872881091,0.125,4
irm,erm,True,0.017152837336017038,0.013207788101796306,0.00017444566654195205,0.01850722522024174,0.02882555752329002,0.024471837092248303,0.538500199135546,10,0.25,design,0.1,0.01636486646478297,0.015307930872881091,0.125,3
irm,erm,True,0.017152837336017038,0.013207788101796306,0.00017444566654195205,0.01850722522024174,0.02882555752329002,0.024471837092248303,0.538500199135546,10,0.25,design,0.2,0.01636486646478297,0.015307930872881091,0.125,2
irm,erm,True,0.017152837336017038,0.013207788101796306,0.00017444566654195205,0.01850722522024174,0.02882555752329002,0.024471837092248303,0.538500199135546,10,0.5,ratio,0.02,0.017676076020388162,0.015307930872881091,0.25,12
irm,erm,True,0.017152837336017038,0.013207788101796306,0.00017444566654195205,0.01850722522024174,0.02882555752329002,0.024471837092248303,0.538500199135546,10,0.5,ratio,0.05,0.017676076020388162,0.015307930872881091,0.25,4
irm,erm,True,0.017152837336017038,0.013207788101796306,0.00017444566654195205,0.01850722522024174,0.02882555752329002,0.024471837092248303,0.538500199135546,10,0.5,ratio,0.1,0.017676076020388162,0.015307930872881091,0.25,3
irm,erm,True,0.017152837336017038,0.013207788101796306,0.00017444566654195205,0.01850722522024174,0.02882555752329002,0.024471837092248303,0.538500199135546,10,0.5,ratio,0.2,0.017676076020388162,0.015307930872881091,0.25,3
irm,erm,True,0.017152837336017038,0.013207788101796306,0.00017444566654195205,0.01850722522024174,0.02882555752329002,0.024471837092248303,0.538500199135546,10,0.5,design,0.02,0.017676076020388162,0.015307930872881091,0.25,
irm,erm,True,0.017152837336017038,0.013207788101796306,0.00017444566654195205,0.01850722522024174,0.02882555752329002,0.024471837092248303,0.538500199135546,10,0.5,design,0.05,0.017676076020388162,0.015307930872881091,0.25,5
irm,erm,True,0.017152837336017038,0.013207788101796306,0.00017444566654195205,0.01850722522024174,0.02882555752329002,0.024471837092248303,0.538500199135546,10,0.5,design,0.1,0.017676076020388162,0.015307930872881091,0.25,3
irm,erm,True,0.017152837336017038,0.013207788101796306,0.00017444566654195205,0.01850722522024174,0.02882555752329002,0.024471837092248303,0.538500199135546,10,0.5,design,0.2,0.017676076020388162,0.015307930872881091,0.25,3
lisa,erm,True,0.027835200482530163,0.01742721786175847,0.0003037079224011934,0.03687764970207198,0.02882555752329002,0.0485330023541432,-0.07741090818273616,1,0.0,none,0.02,0.05156704606537457,0.05156704606537457,0.0,55
lisa,erm,True,0.027835200482530163,0.01742721786175847,0.0003037079224011934,0.03687764970207198,0.02882555752329002,0.0485330023541432,-0.07741090818273616,1,0.0,none,0.05,0.05156704606537457,0.05156704606537457,0.0,11
lisa,erm,True,0.027835200482530163,0.01742721786175847,0.0003037079224011934,0.03687764970207198,0.02882555752329002,0.0485330023541432,-0.07741090818273616,1,0.0,none,0.1,0.05156704606537457,0.05156704606537457,0.0,5
lisa,erm,True,0.027835200482530163,0.01742721786175847,0.0003037079224011934,0.03687764970207198,0.02882555752329002,0.0485330023541432,-0.07741090818273616,1,0.0,none,0.2,0.05156704606537457,0.05156704606537457,0.0,3
lisa,erm,True,0.027835200482530163,0.01742721786175847,0.0003037079224011934,0.03687764970207198,0.02882555752329002,0.0485330023541432,-0.07741090818273616,1,0.25,ratio,0.02,0.05512749109274882,0.05156704606537457,0.125,77
lisa,erm,True,0.027835200482530163,0.01742721786175847,0.0003037079224011934,0.03687764970207198,0.02882555752329002,0.0485330023541432,-0.07741090818273616,1,0.25,ratio,0.05,0.05512749109274882,0.05156704606537457,0.125,14
lisa,erm,True,0.027835200482530163,0.01742721786175847,0.0003037079224011934,0.03687764970207198,0.02882555752329002,0.0485330023541432,-0.07741090818273616,1,0.25,ratio,0.1,0.05512749109274882,0.05156704606537457,0.125,6
lisa,erm,True,0.027835200482530163,0.01742721786175847,0.0003037079224011934,0.03687764970207198,0.02882555752329002,0.0485330023541432,-0.07741090818273616,1,0.25,ratio,0.2,0.05512749109274882,0.05156704606537457,0.125,4
lisa,erm,True,0.027835200482530163,0.01742721786175847,0.0003037079224011934,0.03687764970207198,0.02882555752329002,0.0485330023541432,-0.07741090818273616,1,0.25,design,0.02,0.05512749109274882,0.05156704606537457,0.125,
lisa,erm,True,0.027835200482530163,0.01742721786175847,0.0003037079224011934,0.03687764970207198,0.02882555752329002,0.0485330023541432,-0.07741090818273616,1,0.25,design,0.05,0.05512749109274882,0.05156704606537457,0.125,
lisa,erm,True,0.027835200482530163,0.01742721786175847,0.0003037079224011934,0.03687764970207198,0.02882555752329002,0.0485330023541432,-0.07741090818273616,1,0.25,design,0.1,0.05512749109274882,0.05156704606537457,0.125,9
lisa,erm,True,0.027835200482530163,0.01742721786175847,0.0003037079224011934,0.03687764970207198,0.02882555752329002,0.0485330023541432,-0.07741090818273616,1,0.25,design,0.2,0.05512749109274882,0.05156704606537457,0.125,4
lisa,erm,True,0.027835200482530163,0.01742721786175847,0.0003037079224011934,0.03687764970207198,0.02882555752329002,0.0485330023541432,-0.07741090818273616,1,0.5,ratio,0.02,0.059544495854315684,0.05156704606537457,0.25,107
lisa,erm,True,0.027835200482530163,0.01742721786175847,0.0003037079224011934,0.03687764970207198,0.02882555752329002,0.0485330023541432,-0.07741090818273616,1,0.5,ratio,0.05,0.059544495854315684,0.05156704606537457,0.25,19
lisa,erm,True,0.027835200482530163,0.01742721786175847,0.0003037079224011934,0.03687764970207198,0.02882555752329002,0.0485330023541432,-0.07741090818273616,1,0.5,ratio,0.1,0.059544495854315684,0.05156704606537457,0.25,7
lisa,erm,True,0.027835200482530163,0.01742721786175847,0.0003037079224011934,0.03687764970207198,0.02882555752329002,0.0485330023541432,-0.07741090818273616,1,0.5,ratio,0.2,0.059544495854315684,0.05156704606537457,0.25,4
lisa,erm,True,0.027835200482530163,0.01742721786175847,0.0003037079224011934,0.03687764970207198,0.02882555752329002,0.0485330023541432,-0.07741090818273616,1,0.5,design,0.02,0.059544495854315684,0.05156704606537457,0.25,
lisa,erm,True,0.027835200482530163,0.01742721786175847,0.0003037079224011934,0.03687764970207198,0.02882555752329002,0.0485330023541432,-0.07741090818273616,1,0.5,design,0.05,0.059544495854315684,0.05156704606537457,0.25,
lisa,erm,True,0.027835200482530163,0.01742721786175847,0.0003037079224011934,0.03687764970207198,0.02882555752329002,0.0485330023541432,-0.07741090818273616,1,0.5,design,0.1,0.059544495854315684,0.05156704606537457,0.25,
lisa,erm,True,0.027835200482530163,0.01742721786175847,0.0003037079224011934,0.03687764970207198,0.02882555752329002,0.0485330023541432,-0.07741090818273616,1,0.5,design,0.2,0.059544495854315684,0.05156704606537457,0.25,4
lisa,erm,True,0.027835200482530163,0.01742721786175847,0.0003037079224011934,0.03687764970207198,0.02882555752329002,0.0485330023541432,-0.07741090818273616,3,0.0,none,0.02,0.0329978589442348,0.0329978589442348,0.0,24
lisa,erm,True,0.027835200482530163,0.01742721786175847,0.0003037079224011934,0.03687764970207198,0.02882555752329002,0.0485330023541432,-0.07741090818273616,3,0.0,none,0.05,0.0329978589442348,0.0329978589442348,0.0,6
lisa,erm,True,0.027835200482530163,0.01742721786175847,0.0003037079224011934,0.03687764970207198,0.02882555752329002,0.0485330023541432,-0.07741090818273616,3,0.0,none,0.1,0.0329978589442348,0.0329978589442348,0.0,4
lisa,erm,True,0.027835200482530163,0.01742721786175847,0.0003037079224011934,0.03687764970207198,0.02882555752329002,0.0485330023541432,-0.07741090818273616,3,0.0,none,0.2,0.0329978589442348,0.0329978589442348,0.0,3
lisa,erm,True,0.027835200482530163,0.01742721786175847,0.0003037079224011934,0.03687764970207198,0.02882555752329002,0.0485330023541432,-0.07741090818273616,3,0.25,ratio,0.02,0.035276195047548774,0.0329978589442348,0.125,33
lisa,erm,True,0.027835200482530163,0.01742721786175847,0.0003037079224011934,0.03687764970207198,0.02882555752329002,0.0485330023541432,-0.07741090818273616,3,0.25,ratio,0.05,0.035276195047548774,0.0329978589442348,0.125,8
lisa,erm,True,0.027835200482530163,0.01742721786175847,0.0003037079224011934,0.03687764970207198,0.02882555752329002,0.0485330023541432,-0.07741090818273616,3,0.25,ratio,0.1,0.035276195047548774,0.0329978589442348,0.125,4
lisa,erm,True,0.027835200482530163,0.01742721786175847,0.0003037079224011934,0.03687764970207198,0.02882555752329002,0.0485330023541432,-0.07741090818273616,3,0.25,ratio,0.2,0.035276195047548774,0.0329978589442348,0.125,3
lisa,erm,True,0.027835200482530163,0.01742721786175847,0.0003037079224011934,0.03687764970207198,0.02882555752329002,0.0485330023541432,-0.07741090818273616,3,0.25,design,0.02,0.035276195047548774,0.0329978589442348,0.125,
lisa,erm,True,0.027835200482530163,0.01742721786175847,0.0003037079224011934,0.03687764970207198,0.02882555752329002,0.0485330023541432,-0.07741090818273616,3,0.25,design,0.05,0.035276195047548774,0.0329978589442348,0.125,167
lisa,erm,True,0.027835200482530163,0.01742721786175847,0.0003037079224011934,0.03687764970207198,0.02882555752329002,0.0485330023541432,-0.07741090818273616,3,0.25,design,0.1,0.035276195047548774,0.0329978589442348,0.125,4
lisa,erm,True,0.027835200482530163,0.01742721786175847,0.0003037079224011934,0.03687764970207198,0.02882555752329002,0.0485330023541432,-0.07741090818273616,3,0.25,design,0.2,0.035276195047548774,0.0329978589442348,0.125,3
lisa,erm,True,0.027835200482530163,0.01742721786175847,0.0003037079224011934,0.03687764970207198,0.02882555752329002,0.0485330023541432,-0.07741090818273616,3,0.5,ratio,0.02,0.038102645488270526,0.0329978589442348,0.25,45
lisa,erm,True,0.027835200482530163,0.01742721786175847,0.0003037079224011934,0.03687764970207198,0.02882555752329002,0.0485330023541432,-0.07741090818273616,3,0.5,ratio,0.05,0.038102645488270526,0.0329978589442348,0.25,9
lisa,erm,True,0.027835200482530163,0.01742721786175847,0.0003037079224011934,0.03687764970207198,0.02882555752329002,0.0485330023541432,-0.07741090818273616,3,0.5,ratio,0.1,0.038102645488270526,0.0329978589442348,0.25,4
lisa,erm,True,0.027835200482530163,0.01742721786175847,0.0003037079224011934,0.03687764970207198,0.02882555752329002,0.0485330023541432,-0.07741090818273616,3,0.5,ratio,0.2,0.038102645488270526,0.0329978589442348,0.25,3
lisa,erm,True,0.027835200482530163,0.01742721786175847,0.0003037079224011934,0.03687764970207198,0.02882555752329002,0.0485330023541432,-0.07741090818273616,3,0.5,design,0.02,0.038102645488270526,0.0329978589442348,0.25,
lisa,erm,True,0.027835200482530163,0.01742721786175847,0.0003037079224011934,0.03687764970207198,0.02882555752329002,0.0485330023541432,-0.07741090818273616,3,0.5,design,0.05,0.038102645488270526,0.0329978589442348,0.25,
lisa,erm,True,0.027835200482530163,0.01742721786175847,0.0003037079224011934,0.03687764970207198,0.02882555752329002,0.0485330023541432,-0.07741090818273616,3,0.5,design,0.1,0.038102645488270526,0.0329978589442348,0.25,6
lisa,erm,True,0.027835200482530163,0.01742721786175847,0.0003037079224011934,0.03687764970207198,0.02882555752329002,0.0485330023541432,-0.07741090818273616,3,0.5,design,0.2,0.038102645488270526,0.0329978589442348,0.25,3
lisa,erm,True,0.027835200482530163,0.01742721786175847,0.0003037079224011934,0.03687764970207198,0.02882555752329002,0.0485330023541432,-0.07741090818273616,5,0.0,none,0.02,0.027835200482530163,0.027835200482530163,0.0,18
lisa,erm,True,0.027835200482530163,0.01742721786175847,0.0003037079224011934,0.03687764970207198,0.02882555752329002,0.0485330023541432,-0.07741090818273616,5,0.0,none,0.05,0.027835200482530163,0.027835200482530163,0.0,5
lisa,erm,True,0.027835200482530163,0.01742721786175847,0.0003037079224011934,0.03687764970207198,0.02882555752329002,0.0485330023541432,-0.07741090818273616,5,0.0,none,0.1,0.027835200482530163,0.027835200482530163,0.0,3
lisa,erm,True,0.027835200482530163,0.01742721786175847,0.0003037079224011934,0.03687764970207198,0.02882555752329002,0.0485330023541432,-0.07741090818273616,5,0.0,none,0.2,0.027835200482530163,0.027835200482530163,0.0,3
lisa,erm,True,0.027835200482530163,0.01742721786175847,0.0003037079224011934,0.03687764970207198,0.02882555752329002,0.0485330023541432,-0.07741090818273616,5,0.25,ratio,0.02,0.029757080999369304,0.027835200482530163,0.125,24
lisa,erm,True,0.027835200482530163,0.01742721786175847,0.0003037079224011934,0.03687764970207198,0.02882555752329002,0.0485330023541432,-0.07741090818273616,5,0.25,ratio,0.05,0.029757080999369304,0.027835200482530163,0.125,6
lisa,erm,True,0.027835200482530163,0.01742721786175847,0.0003037079224011934,0.03687764970207198,0.02882555752329002,0.0485330023541432,-0.07741090818273616,5,0.25,ratio,0.1,0.029757080999369304,0.027835200482530163,0.125,4
lisa,erm,True,0.027835200482530163,0.01742721786175847,0.0003037079224011934,0.03687764970207198,0.02882555752329002,0.0485330023541432,-0.07741090818273616,5,0.25,ratio,0.2,0.029757080999369304,0.027835200482530163,0.125,3
lisa,erm,True,0.027835200482530163,0.01742721786175847,0.0003037079224011934,0.03687764970207198,0.02882555752329002,0.0485330023541432,-0.07741090818273616,5,0.25,design,0.02,0.029757080999369304,0.027835200482530163,0.125,
lisa,erm,True,0.027835200482530163,0.01742721786175847,0.0003037079224011934,0.03687764970207198,0.02882555752329002,0.0485330023541432,-0.07741090818273616,5,0.25,design,0.05,0.029757080999369304,0.027835200482530163,0.125,12
lisa,erm,True,0.027835200482530163,0.01742721786175847,0.0003037079224011934,0.03687764970207198,0.02882555752329002,0.0485330023541432,-0.07741090818273616,5,0.25,design,0.1,0.029757080999369304,0.027835200482530163,0.125,4
lisa,erm,True,0.027835200482530163,0.01742721786175847,0.0003037079224011934,0.03687764970207198,0.02882555752329002,0.0485330023541432,-0.07741090818273616,5,0.25,design,0.2,0.029757080999369304,0.027835200482530163,0.125,3
lisa,erm,True,0.027835200482530163,0.01742721786175847,0.0003037079224011934,0.03687764970207198,0.02882555752329002,0.0485330023541432,-0.07741090818273616,5,0.5,ratio,0.02,0.032141320983071986,0.027835200482530163,0.25,33
lisa,erm,True,0.027835200482530163,0.01742721786175847,0.0003037079224011934,0.03687764970207198,0.02882555752329002,0.0485330023541432,-0.07741090818273616,5,0.5,ratio,0.05,0.032141320983071986,0.027835200482530163,0.25,8
lisa,erm,True,0.027835200482530163,0.01742721786175847,0.0003037079224011934,0.03687764970207198,0.02882555752329002,0.0485330023541432,-0.07741090818273616,5,0.5,ratio,0.1,0.032141320983071986,0.027835200482530163,0.25,4
lisa,erm,True,0.027835200482530163,0.01742721786175847,0.0003037079224011934,0.03687764970207198,0.02882555752329002,0.0485330023541432,-0.07741090818273616,5,0.5,ratio,0.2,0.032141320983071986,0.027835200482530163,0.25,3
lisa,erm,True,0.027835200482530163,0.01742721786175847,0.0003037079224011934,0.03687764970207198,0.02882555752329002,0.0485330023541432,-0.07741090818273616,5,0.5,design,0.02,0.032141320983071986,0.027835200482530163,0.25,
lisa,erm,True,0.027835200482530163,0.01742721786175847,0.0003037079224011934,0.03687764970207198,0.02882555752329002,0.0485330023541432,-0.07741090818273616,5,0.5,design,0.05,0.032141320983071986,0.027835200482530163,0.25,
lisa,erm,True,0.027835200482530163,0.01742721786175847,0.0003037079224011934,0.03687764970207198,0.02882555752329002,0.0485330023541432,-0.07741090818273616,5,0.5,design,0.1,0.032141320983071986,0.027835200482530163,0.25,4
lisa,erm,True,0.027835200482530163,0.01742721786175847,0.0003037079224011934,0.03687764970207198,0.02882555752329002,0.0485330023541432,-0.07741090818273616,5,0.5,design,0.2,0.032141320983071986,0.027835200482530163,0.25,3
lisa,erm,True,0.027835200482530163,0.01742721786175847,0.0003037079224011934,0.03687764970207198,0.02882555752329002,0.0485330023541432,-0.07741090818273616,10,0.0,none,0.02,0.02322182495308929,0.02322182495308929,0.0,13
lisa,erm,True,0.027835200482530163,0.01742721786175847,0.0003037079224011934,0.03687764970207198,0.02882555752329002,0.0485330023541432,-0.07741090818273616,10,0.0,none,0.05,0.02322182495308929,0.02322182495308929,0.0,4
lisa,erm,True,0.027835200482530163,0.01742721786175847,0.0003037079224011934,0.03687764970207198,0.02882555752329002,0.0485330023541432,-0.07741090818273616,10,0.0,none,0.1,0.02322182495308929,0.02322182495308929,0.0,3
lisa,erm,True,0.027835200482530163,0.01742721786175847,0.0003037079224011934,0.03687764970207198,0.02882555752329002,0.0485330023541432,-0.07741090818273616,10,0.0,none,0.2,0.02322182495308929,0.02322182495308929,0.0,3
lisa,erm,True,0.027835200482530163,0.01742721786175847,0.0003037079224011934,0.03687764970207198,0.02882555752329002,0.0485330023541432,-0.07741090818273616,10,0.25,ratio,0.02,0.02482517510574228,0.02322182495308929,0.125,18
lisa,erm,True,0.027835200482530163,0.01742721786175847,0.0003037079224011934,0.03687764970207198,0.02882555752329002,0.0485330023541432,-0.07741090818273616,10,0.25,ratio,0.05,0.02482517510574228,0.02322182495308929,0.125,5
lisa,erm,True,0.027835200482530163,0.01742721786175847,0.0003037079224011934,0.03687764970207198,0.02882555752329002,0.0485330023541432,-0.07741090818273616,10,0.25,ratio,0.1,0.02482517510574228,0.02322182495308929,0.125,3
lisa,erm,True,0.027835200482530163,0.01742721786175847,0.0003037079224011934,0.03687764970207198,0.02882555752329002,0.0485330023541432,-0.07741090818273616,10,0.25,ratio,0.2,0.02482517510574228,0.02322182495308929,0.125,3
lisa,erm,True,0.027835200482530163,0.01742721786175847,0.0003037079224011934,0.03687764970207198,0.02882555752329002,0.0485330023541432,-0.07741090818273616,10,0.25,design,0.02,0.02482517510574228,0.02322182495308929,0.125,
lisa,erm,True,0.027835200482530163,0.01742721786175847,0.0003037079224011934,0.03687764970207198,0.02882555752329002,0.0485330023541432,-0.07741090818273616,10,0.25,design,0.05,0.02482517510574228,0.02322182495308929,0.125,7
lisa,erm,True,0.027835200482530163,0.01742721786175847,0.0003037079224011934,0.03687764970207198,0.02882555752329002,0.0485330023541432,-0.07741090818273616,10,0.25,design,0.1,0.02482517510574228,0.02322182495308929,0.125,3
lisa,erm,True,0.027835200482530163,0.01742721786175847,0.0003037079224011934,0.03687764970207198,0.02882555752329002,0.0485330023541432,-0.07741090818273616,10,0.25,design,0.2,0.02482517510574228,0.02322182495308929,0.125,3
lisa,erm,True,0.027835200482530163,0.01742721786175847,0.0003037079224011934,0.03687764970207198,0.02882555752329002,0.0485330023541432,-0.07741090818273616,10,0.5,ratio,0.02,0.026814253775480943,0.02322182495308929,0.25,24
lisa,erm,True,0.027835200482530163,0.01742721786175847,0.0003037079224011934,0.03687764970207198,0.02882555752329002,0.0485330023541432,-0.07741090818273616,10,0.5,ratio,0.05,0.026814253775480943,0.02322182495308929,0.25,6
lisa,erm,True,0.027835200482530163,0.01742721786175847,0.0003037079224011934,0.03687764970207198,0.02882555752329002,0.0485330023541432,-0.07741090818273616,10,0.5,ratio,0.1,0.026814253775480943,0.02322182495308929,0.25,4
lisa,erm,True,0.027835200482530163,0.01742721786175847,0.0003037079224011934,0.03687764970207198,0.02882555752329002,0.0485330023541432,-0.07741090818273616,10,0.5,ratio,0.2,0.026814253775480943,0.02322182495308929,0.25,3
lisa,erm,True,0.027835200482530163,0.01742721786175847,0.0003037079224011934,0.03687764970207198,0.02882555752329002,0.0485330023541432,-0.07741090818273616,10,0.5,design,0.02,0.026814253775480943,0.02322182495308929,0.25,
lisa,erm,True,0.027835200482530163,0.01742721786175847,0.0003037079224011934,0.03687764970207198,0.02882555752329002,0.0485330023541432,-0.07741090818273616,10,0.5,design,0.05,0.026814253775480943,0.02322182495308929,0.25,
lisa,erm,True,0.027835200482530163,0.01742721786175847,0.0003037079224011934,0.03687764970207198,0.02882555752329002,0.0485330023541432,-0.07741090818273616,10,0.5,design,0.1,0.026814253775480943,0.02322182495308929,0.25,4
lisa,erm,True,0.027835200482530163,0.01742721786175847,0.0003037079224011934,0.03687764970207198,0.02882555752329002,0.0485330023541432,-0.07741090818273616,10,0.5,design,0.2,0.026814253775480943,0.02322182495308929,0.25,3
macenko,erm,True,0.025237839056261105,0.021632783871059273,0.0004679773380119622,0.007893534786574527,0.02882555752329002,0.029066405197218335,0.10627954350068908,1,0.0,none,0.02,0.036233040848110486,0.036233040848110486,0.0,28
macenko,erm,True,0.025237839056261105,0.021632783871059273,0.0004679773380119622,0.007893534786574527,0.02882555752329002,0.029066405197218335,0.10627954350068908,1,0.0,none,0.05,0.036233040848110486,0.036233040848110486,0.0,7
macenko,erm,True,0.025237839056261105,0.021632783871059273,0.0004679773380119622,0.007893534786574527,0.02882555752329002,0.029066405197218335,0.10627954350068908,1,0.0,none,0.1,0.036233040848110486,0.036233040848110486,0.0,4
macenko,erm,True,0.025237839056261105,0.021632783871059273,0.0004679773380119622,0.007893534786574527,0.02882555752329002,0.029066405197218335,0.10627954350068908,1,0.0,none,0.2,0.036233040848110486,0.036233040848110486,0.0,3
macenko,erm,True,0.025237839056261105,0.021632783871059273,0.0004679773380119622,0.007893534786574527,0.02882555752329002,0.029066405197218335,0.10627954350068908,1,0.25,ratio,0.02,0.03873474998131844,0.036233040848110486,0.125,39
macenko,erm,True,0.025237839056261105,0.021632783871059273,0.0004679773380119622,0.007893534786574527,0.02882555752329002,0.029066405197218335,0.10627954350068908,1,0.25,ratio,0.05,0.03873474998131844,0.036233040848110486,0.125,9
macenko,erm,True,0.025237839056261105,0.021632783871059273,0.0004679773380119622,0.007893534786574527,0.02882555752329002,0.029066405197218335,0.10627954350068908,1,0.25,ratio,0.1,0.03873474998131844,0.036233040848110486,0.125,4
macenko,erm,True,0.025237839056261105,0.021632783871059273,0.0004679773380119622,0.007893534786574527,0.02882555752329002,0.029066405197218335,0.10627954350068908,1,0.25,ratio,0.2,0.03873474998131844,0.036233040848110486,0.125,3
macenko,erm,True,0.025237839056261105,0.021632783871059273,0.0004679773380119622,0.007893534786574527,0.02882555752329002,0.029066405197218335,0.10627954350068908,1,0.25,design,0.02,0.03873474998131844,0.036233040848110486,0.125,
macenko,erm,True,0.025237839056261105,0.021632783871059273,0.0004679773380119622,0.007893534786574527,0.02882555752329002,0.029066405197218335,0.10627954350068908,1,0.25,design,0.05,0.03873474998131844,0.036233040848110486,0.125,
macenko,erm,True,0.025237839056261105,0.021632783871059273,0.0004679773380119622,0.007893534786574527,0.02882555752329002,0.029066405197218335,0.10627954350068908,1,0.25,design,0.1,0.03873474998131844,0.036233040848110486,0.125,5
macenko,erm,True,0.025237839056261105,0.021632783871059273,0.0004679773380119622,0.007893534786574527,0.02882555752329002,0.029066405197218335,0.10627954350068908,1,0.25,design,0.2,0.03873474998131844,0.036233040848110486,0.125,3
macenko,erm,True,0.025237839056261105,0.021632783871059273,0.0004679773380119622,0.007893534786574527,0.02882555752329002,0.029066405197218335,0.10627954350068908,1,0.5,ratio,0.02,0.04183831177443059,0.036233040848110486,0.25,54
macenko,erm,True,0.025237839056261105,0.021632783871059273,0.0004679773380119622,0.007893534786574527,0.02882555752329002,0.029066405197218335,0.10627954350068908,1,0.5,ratio,0.05,0.04183831177443059,0.036233040848110486,0.25,11
macenko,erm,True,0.025237839056261105,0.021632783871059273,0.0004679773380119622,0.007893534786574527,0.02882555752329002,0.029066405197218335,0.10627954350068908,1,0.5,ratio,0.1,0.04183831177443059,0.036233040848110486,0.25,5
macenko,erm,True,0.025237839056261105,0.021632783871059273,0.0004679773380119622,0.007893534786574527,0.02882555752329002,0.029066405197218335,0.10627954350068908,1,0.5,ratio,0.2,0.04183831177443059,0.036233040848110486,0.25,3
macenko,erm,True,0.025237839056261105,0.021632783871059273,0.0004679773380119622,0.007893534786574527,0.02882555752329002,0.029066405197218335,0.10627954350068908,1,0.5,design,0.02,0.04183831177443059,0.036233040848110486,0.25,
macenko,erm,True,0.025237839056261105,0.021632783871059273,0.0004679773380119622,0.007893534786574527,0.02882555752329002,0.029066405197218335,0.10627954350068908,1,0.5,design,0.05,0.04183831177443059,0.036233040848110486,0.25,
macenko,erm,True,0.025237839056261105,0.021632783871059273,0.0004679773380119622,0.007893534786574527,0.02882555752329002,0.029066405197218335,0.10627954350068908,1,0.5,design,0.1,0.04183831177443059,0.036233040848110486,0.25,7
macenko,erm,True,0.025237839056261105,0.021632783871059273,0.0004679773380119622,0.007893534786574527,0.02882555752329002,0.029066405197218335,0.10627954350068908,1,0.5,design,0.2,0.04183831177443059,0.036233040848110486,0.25,3
macenko,erm,True,0.025237839056261105,0.021632783871059273,0.0004679773380119622,0.007893534786574527,0.02882555752329002,0.029066405197218335,0.10627954350068908,3,0.0,none,0.02,0.027378750428783072,0.027378750428783072,0.0,17
macenko,erm,True,0.025237839056261105,0.021632783871059273,0.0004679773380119622,0.007893534786574527,0.02882555752329002,0.029066405197218335,0.10627954350068908,3,0.0,none,0.05,0.027378750428783072,0.027378750428783072,0.0,5
macenko,erm,True,0.025237839056261105,0.021632783871059273,0.0004679773380119622,0.007893534786574527,0.02882555752329002,0.029066405197218335,0.10627954350068908,3,0.0,none,0.1,0.027378750428783072,0.027378750428783072,0.0,3
macenko,erm,True,0.025237839056261105,0.021632783871059273,0.0004679773380119622,0.007893534786574527,0.02882555752329002,0.029066405197218335,0.10627954350068908,3,0.0,none,0.2,0.027378750428783072,0.027378750428783072,0.0,3
macenko,erm,True,0.025237839056261105,0.021632783871059273,0.0004679773380119622,0.007893534786574527,0.02882555752329002,0.029066405197218335,0.10627954350068908,3,0.25,ratio,0.02,0.029269115366427543,0.027378750428783072,0.125,24
macenko,erm,True,0.025237839056261105,0.021632783871059273,0.0004679773380119622,0.007893534786574527,0.02882555752329002,0.029066405197218335,0.10627954350068908,3,0.25,ratio,0.05,0.029269115366427543,0.027378750428783072,0.125,6
macenko,erm,True,0.025237839056261105,0.021632783871059273,0.0004679773380119622,0.007893534786574527,0.02882555752329002,0.029066405197218335,0.10627954350068908,3,0.25,ratio,0.1,0.029269115366427543,0.027378750428783072,0.125,4
macenko,erm,True,0.025237839056261105,0.021632783871059273,0.0004679773380119622,0.007893534786574527,0.02882555752329002,0.029066405197218335,0.10627954350068908,3,0.25,ratio,0.2,0.029269115366427543,0.027378750428783072,0.125,3
macenko,erm,True,0.025237839056261105,0.021632783871059273,0.0004679773380119622,0.007893534786574527,0.02882555752329002,0.029066405197218335,0.10627954350068908,3,0.25,design,0.02,0.029269115366427543,0.027378750428783072,0.125,
macenko,erm,True,0.025237839056261105,0.021632783871059273,0.0004679773380119622,0.007893534786574527,0.02882555752329002,0.029066405197218335,0.10627954350068908,3,0.25,design,0.05,0.029269115366427543,0.027378750428783072,0.125,11
macenko,erm,True,0.025237839056261105,0.021632783871059273,0.0004679773380119622,0.007893534786574527,0.02882555752329002,0.029066405197218335,0.10627954350068908,3,0.25,design,0.1,0.029269115366427543,0.027378750428783072,0.125,4
macenko,erm,True,0.025237839056261105,0.021632783871059273,0.0004679773380119622,0.007893534786574527,0.02882555752329002,0.029066405197218335,0.10627954350068908,3,0.25,design,0.2,0.029269115366427543,0.027378750428783072,0.125,3
macenko,erm,True,0.025237839056261105,0.021632783871059273,0.0004679773380119622,0.007893534786574527,0.02882555752329002,0.029066405197218335,0.10627954350068908,3,0.5,ratio,0.02,0.031614257860266975,0.027378750428783072,0.25,32
macenko,erm,True,0.025237839056261105,0.021632783871059273,0.0004679773380119622,0.007893534786574527,0.02882555752329002,0.029066405197218335,0.10627954350068908,3,0.5,ratio,0.05,0.031614257860266975,0.027378750428783072,0.25,7
macenko,erm,True,0.025237839056261105,0.021632783871059273,0.0004679773380119622,0.007893534786574527,0.02882555752329002,0.029066405197218335,0.10627954350068908,3,0.5,ratio,0.1,0.031614257860266975,0.027378750428783072,0.25,4
macenko,erm,True,0.025237839056261105,0.021632783871059273,0.0004679773380119622,0.007893534786574527,0.02882555752329002,0.029066405197218335,0.10627954350068908,3,0.5,ratio,0.2,0.031614257860266975,0.027378750428783072,0.25,3
macenko,erm,True,0.025237839056261105,0.021632783871059273,0.0004679773380119622,0.007893534786574527,0.02882555752329002,0.029066405197218335,0.10627954350068908,3,0.5,design,0.02,0.031614257860266975,0.027378750428783072,0.25,
macenko,erm,True,0.025237839056261105,0.021632783871059273,0.0004679773380119622,0.007893534786574527,0.02882555752329002,0.029066405197218335,0.10627954350068908,3,0.5,design,0.05,0.031614257860266975,0.027378750428783072,0.25,
macenko,erm,True,0.025237839056261105,0.021632783871059273,0.0004679773380119622,0.007893534786574527,0.02882555752329002,0.029066405197218335,0.10627954350068908,3,0.5,design,0.1,0.031614257860266975,0.027378750428783072,0.25,4
macenko,erm,True,0.025237839056261105,0.021632783871059273,0.0004679773380119622,0.007893534786574527,0.02882555752329002,0.029066405197218335,0.10627954350068908,3,0.5,design,0.2,0.031614257860266975,0.027378750428783072,0.25,3
macenko,erm,True,0.025237839056261105,0.021632783871059273,0.0004679773380119622,0.007893534786574527,0.02882555752329002,0.029066405197218335,0.10627954350068908,5,0.0,none,0.02,0.025237839056261105,0.025237839056261105,0.0,15
macenko,erm,True,0.025237839056261105,0.021632783871059273,0.0004679773380119622,0.007893534786574527,0.02882555752329002,0.029066405197218335,0.10627954350068908,5,0.0,none,0.05,0.025237839056261105,0.025237839056261105,0.0,5
macenko,erm,True,0.025237839056261105,0.021632783871059273,0.0004679773380119622,0.007893534786574527,0.02882555752329002,0.029066405197218335,0.10627954350068908,5,0.0,none,0.1,0.025237839056261105,0.025237839056261105,0.0,3
macenko,erm,True,0.025237839056261105,0.021632783871059273,0.0004679773380119622,0.007893534786574527,0.02882555752329002,0.029066405197218335,0.10627954350068908,5,0.0,none,0.2,0.025237839056261105,0.025237839056261105,0.0,3
macenko,erm,True,0.025237839056261105,0.021632783871059273,0.0004679773380119622,0.007893534786574527,0.02882555752329002,0.029066405197218335,0.10627954350068908,5,0.25,ratio,0.02,0.026980384837448926,0.025237839056261105,0.125,20
macenko,erm,True,0.025237839056261105,0.021632783871059273,0.0004679773380119622,0.007893534786574527,0.02882555752329002,0.029066405197218335,0.10627954350068908,5,0.25,ratio,0.05,0.026980384837448926,0.025237839056261105,0.125,6
macenko,erm,True,0.025237839056261105,0.021632783871059273,0.0004679773380119622,0.007893534786574527,0.02882555752329002,0.029066405197218335,0.10627954350068908,5,0.25,ratio,0.1,0.026980384837448926,0.025237839056261105,0.125,3
macenko,erm,True,0.025237839056261105,0.021632783871059273,0.0004679773380119622,0.007893534786574527,0.02882555752329002,0.029066405197218335,0.10627954350068908,5,0.25,ratio,0.2,0.026980384837448926,0.025237839056261105,0.125,3
macenko,erm,True,0.025237839056261105,0.021632783871059273,0.0004679773380119622,0.007893534786574527,0.02882555752329002,0.029066405197218335,0.10627954350068908,5,0.25,design,0.02,0.026980384837448926,0.025237839056261105,0.125,
macenko,erm,True,0.025237839056261105,0.021632783871059273,0.0004679773380119622,0.007893534786574527,0.02882555752329002,0.029066405197218335,0.10627954350068908,5,0.25,design,0.05,0.026980384837448926,0.025237839056261105,0.125,8
macenko,erm,True,0.025237839056261105,0.021632783871059273,0.0004679773380119622,0.007893534786574527,0.02882555752329002,0.029066405197218335,0.10627954350068908,5,0.25,design,0.1,0.026980384837448926,0.025237839056261105,0.125,3
macenko,erm,True,0.025237839056261105,0.021632783871059273,0.0004679773380119622,0.007893534786574527,0.02882555752329002,0.029066405197218335,0.10627954350068908,5,0.25,design,0.2,0.026980384837448926,0.025237839056261105,0.125,3
macenko,erm,True,0.025237839056261105,0.021632783871059273,0.0004679773380119622,0.007893534786574527,0.02882555752329002,0.029066405197218335,0.10627954350068908,5,0.5,ratio,0.02,0.0291421463457936,0.025237839056261105,0.25,27
macenko,erm,True,0.025237839056261105,0.021632783871059273,0.0004679773380119622,0.007893534786574527,0.02882555752329002,0.029066405197218335,0.10627954350068908,5,0.5,ratio,0.05,0.0291421463457936,0.025237839056261105,0.25,7
macenko,erm,True,0.025237839056261105,0.021632783871059273,0.0004679773380119622,0.007893534786574527,0.02882555752329002,0.029066405197218335,0.10627954350068908,5,0.5,ratio,0.1,0.0291421463457936,0.025237839056261105,0.25,4
macenko,erm,True,0.025237839056261105,0.021632783871059273,0.0004679773380119622,0.007893534786574527,0.02882555752329002,0.029066405197218335,0.10627954350068908,5,0.5,ratio,0.2,0.0291421463457936,0.025237839056261105,0.25,3
macenko,erm,True,0.025237839056261105,0.021632783871059273,0.0004679773380119622,0.007893534786574527,0.02882555752329002,0.029066405197218335,0.10627954350068908,5,0.5,design,0.02,0.0291421463457936,0.025237839056261105,0.25,
macenko,erm,True,0.025237839056261105,0.021632783871059273,0.0004679773380119622,0.007893534786574527,0.02882555752329002,0.029066405197218335,0.10627954350068908,5,0.5,design,0.05,0.0291421463457936,0.025237839056261105,0.25,
macenko,erm,True,0.025237839056261105,0.021632783871059273,0.0004679773380119622,0.007893534786574527,0.02882555752329002,0.029066405197218335,0.10627954350068908,5,0.5,design,0.1,0.0291421463457936,0.025237839056261105,0.25,4
macenko,erm,True,0.025237839056261105,0.021632783871059273,0.0004679773380119622,0.007893534786574527,0.02882555752329002,0.029066405197218335,0.10627954350068908,5,0.5,design,0.2,0.0291421463457936,0.025237839056261105,0.25,3
macenko,erm,True,0.025237839056261105,0.021632783871059273,0.0004679773380119622,0.007893534786574527,0.02882555752329002,0.029066405197218335,0.10627954350068908,10,0.0,none,0.02,0.02350452997021745,0.02350452997021745,0.0,13
macenko,erm,True,0.025237839056261105,0.021632783871059273,0.0004679773380119622,0.007893534786574527,0.02882555752329002,0.029066405197218335,0.10627954350068908,10,0.0,none,0.05,0.02350452997021745,0.02350452997021745,0.0,5
macenko,erm,True,0.025237839056261105,0.021632783871059273,0.0004679773380119622,0.007893534786574527,0.02882555752329002,0.029066405197218335,0.10627954350068908,10,0.0,none,0.1,0.02350452997021745,0.02350452997021745,0.0,3
macenko,erm,True,0.025237839056261105,0.021632783871059273,0.0004679773380119622,0.007893534786574527,0.02882555752329002,0.029066405197218335,0.10627954350068908,10,0.0,none,0.2,0.02350452997021745,0.02350452997021745,0.0,3
macenko,erm,True,0.025237839056261105,0.021632783871059273,0.0004679773380119622,0.007893534786574527,0.02882555752329002,0.029066405197218335,0.10627954350068908,10,0.25,ratio,0.02,0.02512739948163246,0.02350452997021745,0.125,18
macenko,erm,True,0.025237839056261105,0.021632783871059273,0.0004679773380119622,0.007893534786574527,0.02882555752329002,0.029066405197218335,0.10627954350068908,10,0.25,ratio,0.05,0.02512739948163246,0.02350452997021745,0.125,5
macenko,erm,True,0.025237839056261105,0.021632783871059273,0.0004679773380119622,0.007893534786574527,0.02882555752329002,0.029066405197218335,0.10627954350068908,10,0.25,ratio,0.1,0.02512739948163246,0.02350452997021745,0.125,3
macenko,erm,True,0.025237839056261105,0.021632783871059273,0.0004679773380119622,0.007893534786574527,0.02882555752329002,0.029066405197218335,0.10627954350068908,10,0.25,ratio,0.2,0.02512739948163246,0.02350452997021745,0.125,3
macenko,erm,True,0.025237839056261105,0.021632783871059273,0.0004679773380119622,0.007893534786574527,0.02882555752329002,0.029066405197218335,0.10627954350068908,10,0.25,design,0.02,0.02512739948163246,0.02350452997021745,0.125,
macenko,erm,True,0.025237839056261105,0.021632783871059273,0.0004679773380119622,0.007893534786574527,0.02882555752329002,0.029066405197218335,0.10627954350068908,10,0.25,design,0.05,0.02512739948163246,0.02350452997021745,0.125,7
macenko,erm,True,0.025237839056261105,0.021632783871059273,0.0004679773380119622,0.007893534786574527,0.02882555752329002,0.029066405197218335,0.10627954350068908,10,0.25,design,0.1,0.02512739948163246,0.02350452997021745,0.125,3
macenko,erm,True,0.025237839056261105,0.021632783871059273,0.0004679773380119622,0.007893534786574527,0.02882555752329002,0.029066405197218335,0.10627954350068908,10,0.25,design,0.2,0.02512739948163246,0.02350452997021745,0.125,3
macenko,erm,True,0.025237839056261105,0.021632783871059273,0.0004679773380119622,0.007893534786574527,0.02882555752329002,0.029066405197218335,0.10627954350068908,10,0.5,ratio,0.02,0.027140693410961345,0.02350452997021745,0.25,24
macenko,erm,True,0.025237839056261105,0.021632783871059273,0.0004679773380119622,0.007893534786574527,0.02882555752329002,0.029066405197218335,0.10627954350068908,10,0.5,ratio,0.05,0.027140693410961345,0.02350452997021745,0.25,6
macenko,erm,True,0.025237839056261105,0.021632783871059273,0.0004679773380119622,0.007893534786574527,0.02882555752329002,0.029066405197218335,0.10627954350068908,10,0.5,ratio,0.1,0.027140693410961345,0.02350452997021745,0.25,4
macenko,erm,True,0.025237839056261105,0.021632783871059273,0.0004679773380119622,0.007893534786574527,0.02882555752329002,0.029066405197218335,0.10627954350068908,10,0.5,ratio,0.2,0.027140693410961345,0.02350452997021745,0.25,3
macenko,erm,True,0.025237839056261105,0.021632783871059273,0.0004679773380119622,0.007893534786574527,0.02882555752329002,0.029066405197218335,0.10627954350068908,10,0.5,design,0.02,0.027140693410961345,0.02350452997021745,0.25,
macenko,erm,True,0.025237839056261105,0.021632783871059273,0.0004679773380119622,0.007893534786574527,0.02882555752329002,0.029066405197218335,0.10627954350068908,10,0.5,design,0.05,0.027140693410961345,0.02350452997021745,0.25,
macenko,erm,True,0.025237839056261105,0.021632783871059273,0.0004679773380119622,0.007893534786574527,0.02882555752329002,0.029066405197218335,0.10627954350068908,10,0.5,design,0.1,0.027140693410961345,0.02350452997021745,0.25,4
macenko,erm,True,0.025237839056261105,0.021632783871059273,0.0004679773380119622,0.007893534786574527,0.02882555752329002,0.029066405197218335,0.10627954350068908,10,0.5,design,0.2,0.027140693410961345,0.02350452997021745,0.25,3
macenko_tile,erm,True,0.0165075087661321,0.009845252419372343,9.692899520115698e-05,0.006413194081709339,0.02882555752329002,0.02962843654859054,-0.015693782332392086,1,0.0,none,0.02,0.031221358835179045,0.031221358835179045,0.0,22
macenko_tile,erm,True,0.0165075087661321,0.009845252419372343,9.692899520115698e-05,0.006413194081709339,0.02882555752329002,0.02962843654859054,-0.015693782332392086,1,0.0,none,0.05,0.031221358835179045,0.031221358835179045,0.0,6
macenko_tile,erm,True,0.0165075087661321,0.009845252419372343,9.692899520115698e-05,0.006413194081709339,0.02882555752329002,0.02962843654859054,-0.015693782332392086,1,0.0,none,0.1,0.031221358835179045,0.031221358835179045,0.0,4
macenko_tile,erm,True,0.0165075087661321,0.009845252419372343,9.692899520115698e-05,0.006413194081709339,0.02882555752329002,0.02962843654859054,-0.015693782332392086,1,0.0,none,0.2,0.031221358835179045,0.031221358835179045,0.0,3
macenko_tile,erm,True,0.0165075087661321,0.009845252419372343,9.692899520115698e-05,0.006413194081709339,0.02882555752329002,0.02962843654859054,-0.015693782332392086,1,0.25,ratio,0.02,0.03337703654593358,0.031221358835179045,0.125,30
macenko_tile,erm,True,0.0165075087661321,0.009845252419372343,9.692899520115698e-05,0.006413194081709339,0.02882555752329002,0.02962843654859054,-0.015693782332392086,1,0.25,ratio,0.05,0.03337703654593358,0.031221358835179045,0.125,7
macenko_tile,erm,True,0.0165075087661321,0.009845252419372343,9.692899520115698e-05,0.006413194081709339,0.02882555752329002,0.02962843654859054,-0.015693782332392086,1,0.25,ratio,0.1,0.03337703654593358,0.031221358835179045,0.125,4
macenko_tile,erm,True,0.0165075087661321,0.009845252419372343,9.692899520115698e-05,0.006413194081709339,0.02882555752329002,0.02962843654859054,-0.015693782332392086,1,0.25,ratio,0.2,0.03337703654593358,0.031221358835179045,0.125,3
macenko_tile,erm,True,0.0165075087661321,0.009845252419372343,9.692899520115698e-05,0.006413194081709339,0.02882555752329002,0.02962843654859054,-0.015693782332392086,1,0.25,design,0.02,0.03337703654593358,0.031221358835179045,0.125,
macenko_tile,erm,True,0.0165075087661321,0.009845252419372343,9.692899520115698e-05,0.006413194081709339,0.02882555752329002,0.02962843654859054,-0.015693782332392086,1,0.25,design,0.05,0.03337703654593358,0.031221358835179045,0.125,30
macenko_tile,erm,True,0.0165075087661321,0.009845252419372343,9.692899520115698e-05,0.006413194081709339,0.02882555752329002,0.02962843654859054,-0.015693782332392086,1,0.25,design,0.1,0.03337703654593358,0.031221358835179045,0.125,4
macenko_tile,erm,True,0.0165075087661321,0.009845252419372343,9.692899520115698e-05,0.006413194081709339,0.02882555752329002,0.02962843654859054,-0.015693782332392086,1,0.25,design,0.2,0.03337703654593358,0.031221358835179045,0.125,3
macenko_tile,erm,True,0.0165075087661321,0.009845252419372343,9.692899520115698e-05,0.006413194081709339,0.02882555752329002,0.02962843654859054,-0.015693782332392086,1,0.5,ratio,0.02,0.03605131985591305,0.031221358835179045,0.25,41
macenko_tile,erm,True,0.0165075087661321,0.009845252419372343,9.692899520115698e-05,0.006413194081709339,0.02882555752329002,0.02962843654859054,-0.015693782332392086,1,0.5,ratio,0.05,0.03605131985591305,0.031221358835179045,0.25,9
macenko_tile,erm,True,0.0165075087661321,0.009845252419372343,9.692899520115698e-05,0.006413194081709339,0.02882555752329002,0.02962843654859054,-0.015693782332392086,1,0.5,ratio,0.1,0.03605131985591305,0.031221358835179045,0.25,4
macenko_tile,erm,True,0.0165075087661321,0.009845252419372343,9.692899520115698e-05,0.006413194081709339,0.02882555752329002,0.02962843654859054,-0.015693782332392086,1,0.5,ratio,0.2,0.03605131985591305,0.031221358835179045,0.25,3
macenko_tile,erm,True,0.0165075087661321,0.009845252419372343,9.692899520115698e-05,0.006413194081709339,0.02882555752329002,0.02962843654859054,-0.015693782332392086,1,0.5,design,0.02,0.03605131985591305,0.031221358835179045,0.25,
macenko_tile,erm,True,0.0165075087661321,0.009845252419372343,9.692899520115698e-05,0.006413194081709339,0.02882555752329002,0.02962843654859054,-0.015693782332392086,1,0.5,design,0.05,0.03605131985591305,0.031221358835179045,0.25,
macenko_tile,erm,True,0.0165075087661321,0.009845252419372343,9.692899520115698e-05,0.006413194081709339,0.02882555752329002,0.02962843654859054,-0.015693782332392086,1,0.5,design,0.1,0.03605131985591305,0.031221358835179045,0.25,5
macenko_tile,erm,True,0.0165075087661321,0.009845252419372343,9.692899520115698e-05,0.006413194081709339,0.02882555752329002,0.02962843654859054,-0.015693782332392086,1,0.5,design,0.2,0.03605131985591305,0.031221358835179045,0.25,3
macenko_tile,erm,True,0.0165075087661321,0.009845252419372343,9.692899520115698e-05,0.006413194081709339,0.02882555752329002,0.02962843654859054,-0.015693782332392086,3,0.0,none,0.02,0.019736862617256122,0.019736862617256122,0.0,10
macenko_tile,erm,True,0.0165075087661321,0.009845252419372343,9.692899520115698e-05,0.006413194081709339,0.02882555752329002,0.02962843654859054,-0.015693782332392086,3,0.0,none,0.05,0.019736862617256122,0.019736862617256122,0.0,4
macenko_tile,erm,True,0.0165075087661321,0.009845252419372343,9.692899520115698e-05,0.006413194081709339,0.02882555752329002,0.02962843654859054,-0.015693782332392086,3,0.0,none,0.1,0.019736862617256122,0.019736862617256122,0.0,3
macenko_tile,erm,True,0.0165075087661321,0.009845252419372343,9.692899520115698e-05,0.006413194081709339,0.02882555752329002,0.02962843654859054,-0.015693782332392086,3,0.0,none,0.2,0.019736862617256122,0.019736862617256122,0.0,3
macenko_tile,erm,True,0.0165075087661321,0.009845252419372343,9.692899520115698e-05,0.006413194081709339,0.02882555752329002,0.02962843654859054,-0.015693782332392086,3,0.25,ratio,0.02,0.021099593658171097,0.019736862617256122,0.125,13
macenko_tile,erm,True,0.0165075087661321,0.009845252419372343,9.692899520115698e-05,0.006413194081709339,0.02882555752329002,0.02962843654859054,-0.015693782332392086,3,0.25,ratio,0.05,0.021099593658171097,0.019736862617256122,0.125,5
macenko_tile,erm,True,0.0165075087661321,0.009845252419372343,9.692899520115698e-05,0.006413194081709339,0.02882555752329002,0.02962843654859054,-0.015693782332392086,3,0.25,ratio,0.1,0.021099593658171097,0.019736862617256122,0.125,3
macenko_tile,erm,True,0.0165075087661321,0.009845252419372343,9.692899520115698e-05,0.006413194081709339,0.02882555752329002,0.02962843654859054,-0.015693782332392086,3,0.25,ratio,0.2,0.021099593658171097,0.019736862617256122,0.125,3
macenko_tile,erm,True,0.0165075087661321,0.009845252419372343,9.692899520115698e-05,0.006413194081709339,0.02882555752329002,0.02962843654859054,-0.015693782332392086,3,0.25,design,0.02,0.021099593658171097,0.019736862617256122,0.125,
macenko_tile,erm,True,0.0165075087661321,0.009845252419372343,9.692899520115698e-05,0.006413194081709339,0.02882555752329002,0.02962843654859054,-0.015693782332392086,3,0.25,design,0.05,0.021099593658171097,0.019736862617256122,0.125,5
macenko_tile,erm,True,0.0165075087661321,0.009845252419372343,9.692899520115698e-05,0.006413194081709339,0.02882555752329002,0.02962843654859054,-0.015693782332392086,3,0.25,design,0.1,0.021099593658171097,0.019736862617256122,0.125,3
macenko_tile,erm,True,0.0165075087661321,0.009845252419372343,9.692899520115698e-05,0.006413194081709339,0.02882555752329002,0.02962843654859054,-0.015693782332392086,3,0.25,design,0.2,0.021099593658171097,0.019736862617256122,0.125,3
macenko_tile,erm,True,0.0165075087661321,0.009845252419372343,9.692899520115698e-05,0.006413194081709339,0.02882555752329002,0.02962843654859054,-0.015693782332392086,3,0.5,ratio,0.02,0.02279016589006297,0.019736862617256122,0.25,18
macenko_tile,erm,True,0.0165075087661321,0.009845252419372343,9.692899520115698e-05,0.006413194081709339,0.02882555752329002,0.02962843654859054,-0.015693782332392086,3,0.5,ratio,0.05,0.02279016589006297,0.019736862617256122,0.25,5
macenko_tile,erm,True,0.0165075087661321,0.009845252419372343,9.692899520115698e-05,0.006413194081709339,0.02882555752329002,0.02962843654859054,-0.015693782332392086,3,0.5,ratio,0.1,0.02279016589006297,0.019736862617256122,0.25,3
macenko_tile,erm,True,0.0165075087661321,0.009845252419372343,9.692899520115698e-05,0.006413194081709339,0.02882555752329002,0.02962843654859054,-0.015693782332392086,3,0.5,ratio,0.2,0.02279016589006297,0.019736862617256122,0.25,3
macenko_tile,erm,True,0.0165075087661321,0.009845252419372343,9.692899520115698e-05,0.006413194081709339,0.02882555752329002,0.02962843654859054,-0.015693782332392086,3,0.5,design,0.02,0.02279016589006297,0.019736862617256122,0.25,
macenko_tile,erm,True,0.0165075087661321,0.009845252419372343,9.692899520115698e-05,0.006413194081709339,0.02882555752329002,0.02962843654859054,-0.015693782332392086,3,0.5,design,0.05,0.02279016589006297,0.019736862617256122,0.25,12
macenko_tile,erm,True,0.0165075087661321,0.009845252419372343,9.692899520115698e-05,0.006413194081709339,0.02882555752329002,0.02962843654859054,-0.015693782332392086,3,0.5,design,0.1,0.02279016589006297,0.019736862617256122,0.25,3
macenko_tile,erm,True,0.0165075087661321,0.009845252419372343,9.692899520115698e-05,0.006413194081709339,0.02882555752329002,0.02962843654859054,-0.015693782332392086,3,0.5,design,0.2,0.02279016589006297,0.019736862617256122,0.25,3
macenko_tile,erm,True,0.0165075087661321,0.009845252419372343,9.692899520115698e-05,0.006413194081709339,0.02882555752329002,0.02962843654859054,-0.015693782332392086,5,0.0,none,0.02,0.0165075087661321,0.0165075087661321,0.0,8
macenko_tile,erm,True,0.0165075087661321,0.009845252419372343,9.692899520115698e-05,0.006413194081709339,0.02882555752329002,0.02962843654859054,-0.015693782332392086,5,0.0,none,0.05,0.0165075087661321,0.0165075087661321,0.0,4
macenko_tile,erm,True,0.0165075087661321,0.009845252419372343,9.692899520115698e-05,0.006413194081709339,0.02882555752329002,0.02962843654859054,-0.015693782332392086,5,0.0,none,0.1,0.0165075087661321,0.0165075087661321,0.0,3
macenko_tile,erm,True,0.0165075087661321,0.009845252419372343,9.692899520115698e-05,0.006413194081709339,0.02882555752329002,0.02962843654859054,-0.015693782332392086,5,0.0,none,0.2,0.0165075087661321,0.0165075087661321,0.0,2
macenko_tile,erm,True,0.0165075087661321,0.009845252419372343,9.692899520115698e-05,0.006413194081709339,0.02882555752329002,0.02962843654859054,-0.015693782332392086,5,0.25,ratio,0.02,0.017647269174866788,0.0165075087661321,0.125,10
macenko_tile,erm,True,0.0165075087661321,0.009845252419372343,9.692899520115698e-05,0.006413194081709339,0.02882555752329002,0.02962843654859054,-0.015693782332392086,5,0.25,ratio,0.05,0.017647269174866788,0.0165075087661321,0.125,4
macenko_tile,erm,True,0.0165075087661321,0.009845252419372343,9.692899520115698e-05,0.006413194081709339,0.02882555752329002,0.02962843654859054,-0.015693782332392086,5,0.25,ratio,0.1,0.017647269174866788,0.0165075087661321,0.125,3
macenko_tile,erm,True,0.0165075087661321,0.009845252419372343,9.692899520115698e-05,0.006413194081709339,0.02882555752329002,0.02962843654859054,-0.015693782332392086,5,0.25,ratio,0.2,0.017647269174866788,0.0165075087661321,0.125,3
macenko_tile,erm,True,0.0165075087661321,0.009845252419372343,9.692899520115698e-05,0.006413194081709339,0.02882555752329002,0.02962843654859054,-0.015693782332392086,5,0.25,design,0.02,0.017647269174866788,0.0165075087661321,0.125,
macenko_tile,erm,True,0.0165075087661321,0.009845252419372343,9.692899520115698e-05,0.006413194081709339,0.02882555752329002,0.02962843654859054,-0.015693782332392086,5,0.25,design,0.05,0.017647269174866788,0.0165075087661321,0.125,4
macenko_tile,erm,True,0.0165075087661321,0.009845252419372343,9.692899520115698e-05,0.006413194081709339,0.02882555752329002,0.02962843654859054,-0.015693782332392086,5,0.25,design,0.1,0.017647269174866788,0.0165075087661321,0.125,3
macenko_tile,erm,True,0.0165075087661321,0.009845252419372343,9.692899520115698e-05,0.006413194081709339,0.02882555752329002,0.02962843654859054,-0.015693782332392086,5,0.25,design,0.2,0.017647269174866788,0.0165075087661321,0.125,3
macenko_tile,erm,True,0.0165075087661321,0.009845252419372343,9.692899520115698e-05,0.006413194081709339,0.02882555752329002,0.02962843654859054,-0.015693782332392086,5,0.5,ratio,0.02,0.01906122925955295,0.0165075087661321,0.25,13
macenko_tile,erm,True,0.0165075087661321,0.009845252419372343,9.692899520115698e-05,0.006413194081709339,0.02882555752329002,0.02962843654859054,-0.015693782332392086,5,0.5,ratio,0.05,0.01906122925955295,0.0165075087661321,0.25,4
macenko_tile,erm,True,0.0165075087661321,0.009845252419372343,9.692899520115698e-05,0.006413194081709339,0.02882555752329002,0.02962843654859054,-0.015693782332392086,5,0.5,ratio,0.1,0.01906122925955295,0.0165075087661321,0.25,3
macenko_tile,erm,True,0.0165075087661321,0.009845252419372343,9.692899520115698e-05,0.006413194081709339,0.02882555752329002,0.02962843654859054,-0.015693782332392086,5,0.5,ratio,0.2,0.01906122925955295,0.0165075087661321,0.25,3
macenko_tile,erm,True,0.0165075087661321,0.009845252419372343,9.692899520115698e-05,0.006413194081709339,0.02882555752329002,0.02962843654859054,-0.015693782332392086,5,0.5,design,0.02,0.01906122925955295,0.0165075087661321,0.25,
macenko_tile,erm,True,0.0165075087661321,0.009845252419372343,9.692899520115698e-05,0.006413194081709339,0.02882555752329002,0.02962843654859054,-0.015693782332392086,5,0.5,design,0.05,0.01906122925955295,0.0165075087661321,0.25,6
macenko_tile,erm,True,0.0165075087661321,0.009845252419372343,9.692899520115698e-05,0.006413194081709339,0.02882555752329002,0.02962843654859054,-0.015693782332392086,5,0.5,design,0.1,0.01906122925955295,0.0165075087661321,0.25,3
macenko_tile,erm,True,0.0165075087661321,0.009845252419372343,9.692899520115698e-05,0.006413194081709339,0.02882555752329002,0.02962843654859054,-0.015693782332392086,5,0.5,design,0.2,0.01906122925955295,0.0165075087661321,0.25,3
macenko_tile,erm,True,0.0165075087661321,0.009845252419372343,9.692899520115698e-05,0.006413194081709339,0.02882555752329002,0.02962843654859054,-0.015693782332392086,10,0.0,none,0.02,0.013590931551315478,0.013590931551315478,0.0,6
macenko_tile,erm,True,0.0165075087661321,0.009845252419372343,9.692899520115698e-05,0.006413194081709339,0.02882555752329002,0.02962843654859054,-0.015693782332392086,10,0.0,none,0.05,0.013590931551315478,0.013590931551315478,0.0,3
macenko_tile,erm,True,0.0165075087661321,0.009845252419372343,9.692899520115698e-05,0.006413194081709339,0.02882555752329002,0.02962843654859054,-0.015693782332392086,10,0.0,none,0.1,0.013590931551315478,0.013590931551315478,0.0,3
macenko_tile,erm,True,0.0165075087661321,0.009845252419372343,9.692899520115698e-05,0.006413194081709339,0.02882555752329002,0.02962843654859054,-0.015693782332392086,10,0.0,none,0.2,0.013590931551315478,0.013590931551315478,0.0,2
macenko_tile,erm,True,0.0165075087661321,0.009845252419372343,9.692899520115698e-05,0.006413194081709339,0.02882555752329002,0.02962843654859054,-0.015693782332392086,10,0.25,ratio,0.02,0.01452931698060531,0.013590931551315478,0.125,8
macenko_tile,erm,True,0.0165075087661321,0.009845252419372343,9.692899520115698e-05,0.006413194081709339,0.02882555752329002,0.02962843654859054,-0.015693782332392086,10,0.25,ratio,0.05,0.01452931698060531,0.013590931551315478,0.125,4
macenko_tile,erm,True,0.0165075087661321,0.009845252419372343,9.692899520115698e-05,0.006413194081709339,0.02882555752329002,0.02962843654859054,-0.015693782332392086,10,0.25,ratio,0.1,0.01452931698060531,0.013590931551315478,0.125,3
macenko_tile,erm,True,0.0165075087661321,0.009845252419372343,9.692899520115698e-05,0.006413194081709339,0.02882555752329002,0.02962843654859054,-0.015693782332392086,10,0.25,ratio,0.2,0.01452931698060531,0.013590931551315478,0.125,2
macenko_tile,erm,True,0.0165075087661321,0.009845252419372343,9.692899520115698e-05,0.006413194081709339,0.02882555752329002,0.02962843654859054,-0.015693782332392086,10,0.25,design,0.02,0.01452931698060531,0.013590931551315478,0.125,
macenko_tile,erm,True,0.0165075087661321,0.009845252419372343,9.692899520115698e-05,0.006413194081709339,0.02882555752329002,0.02962843654859054,-0.015693782332392086,10,0.25,design,0.05,0.01452931698060531,0.013590931551315478,0.125,4
macenko_tile,erm,True,0.0165075087661321,0.009845252419372343,9.692899520115698e-05,0.006413194081709339,0.02882555752329002,0.02962843654859054,-0.015693782332392086,10,0.25,design,0.1,0.01452931698060531,0.013590931551315478,0.125,3
macenko_tile,erm,True,0.0165075087661321,0.009845252419372343,9.692899520115698e-05,0.006413194081709339,0.02882555752329002,0.02962843654859054,-0.015693782332392086,10,0.25,design,0.2,0.01452931698060531,0.013590931551315478,0.125,2
macenko_tile,erm,True,0.0165075087661321,0.009845252419372343,9.692899520115698e-05,0.006413194081709339,0.02882555752329002,0.02962843654859054,-0.015693782332392086,10,0.5,ratio,0.02,0.01569345597937954,0.013590931551315478,0.25,10
macenko_tile,erm,True,0.0165075087661321,0.009845252419372343,9.692899520115698e-05,0.006413194081709339,0.02882555752329002,0.02962843654859054,-0.015693782332392086,10,0.5,ratio,0.05,0.01569345597937954,0.013590931551315478,0.25,4
macenko_tile,erm,True,0.0165075087661321,0.009845252419372343,9.692899520115698e-05,0.006413194081709339,0.02882555752329002,0.02962843654859054,-0.015693782332392086,10,0.5,ratio,0.1,0.01569345597937954,0.013590931551315478,0.25,3
macenko_tile,erm,True,0.0165075087661321,0.009845252419372343,9.692899520115698e-05,0.006413194081709339,0.02882555752329002,0.02962843654859054,-0.015693782332392086,10,0.5,ratio,0.2,0.01569345597937954,0.013590931551315478,0.25,3
macenko_tile,erm,True,0.0165075087661321,0.009845252419372343,9.692899520115698e-05,0.006413194081709339,0.02882555752329002,0.02962843654859054,-0.015693782332392086,10,0.5,design,0.02,0.01569345597937954,0.013590931551315478,0.25,
macenko_tile,erm,True,0.0165075087661321,0.009845252419372343,9.692899520115698e-05,0.006413194081709339,0.02882555752329002,0.02962843654859054,-0.015693782332392086,10,0.5,design,0.05,0.01569345597937954,0.013590931551315478,0.25,4
macenko_tile,erm,True,0.0165075087661321,0.009845252419372343,9.692899520115698e-05,0.006413194081709339,0.02882555752329002,0.02962843654859054,-0.015693782332392086,10,0.5,design,0.1,0.01569345597937954,0.013590931551315478,0.25,3
macenko_tile,erm,True,0.0165075087661321,0.009845252419372343,9.692899520115698e-05,0.006413194081709339,0.02882555752329002,0.02962843654859054,-0.015693782332392086,10,0.5,design,0.2,0.01569345597937954,0.013590931551315478,0.25,2
mixstyle,erm,True,0.031172497562542048,0.02402421417682772,0.0005771628668140901,0.029193968065928246,0.02882555752329002,0.0444163110508178,-0.1720718937250666,1,0.0,none,0.02,0.05049724303540828,0.05049724303540828,0.0,52
mixstyle,erm,True,0.031172497562542048,0.02402421417682772,0.0005771628668140901,0.029193968065928246,0.02882555752329002,0.0444163110508178,-0.1720718937250666,1,0.0,none,0.05,0.05049724303540828,0.05049724303540828,0.0,11
mixstyle,erm,True,0.031172497562542048,0.02402421417682772,0.0005771628668140901,0.029193968065928246,0.02882555752329002,0.0444163110508178,-0.1720718937250666,1,0.0,none,0.1,0.05049724303540828,0.05049724303540828,0.0,5
mixstyle,erm,True,0.031172497562542048,0.02402421417682772,0.0005771628668140901,0.029193968065928246,0.02882555752329002,0.0444163110508178,-0.1720718937250666,1,0.0,none,0.2,0.05049724303540828,0.05049724303540828,0.0,3
mixstyle,erm,True,0.031172497562542048,0.02402421417682772,0.0005771628668140901,0.029193968065928246,0.02882555752329002,0.0444163110508178,-0.1720718937250666,1,0.25,ratio,0.02,0.053983823547186956,0.05049724303540828,0.125,74
mixstyle,erm,True,0.031172497562542048,0.02402421417682772,0.0005771628668140901,0.029193968065928246,0.02882555752329002,0.0444163110508178,-0.1720718937250666,1,0.25,ratio,0.05,0.053983823547186956,0.05049724303540828,0.125,14
mixstyle,erm,True,0.031172497562542048,0.02402421417682772,0.0005771628668140901,0.029193968065928246,0.02882555752329002,0.0444163110508178,-0.1720718937250666,1,0.25,ratio,0.1,0.053983823547186956,0.05049724303540828,0.125,6
mixstyle,erm,True,0.031172497562542048,0.02402421417682772,0.0005771628668140901,0.029193968065928246,0.02882555752329002,0.0444163110508178,-0.1720718937250666,1,0.25,ratio,0.2,0.053983823547186956,0.05049724303540828,0.125,3
mixstyle,erm,True,0.031172497562542048,0.02402421417682772,0.0005771628668140901,0.029193968065928246,0.02882555752329002,0.0444163110508178,-0.1720718937250666,1,0.25,design,0.02,0.053983823547186956,0.05049724303540828,0.125,
mixstyle,erm,True,0.031172497562542048,0.02402421417682772,0.0005771628668140901,0.029193968065928246,0.02882555752329002,0.0444163110508178,-0.1720718937250666,1,0.25,design,0.05,0.053983823547186956,0.05049724303540828,0.125,
mixstyle,erm,True,0.031172497562542048,0.02402421417682772,0.0005771628668140901,0.029193968065928246,0.02882555752329002,0.0444163110508178,-0.1720718937250666,1,0.25,design,0.1,0.053983823547186956,0.05049724303540828,0.125,8
mixstyle,erm,True,0.031172497562542048,0.02402421417682772,0.0005771628668140901,0.029193968065928246,0.02882555752329002,0.0444163110508178,-0.1720718937250666,1,0.25,design,0.2,0.053983823547186956,0.05049724303540828,0.125,3
mixstyle,erm,True,0.031172497562542048,0.02402421417682772,0.0005771628668140901,0.029193968065928246,0.02882555752329002,0.0444163110508178,-0.1720718937250666,1,0.5,ratio,0.02,0.05830919371965385,0.05049724303540828,0.25,103
mixstyle,erm,True,0.031172497562542048,0.02402421417682772,0.0005771628668140901,0.029193968065928246,0.02882555752329002,0.0444163110508178,-0.1720718937250666,1,0.5,ratio,0.05,0.05830919371965385,0.05049724303540828,0.25,19
mixstyle,erm,True,0.031172497562542048,0.02402421417682772,0.0005771628668140901,0.029193968065928246,0.02882555752329002,0.0444163110508178,-0.1720718937250666,1,0.5,ratio,0.1,0.05830919371965385,0.05049724303540828,0.25,7
mixstyle,erm,True,0.031172497562542048,0.02402421417682772,0.0005771628668140901,0.029193968065928246,0.02882555752329002,0.0444163110508178,-0.1720718937250666,1,0.5,ratio,0.2,0.05830919371965385,0.05049724303540828,0.25,4
mixstyle,erm,True,0.031172497562542048,0.02402421417682772,0.0005771628668140901,0.029193968065928246,0.02882555752329002,0.0444163110508178,-0.1720718937250666,1,0.5,design,0.02,0.05830919371965385,0.05049724303540828,0.25,
mixstyle,erm,True,0.031172497562542048,0.02402421417682772,0.0005771628668140901,0.029193968065928246,0.02882555752329002,0.0444163110508178,-0.1720718937250666,1,0.5,design,0.05,0.05830919371965385,0.05049724303540828,0.25,
mixstyle,erm,True,0.031172497562542048,0.02402421417682772,0.0005771628668140901,0.029193968065928246,0.02882555752329002,0.0444163110508178,-0.1720718937250666,1,0.5,design,0.1,0.05830919371965385,0.05049724303540828,0.25,
mixstyle,erm,True,0.031172497562542048,0.02402421417682772,0.0005771628668140901,0.029193968065928246,0.02882555752329002,0.0444163110508178,-0.1720718937250666,1,0.5,design,0.2,0.05830919371965385,0.05049724303540828,0.25,4
mixstyle,erm,True,0.031172497562542048,0.02402421417682772,0.0005771628668140901,0.029193968065928246,0.02882555752329002,0.0444163110508178,-0.1720718937250666,3,0.0,none,0.02,0.03513923395012698,0.03513923395012698,0.0,27
mixstyle,erm,True,0.031172497562542048,0.02402421417682772,0.0005771628668140901,0.029193968065928246,0.02882555752329002,0.0444163110508178,-0.1720718937250666,3,0.0,none,0.05,0.03513923395012698,0.03513923395012698,0.0,7
mixstyle,erm,True,0.031172497562542048,0.02402421417682772,0.0005771628668140901,0.029193968065928246,0.02882555752329002,0.0444163110508178,-0.1720718937250666,3,0.0,none,0.1,0.03513923395012698,0.03513923395012698,0.0,4
mixstyle,erm,True,0.031172497562542048,0.02402421417682772,0.0005771628668140901,0.029193968065928246,0.02882555752329002,0.0444163110508178,-0.1720718937250666,3,0.0,none,0.2,0.03513923395012698,0.03513923395012698,0.0,3
mixstyle,erm,True,0.031172497562542048,0.02402421417682772,0.0005771628668140901,0.029193968065928246,0.02882555752329002,0.0444163110508178,-0.1720718937250666,3,0.25,ratio,0.02,0.03756542122144865,0.03513923395012698,0.125,37
mixstyle,erm,True,0.031172497562542048,0.02402421417682772,0.0005771628668140901,0.029193968065928246,0.02882555752329002,0.0444163110508178,-0.1720718937250666,3,0.25,ratio,0.05,0.03756542122144865,0.03513923395012698,0.125,8
mixstyle,erm,True,0.031172497562542048,0.02402421417682772,0.0005771628668140901,0.029193968065928246,0.02882555752329002,0.0444163110508178,-0.1720718937250666,3,0.25,ratio,0.1,0.03756542122144865,0.03513923395012698,0.125,4
mixstyle,erm,True,0.031172497562542048,0.02402421417682772,0.0005771628668140901,0.029193968065928246,0.02882555752329002,0.0444163110508178,-0.1720718937250666,3,0.25,ratio,0.2,0.03756542122144865,0.03513923395012698,0.125,3
mixstyle,erm,True,0.031172497562542048,0.02402421417682772,0.0005771628668140901,0.029193968065928246,0.02882555752329002,0.0444163110508178,-0.1720718937250666,3,0.25,design,0.02,0.03756542122144865,0.03513923395012698,0.125,
mixstyle,erm,True,0.031172497562542048,0.02402421417682772,0.0005771628668140901,0.029193968065928246,0.02882555752329002,0.0444163110508178,-0.1720718937250666,3,0.25,design,0.05,0.03756542122144865,0.03513923395012698,0.125,
mixstyle,erm,True,0.031172497562542048,0.02402421417682772,0.0005771628668140901,0.029193968065928246,0.02882555752329002,0.0444163110508178,-0.1720718937250666,3,0.25,design,0.1,0.03756542122144865,0.03513923395012698,0.125,4
mixstyle,erm,True,0.031172497562542048,0.02402421417682772,0.0005771628668140901,0.029193968065928246,0.02882555752329002,0.0444163110508178,-0.1720718937250666,3,0.25,design,0.2,0.03756542122144865,0.03513923395012698,0.125,3
mixstyle,erm,True,0.031172497562542048,0.02402421417682772,0.0005771628668140901,0.029193968065928246,0.02882555752329002,0.0444163110508178,-0.1720718937250666,3,0.5,ratio,0.02,0.0405752923604461,0.03513923395012698,0.25,51
mixstyle,erm,True,0.031172497562542048,0.02402421417682772,0.0005771628668140901,0.029193968065928246,0.02882555752329002,0.0444163110508178,-0.1720718937250666,3,0.5,ratio,0.05,0.0405752923604461,0.03513923395012698,0.25,10
mixstyle,erm,True,0.031172497562542048,0.02402421417682772,0.0005771628668140901,0.029193968065928246,0.02882555752329002,0.0444163110508178,-0.1720718937250666,3,0.5,ratio,0.1,0.0405752923604461,0.03513923395012698,0.25,5
mixstyle,erm,True,0.031172497562542048,0.02402421417682772,0.0005771628668140901,0.029193968065928246,0.02882555752329002,0.0444163110508178,-0.1720718937250666,3,0.5,ratio,0.2,0.0405752923604461,0.03513923395012698,0.25,3
mixstyle,erm,True,0.031172497562542048,0.02402421417682772,0.0005771628668140901,0.029193968065928246,0.02882555752329002,0.0444163110508178,-0.1720718937250666,3,0.5,design,0.02,0.0405752923604461,0.03513923395012698,0.25,
mixstyle,erm,True,0.031172497562542048,0.02402421417682772,0.0005771628668140901,0.029193968065928246,0.02882555752329002,0.0444163110508178,-0.1720718937250666,3,0.5,design,0.05,0.0405752923604461,0.03513923395012698,0.25,
mixstyle,erm,True,0.031172497562542048,0.02402421417682772,0.0005771628668140901,0.029193968065928246,0.02882555752329002,0.0444163110508178,-0.1720718937250666,3,0.5,design,0.1,0.0405752923604461,0.03513923395012698,0.25,7
mixstyle,erm,True,0.031172497562542048,0.02402421417682772,0.0005771628668140901,0.029193968065928246,0.02882555752329002,0.0444163110508178,-0.1720718937250666,3,0.5,design,0.2,0.0405752923604461,0.03513923395012698,0.25,3
mixstyle,erm,True,0.031172497562542048,0.02402421417682772,0.0005771628668140901,0.029193968065928246,0.02882555752329002,0.0444163110508178,-0.1720718937250666,5,0.0,none,0.02,0.031172497562542048,0.031172497562542048,0.0,22
mixstyle,erm,True,0.031172497562542048,0.02402421417682772,0.0005771628668140901,0.029193968065928246,0.02882555752329002,0.0444163110508178,-0.1720718937250666,5,0.0,none,0.05,0.031172497562542048,0.031172497562542048,0.0,6
mixstyle,erm,True,0.031172497562542048,0.02402421417682772,0.0005771628668140901,0.029193968065928246,0.02882555752329002,0.0444163110508178,-0.1720718937250666,5,0.0,none,0.1,0.031172497562542048,0.031172497562542048,0.0,4
mixstyle,erm,True,0.031172497562542048,0.02402421417682772,0.0005771628668140901,0.029193968065928246,0.02882555752329002,0.0444163110508178,-0.1720718937250666,5,0.0,none,0.2,0.031172497562542048,0.031172497562542048,0.0,3
mixstyle,erm,True,0.031172497562542048,0.02402421417682772,0.0005771628668140901,0.029193968065928246,0.02882555752329002,0.0444163110508178,-0.1720718937250666,5,0.25,ratio,0.02,0.03332480164830804,0.031172497562542048,0.125,30
mixstyle,erm,True,0.031172497562542048,0.02402421417682772,0.0005771628668140901,0.029193968065928246,0.02882555752329002,0.0444163110508178,-0.1720718937250666,5,0.25,ratio,0.05,0.03332480164830804,0.031172497562542048,0.125,7
mixstyle,erm,True,0.031172497562542048,0.02402421417682772,0.0005771628668140901,0.029193968065928246,0.02882555752329002,0.0444163110508178,-0.1720718937250666,5,0.25,ratio,0.1,0.03332480164830804,0.031172497562542048,0.125,4
mixstyle,erm,True,0.031172497562542048,0.02402421417682772,0.0005771628668140901,0.029193968065928246,0.02882555752329002,0.0444163110508178,-0.1720718937250666,5,0.25,ratio,0.2,0.03332480164830804,0.031172497562542048,0.125,3
mixstyle,erm,True,0.031172497562542048,0.02402421417682772,0.0005771628668140901,0.029193968065928246,0.02882555752329002,0.0444163110508178,-0.1720718937250666,5,0.25,design,0.02,0.03332480164830804,0.031172497562542048,0.125,
mixstyle,erm,True,0.031172497562542048,0.02402421417682772,0.0005771628668140901,0.029193968065928246,0.02882555752329002,0.0444163110508178,-0.1720718937250666,5,0.25,design,0.05,0.03332480164830804,0.031172497562542048,0.125,30
mixstyle,erm,True,0.031172497562542048,0.02402421417682772,0.0005771628668140901,0.029193968065928246,0.02882555752329002,0.0444163110508178,-0.1720718937250666,5,0.25,design,0.1,0.03332480164830804,0.031172497562542048,0.125,4
mixstyle,erm,True,0.031172497562542048,0.02402421417682772,0.0005771628668140901,0.029193968065928246,0.02882555752329002,0.0444163110508178,-0.1720718937250666,5,0.25,design,0.2,0.03332480164830804,0.031172497562542048,0.125,3
mixstyle,erm,True,0.031172497562542048,0.02402421417682772,0.0005771628668140901,0.029193968065928246,0.02882555752329002,0.0444163110508178,-0.1720718937250666,5,0.5,ratio,0.02,0.035994899718093214,0.031172497562542048,0.25,41
mixstyle,erm,True,0.031172497562542048,0.02402421417682772,0.0005771628668140901,0.029193968065928246,0.02882555752329002,0.0444163110508178,-0.1720718937250666,5,0.5,ratio,0.05,0.035994899718093214,0.031172497562542048,0.25,9
mixstyle,erm,True,0.031172497562542048,0.02402421417682772,0.0005771628668140901,0.029193968065928246,0.02882555752329002,0.0444163110508178,-0.1720718937250666,5,0.5,ratio,0.1,0.035994899718093214,0.031172497562542048,0.25,4
mixstyle,erm,True,0.031172497562542048,0.02402421417682772,0.0005771628668140901,0.029193968065928246,0.02882555752329002,0.0444163110508178,-0.1720718937250666,5,0.5,ratio,0.2,0.035994899718093214,0.031172497562542048,0.25,3
mixstyle,erm,True,0.031172497562542048,0.02402421417682772,0.0005771628668140901,0.029193968065928246,0.02882555752329002,0.0444163110508178,-0.1720718937250666,5,0.5,design,0.02,0.035994899718093214,0.031172497562542048,0.25,
mixstyle,erm,True,0.031172497562542048,0.02402421417682772,0.0005771628668140901,0.029193968065928246,0.02882555752329002,0.0444163110508178,-0.1720718937250666,5,0.5,design,0.05,0.035994899718093214,0.031172497562542048,0.25,
mixstyle,erm,True,0.031172497562542048,0.02402421417682772,0.0005771628668140901,0.029193968065928246,0.02882555752329002,0.0444163110508178,-0.1720718937250666,5,0.5,design,0.1,0.035994899718093214,0.031172497562542048,0.25,5
mixstyle,erm,True,0.031172497562542048,0.02402421417682772,0.0005771628668140901,0.029193968065928246,0.02882555752329002,0.0444163110508178,-0.1720718937250666,5,0.5,design,0.2,0.035994899718093214,0.031172497562542048,0.25,3
mixstyle,erm,True,0.031172497562542048,0.02402421417682772,0.0005771628668140901,0.029193968065928246,0.02882555752329002,0.0444163110508178,-0.1720718937250666,10,0.0,none,0.02,0.02782882921630714,0.02782882921630714,0.0,18
mixstyle,erm,True,0.031172497562542048,0.02402421417682772,0.0005771628668140901,0.029193968065928246,0.02882555752329002,0.0444163110508178,-0.1720718937250666,10,0.0,none,0.05,0.02782882921630714,0.02782882921630714,0.0,5
mixstyle,erm,True,0.031172497562542048,0.02402421417682772,0.0005771628668140901,0.029193968065928246,0.02882555752329002,0.0444163110508178,-0.1720718937250666,10,0.0,none,0.1,0.02782882921630714,0.02782882921630714,0.0,3
mixstyle,erm,True,0.031172497562542048,0.02402421417682772,0.0005771628668140901,0.029193968065928246,0.02882555752329002,0.0444163110508178,-0.1720718937250666,10,0.0,none,0.2,0.02782882921630714,0.02782882921630714,0.0,3
mixstyle,erm,True,0.031172497562542048,0.02402421417682772,0.0005771628668140901,0.029193968065928246,0.02882555752329002,0.0444163110508178,-0.1720718937250666,10,0.25,ratio,0.02,0.029750269829276026,0.02782882921630714,0.125,24
mixstyle,erm,True,0.031172497562542048,0.02402421417682772,0.0005771628668140901,0.029193968065928246,0.02882555752329002,0.0444163110508178,-0.1720718937250666,10,0.25,ratio,0.05,0.029750269829276026,0.02782882921630714,0.125,6
mixstyle,erm,True,0.031172497562542048,0.02402421417682772,0.0005771628668140901,0.029193968065928246,0.02882555752329002,0.0444163110508178,-0.1720718937250666,10,0.25,ratio,0.1,0.029750269829276026,0.02782882921630714,0.125,4
mixstyle,erm,True,0.031172497562542048,0.02402421417682772,0.0005771628668140901,0.029193968065928246,0.02882555752329002,0.0444163110508178,-0.1720718937250666,10,0.25,ratio,0.2,0.029750269829276026,0.02782882921630714,0.125,3
mixstyle,erm,True,0.031172497562542048,0.02402421417682772,0.0005771628668140901,0.029193968065928246,0.02882555752329002,0.0444163110508178,-0.1720718937250666,10,0.25,design,0.02,0.029750269829276026,0.02782882921630714,0.125,
mixstyle,erm,True,0.031172497562542048,0.02402421417682772,0.0005771628668140901,0.029193968065928246,0.02882555752329002,0.0444163110508178,-0.1720718937250666,10,0.25,design,0.05,0.029750269829276026,0.02782882921630714,0.125,12
mixstyle,erm,True,0.031172497562542048,0.02402421417682772,0.0005771628668140901,0.029193968065928246,0.02882555752329002,0.0444163110508178,-0.1720718937250666,10,0.25,design,0.1,0.029750269829276026,0.02782882921630714,0.125,4
mixstyle,erm,True,0.031172497562542048,0.02402421417682772,0.0005771628668140901,0.029193968065928246,0.02882555752329002,0.0444163110508178,-0.1720718937250666,10,0.25,design,0.2,0.029750269829276026,0.02782882921630714,0.125,3
mixstyle,erm,True,0.031172497562542048,0.02402421417682772,0.0005771628668140901,0.029193968065928246,0.02882555752329002,0.0444163110508178,-0.1720718937250666,10,0.5,ratio,0.02,0.032133964078534104,0.02782882921630714,0.25,33
mixstyle,erm,True,0.031172497562542048,0.02402421417682772,0.0005771628668140901,0.029193968065928246,0.02882555752329002,0.0444163110508178,-0.1720718937250666,10,0.5,ratio,0.05,0.032133964078534104,0.02782882921630714,0.25,8
mixstyle,erm,True,0.031172497562542048,0.02402421417682772,0.0005771628668140901,0.029193968065928246,0.02882555752329002,0.0444163110508178,-0.1720718937250666,10,0.5,ratio,0.1,0.032133964078534104,0.02782882921630714,0.25,4
mixstyle,erm,True,0.031172497562542048,0.02402421417682772,0.0005771628668140901,0.029193968065928246,0.02882555752329002,0.0444163110508178,-0.1720718937250666,10,0.5,ratio,0.2,0.032133964078534104,0.02782882921630714,0.25,3
mixstyle,erm,True,0.031172497562542048,0.02402421417682772,0.0005771628668140901,0.029193968065928246,0.02882555752329002,0.0444163110508178,-0.1720718937250666,10,0.5,design,0.02,0.032133964078534104,0.02782882921630714,0.25,
mixstyle,erm,True,0.031172497562542048,0.02402421417682772,0.0005771628668140901,0.029193968065928246,0.02882555752329002,0.0444163110508178,-0.1720718937250666,10,0.5,design,0.05,0.032133964078534104,0.02782882921630714,0.25,
mixstyle,erm,True,0.031172497562542048,0.02402421417682772,0.0005771628668140901,0.029193968065928246,0.02882555752329002,0.0444163110508178,-0.1720718937250666,10,0.5,design,0.1,0.032133964078534104,0.02782882921630714,0.25,4
mixstyle,erm,True,0.031172497562542048,0.02402421417682772,0.0005771628668140901,0.029193968065928246,0.02882555752329002,0.0444163110508178,-0.1720718937250666,10,0.5,design,0.2,0.032133964078534104,0.02782882921630714,0.25,3
sam,erm,True,0.0029706379497400326,0.0,-0.0001636419958220455,0.011322492861748705,0.02882555752329002,0.029365514268481756,0.14826126332607145,1,0.0,none,0.02,0.029365514268481756,0.029365514268481756,0.0,19
sam,erm,True,0.0029706379497400326,0.0,-0.0001636419958220455,0.011322492861748705,0.02882555752329002,0.029365514268481756,0.14826126332607145,1,0.0,none,0.05,0.029365514268481756,0.029365514268481756,0.0,5
sam,erm,True,0.0029706379497400326,0.0,-0.0001636419958220455,0.011322492861748705,0.02882555752329002,0.029365514268481756,0.14826126332607145,1,0.0,none,0.1,0.029365514268481756,0.029365514268481756,0.0,3
sam,erm,True,0.0029706379497400326,0.0,-0.0001636419958220455,0.011322492861748705,0.02882555752329002,0.029365514268481756,0.14826126332607145,1,0.0,none,0.2,0.029365514268481756,0.029365514268481756,0.0,3
sam,erm,True,0.0029706379497400326,0.0,-0.0001636419958220455,0.011322492861748705,0.02882555752329002,0.029365514268481756,0.14826126332607145,1,0.25,ratio,0.02,0.03139305525116581,0.029365514268481756,0.125,27
sam,erm,True,0.0029706379497400326,0.0,-0.0001636419958220455,0.011322492861748705,0.02882555752329002,0.029365514268481756,0.14826126332607145,1,0.25,ratio,0.05,0.03139305525116581,0.029365514268481756,0.125,7
sam,erm,True,0.0029706379497400326,0.0,-0.0001636419958220455,0.011322492861748705,0.02882555752329002,0.029365514268481756,0.14826126332607145,1,0.25,ratio,0.1,0.03139305525116581,0.029365514268481756,0.125,4
sam,erm,True,0.0029706379497400326,0.0,-0.0001636419958220455,0.011322492861748705,0.02882555752329002,0.029365514268481756,0.14826126332607145,1,0.25,ratio,0.2,0.03139305525116581,0.029365514268481756,0.125,3
sam,erm,True,0.0029706379497400326,0.0,-0.0001636419958220455,0.011322492861748705,0.02882555752329002,0.029365514268481756,0.14826126332607145,1,0.25,design,0.02,0.03139305525116581,0.029365514268481756,0.125,
sam,erm,True,0.0029706379497400326,0.0,-0.0001636419958220455,0.011322492861748705,0.02882555752329002,0.029365514268481756,0.14826126332607145,1,0.25,design,0.05,0.03139305525116581,0.029365514268481756,0.125,16
sam,erm,True,0.0029706379497400326,0.0,-0.0001636419958220455,0.011322492861748705,0.02882555752329002,0.029365514268481756,0.14826126332607145,1,0.25,design,0.1,0.03139305525116581,0.029365514268481756,0.125,4
sam,erm,True,0.0029706379497400326,0.0,-0.0001636419958220455,0.011322492861748705,0.02882555752329002,0.029365514268481756,0.14826126332607145,1,0.25,design,0.2,0.03139305525116581,0.029365514268481756,0.125,3
sam,erm,True,0.0029706379497400326,0.0,-0.0001636419958220455,0.011322492861748705,0.02882555752329002,0.029365514268481756,0.14826126332607145,1,0.5,ratio,0.02,0.03390837513559948,0.029365514268481756,0.25,36
sam,erm,True,0.0029706379497400326,0.0,-0.0001636419958220455,0.011322492861748705,0.02882555752329002,0.029365514268481756,0.14826126332607145,1,0.5,ratio,0.05,0.03390837513559948,0.029365514268481756,0.25,8
sam,erm,True,0.0029706379497400326,0.0,-0.0001636419958220455,0.011322492861748705,0.02882555752329002,0.029365514268481756,0.14826126332607145,1,0.5,ratio,0.1,0.03390837513559948,0.029365514268481756,0.25,4
sam,erm,True,0.0029706379497400326,0.0,-0.0001636419958220455,0.011322492861748705,0.02882555752329002,0.029365514268481756,0.14826126332607145,1,0.5,ratio,0.2,0.03390837513559948,0.029365514268481756,0.25,3
sam,erm,True,0.0029706379497400326,0.0,-0.0001636419958220455,0.011322492861748705,0.02882555752329002,0.029365514268481756,0.14826126332607145,1,0.5,design,0.02,0.03390837513559948,0.029365514268481756,0.25,
sam,erm,True,0.0029706379497400326,0.0,-0.0001636419958220455,0.011322492861748705,0.02882555752329002,0.029365514268481756,0.14826126332607145,1,0.5,design,0.05,0.03390837513559948,0.029365514268481756,0.25,
sam,erm,True,0.0029706379497400326,0.0,-0.0001636419958220455,0.011322492861748705,0.02882555752329002,0.029365514268481756,0.14826126332607145,1,0.5,design,0.1,0.03390837513559948,0.029365514268481756,0.25,5
sam,erm,True,0.0029706379497400326,0.0,-0.0001636419958220455,0.011322492861748705,0.02882555752329002,0.029365514268481756,0.14826126332607145,1,0.5,design,0.2,0.03390837513559948,0.029365514268481756,0.25,3
sam,erm,True,0.0029706379497400326,0.0,-0.0001636419958220455,0.011322492861748705,0.02882555752329002,0.029365514268481756,0.14826126332607145,3,0.0,none,0.02,0.016954187567799737,0.016954187567799737,0.0,8
sam,erm,True,0.0029706379497400326,0.0,-0.0001636419958220455,0.011322492861748705,0.02882555752329002,0.029365514268481756,0.14826126332607145,3,0.0,none,0.05,0.016954187567799737,0.016954187567799737,0.0,4
sam,erm,True,0.0029706379497400326,0.0,-0.0001636419958220455,0.011322492861748705,0.02882555752329002,0.029365514268481756,0.14826126332607145,3,0.0,none,0.1,0.016954187567799737,0.016954187567799737,0.0,3
sam,erm,True,0.0029706379497400326,0.0,-0.0001636419958220455,0.011322492861748705,0.02882555752329002,0.029365514268481756,0.14826126332607145,3,0.0,none,0.2,0.016954187567799737,0.016954187567799737,0.0,2
sam,erm,True,0.0029706379497400326,0.0,-0.0001636419958220455,0.011322492861748705,0.02882555752329002,0.029365514268481756,0.14826126332607145,3,0.25,ratio,0.02,0.018124788899945374,0.016954187567799737,0.125,11
sam,erm,True,0.0029706379497400326,0.0,-0.0001636419958220455,0.011322492861748705,0.02882555752329002,0.029365514268481756,0.14826126332607145,3,0.25,ratio,0.05,0.018124788899945374,0.016954187567799737,0.125,4
sam,erm,True,0.0029706379497400326,0.0,-0.0001636419958220455,0.011322492861748705,0.02882555752329002,0.029365514268481756,0.14826126332607145,3,0.25,ratio,0.1,0.018124788899945374,0.016954187567799737,0.125,3
sam,erm,True,0.0029706379497400326,0.0,-0.0001636419958220455,0.011322492861748705,0.02882555752329002,0.029365514268481756,0.14826126332607145,3,0.25,ratio,0.2,0.018124788899945374,0.016954187567799737,0.125,3
sam,erm,True,0.0029706379497400326,0.0,-0.0001636419958220455,0.011322492861748705,0.02882555752329002,0.029365514268481756,0.14826126332607145,3,0.25,design,0.02,0.018124788899945374,0.016954187567799737,0.125,
sam,erm,True,0.0029706379497400326,0.0,-0.0001636419958220455,0.011322492861748705,0.02882555752329002,0.029365514268481756,0.14826126332607145,3,0.25,design,0.05,0.018124788899945374,0.016954187567799737,0.125,4
sam,erm,True,0.0029706379497400326,0.0,-0.0001636419958220455,0.011322492861748705,0.02882555752329002,0.029365514268481756,0.14826126332607145,3,0.25,design,0.1,0.018124788899945374,0.016954187567799737,0.125,3
sam,erm,True,0.0029706379497400326,0.0,-0.0001636419958220455,0.011322492861748705,0.02882555752329002,0.029365514268481756,0.14826126332607145,3,0.25,design,0.2,0.018124788899945374,0.016954187567799737,0.125,3
sam,erm,True,0.0029706379497400326,0.0,-0.0001636419958220455,0.011322492861748705,0.02882555752329002,0.029365514268481756,0.14826126332607145,3,0.5,ratio,0.02,0.01957700951232117,0.016954187567799737,0.25,14
sam,erm,True,0.0029706379497400326,0.0,-0.0001636419958220455,0.011322492861748705,0.02882555752329002,0.029365514268481756,0.14826126332607145,3,0.5,ratio,0.05,0.01957700951232117,0.016954187567799737,0.25,5
sam,erm,True,0.0029706379497400326,0.0,-0.0001636419958220455,0.011322492861748705,0.02882555752329002,0.029365514268481756,0.14826126332607145,3,0.5,ratio,0.1,0.01957700951232117,0.016954187567799737,0.25,3
sam,erm,True,0.0029706379497400326,0.0,-0.0001636419958220455,0.011322492861748705,0.02882555752329002,0.029365514268481756,0.14826126332607145,3,0.5,ratio,0.2,0.01957700951232117,0.016954187567799737,0.25,3
sam,erm,True,0.0029706379497400326,0.0,-0.0001636419958220455,0.011322492861748705,0.02882555752329002,0.029365514268481756,0.14826126332607145,3,0.5,design,0.02,0.01957700951232117,0.016954187567799737,0.25,
sam,erm,True,0.0029706379497400326,0.0,-0.0001636419958220455,0.011322492861748705,0.02882555752329002,0.029365514268481756,0.14826126332607145,3,0.5,design,0.05,0.01957700951232117,0.016954187567799737,0.25,6
sam,erm,True,0.0029706379497400326,0.0,-0.0001636419958220455,0.011322492861748705,0.02882555752329002,0.029365514268481756,0.14826126332607145,3,0.5,design,0.1,0.01957700951232117,0.016954187567799737,0.25,3
sam,erm,True,0.0029706379497400326,0.0,-0.0001636419958220455,0.011322492861748705,0.02882555752329002,0.029365514268481756,0.14826126332607145,3,0.5,design,0.2,0.01957700951232117,0.016954187567799737,0.25,3
sam,erm,True,0.0029706379497400326,0.0,-0.0001636419958220455,0.011322492861748705,0.02882555752329002,0.029365514268481756,0.14826126332607145,5,0.0,none,0.02,0.013132657219713044,0.013132657219713044,0.0,6
sam,erm,True,0.0029706379497400326,0.0,-0.0001636419958220455,0.011322492861748705,0.02882555752329002,0.029365514268481756,0.14826126332607145,5,0.0,none,0.05,0.013132657219713044,0.013132657219713044,0.0,3
sam,erm,True,0.0029706379497400326,0.0,-0.0001636419958220455,0.011322492861748705,0.02882555752329002,0.029365514268481756,0.14826126332607145,5,0.0,none,0.1,0.013132657219713044,0.013132657219713044,0.0,3
sam,erm,True,0.0029706379497400326,0.0,-0.0001636419958220455,0.011322492861748705,0.02882555752329002,0.029365514268481756,0.14826126332607145,5,0.0,none,0.2,0.013132657219713044,0.013132657219713044,0.0,2
sam,erm,True,0.0029706379497400326,0.0,-0.0001636419958220455,0.011322492861748705,0.02882555752329002,0.029365514268481756,0.14826126332607145,5,0.25,ratio,0.02,0.014039401112602698,0.013132657219713044,0.125,7
sam,erm,True,0.0029706379497400326,0.0,-0.0001636419958220455,0.011322492861748705,0.02882555752329002,0.029365514268481756,0.14826126332607145,5,0.25,ratio,0.05,0.014039401112602698,0.013132657219713044,0.125,4
sam,erm,True,0.0029706379497400326,0.0,-0.0001636419958220455,0.011322492861748705,0.02882555752329002,0.029365514268481756,0.14826126332607145,5,0.25,ratio,0.1,0.014039401112602698,0.013132657219713044,0.125,3
sam,erm,True,0.0029706379497400326,0.0,-0.0001636419958220455,0.011322492861748705,0.02882555752329002,0.029365514268481756,0.14826126332607145,5,0.25,ratio,0.2,0.014039401112602698,0.013132657219713044,0.125,2
sam,erm,True,0.0029706379497400326,0.0,-0.0001636419958220455,0.011322492861748705,0.02882555752329002,0.029365514268481756,0.14826126332607145,5,0.25,design,0.02,0.014039401112602698,0.013132657219713044,0.125,117
sam,erm,True,0.0029706379497400326,0.0,-0.0001636419958220455,0.011322492861748705,0.02882555752329002,0.029365514268481756,0.14826126332607145,5,0.25,design,0.05,0.014039401112602698,0.013132657219713044,0.125,4
sam,erm,True,0.0029706379497400326,0.0,-0.0001636419958220455,0.011322492861748705,0.02882555752329002,0.029365514268481756,0.14826126332607145,5,0.25,design,0.1,0.014039401112602698,0.013132657219713044,0.125,3
sam,erm,True,0.0029706379497400326,0.0,-0.0001636419958220455,0.011322492861748705,0.02882555752329002,0.029365514268481756,0.14826126332607145,5,0.25,design,0.2,0.014039401112602698,0.013132657219713044,0.125,2
sam,erm,True,0.0029706379497400326,0.0,-0.0001636419958220455,0.011322492861748705,0.02882555752329002,0.029365514268481756,0.14826126332607145,5,0.5,ratio,0.02,0.015164286361952817,0.013132657219713044,0.25,9
sam,erm,True,0.0029706379497400326,0.0,-0.0001636419958220455,0.011322492861748705,0.02882555752329002,0.029365514268481756,0.14826126332607145,5,0.5,ratio,0.05,0.015164286361952817,0.013132657219713044,0.25,4
sam,erm,True,0.0029706379497400326,0.0,-0.0001636419958220455,0.011322492861748705,0.02882555752329002,0.029365514268481756,0.14826126332607145,5,0.5,ratio,0.1,0.015164286361952817,0.013132657219713044,0.25,3
sam,erm,True,0.0029706379497400326,0.0,-0.0001636419958220455,0.011322492861748705,0.02882555752329002,0.029365514268481756,0.14826126332607145,5,0.5,ratio,0.2,0.015164286361952817,0.013132657219713044,0.25,3
sam,erm,True,0.0029706379497400326,0.0,-0.0001636419958220455,0.011322492861748705,0.02882555752329002,0.029365514268481756,0.14826126332607145,5,0.5,design,0.02,0.015164286361952817,0.013132657219713044,0.25,
sam,erm,True,0.0029706379497400326,0.0,-0.0001636419958220455,0.011322492861748705,0.02882555752329002,0.029365514268481756,0.14826126332607145,5,0.5,design,0.05,0.015164286361952817,0.013132657219713044,0.25,4
sam,erm,True,0.0029706379497400326,0.0,-0.0001636419958220455,0.011322492861748705,0.02882555752329002,0.029365514268481756,0.14826126332607145,5,0.5,design,0.1,0.015164286361952817,0.013132657219713044,0.25,3
sam,erm,True,0.0029706379497400326,0.0,-0.0001636419958220455,0.011322492861748705,0.02882555752329002,0.029365514268481756,0.14826126332607145,5,0.5,design,0.2,0.015164286361952817,0.013132657219713044,0.25,2
sam,erm,True,0.0029706379497400326,0.0,-0.0001636419958220455,0.011322492861748705,0.02882555752329002,0.029365514268481756,0.14826126332607145,10,0.0,none,0.02,0.009286190975057566,0.009286190975057566,0.0,4
sam,erm,True,0.0029706379497400326,0.0,-0.0001636419958220455,0.011322492861748705,0.02882555752329002,0.029365514268481756,0.14826126332607145,10,0.0,none,0.05,0.009286190975057566,0.009286190975057566,0.0,3
sam,erm,True,0.0029706379497400326,0.0,-0.0001636419958220455,0.011322492861748705,0.02882555752329002,0.029365514268481756,0.14826126332607145,10,0.0,none,0.1,0.009286190975057566,0.009286190975057566,0.0,3
sam,erm,True,0.0029706379497400326,0.0,-0.0001636419958220455,0.011322492861748705,0.02882555752329002,0.029365514268481756,0.14826126332607145,10,0.0,none,0.2,0.009286190975057566,0.009286190975057566,0.0,2
sam,erm,True,0.0029706379497400326,0.0,-0.0001636419958220455,0.011322492861748705,0.02882555752329002,0.029365514268481756,0.14826126332607145,10,0.25,ratio,0.02,0.009927355730519328,0.009286190975057566,0.125,5
sam,erm,True,0.0029706379497400326,0.0,-0.0001636419958220455,0.011322492861748705,0.02882555752329002,0.029365514268481756,0.14826126332607145,10,0.25,ratio,0.05,0.009927355730519328,0.009286190975057566,0.125,3
sam,erm,True,0.0029706379497400326,0.0,-0.0001636419958220455,0.011322492861748705,0.02882555752329002,0.029365514268481756,0.14826126332607145,10,0.25,ratio,0.1,0.009927355730519328,0.009286190975057566,0.125,3
sam,erm,True,0.0029706379497400326,0.0,-0.0001636419958220455,0.011322492861748705,0.02882555752329002,0.029365514268481756,0.14826126332607145,10,0.25,ratio,0.2,0.009927355730519328,0.009286190975057566,0.125,2
sam,erm,True,0.0029706379497400326,0.0,-0.0001636419958220455,0.011322492861748705,0.02882555752329002,0.029365514268481756,0.14826126332607145,10,0.25,design,0.02,0.009927355730519328,0.009286190975057566,0.125,7
sam,erm,True,0.0029706379497400326,0.0,-0.0001636419958220455,0.011322492861748705,0.02882555752329002,0.029365514268481756,0.14826126332607145,10,0.25,design,0.05,0.009927355730519328,0.009286190975057566,0.125,3
sam,erm,True,0.0029706379497400326,0.0,-0.0001636419958220455,0.011322492861748705,0.02882555752329002,0.029365514268481756,0.14826126332607145,10,0.25,design,0.1,0.009927355730519328,0.009286190975057566,0.125,3
sam,erm,True,0.0029706379497400326,0.0,-0.0001636419958220455,0.011322492861748705,0.02882555752329002,0.029365514268481756,0.14826126332607145,10,0.25,design,0.2,0.009927355730519328,0.009286190975057566,0.125,2
sam,erm,True,0.0029706379497400326,0.0,-0.0001636419958220455,0.011322492861748705,0.02882555752329002,0.029365514268481756,0.14826126332607145,10,0.5,ratio,0.02,0.010722769718391518,0.009286190975057566,0.25,6
sam,erm,True,0.0029706379497400326,0.0,-0.0001636419958220455,0.011322492861748705,0.02882555752329002,0.029365514268481756,0.14826126332607145,10,0.5,ratio,0.05,0.010722769718391518,0.009286190975057566,0.25,3
sam,erm,True,0.0029706379497400326,0.0,-0.0001636419958220455,0.011322492861748705,0.02882555752329002,0.029365514268481756,0.14826126332607145,10,0.5,ratio,0.1,0.010722769718391518,0.009286190975057566,0.25,3
sam,erm,True,0.0029706379497400326,0.0,-0.0001636419958220455,0.011322492861748705,0.02882555752329002,0.029365514268481756,0.14826126332607145,10,0.5,ratio,0.2,0.010722769718391518,0.009286190975057566,0.25,2
sam,erm,True,0.0029706379497400326,0.0,-0.0001636419958220455,0.011322492861748705,0.02882555752329002,0.029365514268481756,0.14826126332607145,10,0.5,design,0.02,0.010722769718391518,0.009286190975057566,0.25,
sam,erm,True,0.0029706379497400326,0.0,-0.0001636419958220455,0.011322492861748705,0.02882555752329002,0.029365514268481756,0.14826126332607145,10,0.5,design,0.05,0.010722769718391518,0.009286190975057566,0.25,3
sam,erm,True,0.0029706379497400326,0.0,-0.0001636419958220455,0.011322492861748705,0.02882555752329002,0.029365514268481756,0.14826126332607145,10,0.5,design,0.1,0.010722769718391518,0.009286190975057566,0.25,3
sam,erm,True,0.0029706379497400326,0.0,-0.0001636419958220455,0.011322492861748705,0.02882555752329002,0.029365514268481756,0.14826126332607145,10,0.5,design,0.2,0.010722769718391518,0.009286190975057566,0.25,2
simclr,erm,True,0.02480422578148658,0.021678599084386244,0.0004699616582615521,0.017034166641307382,0.02882555752329002,0.026952547037099428,0.40185362104325706,1,0.0,none,0.02,0.034589036558548565,0.034589036558548565,0.0,26
simclr,erm,True,0.02480422578148658,0.021678599084386244,0.0004699616582615521,0.017034166641307382,0.02882555752329002,0.026952547037099428,0.40185362104325706,1,0.0,none,0.05,0.034589036558548565,0.034589036558548565,0.0,6
simclr,erm,True,0.02480422578148658,0.021678599084386244,0.0004699616582615521,0.017034166641307382,0.02882555752329002,0.026952547037099428,0.40185362104325706,1,0.0,none,0.1,0.034589036558548565,0.034589036558548565,0.0,4
simclr,erm,True,0.02480422578148658,0.021678599084386244,0.0004699616582615521,0.017034166641307382,0.02882555752329002,0.026952547037099428,0.40185362104325706,1,0.0,none,0.2,0.034589036558548565,0.034589036558548565,0.0,3
simclr,erm,True,0.02480422578148658,0.021678599084386244,0.0004699616582615521,0.017034166641307382,0.02882555752329002,0.026952547037099428,0.40185362104325706,1,0.25,ratio,0.02,0.03697723546876776,0.034589036558548565,0.125,36
simclr,erm,True,0.02480422578148658,0.021678599084386244,0.0004699616582615521,0.017034166641307382,0.02882555752329002,0.026952547037099428,0.40185362104325706,1,0.25,ratio,0.05,0.03697723546876776,0.034589036558548565,0.125,8
simclr,erm,True,0.02480422578148658,0.021678599084386244,0.0004699616582615521,0.017034166641307382,0.02882555752329002,0.026952547037099428,0.40185362104325706,1,0.25,ratio,0.1,0.03697723546876776,0.034589036558548565,0.125,4
simclr,erm,True,0.02480422578148658,0.021678599084386244,0.0004699616582615521,0.017034166641307382,0.02882555752329002,0.026952547037099428,0.40185362104325706,1,0.25,ratio,0.2,0.03697723546876776,0.034589036558548565,0.125,3
simclr,erm,True,0.02480422578148658,0.021678599084386244,0.0004699616582615521,0.017034166641307382,0.02882555752329002,0.026952547037099428,0.40185362104325706,1,0.25,design,0.02,0.03697723546876776,0.034589036558548565,0.125,
simclr,erm,True,0.02480422578148658,0.021678599084386244,0.0004699616582615521,0.017034166641307382,0.02882555752329002,0.026952547037099428,0.40185362104325706,1,0.25,design,0.05,0.03697723546876776,0.034589036558548565,0.125,
simclr,erm,True,0.02480422578148658,0.021678599084386244,0.0004699616582615521,0.017034166641307382,0.02882555752329002,0.026952547037099428,0.40185362104325706,1,0.25,design,0.1,0.03697723546876776,0.034589036558548565,0.125,4
simclr,erm,True,0.02480422578148658,0.021678599084386244,0.0004699616582615521,0.017034166641307382,0.02882555752329002,0.026952547037099428,0.40185362104325706,1,0.25,design,0.2,0.03697723546876776,0.034589036558548565,0.125,3
simclr,erm,True,0.02480422578148658,0.021678599084386244,0.0004699616582615521,0.017034166641307382,0.02882555752329002,0.026952547037099428,0.40185362104325706,1,0.5,ratio,0.02,0.03993997913617564,0.034589036558548565,0.25,49
simclr,erm,True,0.02480422578148658,0.021678599084386244,0.0004699616582615521,0.017034166641307382,0.02882555752329002,0.026952547037099428,0.40185362104325706,1,0.5,ratio,0.05,0.03993997913617564,0.034589036558548565,0.25,10
simclr,erm,True,0.02480422578148658,0.021678599084386244,0.0004699616582615521,0.017034166641307382,0.02882555752329002,0.026952547037099428,0.40185362104325706,1,0.5,ratio,0.1,0.03993997913617564,0.034589036558548565,0.25,5
simclr,erm,True,0.02480422578148658,0.021678599084386244,0.0004699616582615521,0.017034166641307382,0.02882555752329002,0.026952547037099428,0.40185362104325706,1,0.5,ratio,0.2,0.03993997913617564,0.034589036558548565,0.25,3
simclr,erm,True,0.02480422578148658,0.021678599084386244,0.0004699616582615521,0.017034166641307382,0.02882555752329002,0.026952547037099428,0.40185362104325706,1,0.5,design,0.02,0.03993997913617564,0.034589036558548565,0.25,
simclr,erm,True,0.02480422578148658,0.021678599084386244,0.0004699616582615521,0.017034166641307382,0.02882555752329002,0.026952547037099428,0.40185362104325706,1,0.5,design,0.05,0.03993997913617564,0.034589036558548565,0.25,
simclr,erm,True,0.02480422578148658,0.021678599084386244,0.0004699616582615521,0.017034166641307382,0.02882555752329002,0.026952547037099428,0.40185362104325706,1,0.5,design,0.1,0.03993997913617564,0.034589036558548565,0.25,6
simclr,erm,True,0.02480422578148658,0.021678599084386244,0.0004699616582615521,0.017034166641307382,0.02882555752329002,0.026952547037099428,0.40185362104325706,1,0.5,design,0.2,0.03993997913617564,0.034589036558548565,0.25,3
simclr,erm,True,0.02480422578148658,0.021678599084386244,0.0004699616582615521,0.017034166641307382,0.02882555752329002,0.026952547037099428,0.40185362104325706,3,0.0,none,0.02,0.02668535657479406,0.02668535657479406,0.0,16
simclr,erm,True,0.02480422578148658,0.021678599084386244,0.0004699616582615521,0.017034166641307382,0.02882555752329002,0.026952547037099428,0.40185362104325706,3,0.0,none,0.05,0.02668535657479406,0.02668535657479406,0.0,5
simclr,erm,True,0.02480422578148658,0.021678599084386244,0.0004699616582615521,0.017034166641307382,0.02882555752329002,0.026952547037099428,0.40185362104325706,3,0.0,none,0.1,0.02668535657479406,0.02668535657479406,0.0,3
simclr,erm,True,0.02480422578148658,0.021678599084386244,0.0004699616582615521,0.017034166641307382,0.02882555752329002,0.026952547037099428,0.40185362104325706,3,0.0,none,0.2,0.02668535657479406,0.02668535657479406,0.0,3
simclr,erm,True,0.02480422578148658,0.021678599084386244,0.0004699616582615521,0.017034166641307382,0.02882555752329002,0.026952547037099428,0.40185362104325706,3,0.25,ratio,0.02,0.02852784615622136,0.02668535657479406,0.125,22
simclr,erm,True,0.02480422578148658,0.021678599084386244,0.0004699616582615521,0.017034166641307382,0.02882555752329002,0.026952547037099428,0.40185362104325706,3,0.25,ratio,0.05,0.02852784615622136,0.02668535657479406,0.125,6
simclr,erm,True,0.02480422578148658,0.021678599084386244,0.0004699616582615521,0.017034166641307382,0.02882555752329002,0.026952547037099428,0.40185362104325706,3,0.25,ratio,0.1,0.02852784615622136,0.02668535657479406,0.125,4
simclr,erm,True,0.02480422578148658,0.021678599084386244,0.0004699616582615521,0.017034166641307382,0.02882555752329002,0.026952547037099428,0.40185362104325706,3,0.25,ratio,0.2,0.02852784615622136,0.02668535657479406,0.125,3
simclr,erm,True,0.02480422578148658,0.021678599084386244,0.0004699616582615521,0.017034166641307382,0.02882555752329002,0.026952547037099428,0.40185362104325706,3,0.25,design,0.02,0.02852784615622136,0.02668535657479406,0.125,
simclr,erm,True,0.02480422578148658,0.021678599084386244,0.0004699616582615521,0.017034166641307382,0.02882555752329002,0.026952547037099428,0.40185362104325706,3,0.25,design,0.05,0.02852784615622136,0.02668535657479406,0.125,10
simclr,erm,True,0.02480422578148658,0.021678599084386244,0.0004699616582615521,0.017034166641307382,0.02882555752329002,0.026952547037099428,0.40185362104325706,3,0.25,design,0.1,0.02852784615622136,0.02668535657479406,0.125,4
simclr,erm,True,0.02480422578148658,0.021678599084386244,0.0004699616582615521,0.017034166641307382,0.02882555752329002,0.026952547037099428,0.40185362104325706,3,0.25,design,0.2,0.02852784615622136,0.02668535657479406,0.125,3
simclr,erm,True,0.02480422578148658,0.021678599084386244,0.0004699616582615521,0.017034166641307382,0.02882555752329002,0.026952547037099428,0.40185362104325706,3,0.5,ratio,0.02,0.030813595603757002,0.02668535657479406,0.25,30
simclr,erm,True,0.02480422578148658,0.021678599084386244,0.0004699616582615521,0.017034166641307382,0.02882555752329002,0.026952547037099428,0.40185362104325706,3,0.5,ratio,0.05,0.030813595603757002,0.02668535657479406,0.25,7
simclr,erm,True,0.02480422578148658,0.021678599084386244,0.0004699616582615521,0.017034166641307382,0.02882555752329002,0.026952547037099428,0.40185362104325706,3,0.5,ratio,0.1,0.030813595603757002,0.02668535657479406,0.25,4
simclr,erm,True,0.02480422578148658,0.021678599084386244,0.0004699616582615521,0.017034166641307382,0.02882555752329002,0.026952547037099428,0.40185362104325706,3,0.5,ratio,0.2,0.030813595603757002,0.02668535657479406,0.25,3
simclr,erm,True,0.02480422578148658,0.021678599084386244,0.0004699616582615521,0.017034166641307382,0.02882555752329002,0.026952547037099428,0.40185362104325706,3,0.5,design,0.02,0.030813595603757002,0.02668535657479406,0.25,
simclr,erm,True,0.02480422578148658,0.021678599084386244,0.0004699616582615521,0.017034166641307382,0.02882555752329002,0.026952547037099428,0.40185362104325706,3,0.5,design,0.05,0.030813595603757002,0.02668535657479406,0.25,
simclr,erm,True,0.02480422578148658,0.021678599084386244,0.0004699616582615521,0.017034166641307382,0.02882555752329002,0.026952547037099428,0.40185362104325706,3,0.5,design,0.1,0.030813595603757002,0.02668535657479406,0.25,4
simclr,erm,True,0.02480422578148658,0.021678599084386244,0.0004699616582615521,0.017034166641307382,0.02882555752329002,0.026952547037099428,0.40185362104325706,3,0.5,design,0.2,0.030813595603757002,0.02668535657479406,0.25,3
simclr,erm,True,0.02480422578148658,0.021678599084386244,0.0004699616582615521,0.017034166641307382,0.02882555752329002,0.026952547037099428,0.40185362104325706,5,0.0,none,0.02,0.02480422578148658,0.02480422578148658,0.0,15
simclr,erm,True,0.02480422578148658,0.021678599084386244,0.0004699616582615521,0.017034166641307382,0.02882555752329002,0.026952547037099428,0.40185362104325706,5,0.0,none,0.05,0.02480422578148658,0.02480422578148658,0.0,5
simclr,erm,True,0.02480422578148658,0.021678599084386244,0.0004699616582615521,0.017034166641307382,0.02882555752329002,0.026952547037099428,0.40185362104325706,5,0.0,none,0.1,0.02480422578148658,0.02480422578148658,0.0,3
simclr,erm,True,0.02480422578148658,0.021678599084386244,0.0004699616582615521,0.017034166641307382,0.02882555752329002,0.026952547037099428,0.40185362104325706,5,0.0,none,0.2,0.02480422578148658,0.02480422578148658,0.0,3
simclr,erm,True,0.02480422578148658,0.021678599084386244,0.0004699616582615521,0.017034166641307382,0.02882555752329002,0.026952547037099428,0.40185362104325706,5,0.25,ratio,0.02,0.026516832748145116,0.02480422578148658,0.125,20
simclr,erm,True,0.02480422578148658,0.021678599084386244,0.0004699616582615521,0.017034166641307382,0.02882555752329002,0.026952547037099428,0.40185362104325706,5,0.25,ratio,0.05,0.026516832748145116,0.02480422578148658,0.125,5
simclr,erm,True,0.02480422578148658,0.021678599084386244,0.0004699616582615521,0.017034166641307382,0.02882555752329002,0.026952547037099428,0.40185362104325706,5,0.25,ratio,0.1,0.026516832748145116,0.02480422578148658,0.125,3
simclr,erm,True,0.02480422578148658,0.021678599084386244,0.0004699616582615521,0.017034166641307382,0.02882555752329002,0.026952547037099428,0.40185362104325706,5,0.25,ratio,0.2,0.026516832748145116,0.02480422578148658,0.125,3
simclr,erm,True,0.02480422578148658,0.021678599084386244,0.0004699616582615521,0.017034166641307382,0.02882555752329002,0.026952547037099428,0.40185362104325706,5,0.25,design,0.02,0.026516832748145116,0.02480422578148658,0.125,
simclr,erm,True,0.02480422578148658,0.021678599084386244,0.0004699616582615521,0.017034166641307382,0.02882555752329002,0.026952547037099428,0.40185362104325706,5,0.25,design,0.05,0.026516832748145116,0.02480422578148658,0.125,8
simclr,erm,True,0.02480422578148658,0.021678599084386244,0.0004699616582615521,0.017034166641307382,0.02882555752329002,0.026952547037099428,0.40185362104325706,5,0.25,design,0.1,0.026516832748145116,0.02480422578148658,0.125,3
simclr,erm,True,0.02480422578148658,0.021678599084386244,0.0004699616582615521,0.017034166641307382,0.02882555752329002,0.026952547037099428,0.40185362104325706,5,0.25,design,0.2,0.026516832748145116,0.02480422578148658,0.125,3
simclr,erm,True,0.02480422578148658,0.021678599084386244,0.0004699616582615521,0.017034166641307382,0.02882555752329002,0.026952547037099428,0.40185362104325706,5,0.5,ratio,0.02,0.028641452863963066,0.02480422578148658,0.25,27
simclr,erm,True,0.02480422578148658,0.021678599084386244,0.0004699616582615521,0.017034166641307382,0.02882555752329002,0.026952547037099428,0.40185362104325706,5,0.5,ratio,0.05,0.028641452863963066,0.02480422578148658,0.25,7
simclr,erm,True,0.02480422578148658,0.021678599084386244,0.0004699616582615521,0.017034166641307382,0.02882555752329002,0.026952547037099428,0.40185362104325706,5,0.5,ratio,0.1,0.028641452863963066,0.02480422578148658,0.25,4
simclr,erm,True,0.02480422578148658,0.021678599084386244,0.0004699616582615521,0.017034166641307382,0.02882555752329002,0.026952547037099428,0.40185362104325706,5,0.5,ratio,0.2,0.028641452863963066,0.02480422578148658,0.25,3
simclr,erm,True,0.02480422578148658,0.021678599084386244,0.0004699616582615521,0.017034166641307382,0.02882555752329002,0.026952547037099428,0.40185362104325706,5,0.5,design,0.02,0.028641452863963066,0.02480422578148658,0.25,
simclr,erm,True,0.02480422578148658,0.021678599084386244,0.0004699616582615521,0.017034166641307382,0.02882555752329002,0.026952547037099428,0.40185362104325706,5,0.5,design,0.05,0.028641452863963066,0.02480422578148658,0.25,
simclr,erm,True,0.02480422578148658,0.021678599084386244,0.0004699616582615521,0.017034166641307382,0.02882555752329002,0.026952547037099428,0.40185362104325706,5,0.5,design,0.1,0.028641452863963066,0.02480422578148658,0.25,4
simclr,erm,True,0.02480422578148658,0.021678599084386244,0.0004699616582615521,0.017034166641307382,0.02882555752329002,0.026952547037099428,0.40185362104325706,5,0.5,design,0.2,0.028641452863963066,0.02480422578148658,0.25,3
simclr,erm,True,0.02480422578148658,0.021678599084386244,0.0004699616582615521,0.017034166641307382,0.02882555752329002,0.026952547037099428,0.40185362104325706,10,0.0,none,0.02,0.023293896999863672,0.023293896999863672,0.0,13
simclr,erm,True,0.02480422578148658,0.021678599084386244,0.0004699616582615521,0.017034166641307382,0.02882555752329002,0.026952547037099428,0.40185362104325706,10,0.0,none,0.05,0.023293896999863672,0.023293896999863672,0.0,4
simclr,erm,True,0.02480422578148658,0.021678599084386244,0.0004699616582615521,0.017034166641307382,0.02882555752329002,0.026952547037099428,0.40185362104325706,10,0.0,none,0.1,0.023293896999863672,0.023293896999863672,0.0,3
simclr,erm,True,0.02480422578148658,0.021678599084386244,0.0004699616582615521,0.017034166641307382,0.02882555752329002,0.026952547037099428,0.40185362104325706,10,0.0,none,0.2,0.023293896999863672,0.023293896999863672,0.0,3
simclr,erm,True,0.02480422578148658,0.021678599084386244,0.0004699616582615521,0.017034166641307382,0.02882555752329002,0.026952547037099428,0.40185362104325706,10,0.25,ratio,0.02,0.024902223364654648,0.023293896999863672,0.125,18
simclr,erm,True,0.02480422578148658,0.021678599084386244,0.0004699616582615521,0.017034166641307382,0.02882555752329002,0.026952547037099428,0.40185362104325706,10,0.25,ratio,0.05,0.024902223364654648,0.023293896999863672,0.125,5
simclr,erm,True,0.02480422578148658,0.021678599084386244,0.0004699616582615521,0.017034166641307382,0.02882555752329002,0.026952547037099428,0.40185362104325706,10,0.25,ratio,0.1,0.024902223364654648,0.023293896999863672,0.125,3
simclr,erm,True,0.02480422578148658,0.021678599084386244,0.0004699616582615521,0.017034166641307382,0.02882555752329002,0.026952547037099428,0.40185362104325706,10,0.25,ratio,0.2,0.024902223364654648,0.023293896999863672,0.125,3
simclr,erm,True,0.02480422578148658,0.021678599084386244,0.0004699616582615521,0.017034166641307382,0.02882555752329002,0.026952547037099428,0.40185362104325706,10,0.25,design,0.02,0.024902223364654648,0.023293896999863672,0.125,
simclr,erm,True,0.02480422578148658,0.021678599084386244,0.0004699616582615521,0.017034166641307382,0.02882555752329002,0.026952547037099428,0.40185362104325706,10,0.25,design,0.05,0.024902223364654648,0.023293896999863672,0.125,7
simclr,erm,True,0.02480422578148658,0.021678599084386244,0.0004699616582615521,0.017034166641307382,0.02882555752329002,0.026952547037099428,0.40185362104325706,10,0.25,design,0.1,0.024902223364654648,0.023293896999863672,0.125,3
simclr,erm,True,0.02480422578148658,0.021678599084386244,0.0004699616582615521,0.017034166641307382,0.02882555752329002,0.026952547037099428,0.40185362104325706,10,0.25,design,0.2,0.024902223364654648,0.023293896999863672,0.125,3
simclr,erm,True,0.02480422578148658,0.021678599084386244,0.0004699616582615521,0.017034166641307382,0.02882555752329002,0.026952547037099428,0.40185362104325706,10,0.5,ratio,0.02,0.026897475406693416,0.023293896999863672,0.25,24
simclr,erm,True,0.02480422578148658,0.021678599084386244,0.0004699616582615521,0.017034166641307382,0.02882555752329002,0.026952547037099428,0.40185362104325706,10,0.5,ratio,0.05,0.026897475406693416,0.023293896999863672,0.25,6
simclr,erm,True,0.02480422578148658,0.021678599084386244,0.0004699616582615521,0.017034166641307382,0.02882555752329002,0.026952547037099428,0.40185362104325706,10,0.5,ratio,0.1,0.026897475406693416,0.023293896999863672,0.25,4
simclr,erm,True,0.02480422578148658,0.021678599084386244,0.0004699616582615521,0.017034166641307382,0.02882555752329002,0.026952547037099428,0.40185362104325706,10,0.5,ratio,0.2,0.026897475406693416,0.023293896999863672,0.25,3
simclr,erm,True,0.02480422578148658,0.021678599084386244,0.0004699616582615521,0.017034166641307382,0.02882555752329002,0.026952547037099428,0.40185362104325706,10,0.5,design,0.02,0.026897475406693416,0.023293896999863672,0.25,
simclr,erm,True,0.02480422578148658,0.021678599084386244,0.0004699616582615521,0.017034166641307382,0.02882555752329002,0.026952547037099428,0.40185362104325706,10,0.5,design,0.05,0.026897475406693416,0.023293896999863672,0.25,
simclr,erm,True,0.02480422578148658,0.021678599084386244,0.0004699616582615521,0.017034166641307382,0.02882555752329002,0.026952547037099428,0.40185362104325706,10,0.5,design,0.1,0.026897475406693416,0.023293896999863672,0.25,4
simclr,erm,True,0.02480422578148658,0.021678599084386244,0.0004699616582615521,0.017034166641307382,0.02882555752329002,0.026952547037099428,0.40185362104325706,10,0.5,design,0.2,0.026897475406693416,0.023293896999863672,0.25,3
simclr_sam,erm,True,0.03046367244690556,0.02500734778953723,0.0006253674434668726,0.019256668037498575,0.02882555752329002,0.03890166419868694,-0.2806848504775647,1,0.0,none,0.02,0.04624615574179408,0.04624615574179408,0.0,44
simclr_sam,erm,True,0.03046367244690556,0.02500734778953723,0.0006253674434668726,0.019256668037498575,0.02882555752329002,0.03890166419868694,-0.2806848504775647,1,0.0,none,0.05,0.04624615574179408,0.04624615574179408,0.0,9
simclr_sam,erm,True,0.03046367244690556,0.02500734778953723,0.0006253674434668726,0.019256668037498575,0.02882555752329002,0.03890166419868694,-0.2806848504775647,1,0.0,none,0.1,0.04624615574179408,0.04624615574179408,0.0,4
simclr_sam,erm,True,0.03046367244690556,0.02500734778953723,0.0006253674434668726,0.019256668037498575,0.02882555752329002,0.03890166419868694,-0.2806848504775647,1,0.0,none,0.2,0.04624615574179408,0.04624615574179408,0.0,3
simclr_sam,erm,True,0.03046367244690556,0.02500734778953723,0.0006253674434668726,0.019256668037498575,0.02882555752329002,0.03890166419868694,-0.2806848504775647,1,0.25,ratio,0.02,0.04943922006890913,0.04624615574179408,0.125,62
simclr_sam,erm,True,0.03046367244690556,0.02500734778953723,0.0006253674434668726,0.019256668037498575,0.02882555752329002,0.03890166419868694,-0.2806848504775647,1,0.25,ratio,0.05,0.04943922006890913,0.04624615574179408,0.125,12
simclr_sam,erm,True,0.03046367244690556,0.02500734778953723,0.0006253674434668726,0.019256668037498575,0.02882555752329002,0.03890166419868694,-0.2806848504775647,1,0.25,ratio,0.1,0.04943922006890913,0.04624615574179408,0.125,5
simclr_sam,erm,True,0.03046367244690556,0.02500734778953723,0.0006253674434668726,0.019256668037498575,0.02882555752329002,0.03890166419868694,-0.2806848504775647,1,0.25,ratio,0.2,0.04943922006890913,0.04624615574179408,0.125,3
simclr_sam,erm,True,0.03046367244690556,0.02500734778953723,0.0006253674434668726,0.019256668037498575,0.02882555752329002,0.03890166419868694,-0.2806848504775647,1,0.25,design,0.02,0.04943922006890913,0.04624615574179408,0.125,
simclr_sam,erm,True,0.03046367244690556,0.02500734778953723,0.0006253674434668726,0.019256668037498575,0.02882555752329002,0.03890166419868694,-0.2806848504775647,1,0.25,design,0.05,0.04943922006890913,0.04624615574179408,0.125,
simclr_sam,erm,True,0.03046367244690556,0.02500734778953723,0.0006253674434668726,0.019256668037498575,0.02882555752329002,0.03890166419868694,-0.2806848504775647,1,0.25,design,0.1,0.04943922006890913,0.04624615574179408,0.125,7
simclr_sam,erm,True,0.03046367244690556,0.02500734778953723,0.0006253674434668726,0.019256668037498575,0.02882555752329002,0.03890166419868694,-0.2806848504775647,1,0.25,design,0.2,0.04943922006890913,0.04624615574179408,0.125,3
simclr_sam,erm,True,0.03046367244690556,0.02500734778953723,0.0006253674434668726,0.019256668037498575,0.02882555752329002,0.03890166419868694,-0.2806848504775647,1,0.5,ratio,0.02,0.053400460933020345,0.04624615574179408,0.25,86
simclr_sam,erm,True,0.03046367244690556,0.02500734778953723,0.0006253674434668726,0.019256668037498575,0.02882555752329002,0.03890166419868694,-0.2806848504775647,1,0.5,ratio,0.05,0.053400460933020345,0.04624615574179408,0.25,16
simclr_sam,erm,True,0.03046367244690556,0.02500734778953723,0.0006253674434668726,0.019256668037498575,0.02882555752329002,0.03890166419868694,-0.2806848504775647,1,0.5,ratio,0.1,0.053400460933020345,0.04624615574179408,0.25,6
simclr_sam,erm,True,0.03046367244690556,0.02500734778953723,0.0006253674434668726,0.019256668037498575,0.02882555752329002,0.03890166419868694,-0.2806848504775647,1,0.5,ratio,0.2,0.053400460933020345,0.04624615574179408,0.25,4
simclr_sam,erm,True,0.03046367244690556,0.02500734778953723,0.0006253674434668726,0.019256668037498575,0.02882555752329002,0.03890166419868694,-0.2806848504775647,1,0.5,design,0.02,0.053400460933020345,0.04624615574179408,0.25,
simclr_sam,erm,True,0.03046367244690556,0.02500734778953723,0.0006253674434668726,0.019256668037498575,0.02882555752329002,0.03890166419868694,-0.2806848504775647,1,0.5,design,0.05,0.053400460933020345,0.04624615574179408,0.25,
simclr_sam,erm,True,0.03046367244690556,0.02500734778953723,0.0006253674434668726,0.019256668037498575,0.02882555752329002,0.03890166419868694,-0.2806848504775647,1,0.5,design,0.1,0.053400460933020345,0.04624615574179408,0.25,
simclr_sam,erm,True,0.03046367244690556,0.02500734778953723,0.0006253674434668726,0.019256668037498575,0.02882555752329002,0.03890166419868694,-0.2806848504775647,1,0.5,design,0.2,0.053400460933020345,0.04624615574179408,0.25,4
simclr_sam,erm,True,0.03046367244690556,0.02500734778953723,0.0006253674434668726,0.019256668037498575,0.02882555752329002,0.03890166419868694,-0.2806848504775647,3,0.0,none,0.02,0.03361270497806853,0.03361270497806853,0.0,25
simclr_sam,erm,True,0.03046367244690556,0.02500734778953723,0.0006253674434668726,0.019256668037498575,0.02882555752329002,0.03890166419868694,-0.2806848504775647,3,0.0,none,0.05,0.03361270497806853,0.03361270497806853,0.0,6
simclr_sam,erm,True,0.03046367244690556,0.02500734778953723,0.0006253674434668726,0.019256668037498575,0.02882555752329002,0.03890166419868694,-0.2806848504775647,3,0.0,none,0.1,0.03361270497806853,0.03361270497806853,0.0,4
simclr_sam,erm,True,0.03046367244690556,0.02500734778953723,0.0006253674434668726,0.019256668037498575,0.02882555752329002,0.03890166419868694,-0.2806848504775647,3,0.0,none,0.2,0.03361270497806853,0.03361270497806853,0.0,3
simclr_sam,erm,True,0.03046367244690556,0.02500734778953723,0.0006253674434668726,0.019256668037498575,0.02882555752329002,0.03890166419868694,-0.2806848504775647,3,0.25,ratio,0.02,0.0359334931058981,0.03361270497806853,0.125,34
simclr_sam,erm,True,0.03046367244690556,0.02500734778953723,0.0006253674434668726,0.019256668037498575,0.02882555752329002,0.03890166419868694,-0.2806848504775647,3,0.25,ratio,0.05,0.0359334931058981,0.03361270497806853,0.125,8
simclr_sam,erm,True,0.03046367244690556,0.02500734778953723,0.0006253674434668726,0.019256668037498575,0.02882555752329002,0.03890166419868694,-0.2806848504775647,3,0.25,ratio,0.1,0.0359334931058981,0.03361270497806853,0.125,4
simclr_sam,erm,True,0.03046367244690556,0.02500734778953723,0.0006253674434668726,0.019256668037498575,0.02882555752329002,0.03890166419868694,-0.2806848504775647,3,0.25,ratio,0.2,0.0359334931058981,0.03361270497806853,0.125,3
simclr_sam,erm,True,0.03046367244690556,0.02500734778953723,0.0006253674434668726,0.019256668037498575,0.02882555752329002,0.03890166419868694,-0.2806848504775647,3,0.25,design,0.02,0.0359334931058981,0.03361270497806853,0.125,
simclr_sam,erm,True,0.03046367244690556,0.02500734778953723,0.0006253674434668726,0.019256668037498575,0.02882555752329002,0.03890166419868694,-0.2806848504775647,3,0.25,design,0.05,0.0359334931058981,0.03361270497806853,0.125,
simclr_sam,erm,True,0.03046367244690556,0.02500734778953723,0.0006253674434668726,0.019256668037498575,0.02882555752329002,0.03890166419868694,-0.2806848504775647,3,0.25,design,0.1,0.0359334931058981,0.03361270497806853,0.125,4
simclr_sam,erm,True,0.03046367244690556,0.02500734778953723,0.0006253674434668726,0.019256668037498575,0.02882555752329002,0.03890166419868694,-0.2806848504775647,3,0.25,design,0.2,0.0359334931058981,0.03361270497806853,0.125,3
simclr_sam,erm,True,0.03046367244690556,0.02500734778953723,0.0006253674434668726,0.019256668037498575,0.02882555752329002,0.03890166419868694,-0.2806848504775647,3,0.5,ratio,0.02,0.03881260853455868,0.03361270497806853,0.25,47
simclr_sam,erm,True,0.03046367244690556,0.02500734778953723,0.0006253674434668726,0.019256668037498575,0.02882555752329002,0.03890166419868694,-0.2806848504775647,3,0.5,ratio,0.05,0.03881260853455868,0.03361270497806853,0.25,10
simclr_sam,erm,True,0.03046367244690556,0.02500734778953723,0.0006253674434668726,0.019256668037498575,0.02882555752329002,0.03890166419868694,-0.2806848504775647,3,0.5,ratio,0.1,0.03881260853455868,0.03361270497806853,0.25,5
simclr_sam,erm,True,0.03046367244690556,0.02500734778953723,0.0006253674434668726,0.019256668037498575,0.02882555752329002,0.03890166419868694,-0.2806848504775647,3,0.5,ratio,0.2,0.03881260853455868,0.03361270497806853,0.25,3
simclr_sam,erm,True,0.03046367244690556,0.02500734778953723,0.0006253674434668726,0.019256668037498575,0.02882555752329002,0.03890166419868694,-0.2806848504775647,3,0.5,design,0.02,0.03881260853455868,0.03361270497806853,0.25,
simclr_sam,erm,True,0.03046367244690556,0.02500734778953723,0.0006253674434668726,0.019256668037498575,0.02882555752329002,0.03890166419868694,-0.2806848504775647,3,0.5,design,0.05,0.03881260853455868,0.03361270497806853,0.25,
simclr_sam,erm,True,0.03046367244690556,0.02500734778953723,0.0006253674434668726,0.019256668037498575,0.02882555752329002,0.03890166419868694,-0.2806848504775647,3,0.5,design,0.1,0.03881260853455868,0.03361270497806853,0.25,6
simclr_sam,erm,True,0.03046367244690556,0.02500734778953723,0.0006253674434668726,0.019256668037498575,0.02882555752329002,0.03890166419868694,-0.2806848504775647,3,0.5,design,0.2,0.03881260853455868,0.03361270497806853,0.25,3
simclr_sam,erm,True,0.03046367244690556,0.02500734778953723,0.0006253674434668726,0.019256668037498575,0.02882555752329002,0.03890166419868694,-0.2806848504775647,5,0.0,none,0.02,0.03046367244690556,0.03046367244690556,0.0,21
simclr_sam,erm,True,0.03046367244690556,0.02500734778953723,0.0006253674434668726,0.019256668037498575,0.02882555752329002,0.03890166419868694,-0.2806848504775647,5,0.0,none,0.05,0.03046367244690556,0.03046367244690556,0.0,6
simclr_sam,erm,True,0.03046367244690556,0.02500734778953723,0.0006253674434668726,0.019256668037498575,0.02882555752329002,0.03890166419868694,-0.2806848504775647,5,0.0,none,0.1,0.03046367244690556,0.03046367244690556,0.0,3
simclr_sam,erm,True,0.03046367244690556,0.02500734778953723,0.0006253674434668726,0.019256668037498575,0.02882555752329002,0.03890166419868694,-0.2806848504775647,5,0.0,none,0.2,0.03046367244690556,0.03046367244690556,0.0,3
simclr_sam,erm,True,0.03046367244690556,0.02500734778953723,0.0006253674434668726,0.019256668037498575,0.02882555752329002,0.03890166419868694,-0.2806848504775647,5,0.25,ratio,0.02,0.03256703572549313,0.03046367244690556,0.125,28
simclr_sam,erm,True,0.03046367244690556,0.02500734778953723,0.0006253674434668726,0.019256668037498575,0.02882555752329002,0.03890166419868694,-0.2806848504775647,5,0.25,ratio,0.05,0.03256703572549313,0.03046367244690556,0.125,7
simclr_sam,erm,True,0.03046367244690556,0.02500734778953723,0.0006253674434668726,0.019256668037498575,0.02882555752329002,0.03890166419868694,-0.2806848504775647,5,0.25,ratio,0.1,0.03256703572549313,0.03046367244690556,0.125,4
simclr_sam,erm,True,0.03046367244690556,0.02500734778953723,0.0006253674434668726,0.019256668037498575,0.02882555752329002,0.03890166419868694,-0.2806848504775647,5,0.25,ratio,0.2,0.03256703572549313,0.03046367244690556,0.125,3
simclr_sam,erm,True,0.03046367244690556,0.02500734778953723,0.0006253674434668726,0.019256668037498575,0.02882555752329002,0.03890166419868694,-0.2806848504775647,5,0.25,design,0.02,0.03256703572549313,0.03046367244690556,0.125,
simclr_sam,erm,True,0.03046367244690556,0.02500734778953723,0.0006253674434668726,0.019256668037498575,0.02882555752329002,0.03890166419868694,-0.2806848504775647,5,0.25,design,0.05,0.03256703572549313,0.03046367244690556,0.125,22
simclr_sam,erm,True,0.03046367244690556,0.02500734778953723,0.0006253674434668726,0.019256668037498575,0.02882555752329002,0.03890166419868694,-0.2806848504775647,5,0.25,design,0.1,0.03256703572549313,0.03046367244690556,0.125,4
simclr_sam,erm,True,0.03046367244690556,0.02500734778953723,0.0006253674434668726,0.019256668037498575,0.02882555752329002,0.03890166419868694,-0.2806848504775647,5,0.25,design,0.2,0.03256703572549313,0.03046367244690556,0.125,3
simclr_sam,erm,True,0.03046367244690556,0.02500734778953723,0.0006253674434668726,0.019256668037498575,0.02882555752329002,0.03890166419868694,-0.2806848504775647,5,0.5,ratio,0.02,0.03517641897545102,0.03046367244690556,0.25,39
simclr_sam,erm,True,0.03046367244690556,0.02500734778953723,0.0006253674434668726,0.019256668037498575,0.02882555752329002,0.03890166419868694,-0.2806848504775647,5,0.5,ratio,0.05,0.03517641897545102,0.03046367244690556,0.25,8
simclr_sam,erm,True,0.03046367244690556,0.02500734778953723,0.0006253674434668726,0.019256668037498575,0.02882555752329002,0.03890166419868694,-0.2806848504775647,5,0.5,ratio,0.1,0.03517641897545102,0.03046367244690556,0.25,4
simclr_sam,erm,True,0.03046367244690556,0.02500734778953723,0.0006253674434668726,0.019256668037498575,0.02882555752329002,0.03890166419868694,-0.2806848504775647,5,0.5,ratio,0.2,0.03517641897545102,0.03046367244690556,0.25,3
simclr_sam,erm,True,0.03046367244690556,0.02500734778953723,0.0006253674434668726,0.019256668037498575,0.02882555752329002,0.03890166419868694,-0.2806848504775647,5,0.5,design,0.02,0.03517641897545102,0.03046367244690556,0.25,
simclr_sam,erm,True,0.03046367244690556,0.02500734778953723,0.0006253674434668726,0.019256668037498575,0.02882555752329002,0.03890166419868694,-0.2806848504775647,5,0.5,design,0.05,0.03517641897545102,0.03046367244690556,0.25,
simclr_sam,erm,True,0.03046367244690556,0.02500734778953723,0.0006253674434668726,0.019256668037498575,0.02882555752329002,0.03890166419868694,-0.2806848504775647,5,0.5,design,0.1,0.03517641897545102,0.03046367244690556,0.25,5
simclr_sam,erm,True,0.03046367244690556,0.02500734778953723,0.0006253674434668726,0.019256668037498575,0.02882555752329002,0.03890166419868694,-0.2806848504775647,5,0.5,design,0.2,0.03517641897545102,0.03046367244690556,0.25,3
simclr_sam,erm,True,0.03046367244690556,0.02500734778953723,0.0006253674434668726,0.019256668037498575,0.02882555752329002,0.03890166419868694,-0.2806848504775647,10,0.0,none,0.02,0.02786936294947577,0.02786936294947577,0.0,18
simclr_sam,erm,True,0.03046367244690556,0.02500734778953723,0.0006253674434668726,0.019256668037498575,0.02882555752329002,0.03890166419868694,-0.2806848504775647,10,0.0,none,0.05,0.02786936294947577,0.02786936294947577,0.0,5
simclr_sam,erm,True,0.03046367244690556,0.02500734778953723,0.0006253674434668726,0.019256668037498575,0.02882555752329002,0.03890166419868694,-0.2806848504775647,10,0.0,none,0.1,0.02786936294947577,0.02786936294947577,0.0,3
simclr_sam,erm,True,0.03046367244690556,0.02500734778953723,0.0006253674434668726,0.019256668037498575,0.02882555752329002,0.03890166419868694,-0.2806848504775647,10,0.0,none,0.2,0.02786936294947577,0.02786936294947577,0.0,3
simclr_sam,erm,True,0.03046367244690556,0.02500734778953723,0.0006253674434668726,0.019256668037498575,0.02882555752329002,0.03890166419868694,-0.2806848504775647,10,0.25,ratio,0.02,0.029793602212740005,0.02786936294947577,0.125,24
simclr_sam,erm,True,0.03046367244690556,0.02500734778953723,0.0006253674434668726,0.019256668037498575,0.02882555752329002,0.03890166419868694,-0.2806848504775647,10,0.25,ratio,0.05,0.029793602212740005,0.02786936294947577,0.125,6
simclr_sam,erm,True,0.03046367244690556,0.02500734778953723,0.0006253674434668726,0.019256668037498575,0.02882555752329002,0.03890166419868694,-0.2806848504775647,10,0.25,ratio,0.1,0.029793602212740005,0.02786936294947577,0.125,4
simclr_sam,erm,True,0.03046367244690556,0.02500734778953723,0.0006253674434668726,0.019256668037498575,0.02882555752329002,0.03890166419868694,-0.2806848504775647,10,0.25,ratio,0.2,0.029793602212740005,0.02786936294947577,0.125,3
simclr_sam,erm,True,0.03046367244690556,0.02500734778953723,0.0006253674434668726,0.019256668037498575,0.02882555752329002,0.03890166419868694,-0.2806848504775647,10,0.25,design,0.02,0.029793602212740005,0.02786936294947577,0.125,
simclr_sam,erm,True,0.03046367244690556,0.02500734778953723,0.0006253674434668726,0.019256668037498575,0.02882555752329002,0.03890166419868694,-0.2806848504775647,10,0.25,design,0.05,0.029793602212740005,0.02786936294947577,0.125,12
simclr_sam,erm,True,0.03046367244690556,0.02500734778953723,0.0006253674434668726,0.019256668037498575,0.02882555752329002,0.03890166419868694,-0.2806848504775647,10,0.25,design,0.1,0.029793602212740005,0.02786936294947577,0.125,4
simclr_sam,erm,True,0.03046367244690556,0.02500734778953723,0.0006253674434668726,0.019256668037498575,0.02882555752329002,0.03890166419868694,-0.2806848504775647,10,0.25,design,0.2,0.029793602212740005,0.02786936294947577,0.125,3
simclr_sam,erm,True,0.03046367244690556,0.02500734778953723,0.0006253674434668726,0.019256668037498575,0.02882555752329002,0.03890166419868694,-0.2806848504775647,10,0.5,ratio,0.02,0.032180768402046436,0.02786936294947577,0.25,33
simclr_sam,erm,True,0.03046367244690556,0.02500734778953723,0.0006253674434668726,0.019256668037498575,0.02882555752329002,0.03890166419868694,-0.2806848504775647,10,0.5,ratio,0.05,0.032180768402046436,0.02786936294947577,0.25,8
simclr_sam,erm,True,0.03046367244690556,0.02500734778953723,0.0006253674434668726,0.019256668037498575,0.02882555752329002,0.03890166419868694,-0.2806848504775647,10,0.5,ratio,0.1,0.032180768402046436,0.02786936294947577,0.25,4
simclr_sam,erm,True,0.03046367244690556,0.02500734778953723,0.0006253674434668726,0.019256668037498575,0.02882555752329002,0.03890166419868694,-0.2806848504775647,10,0.5,ratio,0.2,0.032180768402046436,0.02786936294947577,0.25,3
simclr_sam,erm,True,0.03046367244690556,0.02500734778953723,0.0006253674434668726,0.019256668037498575,0.02882555752329002,0.03890166419868694,-0.2806848504775647,10,0.5,design,0.02,0.032180768402046436,0.02786936294947577,0.25,
simclr_sam,erm,True,0.03046367244690556,0.02500734778953723,0.0006253674434668726,0.019256668037498575,0.02882555752329002,0.03890166419868694,-0.2806848504775647,10,0.5,design,0.05,0.032180768402046436,0.02786936294947577,0.25,
simclr_sam,erm,True,0.03046367244690556,0.02500734778953723,0.0006253674434668726,0.019256668037498575,0.02882555752329002,0.03890166419868694,-0.2806848504775647,10,0.5,design,0.1,0.032180768402046436,0.02786936294947577,0.25,4
simclr_sam,erm,True,0.03046367244690556,0.02500734778953723,0.0006253674434668726,0.019256668037498575,0.02882555752329002,0.03890166419868694,-0.2806848504775647,10,0.5,design,0.2,0.032180768402046436,0.02786936294947577,0.25,3
tia_style,erm,True,0.020922618006013343,0.016414747692939862,0.00026944394182287453,0.003326334690342703,0.02882555752329002,0.02900965377272531,0.0021758550550795403,1,0.0,none,0.02,0.0333317259354548,0.0333317259354548,0.0,24
tia_style,erm,True,0.020922618006013343,0.016414747692939862,0.00026944394182287453,0.003326334690342703,0.02882555752329002,0.02900965377272531,0.0021758550550795403,1,0.0,none,0.05,0.0333317259354548,0.0333317259354548,0.0,6
tia_style,erm,True,0.020922618006013343,0.016414747692939862,0.00026944394182287453,0.003326334690342703,0.02882555752329002,0.02900965377272531,0.0021758550550795403,1,0.0,none,0.1,0.0333317259354548,0.0333317259354548,0.0,4
tia_style,erm,True,0.020922618006013343,0.016414747692939862,0.00026944394182287453,0.003326334690342703,0.02882555752329002,0.02900965377272531,0.0021758550550795403,1,0.0,none,0.2,0.0333317259354548,0.0333317259354548,0.0,3
tia_style,erm,True,0.020922618006013343,0.016414747692939862,0.00026944394182287453,0.003326334690342703,0.02882555752329002,0.02900965377272531,0.0021758550550795403,1,0.25,ratio,0.02,0.035633113874376864,0.0333317259354548,0.125,34
tia_style,erm,True,0.020922618006013343,0.016414747692939862,0.00026944394182287453,0.003326334690342703,0.02882555752329002,0.02900965377272531,0.0021758550550795403,1,0.25,ratio,0.05,0.035633113874376864,0.0333317259354548,0.125,8
tia_style,erm,True,0.020922618006013343,0.016414747692939862,0.00026944394182287453,0.003326334690342703,0.02882555752329002,0.02900965377272531,0.0021758550550795403,1,0.25,ratio,0.1,0.035633113874376864,0.0333317259354548,0.125,4
tia_style,erm,True,0.020922618006013343,0.016414747692939862,0.00026944394182287453,0.003326334690342703,0.02882555752329002,0.02900965377272531,0.0021758550550795403,1,0.25,ratio,0.2,0.035633113874376864,0.0333317259354548,0.125,3
tia_style,erm,True,0.020922618006013343,0.016414747692939862,0.00026944394182287453,0.003326334690342703,0.02882555752329002,0.02900965377272531,0.0021758550550795403,1,0.25,design,0.02,0.035633113874376864,0.0333317259354548,0.125,
tia_style,erm,True,0.020922618006013343,0.016414747692939862,0.00026944394182287453,0.003326334690342703,0.02882555752329002,0.02900965377272531,0.0021758550550795403,1,0.25,design,0.05,0.035633113874376864,0.0333317259354548,0.125,
tia_style,erm,True,0.020922618006013343,0.016414747692939862,0.00026944394182287453,0.003326334690342703,0.02882555752329002,0.02900965377272531,0.0021758550550795403,1,0.25,design,0.1,0.035633113874376864,0.0333317259354548,0.125,4
tia_style,erm,True,0.020922618006013343,0.016414747692939862,0.00026944394182287453,0.003326334690342703,0.02882555752329002,0.02900965377272531,0.0021758550550795403,1,0.25,design,0.2,0.035633113874376864,0.0333317259354548,0.125,3
tia_style,erm,True,0.020922618006013343,0.016414747692939862,0.00026944394182287453,0.003326334690342703,0.02882555752329002,0.02900965377272531,0.0021758550550795403,1,0.5,ratio,0.02,0.03848816188277932,0.0333317259354548,0.25,46
tia_style,erm,True,0.020922618006013343,0.016414747692939862,0.00026944394182287453,0.003326334690342703,0.02882555752329002,0.02900965377272531,0.0021758550550795403,1,0.5,ratio,0.05,0.03848816188277932,0.0333317259354548,0.25,10
tia_style,erm,True,0.020922618006013343,0.016414747692939862,0.00026944394182287453,0.003326334690342703,0.02882555752329002,0.02900965377272531,0.0021758550550795403,1,0.5,ratio,0.1,0.03848816188277932,0.0333317259354548,0.25,5
tia_style,erm,True,0.020922618006013343,0.016414747692939862,0.00026944394182287453,0.003326334690342703,0.02882555752329002,0.02900965377272531,0.0021758550550795403,1,0.5,ratio,0.2,0.03848816188277932,0.0333317259354548,0.25,3
tia_style,erm,True,0.020922618006013343,0.016414747692939862,0.00026944394182287453,0.003326334690342703,0.02882555752329002,0.02900965377272531,0.0021758550550795403,1,0.5,design,0.02,0.03848816188277932,0.0333317259354548,0.25,
tia_style,erm,True,0.020922618006013343,0.016414747692939862,0.00026944394182287453,0.003326334690342703,0.02882555752329002,0.02900965377272531,0.0021758550550795403,1,0.5,design,0.05,0.03848816188277932,0.0333317259354548,0.25,
tia_style,erm,True,0.020922618006013343,0.016414747692939862,0.00026944394182287453,0.003326334690342703,0.02882555752329002,0.02900965377272531,0.0021758550550795403,1,0.5,design,0.1,0.03848816188277932,0.0333317259354548,0.25,6
tia_style,erm,True,0.020922618006013343,0.016414747692939862,0.00026944394182287453,0.003326334690342703,0.02882555752329002,0.02900965377272531,0.0021758550550795403,1,0.5,design,0.2,0.03848816188277932,0.0333317259354548,0.25,3
tia_style,erm,True,0.020922618006013343,0.016414747692939862,0.00026944394182287453,0.003326334690342703,0.02882555752329002,0.02900965377272531,0.0021758550550795403,3,0.0,none,0.02,0.023451310108975568,0.023451310108975568,0.0,13
tia_style,erm,True,0.020922618006013343,0.016414747692939862,0.00026944394182287453,0.003326334690342703,0.02882555752329002,0.02900965377272531,0.0021758550550795403,3,0.0,none,0.05,0.023451310108975568,0.023451310108975568,0.0,4
tia_style,erm,True,0.020922618006013343,0.016414747692939862,0.00026944394182287453,0.003326334690342703,0.02882555752329002,0.02900965377272531,0.0021758550550795403,3,0.0,none,0.1,0.023451310108975568,0.023451310108975568,0.0,3
tia_style,erm,True,0.020922618006013343,0.016414747692939862,0.00026944394182287453,0.003326334690342703,0.02882555752329002,0.02900965377272531,0.0021758550550795403,3,0.0,none,0.2,0.023451310108975568,0.023451310108975568,0.0,3
tia_style,erm,True,0.020922618006013343,0.016414747692939862,0.00026944394182287453,0.003326334690342703,0.02882555752329002,0.02900965377272531,0.0021758550550795403,3,0.25,ratio,0.02,0.02507050505679281,0.023451310108975568,0.125,18
tia_style,erm,True,0.020922618006013343,0.016414747692939862,0.00026944394182287453,0.003326334690342703,0.02882555752329002,0.02900965377272531,0.0021758550550795403,3,0.25,ratio,0.05,0.02507050505679281,0.023451310108975568,0.125,5
tia_style,erm,True,0.020922618006013343,0.016414747692939862,0.00026944394182287453,0.003326334690342703,0.02882555752329002,0.02900965377272531,0.0021758550550795403,3,0.25,ratio,0.1,0.02507050505679281,0.023451310108975568,0.125,3
tia_style,erm,True,0.020922618006013343,0.016414747692939862,0.00026944394182287453,0.003326334690342703,0.02882555752329002,0.02900965377272531,0.0021758550550795403,3,0.25,ratio,0.2,0.02507050505679281,0.023451310108975568,0.125,3
tia_style,erm,True,0.020922618006013343,0.016414747692939862,0.00026944394182287453,0.003326334690342703,0.02882555752329002,0.02900965377272531,0.0021758550550795403,3,0.25,design,0.02,0.02507050505679281,0.023451310108975568,0.125,
tia_style,erm,True,0.020922618006013343,0.016414747692939862,0.00026944394182287453,0.003326334690342703,0.02882555752329002,0.02900965377272531,0.0021758550550795403,3,0.25,design,0.05,0.02507050505679281,0.023451310108975568,0.125,7
tia_style,erm,True,0.020922618006013343,0.016414747692939862,0.00026944394182287453,0.003326334690342703,0.02882555752329002,0.02900965377272531,0.0021758550550795403,3,0.25,design,0.1,0.02507050505679281,0.023451310108975568,0.125,3
tia_style,erm,True,0.020922618006013343,0.016414747692939862,0.00026944394182287453,0.003326334690342703,0.02882555752329002,0.02900965377272531,0.0021758550550795403,3,0.25,design,0.2,0.02507050505679281,0.023451310108975568,0.125,3
tia_style,erm,True,0.020922618006013343,0.016414747692939862,0.00026944394182287453,0.003326334690342703,0.02882555752329002,0.02900965377272531,0.0021758550550795403,3,0.5,ratio,0.02,0.02707924040853287,0.023451310108975568,0.25,24
tia_style,erm,True,0.020922618006013343,0.016414747692939862,0.00026944394182287453,0.003326334690342703,0.02882555752329002,0.02900965377272531,0.0021758550550795403,3,0.5,ratio,0.05,0.02707924040853287,0.023451310108975568,0.25,6
tia_style,erm,True,0.020922618006013343,0.016414747692939862,0.00026944394182287453,0.003326334690342703,0.02882555752329002,0.02900965377272531,0.0021758550550795403,3,0.5,ratio,0.1,0.02707924040853287,0.023451310108975568,0.25,4
tia_style,erm,True,0.020922618006013343,0.016414747692939862,0.00026944394182287453,0.003326334690342703,0.02882555752329002,0.02900965377272531,0.0021758550550795403,3,0.5,ratio,0.2,0.02707924040853287,0.023451310108975568,0.25,3
tia_style,erm,True,0.020922618006013343,0.016414747692939862,0.00026944394182287453,0.003326334690342703,0.02882555752329002,0.02900965377272531,0.0021758550550795403,3,0.5,design,0.02,0.02707924040853287,0.023451310108975568,0.25,
tia_style,erm,True,0.020922618006013343,0.016414747692939862,0.00026944394182287453,0.003326334690342703,0.02882555752329002,0.02900965377272531,0.0021758550550795403,3,0.5,design,0.05,0.02707924040853287,0.023451310108975568,0.25,
tia_style,erm,True,0.020922618006013343,0.016414747692939862,0.00026944394182287453,0.003326334690342703,0.02882555752329002,0.02900965377272531,0.0021758550550795403,3,0.5,design,0.1,0.02707924040853287,0.023451310108975568,0.25,4
tia_style,erm,True,0.020922618006013343,0.016414747692939862,0.00026944394182287453,0.003326334690342703,0.02882555752329002,0.02900965377272531,0.0021758550550795403,3,0.5,design,0.2,0.02707924040853287,0.023451310108975568,0.25,3
tia_style,erm,True,0.020922618006013343,0.016414747692939862,0.00026944394182287453,0.003326334690342703,0.02882555752329002,0.02900965377272531,0.0021758550550795403,5,0.0,none,0.02,0.020922618006013343,0.020922618006013343,0.0,11
tia_style,erm,True,0.020922618006013343,0.016414747692939862,0.00026944394182287453,0.003326334690342703,0.02882555752329002,0.02900965377272531,0.0021758550550795403,5,0.0,none,0.05,0.020922618006013343,0.020922618006013343,0.0,4
tia_style,erm,True,0.020922618006013343,0.016414747692939862,0.00026944394182287453,0.003326334690342703,0.02882555752329002,0.02900965377272531,0.0021758550550795403,5,0.0,none,0.1,0.020922618006013343,0.020922618006013343,0.0,3
tia_style,erm,True,0.020922618006013343,0.016414747692939862,0.00026944394182287453,0.003326334690342703,0.02882555752329002,0.02900965377272531,0.0021758550550795403,5,0.0,none,0.2,0.020922618006013343,0.020922618006013343,0.0,3
tia_style,erm,True,0.020922618006013343,0.016414747692939862,0.00026944394182287453,0.003326334690342703,0.02882555752329002,0.02900965377272531,0.0021758550550795403,5,0.25,ratio,0.02,0.022367219489385515,0.020922618006013343,0.125,15
tia_style,erm,True,0.020922618006013343,0.016414747692939862,0.00026944394182287453,0.003326334690342703,0.02882555752329002,0.02900965377272531,0.0021758550550795403,5,0.25,ratio,0.05,0.022367219489385515,0.020922618006013343,0.125,5
tia_style,erm,True,0.020922618006013343,0.016414747692939862,0.00026944394182287453,0.003326334690342703,0.02882555752329002,0.02900965377272531,0.0021758550550795403,5,0.25,ratio,0.1,0.022367219489385515,0.020922618006013343,0.125,3
tia_style,erm,True,0.020922618006013343,0.016414747692939862,0.00026944394182287453,0.003326334690342703,0.02882555752329002,0.02900965377272531,0.0021758550550795403,5,0.25,ratio,0.2,0.022367219489385515,0.020922618006013343,0.125,3
tia_style,erm,True,0.020922618006013343,0.016414747692939862,0.00026944394182287453,0.003326334690342703,0.02882555752329002,0.02900965377272531,0.0021758550550795403,5,0.25,design,0.02,0.022367219489385515,0.020922618006013343,0.125,
tia_style,erm,True,0.020922618006013343,0.016414747692939862,0.00026944394182287453,0.003326334690342703,0.02882555752329002,0.02900965377272531,0.0021758550550795403,5,0.25,design,0.05,0.022367219489385515,0.020922618006013343,0.125,5
tia_style,erm,True,0.020922618006013343,0.016414747692939862,0.00026944394182287453,0.003326334690342703,0.02882555752329002,0.02900965377272531,0.0021758550550795403,5,0.25,design,0.1,0.022367219489385515,0.020922618006013343,0.125,3
tia_style,erm,True,0.020922618006013343,0.016414747692939862,0.00026944394182287453,0.003326334690342703,0.02882555752329002,0.02900965377272531,0.0021758550550795403,5,0.25,design,0.2,0.022367219489385515,0.020922618006013343,0.125,3
tia_style,erm,True,0.020922618006013343,0.016414747692939862,0.00026944394182287453,0.003326334690342703,0.02882555752329002,0.02900965377272531,0.0021758550550795403,5,0.5,ratio,0.02,0.02415935827584703,0.020922618006013343,0.25,20
tia_style,erm,True,0.020922618006013343,0.016414747692939862,0.00026944394182287453,0.003326334690342703,0.02882555752329002,0.02900965377272531,0.0021758550550795403,5,0.5,ratio,0.05,0.02415935827584703,0.020922618006013343,0.25,5
tia_style,erm,True,0.020922618006013343,0.016414747692939862,0.00026944394182287453,0.003326334690342703,0.02882555752329002,0.02900965377272531,0.0021758550550795403,5,0.5,ratio,0.1,0.02415935827584703,0.020922618006013343,0.25,3
tia_style,erm,True,0.020922618006013343,0.016414747692939862,0.00026944394182287453,0.003326334690342703,0.02882555752329002,0.02900965377272531,0.0021758550550795403,5,0.5,ratio,0.2,0.02415935827584703,0.020922618006013343,0.25,3
tia_style,erm,True,0.020922618006013343,0.016414747692939862,0.00026944394182287453,0.003326334690342703,0.02882555752329002,0.02900965377272531,0.0021758550550795403,5,0.5,design,0.02,0.02415935827584703,0.020922618006013343,0.25,
tia_style,erm,True,0.020922618006013343,0.016414747692939862,0.00026944394182287453,0.003326334690342703,0.02882555752329002,0.02900965377272531,0.0021758550550795403,5,0.5,design,0.05,0.02415935827584703,0.020922618006013343,0.25,24
tia_style,erm,True,0.020922618006013343,0.016414747692939862,0.00026944394182287453,0.003326334690342703,0.02882555752329002,0.02900965377272531,0.0021758550550795403,5,0.5,design,0.1,0.02415935827584703,0.020922618006013343,0.25,3
tia_style,erm,True,0.020922618006013343,0.016414747692939862,0.00026944394182287453,0.003326334690342703,0.02882555752329002,0.02900965377272531,0.0021758550550795403,5,0.5,design,0.2,0.02415935827584703,0.020922618006013343,0.25,3
tia_style,erm,True,0.020922618006013343,0.016414747692939862,0.00026944394182287453,0.003326334690342703,0.02882555752329002,0.02900965377272531,0.0021758550550795403,10,0.0,none,0.02,0.01880425332269841,0.01880425332269841,0.0,10
tia_style,erm,True,0.020922618006013343,0.016414747692939862,0.00026944394182287453,0.003326334690342703,0.02882555752329002,0.02900965377272531,0.0021758550550795403,10,0.0,none,0.05,0.01880425332269841,0.01880425332269841,0.0,4
tia_style,erm,True,0.020922618006013343,0.016414747692939862,0.00026944394182287453,0.003326334690342703,0.02882555752329002,0.02900965377272531,0.0021758550550795403,10,0.0,none,0.1,0.01880425332269841,0.01880425332269841,0.0,3
tia_style,erm,True,0.020922618006013343,0.016414747692939862,0.00026944394182287453,0.003326334690342703,0.02882555752329002,0.02900965377272531,0.0021758550550795403,10,0.0,none,0.2,0.01880425332269841,0.01880425332269841,0.0,3
tia_style,erm,True,0.020922618006013343,0.016414747692939862,0.00026944394182287453,0.003326334690342703,0.02882555752329002,0.02900965377272531,0.0021758550550795403,10,0.25,ratio,0.02,0.02010259238504084,0.01880425332269841,0.125,12
tia_style,erm,True,0.020922618006013343,0.016414747692939862,0.00026944394182287453,0.003326334690342703,0.02882555752329002,0.02900965377272531,0.0021758550550795403,10,0.25,ratio,0.05,0.02010259238504084,0.01880425332269841,0.125,4
tia_style,erm,True,0.020922618006013343,0.016414747692939862,0.00026944394182287453,0.003326334690342703,0.02882555752329002,0.02900965377272531,0.0021758550550795403,10,0.25,ratio,0.1,0.02010259238504084,0.01880425332269841,0.125,3
tia_style,erm,True,0.020922618006013343,0.016414747692939862,0.00026944394182287453,0.003326334690342703,0.02882555752329002,0.02900965377272531,0.0021758550550795403,10,0.25,ratio,0.2,0.02010259238504084,0.01880425332269841,0.125,3
tia_style,erm,True,0.020922618006013343,0.016414747692939862,0.00026944394182287453,0.003326334690342703,0.02882555752329002,0.02900965377272531,0.0021758550550795403,10,0.25,design,0.02,0.02010259238504084,0.01880425332269841,0.125,
tia_style,erm,True,0.020922618006013343,0.016414747692939862,0.00026944394182287453,0.003326334690342703,0.02882555752329002,0.02900965377272531,0.0021758550550795403,10,0.25,design,0.05,0.02010259238504084,0.01880425332269841,0.125,5
tia_style,erm,True,0.020922618006013343,0.016414747692939862,0.00026944394182287453,0.003326334690342703,0.02882555752329002,0.02900965377272531,0.0021758550550795403,10,0.25,design,0.1,0.02010259238504084,0.01880425332269841,0.125,3
tia_style,erm,True,0.020922618006013343,0.016414747692939862,0.00026944394182287453,0.003326334690342703,0.02882555752329002,0.02900965377272531,0.0021758550550795403,10,0.25,design,0.2,0.02010259238504084,0.01880425332269841,0.125,3
tia_style,erm,True,0.020922618006013343,0.016414747692939862,0.00026944394182287453,0.003326334690342703,0.02882555752329002,0.02900965377272531,0.0021758550550795403,10,0.5,ratio,0.02,0.021713281435539685,0.01880425332269841,0.25,16
tia_style,erm,True,0.020922618006013343,0.016414747692939862,0.00026944394182287453,0.003326334690342703,0.02882555752329002,0.02900965377272531,0.0021758550550795403,10,0.5,ratio,0.05,0.021713281435539685,0.01880425332269841,0.25,5
tia_style,erm,True,0.020922618006013343,0.016414747692939862,0.00026944394182287453,0.003326334690342703,0.02882555752329002,0.02900965377272531,0.0021758550550795403,10,0.5,ratio,0.1,0.021713281435539685,0.01880425332269841,0.25,3
tia_style,erm,True,0.020922618006013343,0.016414747692939862,0.00026944394182287453,0.003326334690342703,0.02882555752329002,0.02900965377272531,0.0021758550550795403,10,0.5,ratio,0.2,0.021713281435539685,0.01880425332269841,0.25,3
tia_style,erm,True,0.020922618006013343,0.016414747692939862,0.00026944394182287453,0.003326334690342703,0.02882555752329002,0.02900965377272531,0.0021758550550795403,10,0.5,design,0.02,0.021713281435539685,0.01880425332269841,0.25,
tia_style,erm,True,0.020922618006013343,0.016414747692939862,0.00026944394182287453,0.003326334690342703,0.02882555752329002,0.02900965377272531,0.0021758550550795403,10,0.5,design,0.05,0.021713281435539685,0.01880425332269841,0.25,9
tia_style,erm,True,0.020922618006013343,0.016414747692939862,0.00026944394182287453,0.003326334690342703,0.02882555752329002,0.02900965377272531,0.0021758550550795403,10,0.5,design,0.1,0.021713281435539685,0.01880425332269841,0.25,3
tia_style,erm,True,0.020922618006013343,0.016414747692939862,0.00026944394182287453,0.003326334690342703,0.02882555752329002,0.02900965377272531,0.0021758550550795403,10,0.5,design,0.2,0.021713281435539685,0.01880425332269841,0.25,3
