arm,ref,paired,sd_d_observed,sigma_dxa,sigma_dxa_raw2,sigma_run_arm,sigma_run_ref,sigma_run_diff,run_corr,seeds,rho,keff_mode,delta,sd_delta,sd_delta_uncorrected,rbar_obs,K_min
bnadapt@erm,erm,True,0.03634252649838799,0.03477055378556655,0.0012089914105549767,0.002851908526295659,0.018195594371989768,0.018312931638412508,0.03709202703396892,1,0.0,none,0.02,0.0392982808243331,0.0392982808243331,0.0,33
bnadapt@erm,erm,True,0.03634252649838799,0.03477055378556655,0.0012089914105549767,0.002851908526295659,0.018195594371989768,0.018312931638412508,0.03709202703396892,1,0.0,none,0.05,0.0392982808243331,0.0392982808243331,0.0,8
bnadapt@erm,erm,True,0.03634252649838799,0.03477055378556655,0.0012089914105549767,0.002851908526295659,0.018195594371989768,0.018312931638412508,0.03709202703396892,1,0.0,none,0.1,0.0392982808243331,0.0392982808243331,0.0,4
bnadapt@erm,erm,True,0.03634252649838799,0.03477055378556655,0.0012089914105549767,0.002851908526295659,0.018195594371989768,0.018312931638412508,0.03709202703396892,1,0.0,none,0.2,0.0392982808243331,0.0392982808243331,0.0,3
bnadapt@erm,erm,True,0.03634252649838799,0.03477055378556655,0.0012089914105549767,0.002851908526295659,0.018195594371989768,0.018312931638412508,0.03709202703396892,1,0.25,ratio,0.02,0.04201162935253791,0.0392982808243331,0.125,54
bnadapt@erm,erm,True,0.03634252649838799,0.03477055378556655,0.0012089914105549767,0.002851908526295659,0.018195594371989768,0.018312931638412508,0.03709202703396892,1,0.25,ratio,0.05,0.04201162935253791,0.0392982808243331,0.125,11
bnadapt@erm,erm,True,0.03634252649838799,0.03477055378556655,0.0012089914105549767,0.002851908526295659,0.018195594371989768,0.018312931638412508,0.03709202703396892,1,0.25,ratio,0.1,0.04201162935253791,0.0392982808243331,0.125,5
bnadapt@erm,erm,True,0.03634252649838799,0.03477055378556655,0.0012089914105549767,0.002851908526295659,0.018195594371989768,0.018312931638412508,0.03709202703396892,1,0.25,ratio,0.2,0.04201162935253791,0.0392982808243331,0.125,3
bnadapt@erm,erm,True,0.03634252649838799,0.03477055378556655,0.0012089914105549767,0.002851908526295659,0.018195594371989768,0.018312931638412508,0.03709202703396892,1,0.25,design,0.02,0.04201162935253791,0.0392982808243331,0.125,
bnadapt@erm,erm,True,0.03634252649838799,0.03477055378556655,0.0012089914105549767,0.002851908526295659,0.018195594371989768,0.018312931638412508,0.03709202703396892,1,0.25,design,0.05,0.04201162935253791,0.0392982808243331,0.125,
bnadapt@erm,erm,True,0.03634252649838799,0.03477055378556655,0.0012089914105549767,0.002851908526295659,0.018195594371989768,0.018312931638412508,0.03709202703396892,1,0.25,design,0.1,0.04201162935253791,0.0392982808243331,0.125,4
bnadapt@erm,erm,True,0.03634252649838799,0.03477055378556655,0.0012089914105549767,0.002851908526295659,0.018195594371989768,0.018312931638412508,0.03709202703396892,1,0.25,design,0.2,0.04201162935253791,0.0392982808243331,0.125,3
bnadapt@erm,erm,True,0.03634252649838799,0.03477055378556655,0.0012089914105549767,0.002851908526295659,0.018195594371989768,0.018312931638412508,0.03709202703396892,1,0.5,ratio,0.02,0.04537774602523645,0.0392982808243331,0.25,83
bnadapt@erm,erm,True,0.03634252649838799,0.03477055378556655,0.0012089914105549767,0.002851908526295659,0.018195594371989768,0.018312931638412508,0.03709202703396892,1,0.5,ratio,0.05,0.04537774602523645,0.0392982808243331,0.25,15
bnadapt@erm,erm,True,0.03634252649838799,0.03477055378556655,0.0012089914105549767,0.002851908526295659,0.018195594371989768,0.018312931638412508,0.03709202703396892,1,0.5,ratio,0.1,0.04537774602523645,0.0392982808243331,0.25,6
bnadapt@erm,erm,True,0.03634252649838799,0.03477055378556655,0.0012089914105549767,0.002851908526295659,0.018195594371989768,0.018312931638412508,0.03709202703396892,1,0.5,ratio,0.2,0.04537774602523645,0.0392982808243331,0.25,4
bnadapt@erm,erm,True,0.03634252649838799,0.03477055378556655,0.0012089914105549767,0.002851908526295659,0.018195594371989768,0.018312931638412508,0.03709202703396892,1,0.5,design,0.02,0.04537774602523645,0.0392982808243331,0.25,
bnadapt@erm,erm,True,0.03634252649838799,0.03477055378556655,0.0012089914105549767,0.002851908526295659,0.018195594371989768,0.018312931638412508,0.03709202703396892,1,0.5,design,0.05,0.04537774602523645,0.0392982808243331,0.25,
bnadapt@erm,erm,True,0.03634252649838799,0.03477055378556655,0.0012089914105549767,0.002851908526295659,0.018195594371989768,0.018312931638412508,0.03709202703396892,1,0.5,design,0.1,0.04537774602523645,0.0392982808243331,0.25,8
bnadapt@erm,erm,True,0.03634252649838799,0.03477055378556655,0.0012089914105549767,0.002851908526295659,0.018195594371989768,0.018312931638412508,0.03709202703396892,1,0.5,design,0.2,0.04537774602523645,0.0392982808243331,0.25,3
bnadapt@erm,erm,True,0.03634252649838799,0.03477055378556655,0.0012089914105549767,0.002851908526295659,0.018195594371989768,0.018312931638412508,0.03709202703396892,3,0.0,none,0.02,0.03634252649838799,0.03634252649838799,0.0,28
bnadapt@erm,erm,True,0.03634252649838799,0.03477055378556655,0.0012089914105549767,0.002851908526295659,0.018195594371989768,0.018312931638412508,0.03709202703396892,3,0.0,none,0.05,0.03634252649838799,0.03634252649838799,0.0,7
bnadapt@erm,erm,True,0.03634252649838799,0.03477055378556655,0.0012089914105549767,0.002851908526295659,0.018195594371989768,0.018312931638412508,0.03709202703396892,3,0.0,none,0.1,0.03634252649838799,0.03634252649838799,0.0,4
bnadapt@erm,erm,True,0.03634252649838799,0.03477055378556655,0.0012089914105549767,0.002851908526295659,0.018195594371989768,0.018312931638412508,0.03709202703396892,3,0.0,none,0.2,0.03634252649838799,0.03634252649838799,0.0,3
bnadapt@erm,erm,True,0.03634252649838799,0.03477055378556655,0.0012089914105549767,0.002851908526295659,0.018195594371989768,0.018312931638412508,0.03709202703396892,3,0.25,ratio,0.02,0.03885179506477746,0.03634252649838799,0.125,47
bnadapt@erm,erm,True,0.03634252649838799,0.03477055378556655,0.0012089914105549767,0.002851908526295659,0.018195594371989768,0.018312931638412508,0.03709202703396892,3,0.25,ratio,0.05,0.03885179506477746,0.03634252649838799,0.125,10
bnadapt@erm,erm,True,0.03634252649838799,0.03477055378556655,0.0012089914105549767,0.002851908526295659,0.018195594371989768,0.018312931638412508,0.03709202703396892,3,0.25,ratio,0.1,0.03885179506477746,0.03634252649838799,0.125,5
bnadapt@erm,erm,True,0.03634252649838799,0.03477055378556655,0.0012089914105549767,0.002851908526295659,0.018195594371989768,0.018312931638412508,0.03709202703396892,3,0.25,ratio,0.2,0.03885179506477746,0.03634252649838799,0.125,3
bnadapt@erm,erm,True,0.03634252649838799,0.03477055378556655,0.0012089914105549767,0.002851908526295659,0.018195594371989768,0.018312931638412508,0.03709202703396892,3,0.25,design,0.02,0.03885179506477746,0.03634252649838799,0.125,
bnadapt@erm,erm,True,0.03634252649838799,0.03477055378556655,0.0012089914105549767,0.002851908526295659,0.018195594371989768,0.018312931638412508,0.03709202703396892,3,0.25,design,0.05,0.03885179506477746,0.03634252649838799,0.125,
bnadapt@erm,erm,True,0.03634252649838799,0.03477055378556655,0.0012089914105549767,0.002851908526295659,0.018195594371989768,0.018312931638412508,0.03709202703396892,3,0.25,design,0.1,0.03885179506477746,0.03634252649838799,0.125,4
bnadapt@erm,erm,True,0.03634252649838799,0.03477055378556655,0.0012089914105549767,0.002851908526295659,0.018195594371989768,0.018312931638412508,0.03709202703396892,3,0.25,design,0.2,0.03885179506477746,0.03634252649838799,0.125,3
bnadapt@erm,erm,True,0.03634252649838799,0.03477055378556655,0.0012089914105549767,0.002851908526295659,0.018195594371989768,0.018312931638412508,0.03709202703396892,3,0.5,ratio,0.02,0.04196473491375083,0.03634252649838799,0.25,72
bnadapt@erm,erm,True,0.03634252649838799,0.03477055378556655,0.0012089914105549767,0.002851908526295659,0.018195594371989768,0.018312931638412508,0.03709202703396892,3,0.5,ratio,0.05,0.04196473491375083,0.03634252649838799,0.25,14
bnadapt@erm,erm,True,0.03634252649838799,0.03477055378556655,0.0012089914105549767,0.002851908526295659,0.018195594371989768,0.018312931638412508,0.03709202703396892,3,0.5,ratio,0.1,0.04196473491375083,0.03634252649838799,0.25,5
bnadapt@erm,erm,True,0.03634252649838799,0.03477055378556655,0.0012089914105549767,0.002851908526295659,0.018195594371989768,0.018312931638412508,0.03709202703396892,3,0.5,ratio,0.2,0.04196473491375083,0.03634252649838799,0.25,3
bnadapt@erm,erm,True,0.03634252649838799,0.03477055378556655,0.0012089914105549767,0.002851908526295659,0.018195594371989768,0.018312931638412508,0.03709202703396892,3,0.5,design,0.02,0.04196473491375083,0.03634252649838799,0.25,
bnadapt@erm,erm,True,0.03634252649838799,0.03477055378556655,0.0012089914105549767,0.002851908526295659,0.018195594371989768,0.018312931638412508,0.03709202703396892,3,0.5,design,0.05,0.04196473491375083,0.03634252649838799,0.25,
bnadapt@erm,erm,True,0.03634252649838799,0.03477055378556655,0.0012089914105549767,0.002851908526295659,0.018195594371989768,0.018312931638412508,0.03709202703396892,3,0.5,design,0.1,0.04196473491375083,0.03634252649838799,0.25,5
bnadapt@erm,erm,True,0.03634252649838799,0.03477055378556655,0.0012089914105549767,0.002851908526295659,0.018195594371989768,0.018312931638412508,0.03709202703396892,3,0.5,design,0.2,0.04196473491375083,0.03634252649838799,0.25,3
bnadapt@erm,erm,True,0.03634252649838799,0.03477055378556655,0.0012089914105549767,0.002851908526295659,0.018195594371989768,0.018312931638412508,0.03709202703396892,5,0.0,none,0.02,0.03572203946576414,0.03572203946576414,0.0,28
bnadapt@erm,erm,True,0.03634252649838799,0.03477055378556655,0.0012089914105549767,0.002851908526295659,0.018195594371989768,0.018312931638412508,0.03709202703396892,5,0.0,none,0.05,0.03572203946576414,0.03572203946576414,0.0,7
bnadapt@erm,erm,True,0.03634252649838799,0.03477055378556655,0.0012089914105549767,0.002851908526295659,0.018195594371989768,0.018312931638412508,0.03709202703396892,5,0.0,none,0.1,0.03572203946576414,0.03572203946576414,0.0,4
bnadapt@erm,erm,True,0.03634252649838799,0.03477055378556655,0.0012089914105549767,0.002851908526295659,0.018195594371989768,0.018312931638412508,0.03709202703396892,5,0.0,none,0.2,0.03572203946576414,0.03572203946576414,0.0,3
bnadapt@erm,erm,True,0.03634252649838799,0.03477055378556655,0.0012089914105549767,0.002851908526295659,0.018195594371989768,0.018312931638412508,0.03709202703396892,5,0.25,ratio,0.02,0.03818846652505904,0.03572203946576414,0.125,45
bnadapt@erm,erm,True,0.03634252649838799,0.03477055378556655,0.0012089914105549767,0.002851908526295659,0.018195594371989768,0.018312931638412508,0.03709202703396892,5,0.25,ratio,0.05,0.03818846652505904,0.03572203946576414,0.125,9
bnadapt@erm,erm,True,0.03634252649838799,0.03477055378556655,0.0012089914105549767,0.002851908526295659,0.018195594371989768,0.018312931638412508,0.03709202703396892,5,0.25,ratio,0.1,0.03818846652505904,0.03572203946576414,0.125,4
bnadapt@erm,erm,True,0.03634252649838799,0.03477055378556655,0.0012089914105549767,0.002851908526295659,0.018195594371989768,0.018312931638412508,0.03709202703396892,5,0.25,ratio,0.2,0.03818846652505904,0.03572203946576414,0.125,3
bnadapt@erm,erm,True,0.03634252649838799,0.03477055378556655,0.0012089914105549767,0.002851908526295659,0.018195594371989768,0.018312931638412508,0.03709202703396892,5,0.25,design,0.02,0.03818846652505904,0.03572203946576414,0.125,
bnadapt@erm,erm,True,0.03634252649838799,0.03477055378556655,0.0012089914105549767,0.002851908526295659,0.018195594371989768,0.018312931638412508,0.03709202703396892,5,0.25,design,0.05,0.03818846652505904,0.03572203946576414,0.125,
bnadapt@erm,erm,True,0.03634252649838799,0.03477055378556655,0.0012089914105549767,0.002851908526295659,0.018195594371989768,0.018312931638412508,0.03709202703396892,5,0.25,design,0.1,0.03818846652505904,0.03572203946576414,0.125,4
bnadapt@erm,erm,True,0.03634252649838799,0.03477055378556655,0.0012089914105549767,0.002851908526295659,0.018195594371989768,0.018312931638412508,0.03709202703396892,5,0.25,design,0.2,0.03818846652505904,0.03572203946576414,0.125,3
bnadapt@erm,erm,True,0.03634252649838799,0.03477055378556655,0.0012089914105549767,0.002851908526295659,0.018195594371989768,0.018312931638412508,0.03709202703396892,5,0.5,ratio,0.02,0.04124825820312272,0.03572203946576414,0.25,69
bnadapt@erm,erm,True,0.03634252649838799,0.03477055378556655,0.0012089914105549767,0.002851908526295659,0.018195594371989768,0.018312931638412508,0.03709202703396892,5,0.5,ratio,0.05,0.04124825820312272,0.03572203946576414,0.25,13
bnadapt@erm,erm,True,0.03634252649838799,0.03477055378556655,0.0012089914105549767,0.002851908526295659,0.018195594371989768,0.018312931638412508,0.03709202703396892,5,0.5,ratio,0.1,0.04124825820312272,0.03572203946576414,0.25,5
bnadapt@erm,erm,True,0.03634252649838799,0.03477055378556655,0.0012089914105549767,0.002851908526295659,0.018195594371989768,0.018312931638412508,0.03709202703396892,5,0.5,ratio,0.2,0.04124825820312272,0.03572203946576414,0.25,3
bnadapt@erm,erm,True,0.03634252649838799,0.03477055378556655,0.0012089914105549767,0.002851908526295659,0.018195594371989768,0.018312931638412508,0.03709202703396892,5,0.5,design,0.02,0.04124825820312272,0.03572203946576414,0.25,
bnadapt@erm,erm,True,0.03634252649838799,0.03477055378556655,0.0012089914105549767,0.002851908526295659,0.018195594371989768,0.018312931638412508,0.03709202703396892,5,0.5,design,0.05,0.04124825820312272,0.03572203946576414,0.25,
bnadapt@erm,erm,True,0.03634252649838799,0.03477055378556655,0.0012089914105549767,0.002851908526295659,0.018195594371989768,0.018312931638412508,0.03709202703396892,5,0.5,design,0.1,0.04124825820312272,0.03572203946576414,0.25,5
bnadapt@erm,erm,True,0.03634252649838799,0.03477055378556655,0.0012089914105549767,0.002851908526295659,0.018195594371989768,0.018312931638412508,0.03709202703396892,5,0.5,design,0.2,0.04124825820312272,0.03572203946576414,0.25,3
bnadapt@erm,erm,True,0.03634252649838799,0.03477055378556655,0.0012089914105549767,0.002851908526295659,0.018195594371989768,0.018312931638412508,0.03709202703396892,10,0.0,none,0.02,0.03524950718909831,0.03524950718909831,0.0,27
bnadapt@erm,erm,True,0.03634252649838799,0.03477055378556655,0.0012089914105549767,0.002851908526295659,0.018195594371989768,0.018312931638412508,0.03709202703396892,10,0.0,none,0.05,0.03524950718909831,0.03524950718909831,0.0,7
bnadapt@erm,erm,True,0.03634252649838799,0.03477055378556655,0.0012089914105549767,0.002851908526295659,0.018195594371989768,0.018312931638412508,0.03709202703396892,10,0.0,none,0.1,0.03524950718909831,0.03524950718909831,0.0,4
bnadapt@erm,erm,True,0.03634252649838799,0.03477055378556655,0.0012089914105549767,0.002851908526295659,0.018195594371989768,0.018312931638412508,0.03709202703396892,10,0.0,none,0.2,0.03524950718909831,0.03524950718909831,0.0,3
bnadapt@erm,erm,True,0.03634252649838799,0.03477055378556655,0.0012089914105549767,0.002851908526295659,0.018195594371989768,0.018312931638412508,0.03709202703396892,10,0.25,ratio,0.02,0.03768330827263739,0.03524950718909831,0.125,44
bnadapt@erm,erm,True,0.03634252649838799,0.03477055378556655,0.0012089914105549767,0.002851908526295659,0.018195594371989768,0.018312931638412508,0.03709202703396892,10,0.25,ratio,0.05,0.03768330827263739,0.03524950718909831,0.125,9
bnadapt@erm,erm,True,0.03634252649838799,0.03477055378556655,0.0012089914105549767,0.002851908526295659,0.018195594371989768,0.018312931638412508,0.03709202703396892,10,0.25,ratio,0.1,0.03768330827263739,0.03524950718909831,0.125,4
bnadapt@erm,erm,True,0.03634252649838799,0.03477055378556655,0.0012089914105549767,0.002851908526295659,0.018195594371989768,0.018312931638412508,0.03709202703396892,10,0.25,ratio,0.2,0.03768330827263739,0.03524950718909831,0.125,3
bnadapt@erm,erm,True,0.03634252649838799,0.03477055378556655,0.0012089914105549767,0.002851908526295659,0.018195594371989768,0.018312931638412508,0.03709202703396892,10,0.25,design,0.02,0.03768330827263739,0.03524950718909831,0.125,
bnadapt@erm,erm,True,0.03634252649838799,0.03477055378556655,0.0012089914105549767,0.002851908526295659,0.018195594371989768,0.018312931638412508,0.03709202703396892,10,0.25,design,0.05,0.03768330827263739,0.03524950718909831,0.125,
bnadapt@erm,erm,True,0.03634252649838799,0.03477055378556655,0.0012089914105549767,0.002851908526295659,0.018195594371989768,0.018312931638412508,0.03709202703396892,10,0.25,design,0.1,0.03768330827263739,0.03524950718909831,0.125,4
bnadapt@erm,erm,True,0.03634252649838799,0.03477055378556655,0.0012089914105549767,0.002851908526295659,0.018195594371989768,0.018312931638412508,0.03709202703396892,10,0.25,design,0.2,0.03768330827263739,0.03524950718909831,0.125,3
bnadapt@erm,erm,True,0.03634252649838799,0.03477055378556655,0.0012089914105549767,0.002851908526295659,0.018195594371989768,0.018312931638412508,0.03709202703396892,10,0.5,ratio,0.02,0.040702624928855125,0.03524950718909831,0.25,67
bnadapt@erm,erm,True,0.03634252649838799,0.03477055378556655,0.0012089914105549767,0.002851908526295659,0.018195594371989768,0.018312931638412508,0.03709202703396892,10,0.5,ratio,0.05,0.040702624928855125,0.03524950718909831,0.25,13
bnadapt@erm,erm,True,0.03634252649838799,0.03477055378556655,0.0012089914105549767,0.002851908526295659,0.018195594371989768,0.018312931638412508,0.03709202703396892,10,0.5,ratio,0.1,0.040702624928855125,0.03524950718909831,0.25,5
bnadapt@erm,erm,True,0.03634252649838799,0.03477055378556655,0.0012089914105549767,0.002851908526295659,0.018195594371989768,0.018312931638412508,0.03709202703396892,10,0.5,ratio,0.2,0.040702624928855125,0.03524950718909831,0.25,3
bnadapt@erm,erm,True,0.03634252649838799,0.03477055378556655,0.0012089914105549767,0.002851908526295659,0.018195594371989768,0.018312931638412508,0.03709202703396892,10,0.5,design,0.02,0.040702624928855125,0.03524950718909831,0.25,
bnadapt@erm,erm,True,0.03634252649838799,0.03477055378556655,0.0012089914105549767,0.002851908526295659,0.018195594371989768,0.018312931638412508,0.03709202703396892,10,0.5,design,0.05,0.040702624928855125,0.03524950718909831,0.25,
bnadapt@erm,erm,True,0.03634252649838799,0.03477055378556655,0.0012089914105549767,0.002851908526295659,0.018195594371989768,0.018312931638412508,0.03709202703396892,10,0.5,design,0.1,0.040702624928855125,0.03524950718909831,0.25,5
bnadapt@erm,erm,True,0.03634252649838799,0.03477055378556655,0.0012089914105549767,0.002851908526295659,0.018195594371989768,0.018312931638412508,0.03709202703396892,10,0.5,design,0.2,0.040702624928855125,0.03524950718909831,0.25,3
coral,erm,True,0.01062730364110106,0.0,-4.756277929487695e-05,0.005456141082474318,0.018195594371989768,0.021943269718187178,-0.6076788615936948,1,0.0,none,0.02,0.021943269718187178,0.021943269718187178,0.0,12
coral,erm,True,0.01062730364110106,0.0,-4.756277929487695e-05,0.005456141082474318,0.018195594371989768,0.021943269718187178,-0.6076788615936948,1,0.0,none,0.05,0.021943269718187178,0.021943269718187178,0.0,4
coral,erm,True,0.01062730364110106,0.0,-4.756277929487695e-05,0.005456141082474318,0.018195594371989768,0.021943269718187178,-0.6076788615936948,1,0.0,none,0.1,0.021943269718187178,0.021943269718187178,0.0,3
coral,erm,True,0.01062730364110106,0.0,-4.756277929487695e-05,0.005456141082474318,0.018195594371989768,0.021943269718187178,-0.6076788615936948,1,0.0,none,0.2,0.021943269718187178,0.021943269718187178,0.0,3
coral,erm,True,0.01062730364110106,0.0,-4.756277929487695e-05,0.005456141082474318,0.018195594371989768,0.021943269718187178,-0.6076788615936948,1,0.25,ratio,0.02,0.023458342066007998,0.021943269718187178,0.125,19
coral,erm,True,0.01062730364110106,0.0,-4.756277929487695e-05,0.005456141082474318,0.018195594371989768,0.021943269718187178,-0.6076788615936948,1,0.25,ratio,0.05,0.023458342066007998,0.021943269718187178,0.125,5
coral,erm,True,0.01062730364110106,0.0,-4.756277929487695e-05,0.005456141082474318,0.018195594371989768,0.021943269718187178,-0.6076788615936948,1,0.25,ratio,0.1,0.023458342066007998,0.021943269718187178,0.125,3
coral,erm,True,0.01062730364110106,0.0,-4.756277929487695e-05,0.005456141082474318,0.018195594371989768,0.021943269718187178,-0.6076788615936948,1,0.25,ratio,0.2,0.023458342066007998,0.021943269718187178,0.125,3
coral,erm,True,0.01062730364110106,0.0,-4.756277929487695e-05,0.005456141082474318,0.018195594371989768,0.021943269718187178,-0.6076788615936948,1,0.25,design,0.02,0.023458342066007998,0.021943269718187178,0.125,
coral,erm,True,0.01062730364110106,0.0,-4.756277929487695e-05,0.005456141082474318,0.018195594371989768,0.021943269718187178,-0.6076788615936948,1,0.25,design,0.05,0.023458342066007998,0.021943269718187178,0.125,5
coral,erm,True,0.01062730364110106,0.0,-4.756277929487695e-05,0.005456141082474318,0.018195594371989768,0.021943269718187178,-0.6076788615936948,1,0.25,design,0.1,0.023458342066007998,0.021943269718187178,0.125,3
coral,erm,True,0.01062730364110106,0.0,-4.756277929487695e-05,0.005456141082474318,0.018195594371989768,0.021943269718187178,-0.6076788615936948,1,0.25,design,0.2,0.023458342066007998,0.021943269718187178,0.125,3
coral,erm,True,0.01062730364110106,0.0,-4.756277929487695e-05,0.005456141082474318,0.018195594371989768,0.021943269718187178,-0.6076788615936948,1,0.5,ratio,0.02,0.025337905357391863,0.021943269718187178,0.25,28
coral,erm,True,0.01062730364110106,0.0,-4.756277929487695e-05,0.005456141082474318,0.018195594371989768,0.021943269718187178,-0.6076788615936948,1,0.5,ratio,0.05,0.025337905357391863,0.021943269718187178,0.25,7
coral,erm,True,0.01062730364110106,0.0,-4.756277929487695e-05,0.005456141082474318,0.018195594371989768,0.021943269718187178,-0.6076788615936948,1,0.5,ratio,0.1,0.025337905357391863,0.021943269718187178,0.25,4
coral,erm,True,0.01062730364110106,0.0,-4.756277929487695e-05,0.005456141082474318,0.018195594371989768,0.021943269718187178,-0.6076788615936948,1,0.5,ratio,0.2,0.025337905357391863,0.021943269718187178,0.25,3
coral,erm,True,0.01062730364110106,0.0,-4.756277929487695e-05,0.005456141082474318,0.018195594371989768,0.021943269718187178,-0.6076788615936948,1,0.5,design,0.02,0.025337905357391863,0.021943269718187178,0.25,
coral,erm,True,0.01062730364110106,0.0,-4.756277929487695e-05,0.005456141082474318,0.018195594371989768,0.021943269718187178,-0.6076788615936948,1,0.5,design,0.05,0.025337905357391863,0.021943269718187178,0.25,
coral,erm,True,0.01062730364110106,0.0,-4.756277929487695e-05,0.005456141082474318,0.018195594371989768,0.021943269718187178,-0.6076788615936948,1,0.5,design,0.1,0.025337905357391863,0.021943269718187178,0.25,3
coral,erm,True,0.01062730364110106,0.0,-4.756277929487695e-05,0.005456141082474318,0.018195594371989768,0.021943269718187178,-0.6076788615936948,1,0.5,design,0.2,0.025337905357391863,0.021943269718187178,0.25,3
coral,erm,True,0.01062730364110106,0.0,-4.756277929487695e-05,0.005456141082474318,0.018195594371989768,0.021943269718187178,-0.6076788615936948,3,0.0,none,0.02,0.012668952678695932,0.012668952678695932,0.0,6
coral,erm,True,0.01062730364110106,0.0,-4.756277929487695e-05,0.005456141082474318,0.018195594371989768,0.021943269718187178,-0.6076788615936948,3,0.0,none,0.05,0.012668952678695932,0.012668952678695932,0.0,3
coral,erm,True,0.01062730364110106,0.0,-4.756277929487695e-05,0.005456141082474318,0.018195594371989768,0.021943269718187178,-0.6076788615936948,3,0.0,none,0.1,0.012668952678695932,0.012668952678695932,0.0,3
coral,erm,True,0.01062730364110106,0.0,-4.756277929487695e-05,0.005456141082474318,0.018195594371989768,0.021943269718187178,-0.6076788615936948,3,0.0,none,0.2,0.012668952678695932,0.012668952678695932,0.0,2
coral,erm,True,0.01062730364110106,0.0,-4.756277929487695e-05,0.005456141082474318,0.018195594371989768,0.021943269718187178,-0.6076788615936948,3,0.25,ratio,0.02,0.013543680106552042,0.012668952678695932,0.125,8
coral,erm,True,0.01062730364110106,0.0,-4.756277929487695e-05,0.005456141082474318,0.018195594371989768,0.021943269718187178,-0.6076788615936948,3,0.25,ratio,0.05,0.013543680106552042,0.012668952678695932,0.125,4
coral,erm,True,0.01062730364110106,0.0,-4.756277929487695e-05,0.005456141082474318,0.018195594371989768,0.021943269718187178,-0.6076788615936948,3,0.25,ratio,0.1,0.013543680106552042,0.012668952678695932,0.125,3
coral,erm,True,0.01062730364110106,0.0,-4.756277929487695e-05,0.005456141082474318,0.018195594371989768,0.021943269718187178,-0.6076788615936948,3,0.25,ratio,0.2,0.013543680106552042,0.012668952678695932,0.125,2
coral,erm,True,0.01062730364110106,0.0,-4.756277929487695e-05,0.005456141082474318,0.018195594371989768,0.021943269718187178,-0.6076788615936948,3,0.25,design,0.02,0.013543680106552042,0.012668952678695932,0.125,29
coral,erm,True,0.01062730364110106,0.0,-4.756277929487695e-05,0.005456141082474318,0.018195594371989768,0.021943269718187178,-0.6076788615936948,3,0.25,design,0.05,0.013543680106552042,0.012668952678695932,0.125,3
coral,erm,True,0.01062730364110106,0.0,-4.756277929487695e-05,0.005456141082474318,0.018195594371989768,0.021943269718187178,-0.6076788615936948,3,0.25,design,0.1,0.013543680106552042,0.012668952678695932,0.125,3
coral,erm,True,0.01062730364110106,0.0,-4.756277929487695e-05,0.005456141082474318,0.018195594371989768,0.021943269718187178,-0.6076788615936948,3,0.25,design,0.2,0.013543680106552042,0.012668952678695932,0.125,3
coral,erm,True,0.01062730364110106,0.0,-4.756277929487695e-05,0.005456141082474318,0.018195594371989768,0.021943269718187178,-0.6076788615936948,3,0.5,ratio,0.02,0.014628846478791454,0.012668952678695932,0.25,11
coral,erm,True,0.01062730364110106,0.0,-4.756277929487695e-05,0.005456141082474318,0.018195594371989768,0.021943269718187178,-0.6076788615936948,3,0.5,ratio,0.05,0.014628846478791454,0.012668952678695932,0.25,4
coral,erm,True,0.01062730364110106,0.0,-4.756277929487695e-05,0.005456141082474318,0.018195594371989768,0.021943269718187178,-0.6076788615936948,3,0.5,ratio,0.1,0.014628846478791454,0.012668952678695932,0.25,3
coral,erm,True,0.01062730364110106,0.0,-4.756277929487695e-05,0.005456141082474318,0.018195594371989768,0.021943269718187178,-0.6076788615936948,3,0.5,ratio,0.2,0.014628846478791454,0.012668952678695932,0.25,3
coral,erm,True,0.01062730364110106,0.0,-4.756277929487695e-05,0.005456141082474318,0.018195594371989768,0.021943269718187178,-0.6076788615936948,3,0.5,design,0.02,0.014628846478791454,0.012668952678695932,0.25,
coral,erm,True,0.01062730364110106,0.0,-4.756277929487695e-05,0.005456141082474318,0.018195594371989768,0.021943269718187178,-0.6076788615936948,3,0.5,design,0.05,0.014628846478791454,0.012668952678695932,0.25,3
coral,erm,True,0.01062730364110106,0.0,-4.756277929487695e-05,0.005456141082474318,0.018195594371989768,0.021943269718187178,-0.6076788615936948,3,0.5,design,0.1,0.014628846478791454,0.012668952678695932,0.25,3
coral,erm,True,0.01062730364110106,0.0,-4.756277929487695e-05,0.005456141082474318,0.018195594371989768,0.021943269718187178,-0.6076788615936948,3,0.5,design,0.2,0.014628846478791454,0.012668952678695932,0.25,3
coral,erm,True,0.01062730364110106,0.0,-4.756277929487695e-05,0.005456141082474318,0.018195594371989768,0.021943269718187178,-0.6076788615936948,5,0.0,none,0.02,0.009813328547695838,0.009813328547695838,0.0,5
coral,erm,True,0.01062730364110106,0.0,-4.756277929487695e-05,0.005456141082474318,0.018195594371989768,0.021943269718187178,-0.6076788615936948,5,0.0,none,0.05,0.009813328547695838,0.009813328547695838,0.0,3
coral,erm,True,0.01062730364110106,0.0,-4.756277929487695e-05,0.005456141082474318,0.018195594371989768,0.021943269718187178,-0.6076788615936948,5,0.0,none,0.1,0.009813328547695838,0.009813328547695838,0.0,3
coral,erm,True,0.01062730364110106,0.0,-4.756277929487695e-05,0.005456141082474318,0.018195594371989768,0.021943269718187178,-0.6076788615936948,5,0.0,none,0.2,0.009813328547695838,0.009813328547695838,0.0,2
coral,erm,True,0.01062730364110106,0.0,-4.756277929487695e-05,0.005456141082474318,0.018195594371989768,0.021943269718187178,-0.6076788615936948,5,0.25,ratio,0.02,0.01049088949980735,0.009813328547695838,0.125,6
coral,erm,True,0.01062730364110106,0.0,-4.756277929487695e-05,0.005456141082474318,0.018195594371989768,0.021943269718187178,-0.6076788615936948,5,0.25,ratio,0.05,0.01049088949980735,0.009813328547695838,0.125,3
coral,erm,True,0.01062730364110106,0.0,-4.756277929487695e-05,0.005456141082474318,0.018195594371989768,0.021943269718187178,-0.6076788615936948,5,0.25,ratio,0.1,0.01049088949980735,0.009813328547695838,0.125,3
coral,erm,True,0.01062730364110106,0.0,-4.756277929487695e-05,0.005456141082474318,0.018195594371989768,0.021943269718187178,-0.6076788615936948,5,0.25,ratio,0.2,0.01049088949980735,0.009813328547695838,0.125,2
coral,erm,True,0.01062730364110106,0.0,-4.756277929487695e-05,0.005456141082474318,0.018195594371989768,0.021943269718187178,-0.6076788615936948,5,0.25,design,0.02,0.01049088949980735,0.009813328547695838,0.125,6
coral,erm,True,0.01062730364110106,0.0,-4.756277929487695e-05,0.005456141082474318,0.018195594371989768,0.021943269718187178,-0.6076788615936948,5,0.25,design,0.05,0.01049088949980735,0.009813328547695838,0.125,3
coral,erm,True,0.01062730364110106,0.0,-4.756277929487695e-05,0.005456141082474318,0.018195594371989768,0.021943269718187178,-0.6076788615936948,5,0.25,design,0.1,0.01049088949980735,0.009813328547695838,0.125,3
coral,erm,True,0.01062730364110106,0.0,-4.756277929487695e-05,0.005456141082474318,0.018195594371989768,0.021943269718187178,-0.6076788615936948,5,0.25,design,0.2,0.01049088949980735,0.009813328547695838,0.125,3
coral,erm,True,0.01062730364110106,0.0,-4.756277929487695e-05,0.005456141082474318,0.018195594371989768,0.021943269718187178,-0.6076788615936948,5,0.5,ratio,0.02,0.011331455757316863,0.009813328547695838,0.25,8
coral,erm,True,0.01062730364110106,0.0,-4.756277929487695e-05,0.005456141082474318,0.018195594371989768,0.021943269718187178,-0.6076788615936948,5,0.5,ratio,0.05,0.011331455757316863,0.009813328547695838,0.25,4
coral,erm,True,0.01062730364110106,0.0,-4.756277929487695e-05,0.005456141082474318,0.018195594371989768,0.021943269718187178,-0.6076788615936948,5,0.5,ratio,0.1,0.011331455757316863,0.009813328547695838,0.25,3
coral,erm,True,0.01062730364110106,0.0,-4.756277929487695e-05,0.005456141082474318,0.018195594371989768,0.021943269718187178,-0.6076788615936948,5,0.5,ratio,0.2,0.011331455757316863,0.009813328547695838,0.25,2
coral,erm,True,0.01062730364110106,0.0,-4.756277929487695e-05,0.005456141082474318,0.018195594371989768,0.021943269718187178,-0.6076788615936948,5,0.5,design,0.02,0.011331455757316863,0.009813328547695838,0.25,
coral,erm,True,0.01062730364110106,0.0,-4.756277929487695e-05,0.005456141082474318,0.018195594371989768,0.021943269718187178,-0.6076788615936948,5,0.5,design,0.05,0.011331455757316863,0.009813328547695838,0.25,3
coral,erm,True,0.01062730364110106,0.0,-4.756277929487695e-05,0.005456141082474318,0.018195594371989768,0.021943269718187178,-0.6076788615936948,5,0.5,design,0.1,0.011331455757316863,0.009813328547695838,0.25,3
coral,erm,True,0.01062730364110106,0.0,-4.756277929487695e-05,0.005456141082474318,0.018195594371989768,0.021943269718187178,-0.6076788615936948,5,0.5,design,0.2,0.011331455757316863,0.009813328547695838,0.25,3
coral,erm,True,0.01062730364110106,0.0,-4.756277929487695e-05,0.005456141082474318,0.018195594371989768,0.021943269718187178,-0.6076788615936948,10,0.0,none,0.02,0.006939071162087261,0.006939071162087261,0.0,4
coral,erm,True,0.01062730364110106,0.0,-4.756277929487695e-05,0.005456141082474318,0.018195594371989768,0.021943269718187178,-0.6076788615936948,10,0.0,none,0.05,0.006939071162087261,0.006939071162087261,0.0,3
coral,erm,True,0.01062730364110106,0.0,-4.756277929487695e-05,0.005456141082474318,0.018195594371989768,0.021943269718187178,-0.6076788615936948,10,0.0,none,0.1,0.006939071162087261,0.006939071162087261,0.0,2
coral,erm,True,0.01062730364110106,0.0,-4.756277929487695e-05,0.005456141082474318,0.018195594371989768,0.021943269718187178,-0.6076788615936948,10,0.0,none,0.2,0.006939071162087261,0.006939071162087261,0.0,2
coral,erm,True,0.01062730364110106,0.0,-4.756277929487695e-05,0.005456141082474318,0.018195594371989768,0.021943269718187178,-0.6076788615936948,10,0.25,ratio,0.02,0.007418179105992525,0.006939071162087261,0.125,4
coral,erm,True,0.01062730364110106,0.0,-4.756277929487695e-05,0.005456141082474318,0.018195594371989768,0.021943269718187178,-0.6076788615936948,10,0.25,ratio,0.05,0.007418179105992525,0.006939071162087261,0.125,3
coral,erm,True,0.01062730364110106,0.0,-4.756277929487695e-05,0.005456141082474318,0.018195594371989768,0.021943269718187178,-0.6076788615936948,10,0.25,ratio,0.1,0.007418179105992525,0.006939071162087261,0.125,3
coral,erm,True,0.01062730364110106,0.0,-4.756277929487695e-05,0.005456141082474318,0.018195594371989768,0.021943269718187178,-0.6076788615936948,10,0.25,ratio,0.2,0.007418179105992525,0.006939071162087261,0.125,2
coral,erm,True,0.01062730364110106,0.0,-4.756277929487695e-05,0.005456141082474318,0.018195594371989768,0.021943269718187178,-0.6076788615936948,10,0.25,design,0.02,0.007418179105992525,0.006939071162087261,0.125,4
coral,erm,True,0.01062730364110106,0.0,-4.756277929487695e-05,0.005456141082474318,0.018195594371989768,0.021943269718187178,-0.6076788615936948,10,0.25,design,0.05,0.007418179105992525,0.006939071162087261,0.125,3
coral,erm,True,0.01062730364110106,0.0,-4.756277929487695e-05,0.005456141082474318,0.018195594371989768,0.021943269718187178,-0.6076788615936948,10,0.25,design,0.1,0.007418179105992525,0.006939071162087261,0.125,3
coral,erm,True,0.01062730364110106,0.0,-4.756277929487695e-05,0.005456141082474318,0.018195594371989768,0.021943269718187178,-0.6076788615936948,10,0.25,design,0.2,0.007418179105992525,0.006939071162087261,0.125,3
coral,erm,True,0.01062730364110106,0.0,-4.756277929487695e-05,0.005456141082474318,0.018195594371989768,0.021943269718187178,-0.6076788615936948,10,0.5,ratio,0.02,0.0080125492067141,0.006939071162087261,0.25,5
coral,erm,True,0.01062730364110106,0.0,-4.756277929487695e-05,0.005456141082474318,0.018195594371989768,0.021943269718187178,-0.6076788615936948,10,0.5,ratio,0.05,0.0080125492067141,0.006939071162087261,0.25,3
coral,erm,True,0.01062730364110106,0.0,-4.756277929487695e-05,0.005456141082474318,0.018195594371989768,0.021943269718187178,-0.6076788615936948,10,0.5,ratio,0.1,0.0080125492067141,0.006939071162087261,0.25,3
coral,erm,True,0.01062730364110106,0.0,-4.756277929487695e-05,0.005456141082474318,0.018195594371989768,0.021943269718187178,-0.6076788615936948,10,0.5,ratio,0.2,0.0080125492067141,0.006939071162087261,0.25,2
coral,erm,True,0.01062730364110106,0.0,-4.756277929487695e-05,0.005456141082474318,0.018195594371989768,0.021943269718187178,-0.6076788615936948,10,0.5,design,0.02,0.0080125492067141,0.006939071162087261,0.25,5
coral,erm,True,0.01062730364110106,0.0,-4.756277929487695e-05,0.005456141082474318,0.018195594371989768,0.021943269718187178,-0.6076788615936948,10,0.5,design,0.05,0.0080125492067141,0.006939071162087261,0.25,3
coral,erm,True,0.01062730364110106,0.0,-4.756277929487695e-05,0.005456141082474318,0.018195594371989768,0.021943269718187178,-0.6076788615936948,10,0.5,design,0.1,0.0080125492067141,0.006939071162087261,0.25,3
coral,erm,True,0.01062730364110106,0.0,-4.756277929487695e-05,0.005456141082474318,0.018195594371989768,0.021943269718187178,-0.6076788615936948,10,0.5,design,0.2,0.0080125492067141,0.006939071162087261,0.25,3
erm_lunit_bt,erm,True,0.0074889225147851965,0.0,-0.0015721814840439165,0.06340431121849635,0.018195594371989768,0.06989131801181832,-0.23126447582631932,1,0.0,none,0.02,0.06989131801181832,0.06989131801181832,0.0,98
erm_lunit_bt,erm,True,0.0074889225147851965,0.0,-0.0015721814840439165,0.06340431121849635,0.018195594371989768,0.06989131801181832,-0.23126447582631932,1,0.0,none,0.05,0.06989131801181832,0.06989131801181832,0.0,18
erm_lunit_bt,erm,True,0.0074889225147851965,0.0,-0.0015721814840439165,0.06340431121849635,0.018195594371989768,0.06989131801181832,-0.23126447582631932,1,0.0,none,0.1,0.06989131801181832,0.06989131801181832,0.0,7
erm_lunit_bt,erm,True,0.0074889225147851965,0.0,-0.0015721814840439165,0.06340431121849635,0.018195594371989768,0.06989131801181832,-0.23126447582631932,1,0.0,none,0.2,0.06989131801181832,0.06989131801181832,0.0,4
erm_lunit_bt,erm,True,0.0074889225147851965,0.0,-0.0015721814840439165,0.06340431121849635,0.018195594371989768,0.06989131801181832,-0.23126447582631932,1,0.25,ratio,0.02,0.07471696180293903,0.06989131801181832,0.125,167
erm_lunit_bt,erm,True,0.0074889225147851965,0.0,-0.0015721814840439165,0.06340431121849635,0.018195594371989768,0.06989131801181832,-0.23126447582631932,1,0.25,ratio,0.05,0.07471696180293903,0.06989131801181832,0.125,29
erm_lunit_bt,erm,True,0.0074889225147851965,0.0,-0.0015721814840439165,0.06340431121849635,0.018195594371989768,0.06989131801181832,-0.23126447582631932,1,0.25,ratio,0.1,0.07471696180293903,0.06989131801181832,0.125,9
erm_lunit_bt,erm,True,0.0074889225147851965,0.0,-0.0015721814840439165,0.06340431121849635,0.018195594371989768,0.06989131801181832,-0.23126447582631932,1,0.25,ratio,0.2,0.07471696180293903,0.06989131801181832,0.125,4
erm_lunit_bt,erm,True,0.0074889225147851965,0.0,-0.0015721814840439165,0.06340431121849635,0.018195594371989768,0.06989131801181832,-0.23126447582631932,1,0.25,design,0.02,0.07471696180293903,0.06989131801181832,0.125,
erm_lunit_bt,erm,True,0.0074889225147851965,0.0,-0.0015721814840439165,0.06340431121849635,0.018195594371989768,0.06989131801181832,-0.23126447582631932,1,0.25,design,0.05,0.07471696180293903,0.06989131801181832,0.125,
erm_lunit_bt,erm,True,0.0074889225147851965,0.0,-0.0015721814840439165,0.06340431121849635,0.018195594371989768,0.06989131801181832,-0.23126447582631932,1,0.25,design,0.1,0.07471696180293903,0.06989131801181832,0.125,
erm_lunit_bt,erm,True,0.0074889225147851965,0.0,-0.0015721814840439165,0.06340431121849635,0.018195594371989768,0.06989131801181832,-0.23126447582631932,1,0.25,design,0.2,0.07471696180293903,0.06989131801181832,0.125,4
erm_lunit_bt,erm,True,0.0074889225147851965,0.0,-0.0015721814840439165,0.06340431121849635,0.018195594371989768,0.06989131801181832,-0.23126447582631932,1,0.5,ratio,0.02,0.08070354253628209,0.06989131801181832,0.25,258
erm_lunit_bt,erm,True,0.0074889225147851965,0.0,-0.0015721814840439165,0.06340431121849635,0.018195594371989768,0.06989131801181832,-0.23126447582631932,1,0.5,ratio,0.05,0.08070354253628209,0.06989131801181832,0.25,43
erm_lunit_bt,erm,True,0.0074889225147851965,0.0,-0.0015721814840439165,0.06340431121849635,0.018195594371989768,0.06989131801181832,-0.23126447582631932,1,0.5,ratio,0.1,0.08070354253628209,0.06989131801181832,0.25,13
erm_lunit_bt,erm,True,0.0074889225147851965,0.0,-0.0015721814840439165,0.06340431121849635,0.018195594371989768,0.06989131801181832,-0.23126447582631932,1,0.5,ratio,0.2,0.08070354253628209,0.06989131801181832,0.25,5
erm_lunit_bt,erm,True,0.0074889225147851965,0.0,-0.0015721814840439165,0.06340431121849635,0.018195594371989768,0.06989131801181832,-0.23126447582631932,1,0.5,design,0.02,0.08070354253628209,0.06989131801181832,0.25,
erm_lunit_bt,erm,True,0.0074889225147851965,0.0,-0.0015721814840439165,0.06340431121849635,0.018195594371989768,0.06989131801181832,-0.23126447582631932,1,0.5,design,0.05,0.08070354253628209,0.06989131801181832,0.25,
erm_lunit_bt,erm,True,0.0074889225147851965,0.0,-0.0015721814840439165,0.06340431121849635,0.018195594371989768,0.06989131801181832,-0.23126447582631932,1,0.5,design,0.1,0.08070354253628209,0.06989131801181832,0.25,
erm_lunit_bt,erm,True,0.0074889225147851965,0.0,-0.0015721814840439165,0.06340431121849635,0.018195594371989768,0.06989131801181832,-0.23126447582631932,1,0.5,design,0.2,0.08070354253628209,0.06989131801181832,0.25,5
erm_lunit_bt,erm,True,0.0074889225147851965,0.0,-0.0015721814840439165,0.06340431121849635,0.018195594371989768,0.06989131801181832,-0.23126447582631932,3,0.0,none,0.02,0.040351771268141046,0.040351771268141046,0.0,34
erm_lunit_bt,erm,True,0.0074889225147851965,0.0,-0.0015721814840439165,0.06340431121849635,0.018195594371989768,0.06989131801181832,-0.23126447582631932,3,0.0,none,0.05,0.040351771268141046,0.040351771268141046,0.0,8
erm_lunit_bt,erm,True,0.0074889225147851965,0.0,-0.0015721814840439165,0.06340431121849635,0.018195594371989768,0.06989131801181832,-0.23126447582631932,3,0.0,none,0.1,0.040351771268141046,0.040351771268141046,0.0,4
erm_lunit_bt,erm,True,0.0074889225147851965,0.0,-0.0015721814840439165,0.06340431121849635,0.018195594371989768,0.06989131801181832,-0.23126447582631932,3,0.0,none,0.2,0.040351771268141046,0.040351771268141046,0.0,3
erm_lunit_bt,erm,True,0.0074889225147851965,0.0,-0.0015721814840439165,0.06340431121849635,0.018195594371989768,0.06989131801181832,-0.23126447582631932,3,0.25,ratio,0.02,0.04313785800995784,0.040351771268141046,0.125,57
erm_lunit_bt,erm,True,0.0074889225147851965,0.0,-0.0015721814840439165,0.06340431121849635,0.018195594371989768,0.06989131801181832,-0.23126447582631932,3,0.25,ratio,0.05,0.04313785800995784,0.040351771268141046,0.125,11
erm_lunit_bt,erm,True,0.0074889225147851965,0.0,-0.0015721814840439165,0.06340431121849635,0.018195594371989768,0.06989131801181832,-0.23126447582631932,3,0.25,ratio,0.1,0.04313785800995784,0.040351771268141046,0.125,5
erm_lunit_bt,erm,True,0.0074889225147851965,0.0,-0.0015721814840439165,0.06340431121849635,0.018195594371989768,0.06989131801181832,-0.23126447582631932,3,0.25,ratio,0.2,0.04313785800995784,0.040351771268141046,0.125,3
erm_lunit_bt,erm,True,0.0074889225147851965,0.0,-0.0015721814840439165,0.06340431121849635,0.018195594371989768,0.06989131801181832,-0.23126447582631932,3,0.25,design,0.02,0.04313785800995784,0.040351771268141046,0.125,
erm_lunit_bt,erm,True,0.0074889225147851965,0.0,-0.0015721814840439165,0.06340431121849635,0.018195594371989768,0.06989131801181832,-0.23126447582631932,3,0.25,design,0.05,0.04313785800995784,0.040351771268141046,0.125,
erm_lunit_bt,erm,True,0.0074889225147851965,0.0,-0.0015721814840439165,0.06340431121849635,0.018195594371989768,0.06989131801181832,-0.23126447582631932,3,0.25,design,0.1,0.04313785800995784,0.040351771268141046,0.125,5
erm_lunit_bt,erm,True,0.0074889225147851965,0.0,-0.0015721814840439165,0.06340431121849635,0.018195594371989768,0.06989131801181832,-0.23126447582631932,3,0.25,design,0.2,0.04313785800995784,0.040351771268141046,0.125,3
erm_lunit_bt,erm,True,0.0074889225147851965,0.0,-0.0015721814840439165,0.06340431121849635,0.018195594371989768,0.06989131801181832,-0.23126447582631932,3,0.5,ratio,0.02,0.04659421200787888,0.040351771268141046,0.25,88
erm_lunit_bt,erm,True,0.0074889225147851965,0.0,-0.0015721814840439165,0.06340431121849635,0.018195594371989768,0.06989131801181832,-0.23126447582631932,3,0.5,ratio,0.05,0.04659421200787888,0.040351771268141046,0.25,16
erm_lunit_bt,erm,True,0.0074889225147851965,0.0,-0.0015721814840439165,0.06340431121849635,0.018195594371989768,0.06989131801181832,-0.23126447582631932,3,0.5,ratio,0.1,0.04659421200787888,0.040351771268141046,0.25,6
erm_lunit_bt,erm,True,0.0074889225147851965,0.0,-0.0015721814840439165,0.06340431121849635,0.018195594371989768,0.06989131801181832,-0.23126447582631932,3,0.5,ratio,0.2,0.04659421200787888,0.040351771268141046,0.25,4
erm_lunit_bt,erm,True,0.0074889225147851965,0.0,-0.0015721814840439165,0.06340431121849635,0.018195594371989768,0.06989131801181832,-0.23126447582631932,3,0.5,design,0.02,0.04659421200787888,0.040351771268141046,0.25,
erm_lunit_bt,erm,True,0.0074889225147851965,0.0,-0.0015721814840439165,0.06340431121849635,0.018195594371989768,0.06989131801181832,-0.23126447582631932,3,0.5,design,0.05,0.04659421200787888,0.040351771268141046,0.25,
erm_lunit_bt,erm,True,0.0074889225147851965,0.0,-0.0015721814840439165,0.06340431121849635,0.018195594371989768,0.06989131801181832,-0.23126447582631932,3,0.5,design,0.1,0.04659421200787888,0.040351771268141046,0.25,9
erm_lunit_bt,erm,True,0.0074889225147851965,0.0,-0.0015721814840439165,0.06340431121849635,0.018195594371989768,0.06989131801181832,-0.23126447582631932,3,0.5,design,0.2,0.04659421200787888,0.040351771268141046,0.25,3
erm_lunit_bt,erm,True,0.0074889225147851965,0.0,-0.0015721814840439165,0.06340431121849635,0.018195594371989768,0.06989131801181832,-0.23126447582631932,5,0.0,none,0.02,0.03125634762229624,0.03125634762229624,0.0,22
erm_lunit_bt,erm,True,0.0074889225147851965,0.0,-0.0015721814840439165,0.06340431121849635,0.018195594371989768,0.06989131801181832,-0.23126447582631932,5,0.0,none,0.05,0.03125634762229624,0.03125634762229624,0.0,6
erm_lunit_bt,erm,True,0.0074889225147851965,0.0,-0.0015721814840439165,0.06340431121849635,0.018195594371989768,0.06989131801181832,-0.23126447582631932,5,0.0,none,0.1,0.03125634762229624,0.03125634762229624,0.0,4
erm_lunit_bt,erm,True,0.0074889225147851965,0.0,-0.0015721814840439165,0.06340431121849635,0.018195594371989768,0.06989131801181832,-0.23126447582631932,5,0.0,none,0.2,0.03125634762229624,0.03125634762229624,0.0,3
erm_lunit_bt,erm,True,0.0074889225147851965,0.0,-0.0015721814840439165,0.06340431121849635,0.018195594371989768,0.06989131801181832,-0.23126447582631932,5,0.25,ratio,0.02,0.03341444113272538,0.03125634762229624,0.125,35
erm_lunit_bt,erm,True,0.0074889225147851965,0.0,-0.0015721814840439165,0.06340431121849635,0.018195594371989768,0.06989131801181832,-0.23126447582631932,5,0.25,ratio,0.05,0.03341444113272538,0.03125634762229624,0.125,8
erm_lunit_bt,erm,True,0.0074889225147851965,0.0,-0.0015721814840439165,0.06340431121849635,0.018195594371989768,0.06989131801181832,-0.23126447582631932,5,0.25,ratio,0.1,0.03341444113272538,0.03125634762229624,0.125,4
erm_lunit_bt,erm,True,0.0074889225147851965,0.0,-0.0015721814840439165,0.06340431121849635,0.018195594371989768,0.06989131801181832,-0.23126447582631932,5,0.25,ratio,0.2,0.03341444113272538,0.03125634762229624,0.125,3
erm_lunit_bt,erm,True,0.0074889225147851965,0.0,-0.0015721814840439165,0.06340431121849635,0.018195594371989768,0.06989131801181832,-0.23126447582631932,5,0.25,design,0.02,0.03341444113272538,0.03125634762229624,0.125,
erm_lunit_bt,erm,True,0.0074889225147851965,0.0,-0.0015721814840439165,0.06340431121849635,0.018195594371989768,0.06989131801181832,-0.23126447582631932,5,0.25,design,0.05,0.03341444113272538,0.03125634762229624,0.125,24
erm_lunit_bt,erm,True,0.0074889225147851965,0.0,-0.0015721814840439165,0.06340431121849635,0.018195594371989768,0.06989131801181832,-0.23126447582631932,5,0.25,design,0.1,0.03341444113272538,0.03125634762229624,0.125,4
erm_lunit_bt,erm,True,0.0074889225147851965,0.0,-0.0015721814840439165,0.06340431121849635,0.018195594371989768,0.06989131801181832,-0.23126447582631932,5,0.25,design,0.2,0.03341444113272538,0.03125634762229624,0.125,3
erm_lunit_bt,erm,True,0.0074889225147851965,0.0,-0.0015721814840439165,0.06340431121849635,0.018195594371989768,0.06989131801181832,-0.23126447582631932,5,0.5,ratio,0.02,0.036091721427234505,0.03125634762229624,0.25,54
erm_lunit_bt,erm,True,0.0074889225147851965,0.0,-0.0015721814840439165,0.06340431121849635,0.018195594371989768,0.06989131801181832,-0.23126447582631932,5,0.5,ratio,0.05,0.036091721427234505,0.03125634762229624,0.25,11
erm_lunit_bt,erm,True,0.0074889225147851965,0.0,-0.0015721814840439165,0.06340431121849635,0.018195594371989768,0.06989131801181832,-0.23126447582631932,5,0.5,ratio,0.1,0.036091721427234505,0.03125634762229624,0.25,5
erm_lunit_bt,erm,True,0.0074889225147851965,0.0,-0.0015721814840439165,0.06340431121849635,0.018195594371989768,0.06989131801181832,-0.23126447582631932,5,0.5,ratio,0.2,0.036091721427234505,0.03125634762229624,0.25,3
erm_lunit_bt,erm,True,0.0074889225147851965,0.0,-0.0015721814840439165,0.06340431121849635,0.018195594371989768,0.06989131801181832,-0.23126447582631932,5,0.5,design,0.02,0.036091721427234505,0.03125634762229624,0.25,
erm_lunit_bt,erm,True,0.0074889225147851965,0.0,-0.0015721814840439165,0.06340431121849635,0.018195594371989768,0.06989131801181832,-0.23126447582631932,5,0.5,design,0.05,0.036091721427234505,0.03125634762229624,0.25,
erm_lunit_bt,erm,True,0.0074889225147851965,0.0,-0.0015721814840439165,0.06340431121849635,0.018195594371989768,0.06989131801181832,-0.23126447582631932,5,0.5,design,0.1,0.036091721427234505,0.03125634762229624,0.25,4
erm_lunit_bt,erm,True,0.0074889225147851965,0.0,-0.0015721814840439165,0.06340431121849635,0.018195594371989768,0.06989131801181832,-0.23126447582631932,5,0.5,design,0.2,0.036091721427234505,0.03125634762229624,0.25,3
erm_lunit_bt,erm,True,0.0074889225147851965,0.0,-0.0015721814840439165,0.06340431121849635,0.018195594371989768,0.06989131801181832,-0.23126447582631932,10,0.0,none,0.02,0.022101575358849695,0.022101575358849695,0.0,12
erm_lunit_bt,erm,True,0.0074889225147851965,0.0,-0.0015721814840439165,0.06340431121849635,0.018195594371989768,0.06989131801181832,-0.23126447582631932,10,0.0,none,0.05,0.022101575358849695,0.022101575358849695,0.0,4
erm_lunit_bt,erm,True,0.0074889225147851965,0.0,-0.0015721814840439165,0.06340431121849635,0.018195594371989768,0.06989131801181832,-0.23126447582631932,10,0.0,none,0.1,0.022101575358849695,0.022101575358849695,0.0,3
erm_lunit_bt,erm,True,0.0074889225147851965,0.0,-0.0015721814840439165,0.06340431121849635,0.018195594371989768,0.06989131801181832,-0.23126447582631932,10,0.0,none,0.2,0.022101575358849695,0.022101575358849695,0.0,3
erm_lunit_bt,erm,True,0.0074889225147851965,0.0,-0.0015721814840439165,0.06340431121849635,0.018195594371989768,0.06989131801181832,-0.23126447582631932,10,0.25,ratio,0.02,0.023627577914508823,0.022101575358849695,0.125,19
erm_lunit_bt,erm,True,0.0074889225147851965,0.0,-0.0015721814840439165,0.06340431121849635,0.018195594371989768,0.06989131801181832,-0.23126447582631932,10,0.25,ratio,0.05,0.023627577914508823,0.022101575358849695,0.125,5
erm_lunit_bt,erm,True,0.0074889225147851965,0.0,-0.0015721814840439165,0.06340431121849635,0.018195594371989768,0.06989131801181832,-0.23126447582631932,10,0.25,ratio,0.1,0.023627577914508823,0.022101575358849695,0.125,3
erm_lunit_bt,erm,True,0.0074889225147851965,0.0,-0.0015721814840439165,0.06340431121849635,0.018195594371989768,0.06989131801181832,-0.23126447582631932,10,0.25,ratio,0.2,0.023627577914508823,0.022101575358849695,0.125,3
erm_lunit_bt,erm,True,0.0074889225147851965,0.0,-0.0015721814840439165,0.06340431121849635,0.018195594371989768,0.06989131801181832,-0.23126447582631932,10,0.25,design,0.02,0.023627577914508823,0.022101575358849695,0.125,
erm_lunit_bt,erm,True,0.0074889225147851965,0.0,-0.0015721814840439165,0.06340431121849635,0.018195594371989768,0.06989131801181832,-0.23126447582631932,10,0.25,design,0.05,0.023627577914508823,0.022101575358849695,0.125,5
erm_lunit_bt,erm,True,0.0074889225147851965,0.0,-0.0015721814840439165,0.06340431121849635,0.018195594371989768,0.06989131801181832,-0.23126447582631932,10,0.25,design,0.1,0.023627577914508823,0.022101575358849695,0.125,3
erm_lunit_bt,erm,True,0.0074889225147851965,0.0,-0.0015721814840439165,0.06340431121849635,0.018195594371989768,0.06989131801181832,-0.23126447582631932,10,0.25,design,0.2,0.023627577914508823,0.022101575358849695,0.125,3
erm_lunit_bt,erm,True,0.0074889225147851965,0.0,-0.0015721814840439165,0.06340431121849635,0.018195594371989768,0.06989131801181832,-0.23126447582631932,10,0.5,ratio,0.02,0.025520700965893345,0.022101575358849695,0.25,28
erm_lunit_bt,erm,True,0.0074889225147851965,0.0,-0.0015721814840439165,0.06340431121849635,0.018195594371989768,0.06989131801181832,-0.23126447582631932,10,0.5,ratio,0.05,0.025520700965893345,0.022101575358849695,0.25,7
erm_lunit_bt,erm,True,0.0074889225147851965,0.0,-0.0015721814840439165,0.06340431121849635,0.018195594371989768,0.06989131801181832,-0.23126447582631932,10,0.5,ratio,0.1,0.025520700965893345,0.022101575358849695,0.25,4
erm_lunit_bt,erm,True,0.0074889225147851965,0.0,-0.0015721814840439165,0.06340431121849635,0.018195594371989768,0.06989131801181832,-0.23126447582631932,10,0.5,ratio,0.2,0.025520700965893345,0.022101575358849695,0.25,3
erm_lunit_bt,erm,True,0.0074889225147851965,0.0,-0.0015721814840439165,0.06340431121849635,0.018195594371989768,0.06989131801181832,-0.23126447582631932,10,0.5,design,0.02,0.025520700965893345,0.022101575358849695,0.25,
erm_lunit_bt,erm,True,0.0074889225147851965,0.0,-0.0015721814840439165,0.06340431121849635,0.018195594371989768,0.06989131801181832,-0.23126447582631932,10,0.5,design,0.05,0.025520700965893345,0.022101575358849695,0.25,
erm_lunit_bt,erm,True,0.0074889225147851965,0.0,-0.0015721814840439165,0.06340431121849635,0.018195594371989768,0.06989131801181832,-0.23126447582631932,10,0.5,design,0.1,0.025520700965893345,0.022101575358849695,0.25,3
erm_lunit_bt,erm,True,0.0074889225147851965,0.0,-0.0015721814840439165,0.06340431121849635,0.018195594371989768,0.06989131801181832,-0.23126447582631932,10,0.5,design,0.2,0.025520700965893345,0.022101575358849695,0.25,3
erm_lunit_dino,erm,True,0.035521789719374156,0.03379665650616324,0.001142213990995586,0.0044605157004271,0.018195594371989768,0.018940714390316662,-0.0478969973454279,1,0.0,none,0.02,0.03874228507214223,0.03874228507214223,0.0,32
erm_lunit_dino,erm,True,0.035521789719374156,0.03379665650616324,0.001142213990995586,0.0044605157004271,0.018195594371989768,0.018940714390316662,-0.0478969973454279,1,0.0,none,0.05,0.03874228507214223,0.03874228507214223,0.0,7
erm_lunit_dino,erm,True,0.035521789719374156,0.03379665650616324,0.001142213990995586,0.0044605157004271,0.018195594371989768,0.018940714390316662,-0.0478969973454279,1,0.0,none,0.1,0.03874228507214223,0.03874228507214223,0.0,4
erm_lunit_dino,erm,True,0.035521789719374156,0.03379665650616324,0.001142213990995586,0.0044605157004271,0.018195594371989768,0.018940714390316662,-0.0478969973454279,1,0.0,none,0.2,0.03874228507214223,0.03874228507214223,0.0,3
erm_lunit_dino,erm,True,0.035521789719374156,0.03379665650616324,0.001142213990995586,0.0044605157004271,0.018195594371989768,0.018940714390316662,-0.0478969973454279,1,0.25,ratio,0.02,0.04141724489162365,0.03874228507214223,0.125,53
erm_lunit_dino,erm,True,0.035521789719374156,0.03379665650616324,0.001142213990995586,0.0044605157004271,0.018195594371989768,0.018940714390316662,-0.0478969973454279,1,0.25,ratio,0.05,0.04141724489162365,0.03874228507214223,0.125,11
erm_lunit_dino,erm,True,0.035521789719374156,0.03379665650616324,0.001142213990995586,0.0044605157004271,0.018195594371989768,0.018940714390316662,-0.0478969973454279,1,0.25,ratio,0.1,0.04141724489162365,0.03874228507214223,0.125,5
erm_lunit_dino,erm,True,0.035521789719374156,0.03379665650616324,0.001142213990995586,0.0044605157004271,0.018195594371989768,0.018940714390316662,-0.0478969973454279,1,0.25,ratio,0.2,0.04141724489162365,0.03874228507214223,0.125,3
erm_lunit_dino,erm,True,0.035521789719374156,0.03379665650616324,0.001142213990995586,0.0044605157004271,0.018195594371989768,0.018940714390316662,-0.0478969973454279,1,0.25,design,0.02,0.04141724489162365,0.03874228507214223,0.125,
erm_lunit_dino,erm,True,0.035521789719374156,0.03379665650616324,0.001142213990995586,0.0044605157004271,0.018195594371989768,0.018940714390316662,-0.0478969973454279,1,0.25,design,0.05,0.04141724489162365,0.03874228507214223,0.125,
erm_lunit_dino,erm,True,0.035521789719374156,0.03379665650616324,0.001142213990995586,0.0044605157004271,0.018195594371989768,0.018940714390316662,-0.0478969973454279,1,0.25,design,0.1,0.04141724489162365,0.03874228507214223,0.125,4
erm_lunit_dino,erm,True,0.035521789719374156,0.03379665650616324,0.001142213990995586,0.0044605157004271,0.018195594371989768,0.018940714390316662,-0.0478969973454279,1,0.25,design,0.2,0.04141724489162365,0.03874228507214223,0.125,3
erm_lunit_dino,erm,True,0.035521789719374156,0.03379665650616324,0.001142213990995586,0.0044605157004271,0.018195594371989768,0.018940714390316662,-0.0478969973454279,1,0.5,ratio,0.02,0.04473573743084508,0.03874228507214223,0.25,81
erm_lunit_dino,erm,True,0.035521789719374156,0.03379665650616324,0.001142213990995586,0.0044605157004271,0.018195594371989768,0.018940714390316662,-0.0478969973454279,1,0.5,ratio,0.05,0.04473573743084508,0.03874228507214223,0.25,15
erm_lunit_dino,erm,True,0.035521789719374156,0.03379665650616324,0.001142213990995586,0.0044605157004271,0.018195594371989768,0.018940714390316662,-0.0478969973454279,1,0.5,ratio,0.1,0.04473573743084508,0.03874228507214223,0.25,6
erm_lunit_dino,erm,True,0.035521789719374156,0.03379665650616324,0.001142213990995586,0.0044605157004271,0.018195594371989768,0.018940714390316662,-0.0478969973454279,1,0.5,ratio,0.2,0.04473573743084508,0.03874228507214223,0.25,4
erm_lunit_dino,erm,True,0.035521789719374156,0.03379665650616324,0.001142213990995586,0.0044605157004271,0.018195594371989768,0.018940714390316662,-0.0478969973454279,1,0.5,design,0.02,0.04473573743084508,0.03874228507214223,0.25,
erm_lunit_dino,erm,True,0.035521789719374156,0.03379665650616324,0.001142213990995586,0.0044605157004271,0.018195594371989768,0.018940714390316662,-0.0478969973454279,1,0.5,design,0.05,0.04473573743084508,0.03874228507214223,0.25,
erm_lunit_dino,erm,True,0.035521789719374156,0.03379665650616324,0.001142213990995586,0.0044605157004271,0.018195594371989768,0.018940714390316662,-0.0478969973454279,1,0.5,design,0.1,0.04473573743084508,0.03874228507214223,0.25,7
erm_lunit_dino,erm,True,0.035521789719374156,0.03379665650616324,0.001142213990995586,0.0044605157004271,0.018195594371989768,0.018940714390316662,-0.0478969973454279,1,0.5,design,0.2,0.04473573743084508,0.03874228507214223,0.25,3
erm_lunit_dino,erm,True,0.035521789719374156,0.03379665650616324,0.001142213990995586,0.0044605157004271,0.018195594371989768,0.018940714390316662,-0.0478969973454279,3,0.0,none,0.02,0.035521789719374156,0.035521789719374156,0.0,27
erm_lunit_dino,erm,True,0.035521789719374156,0.03379665650616324,0.001142213990995586,0.0044605157004271,0.018195594371989768,0.018940714390316662,-0.0478969973454279,3,0.0,none,0.05,0.035521789719374156,0.035521789719374156,0.0,7
erm_lunit_dino,erm,True,0.035521789719374156,0.03379665650616324,0.001142213990995586,0.0044605157004271,0.018195594371989768,0.018940714390316662,-0.0478969973454279,3,0.0,none,0.1,0.035521789719374156,0.035521789719374156,0.0,4
erm_lunit_dino,erm,True,0.035521789719374156,0.03379665650616324,0.001142213990995586,0.0044605157004271,0.018195594371989768,0.018940714390316662,-0.0478969973454279,3,0.0,none,0.2,0.035521789719374156,0.035521789719374156,0.0,3
erm_lunit_dino,erm,True,0.035521789719374156,0.03379665650616324,0.001142213990995586,0.0044605157004271,0.018195594371989768,0.018940714390316662,-0.0478969973454279,3,0.25,ratio,0.02,0.0379743905414077,0.035521789719374156,0.125,45
erm_lunit_dino,erm,True,0.035521789719374156,0.03379665650616324,0.001142213990995586,0.0044605157004271,0.018195594371989768,0.018940714390316662,-0.0478969973454279,3,0.25,ratio,0.05,0.0379743905414077,0.035521789719374156,0.125,9
erm_lunit_dino,erm,True,0.035521789719374156,0.03379665650616324,0.001142213990995586,0.0044605157004271,0.018195594371989768,0.018940714390316662,-0.0478969973454279,3,0.25,ratio,0.1,0.0379743905414077,0.035521789719374156,0.125,4
erm_lunit_dino,erm,True,0.035521789719374156,0.03379665650616324,0.001142213990995586,0.0044605157004271,0.018195594371989768,0.018940714390316662,-0.0478969973454279,3,0.25,ratio,0.2,0.0379743905414077,0.035521789719374156,0.125,3
erm_lunit_dino,erm,True,0.035521789719374156,0.03379665650616324,0.001142213990995586,0.0044605157004271,0.018195594371989768,0.018940714390316662,-0.0478969973454279,3,0.25,design,0.02,0.0379743905414077,0.035521789719374156,0.125,
erm_lunit_dino,erm,True,0.035521789719374156,0.03379665650616324,0.001142213990995586,0.0044605157004271,0.018195594371989768,0.018940714390316662,-0.0478969973454279,3,0.25,design,0.05,0.0379743905414077,0.035521789719374156,0.125,
erm_lunit_dino,erm,True,0.035521789719374156,0.03379665650616324,0.001142213990995586,0.0044605157004271,0.018195594371989768,0.018940714390316662,-0.0478969973454279,3,0.25,design,0.1,0.0379743905414077,0.035521789719374156,0.125,4
erm_lunit_dino,erm,True,0.035521789719374156,0.03379665650616324,0.001142213990995586,0.0044605157004271,0.018195594371989768,0.018940714390316662,-0.0478969973454279,3,0.25,design,0.2,0.0379743905414077,0.035521789719374156,0.125,3
erm_lunit_dino,erm,True,0.035521789719374156,0.03379665650616324,0.001142213990995586,0.0044605157004271,0.018195594371989768,0.018940714390316662,-0.0478969973454279,3,0.5,ratio,0.02,0.0410170297131559,0.035521789719374156,0.25,68
erm_lunit_dino,erm,True,0.035521789719374156,0.03379665650616324,0.001142213990995586,0.0044605157004271,0.018195594371989768,0.018940714390316662,-0.0478969973454279,3,0.5,ratio,0.05,0.0410170297131559,0.035521789719374156,0.25,13
erm_lunit_dino,erm,True,0.035521789719374156,0.03379665650616324,0.001142213990995586,0.0044605157004271,0.018195594371989768,0.018940714390316662,-0.0478969973454279,3,0.5,ratio,0.1,0.0410170297131559,0.035521789719374156,0.25,5
erm_lunit_dino,erm,True,0.035521789719374156,0.03379665650616324,0.001142213990995586,0.0044605157004271,0.018195594371989768,0.018940714390316662,-0.0478969973454279,3,0.5,ratio,0.2,0.0410170297131559,0.035521789719374156,0.25,3
erm_lunit_dino,erm,True,0.035521789719374156,0.03379665650616324,0.001142213990995586,0.0044605157004271,0.018195594371989768,0.018940714390316662,-0.0478969973454279,3,0.5,design,0.02,0.0410170297131559,0.035521789719374156,0.25,
erm_lunit_dino,erm,True,0.035521789719374156,0.03379665650616324,0.001142213990995586,0.0044605157004271,0.018195594371989768,0.018940714390316662,-0.0478969973454279,3,0.5,design,0.05,0.0410170297131559,0.035521789719374156,0.25,
erm_lunit_dino,erm,True,0.035521789719374156,0.03379665650616324,0.001142213990995586,0.0044605157004271,0.018195594371989768,0.018940714390316662,-0.0478969973454279,3,0.5,design,0.1,0.0410170297131559,0.035521789719374156,0.25,5
erm_lunit_dino,erm,True,0.035521789719374156,0.03379665650616324,0.001142213990995586,0.0044605157004271,0.018195594371989768,0.018940714390316662,-0.0478969973454279,3,0.5,design,0.2,0.0410170297131559,0.035521789719374156,0.25,3
erm_lunit_dino,erm,True,0.035521789719374156,0.03379665650616324,0.001142213990995586,0.0044605157004271,0.018195594371989768,0.018940714390316662,-0.0478969973454279,5,0.0,none,0.02,0.03484198793580377,0.03484198793580377,0.0,26
erm_lunit_dino,erm,True,0.035521789719374156,0.03379665650616324,0.001142213990995586,0.0044605157004271,0.018195594371989768,0.018940714390316662,-0.0478969973454279,5,0.0,none,0.05,0.03484198793580377,0.03484198793580377,0.0,6
erm_lunit_dino,erm,True,0.035521789719374156,0.03379665650616324,0.001142213990995586,0.0044605157004271,0.018195594371989768,0.018940714390316662,-0.0478969973454279,5,0.0,none,0.1,0.03484198793580377,0.03484198793580377,0.0,4
erm_lunit_dino,erm,True,0.035521789719374156,0.03379665650616324,0.001142213990995586,0.0044605157004271,0.018195594371989768,0.018940714390316662,-0.0478969973454279,5,0.0,none,0.2,0.03484198793580377,0.03484198793580377,0.0,3
erm_lunit_dino,erm,True,0.035521789719374156,0.03379665650616324,0.001142213990995586,0.0044605157004271,0.018195594371989768,0.018940714390316662,-0.0478969973454279,5,0.25,ratio,0.02,0.0372476518656825,0.03484198793580377,0.125,43
erm_lunit_dino,erm,True,0.035521789719374156,0.03379665650616324,0.001142213990995586,0.0044605157004271,0.018195594371989768,0.018940714390316662,-0.0478969973454279,5,0.25,ratio,0.05,0.0372476518656825,0.03484198793580377,0.125,9
erm_lunit_dino,erm,True,0.035521789719374156,0.03379665650616324,0.001142213990995586,0.0044605157004271,0.018195594371989768,0.018940714390316662,-0.0478969973454279,5,0.25,ratio,0.1,0.0372476518656825,0.03484198793580377,0.125,4
erm_lunit_dino,erm,True,0.035521789719374156,0.03379665650616324,0.001142213990995586,0.0044605157004271,0.018195594371989768,0.018940714390316662,-0.0478969973454279,5,0.25,ratio,0.2,0.0372476518656825,0.03484198793580377,0.125,3
erm_lunit_dino,erm,True,0.035521789719374156,0.03379665650616324,0.001142213990995586,0.0044605157004271,0.018195594371989768,0.018940714390316662,-0.0478969973454279,5,0.25,design,0.02,0.0372476518656825,0.03484198793580377,0.125,
erm_lunit_dino,erm,True,0.035521789719374156,0.03379665650616324,0.001142213990995586,0.0044605157004271,0.018195594371989768,0.018940714390316662,-0.0478969973454279,5,0.25,design,0.05,0.0372476518656825,0.03484198793580377,0.125,
erm_lunit_dino,erm,True,0.035521789719374156,0.03379665650616324,0.001142213990995586,0.0044605157004271,0.018195594371989768,0.018940714390316662,-0.0478969973454279,5,0.25,design,0.1,0.0372476518656825,0.03484198793580377,0.125,4
erm_lunit_dino,erm,True,0.035521789719374156,0.03379665650616324,0.001142213990995586,0.0044605157004271,0.018195594371989768,0.018940714390316662,-0.0478969973454279,5,0.25,design,0.2,0.0372476518656825,0.03484198793580377,0.125,3
erm_lunit_dino,erm,True,0.035521789719374156,0.03379665650616324,0.001142213990995586,0.0044605157004271,0.018195594371989768,0.018940714390316662,-0.0478969973454279,5,0.5,ratio,0.02,0.040232062227676,0.03484198793580377,0.25,66
erm_lunit_dino,erm,True,0.035521789719374156,0.03379665650616324,0.001142213990995586,0.0044605157004271,0.018195594371989768,0.018940714390316662,-0.0478969973454279,5,0.5,ratio,0.05,0.040232062227676,0.03484198793580377,0.25,13
erm_lunit_dino,erm,True,0.035521789719374156,0.03379665650616324,0.001142213990995586,0.0044605157004271,0.018195594371989768,0.018940714390316662,-0.0478969973454279,5,0.5,ratio,0.1,0.040232062227676,0.03484198793580377,0.25,5
erm_lunit_dino,erm,True,0.035521789719374156,0.03379665650616324,0.001142213990995586,0.0044605157004271,0.018195594371989768,0.018940714390316662,-0.0478969973454279,5,0.5,ratio,0.2,0.040232062227676,0.03484198793580377,0.25,3
erm_lunit_dino,erm,True,0.035521789719374156,0.03379665650616324,0.001142213990995586,0.0044605157004271,0.018195594371989768,0.018940714390316662,-0.0478969973454279,5,0.5,design,0.02,0.040232062227676,0.03484198793580377,0.25,
erm_lunit_dino,erm,True,0.035521789719374156,0.03379665650616324,0.001142213990995586,0.0044605157004271,0.018195594371989768,0.018940714390316662,-0.0478969973454279,5,0.5,design,0.05,0.040232062227676,0.03484198793580377,0.25,
erm_lunit_dino,erm,True,0.035521789719374156,0.03379665650616324,0.001142213990995586,0.0044605157004271,0.018195594371989768,0.018940714390316662,-0.0478969973454279,5,0.5,design,0.1,0.040232062227676,0.03484198793580377,0.25,5
erm_lunit_dino,erm,True,0.035521789719374156,0.03379665650616324,0.001142213990995586,0.0044605157004271,0.018195594371989768,0.018940714390316662,-0.0478969973454279,5,0.5,design,0.2,0.040232062227676,0.03484198793580377,0.25,3
erm_lunit_dino,erm,True,0.035521789719374156,0.03379665650616324,0.001142213990995586,0.0044605157004271,0.018195594371989768,0.018940714390316662,-0.0478969973454279,10,0.0,none,0.02,0.03432330195591824,0.03432330195591824,0.0,26
erm_lunit_dino,erm,True,0.035521789719374156,0.03379665650616324,0.001142213990995586,0.0044605157004271,0.018195594371989768,0.018940714390316662,-0.0478969973454279,10,0.0,none,0.05,0.03432330195591824,0.03432330195591824,0.0,6
erm_lunit_dino,erm,True,0.035521789719374156,0.03379665650616324,0.001142213990995586,0.0044605157004271,0.018195594371989768,0.018940714390316662,-0.0478969973454279,10,0.0,none,0.1,0.03432330195591824,0.03432330195591824,0.0,4
erm_lunit_dino,erm,True,0.035521789719374156,0.03379665650616324,0.001142213990995586,0.0044605157004271,0.018195594371989768,0.018940714390316662,-0.0478969973454279,10,0.0,none,0.2,0.03432330195591824,0.03432330195591824,0.0,3
erm_lunit_dino,erm,True,0.035521789719374156,0.03379665650616324,0.001142213990995586,0.0044605157004271,0.018195594371989768,0.018940714390316662,-0.0478969973454279,10,0.25,ratio,0.02,0.036693153229095415,0.03432330195591824,0.125,42
erm_lunit_dino,erm,True,0.035521789719374156,0.03379665650616324,0.001142213990995586,0.0044605157004271,0.018195594371989768,0.018940714390316662,-0.0478969973454279,10,0.25,ratio,0.05,0.036693153229095415,0.03432330195591824,0.125,9
erm_lunit_dino,erm,True,0.035521789719374156,0.03379665650616324,0.001142213990995586,0.0044605157004271,0.018195594371989768,0.018940714390316662,-0.0478969973454279,10,0.25,ratio,0.1,0.036693153229095415,0.03432330195591824,0.125,4
erm_lunit_dino,erm,True,0.035521789719374156,0.03379665650616324,0.001142213990995586,0.0044605157004271,0.018195594371989768,0.018940714390316662,-0.0478969973454279,10,0.25,ratio,0.2,0.036693153229095415,0.03432330195591824,0.125,3
erm_lunit_dino,erm,True,0.035521789719374156,0.03379665650616324,0.001142213990995586,0.0044605157004271,0.018195594371989768,0.018940714390316662,-0.0478969973454279,10,0.25,design,0.02,0.036693153229095415,0.03432330195591824,0.125,
erm_lunit_dino,erm,True,0.035521789719374156,0.03379665650616324,0.001142213990995586,0.0044605157004271,0.018195594371989768,0.018940714390316662,-0.0478969973454279,10,0.25,design,0.05,0.036693153229095415,0.03432330195591824,0.125,
erm_lunit_dino,erm,True,0.035521789719374156,0.03379665650616324,0.001142213990995586,0.0044605157004271,0.018195594371989768,0.018940714390316662,-0.0478969973454279,10,0.25,design,0.1,0.036693153229095415,0.03432330195591824,0.125,4
erm_lunit_dino,erm,True,0.035521789719374156,0.03379665650616324,0.001142213990995586,0.0044605157004271,0.018195594371989768,0.018940714390316662,-0.0478969973454279,10,0.25,design,0.2,0.036693153229095415,0.03432330195591824,0.125,3
erm_lunit_dino,erm,True,0.035521789719374156,0.03379665650616324,0.001142213990995586,0.0044605157004271,0.018195594371989768,0.018940714390316662,-0.0478969973454279,10,0.5,ratio,0.02,0.03963313524745241,0.03432330195591824,0.25,64
erm_lunit_dino,erm,True,0.035521789719374156,0.03379665650616324,0.001142213990995586,0.0044605157004271,0.018195594371989768,0.018940714390316662,-0.0478969973454279,10,0.5,ratio,0.05,0.03963313524745241,0.03432330195591824,0.25,12
erm_lunit_dino,erm,True,0.035521789719374156,0.03379665650616324,0.001142213990995586,0.0044605157004271,0.018195594371989768,0.018940714390316662,-0.0478969973454279,10,0.5,ratio,0.1,0.03963313524745241,0.03432330195591824,0.25,5
erm_lunit_dino,erm,True,0.035521789719374156,0.03379665650616324,0.001142213990995586,0.0044605157004271,0.018195594371989768,0.018940714390316662,-0.0478969973454279,10,0.5,ratio,0.2,0.03963313524745241,0.03432330195591824,0.25,3
erm_lunit_dino,erm,True,0.035521789719374156,0.03379665650616324,0.001142213990995586,0.0044605157004271,0.018195594371989768,0.018940714390316662,-0.0478969973454279,10,0.5,design,0.02,0.03963313524745241,0.03432330195591824,0.25,
erm_lunit_dino,erm,True,0.035521789719374156,0.03379665650616324,0.001142213990995586,0.0044605157004271,0.018195594371989768,0.018940714390316662,-0.0478969973454279,10,0.5,design,0.05,0.03963313524745241,0.03432330195591824,0.25,
erm_lunit_dino,erm,True,0.035521789719374156,0.03379665650616324,0.001142213990995586,0.0044605157004271,0.018195594371989768,0.018940714390316662,-0.0478969973454279,10,0.5,design,0.1,0.03963313524745241,0.03432330195591824,0.25,5
erm_lunit_dino,erm,True,0.035521789719374156,0.03379665650616324,0.001142213990995586,0.0044605157004271,0.018195594371989768,0.018940714390316662,-0.0478969973454279,10,0.5,design,0.2,0.03963313524745241,0.03432330195591824,0.25,3
fish,erm,True,0.04958683266857161,0.03358075377192441,0.0011276670238906158,0.058972855709831545,0.018195594371989768,0.06319462675442364,-0.08605570391215663,1,0.0,none,0.02,0.07156275479969683,0.07156275479969683,0.0,103
fish,erm,True,0.04958683266857161,0.03358075377192441,0.0011276670238906158,0.058972855709831545,0.018195594371989768,0.06319462675442364,-0.08605570391215663,1,0.0,none,0.05,0.07156275479969683,0.07156275479969683,0.0,19
fish,erm,True,0.04958683266857161,0.03358075377192441,0.0011276670238906158,0.058972855709831545,0.018195594371989768,0.06319462675442364,-0.08605570391215663,1,0.0,none,0.1,0.07156275479969683,0.07156275479969683,0.0,7
fish,erm,True,0.04958683266857161,0.03358075377192441,0.0011276670238906158,0.058972855709831545,0.018195594371989768,0.06319462675442364,-0.08605570391215663,1,0.0,none,0.2,0.07156275479969683,0.07156275479969683,0.0,4
fish,erm,True,0.04958683266857161,0.03358075377192441,0.0011276670238906158,0.058972855709831545,0.018195594371989768,0.06319462675442364,-0.08605570391215663,1,0.25,ratio,0.02,0.07650380288976513,0.07156275479969683,0.125,175
fish,erm,True,0.04958683266857161,0.03358075377192441,0.0011276670238906158,0.058972855709831545,0.018195594371989768,0.06319462675442364,-0.08605570391215663,1,0.25,ratio,0.05,0.07650380288976513,0.07156275479969683,0.125,30
fish,erm,True,0.04958683266857161,0.03358075377192441,0.0011276670238906158,0.058972855709831545,0.018195594371989768,0.06319462675442364,-0.08605570391215663,1,0.25,ratio,0.1,0.07650380288976513,0.07156275479969683,0.125,9
fish,erm,True,0.04958683266857161,0.03358075377192441,0.0011276670238906158,0.058972855709831545,0.018195594371989768,0.06319462675442364,-0.08605570391215663,1,0.25,ratio,0.2,0.07650380288976513,0.07156275479969683,0.125,4
fish,erm,True,0.04958683266857161,0.03358075377192441,0.0011276670238906158,0.058972855709831545,0.018195594371989768,0.06319462675442364,-0.08605570391215663,1,0.25,design,0.02,0.07650380288976513,0.07156275479969683,0.125,
fish,erm,True,0.04958683266857161,0.03358075377192441,0.0011276670238906158,0.058972855709831545,0.018195594371989768,0.06319462675442364,-0.08605570391215663,1,0.25,design,0.05,0.07650380288976513,0.07156275479969683,0.125,
fish,erm,True,0.04958683266857161,0.03358075377192441,0.0011276670238906158,0.058972855709831545,0.018195594371989768,0.06319462675442364,-0.08605570391215663,1,0.25,design,0.1,0.07650380288976513,0.07156275479969683,0.125,
fish,erm,True,0.04958683266857161,0.03358075377192441,0.0011276670238906158,0.058972855709831545,0.018195594371989768,0.06319462675442364,-0.08605570391215663,1,0.25,design,0.2,0.07650380288976513,0.07156275479969683,0.125,4
fish,erm,True,0.04958683266857161,0.03358075377192441,0.0011276670238906158,0.058972855709831545,0.018195594371989768,0.06319462675442364,-0.08605570391215663,1,0.5,ratio,0.02,0.0826335514951123,0.07156275479969683,0.25,270
fish,erm,True,0.04958683266857161,0.03358075377192441,0.0011276670238906158,0.058972855709831545,0.018195594371989768,0.06319462675442364,-0.08605570391215663,1,0.5,ratio,0.05,0.0826335514951123,0.07156275479969683,0.25,45
fish,erm,True,0.04958683266857161,0.03358075377192441,0.0011276670238906158,0.058972855709831545,0.018195594371989768,0.06319462675442364,-0.08605570391215663,1,0.5,ratio,0.1,0.0826335514951123,0.07156275479969683,0.25,13
fish,erm,True,0.04958683266857161,0.03358075377192441,0.0011276670238906158,0.058972855709831545,0.018195594371989768,0.06319462675442364,-0.08605570391215663,1,0.5,ratio,0.2,0.0826335514951123,0.07156275479969683,0.25,5
fish,erm,True,0.04958683266857161,0.03358075377192441,0.0011276670238906158,0.058972855709831545,0.018195594371989768,0.06319462675442364,-0.08605570391215663,1,0.5,design,0.02,0.0826335514951123,0.07156275479969683,0.25,
fish,erm,True,0.04958683266857161,0.03358075377192441,0.0011276670238906158,0.058972855709831545,0.018195594371989768,0.06319462675442364,-0.08605570391215663,1,0.5,design,0.05,0.0826335514951123,0.07156275479969683,0.25,
fish,erm,True,0.04958683266857161,0.03358075377192441,0.0011276670238906158,0.058972855709831545,0.018195594371989768,0.06319462675442364,-0.08605570391215663,1,0.5,design,0.1,0.0826335514951123,0.07156275479969683,0.25,
fish,erm,True,0.04958683266857161,0.03358075377192441,0.0011276670238906158,0.058972855709831545,0.018195594371989768,0.06319462675442364,-0.08605570391215663,1,0.5,design,0.2,0.0826335514951123,0.07156275479969683,0.25,5
fish,erm,True,0.04958683266857161,0.03358075377192441,0.0011276670238906158,0.058972855709831545,0.018195594371989768,0.06319462675442364,-0.08605570391215663,3,0.0,none,0.02,0.04958683266857161,0.04958683266857161,0.0,51
fish,erm,True,0.04958683266857161,0.03358075377192441,0.0011276670238906158,0.058972855709831545,0.018195594371989768,0.06319462675442364,-0.08605570391215663,3,0.0,none,0.05,0.04958683266857161,0.04958683266857161,0.0,10
fish,erm,True,0.04958683266857161,0.03358075377192441,0.0011276670238906158,0.058972855709831545,0.018195594371989768,0.06319462675442364,-0.08605570391215663,3,0.0,none,0.1,0.04958683266857161,0.04958683266857161,0.0,5
fish,erm,True,0.04958683266857161,0.03358075377192441,0.0011276670238906158,0.058972855709831545,0.018195594371989768,0.06319462675442364,-0.08605570391215663,3,0.0,none,0.2,0.04958683266857161,0.04958683266857161,0.0,3
fish,erm,True,0.04958683266857161,0.03358075377192441,0.0011276670238906158,0.058972855709831545,0.018195594371989768,0.06319462675442364,-0.08605570391215663,3,0.25,ratio,0.02,0.05301055392602411,0.04958683266857161,0.125,85
fish,erm,True,0.04958683266857161,0.03358075377192441,0.0011276670238906158,0.058972855709831545,0.018195594371989768,0.06319462675442364,-0.08605570391215663,3,0.25,ratio,0.05,0.05301055392602411,0.04958683266857161,0.125,16
fish,erm,True,0.04958683266857161,0.03358075377192441,0.0011276670238906158,0.058972855709831545,0.018195594371989768,0.06319462675442364,-0.08605570391215663,3,0.25,ratio,0.1,0.05301055392602411,0.04958683266857161,0.125,6
fish,erm,True,0.04958683266857161,0.03358075377192441,0.0011276670238906158,0.058972855709831545,0.018195594371989768,0.06319462675442364,-0.08605570391215663,3,0.25,ratio,0.2,0.05301055392602411,0.04958683266857161,0.125,4
fish,erm,True,0.04958683266857161,0.03358075377192441,0.0011276670238906158,0.058972855709831545,0.018195594371989768,0.06319462675442364,-0.08605570391215663,3,0.25,design,0.02,0.05301055392602411,0.04958683266857161,0.125,
fish,erm,True,0.04958683266857161,0.03358075377192441,0.0011276670238906158,0.058972855709831545,0.018195594371989768,0.06319462675442364,-0.08605570391215663,3,0.25,design,0.05,0.05301055392602411,0.04958683266857161,0.125,
fish,erm,True,0.04958683266857161,0.03358075377192441,0.0011276670238906158,0.058972855709831545,0.018195594371989768,0.06319462675442364,-0.08605570391215663,3,0.25,design,0.1,0.05301055392602411,0.04958683266857161,0.125,7
fish,erm,True,0.04958683266857161,0.03358075377192441,0.0011276670238906158,0.058972855709831545,0.018195594371989768,0.06319462675442364,-0.08605570391215663,3,0.25,design,0.2,0.05301055392602411,0.04958683266857161,0.125,3
fish,erm,True,0.04958683266857161,0.03358075377192441,0.0011276670238906158,0.058972855709831545,0.018195594371989768,0.06319462675442364,-0.08605570391215663,3,0.5,ratio,0.02,0.057257942378921504,0.04958683266857161,0.25,131
fish,erm,True,0.04958683266857161,0.03358075377192441,0.0011276670238906158,0.058972855709831545,0.018195594371989768,0.06319462675442364,-0.08605570391215663,3,0.5,ratio,0.05,0.057257942378921504,0.04958683266857161,0.25,23
fish,erm,True,0.04958683266857161,0.03358075377192441,0.0011276670238906158,0.058972855709831545,0.018195594371989768,0.06319462675442364,-0.08605570391215663,3,0.5,ratio,0.1,0.057257942378921504,0.04958683266857161,0.25,8
fish,erm,True,0.04958683266857161,0.03358075377192441,0.0011276670238906158,0.058972855709831545,0.018195594371989768,0.06319462675442364,-0.08605570391215663,3,0.5,ratio,0.2,0.057257942378921504,0.04958683266857161,0.25,4
fish,erm,True,0.04958683266857161,0.03358075377192441,0.0011276670238906158,0.058972855709831545,0.018195594371989768,0.06319462675442364,-0.08605570391215663,3,0.5,design,0.02,0.057257942378921504,0.04958683266857161,0.25,
fish,erm,True,0.04958683266857161,0.03358075377192441,0.0011276670238906158,0.058972855709831545,0.018195594371989768,0.06319462675442364,-0.08605570391215663,3,0.5,design,0.05,0.057257942378921504,0.04958683266857161,0.25,
fish,erm,True,0.04958683266857161,0.03358075377192441,0.0011276670238906158,0.058972855709831545,0.018195594371989768,0.06319462675442364,-0.08605570391215663,3,0.5,design,0.1,0.057257942378921504,0.04958683266857161,0.25,
fish,erm,True,0.04958683266857161,0.03358075377192441,0.0011276670238906158,0.058972855709831545,0.018195594371989768,0.06319462675442364,-0.08605570391215663,3,0.5,design,0.2,0.057257942378921504,0.04958683266857161,0.25,3
fish,erm,True,0.04958683266857161,0.03358075377192441,0.0011276670238906158,0.058972855709831545,0.018195594371989768,0.06319462675442364,-0.08605570391215663,5,0.0,none,0.02,0.043890536497254155,0.043890536497254155,0.0,40
fish,erm,True,0.04958683266857161,0.03358075377192441,0.0011276670238906158,0.058972855709831545,0.018195594371989768,0.06319462675442364,-0.08605570391215663,5,0.0,none,0.05,0.043890536497254155,0.043890536497254155,0.0,9
fish,erm,True,0.04958683266857161,0.03358075377192441,0.0011276670238906158,0.058972855709831545,0.018195594371989768,0.06319462675442364,-0.08605570391215663,5,0.0,none,0.1,0.043890536497254155,0.043890536497254155,0.0,4
fish,erm,True,0.04958683266857161,0.03358075377192441,0.0011276670238906158,0.058972855709831545,0.018195594371989768,0.06319462675442364,-0.08605570391215663,5,0.0,none,0.2,0.043890536497254155,0.043890536497254155,0.0,3
fish,erm,True,0.04958683266857161,0.03358075377192441,0.0011276670238906158,0.058972855709831545,0.018195594371989768,0.06319462675442364,-0.08605570391215663,5,0.25,ratio,0.02,0.04692095716983494,0.043890536497254155,0.125,67
fish,erm,True,0.04958683266857161,0.03358075377192441,0.0011276670238906158,0.058972855709831545,0.018195594371989768,0.06319462675442364,-0.08605570391215663,5,0.25,ratio,0.05,0.04692095716983494,0.043890536497254155,0.125,13
fish,erm,True,0.04958683266857161,0.03358075377192441,0.0011276670238906158,0.058972855709831545,0.018195594371989768,0.06319462675442364,-0.08605570391215663,5,0.25,ratio,0.1,0.04692095716983494,0.043890536497254155,0.125,5
fish,erm,True,0.04958683266857161,0.03358075377192441,0.0011276670238906158,0.058972855709831545,0.018195594371989768,0.06319462675442364,-0.08605570391215663,5,0.25,ratio,0.2,0.04692095716983494,0.043890536497254155,0.125,3
fish,erm,True,0.04958683266857161,0.03358075377192441,0.0011276670238906158,0.058972855709831545,0.018195594371989768,0.06319462675442364,-0.08605570391215663,5,0.25,design,0.02,0.04692095716983494,0.043890536497254155,0.125,
fish,erm,True,0.04958683266857161,0.03358075377192441,0.0011276670238906158,0.058972855709831545,0.018195594371989768,0.06319462675442364,-0.08605570391215663,5,0.25,design,0.05,0.04692095716983494,0.043890536497254155,0.125,
fish,erm,True,0.04958683266857161,0.03358075377192441,0.0011276670238906158,0.058972855709831545,0.018195594371989768,0.06319462675442364,-0.08605570391215663,5,0.25,design,0.1,0.04692095716983494,0.043890536497254155,0.125,5
fish,erm,True,0.04958683266857161,0.03358075377192441,0.0011276670238906158,0.058972855709831545,0.018195594371989768,0.06319462675442364,-0.08605570391215663,5,0.25,design,0.2,0.04692095716983494,0.043890536497254155,0.125,3
fish,erm,True,0.04958683266857161,0.03358075377192441,0.0011276670238906158,0.058972855709831545,0.018195594371989768,0.06319462675442364,-0.08605570391215663,5,0.5,ratio,0.02,0.050680426123133566,0.043890536497254155,0.25,103
fish,erm,True,0.04958683266857161,0.03358075377192441,0.0011276670238906158,0.058972855709831545,0.018195594371989768,0.06319462675442364,-0.08605570391215663,5,0.5,ratio,0.05,0.050680426123133566,0.043890536497254155,0.25,19
fish,erm,True,0.04958683266857161,0.03358075377192441,0.0011276670238906158,0.058972855709831545,0.018195594371989768,0.06319462675442364,-0.08605570391215663,5,0.5,ratio,0.1,0.050680426123133566,0.043890536497254155,0.25,7
fish,erm,True,0.04958683266857161,0.03358075377192441,0.0011276670238906158,0.058972855709831545,0.018195594371989768,0.06319462675442364,-0.08605570391215663,5,0.5,ratio,0.2,0.050680426123133566,0.043890536497254155,0.25,4
fish,erm,True,0.04958683266857161,0.03358075377192441,0.0011276670238906158,0.058972855709831545,0.018195594371989768,0.06319462675442364,-0.08605570391215663,5,0.5,design,0.02,0.050680426123133566,0.043890536497254155,0.25,
fish,erm,True,0.04958683266857161,0.03358075377192441,0.0011276670238906158,0.058972855709831545,0.018195594371989768,0.06319462675442364,-0.08605570391215663,5,0.5,design,0.05,0.050680426123133566,0.043890536497254155,0.25,
fish,erm,True,0.04958683266857161,0.03358075377192441,0.0011276670238906158,0.058972855709831545,0.018195594371989768,0.06319462675442364,-0.08605570391215663,5,0.5,design,0.1,0.050680426123133566,0.043890536497254155,0.25,
fish,erm,True,0.04958683266857161,0.03358075377192441,0.0011276670238906158,0.058972855709831545,0.018195594371989768,0.06319462675442364,-0.08605570391215663,5,0.5,design,0.2,0.050680426123133566,0.043890536497254155,0.25,3
fish,erm,True,0.04958683266857161,0.03358075377192441,0.0011276670238906158,0.058972855709831545,0.018195594371989768,0.06319462675442364,-0.08605570391215663,10,0.0,none,0.02,0.039077143050045345,0.039077143050045345,0.0,32
fish,erm,True,0.04958683266857161,0.03358075377192441,0.0011276670238906158,0.058972855709831545,0.018195594371989768,0.06319462675442364,-0.08605570391215663,10,0.0,none,0.05,0.039077143050045345,0.039077143050045345,0.0,7
fish,erm,True,0.04958683266857161,0.03358075377192441,0.0011276670238906158,0.058972855709831545,0.018195594371989768,0.06319462675442364,-0.08605570391215663,10,0.0,none,0.1,0.039077143050045345,0.039077143050045345,0.0,4
fish,erm,True,0.04958683266857161,0.03358075377192441,0.0011276670238906158,0.058972855709831545,0.018195594371989768,0.06319462675442364,-0.08605570391215663,10,0.0,none,0.2,0.039077143050045345,0.039077143050045345,0.0,3
fish,erm,True,0.04958683266857161,0.03358075377192441,0.0011276670238906158,0.058972855709831545,0.018195594371989768,0.06319462675442364,-0.08605570391215663,10,0.25,ratio,0.02,0.04177522312777833,0.039077143050045345,0.125,54
fish,erm,True,0.04958683266857161,0.03358075377192441,0.0011276670238906158,0.058972855709831545,0.018195594371989768,0.06319462675442364,-0.08605570391215663,10,0.25,ratio,0.05,0.04177522312777833,0.039077143050045345,0.125,11
fish,erm,True,0.04958683266857161,0.03358075377192441,0.0011276670238906158,0.058972855709831545,0.018195594371989768,0.06319462675442364,-0.08605570391215663,10,0.25,ratio,0.1,0.04177522312777833,0.039077143050045345,0.125,5
fish,erm,True,0.04958683266857161,0.03358075377192441,0.0011276670238906158,0.058972855709831545,0.018195594371989768,0.06319462675442364,-0.08605570391215663,10,0.25,ratio,0.2,0.04177522312777833,0.039077143050045345,0.125,3
fish,erm,True,0.04958683266857161,0.03358075377192441,0.0011276670238906158,0.058972855709831545,0.018195594371989768,0.06319462675442364,-0.08605570391215663,10,0.25,design,0.02,0.04177522312777833,0.039077143050045345,0.125,
fish,erm,True,0.04958683266857161,0.03358075377192441,0.0011276670238906158,0.058972855709831545,0.018195594371989768,0.06319462675442364,-0.08605570391215663,10,0.25,design,0.05,0.04177522312777833,0.039077143050045345,0.125,
fish,erm,True,0.04958683266857161,0.03358075377192441,0.0011276670238906158,0.058972855709831545,0.018195594371989768,0.06319462675442364,-0.08605570391215663,10,0.25,design,0.1,0.04177522312777833,0.039077143050045345,0.125,4
fish,erm,True,0.04958683266857161,0.03358075377192441,0.0011276670238906158,0.058972855709831545,0.018195594371989768,0.06319462675442364,-0.08605570391215663,10,0.25,design,0.2,0.04177522312777833,0.039077143050045345,0.125,3
fish,erm,True,0.04958683266857161,0.03358075377192441,0.0011276670238906158,0.058972855709831545,0.018195594371989768,0.06319462675442364,-0.08605570391215663,10,0.5,ratio,0.02,0.04512239811821039,0.039077143050045345,0.25,82
fish,erm,True,0.04958683266857161,0.03358075377192441,0.0011276670238906158,0.058972855709831545,0.018195594371989768,0.06319462675442364,-0.08605570391215663,10,0.5,ratio,0.05,0.04512239811821039,0.039077143050045345,0.25,15
fish,erm,True,0.04958683266857161,0.03358075377192441,0.0011276670238906158,0.058972855709831545,0.018195594371989768,0.06319462675442364,-0.08605570391215663,10,0.5,ratio,0.1,0.04512239811821039,0.039077143050045345,0.25,6
fish,erm,True,0.04958683266857161,0.03358075377192441,0.0011276670238906158,0.058972855709831545,0.018195594371989768,0.06319462675442364,-0.08605570391215663,10,0.5,ratio,0.2,0.04512239811821039,0.039077143050045345,0.25,4
fish,erm,True,0.04958683266857161,0.03358075377192441,0.0011276670238906158,0.058972855709831545,0.018195594371989768,0.06319462675442364,-0.08605570391215663,10,0.5,design,0.02,0.04512239811821039,0.039077143050045345,0.25,
fish,erm,True,0.04958683266857161,0.03358075377192441,0.0011276670238906158,0.058972855709831545,0.018195594371989768,0.06319462675442364,-0.08605570391215663,10,0.5,design,0.05,0.04512239811821039,0.039077143050045345,0.25,
fish,erm,True,0.04958683266857161,0.03358075377192441,0.0011276670238906158,0.058972855709831545,0.018195594371989768,0.06319462675442364,-0.08605570391215663,10,0.5,design,0.1,0.04512239811821039,0.039077143050045345,0.25,7
fish,erm,True,0.04958683266857161,0.03358075377192441,0.0011276670238906158,0.058972855709831545,0.018195594371989768,0.06319462675442364,-0.08605570391215663,10,0.5,design,0.2,0.04512239811821039,0.039077143050045345,0.25,3
groupdro,erm,True,0.010771044161310096,0.0031370199392827427,9.840894099457504e-06,0.02839828231438253,0.018195594371989768,0.01784722652616659,0.7925112742114623,1,0.0,none,0.02,0.018120827485955542,0.018120827485955542,0.0,9
groupdro,erm,True,0.010771044161310096,0.0031370199392827427,9.840894099457504e-06,0.02839828231438253,0.018195594371989768,0.01784722652616659,0.7925112742114623,1,0.0,none,0.05,0.018120827485955542,0.018120827485955542,0.0,4
groupdro,erm,True,0.010771044161310096,0.0031370199392827427,9.840894099457504e-06,0.02839828231438253,0.018195594371989768,0.01784722652616659,0.7925112742114623,1,0.0,none,0.1,0.018120827485955542,0.018120827485955542,0.0,3
groupdro,erm,True,0.010771044161310096,0.0031370199392827427,9.840894099457504e-06,0.02839828231438253,0.018195594371989768,0.01784722652616659,0.7925112742114623,1,0.0,none,0.2,0.018120827485955542,0.018120827485955542,0.0,3
groupdro,erm,True,0.010771044161310096,0.0031370199392827427,9.840894099457504e-06,0.02839828231438253,0.018195594371989768,0.01784722652616659,0.7925112742114623,1,0.25,ratio,0.02,0.019371979433509094,0.018120827485955542,0.125,14
groupdro,erm,True,0.010771044161310096,0.0031370199392827427,9.840894099457504e-06,0.02839828231438253,0.018195594371989768,0.01784722652616659,0.7925112742114623,1,0.25,ratio,0.05,0.019371979433509094,0.018120827485955542,0.125,5
groupdro,erm,True,0.010771044161310096,0.0031370199392827427,9.840894099457504e-06,0.02839828231438253,0.018195594371989768,0.01784722652616659,0.7925112742114623,1,0.25,ratio,0.1,0.019371979433509094,0.018120827485955542,0.125,3
groupdro,erm,True,0.010771044161310096,0.0031370199392827427,9.840894099457504e-06,0.02839828231438253,0.018195594371989768,0.01784722652616659,0.7925112742114623,1,0.25,ratio,0.2,0.019371979433509094,0.018120827485955542,0.125,3
groupdro,erm,True,0.010771044161310096,0.0031370199392827427,9.840894099457504e-06,0.02839828231438253,0.018195594371989768,0.01784722652616659,0.7925112742114623,1,0.25,design,0.02,0.019371979433509094,0.018120827485955542,0.125,
groupdro,erm,True,0.010771044161310096,0.0031370199392827427,9.840894099457504e-06,0.02839828231438253,0.018195594371989768,0.01784722652616659,0.7925112742114623,1,0.25,design,0.05,0.019371979433509094,0.018120827485955542,0.125,4
groupdro,erm,True,0.010771044161310096,0.0031370199392827427,9.840894099457504e-06,0.02839828231438253,0.018195594371989768,0.01784722652616659,0.7925112742114623,1,0.25,design,0.1,0.019371979433509094,0.018120827485955542,0.125,3
groupdro,erm,True,0.010771044161310096,0.0031370199392827427,9.840894099457504e-06,0.02839828231438253,0.018195594371989768,0.01784722652616659,0.7925112742114623,1,0.25,design,0.2,0.019371979433509094,0.018120827485955542,0.125,3
groupdro,erm,True,0.010771044161310096,0.0031370199392827427,9.840894099457504e-06,0.02839828231438253,0.018195594371989768,0.01784722652616659,0.7925112742114623,1,0.5,ratio,0.02,0.020924129253910406,0.018120827485955542,0.25,20
groupdro,erm,True,0.010771044161310096,0.0031370199392827427,9.840894099457504e-06,0.02839828231438253,0.018195594371989768,0.01784722652616659,0.7925112742114623,1,0.5,ratio,0.05,0.020924129253910406,0.018120827485955542,0.25,5
groupdro,erm,True,0.010771044161310096,0.0031370199392827427,9.840894099457504e-06,0.02839828231438253,0.018195594371989768,0.01784722652616659,0.7925112742114623,1,0.5,ratio,0.1,0.020924129253910406,0.018120827485955542,0.25,3
groupdro,erm,True,0.010771044161310096,0.0031370199392827427,9.840894099457504e-06,0.02839828231438253,0.018195594371989768,0.01784722652616659,0.7925112742114623,1,0.5,ratio,0.2,0.020924129253910406,0.018120827485955542,0.25,3
groupdro,erm,True,0.010771044161310096,0.0031370199392827427,9.840894099457504e-06,0.02839828231438253,0.018195594371989768,0.01784722652616659,0.7925112742114623,1,0.5,design,0.02,0.020924129253910406,0.018120827485955542,0.25,
groupdro,erm,True,0.010771044161310096,0.0031370199392827427,9.840894099457504e-06,0.02839828231438253,0.018195594371989768,0.01784722652616659,0.7925112742114623,1,0.5,design,0.05,0.020924129253910406,0.018120827485955542,0.25,5
groupdro,erm,True,0.010771044161310096,0.0031370199392827427,9.840894099457504e-06,0.02839828231438253,0.018195594371989768,0.01784722652616659,0.7925112742114623,1,0.5,design,0.1,0.020924129253910406,0.018120827485955542,0.25,3
groupdro,erm,True,0.010771044161310096,0.0031370199392827427,9.840894099457504e-06,0.02839828231438253,0.018195594371989768,0.01784722652616659,0.7925112742114623,1,0.5,design,0.2,0.020924129253910406,0.018120827485955542,0.25,3
groupdro,erm,True,0.010771044161310096,0.0031370199392827427,9.840894099457504e-06,0.02839828231438253,0.018195594371989768,0.01784722652616659,0.7925112742114623,3,0.0,none,0.02,0.010771044161310096,0.010771044161310096,0.0,5
groupdro,erm,True,0.010771044161310096,0.0031370199392827427,9.840894099457504e-06,0.02839828231438253,0.018195594371989768,0.01784722652616659,0.7925112742114623,3,0.0,none,0.05,0.010771044161310096,0.010771044161310096,0.0,3
groupdro,erm,True,0.010771044161310096,0.0031370199392827427,9.840894099457504e-06,0.02839828231438253,0.018195594371989768,0.01784722652616659,0.7925112742114623,3,0.0,none,0.1,0.010771044161310096,0.010771044161310096,0.0,3
groupdro,erm,True,0.010771044161310096,0.0031370199392827427,9.840894099457504e-06,0.02839828231438253,0.018195594371989768,0.01784722652616659,0.7925112742114623,3,0.0,none,0.2,0.010771044161310096,0.010771044161310096,0.0,2
groupdro,erm,True,0.010771044161310096,0.0031370199392827427,9.840894099457504e-06,0.02839828231438253,0.018195594371989768,0.01784722652616659,0.7925112742114623,3,0.25,ratio,0.02,0.011514730556981215,0.010771044161310096,0.125,7
groupdro,erm,True,0.010771044161310096,0.0031370199392827427,9.840894099457504e-06,0.02839828231438253,0.018195594371989768,0.01784722652616659,0.7925112742114623,3,0.25,ratio,0.05,0.011514730556981215,0.010771044161310096,0.125,3
groupdro,erm,True,0.010771044161310096,0.0031370199392827427,9.840894099457504e-06,0.02839828231438253,0.018195594371989768,0.01784722652616659,0.7925112742114623,3,0.25,ratio,0.1,0.011514730556981215,0.010771044161310096,0.125,3
groupdro,erm,True,0.010771044161310096,0.0031370199392827427,9.840894099457504e-06,0.02839828231438253,0.018195594371989768,0.01784722652616659,0.7925112742114623,3,0.25,ratio,0.2,0.011514730556981215,0.010771044161310096,0.125,2
groupdro,erm,True,0.010771044161310096,0.0031370199392827427,9.840894099457504e-06,0.02839828231438253,0.018195594371989768,0.01784722652616659,0.7925112742114623,3,0.25,design,0.02,0.011514730556981215,0.010771044161310096,0.125,8
groupdro,erm,True,0.010771044161310096,0.0031370199392827427,9.840894099457504e-06,0.02839828231438253,0.018195594371989768,0.01784722652616659,0.7925112742114623,3,0.25,design,0.05,0.011514730556981215,0.010771044161310096,0.125,3
groupdro,erm,True,0.010771044161310096,0.0031370199392827427,9.840894099457504e-06,0.02839828231438253,0.018195594371989768,0.01784722652616659,0.7925112742114623,3,0.25,design,0.1,0.011514730556981215,0.010771044161310096,0.125,3
groupdro,erm,True,0.010771044161310096,0.0031370199392827427,9.840894099457504e-06,0.02839828231438253,0.018195594371989768,0.01784722652616659,0.7925112742114623,3,0.25,design,0.2,0.011514730556981215,0.010771044161310096,0.125,3
groupdro,erm,True,0.010771044161310096,0.0031370199392827427,9.840894099457504e-06,0.02839828231438253,0.018195594371989768,0.01784722652616659,0.7925112742114623,3,0.5,ratio,0.02,0.012437330491971462,0.010771044161310096,0.25,9
groupdro,erm,True,0.010771044161310096,0.0031370199392827427,9.840894099457504e-06,0.02839828231438253,0.018195594371989768,0.01784722652616659,0.7925112742114623,3,0.5,ratio,0.05,0.012437330491971462,0.010771044161310096,0.25,4
groupdro,erm,True,0.010771044161310096,0.0031370199392827427,9.840894099457504e-06,0.02839828231438253,0.018195594371989768,0.01784722652616659,0.7925112742114623,3,0.5,ratio,0.1,0.012437330491971462,0.010771044161310096,0.25,3
groupdro,erm,True,0.010771044161310096,0.0031370199392827427,9.840894099457504e-06,0.02839828231438253,0.018195594371989768,0.01784722652616659,0.7925112742114623,3,0.5,ratio,0.2,0.012437330491971462,0.010771044161310096,0.25,3
groupdro,erm,True,0.010771044161310096,0.0031370199392827427,9.840894099457504e-06,0.02839828231438253,0.018195594371989768,0.01784722652616659,0.7925112742114623,3,0.5,design,0.02,0.012437330491971462,0.010771044161310096,0.25,
groupdro,erm,True,0.010771044161310096,0.0031370199392827427,9.840894099457504e-06,0.02839828231438253,0.018195594371989768,0.01784722652616659,0.7925112742114623,3,0.5,design,0.05,0.012437330491971462,0.010771044161310096,0.25,3
groupdro,erm,True,0.010771044161310096,0.0031370199392827427,9.840894099457504e-06,0.02839828231438253,0.018195594371989768,0.01784722652616659,0.7925112742114623,3,0.5,design,0.1,0.012437330491971462,0.010771044161310096,0.25,3
groupdro,erm,True,0.010771044161310096,0.0031370199392827427,9.840894099457504e-06,0.02839828231438253,0.018195594371989768,0.01784722652616659,0.7925112742114623,3,0.5,design,0.2,0.012437330491971462,0.010771044161310096,0.25,3
groupdro,erm,True,0.010771044161310096,0.0031370199392827427,9.840894099457504e-06,0.02839828231438253,0.018195594371989768,0.01784722652616659,0.7925112742114623,5,0.0,none,0.02,0.008575872727292447,0.008575872727292447,0.0,4
groupdro,erm,True,0.010771044161310096,0.0031370199392827427,9.840894099457504e-06,0.02839828231438253,0.018195594371989768,0.01784722652616659,0.7925112742114623,5,0.0,none,0.05,0.008575872727292447,0.008575872727292447,0.0,3
groupdro,erm,True,0.010771044161310096,0.0031370199392827427,9.840894099457504e-06,0.02839828231438253,0.018195594371989768,0.01784722652616659,0.7925112742114623,5,0.0,none,0.1,0.008575872727292447,0.008575872727292447,0.0,2
groupdro,erm,True,0.010771044161310096,0.0031370199392827427,9.840894099457504e-06,0.02839828231438253,0.018195594371989768,0.01784722652616659,0.7925112742114623,5,0.0,none,0.2,0.008575872727292447,0.008575872727292447,0.0,2
groupdro,erm,True,0.010771044161310096,0.0031370199392827427,9.840894099457504e-06,0.02839828231438253,0.018195594371989768,0.01784722652616659,0.7925112742114623,5,0.25,ratio,0.02,0.009167993582316278,0.008575872727292447,0.125,5
groupdro,erm,True,0.010771044161310096,0.0031370199392827427,9.840894099457504e-06,0.02839828231438253,0.018195594371989768,0.01784722652616659,0.7925112742114623,5,0.25,ratio,0.05,0.009167993582316278,0.008575872727292447,0.125,3
groupdro,erm,True,0.010771044161310096,0.0031370199392827427,9.840894099457504e-06,0.02839828231438253,0.018195594371989768,0.01784722652616659,0.7925112742114623,5,0.25,ratio,0.1,0.009167993582316278,0.008575872727292447,0.125,3
groupdro,erm,True,0.010771044161310096,0.0031370199392827427,9.840894099457504e-06,0.02839828231438253,0.018195594371989768,0.01784722652616659,0.7925112742114623,5,0.25,ratio,0.2,0.009167993582316278,0.008575872727292447,0.125,2
groupdro,erm,True,0.010771044161310096,0.0031370199392827427,9.840894099457504e-06,0.02839828231438253,0.018195594371989768,0.01784722652616659,0.7925112742114623,5,0.25,design,0.02,0.009167993582316278,0.008575872727292447,0.125,5
groupdro,erm,True,0.010771044161310096,0.0031370199392827427,9.840894099457504e-06,0.02839828231438253,0.018195594371989768,0.01784722652616659,0.7925112742114623,5,0.25,design,0.05,0.009167993582316278,0.008575872727292447,0.125,3
groupdro,erm,True,0.010771044161310096,0.0031370199392827427,9.840894099457504e-06,0.02839828231438253,0.018195594371989768,0.01784722652616659,0.7925112742114623,5,0.25,design,0.1,0.009167993582316278,0.008575872727292447,0.125,3
groupdro,erm,True,0.010771044161310096,0.0031370199392827427,9.840894099457504e-06,0.02839828231438253,0.018195594371989768,0.01784722652616659,0.7925112742114623,5,0.25,design,0.2,0.009167993582316278,0.008575872727292447,0.125,3
groupdro,erm,True,0.010771044161310096,0.0031370199392827427,9.840894099457504e-06,0.02839828231438253,0.018195594371989768,0.01784722652616659,0.7925112742114623,5,0.5,ratio,0.02,0.00990256485527653,0.008575872727292447,0.25,7
groupdro,erm,True,0.010771044161310096,0.0031370199392827427,9.840894099457504e-06,0.02839828231438253,0.018195594371989768,0.01784722652616659,0.7925112742114623,5,0.5,ratio,0.05,0.00990256485527653,0.008575872727292447,0.25,3
groupdro,erm,True,0.010771044161310096,0.0031370199392827427,9.840894099457504e-06,0.02839828231438253,0.018195594371989768,0.01784722652616659,0.7925112742114623,5,0.5,ratio,0.1,0.00990256485527653,0.008575872727292447,0.25,3
groupdro,erm,True,0.010771044161310096,0.0031370199392827427,9.840894099457504e-06,0.02839828231438253,0.018195594371989768,0.01784722652616659,0.7925112742114623,5,0.5,ratio,0.2,0.00990256485527653,0.008575872727292447,0.25,2
groupdro,erm,True,0.010771044161310096,0.0031370199392827427,9.840894099457504e-06,0.02839828231438253,0.018195594371989768,0.01784722652616659,0.7925112742114623,5,0.5,design,0.02,0.00990256485527653,0.008575872727292447,0.25,27
groupdro,erm,True,0.010771044161310096,0.0031370199392827427,9.840894099457504e-06,0.02839828231438253,0.018195594371989768,0.01784722652616659,0.7925112742114623,5,0.5,design,0.05,0.00990256485527653,0.008575872727292447,0.25,3
groupdro,erm,True,0.010771044161310096,0.0031370199392827427,9.840894099457504e-06,0.02839828231438253,0.018195594371989768,0.01784722652616659,0.7925112742114623,5,0.5,design,0.1,0.00990256485527653,0.008575872727292447,0.25,3
groupdro,erm,True,0.010771044161310096,0.0031370199392827427,9.840894099457504e-06,0.02839828231438253,0.018195594371989768,0.01784722652616659,0.7925112742114623,5,0.5,design,0.2,0.00990256485527653,0.008575872727292447,0.25,3
groupdro,erm,True,0.010771044161310096,0.0031370199392827427,9.840894099457504e-06,0.02839828231438253,0.018195594371989768,0.01784722652616659,0.7925112742114623,10,0.0,none,0.02,0.006457030553364909,0.006457030553364909,0.0,4
groupdro,erm,True,0.010771044161310096,0.0031370199392827427,9.840894099457504e-06,0.02839828231438253,0.018195594371989768,0.01784722652616659,0.7925112742114623,10,0.0,none,0.05,0.006457030553364909,0.006457030553364909,0.0,3
groupdro,erm,True,0.010771044161310096,0.0031370199392827427,9.840894099457504e-06,0.02839828231438253,0.018195594371989768,0.01784722652616659,0.7925112742114623,10,0.0,none,0.1,0.006457030553364909,0.006457030553364909,0.0,2
groupdro,erm,True,0.010771044161310096,0.0031370199392827427,9.840894099457504e-06,0.02839828231438253,0.018195594371989768,0.01784722652616659,0.7925112742114623,10,0.0,none,0.2,0.006457030553364909,0.006457030553364909,0.0,2
groupdro,erm,True,0.010771044161310096,0.0031370199392827427,9.840894099457504e-06,0.02839828231438253,0.018195594371989768,0.01784722652616659,0.7925112742114623,10,0.25,ratio,0.02,0.006902856019035098,0.006457030553364909,0.125,4
groupdro,erm,True,0.010771044161310096,0.0031370199392827427,9.840894099457504e-06,0.02839828231438253,0.018195594371989768,0.01784722652616659,0.7925112742114623,10,0.25,ratio,0.05,0.006902856019035098,0.006457030553364909,0.125,3
groupdro,erm,True,0.010771044161310096,0.0031370199392827427,9.840894099457504e-06,0.02839828231438253,0.018195594371989768,0.01784722652616659,0.7925112742114623,10,0.25,ratio,0.1,0.006902856019035098,0.006457030553364909,0.125,2
groupdro,erm,True,0.010771044161310096,0.0031370199392827427,9.840894099457504e-06,0.02839828231438253,0.018195594371989768,0.01784722652616659,0.7925112742114623,10,0.25,ratio,0.2,0.006902856019035098,0.006457030553364909,0.125,2
groupdro,erm,True,0.010771044161310096,0.0031370199392827427,9.840894099457504e-06,0.02839828231438253,0.018195594371989768,0.01784722652616659,0.7925112742114623,10,0.25,design,0.02,0.006902856019035098,0.006457030553364909,0.125,4
groupdro,erm,True,0.010771044161310096,0.0031370199392827427,9.840894099457504e-06,0.02839828231438253,0.018195594371989768,0.01784722652616659,0.7925112742114623,10,0.25,design,0.05,0.006902856019035098,0.006457030553364909,0.125,3
groupdro,erm,True,0.010771044161310096,0.0031370199392827427,9.840894099457504e-06,0.02839828231438253,0.018195594371989768,0.01784722652616659,0.7925112742114623,10,0.25,design,0.1,0.006902856019035098,0.006457030553364909,0.125,3
groupdro,erm,True,0.010771044161310096,0.0031370199392827427,9.840894099457504e-06,0.02839828231438253,0.018195594371989768,0.01784722652616659,0.7925112742114623,10,0.25,design,0.2,0.006902856019035098,0.006457030553364909,0.125,3
groupdro,erm,True,0.010771044161310096,0.0031370199392827427,9.840894099457504e-06,0.02839828231438253,0.018195594371989768,0.01784722652616659,0.7925112742114623,10,0.5,ratio,0.02,0.007455936656301738,0.006457030553364909,0.25,5
groupdro,erm,True,0.010771044161310096,0.0031370199392827427,9.840894099457504e-06,0.02839828231438253,0.018195594371989768,0.01784722652616659,0.7925112742114623,10,0.5,ratio,0.05,0.007455936656301738,0.006457030553364909,0.25,3
groupdro,erm,True,0.010771044161310096,0.0031370199392827427,9.840894099457504e-06,0.02839828231438253,0.018195594371989768,0.01784722652616659,0.7925112742114623,10,0.5,ratio,0.1,0.007455936656301738,0.006457030553364909,0.25,3
groupdro,erm,True,0.010771044161310096,0.0031370199392827427,9.840894099457504e-06,0.02839828231438253,0.018195594371989768,0.01784722652616659,0.7925112742114623,10,0.5,ratio,0.2,0.007455936656301738,0.006457030553364909,0.25,2
groupdro,erm,True,0.010771044161310096,0.0031370199392827427,9.840894099457504e-06,0.02839828231438253,0.018195594371989768,0.01784722652616659,0.7925112742114623,10,0.5,design,0.02,0.007455936656301738,0.006457030553364909,0.25,4
groupdro,erm,True,0.010771044161310096,0.0031370199392827427,9.840894099457504e-06,0.02839828231438253,0.018195594371989768,0.01784722652616659,0.7925112742114623,10,0.5,design,0.05,0.007455936656301738,0.006457030553364909,0.25,3
groupdro,erm,True,0.010771044161310096,0.0031370199392827427,9.840894099457504e-06,0.02839828231438253,0.018195594371989768,0.01784722652616659,0.7925112742114623,10,0.5,design,0.1,0.007455936656301738,0.006457030553364909,0.25,3
groupdro,erm,True,0.010771044161310096,0.0031370199392827427,9.840894099457504e-06,0.02839828231438253,0.018195594371989768,0.01784722652616659,0.7925112742114623,10,0.5,design,0.2,0.007455936656301738,0.006457030553364909,0.25,3
he_jitter,erm,True,0.03285501547842944,0.030669671582091145,0.0009406287549533291,0.007168704825523292,0.018195594371989768,0.02040759322907842,-0.13032880631429045,1,0.0,none,0.02,0.03683881942132316,0.03683881942132316,0.0,29
he_jitter,erm,True,0.03285501547842944,0.030669671582091145,0.0009406287549533291,0.007168704825523292,0.018195594371989768,0.02040759322907842,-0.13032880631429045,1,0.0,none,0.05,0.03683881942132316,0.03683881942132316,0.0,7
he_jitter,erm,True,0.03285501547842944,0.030669671582091145,0.0009406287549533291,0.007168704825523292,0.018195594371989768,0.02040759322907842,-0.13032880631429045,1,0.0,none,0.1,0.03683881942132316,0.03683881942132316,0.0,4
he_jitter,erm,True,0.03285501547842944,0.030669671582091145,0.0009406287549533291,0.007168704825523292,0.018195594371989768,0.02040759322907842,-0.13032880631429045,1,0.0,none,0.2,0.03683881942132316,0.03683881942132316,0.0,3
he_jitter,erm,True,0.03285501547842944,0.030669671582091145,0.0009406287549533291,0.007168704825523292,0.018195594371989768,0.02040759322907842,-0.13032880631429045,1,0.25,ratio,0.02,0.039382354516521466,0.03683881942132316,0.125,48
he_jitter,erm,True,0.03285501547842944,0.030669671582091145,0.0009406287549533291,0.007168704825523292,0.018195594371989768,0.02040759322907842,-0.13032880631429045,1,0.25,ratio,0.05,0.039382354516521466,0.03683881942132316,0.125,10
he_jitter,erm,True,0.03285501547842944,0.030669671582091145,0.0009406287549533291,0.007168704825523292,0.018195594371989768,0.02040759322907842,-0.13032880631429045,1,0.25,ratio,0.1,0.039382354516521466,0.03683881942132316,0.125,5
he_jitter,erm,True,0.03285501547842944,0.030669671582091145,0.0009406287549533291,0.007168704825523292,0.018195594371989768,0.02040759322907842,-0.13032880631429045,1,0.25,ratio,0.2,0.039382354516521466,0.03683881942132316,0.125,3
he_jitter,erm,True,0.03285501547842944,0.030669671582091145,0.0009406287549533291,0.007168704825523292,0.018195594371989768,0.02040759322907842,-0.13032880631429045,1,0.25,design,0.02,0.039382354516521466,0.03683881942132316,0.125,
he_jitter,erm,True,0.03285501547842944,0.030669671582091145,0.0009406287549533291,0.007168704825523292,0.018195594371989768,0.02040759322907842,-0.13032880631429045,1,0.25,design,0.05,0.039382354516521466,0.03683881942132316,0.125,
he_jitter,erm,True,0.03285501547842944,0.030669671582091145,0.0009406287549533291,0.007168704825523292,0.018195594371989768,0.02040759322907842,-0.13032880631429045,1,0.25,design,0.1,0.039382354516521466,0.03683881942132316,0.125,4
he_jitter,erm,True,0.03285501547842944,0.030669671582091145,0.0009406287549533291,0.007168704825523292,0.018195594371989768,0.02040759322907842,-0.13032880631429045,1,0.25,design,0.2,0.039382354516521466,0.03683881942132316,0.125,3
he_jitter,erm,True,0.03285501547842944,0.030669671582091145,0.0009406287549533291,0.007168704825523292,0.018195594371989768,0.02040759322907842,-0.13032880631429045,1,0.5,ratio,0.02,0.04253780461905788,0.03683881942132316,0.25,73
he_jitter,erm,True,0.03285501547842944,0.030669671582091145,0.0009406287549533291,0.007168704825523292,0.018195594371989768,0.02040759322907842,-0.13032880631429045,1,0.5,ratio,0.05,0.04253780461905788,0.03683881942132316,0.25,14
he_jitter,erm,True,0.03285501547842944,0.030669671582091145,0.0009406287549533291,0.007168704825523292,0.018195594371989768,0.02040759322907842,-0.13032880631429045,1,0.5,ratio,0.1,0.04253780461905788,0.03683881942132316,0.25,6
he_jitter,erm,True,0.03285501547842944,0.030669671582091145,0.0009406287549533291,0.007168704825523292,0.018195594371989768,0.02040759322907842,-0.13032880631429045,1,0.5,ratio,0.2,0.04253780461905788,0.03683881942132316,0.25,3
he_jitter,erm,True,0.03285501547842944,0.030669671582091145,0.0009406287549533291,0.007168704825523292,0.018195594371989768,0.02040759322907842,-0.13032880631429045,1,0.5,design,0.02,0.04253780461905788,0.03683881942132316,0.25,
he_jitter,erm,True,0.03285501547842944,0.030669671582091145,0.0009406287549533291,0.007168704825523292,0.018195594371989768,0.02040759322907842,-0.13032880631429045,1,0.5,design,0.05,0.04253780461905788,0.03683881942132316,0.25,
he_jitter,erm,True,0.03285501547842944,0.030669671582091145,0.0009406287549533291,0.007168704825523292,0.018195594371989768,0.02040759322907842,-0.13032880631429045,1,0.5,design,0.1,0.04253780461905788,0.03683881942132316,0.25,6
he_jitter,erm,True,0.03285501547842944,0.030669671582091145,0.0009406287549533291,0.007168704825523292,0.018195594371989768,0.02040759322907842,-0.13032880631429045,1,0.5,design,0.2,0.04253780461905788,0.03683881942132316,0.25,3
he_jitter,erm,True,0.03285501547842944,0.030669671582091145,0.0009406287549533291,0.007168704825523292,0.018195594371989768,0.02040759322907842,-0.13032880631429045,3,0.0,none,0.02,0.03285501547842944,0.03285501547842944,0.0,24
he_jitter,erm,True,0.03285501547842944,0.030669671582091145,0.0009406287549533291,0.007168704825523292,0.018195594371989768,0.02040759322907842,-0.13032880631429045,3,0.0,none,0.05,0.03285501547842944,0.03285501547842944,0.0,6
he_jitter,erm,True,0.03285501547842944,0.030669671582091145,0.0009406287549533291,0.007168704825523292,0.018195594371989768,0.02040759322907842,-0.13032880631429045,3,0.0,none,0.1,0.03285501547842944,0.03285501547842944,0.0,4
he_jitter,erm,True,0.03285501547842944,0.030669671582091145,0.0009406287549533291,0.007168704825523292,0.018195594371989768,0.02040759322907842,-0.13032880631429045,3,0.0,none,0.2,0.03285501547842944,0.03285501547842944,0.0,3
he_jitter,erm,True,0.03285501547842944,0.030669671582091145,0.0009406287549533291,0.007168704825523292,0.018195594371989768,0.02040759322907842,-0.13032880631429045,3,0.25,ratio,0.02,0.035123488959267916,0.03285501547842944,0.125,39
he_jitter,erm,True,0.03285501547842944,0.030669671582091145,0.0009406287549533291,0.007168704825523292,0.018195594371989768,0.02040759322907842,-0.13032880631429045,3,0.25,ratio,0.05,0.035123488959267916,0.03285501547842944,0.125,8
he_jitter,erm,True,0.03285501547842944,0.030669671582091145,0.0009406287549533291,0.007168704825523292,0.018195594371989768,0.02040759322907842,-0.13032880631429045,3,0.25,ratio,0.1,0.035123488959267916,0.03285501547842944,0.125,4
he_jitter,erm,True,0.03285501547842944,0.030669671582091145,0.0009406287549533291,0.007168704825523292,0.018195594371989768,0.02040759322907842,-0.13032880631429045,3,0.25,ratio,0.2,0.035123488959267916,0.03285501547842944,0.125,3
he_jitter,erm,True,0.03285501547842944,0.030669671582091145,0.0009406287549533291,0.007168704825523292,0.018195594371989768,0.02040759322907842,-0.13032880631429045,3,0.25,design,0.02,0.035123488959267916,0.03285501547842944,0.125,
he_jitter,erm,True,0.03285501547842944,0.030669671582091145,0.0009406287549533291,0.007168704825523292,0.018195594371989768,0.02040759322907842,-0.13032880631429045,3,0.25,design,0.05,0.035123488959267916,0.03285501547842944,0.125,92
he_jitter,erm,True,0.03285501547842944,0.030669671582091145,0.0009406287549533291,0.007168704825523292,0.018195594371989768,0.02040759322907842,-0.13032880631429045,3,0.25,design,0.1,0.035123488959267916,0.03285501547842944,0.125,4
he_jitter,erm,True,0.03285501547842944,0.030669671582091145,0.0009406287549533291,0.007168704825523292,0.018195594371989768,0.02040759322907842,-0.13032880631429045,3,0.25,design,0.2,0.035123488959267916,0.03285501547842944,0.125,3
he_jitter,erm,True,0.03285501547842944,0.030669671582091145,0.0009406287549533291,0.007168704825523292,0.018195594371989768,0.02040759322907842,-0.13032880631429045,3,0.5,ratio,0.02,0.03793770406140112,0.03285501547842944,0.25,59
he_jitter,erm,True,0.03285501547842944,0.030669671582091145,0.0009406287549533291,0.007168704825523292,0.018195594371989768,0.02040759322907842,-0.13032880631429045,3,0.5,ratio,0.05,0.03793770406140112,0.03285501547842944,0.25,12
he_jitter,erm,True,0.03285501547842944,0.030669671582091145,0.0009406287549533291,0.007168704825523292,0.018195594371989768,0.02040759322907842,-0.13032880631429045,3,0.5,ratio,0.1,0.03793770406140112,0.03285501547842944,0.25,5
he_jitter,erm,True,0.03285501547842944,0.030669671582091145,0.0009406287549533291,0.007168704825523292,0.018195594371989768,0.02040759322907842,-0.13032880631429045,3,0.5,ratio,0.2,0.03793770406140112,0.03285501547842944,0.25,3
he_jitter,erm,True,0.03285501547842944,0.030669671582091145,0.0009406287549533291,0.007168704825523292,0.018195594371989768,0.02040759322907842,-0.13032880631429045,3,0.5,design,0.02,0.03793770406140112,0.03285501547842944,0.25,
he_jitter,erm,True,0.03285501547842944,0.030669671582091145,0.0009406287549533291,0.007168704825523292,0.018195594371989768,0.02040759322907842,-0.13032880631429045,3,0.5,design,0.05,0.03793770406140112,0.03285501547842944,0.25,
he_jitter,erm,True,0.03285501547842944,0.030669671582091145,0.0009406287549533291,0.007168704825523292,0.018195594371989768,0.02040759322907842,-0.13032880631429045,3,0.5,design,0.1,0.03793770406140112,0.03285501547842944,0.25,4
he_jitter,erm,True,0.03285501547842944,0.030669671582091145,0.0009406287549533291,0.007168704825523292,0.018195594371989768,0.02040759322907842,-0.13032880631429045,3,0.5,design,0.2,0.03793770406140112,0.03285501547842944,0.25,3
he_jitter,erm,True,0.03285501547842944,0.030669671582091145,0.0009406287549533291,0.007168704825523292,0.018195594371989768,0.02040759322907842,-0.13032880631429045,5,0.0,none,0.02,0.03199879259025307,0.03199879259025307,0.0,23
he_jitter,erm,True,0.03285501547842944,0.030669671582091145,0.0009406287549533291,0.007168704825523292,0.018195594371989768,0.02040759322907842,-0.13032880631429045,5,0.0,none,0.05,0.03199879259025307,0.03199879259025307,0.0,6
he_jitter,erm,True,0.03285501547842944,0.030669671582091145,0.0009406287549533291,0.007168704825523292,0.018195594371989768,0.02040759322907842,-0.13032880631429045,5,0.0,none,0.1,0.03199879259025307,0.03199879259025307,0.0,4
he_jitter,erm,True,0.03285501547842944,0.030669671582091145,0.0009406287549533291,0.007168704825523292,0.018195594371989768,0.02040759322907842,-0.13032880631429045,5,0.0,none,0.2,0.03199879259025307,0.03199879259025307,0.0,3
he_jitter,erm,True,0.03285501547842944,0.030669671582091145,0.0009406287549533291,0.007168704825523292,0.018195594371989768,0.02040759322907842,-0.13032880631429045,5,0.25,ratio,0.02,0.03420814818947647,0.03199879259025307,0.125,37
he_jitter,erm,True,0.03285501547842944,0.030669671582091145,0.0009406287549533291,0.007168704825523292,0.018195594371989768,0.02040759322907842,-0.13032880631429045,5,0.25,ratio,0.05,0.03420814818947647,0.03199879259025307,0.125,8
he_jitter,erm,True,0.03285501547842944,0.030669671582091145,0.0009406287549533291,0.007168704825523292,0.018195594371989768,0.02040759322907842,-0.13032880631429045,5,0.25,ratio,0.1,0.03420814818947647,0.03199879259025307,0.125,4
he_jitter,erm,True,0.03285501547842944,0.030669671582091145,0.0009406287549533291,0.007168704825523292,0.018195594371989768,0.02040759322907842,-0.13032880631429045,5,0.25,ratio,0.2,0.03420814818947647,0.03199879259025307,0.125,3
he_jitter,erm,True,0.03285501547842944,0.030669671582091145,0.0009406287549533291,0.007168704825523292,0.018195594371989768,0.02040759322907842,-0.13032880631429045,5,0.25,design,0.02,0.03420814818947647,0.03199879259025307,0.125,
he_jitter,erm,True,0.03285501547842944,0.030669671582091145,0.0009406287549533291,0.007168704825523292,0.018195594371989768,0.02040759322907842,-0.13032880631429045,5,0.25,design,0.05,0.03420814818947647,0.03199879259025307,0.125,36
he_jitter,erm,True,0.03285501547842944,0.030669671582091145,0.0009406287549533291,0.007168704825523292,0.018195594371989768,0.02040759322907842,-0.13032880631429045,5,0.25,design,0.1,0.03420814818947647,0.03199879259025307,0.125,4
he_jitter,erm,True,0.03285501547842944,0.030669671582091145,0.0009406287549533291,0.007168704825523292,0.018195594371989768,0.02040759322907842,-0.13032880631429045,5,0.25,design,0.2,0.03420814818947647,0.03199879259025307,0.125,3
he_jitter,erm,True,0.03285501547842944,0.030669671582091145,0.0009406287549533291,0.007168704825523292,0.018195594371989768,0.02040759322907842,-0.13032880631429045,5,0.5,ratio,0.02,0.03694902303145122,0.03199879259025307,0.25,56
he_jitter,erm,True,0.03285501547842944,0.030669671582091145,0.0009406287549533291,0.007168704825523292,0.018195594371989768,0.02040759322907842,-0.13032880631429045,5,0.5,ratio,0.05,0.03694902303145122,0.03199879259025307,0.25,11
he_jitter,erm,True,0.03285501547842944,0.030669671582091145,0.0009406287549533291,0.007168704825523292,0.018195594371989768,0.02040759322907842,-0.13032880631429045,5,0.5,ratio,0.1,0.03694902303145122,0.03199879259025307,0.25,5
he_jitter,erm,True,0.03285501547842944,0.030669671582091145,0.0009406287549533291,0.007168704825523292,0.018195594371989768,0.02040759322907842,-0.13032880631429045,5,0.5,ratio,0.2,0.03694902303145122,0.03199879259025307,0.25,3
he_jitter,erm,True,0.03285501547842944,0.030669671582091145,0.0009406287549533291,0.007168704825523292,0.018195594371989768,0.02040759322907842,-0.13032880631429045,5,0.5,design,0.02,0.03694902303145122,0.03199879259025307,0.25,
he_jitter,erm,True,0.03285501547842944,0.030669671582091145,0.0009406287549533291,0.007168704825523292,0.018195594371989768,0.02040759322907842,-0.13032880631429045,5,0.5,design,0.05,0.03694902303145122,0.03199879259025307,0.25,
he_jitter,erm,True,0.03285501547842944,0.030669671582091145,0.0009406287549533291,0.007168704825523292,0.018195594371989768,0.02040759322907842,-0.13032880631429045,5,0.5,design,0.1,0.03694902303145122,0.03199879259025307,0.25,4
he_jitter,erm,True,0.03285501547842944,0.030669671582091145,0.0009406287549533291,0.007168704825523292,0.018195594371989768,0.02040759322907842,-0.13032880631429045,5,0.5,design,0.2,0.03694902303145122,0.03199879259025307,0.25,3
he_jitter,erm,True,0.03285501547842944,0.030669671582091145,0.0009406287549533291,0.007168704825523292,0.018195594371989768,0.02040759322907842,-0.13032880631429045,10,0.0,none,0.02,0.03134127854912243,0.03134127854912243,0.0,22
he_jitter,erm,True,0.03285501547842944,0.030669671582091145,0.0009406287549533291,0.007168704825523292,0.018195594371989768,0.02040759322907842,-0.13032880631429045,10,0.0,none,0.05,0.03134127854912243,0.03134127854912243,0.0,6
he_jitter,erm,True,0.03285501547842944,0.030669671582091145,0.0009406287549533291,0.007168704825523292,0.018195594371989768,0.02040759322907842,-0.13032880631429045,10,0.0,none,0.1,0.03134127854912243,0.03134127854912243,0.0,4
he_jitter,erm,True,0.03285501547842944,0.030669671582091145,0.0009406287549533291,0.007168704825523292,0.018195594371989768,0.02040759322907842,-0.13032880631429045,10,0.0,none,0.2,0.03134127854912243,0.03134127854912243,0.0,3
he_jitter,erm,True,0.03285501547842944,0.030669671582091145,0.0009406287549533291,0.007168704825523292,0.018195594371989768,0.02040759322907842,-0.13032880631429045,10,0.25,ratio,0.02,0.03350523611264675,0.03134127854912243,0.125,36
he_jitter,erm,True,0.03285501547842944,0.030669671582091145,0.0009406287549533291,0.007168704825523292,0.018195594371989768,0.02040759322907842,-0.13032880631429045,10,0.25,ratio,0.05,0.03350523611264675,0.03134127854912243,0.125,8
he_jitter,erm,True,0.03285501547842944,0.030669671582091145,0.0009406287549533291,0.007168704825523292,0.018195594371989768,0.02040759322907842,-0.13032880631429045,10,0.25,ratio,0.1,0.03350523611264675,0.03134127854912243,0.125,4
he_jitter,erm,True,0.03285501547842944,0.030669671582091145,0.0009406287549533291,0.007168704825523292,0.018195594371989768,0.02040759322907842,-0.13032880631429045,10,0.25,ratio,0.2,0.03350523611264675,0.03134127854912243,0.125,3
he_jitter,erm,True,0.03285501547842944,0.030669671582091145,0.0009406287549533291,0.007168704825523292,0.018195594371989768,0.02040759322907842,-0.13032880631429045,10,0.25,design,0.02,0.03350523611264675,0.03134127854912243,0.125,
he_jitter,erm,True,0.03285501547842944,0.030669671582091145,0.0009406287549533291,0.007168704825523292,0.018195594371989768,0.02040759322907842,-0.13032880631429045,10,0.25,design,0.05,0.03350523611264675,0.03134127854912243,0.125,25
he_jitter,erm,True,0.03285501547842944,0.030669671582091145,0.0009406287549533291,0.007168704825523292,0.018195594371989768,0.02040759322907842,-0.13032880631429045,10,0.25,design,0.1,0.03350523611264675,0.03134127854912243,0.125,4
he_jitter,erm,True,0.03285501547842944,0.030669671582091145,0.0009406287549533291,0.007168704825523292,0.018195594371989768,0.02040759322907842,-0.13032880631429045,10,0.25,design,0.2,0.03350523611264675,0.03134127854912243,0.125,3
he_jitter,erm,True,0.03285501547842944,0.030669671582091145,0.0009406287549533291,0.007168704825523292,0.018195594371989768,0.02040759322907842,-0.13032880631429045,10,0.5,ratio,0.02,0.03618979121416576,0.03134127854912243,0.25,54
he_jitter,erm,True,0.03285501547842944,0.030669671582091145,0.0009406287549533291,0.007168704825523292,0.018195594371989768,0.02040759322907842,-0.13032880631429045,10,0.5,ratio,0.05,0.03618979121416576,0.03134127854912243,0.25,11
he_jitter,erm,True,0.03285501547842944,0.030669671582091145,0.0009406287549533291,0.007168704825523292,0.018195594371989768,0.02040759322907842,-0.13032880631429045,10,0.5,ratio,0.1,0.03618979121416576,0.03134127854912243,0.25,5
he_jitter,erm,True,0.03285501547842944,0.030669671582091145,0.0009406287549533291,0.007168704825523292,0.018195594371989768,0.02040759322907842,-0.13032880631429045,10,0.5,ratio,0.2,0.03618979121416576,0.03134127854912243,0.25,3
he_jitter,erm,True,0.03285501547842944,0.030669671582091145,0.0009406287549533291,0.007168704825523292,0.018195594371989768,0.02040759322907842,-0.13032880631429045,10,0.5,design,0.02,0.03618979121416576,0.03134127854912243,0.25,
he_jitter,erm,True,0.03285501547842944,0.030669671582091145,0.0009406287549533291,0.007168704825523292,0.018195594371989768,0.02040759322907842,-0.13032880631429045,10,0.5,design,0.05,0.03618979121416576,0.03134127854912243,0.25,
he_jitter,erm,True,0.03285501547842944,0.030669671582091145,0.0009406287549533291,0.007168704825523292,0.018195594371989768,0.02040759322907842,-0.13032880631429045,10,0.5,design,0.1,0.03618979121416576,0.03134127854912243,0.25,4
he_jitter,erm,True,0.03285501547842944,0.030669671582091145,0.0009406287549533291,0.007168704825523292,0.018195594371989768,0.02040759322907842,-0.13032880631429045,10,0.5,design,0.2,0.03618979121416576,0.03134127854912243,0.25,3
he_jitter_lunit_bt,erm,True,0.009121416490907697,0.0,-0.0008855540034813424,0.0688655478275706,0.018195594371989768,0.05390976467065903,0.8648024186126176,1,0.0,none,0.02,0.05390976467065903,0.05390976467065903,0.0,59
he_jitter_lunit_bt,erm,True,0.009121416490907697,0.0,-0.0008855540034813424,0.0688655478275706,0.018195594371989768,0.05390976467065903,0.8648024186126176,1,0.0,none,0.05,0.05390976467065903,0.05390976467065903,0.0,12
he_jitter_lunit_bt,erm,True,0.009121416490907697,0.0,-0.0008855540034813424,0.0688655478275706,0.018195594371989768,0.05390976467065903,0.8648024186126176,1,0.0,none,0.1,0.05390976467065903,0.05390976467065903,0.0,5
he_jitter_lunit_bt,erm,True,0.009121416490907697,0.0,-0.0008855540034813424,0.0688655478275706,0.018195594371989768,0.05390976467065903,0.8648024186126176,1,0.0,none,0.2,0.05390976467065903,0.05390976467065903,0.0,3
he_jitter_lunit_bt,erm,True,0.009121416490907697,0.0,-0.0008855540034813424,0.0688655478275706,0.018195594371989768,0.05390976467065903,0.8648024186126176,1,0.25,ratio,0.02,0.05763196262834749,0.05390976467065903,0.125,100
he_jitter_lunit_bt,erm,True,0.009121416490907697,0.0,-0.0008855540034813424,0.0688655478275706,0.018195594371989768,0.05390976467065903,0.8648024186126176,1,0.25,ratio,0.05,0.05763196262834749,0.05390976467065903,0.125,18
he_jitter_lunit_bt,erm,True,0.009121416490907697,0.0,-0.0008855540034813424,0.0688655478275706,0.018195594371989768,0.05390976467065903,0.8648024186126176,1,0.25,ratio,0.1,0.05763196262834749,0.05390976467065903,0.125,7
he_jitter_lunit_bt,erm,True,0.009121416490907697,0.0,-0.0008855540034813424,0.0688655478275706,0.018195594371989768,0.05390976467065903,0.8648024186126176,1,0.25,ratio,0.2,0.05763196262834749,0.05390976467065903,0.125,4
he_jitter_lunit_bt,erm,True,0.009121416490907697,0.0,-0.0008855540034813424,0.0688655478275706,0.018195594371989768,0.05390976467065903,0.8648024186126176,1,0.25,design,0.02,0.05763196262834749,0.05390976467065903,0.125,
he_jitter_lunit_bt,erm,True,0.009121416490907697,0.0,-0.0008855540034813424,0.0688655478275706,0.018195594371989768,0.05390976467065903,0.8648024186126176,1,0.25,design,0.05,0.05763196262834749,0.05390976467065903,0.125,
he_jitter_lunit_bt,erm,True,0.009121416490907697,0.0,-0.0008855540034813424,0.0688655478275706,0.018195594371989768,0.05390976467065903,0.8648024186126176,1,0.25,design,0.1,0.05763196262834749,0.05390976467065903,0.125,8
he_jitter_lunit_bt,erm,True,0.009121416490907697,0.0,-0.0008855540034813424,0.0688655478275706,0.018195594371989768,0.05390976467065903,0.8648024186126176,1,0.25,design,0.2,0.05763196262834749,0.05390976467065903,0.125,3
he_jitter_lunit_bt,erm,True,0.009121416490907697,0.0,-0.0008855540034813424,0.0688655478275706,0.018195594371989768,0.05390976467065903,0.8648024186126176,1,0.5,ratio,0.02,0.062249634289108735,0.05390976467065903,0.25,155
he_jitter_lunit_bt,erm,True,0.009121416490907697,0.0,-0.0008855540034813424,0.0688655478275706,0.018195594371989768,0.05390976467065903,0.8648024186126176,1,0.5,ratio,0.05,0.062249634289108735,0.05390976467065903,0.25,27
he_jitter_lunit_bt,erm,True,0.009121416490907697,0.0,-0.0008855540034813424,0.0688655478275706,0.018195594371989768,0.05390976467065903,0.8648024186126176,1,0.5,ratio,0.1,0.062249634289108735,0.05390976467065903,0.25,9
he_jitter_lunit_bt,erm,True,0.009121416490907697,0.0,-0.0008855540034813424,0.0688655478275706,0.018195594371989768,0.05390976467065903,0.8648024186126176,1,0.5,ratio,0.2,0.062249634289108735,0.05390976467065903,0.25,4
he_jitter_lunit_bt,erm,True,0.009121416490907697,0.0,-0.0008855540034813424,0.0688655478275706,0.018195594371989768,0.05390976467065903,0.8648024186126176,1,0.5,design,0.02,0.062249634289108735,0.05390976467065903,0.25,
he_jitter_lunit_bt,erm,True,0.009121416490907697,0.0,-0.0008855540034813424,0.0688655478275706,0.018195594371989768,0.05390976467065903,0.8648024186126176,1,0.5,design,0.05,0.062249634289108735,0.05390976467065903,0.25,
he_jitter_lunit_bt,erm,True,0.009121416490907697,0.0,-0.0008855540034813424,0.0688655478275706,0.018195594371989768,0.05390976467065903,0.8648024186126176,1,0.5,design,0.1,0.062249634289108735,0.05390976467065903,0.25,
he_jitter_lunit_bt,erm,True,0.009121416490907697,0.0,-0.0008855540034813424,0.0688655478275706,0.018195594371989768,0.05390976467065903,0.8648024186126176,1,0.5,design,0.2,0.062249634289108735,0.05390976467065903,0.25,4
he_jitter_lunit_bt,erm,True,0.009121416490907697,0.0,-0.0008855540034813424,0.0688655478275706,0.018195594371989768,0.05390976467065903,0.8648024186126176,3,0.0,none,0.02,0.031124817144554364,0.031124817144554364,0.0,22
he_jitter_lunit_bt,erm,True,0.009121416490907697,0.0,-0.0008855540034813424,0.0688655478275706,0.018195594371989768,0.05390976467065903,0.8648024186126176,3,0.0,none,0.05,0.031124817144554364,0.031124817144554364,0.0,6
he_jitter_lunit_bt,erm,True,0.009121416490907697,0.0,-0.0008855540034813424,0.0688655478275706,0.018195594371989768,0.05390976467065903,0.8648024186126176,3,0.0,none,0.1,0.031124817144554364,0.031124817144554364,0.0,4
he_jitter_lunit_bt,erm,True,0.009121416490907697,0.0,-0.0008855540034813424,0.0688655478275706,0.018195594371989768,0.05390976467065903,0.8648024186126176,3,0.0,none,0.2,0.031124817144554364,0.031124817144554364,0.0,3
he_jitter_lunit_bt,erm,True,0.009121416490907697,0.0,-0.0008855540034813424,0.0688655478275706,0.018195594371989768,0.05390976467065903,0.8648024186126176,3,0.25,ratio,0.02,0.03327382913740287,0.031124817144554364,0.125,35
he_jitter_lunit_bt,erm,True,0.009121416490907697,0.0,-0.0008855540034813424,0.0688655478275706,0.018195594371989768,0.05390976467065903,0.8648024186126176,3,0.25,ratio,0.05,0.03327382913740287,0.031124817144554364,0.125,8
he_jitter_lunit_bt,erm,True,0.009121416490907697,0.0,-0.0008855540034813424,0.0688655478275706,0.018195594371989768,0.05390976467065903,0.8648024186126176,3,0.25,ratio,0.1,0.03327382913740287,0.031124817144554364,0.125,4
he_jitter_lunit_bt,erm,True,0.009121416490907697,0.0,-0.0008855540034813424,0.0688655478275706,0.018195594371989768,0.05390976467065903,0.8648024186126176,3,0.25,ratio,0.2,0.03327382913740287,0.031124817144554364,0.125,3
he_jitter_lunit_bt,erm,True,0.009121416490907697,0.0,-0.0008855540034813424,0.0688655478275706,0.018195594371989768,0.05390976467065903,0.8648024186126176,3,0.25,design,0.02,0.03327382913740287,0.031124817144554364,0.125,
he_jitter_lunit_bt,erm,True,0.009121416490907697,0.0,-0.0008855540034813424,0.0688655478275706,0.018195594371989768,0.05390976467065903,0.8648024186126176,3,0.25,design,0.05,0.03327382913740287,0.031124817144554364,0.125,22
he_jitter_lunit_bt,erm,True,0.009121416490907697,0.0,-0.0008855540034813424,0.0688655478275706,0.018195594371989768,0.05390976467065903,0.8648024186126176,3,0.25,design,0.1,0.03327382913740287,0.031124817144554364,0.125,4
he_jitter_lunit_bt,erm,True,0.009121416490907697,0.0,-0.0008855540034813424,0.0688655478275706,0.018195594371989768,0.05390976467065903,0.8648024186126176,3,0.25,design,0.2,0.03327382913740287,0.031124817144554364,0.125,3
he_jitter_lunit_bt,erm,True,0.009121416490907697,0.0,-0.0008855540034813424,0.0688655478275706,0.018195594371989768,0.05390976467065903,0.8648024186126176,3,0.5,ratio,0.02,0.035939843113772685,0.031124817144554364,0.25,53
he_jitter_lunit_bt,erm,True,0.009121416490907697,0.0,-0.0008855540034813424,0.0688655478275706,0.018195594371989768,0.05390976467065903,0.8648024186126176,3,0.5,ratio,0.05,0.035939843113772685,0.031124817144554364,0.25,11
he_jitter_lunit_bt,erm,True,0.009121416490907697,0.0,-0.0008855540034813424,0.0688655478275706,0.018195594371989768,0.05390976467065903,0.8648024186126176,3,0.5,ratio,0.1,0.035939843113772685,0.031124817144554364,0.25,5
he_jitter_lunit_bt,erm,True,0.009121416490907697,0.0,-0.0008855540034813424,0.0688655478275706,0.018195594371989768,0.05390976467065903,0.8648024186126176,3,0.5,ratio,0.2,0.035939843113772685,0.031124817144554364,0.25,3
he_jitter_lunit_bt,erm,True,0.009121416490907697,0.0,-0.0008855540034813424,0.0688655478275706,0.018195594371989768,0.05390976467065903,0.8648024186126176,3,0.5,design,0.02,0.035939843113772685,0.031124817144554364,0.25,
he_jitter_lunit_bt,erm,True,0.009121416490907697,0.0,-0.0008855540034813424,0.0688655478275706,0.018195594371989768,0.05390976467065903,0.8648024186126176,3,0.5,design,0.05,0.035939843113772685,0.031124817144554364,0.25,
he_jitter_lunit_bt,erm,True,0.009121416490907697,0.0,-0.0008855540034813424,0.0688655478275706,0.018195594371989768,0.05390976467065903,0.8648024186126176,3,0.5,design,0.1,0.035939843113772685,0.031124817144554364,0.25,4
he_jitter_lunit_bt,erm,True,0.009121416490907697,0.0,-0.0008855540034813424,0.0688655478275706,0.018195594371989768,0.05390976467065903,0.8648024186126176,3,0.5,design,0.2,0.035939843113772685,0.031124817144554364,0.25,3
he_jitter_lunit_bt,erm,True,0.009121416490907697,0.0,-0.0008855540034813424,0.0688655478275706,0.018195594371989768,0.05390976467065903,0.8648024186126176,5,0.0,none,0.02,0.024109179690922026,0.024109179690922026,0.0,14
he_jitter_lunit_bt,erm,True,0.009121416490907697,0.0,-0.0008855540034813424,0.0688655478275706,0.018195594371989768,0.05390976467065903,0.8648024186126176,5,0.0,none,0.05,0.024109179690922026,0.024109179690922026,0.0,5
he_jitter_lunit_bt,erm,True,0.009121416490907697,0.0,-0.0008855540034813424,0.0688655478275706,0.018195594371989768,0.05390976467065903,0.8648024186126176,5,0.0,none,0.1,0.024109179690922026,0.024109179690922026,0.0,3
he_jitter_lunit_bt,erm,True,0.009121416490907697,0.0,-0.0008855540034813424,0.0688655478275706,0.018195594371989768,0.05390976467065903,0.8648024186126176,5,0.0,none,0.2,0.024109179690922026,0.024109179690922026,0.0,3
he_jitter_lunit_bt,erm,True,0.009121416490907697,0.0,-0.0008855540034813424,0.0688655478275706,0.018195594371989768,0.05390976467065903,0.8648024186126176,5,0.25,ratio,0.02,0.025773797222742482,0.024109179690922026,0.125,22
he_jitter_lunit_bt,erm,True,0.009121416490907697,0.0,-0.0008855540034813424,0.0688655478275706,0.018195594371989768,0.05390976467065903,0.8648024186126176,5,0.25,ratio,0.05,0.025773797222742482,0.024109179690922026,0.125,6
he_jitter_lunit_bt,erm,True,0.009121416490907697,0.0,-0.0008855540034813424,0.0688655478275706,0.018195594371989768,0.05390976467065903,0.8648024186126176,5,0.25,ratio,0.1,0.025773797222742482,0.024109179690922026,0.125,4
he_jitter_lunit_bt,erm,True,0.009121416490907697,0.0,-0.0008855540034813424,0.0688655478275706,0.018195594371989768,0.05390976467065903,0.8648024186126176,5,0.25,ratio,0.2,0.025773797222742482,0.024109179690922026,0.125,3
he_jitter_lunit_bt,erm,True,0.009121416490907697,0.0,-0.0008855540034813424,0.0688655478275706,0.018195594371989768,0.05390976467065903,0.8648024186126176,5,0.25,design,0.02,0.025773797222742482,0.024109179690922026,0.125,
he_jitter_lunit_bt,erm,True,0.009121416490907697,0.0,-0.0008855540034813424,0.0688655478275706,0.018195594371989768,0.05390976467065903,0.8648024186126176,5,0.25,design,0.05,0.025773797222742482,0.024109179690922026,0.125,6
he_jitter_lunit_bt,erm,True,0.009121416490907697,0.0,-0.0008855540034813424,0.0688655478275706,0.018195594371989768,0.05390976467065903,0.8648024186126176,5,0.25,design,0.1,0.025773797222742482,0.024109179690922026,0.125,3
he_jitter_lunit_bt,erm,True,0.009121416490907697,0.0,-0.0008855540034813424,0.0688655478275706,0.018195594371989768,0.05390976467065903,0.8648024186126176,5,0.25,design,0.2,0.025773797222742482,0.024109179690922026,0.125,3
he_jitter_lunit_bt,erm,True,0.009121416490907697,0.0,-0.0008855540034813424,0.0688655478275706,0.018195594371989768,0.05390976467065903,0.8648024186126176,5,0.5,ratio,0.02,0.02783888276898978,0.024109179690922026,0.25,33
he_jitter_lunit_bt,erm,True,0.009121416490907697,0.0,-0.0008855540034813424,0.0688655478275706,0.018195594371989768,0.05390976467065903,0.8648024186126176,5,0.5,ratio,0.05,0.02783888276898978,0.024109179690922026,0.25,8
he_jitter_lunit_bt,erm,True,0.009121416490907697,0.0,-0.0008855540034813424,0.0688655478275706,0.018195594371989768,0.05390976467065903,0.8648024186126176,5,0.5,ratio,0.1,0.02783888276898978,0.024109179690922026,0.25,4
he_jitter_lunit_bt,erm,True,0.009121416490907697,0.0,-0.0008855540034813424,0.0688655478275706,0.018195594371989768,0.05390976467065903,0.8648024186126176,5,0.5,ratio,0.2,0.02783888276898978,0.024109179690922026,0.25,3
he_jitter_lunit_bt,erm,True,0.009121416490907697,0.0,-0.0008855540034813424,0.0688655478275706,0.018195594371989768,0.05390976467065903,0.8648024186126176,5,0.5,design,0.02,0.02783888276898978,0.024109179690922026,0.25,
he_jitter_lunit_bt,erm,True,0.009121416490907697,0.0,-0.0008855540034813424,0.0688655478275706,0.018195594371989768,0.05390976467065903,0.8648024186126176,5,0.5,design,0.05,0.02783888276898978,0.024109179690922026,0.25,
he_jitter_lunit_bt,erm,True,0.009121416490907697,0.0,-0.0008855540034813424,0.0688655478275706,0.018195594371989768,0.05390976467065903,0.8648024186126176,5,0.5,design,0.1,0.02783888276898978,0.024109179690922026,0.25,3
he_jitter_lunit_bt,erm,True,0.009121416490907697,0.0,-0.0008855540034813424,0.0688655478275706,0.018195594371989768,0.05390976467065903,0.8648024186126176,5,0.5,design,0.2,0.02783888276898978,0.024109179690922026,0.25,3
he_jitter_lunit_bt,erm,True,0.009121416490907697,0.0,-0.0008855540034813424,0.0688655478275706,0.018195594371989768,0.05390976467065903,0.8648024186126176,10,0.0,none,0.02,0.017047764448295956,0.017047764448295956,0.0,8
he_jitter_lunit_bt,erm,True,0.009121416490907697,0.0,-0.0008855540034813424,0.0688655478275706,0.018195594371989768,0.05390976467065903,0.8648024186126176,10,0.0,none,0.05,0.017047764448295956,0.017047764448295956,0.0,4
he_jitter_lunit_bt,erm,True,0.009121416490907697,0.0,-0.0008855540034813424,0.0688655478275706,0.018195594371989768,0.05390976467065903,0.8648024186126176,10,0.0,none,0.1,0.017047764448295956,0.017047764448295956,0.0,3
he_jitter_lunit_bt,erm,True,0.009121416490907697,0.0,-0.0008855540034813424,0.0688655478275706,0.018195594371989768,0.05390976467065903,0.8648024186126176,10,0.0,none,0.2,0.017047764448295956,0.017047764448295956,0.0,2
he_jitter_lunit_bt,erm,True,0.009121416490907697,0.0,-0.0008855540034813424,0.0688655478275706,0.018195594371989768,0.05390976467065903,0.8648024186126176,10,0.25,ratio,0.02,0.018224826793128215,0.017047764448295956,0.125,12
he_jitter_lunit_bt,erm,True,0.009121416490907697,0.0,-0.0008855540034813424,0.0688655478275706,0.018195594371989768,0.05390976467065903,0.8648024186126176,10,0.25,ratio,0.05,0.018224826793128215,0.017047764448295956,0.125,4
he_jitter_lunit_bt,erm,True,0.009121416490907697,0.0,-0.0008855540034813424,0.0688655478275706,0.018195594371989768,0.05390976467065903,0.8648024186126176,10,0.25,ratio,0.1,0.018224826793128215,0.017047764448295956,0.125,3
he_jitter_lunit_bt,erm,True,0.009121416490907697,0.0,-0.0008855540034813424,0.0688655478275706,0.018195594371989768,0.05390976467065903,0.8648024186126176,10,0.25,ratio,0.2,0.018224826793128215,0.017047764448295956,0.125,3
he_jitter_lunit_bt,erm,True,0.009121416490907697,0.0,-0.0008855540034813424,0.0688655478275706,0.018195594371989768,0.05390976467065903,0.8648024186126176,10,0.25,design,0.02,0.018224826793128215,0.017047764448295956,0.125,
he_jitter_lunit_bt,erm,True,0.009121416490907697,0.0,-0.0008855540034813424,0.0688655478275706,0.018195594371989768,0.05390976467065903,0.8648024186126176,10,0.25,design,0.05,0.018224826793128215,0.017047764448295956,0.125,4
he_jitter_lunit_bt,erm,True,0.009121416490907697,0.0,-0.0008855540034813424,0.0688655478275706,0.018195594371989768,0.05390976467065903,0.8648024186126176,10,0.25,design,0.1,0.018224826793128215,0.017047764448295956,0.125,3
he_jitter_lunit_bt,erm,True,0.009121416490907697,0.0,-0.0008855540034813424,0.0688655478275706,0.018195594371989768,0.05390976467065903,0.8648024186126176,10,0.25,design,0.2,0.018224826793128215,0.017047764448295956,0.125,3
he_jitter_lunit_bt,erm,True,0.009121416490907697,0.0,-0.0008855540034813424,0.0688655478275706,0.018195594371989768,0.05390976467065903,0.8648024186126176,10,0.5,ratio,0.02,0.019685062786610006,0.017047764448295956,0.25,18
he_jitter_lunit_bt,erm,True,0.009121416490907697,0.0,-0.0008855540034813424,0.0688655478275706,0.018195594371989768,0.05390976467065903,0.8648024186126176,10,0.5,ratio,0.05,0.019685062786610006,0.017047764448295956,0.25,5
he_jitter_lunit_bt,erm,True,0.009121416490907697,0.0,-0.0008855540034813424,0.0688655478275706,0.018195594371989768,0.05390976467065903,0.8648024186126176,10,0.5,ratio,0.1,0.019685062786610006,0.017047764448295956,0.25,3
he_jitter_lunit_bt,erm,True,0.009121416490907697,0.0,-0.0008855540034813424,0.0688655478275706,0.018195594371989768,0.05390976467065903,0.8648024186126176,10,0.5,ratio,0.2,0.019685062786610006,0.017047764448295956,0.25,3
he_jitter_lunit_bt,erm,True,0.009121416490907697,0.0,-0.0008855540034813424,0.0688655478275706,0.018195594371989768,0.05390976467065903,0.8648024186126176,10,0.5,design,0.02,0.019685062786610006,0.017047764448295956,0.25,
he_jitter_lunit_bt,erm,True,0.009121416490907697,0.0,-0.0008855540034813424,0.0688655478275706,0.018195594371989768,0.05390976467065903,0.8648024186126176,10,0.5,design,0.05,0.019685062786610006,0.017047764448295956,0.25,5
he_jitter_lunit_bt,erm,True,0.009121416490907697,0.0,-0.0008855540034813424,0.0688655478275706,0.018195594371989768,0.05390976467065903,0.8648024186126176,10,0.5,design,0.1,0.019685062786610006,0.017047764448295956,0.25,3
he_jitter_lunit_bt,erm,True,0.009121416490907697,0.0,-0.0008855540034813424,0.0688655478275706,0.018195594371989768,0.05390976467065903,0.8648024186126176,10,0.5,design,0.2,0.019685062786610006,0.017047764448295956,0.25,3
he_jitter_lunit_dino,erm,True,0.03777499345850195,0.036309879487170287,0.0013184073483728297,0.0027005483499543716,0.018195594371989768,0.01804517517928565,0.12967812415372842,1,0.0,none,0.02,0.04054671004685752,0.04054671004685752,0.0,35
he_jitter_lunit_dino,erm,True,0.03777499345850195,0.036309879487170287,0.0013184073483728297,0.0027005483499543716,0.018195594371989768,0.01804517517928565,0.12967812415372842,1,0.0,none,0.05,0.04054671004685752,0.04054671004685752,0.0,8
he_jitter_lunit_dino,erm,True,0.03777499345850195,0.036309879487170287,0.0013184073483728297,0.0027005483499543716,0.018195594371989768,0.01804517517928565,0.12967812415372842,1,0.0,none,0.1,0.04054671004685752,0.04054671004685752,0.0,4
he_jitter_lunit_dino,erm,True,0.03777499345850195,0.036309879487170287,0.0013184073483728297,0.0027005483499543716,0.018195594371989768,0.01804517517928565,0.12967812415372842,1,0.0,none,0.2,0.04054671004685752,0.04054671004685752,0.0,3
he_jitter_lunit_dino,erm,True,0.03777499345850195,0.036309879487170287,0.0013184073483728297,0.0027005483499543716,0.018195594371989768,0.01804517517928565,0.12967812415372842,1,0.25,ratio,0.02,0.04334625633034446,0.04054671004685752,0.125,58
he_jitter_lunit_dino,erm,True,0.03777499345850195,0.036309879487170287,0.0013184073483728297,0.0027005483499543716,0.018195594371989768,0.01804517517928565,0.12967812415372842,1,0.25,ratio,0.05,0.04334625633034446,0.04054671004685752,0.125,11
he_jitter_lunit_dino,erm,True,0.03777499345850195,0.036309879487170287,0.0013184073483728297,0.0027005483499543716,0.018195594371989768,0.01804517517928565,0.12967812415372842,1,0.25,ratio,0.1,0.04334625633034446,0.04054671004685752,0.125,5
he_jitter_lunit_dino,erm,True,0.03777499345850195,0.036309879487170287,0.0013184073483728297,0.0027005483499543716,0.018195594371989768,0.01804517517928565,0.12967812415372842,1,0.25,ratio,0.2,0.04334625633034446,0.04054671004685752,0.125,3
he_jitter_lunit_dino,erm,True,0.03777499345850195,0.036309879487170287,0.0013184073483728297,0.0027005483499543716,0.018195594371989768,0.01804517517928565,0.12967812415372842,1,0.25,design,0.02,0.04334625633034446,0.04054671004685752,0.125,
he_jitter_lunit_dino,erm,True,0.03777499345850195,0.036309879487170287,0.0013184073483728297,0.0027005483499543716,0.018195594371989768,0.01804517517928565,0.12967812415372842,1,0.25,design,0.05,0.04334625633034446,0.04054671004685752,0.125,
he_jitter_lunit_dino,erm,True,0.03777499345850195,0.036309879487170287,0.0013184073483728297,0.0027005483499543716,0.018195594371989768,0.01804517517928565,0.12967812415372842,1,0.25,design,0.1,0.04334625633034446,0.04054671004685752,0.125,5
he_jitter_lunit_dino,erm,True,0.03777499345850195,0.036309879487170287,0.0013184073483728297,0.0027005483499543716,0.018195594371989768,0.01804517517928565,0.12967812415372842,1,0.25,design,0.2,0.04334625633034446,0.04054671004685752,0.125,3
he_jitter_lunit_dino,erm,True,0.03777499345850195,0.036309879487170287,0.0013184073483728297,0.0027005483499543716,0.018195594371989768,0.01804517517928565,0.12967812415372842,1,0.5,ratio,0.02,0.046819307920613784,0.04054671004685752,0.25,88
he_jitter_lunit_dino,erm,True,0.03777499345850195,0.036309879487170287,0.0013184073483728297,0.0027005483499543716,0.018195594371989768,0.01804517517928565,0.12967812415372842,1,0.5,ratio,0.05,0.046819307920613784,0.04054671004685752,0.25,16
he_jitter_lunit_dino,erm,True,0.03777499345850195,0.036309879487170287,0.0013184073483728297,0.0027005483499543716,0.018195594371989768,0.01804517517928565,0.12967812415372842,1,0.5,ratio,0.1,0.046819307920613784,0.04054671004685752,0.25,6
he_jitter_lunit_dino,erm,True,0.03777499345850195,0.036309879487170287,0.0013184073483728297,0.0027005483499543716,0.018195594371989768,0.01804517517928565,0.12967812415372842,1,0.5,ratio,0.2,0.046819307920613784,0.04054671004685752,0.25,4
he_jitter_lunit_dino,erm,True,0.03777499345850195,0.036309879487170287,0.0013184073483728297,0.0027005483499543716,0.018195594371989768,0.01804517517928565,0.12967812415372842,1,0.5,design,0.02,0.046819307920613784,0.04054671004685752,0.25,
he_jitter_lunit_dino,erm,True,0.03777499345850195,0.036309879487170287,0.0013184073483728297,0.0027005483499543716,0.018195594371989768,0.01804517517928565,0.12967812415372842,1,0.5,design,0.05,0.046819307920613784,0.04054671004685752,0.25,
he_jitter_lunit_dino,erm,True,0.03777499345850195,0.036309879487170287,0.0013184073483728297,0.0027005483499543716,0.018195594371989768,0.01804517517928565,0.12967812415372842,1,0.5,design,0.1,0.046819307920613784,0.04054671004685752,0.25,9
he_jitter_lunit_dino,erm,True,0.03777499345850195,0.036309879487170287,0.0013184073483728297,0.0027005483499543716,0.018195594371989768,0.01804517517928565,0.12967812415372842,1,0.5,design,0.2,0.046819307920613784,0.04054671004685752,0.25,3
he_jitter_lunit_dino,erm,True,0.03777499345850195,0.036309879487170287,0.0013184073483728297,0.0027005483499543716,0.018195594371989768,0.01804517517928565,0.12967812415372842,3,0.0,none,0.02,0.03777499345850195,0.03777499345850195,0.0,30
he_jitter_lunit_dino,erm,True,0.03777499345850195,0.036309879487170287,0.0013184073483728297,0.0027005483499543716,0.018195594371989768,0.01804517517928565,0.12967812415372842,3,0.0,none,0.05,0.03777499345850195,0.03777499345850195,0.0,7
he_jitter_lunit_dino,erm,True,0.03777499345850195,0.036309879487170287,0.0013184073483728297,0.0027005483499543716,0.018195594371989768,0.01804517517928565,0.12967812415372842,3,0.0,none,0.1,0.03777499345850195,0.03777499345850195,0.0,4
he_jitter_lunit_dino,erm,True,0.03777499345850195,0.036309879487170287,0.0013184073483728297,0.0027005483499543716,0.018195594371989768,0.01804517517928565,0.12967812415372842,3,0.0,none,0.2,0.03777499345850195,0.03777499345850195,0.0,3
he_jitter_lunit_dino,erm,True,0.03777499345850195,0.036309879487170287,0.0013184073483728297,0.0027005483499543716,0.018195594371989768,0.01804517517928565,0.12967812415372842,3,0.25,ratio,0.02,0.04038316665981176,0.03777499345850195,0.125,50
he_jitter_lunit_dino,erm,True,0.03777499345850195,0.036309879487170287,0.0013184073483728297,0.0027005483499543716,0.018195594371989768,0.01804517517928565,0.12967812415372842,3,0.25,ratio,0.05,0.04038316665981176,0.03777499345850195,0.125,10
he_jitter_lunit_dino,erm,True,0.03777499345850195,0.036309879487170287,0.0013184073483728297,0.0027005483499543716,0.018195594371989768,0.01804517517928565,0.12967812415372842,3,0.25,ratio,0.1,0.04038316665981176,0.03777499345850195,0.125,5
he_jitter_lunit_dino,erm,True,0.03777499345850195,0.036309879487170287,0.0013184073483728297,0.0027005483499543716,0.018195594371989768,0.01804517517928565,0.12967812415372842,3,0.25,ratio,0.2,0.04038316665981176,0.03777499345850195,0.125,3
he_jitter_lunit_dino,erm,True,0.03777499345850195,0.036309879487170287,0.0013184073483728297,0.0027005483499543716,0.018195594371989768,0.01804517517928565,0.12967812415372842,3,0.25,design,0.02,0.04038316665981176,0.03777499345850195,0.125,
he_jitter_lunit_dino,erm,True,0.03777499345850195,0.036309879487170287,0.0013184073483728297,0.0027005483499543716,0.018195594371989768,0.01804517517928565,0.12967812415372842,3,0.25,design,0.05,0.04038316665981176,0.03777499345850195,0.125,
he_jitter_lunit_dino,erm,True,0.03777499345850195,0.036309879487170287,0.0013184073483728297,0.0027005483499543716,0.018195594371989768,0.01804517517928565,0.12967812415372842,3,0.25,design,0.1,0.04038316665981176,0.03777499345850195,0.125,4
he_jitter_lunit_dino,erm,True,0.03777499345850195,0.036309879487170287,0.0013184073483728297,0.0027005483499543716,0.018195594371989768,0.01804517517928565,0.12967812415372842,3,0.25,design,0.2,0.04038316665981176,0.03777499345850195,0.125,3
he_jitter_lunit_dino,erm,True,0.03777499345850195,0.036309879487170287,0.0013184073483728297,0.0027005483499543716,0.018195594371989768,0.01804517517928565,0.12967812415372842,3,0.5,ratio,0.02,0.043618805283804914,0.03777499345850195,0.25,77
he_jitter_lunit_dino,erm,True,0.03777499345850195,0.036309879487170287,0.0013184073483728297,0.0027005483499543716,0.018195594371989768,0.01804517517928565,0.12967812415372842,3,0.5,ratio,0.05,0.043618805283804914,0.03777499345850195,0.25,14
he_jitter_lunit_dino,erm,True,0.03777499345850195,0.036309879487170287,0.0013184073483728297,0.0027005483499543716,0.018195594371989768,0.01804517517928565,0.12967812415372842,3,0.5,ratio,0.1,0.043618805283804914,0.03777499345850195,0.25,6
he_jitter_lunit_dino,erm,True,0.03777499345850195,0.036309879487170287,0.0013184073483728297,0.0027005483499543716,0.018195594371989768,0.01804517517928565,0.12967812415372842,3,0.5,ratio,0.2,0.043618805283804914,0.03777499345850195,0.25,4
he_jitter_lunit_dino,erm,True,0.03777499345850195,0.036309879487170287,0.0013184073483728297,0.0027005483499543716,0.018195594371989768,0.01804517517928565,0.12967812415372842,3,0.5,design,0.02,0.043618805283804914,0.03777499345850195,0.25,
he_jitter_lunit_dino,erm,True,0.03777499345850195,0.036309879487170287,0.0013184073483728297,0.0027005483499543716,0.018195594371989768,0.01804517517928565,0.12967812415372842,3,0.5,design,0.05,0.043618805283804914,0.03777499345850195,0.25,
he_jitter_lunit_dino,erm,True,0.03777499345850195,0.036309879487170287,0.0013184073483728297,0.0027005483499543716,0.018195594371989768,0.01804517517928565,0.12967812415372842,3,0.5,design,0.1,0.043618805283804914,0.03777499345850195,0.25,6
he_jitter_lunit_dino,erm,True,0.03777499345850195,0.036309879487170287,0.0013184073483728297,0.0027005483499543716,0.018195594371989768,0.01804517517928565,0.12967812415372842,3,0.5,design,0.2,0.043618805283804914,0.03777499345850195,0.25,3
he_jitter_lunit_dino,erm,True,0.03777499345850195,0.036309879487170287,0.0013184073483728297,0.0027005483499543716,0.018195594371989768,0.01804517517928565,0.12967812415372842,5,0.0,none,0.02,0.037195873666618605,0.037195873666618605,0.0,30
he_jitter_lunit_dino,erm,True,0.03777499345850195,0.036309879487170287,0.0013184073483728297,0.0027005483499543716,0.018195594371989768,0.01804517517928565,0.12967812415372842,5,0.0,none,0.05,0.037195873666618605,0.037195873666618605,0.0,7
he_jitter_lunit_dino,erm,True,0.03777499345850195,0.036309879487170287,0.0013184073483728297,0.0027005483499543716,0.018195594371989768,0.01804517517928565,0.12967812415372842,5,0.0,none,0.1,0.037195873666618605,0.037195873666618605,0.0,4
he_jitter_lunit_dino,erm,True,0.03777499345850195,0.036309879487170287,0.0013184073483728297,0.0027005483499543716,0.018195594371989768,0.01804517517928565,0.12967812415372842,5,0.0,none,0.2,0.037195873666618605,0.037195873666618605,0.0,3
he_jitter_lunit_dino,erm,True,0.03777499345850195,0.036309879487170287,0.0013184073483728297,0.0027005483499543716,0.018195594371989768,0.01804517517928565,0.12967812415372842,5,0.25,ratio,0.02,0.03976406156063252,0.037195873666618605,0.125,49
he_jitter_lunit_dino,erm,True,0.03777499345850195,0.036309879487170287,0.0013184073483728297,0.0027005483499543716,0.018195594371989768,0.01804517517928565,0.12967812415372842,5,0.25,ratio,0.05,0.03976406156063252,0.037195873666618605,0.125,10
he_jitter_lunit_dino,erm,True,0.03777499345850195,0.036309879487170287,0.0013184073483728297,0.0027005483499543716,0.018195594371989768,0.01804517517928565,0.12967812415372842,5,0.25,ratio,0.1,0.03976406156063252,0.037195873666618605,0.125,5
he_jitter_lunit_dino,erm,True,0.03777499345850195,0.036309879487170287,0.0013184073483728297,0.0027005483499543716,0.018195594371989768,0.01804517517928565,0.12967812415372842,5,0.25,ratio,0.2,0.03976406156063252,0.037195873666618605,0.125,3
he_jitter_lunit_dino,erm,True,0.03777499345850195,0.036309879487170287,0.0013184073483728297,0.0027005483499543716,0.018195594371989768,0.01804517517928565,0.12967812415372842,5,0.25,design,0.02,0.03976406156063252,0.037195873666618605,0.125,
he_jitter_lunit_dino,erm,True,0.03777499345850195,0.036309879487170287,0.0013184073483728297,0.0027005483499543716,0.018195594371989768,0.01804517517928565,0.12967812415372842,5,0.25,design,0.05,0.03976406156063252,0.037195873666618605,0.125,
he_jitter_lunit_dino,erm,True,0.03777499345850195,0.036309879487170287,0.0013184073483728297,0.0027005483499543716,0.018195594371989768,0.01804517517928565,0.12967812415372842,5,0.25,design,0.1,0.03976406156063252,0.037195873666618605,0.125,4
he_jitter_lunit_dino,erm,True,0.03777499345850195,0.036309879487170287,0.0013184073483728297,0.0027005483499543716,0.018195594371989768,0.01804517517928565,0.12967812415372842,5,0.25,design,0.2,0.03976406156063252,0.037195873666618605,0.125,3
he_jitter_lunit_dino,erm,True,0.03777499345850195,0.036309879487170287,0.0013184073483728297,0.0027005483499543716,0.018195594371989768,0.01804517517928565,0.12967812415372842,5,0.5,ratio,0.02,0.04295009534833113,0.037195873666618605,0.25,75
he_jitter_lunit_dino,erm,True,0.03777499345850195,0.036309879487170287,0.0013184073483728297,0.0027005483499543716,0.018195594371989768,0.01804517517928565,0.12967812415372842,5,0.5,ratio,0.05,0.04295009534833113,0.037195873666618605,0.25,14
he_jitter_lunit_dino,erm,True,0.03777499345850195,0.036309879487170287,0.0013184073483728297,0.0027005483499543716,0.018195594371989768,0.01804517517928565,0.12967812415372842,5,0.5,ratio,0.1,0.04295009534833113,0.037195873666618605,0.25,6
he_jitter_lunit_dino,erm,True,0.03777499345850195,0.036309879487170287,0.0013184073483728297,0.0027005483499543716,0.018195594371989768,0.01804517517928565,0.12967812415372842,5,0.5,ratio,0.2,0.04295009534833113,0.037195873666618605,0.25,3
he_jitter_lunit_dino,erm,True,0.03777499345850195,0.036309879487170287,0.0013184073483728297,0.0027005483499543716,0.018195594371989768,0.01804517517928565,0.12967812415372842,5,0.5,design,0.02,0.04295009534833113,0.037195873666618605,0.25,
he_jitter_lunit_dino,erm,True,0.03777499345850195,0.036309879487170287,0.0013184073483728297,0.0027005483499543716,0.018195594371989768,0.01804517517928565,0.12967812415372842,5,0.5,design,0.05,0.04295009534833113,0.037195873666618605,0.25,
he_jitter_lunit_dino,erm,True,0.03777499345850195,0.036309879487170287,0.0013184073483728297,0.0027005483499543716,0.018195594371989768,0.01804517517928565,0.12967812415372842,5,0.5,design,0.1,0.04295009534833113,0.037195873666618605,0.25,6
he_jitter_lunit_dino,erm,True,0.03777499345850195,0.036309879487170287,0.0013184073483728297,0.0027005483499543716,0.018195594371989768,0.01804517517928565,0.12967812415372842,5,0.5,design,0.2,0.04295009534833113,0.037195873666618605,0.25,3
he_jitter_lunit_dino,erm,True,0.03777499345850195,0.036309879487170287,0.0013184073483728297,0.0027005483499543716,0.018195594371989768,0.01804517517928565,0.12967812415372842,10,0.0,none,0.02,0.036755546290293935,0.036755546290293935,0.0,29
he_jitter_lunit_dino,erm,True,0.03777499345850195,0.036309879487170287,0.0013184073483728297,0.0027005483499543716,0.018195594371989768,0.01804517517928565,0.12967812415372842,10,0.0,none,0.05,0.036755546290293935,0.036755546290293935,0.0,7
he_jitter_lunit_dino,erm,True,0.03777499345850195,0.036309879487170287,0.0013184073483728297,0.0027005483499543716,0.018195594371989768,0.01804517517928565,0.12967812415372842,10,0.0,none,0.1,0.036755546290293935,0.036755546290293935,0.0,4
he_jitter_lunit_dino,erm,True,0.03777499345850195,0.036309879487170287,0.0013184073483728297,0.0027005483499543716,0.018195594371989768,0.01804517517928565,0.12967812415372842,10,0.0,none,0.2,0.036755546290293935,0.036755546290293935,0.0,3
he_jitter_lunit_dino,erm,True,0.03777499345850195,0.036309879487170287,0.0013184073483728297,0.0027005483499543716,0.018195594371989768,0.01804517517928565,0.12967812415372842,10,0.25,ratio,0.02,0.03929333179485424,0.036755546290293935,0.125,48
he_jitter_lunit_dino,erm,True,0.03777499345850195,0.036309879487170287,0.0013184073483728297,0.0027005483499543716,0.018195594371989768,0.01804517517928565,0.12967812415372842,10,0.25,ratio,0.05,0.03929333179485424,0.036755546290293935,0.125,10
he_jitter_lunit_dino,erm,True,0.03777499345850195,0.036309879487170287,0.0013184073483728297,0.0027005483499543716,0.018195594371989768,0.01804517517928565,0.12967812415372842,10,0.25,ratio,0.1,0.03929333179485424,0.036755546290293935,0.125,5
he_jitter_lunit_dino,erm,True,0.03777499345850195,0.036309879487170287,0.0013184073483728297,0.0027005483499543716,0.018195594371989768,0.01804517517928565,0.12967812415372842,10,0.25,ratio,0.2,0.03929333179485424,0.036755546290293935,0.125,3
he_jitter_lunit_dino,erm,True,0.03777499345850195,0.036309879487170287,0.0013184073483728297,0.0027005483499543716,0.018195594371989768,0.01804517517928565,0.12967812415372842,10,0.25,design,0.02,0.03929333179485424,0.036755546290293935,0.125,
he_jitter_lunit_dino,erm,True,0.03777499345850195,0.036309879487170287,0.0013184073483728297,0.0027005483499543716,0.018195594371989768,0.01804517517928565,0.12967812415372842,10,0.25,design,0.05,0.03929333179485424,0.036755546290293935,0.125,
he_jitter_lunit_dino,erm,True,0.03777499345850195,0.036309879487170287,0.0013184073483728297,0.0027005483499543716,0.018195594371989768,0.01804517517928565,0.12967812415372842,10,0.25,design,0.1,0.03929333179485424,0.036755546290293935,0.125,4
he_jitter_lunit_dino,erm,True,0.03777499345850195,0.036309879487170287,0.0013184073483728297,0.0027005483499543716,0.018195594371989768,0.01804517517928565,0.12967812415372842,10,0.25,design,0.2,0.03929333179485424,0.036755546290293935,0.125,3
he_jitter_lunit_dino,erm,True,0.03777499345850195,0.036309879487170287,0.0013184073483728297,0.0027005483499543716,0.018195594371989768,0.01804517517928565,0.12967812415372842,10,0.5,ratio,0.02,0.04244164908982591,0.036755546290293935,0.25,73
he_jitter_lunit_dino,erm,True,0.03777499345850195,0.036309879487170287,0.0013184073483728297,0.0027005483499543716,0.018195594371989768,0.01804517517928565,0.12967812415372842,10,0.5,ratio,0.05,0.04244164908982591,0.036755546290293935,0.25,14
he_jitter_lunit_dino,erm,True,0.03777499345850195,0.036309879487170287,0.0013184073483728297,0.0027005483499543716,0.018195594371989768,0.01804517517928565,0.12967812415372842,10,0.5,ratio,0.1,0.04244164908982591,0.036755546290293935,0.25,6
he_jitter_lunit_dino,erm,True,0.03777499345850195,0.036309879487170287,0.0013184073483728297,0.0027005483499543716,0.018195594371989768,0.01804517517928565,0.12967812415372842,10,0.5,ratio,0.2,0.04244164908982591,0.036755546290293935,0.25,3
he_jitter_lunit_dino,erm,True,0.03777499345850195,0.036309879487170287,0.0013184073483728297,0.0027005483499543716,0.018195594371989768,0.01804517517928565,0.12967812415372842,10,0.5,design,0.02,0.04244164908982591,0.036755546290293935,0.25,
he_jitter_lunit_dino,erm,True,0.03777499345850195,0.036309879487170287,0.0013184073483728297,0.0027005483499543716,0.018195594371989768,0.01804517517928565,0.12967812415372842,10,0.5,design,0.05,0.04244164908982591,0.036755546290293935,0.25,
he_jitter_lunit_dino,erm,True,0.03777499345850195,0.036309879487170287,0.0013184073483728297,0.0027005483499543716,0.018195594371989768,0.01804517517928565,0.12967812415372842,10,0.5,design,0.1,0.04244164908982591,0.036755546290293935,0.25,6
he_jitter_lunit_dino,erm,True,0.03777499345850195,0.036309879487170287,0.0013184073483728297,0.0027005483499543716,0.018195594371989768,0.01804517517928565,0.12967812415372842,10,0.5,design,0.2,0.04244164908982591,0.036755546290293935,0.25,3
irm,erm,True,0.07634818086167483,0.023735898987842494,0.0005633929007610623,0.12457976823507032,0.018195594371989768,0.12568593978794065,0.01196461478053435,1,0.0,none,0.02,0.12790757741877104,0.12790757741877104,0.0,323
irm,erm,True,0.07634818086167483,0.023735898987842494,0.0005633929007610623,0.12457976823507032,0.018195594371989768,0.12568593978794065,0.01196461478053435,1,0.0,none,0.05,0.12790757741877104,0.12790757741877104,0.0,54
irm,erm,True,0.07634818086167483,0.023735898987842494,0.0005633929007610623,0.12457976823507032,0.018195594371989768,0.12568593978794065,0.01196461478053435,1,0.0,none,0.1,0.12790757741877104,0.12790757741877104,0.0,15
irm,erm,True,0.07634818086167483,0.023735898987842494,0.0005633929007610623,0.12457976823507032,0.018195594371989768,0.12568593978794065,0.01196461478053435,1,0.0,none,0.2,0.12790757741877104,0.12790757741877104,0.0,6
irm,erm,True,0.07634818086167483,0.023735898987842494,0.0005633929007610623,0.12457976823507032,0.018195594371989768,0.12568593978794065,0.01196461478053435,1,0.25,ratio,0.02,0.13673895196380126,0.12790757741877104,0.125,553
irm,erm,True,0.07634818086167483,0.023735898987842494,0.0005633929007610623,0.12457976823507032,0.018195594371989768,0.12568593978794065,0.01196461478053435,1,0.25,ratio,0.05,0.13673895196380126,0.12790757741877104,0.125,90
irm,erm,True,0.07634818086167483,0.023735898987842494,0.0005633929007610623,0.12457976823507032,0.018195594371989768,0.12568593978794065,0.01196461478053435,1,0.25,ratio,0.1,0.13673895196380126,0.12790757741877104,0.125,25
irm,erm,True,0.07634818086167483,0.023735898987842494,0.0005633929007610623,0.12457976823507032,0.018195594371989768,0.12568593978794065,0.01196461478053435,1,0.25,ratio,0.2,0.13673895196380126,0.12790757741877104,0.125,8
irm,erm,True,0.07634818086167483,0.023735898987842494,0.0005633929007610623,0.12457976823507032,0.018195594371989768,0.12568593978794065,0.01196461478053435,1,0.25,design,0.02,0.13673895196380126,0.12790757741877104,0.125,
irm,erm,True,0.07634818086167483,0.023735898987842494,0.0005633929007610623,0.12457976823507032,0.018195594371989768,0.12568593978794065,0.01196461478053435,1,0.25,design,0.05,0.13673895196380126,0.12790757741877104,0.125,
irm,erm,True,0.07634818086167483,0.023735898987842494,0.0005633929007610623,0.12457976823507032,0.018195594371989768,0.12568593978794065,0.01196461478053435,1,0.25,design,0.1,0.13673895196380126,0.12790757741877104,0.125,
irm,erm,True,0.07634818086167483,0.023735898987842494,0.0005633929007610623,0.12457976823507032,0.018195594371989768,0.12568593978794065,0.01196461478053435,1,0.25,design,0.2,0.13673895196380126,0.12790757741877104,0.125,35
irm,erm,True,0.07634818086167483,0.023735898987842494,0.0005633929007610623,0.12457976823507032,0.018195594371989768,0.12568593978794065,0.01196461478053435,1,0.5,ratio,0.02,0.14769494850824072,0.12790757741877104,0.25,858
irm,erm,True,0.07634818086167483,0.023735898987842494,0.0005633929007610623,0.12457976823507032,0.018195594371989768,0.12568593978794065,0.01196461478053435,1,0.5,ratio,0.05,0.14769494850824072,0.12790757741877104,0.25,139
irm,erm,True,0.07634818086167483,0.023735898987842494,0.0005633929007610623,0.12457976823507032,0.018195594371989768,0.12568593978794065,0.01196461478053435,1,0.5,ratio,0.1,0.14769494850824072,0.12790757741877104,0.25,37
irm,erm,True,0.07634818086167483,0.023735898987842494,0.0005633929007610623,0.12457976823507032,0.018195594371989768,0.12568593978794065,0.01196461478053435,1,0.5,ratio,0.2,0.14769494850824072,0.12790757741877104,0.25,11
irm,erm,True,0.07634818086167483,0.023735898987842494,0.0005633929007610623,0.12457976823507032,0.018195594371989768,0.12568593978794065,0.01196461478053435,1,0.5,design,0.02,0.14769494850824072,0.12790757741877104,0.25,
irm,erm,True,0.07634818086167483,0.023735898987842494,0.0005633929007610623,0.12457976823507032,0.018195594371989768,0.12568593978794065,0.01196461478053435,1,0.5,design,0.05,0.14769494850824072,0.12790757741877104,0.25,
irm,erm,True,0.07634818086167483,0.023735898987842494,0.0005633929007610623,0.12457976823507032,0.018195594371989768,0.12568593978794065,0.01196461478053435,1,0.5,design,0.1,0.14769494850824072,0.12790757741877104,0.25,
irm,erm,True,0.07634818086167483,0.023735898987842494,0.0005633929007610623,0.12457976823507032,0.018195594371989768,0.12568593978794065,0.01196461478053435,1,0.5,design,0.2,0.14769494850824072,0.12790757741877104,0.25,
irm,erm,True,0.07634818086167483,0.023735898987842494,0.0005633929007610623,0.12457976823507032,0.018195594371989768,0.12568593978794065,0.01196461478053435,3,0.0,none,0.02,0.07634818086167483,0.07634818086167483,0.0,117
irm,erm,True,0.07634818086167483,0.023735898987842494,0.0005633929007610623,0.12457976823507032,0.018195594371989768,0.12568593978794065,0.01196461478053435,3,0.0,none,0.05,0.07634818086167483,0.07634818086167483,0.0,21
irm,erm,True,0.07634818086167483,0.023735898987842494,0.0005633929007610623,0.12457976823507032,0.018195594371989768,0.12568593978794065,0.01196461478053435,3,0.0,none,0.1,0.07634818086167483,0.07634818086167483,0.0,7
irm,erm,True,0.07634818086167483,0.023735898987842494,0.0005633929007610623,0.12457976823507032,0.018195594371989768,0.12568593978794065,0.01196461478053435,3,0.0,none,0.2,0.07634818086167483,0.07634818086167483,0.0,4
irm,erm,True,0.07634818086167483,0.023735898987842494,0.0005633929007610623,0.12457976823507032,0.018195594371989768,0.12568593978794065,0.01196461478053435,3,0.25,ratio,0.02,0.08161963853938242,0.07634818086167483,0.125,199
irm,erm,True,0.07634818086167483,0.023735898987842494,0.0005633929007610623,0.12457976823507032,0.018195594371989768,0.12568593978794065,0.01196461478053435,3,0.25,ratio,0.05,0.08161963853938242,0.07634818086167483,0.125,34
irm,erm,True,0.07634818086167483,0.023735898987842494,0.0005633929007610623,0.12457976823507032,0.018195594371989768,0.12568593978794065,0.01196461478053435,3,0.25,ratio,0.1,0.08161963853938242,0.07634818086167483,0.125,10
irm,erm,True,0.07634818086167483,0.023735898987842494,0.0005633929007610623,0.12457976823507032,0.018195594371989768,0.12568593978794065,0.01196461478053435,3,0.25,ratio,0.2,0.08161963853938242,0.07634818086167483,0.125,5
irm,erm,True,0.07634818086167483,0.023735898987842494,0.0005633929007610623,0.12457976823507032,0.018195594371989768,0.12568593978794065,0.01196461478053435,3,0.25,design,0.02,0.08161963853938242,0.07634818086167483,0.125,
irm,erm,True,0.07634818086167483,0.023735898987842494,0.0005633929007610623,0.12457976823507032,0.018195594371989768,0.12568593978794065,0.01196461478053435,3,0.25,design,0.05,0.08161963853938242,0.07634818086167483,0.125,
irm,erm,True,0.07634818086167483,0.023735898987842494,0.0005633929007610623,0.12457976823507032,0.018195594371989768,0.12568593978794065,0.01196461478053435,3,0.25,design,0.1,0.08161963853938242,0.07634818086167483,0.125,
irm,erm,True,0.07634818086167483,0.023735898987842494,0.0005633929007610623,0.12457976823507032,0.018195594371989768,0.12568593978794065,0.01196461478053435,3,0.25,design,0.2,0.08161963853938242,0.07634818086167483,0.125,4
irm,erm,True,0.07634818086167483,0.023735898987842494,0.0005633929007610623,0.12457976823507032,0.018195594371989768,0.12568593978794065,0.01196461478053435,3,0.5,ratio,0.02,0.0881592855452524,0.07634818086167483,0.25,307
irm,erm,True,0.07634818086167483,0.023735898987842494,0.0005633929007610623,0.12457976823507032,0.018195594371989768,0.12568593978794065,0.01196461478053435,3,0.5,ratio,0.05,0.0881592855452524,0.07634818086167483,0.25,51
irm,erm,True,0.07634818086167483,0.023735898987842494,0.0005633929007610623,0.12457976823507032,0.018195594371989768,0.12568593978794065,0.01196461478053435,3,0.5,ratio,0.1,0.0881592855452524,0.07634818086167483,0.25,15
irm,erm,True,0.07634818086167483,0.023735898987842494,0.0005633929007610623,0.12457976823507032,0.018195594371989768,0.12568593978794065,0.01196461478053435,3,0.5,ratio,0.2,0.0881592855452524,0.07634818086167483,0.25,6
irm,erm,True,0.07634818086167483,0.023735898987842494,0.0005633929007610623,0.12457976823507032,0.018195594371989768,0.12568593978794065,0.01196461478053435,3,0.5,design,0.02,0.0881592855452524,0.07634818086167483,0.25,
irm,erm,True,0.07634818086167483,0.023735898987842494,0.0005633929007610623,0.12457976823507032,0.018195594371989768,0.12568593978794065,0.01196461478053435,3,0.5,design,0.05,0.0881592855452524,0.07634818086167483,0.25,
irm,erm,True,0.07634818086167483,0.023735898987842494,0.0005633929007610623,0.12457976823507032,0.018195594371989768,0.12568593978794065,0.01196461478053435,3,0.5,design,0.1,0.0881592855452524,0.07634818086167483,0.25,
irm,erm,True,0.07634818086167483,0.023735898987842494,0.0005633929007610623,0.12457976823507032,0.018195594371989768,0.12568593978794065,0.01196461478053435,3,0.5,design,0.2,0.0881592855452524,0.07634818086167483,0.25,6
irm,erm,True,0.07634818086167483,0.023735898987842494,0.0005633929007610623,0.12457976823507032,0.018195594371989768,0.12568593978794065,0.01196461478053435,5,0.0,none,0.02,0.061014621139827065,0.061014621139827065,0.0,75
irm,erm,True,0.07634818086167483,0.023735898987842494,0.0005633929007610623,0.12457976823507032,0.018195594371989768,0.12568593978794065,0.01196461478053435,5,0.0,none,0.05,0.061014621139827065,0.061014621139827065,0.0,14
irm,erm,True,0.07634818086167483,0.023735898987842494,0.0005633929007610623,0.12457976823507032,0.018195594371989768,0.12568593978794065,0.01196461478053435,5,0.0,none,0.1,0.061014621139827065,0.061014621139827065,0.0,6
irm,erm,True,0.07634818086167483,0.023735898987842494,0.0005633929007610623,0.12457976823507032,0.018195594371989768,0.12568593978794065,0.01196461478053435,5,0.0,none,0.2,0.061014621139827065,0.061014621139827065,0.0,3
irm,erm,True,0.07634818086167483,0.023735898987842494,0.0005633929007610623,0.12457976823507032,0.018195594371989768,0.12568593978794065,0.01196461478053435,5,0.25,ratio,0.02,0.06522737368258498,0.061014621139827065,0.125,128
irm,erm,True,0.07634818086167483,0.023735898987842494,0.0005633929007610623,0.12457976823507032,0.018195594371989768,0.12568593978794065,0.01196461478053435,5,0.25,ratio,0.05,0.06522737368258498,0.061014621139827065,0.125,23
irm,erm,True,0.07634818086167483,0.023735898987842494,0.0005633929007610623,0.12457976823507032,0.018195594371989768,0.12568593978794065,0.01196461478053435,5,0.25,ratio,0.1,0.06522737368258498,0.061014621139827065,0.125,8
irm,erm,True,0.07634818086167483,0.023735898987842494,0.0005633929007610623,0.12457976823507032,0.018195594371989768,0.12568593978794065,0.01196461478053435,5,0.25,ratio,0.2,0.06522737368258498,0.061014621139827065,0.125,4
irm,erm,True,0.07634818086167483,0.023735898987842494,0.0005633929007610623,0.12457976823507032,0.018195594371989768,0.12568593978794065,0.01196461478053435,5,0.25,design,0.02,0.06522737368258498,0.061014621139827065,0.125,
irm,erm,True,0.07634818086167483,0.023735898987842494,0.0005633929007610623,0.12457976823507032,0.018195594371989768,0.12568593978794065,0.01196461478053435,5,0.25,design,0.05,0.06522737368258498,0.061014621139827065,0.125,
irm,erm,True,0.07634818086167483,0.023735898987842494,0.0005633929007610623,0.12457976823507032,0.018195594371989768,0.12568593978794065,0.01196461478053435,5,0.25,design,0.1,0.06522737368258498,0.061014621139827065,0.125,18
irm,erm,True,0.07634818086167483,0.023735898987842494,0.0005633929007610623,0.12457976823507032,0.018195594371989768,0.12568593978794065,0.01196461478053435,5,0.25,design,0.2,0.06522737368258498,0.061014621139827065,0.125,4
irm,erm,True,0.07634818086167483,0.023735898987842494,0.0005633929007610623,0.12457976823507032,0.018195594371989768,0.12568593978794065,0.01196461478053435,5,0.5,ratio,0.02,0.07045361587916438,0.061014621139827065,0.25,197
irm,erm,True,0.07634818086167483,0.023735898987842494,0.0005633929007610623,0.12457976823507032,0.018195594371989768,0.12568593978794065,0.01196461478053435,5,0.5,ratio,0.05,0.07045361587916438,0.061014621139827065,0.25,34
irm,erm,True,0.07634818086167483,0.023735898987842494,0.0005633929007610623,0.12457976823507032,0.018195594371989768,0.12568593978794065,0.01196461478053435,5,0.5,ratio,0.1,0.07045361587916438,0.061014621139827065,0.25,10
irm,erm,True,0.07634818086167483,0.023735898987842494,0.0005633929007610623,0.12457976823507032,0.018195594371989768,0.12568593978794065,0.01196461478053435,5,0.5,ratio,0.2,0.07045361587916438,0.061014621139827065,0.25,5
irm,erm,True,0.07634818086167483,0.023735898987842494,0.0005633929007610623,0.12457976823507032,0.018195594371989768,0.12568593978794065,0.01196461478053435,5,0.5,design,0.02,0.07045361587916438,0.061014621139827065,0.25,
irm,erm,True,0.07634818086167483,0.023735898987842494,0.0005633929007610623,0.12457976823507032,0.018195594371989768,0.12568593978794065,0.01196461478053435,5,0.5,design,0.05,0.07045361587916438,0.061014621139827065,0.25,
irm,erm,True,0.07634818086167483,0.023735898987842494,0.0005633929007610623,0.12457976823507032,0.018195594371989768,0.12568593978794065,0.01196461478053435,5,0.5,design,0.1,0.07045361587916438,0.061014621139827065,0.25,
irm,erm,True,0.07634818086167483,0.023735898987842494,0.0005633929007610623,0.12457976823507032,0.018195594371989768,0.12568593978794065,0.01196461478053435,5,0.5,design,0.2,0.07045361587916438,0.061014621139827065,0.25,4
irm,erm,True,0.07634818086167483,0.023735898987842494,0.0005633929007610623,0.12457976823507032,0.018195594371989768,0.12568593978794065,0.01196461478053435,10,0.0,none,0.02,0.046293503289326104,0.046293503289326104,0.0,45
irm,erm,True,0.07634818086167483,0.023735898987842494,0.0005633929007610623,0.12457976823507032,0.018195594371989768,0.12568593978794065,0.01196461478053435,10,0.0,none,0.05,0.046293503289326104,0.046293503289326104,0.0,9
irm,erm,True,0.07634818086167483,0.023735898987842494,0.0005633929007610623,0.12457976823507032,0.018195594371989768,0.12568593978794065,0.01196461478053435,10,0.0,none,0.1,0.046293503289326104,0.046293503289326104,0.0,4
irm,erm,True,0.07634818086167483,0.023735898987842494,0.0005633929007610623,0.12457976823507032,0.018195594371989768,0.12568593978794065,0.01196461478053435,10,0.0,none,0.2,0.046293503289326104,0.046293503289326104,0.0,3
irm,erm,True,0.07634818086167483,0.023735898987842494,0.0005633929007610623,0.12457976823507032,0.018195594371989768,0.12568593978794065,0.01196461478053435,10,0.25,ratio,0.02,0.04948983672632879,0.046293503289326104,0.125,75
irm,erm,True,0.07634818086167483,0.023735898987842494,0.0005633929007610623,0.12457976823507032,0.018195594371989768,0.12568593978794065,0.01196461478053435,10,0.25,ratio,0.05,0.04948983672632879,0.046293503289326104,0.125,14
irm,erm,True,0.07634818086167483,0.023735898987842494,0.0005633929007610623,0.12457976823507032,0.018195594371989768,0.12568593978794065,0.01196461478053435,10,0.25,ratio,0.1,0.04948983672632879,0.046293503289326104,0.125,6
irm,erm,True,0.07634818086167483,0.023735898987842494,0.0005633929007610623,0.12457976823507032,0.018195594371989768,0.12568593978794065,0.01196461478053435,10,0.25,ratio,0.2,0.04948983672632879,0.046293503289326104,0.125,3
irm,erm,True,0.07634818086167483,0.023735898987842494,0.0005633929007610623,0.12457976823507032,0.018195594371989768,0.12568593978794065,0.01196461478053435,10,0.25,design,0.02,0.04948983672632879,0.046293503289326104,0.125,
irm,erm,True,0.07634818086167483,0.023735898987842494,0.0005633929007610623,0.12457976823507032,0.018195594371989768,0.12568593978794065,0.01196461478053435,10,0.25,design,0.05,0.04948983672632879,0.046293503289326104,0.125,
irm,erm,True,0.07634818086167483,0.023735898987842494,0.0005633929007610623,0.12457976823507032,0.018195594371989768,0.12568593978794065,0.01196461478053435,10,0.25,design,0.1,0.04948983672632879,0.046293503289326104,0.125,6
irm,erm,True,0.07634818086167483,0.023735898987842494,0.0005633929007610623,0.12457976823507032,0.018195594371989768,0.12568593978794065,0.01196461478053435,10,0.25,design,0.2,0.04948983672632879,0.046293503289326104,0.125,3
irm,erm,True,0.07634818086167483,0.023735898987842494,0.0005633929007610623,0.12457976823507032,0.018195594371989768,0.12568593978794065,0.01196461478053435,10,0.5,ratio,0.02,0.053455133171646504,0.046293503289326104,0.25,115
irm,erm,True,0.07634818086167483,0.023735898987842494,0.0005633929007610623,0.12457976823507032,0.018195594371989768,0.12568593978794065,0.01196461478053435,10,0.5,ratio,0.05,0.053455133171646504,0.046293503289326104,0.25,20
irm,erm,True,0.07634818086167483,0.023735898987842494,0.0005633929007610623,0.12457976823507032,0.018195594371989768,0.12568593978794065,0.01196461478053435,10,0.5,ratio,0.1,0.053455133171646504,0.046293503289326104,0.25,7
irm,erm,True,0.07634818086167483,0.023735898987842494,0.0005633929007610623,0.12457976823507032,0.018195594371989768,0.12568593978794065,0.01196461478053435,10,0.5,ratio,0.2,0.053455133171646504,0.046293503289326104,0.25,4
irm,erm,True,0.07634818086167483,0.023735898987842494,0.0005633929007610623,0.12457976823507032,0.018195594371989768,0.12568593978794065,0.01196461478053435,10,0.5,design,0.02,0.053455133171646504,0.046293503289326104,0.25,
irm,erm,True,0.07634818086167483,0.023735898987842494,0.0005633929007610623,0.12457976823507032,0.018195594371989768,0.12568593978794065,0.01196461478053435,10,0.5,design,0.05,0.053455133171646504,0.046293503289326104,0.25,
irm,erm,True,0.07634818086167483,0.023735898987842494,0.0005633929007610623,0.12457976823507032,0.018195594371989768,0.12568593978794065,0.01196461478053435,10,0.5,design,0.1,0.053455133171646504,0.046293503289326104,0.25,
irm,erm,True,0.07634818086167483,0.023735898987842494,0.0005633929007610623,0.12457976823507032,0.018195594371989768,0.12568593978794065,0.01196461478053435,10,0.5,design,0.2,0.053455133171646504,0.046293503289326104,0.25,3
lisa,erm,True,0.007961026669715009,0.0,-0.0006583686886178081,0.03118874120471588,0.018195594371989768,0.04653213838586365,-0.7589658025605801,1,0.0,none,0.02,0.04653213838586365,0.04653213838586365,0.0,45
lisa,erm,True,0.007961026669715009,0.0,-0.0006583686886178081,0.03118874120471588,0.018195594371989768,0.04653213838586365,-0.7589658025605801,1,0.0,none,0.05,0.04653213838586365,0.04653213838586365,0.0,9
lisa,erm,True,0.007961026669715009,0.0,-0.0006583686886178081,0.03118874120471588,0.018195594371989768,0.04653213838586365,-0.7589658025605801,1,0.0,none,0.1,0.04653213838586365,0.04653213838586365,0.0,4
lisa,erm,True,0.007961026669715009,0.0,-0.0006583686886178081,0.03118874120471588,0.018195594371989768,0.04653213838586365,-0.7589658025605801,1,0.0,none,0.2,0.04653213838586365,0.04653213838586365,0.0,3
lisa,erm,True,0.007961026669715009,0.0,-0.0006583686886178081,0.03118874120471588,0.018195594371989768,0.04653213838586365,-0.7589658025605801,1,0.25,ratio,0.02,0.04974494837538685,0.04653213838586365,0.125,75
lisa,erm,True,0.007961026669715009,0.0,-0.0006583686886178081,0.03118874120471588,0.018195594371989768,0.04653213838586365,-0.7589658025605801,1,0.25,ratio,0.05,0.04974494837538685,0.04653213838586365,0.125,14
lisa,erm,True,0.007961026669715009,0.0,-0.0006583686886178081,0.03118874120471588,0.018195594371989768,0.04653213838586365,-0.7589658025605801,1,0.25,ratio,0.1,0.04974494837538685,0.04653213838586365,0.125,6
lisa,erm,True,0.007961026669715009,0.0,-0.0006583686886178081,0.03118874120471588,0.018195594371989768,0.04653213838586365,-0.7589658025605801,1,0.25,ratio,0.2,0.04974494837538685,0.04653213838586365,0.125,3
lisa,erm,True,0.007961026669715009,0.0,-0.0006583686886178081,0.03118874120471588,0.018195594371989768,0.04653213838586365,-0.7589658025605801,1,0.25,design,0.02,0.04974494837538685,0.04653213838586365,0.125,
lisa,erm,True,0.007961026669715009,0.0,-0.0006583686886178081,0.03118874120471588,0.018195594371989768,0.04653213838586365,-0.7589658025605801,1,0.25,design,0.05,0.04974494837538685,0.04653213838586365,0.125,
lisa,erm,True,0.007961026669715009,0.0,-0.0006583686886178081,0.03118874120471588,0.018195594371989768,0.04653213838586365,-0.7589658025605801,1,0.25,design,0.1,0.04974494837538685,0.04653213838586365,0.125,6
lisa,erm,True,0.007961026669715009,0.0,-0.0006583686886178081,0.03118874120471588,0.018195594371989768,0.04653213838586365,-0.7589658025605801,1,0.25,design,0.2,0.04974494837538685,0.04653213838586365,0.125,3
lisa,erm,True,0.007961026669715009,0.0,-0.0006583686886178081,0.03118874120471588,0.018195594371989768,0.04653213838586365,-0.7589658025605801,1,0.5,ratio,0.02,0.05373068524609459,0.04653213838586365,0.25,116
lisa,erm,True,0.007961026669715009,0.0,-0.0006583686886178081,0.03118874120471588,0.018195594371989768,0.04653213838586365,-0.7589658025605801,1,0.5,ratio,0.05,0.05373068524609459,0.04653213838586365,0.25,21
lisa,erm,True,0.007961026669715009,0.0,-0.0006583686886178081,0.03118874120471588,0.018195594371989768,0.04653213838586365,-0.7589658025605801,1,0.5,ratio,0.1,0.05373068524609459,0.04653213838586365,0.25,7
lisa,erm,True,0.007961026669715009,0.0,-0.0006583686886178081,0.03118874120471588,0.018195594371989768,0.04653213838586365,-0.7589658025605801,1,0.5,ratio,0.2,0.05373068524609459,0.04653213838586365,0.25,4
lisa,erm,True,0.007961026669715009,0.0,-0.0006583686886178081,0.03118874120471588,0.018195594371989768,0.04653213838586365,-0.7589658025605801,1,0.5,design,0.02,0.05373068524609459,0.04653213838586365,0.25,
lisa,erm,True,0.007961026669715009,0.0,-0.0006583686886178081,0.03118874120471588,0.018195594371989768,0.04653213838586365,-0.7589658025605801,1,0.5,design,0.05,0.05373068524609459,0.04653213838586365,0.25,
lisa,erm,True,0.007961026669715009,0.0,-0.0006583686886178081,0.03118874120471588,0.018195594371989768,0.04653213838586365,-0.7589658025605801,1,0.5,design,0.1,0.05373068524609459,0.04653213838586365,0.25,
lisa,erm,True,0.007961026669715009,0.0,-0.0006583686886178081,0.03118874120471588,0.018195594371989768,0.04653213838586365,-0.7589658025605801,1,0.5,design,0.2,0.05373068524609459,0.04653213838586365,0.25,3
lisa,erm,True,0.007961026669715009,0.0,-0.0006583686886178081,0.03118874120471588,0.018195594371989768,0.04653213838586365,-0.7589658025605801,3,0.0,none,0.02,0.026865342623047295,0.026865342623047295,0.0,17
lisa,erm,True,0.007961026669715009,0.0,-0.0006583686886178081,0.03118874120471588,0.018195594371989768,0.04653213838586365,-0.7589658025605801,3,0.0,none,0.05,0.026865342623047295,0.026865342623047295,0.0,5
lisa,erm,True,0.007961026669715009,0.0,-0.0006583686886178081,0.03118874120471588,0.018195594371989768,0.04653213838586365,-0.7589658025605801,3,0.0,none,0.1,0.026865342623047295,0.026865342623047295,0.0,3
lisa,erm,True,0.007961026669715009,0.0,-0.0006583686886178081,0.03118874120471588,0.018195594371989768,0.04653213838586365,-0.7589658025605801,3,0.0,none,0.2,0.026865342623047295,0.026865342623047295,0.0,3
lisa,erm,True,0.007961026669715009,0.0,-0.0006583686886178081,0.03118874120471588,0.018195594371989768,0.04653213838586365,-0.7589658025605801,3,0.25,ratio,0.02,0.028720259335353635,0.026865342623047295,0.125,27
lisa,erm,True,0.007961026669715009,0.0,-0.0006583686886178081,0.03118874120471588,0.018195594371989768,0.04653213838586365,-0.7589658025605801,3,0.25,ratio,0.05,0.028720259335353635,0.026865342623047295,0.125,7
lisa,erm,True,0.007961026669715009,0.0,-0.0006583686886178081,0.03118874120471588,0.018195594371989768,0.04653213838586365,-0.7589658025605801,3,0.25,ratio,0.1,0.028720259335353635,0.026865342623047295,0.125,4
lisa,erm,True,0.007961026669715009,0.0,-0.0006583686886178081,0.03118874120471588,0.018195594371989768,0.04653213838586365,-0.7589658025605801,3,0.25,ratio,0.2,0.028720259335353635,0.026865342623047295,0.125,3
lisa,erm,True,0.007961026669715009,0.0,-0.0006583686886178081,0.03118874120471588,0.018195594371989768,0.04653213838586365,-0.7589658025605801,3,0.25,design,0.02,0.028720259335353635,0.026865342623047295,0.125,
lisa,erm,True,0.007961026669715009,0.0,-0.0006583686886178081,0.03118874120471588,0.018195594371989768,0.04653213838586365,-0.7589658025605801,3,0.25,design,0.05,0.028720259335353635,0.026865342623047295,0.125,8
lisa,erm,True,0.007961026669715009,0.0,-0.0006583686886178081,0.03118874120471588,0.018195594371989768,0.04653213838586365,-0.7589658025605801,3,0.25,design,0.1,0.028720259335353635,0.026865342623047295,0.125,3
lisa,erm,True,0.007961026669715009,0.0,-0.0006583686886178081,0.03118874120471588,0.018195594371989768,0.04653213838586365,-0.7589658025605801,3,0.25,design,0.2,0.028720259335353635,0.026865342623047295,0.125,3
lisa,erm,True,0.007961026669715009,0.0,-0.0006583686886178081,0.03118874120471588,0.018195594371989768,0.04653213838586365,-0.7589658025605801,3,0.5,ratio,0.02,0.031021425590575767,0.026865342623047295,0.25,40
lisa,erm,True,0.007961026669715009,0.0,-0.0006583686886178081,0.03118874120471588,0.018195594371989768,0.04653213838586365,-0.7589658025605801,3,0.5,ratio,0.05,0.031021425590575767,0.026865342623047295,0.25,9
lisa,erm,True,0.007961026669715009,0.0,-0.0006583686886178081,0.03118874120471588,0.018195594371989768,0.04653213838586365,-0.7589658025605801,3,0.5,ratio,0.1,0.031021425590575767,0.026865342623047295,0.25,4
lisa,erm,True,0.007961026669715009,0.0,-0.0006583686886178081,0.03118874120471588,0.018195594371989768,0.04653213838586365,-0.7589658025605801,3,0.5,ratio,0.2,0.031021425590575767,0.026865342623047295,0.25,3
lisa,erm,True,0.007961026669715009,0.0,-0.0006583686886178081,0.03118874120471588,0.018195594371989768,0.04653213838586365,-0.7589658025605801,3,0.5,design,0.02,0.031021425590575767,0.026865342623047295,0.25,
lisa,erm,True,0.007961026669715009,0.0,-0.0006583686886178081,0.03118874120471588,0.018195594371989768,0.04653213838586365,-0.7589658025605801,3,0.5,design,0.05,0.031021425590575767,0.026865342623047295,0.25,
lisa,erm,True,0.007961026669715009,0.0,-0.0006583686886178081,0.03118874120471588,0.018195594371989768,0.04653213838586365,-0.7589658025605801,3,0.5,design,0.1,0.031021425590575767,0.026865342623047295,0.25,4
lisa,erm,True,0.007961026669715009,0.0,-0.0006583686886178081,0.03118874120471588,0.018195594371989768,0.04653213838586365,-0.7589658025605801,3,0.5,design,0.2,0.031021425590575767,0.026865342623047295,0.25,3
lisa,erm,True,0.007961026669715009,0.0,-0.0006583686886178081,0.03118874120471588,0.018195594371989768,0.04653213838586365,-0.7589658025605801,5,0.0,none,0.02,0.020809804913843693,0.020809804913843693,0.0,11
lisa,erm,True,0.007961026669715009,0.0,-0.0006583686886178081,0.03118874120471588,0.018195594371989768,0.04653213838586365,-0.7589658025605801,5,0.0,none,0.05,0.020809804913843693,0.020809804913843693,0.0,4
lisa,erm,True,0.007961026669715009,0.0,-0.0006583686886178081,0.03118874120471588,0.018195594371989768,0.04653213838586365,-0.7589658025605801,5,0.0,none,0.1,0.020809804913843693,0.020809804913843693,0.0,3
lisa,erm,True,0.007961026669715009,0.0,-0.0006583686886178081,0.03118874120471588,0.018195594371989768,0.04653213838586365,-0.7589658025605801,5,0.0,none,0.2,0.020809804913843693,0.020809804913843693,0.0,3
lisa,erm,True,0.007961026669715009,0.0,-0.0006583686886178081,0.03118874120471588,0.018195594371989768,0.04653213838586365,-0.7589658025605801,5,0.25,ratio,0.02,0.02224661722091655,0.020809804913843693,0.125,17
lisa,erm,True,0.007961026669715009,0.0,-0.0006583686886178081,0.03118874120471588,0.018195594371989768,0.04653213838586365,-0.7589658025605801,5,0.25,ratio,0.05,0.02224661722091655,0.020809804913843693,0.125,5
lisa,erm,True,0.007961026669715009,0.0,-0.0006583686886178081,0.03118874120471588,0.018195594371989768,0.04653213838586365,-0.7589658025605801,5,0.25,ratio,0.1,0.02224661722091655,0.020809804913843693,0.125,3
lisa,erm,True,0.007961026669715009,0.0,-0.0006583686886178081,0.03118874120471588,0.018195594371989768,0.04653213838586365,-0.7589658025605801,5,0.25,ratio,0.2,0.02224661722091655,0.020809804913843693,0.125,3
lisa,erm,True,0.007961026669715009,0.0,-0.0006583686886178081,0.03118874120471588,0.018195594371989768,0.04653213838586365,-0.7589658025605801,5,0.25,design,0.02,0.02224661722091655,0.020809804913843693,0.125,
lisa,erm,True,0.007961026669715009,0.0,-0.0006583686886178081,0.03118874120471588,0.018195594371989768,0.04653213838586365,-0.7589658025605801,5,0.25,design,0.05,0.02224661722091655,0.020809804913843693,0.125,5
lisa,erm,True,0.007961026669715009,0.0,-0.0006583686886178081,0.03118874120471588,0.018195594371989768,0.04653213838586365,-0.7589658025605801,5,0.25,design,0.1,0.02224661722091655,0.020809804913843693,0.125,3
lisa,erm,True,0.007961026669715009,0.0,-0.0006583686886178081,0.03118874120471588,0.018195594371989768,0.04653213838586365,-0.7589658025605801,5,0.25,design,0.2,0.02224661722091655,0.020809804913843693,0.125,3
lisa,erm,True,0.007961026669715009,0.0,-0.0006583686886178081,0.03118874120471588,0.018195594371989768,0.04653213838586365,-0.7589658025605801,5,0.5,ratio,0.02,0.024029092937582507,0.020809804913843693,0.25,25
lisa,erm,True,0.007961026669715009,0.0,-0.0006583686886178081,0.03118874120471588,0.018195594371989768,0.04653213838586365,-0.7589658025605801,5,0.5,ratio,0.05,0.024029092937582507,0.020809804913843693,0.25,6
lisa,erm,True,0.007961026669715009,0.0,-0.0006583686886178081,0.03118874120471588,0.018195594371989768,0.04653213838586365,-0.7589658025605801,5,0.5,ratio,0.1,0.024029092937582507,0.020809804913843693,0.25,4
lisa,erm,True,0.007961026669715009,0.0,-0.0006583686886178081,0.03118874120471588,0.018195594371989768,0.04653213838586365,-0.7589658025605801,5,0.5,ratio,0.2,0.024029092937582507,0.020809804913843693,0.25,3
lisa,erm,True,0.007961026669715009,0.0,-0.0006583686886178081,0.03118874120471588,0.018195594371989768,0.04653213838586365,-0.7589658025605801,5,0.5,design,0.02,0.024029092937582507,0.020809804913843693,0.25,
lisa,erm,True,0.007961026669715009,0.0,-0.0006583686886178081,0.03118874120471588,0.018195594371989768,0.04653213838586365,-0.7589658025605801,5,0.5,design,0.05,0.024029092937582507,0.020809804913843693,0.25,13
lisa,erm,True,0.007961026669715009,0.0,-0.0006583686886178081,0.03118874120471588,0.018195594371989768,0.04653213838586365,-0.7589658025605801,5,0.5,design,0.1,0.024029092937582507,0.020809804913843693,0.25,3
lisa,erm,True,0.007961026669715009,0.0,-0.0006583686886178081,0.03118874120471588,0.018195594371989768,0.04653213838586365,-0.7589658025605801,5,0.5,design,0.2,0.024029092937582507,0.020809804913843693,0.25,3
lisa,erm,True,0.007961026669715009,0.0,-0.0006583686886178081,0.03118874120471588,0.018195594371989768,0.04653213838586365,-0.7589658025605801,10,0.0,none,0.02,0.014714754169748013,0.014714754169748013,0.0,7
lisa,erm,True,0.007961026669715009,0.0,-0.0006583686886178081,0.03118874120471588,0.018195594371989768,0.04653213838586365,-0.7589658025605801,10,0.0,none,0.05,0.014714754169748013,0.014714754169748013,0.0,3
lisa,erm,True,0.007961026669715009,0.0,-0.0006583686886178081,0.03118874120471588,0.018195594371989768,0.04653213838586365,-0.7589658025605801,10,0.0,none,0.1,0.014714754169748013,0.014714754169748013,0.0,3
lisa,erm,True,0.007961026669715009,0.0,-0.0006583686886178081,0.03118874120471588,0.018195594371989768,0.04653213838586365,-0.7589658025605801,10,0.0,none,0.2,0.014714754169748013,0.014714754169748013,0.0,2
lisa,erm,True,0.007961026669715009,0.0,-0.0006583686886178081,0.03118874120471588,0.018195594371989768,0.04653213838586365,-0.7589658025605801,10,0.25,ratio,0.02,0.015730733895371517,0.014714754169748013,0.125,10
lisa,erm,True,0.007961026669715009,0.0,-0.0006583686886178081,0.03118874120471588,0.018195594371989768,0.04653213838586365,-0.7589658025605801,10,0.25,ratio,0.05,0.015730733895371517,0.014714754169748013,0.125,4
lisa,erm,True,0.007961026669715009,0.0,-0.0006583686886178081,0.03118874120471588,0.018195594371989768,0.04653213838586365,-0.7589658025605801,10,0.25,ratio,0.1,0.015730733895371517,0.014714754169748013,0.125,3
lisa,erm,True,0.007961026669715009,0.0,-0.0006583686886178081,0.03118874120471588,0.018195594371989768,0.04653213838586365,-0.7589658025605801,10,0.25,ratio,0.2,0.015730733895371517,0.014714754169748013,0.125,3
lisa,erm,True,0.007961026669715009,0.0,-0.0006583686886178081,0.03118874120471588,0.018195594371989768,0.04653213838586365,-0.7589658025605801,10,0.25,design,0.02,0.015730733895371517,0.014714754169748013,0.125,
lisa,erm,True,0.007961026669715009,0.0,-0.0006583686886178081,0.03118874120471588,0.018195594371989768,0.04653213838586365,-0.7589658025605801,10,0.25,design,0.05,0.015730733895371517,0.014714754169748013,0.125,4
lisa,erm,True,0.007961026669715009,0.0,-0.0006583686886178081,0.03118874120471588,0.018195594371989768,0.04653213838586365,-0.7589658025605801,10,0.25,design,0.1,0.015730733895371517,0.014714754169748013,0.125,3
lisa,erm,True,0.007961026669715009,0.0,-0.0006583686886178081,0.03118874120471588,0.018195594371989768,0.04653213838586365,-0.7589658025605801,10,0.25,design,0.2,0.015730733895371517,0.014714754169748013,0.125,3
lisa,erm,True,0.007961026669715009,0.0,-0.0006583686886178081,0.03118874120471588,0.018195594371989768,0.04653213838586365,-0.7589658025605801,10,0.5,ratio,0.02,0.016991134561926368,0.014714754169748013,0.25,14
lisa,erm,True,0.007961026669715009,0.0,-0.0006583686886178081,0.03118874120471588,0.018195594371989768,0.04653213838586365,-0.7589658025605801,10,0.5,ratio,0.05,0.016991134561926368,0.014714754169748013,0.25,5
lisa,erm,True,0.007961026669715009,0.0,-0.0006583686886178081,0.03118874120471588,0.018195594371989768,0.04653213838586365,-0.7589658025605801,10,0.5,ratio,0.1,0.016991134561926368,0.014714754169748013,0.25,3
lisa,erm,True,0.007961026669715009,0.0,-0.0006583686886178081,0.03118874120471588,0.018195594371989768,0.04653213838586365,-0.7589658025605801,10,0.5,ratio,0.2,0.016991134561926368,0.014714754169748013,0.25,3
lisa,erm,True,0.007961026669715009,0.0,-0.0006583686886178081,0.03118874120471588,0.018195594371989768,0.04653213838586365,-0.7589658025605801,10,0.5,design,0.02,0.016991134561926368,0.014714754169748013,0.25,
lisa,erm,True,0.007961026669715009,0.0,-0.0006583686886178081,0.03118874120471588,0.018195594371989768,0.04653213838586365,-0.7589658025605801,10,0.5,design,0.05,0.016991134561926368,0.014714754169748013,0.25,4
lisa,erm,True,0.007961026669715009,0.0,-0.0006583686886178081,0.03118874120471588,0.018195594371989768,0.04653213838586365,-0.7589658025605801,10,0.5,design,0.1,0.016991134561926368,0.014714754169748013,0.25,3
lisa,erm,True,0.007961026669715009,0.0,-0.0006583686886178081,0.03118874120471588,0.018195594371989768,0.04653213838586365,-0.7589658025605801,10,0.5,design,0.2,0.016991134561926368,0.014714754169748013,0.25,3
macenko,erm,True,0.030734551347917315,0.02557571126893581,0.0006541170069119702,0.02125317027629219,0.018195594371989768,0.02952095728355345,-0.11469716971294869,1,0.0,none,0.02,0.03905898009228297,0.03905898009228297,0.0,32
macenko,erm,True,0.030734551347917315,0.02557571126893581,0.0006541170069119702,0.02125317027629219,0.018195594371989768,0.02952095728355345,-0.11469716971294869,1,0.0,none,0.05,0.03905898009228297,0.03905898009228297,0.0,7
macenko,erm,True,0.030734551347917315,0.02557571126893581,0.0006541170069119702,0.02125317027629219,0.018195594371989768,0.02952095728355345,-0.11469716971294869,1,0.0,none,0.1,0.03905898009228297,0.03905898009228297,0.0,4
macenko,erm,True,0.030734551347917315,0.02557571126893581,0.0006541170069119702,0.02125317027629219,0.018195594371989768,0.02952095728355345,-0.11469716971294869,1,0.0,none,0.2,0.03905898009228297,0.03905898009228297,0.0,3
macenko,erm,True,0.030734551347917315,0.02557571126893581,0.0006541170069119702,0.02125317027629219,0.018195594371989768,0.02952095728355345,-0.11469716971294869,1,0.25,ratio,0.02,0.041755806109184834,0.03905898009228297,0.125,54
macenko,erm,True,0.030734551347917315,0.02557571126893581,0.0006541170069119702,0.02125317027629219,0.018195594371989768,0.02952095728355345,-0.11469716971294869,1,0.25,ratio,0.05,0.041755806109184834,0.03905898009228297,0.125,11
macenko,erm,True,0.030734551347917315,0.02557571126893581,0.0006541170069119702,0.02125317027629219,0.018195594371989768,0.02952095728355345,-0.11469716971294869,1,0.25,ratio,0.1,0.041755806109184834,0.03905898009228297,0.125,5
macenko,erm,True,0.030734551347917315,0.02557571126893581,0.0006541170069119702,0.02125317027629219,0.018195594371989768,0.02952095728355345,-0.11469716971294869,1,0.25,ratio,0.2,0.041755806109184834,0.03905898009228297,0.125,3
macenko,erm,True,0.030734551347917315,0.02557571126893581,0.0006541170069119702,0.02125317027629219,0.018195594371989768,0.02952095728355345,-0.11469716971294869,1,0.25,design,0.02,0.041755806109184834,0.03905898009228297,0.125,
macenko,erm,True,0.030734551347917315,0.02557571126893581,0.0006541170069119702,0.02125317027629219,0.018195594371989768,0.02952095728355345,-0.11469716971294869,1,0.25,design,0.05,0.041755806109184834,0.03905898009228297,0.125,
macenko,erm,True,0.030734551347917315,0.02557571126893581,0.0006541170069119702,0.02125317027629219,0.018195594371989768,0.02952095728355345,-0.11469716971294869,1,0.25,design,0.1,0.041755806109184834,0.03905898009228297,0.125,4
macenko,erm,True,0.030734551347917315,0.02557571126893581,0.0006541170069119702,0.02125317027629219,0.018195594371989768,0.02952095728355345,-0.11469716971294869,1,0.25,design,0.2,0.041755806109184834,0.03905898009228297,0.125,3
macenko,erm,True,0.030734551347917315,0.02557571126893581,0.0006541170069119702,0.02125317027629219,0.018195594371989768,0.02952095728355345,-0.11469716971294869,1,0.5,ratio,0.02,0.04510142534110362,0.03905898009228297,0.25,82
macenko,erm,True,0.030734551347917315,0.02557571126893581,0.0006541170069119702,0.02125317027629219,0.018195594371989768,0.02952095728355345,-0.11469716971294869,1,0.5,ratio,0.05,0.04510142534110362,0.03905898009228297,0.25,15
macenko,erm,True,0.030734551347917315,0.02557571126893581,0.0006541170069119702,0.02125317027629219,0.018195594371989768,0.02952095728355345,-0.11469716971294869,1,0.5,ratio,0.1,0.04510142534110362,0.03905898009228297,0.25,6
macenko,erm,True,0.030734551347917315,0.02557571126893581,0.0006541170069119702,0.02125317027629219,0.018195594371989768,0.02952095728355345,-0.11469716971294869,1,0.5,ratio,0.2,0.04510142534110362,0.03905898009228297,0.25,4
macenko,erm,True,0.030734551347917315,0.02557571126893581,0.0006541170069119702,0.02125317027629219,0.018195594371989768,0.02952095728355345,-0.11469716971294869,1,0.5,design,0.02,0.04510142534110362,0.03905898009228297,0.25,
macenko,erm,True,0.030734551347917315,0.02557571126893581,0.0006541170069119702,0.02125317027629219,0.018195594371989768,0.02952095728355345,-0.11469716971294869,1,0.5,design,0.05,0.04510142534110362,0.03905898009228297,0.25,
macenko,erm,True,0.030734551347917315,0.02557571126893581,0.0006541170069119702,0.02125317027629219,0.018195594371989768,0.02952095728355345,-0.11469716971294869,1,0.5,design,0.1,0.04510142534110362,0.03905898009228297,0.25,7
macenko,erm,True,0.030734551347917315,0.02557571126893581,0.0006541170069119702,0.02125317027629219,0.018195594371989768,0.02952095728355345,-0.11469716971294869,1,0.5,design,0.2,0.04510142534110362,0.03905898009228297,0.25,3
macenko,erm,True,0.030734551347917315,0.02557571126893581,0.0006541170069119702,0.02125317027629219,0.018195594371989768,0.02952095728355345,-0.11469716971294869,3,0.0,none,0.02,0.030734551347917312,0.030734551347917312,0.0,21
macenko,erm,True,0.030734551347917315,0.02557571126893581,0.0006541170069119702,0.02125317027629219,0.018195594371989768,0.02952095728355345,-0.11469716971294869,3,0.0,none,0.05,0.030734551347917312,0.030734551347917312,0.0,6
macenko,erm,True,0.030734551347917315,0.02557571126893581,0.0006541170069119702,0.02125317027629219,0.018195594371989768,0.02952095728355345,-0.11469716971294869,3,0.0,none,0.1,0.030734551347917312,0.030734551347917312,0.0,4
macenko,erm,True,0.030734551347917315,0.02557571126893581,0.0006541170069119702,0.02125317027629219,0.018195594371989768,0.02952095728355345,-0.11469716971294869,3,0.0,none,0.2,0.030734551347917312,0.030734551347917312,0.0,3
macenko,erm,True,0.030734551347917315,0.02557571126893581,0.0006541170069119702,0.02125317027629219,0.018195594371989768,0.02952095728355345,-0.11469716971294869,3,0.25,ratio,0.02,0.03285661745146223,0.030734551347917312,0.125,34
macenko,erm,True,0.030734551347917315,0.02557571126893581,0.0006541170069119702,0.02125317027629219,0.018195594371989768,0.02952095728355345,-0.11469716971294869,3,0.25,ratio,0.05,0.03285661745146223,0.030734551347917312,0.125,8
macenko,erm,True,0.030734551347917315,0.02557571126893581,0.0006541170069119702,0.02125317027629219,0.018195594371989768,0.02952095728355345,-0.11469716971294869,3,0.25,ratio,0.1,0.03285661745146223,0.030734551347917312,0.125,4
macenko,erm,True,0.030734551347917315,0.02557571126893581,0.0006541170069119702,0.02125317027629219,0.018195594371989768,0.02952095728355345,-0.11469716971294869,3,0.25,ratio,0.2,0.03285661745146223,0.030734551347917312,0.125,3
macenko,erm,True,0.030734551347917315,0.02557571126893581,0.0006541170069119702,0.02125317027629219,0.018195594371989768,0.02952095728355345,-0.11469716971294869,3,0.25,design,0.02,0.03285661745146223,0.030734551347917312,0.125,
macenko,erm,True,0.030734551347917315,0.02557571126893581,0.0006541170069119702,0.02125317027629219,0.018195594371989768,0.02952095728355345,-0.11469716971294869,3,0.25,design,0.05,0.03285661745146223,0.030734551347917312,0.125,19
macenko,erm,True,0.030734551347917315,0.02557571126893581,0.0006541170069119702,0.02125317027629219,0.018195594371989768,0.02952095728355345,-0.11469716971294869,3,0.25,design,0.1,0.03285661745146223,0.030734551347917312,0.125,4
macenko,erm,True,0.030734551347917315,0.02557571126893581,0.0006541170069119702,0.02125317027629219,0.018195594371989768,0.02952095728355345,-0.11469716971294869,3,0.25,design,0.2,0.03285661745146223,0.030734551347917312,0.125,3
macenko,erm,True,0.030734551347917315,0.02557571126893581,0.0006541170069119702,0.02125317027629219,0.018195594371989768,0.02952095728355345,-0.11469716971294869,3,0.5,ratio,0.02,0.035489202988284875,0.030734551347917312,0.25,52
macenko,erm,True,0.030734551347917315,0.02557571126893581,0.0006541170069119702,0.02125317027629219,0.018195594371989768,0.02952095728355345,-0.11469716971294869,3,0.5,ratio,0.05,0.035489202988284875,0.030734551347917312,0.25,10
macenko,erm,True,0.030734551347917315,0.02557571126893581,0.0006541170069119702,0.02125317027629219,0.018195594371989768,0.02952095728355345,-0.11469716971294869,3,0.5,ratio,0.1,0.035489202988284875,0.030734551347917312,0.25,5
macenko,erm,True,0.030734551347917315,0.02557571126893581,0.0006541170069119702,0.02125317027629219,0.018195594371989768,0.02952095728355345,-0.11469716971294869,3,0.5,ratio,0.2,0.035489202988284875,0.030734551347917312,0.25,3
macenko,erm,True,0.030734551347917315,0.02557571126893581,0.0006541170069119702,0.02125317027629219,0.018195594371989768,0.02952095728355345,-0.11469716971294869,3,0.5,design,0.02,0.035489202988284875,0.030734551347917312,0.25,
macenko,erm,True,0.030734551347917315,0.02557571126893581,0.0006541170069119702,0.02125317027629219,0.018195594371989768,0.02952095728355345,-0.11469716971294869,3,0.5,design,0.05,0.035489202988284875,0.030734551347917312,0.25,
macenko,erm,True,0.030734551347917315,0.02557571126893581,0.0006541170069119702,0.02125317027629219,0.018195594371989768,0.02952095728355345,-0.11469716971294869,3,0.5,design,0.1,0.035489202988284875,0.030734551347917312,0.25,4
macenko,erm,True,0.030734551347917315,0.02557571126893581,0.0006541170069119702,0.02125317027629219,0.018195594371989768,0.02952095728355345,-0.11469716971294869,3,0.5,design,0.2,0.035489202988284875,0.030734551347917312,0.25,3
macenko,erm,True,0.030734551347917315,0.02557571126893581,0.0006541170069119702,0.02125317027629219,0.018195594371989768,0.02952095728355345,-0.11469716971294869,5,0.0,none,0.02,0.02878218877534243,0.02878218877534243,0.0,19
macenko,erm,True,0.030734551347917315,0.02557571126893581,0.0006541170069119702,0.02125317027629219,0.018195594371989768,0.02952095728355345,-0.11469716971294869,5,0.0,none,0.05,0.02878218877534243,0.02878218877534243,0.0,5
macenko,erm,True,0.030734551347917315,0.02557571126893581,0.0006541170069119702,0.02125317027629219,0.018195594371989768,0.02952095728355345,-0.11469716971294869,5,0.0,none,0.1,0.02878218877534243,0.02878218877534243,0.0,3
macenko,erm,True,0.030734551347917315,0.02557571126893581,0.0006541170069119702,0.02125317027629219,0.018195594371989768,0.02952095728355345,-0.11469716971294869,5,0.0,none,0.2,0.02878218877534243,0.02878218877534243,0.0,3
macenko,erm,True,0.030734551347917315,0.02557571126893581,0.0006541170069119702,0.02125317027629219,0.018195594371989768,0.02952095728355345,-0.11469716971294869,5,0.25,ratio,0.02,0.030769454068223435,0.02878218877534243,0.125,30
macenko,erm,True,0.030734551347917315,0.02557571126893581,0.0006541170069119702,0.02125317027629219,0.018195594371989768,0.02952095728355345,-0.11469716971294869,5,0.25,ratio,0.05,0.030769454068223435,0.02878218877534243,0.125,7
macenko,erm,True,0.030734551347917315,0.02557571126893581,0.0006541170069119702,0.02125317027629219,0.018195594371989768,0.02952095728355345,-0.11469716971294869,5,0.25,ratio,0.1,0.030769454068223435,0.02878218877534243,0.125,4
macenko,erm,True,0.030734551347917315,0.02557571126893581,0.0006541170069119702,0.02125317027629219,0.018195594371989768,0.02952095728355345,-0.11469716971294869,5,0.25,ratio,0.2,0.030769454068223435,0.02878218877534243,0.125,3
macenko,erm,True,0.030734551347917315,0.02557571126893581,0.0006541170069119702,0.02125317027629219,0.018195594371989768,0.02952095728355345,-0.11469716971294869,5,0.25,design,0.02,0.030769454068223435,0.02878218877534243,0.125,
macenko,erm,True,0.030734551347917315,0.02557571126893581,0.0006541170069119702,0.02125317027629219,0.018195594371989768,0.02952095728355345,-0.11469716971294869,5,0.25,design,0.05,0.030769454068223435,0.02878218877534243,0.125,11
macenko,erm,True,0.030734551347917315,0.02557571126893581,0.0006541170069119702,0.02125317027629219,0.018195594371989768,0.02952095728355345,-0.11469716971294869,5,0.25,design,0.1,0.030769454068223435,0.02878218877534243,0.125,4
macenko,erm,True,0.030734551347917315,0.02557571126893581,0.0006541170069119702,0.02125317027629219,0.018195594371989768,0.02952095728355345,-0.11469716971294869,5,0.25,design,0.2,0.030769454068223435,0.02878218877534243,0.125,3
macenko,erm,True,0.030734551347917315,0.02557571126893581,0.0006541170069119702,0.02125317027629219,0.018195594371989768,0.02952095728355345,-0.11469716971294869,5,0.5,ratio,0.02,0.03323480887462116,0.02878218877534243,0.25,46
macenko,erm,True,0.030734551347917315,0.02557571126893581,0.0006541170069119702,0.02125317027629219,0.018195594371989768,0.02952095728355345,-0.11469716971294869,5,0.5,ratio,0.05,0.03323480887462116,0.02878218877534243,0.25,10
macenko,erm,True,0.030734551347917315,0.02557571126893581,0.0006541170069119702,0.02125317027629219,0.018195594371989768,0.02952095728355345,-0.11469716971294869,5,0.5,ratio,0.1,0.03323480887462116,0.02878218877534243,0.25,5
macenko,erm,True,0.030734551347917315,0.02557571126893581,0.0006541170069119702,0.02125317027629219,0.018195594371989768,0.02952095728355345,-0.11469716971294869,5,0.5,ratio,0.2,0.03323480887462116,0.02878218877534243,0.25,3
macenko,erm,True,0.030734551347917315,0.02557571126893581,0.0006541170069119702,0.02125317027629219,0.018195594371989768,0.02952095728355345,-0.11469716971294869,5,0.5,design,0.02,0.03323480887462116,0.02878218877534243,0.25,
macenko,erm,True,0.030734551347917315,0.02557571126893581,0.0006541170069119702,0.02125317027629219,0.018195594371989768,0.02952095728355345,-0.11469716971294869,5,0.5,design,0.05,0.03323480887462116,0.02878218877534243,0.25,
macenko,erm,True,0.030734551347917315,0.02557571126893581,0.0006541170069119702,0.02125317027629219,0.018195594371989768,0.02952095728355345,-0.11469716971294869,5,0.5,design,0.1,0.03323480887462116,0.02878218877534243,0.25,4
macenko,erm,True,0.030734551347917315,0.02557571126893581,0.0006541170069119702,0.02125317027629219,0.018195594371989768,0.02952095728355345,-0.11469716971294869,5,0.5,design,0.2,0.03323480887462116,0.02878218877534243,0.25,3
macenko,erm,True,0.030734551347917315,0.02557571126893581,0.0006541170069119702,0.02125317027629219,0.018195594371989768,0.02952095728355345,-0.11469716971294869,10,0.0,none,0.02,0.027226195084985874,0.027226195084985874,0.0,17
macenko,erm,True,0.030734551347917315,0.02557571126893581,0.0006541170069119702,0.02125317027629219,0.018195594371989768,0.02952095728355345,-0.11469716971294869,10,0.0,none,0.05,0.027226195084985874,0.027226195084985874,0.0,5
macenko,erm,True,0.030734551347917315,0.02557571126893581,0.0006541170069119702,0.02125317027629219,0.018195594371989768,0.02952095728355345,-0.11469716971294869,10,0.0,none,0.1,0.027226195084985874,0.027226195084985874,0.0,3
macenko,erm,True,0.030734551347917315,0.02557571126893581,0.0006541170069119702,0.02125317027629219,0.018195594371989768,0.02952095728355345,-0.11469716971294869,10,0.0,none,0.2,0.027226195084985874,0.027226195084985874,0.0,3
macenko,erm,True,0.030734551347917315,0.02557571126893581,0.0006541170069119702,0.02125317027629219,0.018195594371989768,0.02952095728355345,-0.11469716971294869,10,0.25,ratio,0.02,0.029106026843853078,0.027226195084985874,0.125,27
macenko,erm,True,0.030734551347917315,0.02557571126893581,0.0006541170069119702,0.02125317027629219,0.018195594371989768,0.02952095728355345,-0.11469716971294869,10,0.25,ratio,0.05,0.029106026843853078,0.027226195084985874,0.125,7
macenko,erm,True,0.030734551347917315,0.02557571126893581,0.0006541170069119702,0.02125317027629219,0.018195594371989768,0.02952095728355345,-0.11469716971294869,10,0.25,ratio,0.1,0.029106026843853078,0.027226195084985874,0.125,4
macenko,erm,True,0.030734551347917315,0.02557571126893581,0.0006541170069119702,0.02125317027629219,0.018195594371989768,0.02952095728355345,-0.11469716971294869,10,0.25,ratio,0.2,0.029106026843853078,0.027226195084985874,0.125,3
macenko,erm,True,0.030734551347917315,0.02557571126893581,0.0006541170069119702,0.02125317027629219,0.018195594371989768,0.02952095728355345,-0.11469716971294869,10,0.25,design,0.02,0.029106026843853078,0.027226195084985874,0.125,
macenko,erm,True,0.030734551347917315,0.02557571126893581,0.0006541170069119702,0.02125317027629219,0.018195594371989768,0.02952095728355345,-0.11469716971294869,10,0.25,design,0.05,0.029106026843853078,0.027226195084985874,0.125,9
macenko,erm,True,0.030734551347917315,0.02557571126893581,0.0006541170069119702,0.02125317027629219,0.018195594371989768,0.02952095728355345,-0.11469716971294869,10,0.25,design,0.1,0.029106026843853078,0.027226195084985874,0.125,3
macenko,erm,True,0.030734551347917315,0.02557571126893581,0.0006541170069119702,0.02125317027629219,0.018195594371989768,0.02952095728355345,-0.11469716971294869,10,0.25,design,0.2,0.029106026843853078,0.027226195084985874,0.125,3
macenko,erm,True,0.030734551347917315,0.02557571126893581,0.0006541170069119702,0.02125317027629219,0.018195594371989768,0.02952095728355345,-0.11469716971294869,10,0.5,ratio,0.02,0.031438102122651725,0.027226195084985874,0.25,41
macenko,erm,True,0.030734551347917315,0.02557571126893581,0.0006541170069119702,0.02125317027629219,0.018195594371989768,0.02952095728355345,-0.11469716971294869,10,0.5,ratio,0.05,0.031438102122651725,0.027226195084985874,0.25,9
macenko,erm,True,0.030734551347917315,0.02557571126893581,0.0006541170069119702,0.02125317027629219,0.018195594371989768,0.02952095728355345,-0.11469716971294869,10,0.5,ratio,0.1,0.031438102122651725,0.027226195084985874,0.25,4
macenko,erm,True,0.030734551347917315,0.02557571126893581,0.0006541170069119702,0.02125317027629219,0.018195594371989768,0.02952095728355345,-0.11469716971294869,10,0.5,ratio,0.2,0.031438102122651725,0.027226195084985874,0.25,3
macenko,erm,True,0.030734551347917315,0.02557571126893581,0.0006541170069119702,0.02125317027629219,0.018195594371989768,0.02952095728355345,-0.11469716971294869,10,0.5,design,0.02,0.031438102122651725,0.027226195084985874,0.25,
macenko,erm,True,0.030734551347917315,0.02557571126893581,0.0006541170069119702,0.02125317027629219,0.018195594371989768,0.02952095728355345,-0.11469716971294869,10,0.5,design,0.05,0.031438102122651725,0.027226195084985874,0.25,
macenko,erm,True,0.030734551347917315,0.02557571126893581,0.0006541170069119702,0.02125317027629219,0.018195594371989768,0.02952095728355345,-0.11469716971294869,10,0.5,design,0.1,0.031438102122651725,0.027226195084985874,0.25,4
macenko,erm,True,0.030734551347917315,0.02557571126893581,0.0006541170069119702,0.02125317027629219,0.018195594371989768,0.02952095728355345,-0.11469716971294869,10,0.5,design,0.2,0.031438102122651725,0.027226195084985874,0.25,3
macenko_tile,erm,True,0.2028645758356653,0.201636473222066,0.04065726733343293,0.03651632242400918,0.018195594371989768,0.038604486613014286,0.13109992628803102,1,0.0,none,0.02,0.2052987426169175,0.2052987426169175,0.0,829
macenko_tile,erm,True,0.2028645758356653,0.201636473222066,0.04065726733343293,0.03651632242400918,0.018195594371989768,0.038604486613014286,0.13109992628803102,1,0.0,none,0.05,0.2052987426169175,0.2052987426169175,0.0,135
macenko_tile,erm,True,0.2028645758356653,0.201636473222066,0.04065726733343293,0.03651632242400918,0.018195594371989768,0.038604486613014286,0.13109992628803102,1,0.0,none,0.1,0.2052987426169175,0.2052987426169175,0.0,36
macenko_tile,erm,True,0.2028645758356653,0.201636473222066,0.04065726733343293,0.03651632242400918,0.018195594371989768,0.038604486613014286,0.13109992628803102,1,0.0,none,0.2,0.2052987426169175,0.2052987426169175,0.0,11
macenko_tile,erm,True,0.2028645758356653,0.201636473222066,0.04065726733343293,0.03651632242400918,0.018195594371989768,0.038604486613014286,0.13109992628803102,1,0.25,ratio,0.02,0.21947358765942615,0.2052987426169175,0.125,
macenko_tile,erm,True,0.2028645758356653,0.201636473222066,0.04065726733343293,0.03651632242400918,0.018195594371989768,0.038604486613014286,0.13109992628803102,1,0.25,ratio,0.05,0.21947358765942615,0.2052987426169175,0.125,229
macenko_tile,erm,True,0.2028645758356653,0.201636473222066,0.04065726733343293,0.03651632242400918,0.018195594371989768,0.038604486613014286,0.13109992628803102,1,0.25,ratio,0.1,0.21947358765942615,0.2052987426169175,0.125,59
macenko_tile,erm,True,0.2028645758356653,0.201636473222066,0.04065726733343293,0.03651632242400918,0.018195594371989768,0.038604486613014286,0.13109992628803102,1,0.25,ratio,0.2,0.21947358765942615,0.2052987426169175,0.125,17
macenko_tile,erm,True,0.2028645758356653,0.201636473222066,0.04065726733343293,0.03651632242400918,0.018195594371989768,0.038604486613014286,0.13109992628803102,1,0.25,design,0.02,0.21947358765942615,0.2052987426169175,0.125,
macenko_tile,erm,True,0.2028645758356653,0.201636473222066,0.04065726733343293,0.03651632242400918,0.018195594371989768,0.038604486613014286,0.13109992628803102,1,0.25,design,0.05,0.21947358765942615,0.2052987426169175,0.125,
macenko_tile,erm,True,0.2028645758356653,0.201636473222066,0.04065726733343293,0.03651632242400918,0.018195594371989768,0.038604486613014286,0.13109992628803102,1,0.25,design,0.1,0.21947358765942615,0.2052987426169175,0.125,
macenko_tile,erm,True,0.2028645758356653,0.201636473222066,0.04065726733343293,0.03651632242400918,0.018195594371989768,0.038604486613014286,0.13109992628803102,1,0.25,design,0.2,0.21947358765942615,0.2052987426169175,0.125,
macenko_tile,erm,True,0.2028645758356653,0.201636473222066,0.04065726733343293,0.03651632242400918,0.018195594371989768,0.038604486613014286,0.13109992628803102,1,0.5,ratio,0.02,0.23705856862833805,0.2052987426169175,0.25,
macenko_tile,erm,True,0.2028645758356653,0.201636473222066,0.04065726733343293,0.03651632242400918,0.018195594371989768,0.038604486613014286,0.13109992628803102,1,0.5,ratio,0.05,0.23705856862833805,0.2052987426169175,0.25,355
macenko_tile,erm,True,0.2028645758356653,0.201636473222066,0.04065726733343293,0.03651632242400918,0.018195594371989768,0.038604486613014286,0.13109992628803102,1,0.5,ratio,0.1,0.23705856862833805,0.2052987426169175,0.25,91
macenko_tile,erm,True,0.2028645758356653,0.201636473222066,0.04065726733343293,0.03651632242400918,0.018195594371989768,0.038604486613014286,0.13109992628803102,1,0.5,ratio,0.2,0.23705856862833805,0.2052987426169175,0.25,25
macenko_tile,erm,True,0.2028645758356653,0.201636473222066,0.04065726733343293,0.03651632242400918,0.018195594371989768,0.038604486613014286,0.13109992628803102,1,0.5,design,0.02,0.23705856862833805,0.2052987426169175,0.25,
macenko_tile,erm,True,0.2028645758356653,0.201636473222066,0.04065726733343293,0.03651632242400918,0.018195594371989768,0.038604486613014286,0.13109992628803102,1,0.5,design,0.05,0.23705856862833805,0.2052987426169175,0.25,
macenko_tile,erm,True,0.2028645758356653,0.201636473222066,0.04065726733343293,0.03651632242400918,0.018195594371989768,0.038604486613014286,0.13109992628803102,1,0.5,design,0.1,0.23705856862833805,0.2052987426169175,0.25,
macenko_tile,erm,True,0.2028645758356653,0.201636473222066,0.04065726733343293,0.03651632242400918,0.018195594371989768,0.038604486613014286,0.13109992628803102,1,0.5,design,0.2,0.23705856862833805,0.2052987426169175,0.25,
macenko_tile,erm,True,0.2028645758356653,0.201636473222066,0.04065726733343293,0.03651632242400918,0.018195594371989768,0.038604486613014286,0.13109992628803102,3,0.0,none,0.02,0.2028645758356653,0.2028645758356653,0.0,810
macenko_tile,erm,True,0.2028645758356653,0.201636473222066,0.04065726733343293,0.03651632242400918,0.018195594371989768,0.038604486613014286,0.13109992628803102,3,0.0,none,0.05,0.2028645758356653,0.2028645758356653,0.0,132
macenko_tile,erm,True,0.2028645758356653,0.201636473222066,0.04065726733343293,0.03651632242400918,0.018195594371989768,0.038604486613014286,0.13109992628803102,3,0.0,none,0.1,0.2028645758356653,0.2028645758356653,0.0,35
macenko_tile,erm,True,0.2028645758356653,0.201636473222066,0.04065726733343293,0.03651632242400918,0.018195594371989768,0.038604486613014286,0.13109992628803102,3,0.0,none,0.2,0.2028645758356653,0.2028645758356653,0.0,11
macenko_tile,erm,True,0.2028645758356653,0.201636473222066,0.04065726733343293,0.03651632242400918,0.018195594371989768,0.038604486613014286,0.13109992628803102,3,0.25,ratio,0.02,0.21687135391150844,0.2028645758356653,0.125,
macenko_tile,erm,True,0.2028645758356653,0.201636473222066,0.04065726733343293,0.03651632242400918,0.018195594371989768,0.038604486613014286,0.13109992628803102,3,0.25,ratio,0.05,0.21687135391150844,0.2028645758356653,0.125,224
macenko_tile,erm,True,0.2028645758356653,0.201636473222066,0.04065726733343293,0.03651632242400918,0.018195594371989768,0.038604486613014286,0.13109992628803102,3,0.25,ratio,0.1,0.21687135391150844,0.2028645758356653,0.125,58
macenko_tile,erm,True,0.2028645758356653,0.201636473222066,0.04065726733343293,0.03651632242400918,0.018195594371989768,0.038604486613014286,0.13109992628803102,3,0.25,ratio,0.2,0.21687135391150844,0.2028645758356653,0.125,16
macenko_tile,erm,True,0.2028645758356653,0.201636473222066,0.04065726733343293,0.03651632242400918,0.018195594371989768,0.038604486613014286,0.13109992628803102,3,0.25,design,0.02,0.21687135391150844,0.2028645758356653,0.125,
macenko_tile,erm,True,0.2028645758356653,0.201636473222066,0.04065726733343293,0.03651632242400918,0.018195594371989768,0.038604486613014286,0.13109992628803102,3,0.25,design,0.05,0.21687135391150844,0.2028645758356653,0.125,
macenko_tile,erm,True,0.2028645758356653,0.201636473222066,0.04065726733343293,0.03651632242400918,0.018195594371989768,0.038604486613014286,0.13109992628803102,3,0.25,design,0.1,0.21687135391150844,0.2028645758356653,0.125,
macenko_tile,erm,True,0.2028645758356653,0.201636473222066,0.04065726733343293,0.03651632242400918,0.018195594371989768,0.038604486613014286,0.13109992628803102,3,0.25,design,0.2,0.21687135391150844,0.2028645758356653,0.125,
macenko_tile,erm,True,0.2028645758356653,0.201636473222066,0.04065726733343293,0.03651632242400918,0.018195594371989768,0.038604486613014286,0.13109992628803102,3,0.5,ratio,0.02,0.23424783493552123,0.2028645758356653,0.25,
macenko_tile,erm,True,0.2028645758356653,0.201636473222066,0.04065726733343293,0.03651632242400918,0.018195594371989768,0.038604486613014286,0.13109992628803102,3,0.5,ratio,0.05,0.23424783493552123,0.2028645758356653,0.25,347
macenko_tile,erm,True,0.2028645758356653,0.201636473222066,0.04065726733343293,0.03651632242400918,0.018195594371989768,0.038604486613014286,0.13109992628803102,3,0.5,ratio,0.1,0.23424783493552123,0.2028645758356653,0.25,89
macenko_tile,erm,True,0.2028645758356653,0.201636473222066,0.04065726733343293,0.03651632242400918,0.018195594371989768,0.038604486613014286,0.13109992628803102,3,0.5,ratio,0.2,0.23424783493552123,0.2028645758356653,0.25,24
macenko_tile,erm,True,0.2028645758356653,0.201636473222066,0.04065726733343293,0.03651632242400918,0.018195594371989768,0.038604486613014286,0.13109992628803102,3,0.5,design,0.02,0.23424783493552123,0.2028645758356653,0.25,
macenko_tile,erm,True,0.2028645758356653,0.201636473222066,0.04065726733343293,0.03651632242400918,0.018195594371989768,0.038604486613014286,0.13109992628803102,3,0.5,design,0.05,0.23424783493552123,0.2028645758356653,0.25,
macenko_tile,erm,True,0.2028645758356653,0.201636473222066,0.04065726733343293,0.03651632242400918,0.018195594371989768,0.038604486613014286,0.13109992628803102,3,0.5,design,0.1,0.23424783493552123,0.2028645758356653,0.25,
macenko_tile,erm,True,0.2028645758356653,0.201636473222066,0.04065726733343293,0.03651632242400918,0.018195594371989768,0.038604486613014286,0.13109992628803102,3,0.5,design,0.2,0.23424783493552123,0.2028645758356653,0.25,
macenko_tile,erm,True,0.2028645758356653,0.201636473222066,0.04065726733343293,0.03651632242400918,0.018195594371989768,0.038604486613014286,0.13109992628803102,5,0.0,none,0.02,0.20237422911715763,0.20237422911715763,0.0,806
macenko_tile,erm,True,0.2028645758356653,0.201636473222066,0.04065726733343293,0.03651632242400918,0.018195594371989768,0.038604486613014286,0.13109992628803102,5,0.0,none,0.05,0.20237422911715763,0.20237422911715763,0.0,131
macenko_tile,erm,True,0.2028645758356653,0.201636473222066,0.04065726733343293,0.03651632242400918,0.018195594371989768,0.038604486613014286,0.13109992628803102,5,0.0,none,0.1,0.20237422911715763,0.20237422911715763,0.0,35
macenko_tile,erm,True,0.2028645758356653,0.201636473222066,0.04065726733343293,0.03651632242400918,0.018195594371989768,0.038604486613014286,0.13109992628803102,5,0.0,none,0.2,0.20237422911715763,0.20237422911715763,0.0,11
macenko_tile,erm,True,0.2028645758356653,0.201636473222066,0.04065726733343293,0.03651632242400918,0.018195594371989768,0.038604486613014286,0.13109992628803102,5,0.25,ratio,0.02,0.21634715121968426,0.20237422911715763,0.125,
macenko_tile,erm,True,0.2028645758356653,0.201636473222066,0.04065726733343293,0.03651632242400918,0.018195594371989768,0.038604486613014286,0.13109992628803102,5,0.25,ratio,0.05,0.21634715121968426,0.20237422911715763,0.125,223
macenko_tile,erm,True,0.2028645758356653,0.201636473222066,0.04065726733343293,0.03651632242400918,0.018195594371989768,0.038604486613014286,0.13109992628803102,5,0.25,ratio,0.1,0.21634715121968426,0.20237422911715763,0.125,58
macenko_tile,erm,True,0.2028645758356653,0.201636473222066,0.04065726733343293,0.03651632242400918,0.018195594371989768,0.038604486613014286,0.13109992628803102,5,0.25,ratio,0.2,0.21634715121968426,0.20237422911715763,0.125,16
macenko_tile,erm,True,0.2028645758356653,0.201636473222066,0.04065726733343293,0.03651632242400918,0.018195594371989768,0.038604486613014286,0.13109992628803102,5,0.25,design,0.02,0.21634715121968426,0.20237422911715763,0.125,
macenko_tile,erm,True,0.2028645758356653,0.201636473222066,0.04065726733343293,0.03651632242400918,0.018195594371989768,0.038604486613014286,0.13109992628803102,5,0.25,design,0.05,0.21634715121968426,0.20237422911715763,0.125,
macenko_tile,erm,True,0.2028645758356653,0.201636473222066,0.04065726733343293,0.03651632242400918,0.018195594371989768,0.038604486613014286,0.13109992628803102,5,0.25,design,0.1,0.21634715121968426,0.20237422911715763,0.125,
macenko_tile,erm,True,0.2028645758356653,0.201636473222066,0.04065726733343293,0.03651632242400918,0.018195594371989768,0.038604486613014286,0.13109992628803102,5,0.25,design,0.2,0.21634715121968426,0.20237422911715763,0.125,
macenko_tile,erm,True,0.2028645758356653,0.201636473222066,0.04065726733343293,0.03651632242400918,0.018195594371989768,0.038604486613014286,0.13109992628803102,5,0.5,ratio,0.02,0.23368163131566794,0.20237422911715763,0.25,
macenko_tile,erm,True,0.2028645758356653,0.201636473222066,0.04065726733343293,0.03651632242400918,0.018195594371989768,0.038604486613014286,0.13109992628803102,5,0.5,ratio,0.05,0.23368163131566794,0.20237422911715763,0.25,345
macenko_tile,erm,True,0.2028645758356653,0.201636473222066,0.04065726733343293,0.03651632242400918,0.018195594371989768,0.038604486613014286,0.13109992628803102,5,0.5,ratio,0.1,0.23368163131566794,0.20237422911715763,0.25,88
macenko_tile,erm,True,0.2028645758356653,0.201636473222066,0.04065726733343293,0.03651632242400918,0.018195594371989768,0.038604486613014286,0.13109992628803102,5,0.5,ratio,0.2,0.23368163131566794,0.20237422911715763,0.25,24
macenko_tile,erm,True,0.2028645758356653,0.201636473222066,0.04065726733343293,0.03651632242400918,0.018195594371989768,0.038604486613014286,0.13109992628803102,5,0.5,design,0.02,0.23368163131566794,0.20237422911715763,0.25,
macenko_tile,erm,True,0.2028645758356653,0.201636473222066,0.04065726733343293,0.03651632242400918,0.018195594371989768,0.038604486613014286,0.13109992628803102,5,0.5,design,0.05,0.23368163131566794,0.20237422911715763,0.25,
macenko_tile,erm,True,0.2028645758356653,0.201636473222066,0.04065726733343293,0.03651632242400918,0.018195594371989768,0.038604486613014286,0.13109992628803102,5,0.5,design,0.1,0.23368163131566794,0.20237422911715763,0.25,
macenko_tile,erm,True,0.2028645758356653,0.201636473222066,0.04065726733343293,0.03651632242400918,0.018195594371989768,0.038604486613014286,0.13109992628803102,5,0.5,design,0.2,0.23368163131566794,0.20237422911715763,0.25,
macenko_tile,erm,True,0.2028645758356653,0.201636473222066,0.04065726733343293,0.03651632242400918,0.018195594371989768,0.038604486613014286,0.13109992628803102,10,0.0,none,0.02,0.20200568796966675,0.20200568796966675,0.0,803
macenko_tile,erm,True,0.2028645758356653,0.201636473222066,0.04065726733343293,0.03651632242400918,0.018195594371989768,0.038604486613014286,0.13109992628803102,10,0.0,none,0.05,0.20200568796966675,0.20200568796966675,0.0,131
macenko_tile,erm,True,0.2028645758356653,0.201636473222066,0.04065726733343293,0.03651632242400918,0.018195594371989768,0.038604486613014286,0.13109992628803102,10,0.0,none,0.1,0.20200568796966675,0.20200568796966675,0.0,34
macenko_tile,erm,True,0.2028645758356653,0.201636473222066,0.04065726733343293,0.03651632242400918,0.018195594371989768,0.038604486613014286,0.13109992628803102,10,0.0,none,0.2,0.20200568796966675,0.20200568796966675,0.0,11
macenko_tile,erm,True,0.2028645758356653,0.201636473222066,0.04065726733343293,0.03651632242400918,0.018195594371989768,0.038604486613014286,0.13109992628803102,10,0.25,ratio,0.02,0.2159531641605873,0.20200568796966675,0.125,
macenko_tile,erm,True,0.2028645758356653,0.201636473222066,0.04065726733343293,0.03651632242400918,0.018195594371989768,0.038604486613014286,0.13109992628803102,10,0.25,ratio,0.05,0.2159531641605873,0.20200568796966675,0.125,222
macenko_tile,erm,True,0.2028645758356653,0.201636473222066,0.04065726733343293,0.03651632242400918,0.018195594371989768,0.038604486613014286,0.13109992628803102,10,0.25,ratio,0.1,0.2159531641605873,0.20200568796966675,0.125,57
macenko_tile,erm,True,0.2028645758356653,0.201636473222066,0.04065726733343293,0.03651632242400918,0.018195594371989768,0.038604486613014286,0.13109992628803102,10,0.25,ratio,0.2,0.2159531641605873,0.20200568796966675,0.125,16
macenko_tile,erm,True,0.2028645758356653,0.201636473222066,0.04065726733343293,0.03651632242400918,0.018195594371989768,0.038604486613014286,0.13109992628803102,10,0.25,design,0.02,0.2159531641605873,0.20200568796966675,0.125,
macenko_tile,erm,True,0.2028645758356653,0.201636473222066,0.04065726733343293,0.03651632242400918,0.018195594371989768,0.038604486613014286,0.13109992628803102,10,0.25,design,0.05,0.2159531641605873,0.20200568796966675,0.125,
macenko_tile,erm,True,0.2028645758356653,0.201636473222066,0.04065726733343293,0.03651632242400918,0.018195594371989768,0.038604486613014286,0.13109992628803102,10,0.25,design,0.1,0.2159531641605873,0.20200568796966675,0.125,
macenko_tile,erm,True,0.2028645758356653,0.201636473222066,0.04065726733343293,0.03651632242400918,0.018195594371989768,0.038604486613014286,0.13109992628803102,10,0.25,design,0.2,0.2159531641605873,0.20200568796966675,0.125,
macenko_tile,erm,True,0.2028645758356653,0.201636473222066,0.04065726733343293,0.03651632242400918,0.018195594371989768,0.038604486613014286,0.13109992628803102,10,0.5,ratio,0.02,0.2332560766542453,0.20200568796966675,0.25,
macenko_tile,erm,True,0.2028645758356653,0.201636473222066,0.04065726733343293,0.03651632242400918,0.018195594371989768,0.038604486613014286,0.13109992628803102,10,0.5,ratio,0.05,0.2332560766542453,0.20200568796966675,0.25,344
macenko_tile,erm,True,0.2028645758356653,0.201636473222066,0.04065726733343293,0.03651632242400918,0.018195594371989768,0.038604486613014286,0.13109992628803102,10,0.5,ratio,0.1,0.2332560766542453,0.20200568796966675,0.25,88
macenko_tile,erm,True,0.2028645758356653,0.201636473222066,0.04065726733343293,0.03651632242400918,0.018195594371989768,0.038604486613014286,0.13109992628803102,10,0.5,ratio,0.2,0.2332560766542453,0.20200568796966675,0.25,24
macenko_tile,erm,True,0.2028645758356653,0.201636473222066,0.04065726733343293,0.03651632242400918,0.018195594371989768,0.038604486613014286,0.13109992628803102,10,0.5,design,0.02,0.2332560766542453,0.20200568796966675,0.25,
macenko_tile,erm,True,0.2028645758356653,0.201636473222066,0.04065726733343293,0.03651632242400918,0.018195594371989768,0.038604486613014286,0.13109992628803102,10,0.5,design,0.05,0.2332560766542453,0.20200568796966675,0.25,
macenko_tile,erm,True,0.2028645758356653,0.201636473222066,0.04065726733343293,0.03651632242400918,0.018195594371989768,0.038604486613014286,0.13109992628803102,10,0.5,design,0.1,0.2332560766542453,0.20200568796966675,0.25,
macenko_tile,erm,True,0.2028645758356653,0.201636473222066,0.04065726733343293,0.03651632242400918,0.018195594371989768,0.038604486613014286,0.13109992628803102,10,0.5,design,0.2,0.2332560766542453,0.20200568796966675,0.25,
mixstyle,erm,True,0.04402557065807052,0.0,-0.0004887932797247661,0.07997645378336772,0.018195594371989768,0.08532955205836124,-0.19028737166329415,1,0.0,none,0.02,0.08532955205836124,0.08532955205836124,0.0,145
mixstyle,erm,True,0.04402557065807052,0.0,-0.0004887932797247661,0.07997645378336772,0.018195594371989768,0.08532955205836124,-0.19028737166329415,1,0.0,none,0.05,0.08532955205836124,0.08532955205836124,0.0,25
mixstyle,erm,True,0.04402557065807052,0.0,-0.0004887932797247661,0.07997645378336772,0.018195594371989768,0.08532955205836124,-0.19028737166329415,1,0.0,none,0.1,0.08532955205836124,0.08532955205836124,0.0,8
mixstyle,erm,True,0.04402557065807052,0.0,-0.0004887932797247661,0.07997645378336772,0.018195594371989768,0.08532955205836124,-0.19028737166329415,1,0.0,none,0.2,0.08532955205836124,0.08532955205836124,0.0,4
mixstyle,erm,True,0.04402557065807052,0.0,-0.0004887932797247661,0.07997645378336772,0.018195594371989768,0.08532955205836124,-0.19028737166329415,1,0.25,ratio,0.02,0.09122112821979397,0.08532955205836124,0.125,247
mixstyle,erm,True,0.04402557065807052,0.0,-0.0004887932797247661,0.07997645378336772,0.018195594371989768,0.08532955205836124,-0.19028737166329415,1,0.25,ratio,0.05,0.09122112821979397,0.08532955205836124,0.125,42
mixstyle,erm,True,0.04402557065807052,0.0,-0.0004887932797247661,0.07997645378336772,0.018195594371989768,0.08532955205836124,-0.19028737166329415,1,0.25,ratio,0.1,0.09122112821979397,0.08532955205836124,0.125,12
mixstyle,erm,True,0.04402557065807052,0.0,-0.0004887932797247661,0.07997645378336772,0.018195594371989768,0.08532955205836124,-0.19028737166329415,1,0.25,ratio,0.2,0.09122112821979397,0.08532955205836124,0.125,5
mixstyle,erm,True,0.04402557065807052,0.0,-0.0004887932797247661,0.07997645378336772,0.018195594371989768,0.08532955205836124,-0.19028737166329415,1,0.25,design,0.02,0.09122112821979397,0.08532955205836124,0.125,
mixstyle,erm,True,0.04402557065807052,0.0,-0.0004887932797247661,0.07997645378336772,0.018195594371989768,0.08532955205836124,-0.19028737166329415,1,0.25,design,0.05,0.09122112821979397,0.08532955205836124,0.125,
mixstyle,erm,True,0.04402557065807052,0.0,-0.0004887932797247661,0.07997645378336772,0.018195594371989768,0.08532955205836124,-0.19028737166329415,1,0.25,design,0.1,0.09122112821979397,0.08532955205836124,0.125,
mixstyle,erm,True,0.04402557065807052,0.0,-0.0004887932797247661,0.07997645378336772,0.018195594371989768,0.08532955205836124,-0.19028737166329415,1,0.25,design,0.2,0.09122112821979397,0.08532955205836124,0.125,5
mixstyle,erm,True,0.04402557065807052,0.0,-0.0004887932797247661,0.07997645378336772,0.018195594371989768,0.08532955205836124,-0.19028737166329415,1,0.5,ratio,0.02,0.0985300797014501,0.08532955205836124,0.25,383
mixstyle,erm,True,0.04402557065807052,0.0,-0.0004887932797247661,0.07997645378336772,0.018195594371989768,0.08532955205836124,-0.19028737166329415,1,0.5,ratio,0.05,0.0985300797014501,0.08532955205836124,0.25,63
mixstyle,erm,True,0.04402557065807052,0.0,-0.0004887932797247661,0.07997645378336772,0.018195594371989768,0.08532955205836124,-0.19028737166329415,1,0.5,ratio,0.1,0.0985300797014501,0.08532955205836124,0.25,18
mixstyle,erm,True,0.04402557065807052,0.0,-0.0004887932797247661,0.07997645378336772,0.018195594371989768,0.08532955205836124,-0.19028737166329415,1,0.5,ratio,0.2,0.0985300797014501,0.08532955205836124,0.25,6
mixstyle,erm,True,0.04402557065807052,0.0,-0.0004887932797247661,0.07997645378336772,0.018195594371989768,0.08532955205836124,-0.19028737166329415,1,0.5,design,0.02,0.0985300797014501,0.08532955205836124,0.25,
mixstyle,erm,True,0.04402557065807052,0.0,-0.0004887932797247661,0.07997645378336772,0.018195594371989768,0.08532955205836124,-0.19028737166329415,1,0.5,design,0.05,0.0985300797014501,0.08532955205836124,0.25,
mixstyle,erm,True,0.04402557065807052,0.0,-0.0004887932797247661,0.07997645378336772,0.018195594371989768,0.08532955205836124,-0.19028737166329415,1,0.5,design,0.1,0.0985300797014501,0.08532955205836124,0.25,
mixstyle,erm,True,0.04402557065807052,0.0,-0.0004887932797247661,0.07997645378336772,0.018195594371989768,0.08532955205836124,-0.19028737166329415,1,0.5,design,0.2,0.0985300797014501,0.08532955205836124,0.25,22
mixstyle,erm,True,0.04402557065807052,0.0,-0.0004887932797247661,0.07997645378336772,0.018195594371989768,0.08532955205836124,-0.19028737166329415,3,0.0,none,0.02,0.04926503985072504,0.04926503985072504,0.0,50
mixstyle,erm,True,0.04402557065807052,0.0,-0.0004887932797247661,0.07997645378336772,0.018195594371989768,0.08532955205836124,-0.19028737166329415,3,0.0,none,0.05,0.04926503985072504,0.04926503985072504,0.0,10
mixstyle,erm,True,0.04402557065807052,0.0,-0.0004887932797247661,0.07997645378336772,0.018195594371989768,0.08532955205836124,-0.19028737166329415,3,0.0,none,0.1,0.04926503985072504,0.04926503985072504,0.0,5
mixstyle,erm,True,0.04402557065807052,0.0,-0.0004887932797247661,0.07997645378336772,0.018195594371989768,0.08532955205836124,-0.19028737166329415,3,0.0,none,0.2,0.04926503985072504,0.04926503985072504,0.0,3
mixstyle,erm,True,0.04402557065807052,0.0,-0.0004887932797247661,0.07997645378336772,0.018195594371989768,0.08532955205836124,-0.19028737166329415,3,0.25,ratio,0.02,0.052666542933479416,0.04926503985072504,0.125,84
mixstyle,erm,True,0.04402557065807052,0.0,-0.0004887932797247661,0.07997645378336772,0.018195594371989768,0.08532955205836124,-0.19028737166329415,3,0.25,ratio,0.05,0.052666542933479416,0.04926503985072504,0.125,16
mixstyle,erm,True,0.04402557065807052,0.0,-0.0004887932797247661,0.07997645378336772,0.018195594371989768,0.08532955205836124,-0.19028737166329415,3,0.25,ratio,0.1,0.052666542933479416,0.04926503985072504,0.125,6
mixstyle,erm,True,0.04402557065807052,0.0,-0.0004887932797247661,0.07997645378336772,0.018195594371989768,0.08532955205836124,-0.19028737166329415,3,0.25,ratio,0.2,0.052666542933479416,0.04926503985072504,0.125,4
mixstyle,erm,True,0.04402557065807052,0.0,-0.0004887932797247661,0.07997645378336772,0.018195594371989768,0.08532955205836124,-0.19028737166329415,3,0.25,design,0.02,0.052666542933479416,0.04926503985072504,0.125,
mixstyle,erm,True,0.04402557065807052,0.0,-0.0004887932797247661,0.07997645378336772,0.018195594371989768,0.08532955205836124,-0.19028737166329415,3,0.25,design,0.05,0.052666542933479416,0.04926503985072504,0.125,
mixstyle,erm,True,0.04402557065807052,0.0,-0.0004887932797247661,0.07997645378336772,0.018195594371989768,0.08532955205836124,-0.19028737166329415,3,0.25,design,0.1,0.052666542933479416,0.04926503985072504,0.125,6
mixstyle,erm,True,0.04402557065807052,0.0,-0.0004887932797247661,0.07997645378336772,0.018195594371989768,0.08532955205836124,-0.19028737166329415,3,0.25,design,0.2,0.052666542933479416,0.04926503985072504,0.125,3
mixstyle,erm,True,0.04402557065807052,0.0,-0.0004887932797247661,0.07997645378336772,0.018195594371989768,0.08532955205836124,-0.19028737166329415,3,0.5,ratio,0.02,0.05688636803890749,0.04926503985072504,0.25,129
mixstyle,erm,True,0.04402557065807052,0.0,-0.0004887932797247661,0.07997645378336772,0.018195594371989768,0.08532955205836124,-0.19028737166329415,3,0.5,ratio,0.05,0.05688636803890749,0.04926503985072504,0.25,23
mixstyle,erm,True,0.04402557065807052,0.0,-0.0004887932797247661,0.07997645378336772,0.018195594371989768,0.08532955205836124,-0.19028737166329415,3,0.5,ratio,0.1,0.05688636803890749,0.04926503985072504,0.25,8
mixstyle,erm,True,0.04402557065807052,0.0,-0.0004887932797247661,0.07997645378336772,0.018195594371989768,0.08532955205836124,-0.19028737166329415,3,0.5,ratio,0.2,0.05688636803890749,0.04926503985072504,0.25,4
mixstyle,erm,True,0.04402557065807052,0.0,-0.0004887932797247661,0.07997645378336772,0.018195594371989768,0.08532955205836124,-0.19028737166329415,3,0.5,design,0.02,0.05688636803890749,0.04926503985072504,0.25,
mixstyle,erm,True,0.04402557065807052,0.0,-0.0004887932797247661,0.07997645378336772,0.018195594371989768,0.08532955205836124,-0.19028737166329415,3,0.5,design,0.05,0.05688636803890749,0.04926503985072504,0.25,
mixstyle,erm,True,0.04402557065807052,0.0,-0.0004887932797247661,0.07997645378336772,0.018195594371989768,0.08532955205836124,-0.19028737166329415,3,0.5,design,0.1,0.05688636803890749,0.04926503985072504,0.25,
mixstyle,erm,True,0.04402557065807052,0.0,-0.0004887932797247661,0.07997645378336772,0.018195594371989768,0.08532955205836124,-0.19028737166329415,3,0.5,design,0.2,0.05688636803890749,0.04926503985072504,0.25,3
mixstyle,erm,True,0.04402557065807052,0.0,-0.0004887932797247661,0.07997645378336772,0.018195594371989768,0.08532955205836124,-0.19028737166329415,5,0.0,none,0.02,0.03816053577842056,0.03816053577842056,0.0,31
mixstyle,erm,True,0.04402557065807052,0.0,-0.0004887932797247661,0.07997645378336772,0.018195594371989768,0.08532955205836124,-0.19028737166329415,5,0.0,none,0.05,0.03816053577842056,0.03816053577842056,0.0,7
mixstyle,erm,True,0.04402557065807052,0.0,-0.0004887932797247661,0.07997645378336772,0.018195594371989768,0.08532955205836124,-0.19028737166329415,5,0.0,none,0.1,0.03816053577842056,0.03816053577842056,0.0,4
mixstyle,erm,True,0.04402557065807052,0.0,-0.0004887932797247661,0.07997645378336772,0.018195594371989768,0.08532955205836124,-0.19028737166329415,5,0.0,none,0.2,0.03816053577842056,0.03816053577842056,0.0,3
mixstyle,erm,True,0.04402557065807052,0.0,-0.0004887932797247661,0.07997645378336772,0.018195594371989768,0.08532955205836124,-0.19028737166329415,5,0.25,ratio,0.02,0.04079532873673673,0.03816053577842056,0.125,51
mixstyle,erm,True,0.04402557065807052,0.0,-0.0004887932797247661,0.07997645378336772,0.018195594371989768,0.08532955205836124,-0.19028737166329415,5,0.25,ratio,0.05,0.04079532873673673,0.03816053577842056,0.125,10
mixstyle,erm,True,0.04402557065807052,0.0,-0.0004887932797247661,0.07997645378336772,0.018195594371989768,0.08532955205836124,-0.19028737166329415,5,0.25,ratio,0.1,0.04079532873673673,0.03816053577842056,0.125,5
mixstyle,erm,True,0.04402557065807052,0.0,-0.0004887932797247661,0.07997645378336772,0.018195594371989768,0.08532955205836124,-0.19028737166329415,5,0.25,ratio,0.2,0.04079532873673673,0.03816053577842056,0.125,3
mixstyle,erm,True,0.04402557065807052,0.0,-0.0004887932797247661,0.07997645378336772,0.018195594371989768,0.08532955205836124,-0.19028737166329415,5,0.25,design,0.02,0.04079532873673673,0.03816053577842056,0.125,
mixstyle,erm,True,0.04402557065807052,0.0,-0.0004887932797247661,0.07997645378336772,0.018195594371989768,0.08532955205836124,-0.19028737166329415,5,0.25,design,0.05,0.04079532873673673,0.03816053577842056,0.125,
mixstyle,erm,True,0.04402557065807052,0.0,-0.0004887932797247661,0.07997645378336772,0.018195594371989768,0.08532955205836124,-0.19028737166329415,5,0.25,design,0.1,0.04079532873673673,0.03816053577842056,0.125,4
mixstyle,erm,True,0.04402557065807052,0.0,-0.0004887932797247661,0.07997645378336772,0.018195594371989768,0.08532955205836124,-0.19028737166329415,5,0.25,design,0.2,0.04079532873673673,0.03816053577842056,0.125,3
mixstyle,erm,True,0.04402557065807052,0.0,-0.0004887932797247661,0.07997645378336772,0.018195594371989768,0.08532955205836124,-0.19028737166329415,5,0.5,ratio,0.02,0.04406399120818291,0.03816053577842056,0.25,79
mixstyle,erm,True,0.04402557065807052,0.0,-0.0004887932797247661,0.07997645378336772,0.018195594371989768,0.08532955205836124,-0.19028737166329415,5,0.5,ratio,0.05,0.04406399120818291,0.03816053577842056,0.25,15
mixstyle,erm,True,0.04402557065807052,0.0,-0.0004887932797247661,0.07997645378336772,0.018195594371989768,0.08532955205836124,-0.19028737166329415,5,0.5,ratio,0.1,0.04406399120818291,0.03816053577842056,0.25,6
mixstyle,erm,True,0.04402557065807052,0.0,-0.0004887932797247661,0.07997645378336772,0.018195594371989768,0.08532955205836124,-0.19028737166329415,5,0.5,ratio,0.2,0.04406399120818291,0.03816053577842056,0.25,4
mixstyle,erm,True,0.04402557065807052,0.0,-0.0004887932797247661,0.07997645378336772,0.018195594371989768,0.08532955205836124,-0.19028737166329415,5,0.5,design,0.02,0.04406399120818291,0.03816053577842056,0.25,
mixstyle,erm,True,0.04402557065807052,0.0,-0.0004887932797247661,0.07997645378336772,0.018195594371989768,0.08532955205836124,-0.19028737166329415,5,0.5,design,0.05,0.04406399120818291,0.03816053577842056,0.25,
mixstyle,erm,True,0.04402557065807052,0.0,-0.0004887932797247661,0.07997645378336772,0.018195594371989768,0.08532955205836124,-0.19028737166329415,5,0.5,design,0.1,0.04406399120818291,0.03816053577842056,0.25,6
mixstyle,erm,True,0.04402557065807052,0.0,-0.0004887932797247661,0.07997645378336772,0.018195594371989768,0.08532955205836124,-0.19028737166329415,5,0.5,design,0.2,0.04406399120818291,0.03816053577842056,0.25,3
mixstyle,erm,True,0.04402557065807052,0.0,-0.0004887932797247661,0.07997645378336772,0.018195594371989768,0.08532955205836124,-0.19028737166329415,10,0.0,none,0.02,0.026983573622633046,0.026983573622633046,0.0,17
mixstyle,erm,True,0.04402557065807052,0.0,-0.0004887932797247661,0.07997645378336772,0.018195594371989768,0.08532955205836124,-0.19028737166329415,10,0.0,none,0.05,0.026983573622633046,0.026983573622633046,0.0,5
mixstyle,erm,True,0.04402557065807052,0.0,-0.0004887932797247661,0.07997645378336772,0.018195594371989768,0.08532955205836124,-0.19028737166329415,10,0.0,none,0.1,0.026983573622633046,0.026983573622633046,0.0,3
mixstyle,erm,True,0.04402557065807052,0.0,-0.0004887932797247661,0.07997645378336772,0.018195594371989768,0.08532955205836124,-0.19028737166329415,10,0.0,none,0.2,0.026983573622633046,0.026983573622633046,0.0,3
mixstyle,erm,True,0.04402557065807052,0.0,-0.0004887932797247661,0.07997645378336772,0.018195594371989768,0.08532955205836124,-0.19028737166329415,10,0.25,ratio,0.02,0.028846653590480976,0.026983573622633046,0.125,27
mixstyle,erm,True,0.04402557065807052,0.0,-0.0004887932797247661,0.07997645378336772,0.018195594371989768,0.08532955205836124,-0.19028737166329415,10,0.25,ratio,0.05,0.028846653590480976,0.026983573622633046,0.125,7
mixstyle,erm,True,0.04402557065807052,0.0,-0.0004887932797247661,0.07997645378336772,0.018195594371989768,0.08532955205836124,-0.19028737166329415,10,0.25,ratio,0.1,0.028846653590480976,0.026983573622633046,0.125,4
mixstyle,erm,True,0.04402557065807052,0.0,-0.0004887932797247661,0.07997645378336772,0.018195594371989768,0.08532955205836124,-0.19028737166329415,10,0.25,ratio,0.2,0.028846653590480976,0.026983573622633046,0.125,3
mixstyle,erm,True,0.04402557065807052,0.0,-0.0004887932797247661,0.07997645378336772,0.018195594371989768,0.08532955205836124,-0.19028737166329415,10,0.25,design,0.02,0.028846653590480976,0.026983573622633046,0.125,
mixstyle,erm,True,0.04402557065807052,0.0,-0.0004887932797247661,0.07997645378336772,0.018195594371989768,0.08532955205836124,-0.19028737166329415,10,0.25,design,0.05,0.028846653590480976,0.026983573622633046,0.125,9
mixstyle,erm,True,0.04402557065807052,0.0,-0.0004887932797247661,0.07997645378336772,0.018195594371989768,0.08532955205836124,-0.19028737166329415,10,0.25,design,0.1,0.028846653590480976,0.026983573622633046,0.125,3
mixstyle,erm,True,0.04402557065807052,0.0,-0.0004887932797247661,0.07997645378336772,0.018195594371989768,0.08532955205836124,-0.19028737166329415,10,0.25,design,0.2,0.028846653590480976,0.026983573622633046,0.125,3
mixstyle,erm,True,0.04402557065807052,0.0,-0.0004887932797247661,0.07997645378336772,0.018195594371989768,0.08532955205836124,-0.19028737166329415,10,0.5,ratio,0.02,0.03115794698945055,0.026983573622633046,0.25,41
mixstyle,erm,True,0.04402557065807052,0.0,-0.0004887932797247661,0.07997645378336772,0.018195594371989768,0.08532955205836124,-0.19028737166329415,10,0.5,ratio,0.05,0.03115794698945055,0.026983573622633046,0.25,9
mixstyle,erm,True,0.04402557065807052,0.0,-0.0004887932797247661,0.07997645378336772,0.018195594371989768,0.08532955205836124,-0.19028737166329415,10,0.5,ratio,0.1,0.03115794698945055,0.026983573622633046,0.25,4
mixstyle,erm,True,0.04402557065807052,0.0,-0.0004887932797247661,0.07997645378336772,0.018195594371989768,0.08532955205836124,-0.19028737166329415,10,0.5,ratio,0.2,0.03115794698945055,0.026983573622633046,0.25,3
mixstyle,erm,True,0.04402557065807052,0.0,-0.0004887932797247661,0.07997645378336772,0.018195594371989768,0.08532955205836124,-0.19028737166329415,10,0.5,design,0.02,0.03115794698945055,0.026983573622633046,0.25,
mixstyle,erm,True,0.04402557065807052,0.0,-0.0004887932797247661,0.07997645378336772,0.018195594371989768,0.08532955205836124,-0.19028737166329415,10,0.5,design,0.05,0.03115794698945055,0.026983573622633046,0.25,
mixstyle,erm,True,0.04402557065807052,0.0,-0.0004887932797247661,0.07997645378336772,0.018195594371989768,0.08532955205836124,-0.19028737166329415,10,0.5,design,0.1,0.03115794698945055,0.026983573622633046,0.25,4
mixstyle,erm,True,0.04402557065807052,0.0,-0.0004887932797247661,0.07997645378336772,0.018195594371989768,0.08532955205836124,-0.19028737166329415,10,0.5,design,0.2,0.03115794698945055,0.026983573622633046,0.25,3
probe_resnet50_imagenet,erm,True,0.036731626246450745,0.03501997538879215,0.0012263986762316079,0.004684683908597213,0.018195594371989768,0.01919481886947686,-0.0904214193856125,1,0.0,none,0.02,0.03993544475354736,0.03993544475354736,0.0,34
probe_resnet50_imagenet,erm,True,0.036731626246450745,0.03501997538879215,0.0012263986762316079,0.004684683908597213,0.018195594371989768,0.01919481886947686,-0.0904214193856125,1,0.0,none,0.05,0.03993544475354736,0.03993544475354736,0.0,8
probe_resnet50_imagenet,erm,True,0.036731626246450745,0.03501997538879215,0.0012263986762316079,0.004684683908597213,0.018195594371989768,0.01919481886947686,-0.0904214193856125,1,0.0,none,0.1,0.03993544475354736,0.03993544475354736,0.0,4
probe_resnet50_imagenet,erm,True,0.036731626246450745,0.03501997538879215,0.0012263986762316079,0.004684683908597213,0.018195594371989768,0.01919481886947686,-0.0904214193856125,1,0.0,none,0.2,0.03993544475354736,0.03993544475354736,0.0,3
probe_resnet50_imagenet,erm,True,0.036731626246450745,0.03501997538879215,0.0012263986762316079,0.004684683908597213,0.018195594371989768,0.01919481886947686,-0.0904214193856125,1,0.25,ratio,0.02,0.04269278624463232,0.03993544475354736,0.125,56
probe_resnet50_imagenet,erm,True,0.036731626246450745,0.03501997538879215,0.0012263986762316079,0.004684683908597213,0.018195594371989768,0.01919481886947686,-0.0904214193856125,1,0.25,ratio,0.05,0.04269278624463232,0.03993544475354736,0.125,11
probe_resnet50_imagenet,erm,True,0.036731626246450745,0.03501997538879215,0.0012263986762316079,0.004684683908597213,0.018195594371989768,0.01919481886947686,-0.0904214193856125,1,0.25,ratio,0.1,0.04269278624463232,0.03993544475354736,0.125,5
probe_resnet50_imagenet,erm,True,0.036731626246450745,0.03501997538879215,0.0012263986762316079,0.004684683908597213,0.018195594371989768,0.01919481886947686,-0.0904214193856125,1,0.25,ratio,0.2,0.04269278624463232,0.03993544475354736,0.125,3
probe_resnet50_imagenet,erm,True,0.036731626246450745,0.03501997538879215,0.0012263986762316079,0.004684683908597213,0.018195594371989768,0.01919481886947686,-0.0904214193856125,1,0.25,design,0.02,0.04269278624463232,0.03993544475354736,0.125,
probe_resnet50_imagenet,erm,True,0.036731626246450745,0.03501997538879215,0.0012263986762316079,0.004684683908597213,0.018195594371989768,0.01919481886947686,-0.0904214193856125,1,0.25,design,0.05,0.04269278624463232,0.03993544475354736,0.125,
probe_resnet50_imagenet,erm,True,0.036731626246450745,0.03501997538879215,0.0012263986762316079,0.004684683908597213,0.018195594371989768,0.01919481886947686,-0.0904214193856125,1,0.25,design,0.1,0.04269278624463232,0.03993544475354736,0.125,5
probe_resnet50_imagenet,erm,True,0.036731626246450745,0.03501997538879215,0.0012263986762316079,0.004684683908597213,0.018195594371989768,0.01919481886947686,-0.0904214193856125,1,0.25,design,0.2,0.04269278624463232,0.03993544475354736,0.125,3
probe_resnet50_imagenet,erm,True,0.036731626246450745,0.03501997538879215,0.0012263986762316079,0.004684683908597213,0.018195594371989768,0.01919481886947686,-0.0904214193856125,1,0.5,ratio,0.02,0.04611347955733599,0.03993544475354736,0.25,86
probe_resnet50_imagenet,erm,True,0.036731626246450745,0.03501997538879215,0.0012263986762316079,0.004684683908597213,0.018195594371989768,0.01919481886947686,-0.0904214193856125,1,0.5,ratio,0.05,0.04611347955733599,0.03993544475354736,0.25,16
probe_resnet50_imagenet,erm,True,0.036731626246450745,0.03501997538879215,0.0012263986762316079,0.004684683908597213,0.018195594371989768,0.01919481886947686,-0.0904214193856125,1,0.5,ratio,0.1,0.04611347955733599,0.03993544475354736,0.25,6
probe_resnet50_imagenet,erm,True,0.036731626246450745,0.03501997538879215,0.0012263986762316079,0.004684683908597213,0.018195594371989768,0.01919481886947686,-0.0904214193856125,1,0.5,ratio,0.2,0.04611347955733599,0.03993544475354736,0.25,4
probe_resnet50_imagenet,erm,True,0.036731626246450745,0.03501997538879215,0.0012263986762316079,0.004684683908597213,0.018195594371989768,0.01919481886947686,-0.0904214193856125,1,0.5,design,0.02,0.04611347955733599,0.03993544475354736,0.25,
probe_resnet50_imagenet,erm,True,0.036731626246450745,0.03501997538879215,0.0012263986762316079,0.004684683908597213,0.018195594371989768,0.01919481886947686,-0.0904214193856125,1,0.5,design,0.05,0.04611347955733599,0.03993544475354736,0.25,
probe_resnet50_imagenet,erm,True,0.036731626246450745,0.03501997538879215,0.0012263986762316079,0.004684683908597213,0.018195594371989768,0.01919481886947686,-0.0904214193856125,1,0.5,design,0.1,0.04611347955733599,0.03993544475354736,0.25,8
probe_resnet50_imagenet,erm,True,0.036731626246450745,0.03501997538879215,0.0012263986762316079,0.004684683908597213,0.018195594371989768,0.01919481886947686,-0.0904214193856125,1,0.5,design,0.2,0.04611347955733599,0.03993544475354736,0.25,3
probe_resnet50_imagenet,erm,True,0.036731626246450745,0.03501997538879215,0.0012263986762316079,0.004684683908597213,0.018195594371989768,0.01919481886947686,-0.0904214193856125,3,0.0,none,0.02,0.036731626246450745,0.036731626246450745,0.0,29
probe_resnet50_imagenet,erm,True,0.036731626246450745,0.03501997538879215,0.0012263986762316079,0.004684683908597213,0.018195594371989768,0.01919481886947686,-0.0904214193856125,3,0.0,none,0.05,0.036731626246450745,0.036731626246450745,0.0,7
probe_resnet50_imagenet,erm,True,0.036731626246450745,0.03501997538879215,0.0012263986762316079,0.004684683908597213,0.018195594371989768,0.01919481886947686,-0.0904214193856125,3,0.0,none,0.1,0.036731626246450745,0.036731626246450745,0.0,4
probe_resnet50_imagenet,erm,True,0.036731626246450745,0.03501997538879215,0.0012263986762316079,0.004684683908597213,0.018195594371989768,0.01919481886947686,-0.0904214193856125,3,0.0,none,0.2,0.036731626246450745,0.036731626246450745,0.0,3
probe_resnet50_imagenet,erm,True,0.036731626246450745,0.03501997538879215,0.0012263986762316079,0.004684683908597213,0.018195594371989768,0.01919481886947686,-0.0904214193856125,3,0.25,ratio,0.02,0.03926776019235772,0.036731626246450745,0.125,48
probe_resnet50_imagenet,erm,True,0.036731626246450745,0.03501997538879215,0.0012263986762316079,0.004684683908597213,0.018195594371989768,0.01919481886947686,-0.0904214193856125,3,0.25,ratio,0.05,0.03926776019235772,0.036731626246450745,0.125,10
probe_resnet50_imagenet,erm,True,0.036731626246450745,0.03501997538879215,0.0012263986762316079,0.004684683908597213,0.018195594371989768,0.01919481886947686,-0.0904214193856125,3,0.25,ratio,0.1,0.03926776019235772,0.036731626246450745,0.125,5
probe_resnet50_imagenet,erm,True,0.036731626246450745,0.03501997538879215,0.0012263986762316079,0.004684683908597213,0.018195594371989768,0.01919481886947686,-0.0904214193856125,3,0.25,ratio,0.2,0.03926776019235772,0.036731626246450745,0.125,3
probe_resnet50_imagenet,erm,True,0.036731626246450745,0.03501997538879215,0.0012263986762316079,0.004684683908597213,0.018195594371989768,0.01919481886947686,-0.0904214193856125,3,0.25,design,0.02,0.03926776019235772,0.036731626246450745,0.125,
probe_resnet50_imagenet,erm,True,0.036731626246450745,0.03501997538879215,0.0012263986762316079,0.004684683908597213,0.018195594371989768,0.01919481886947686,-0.0904214193856125,3,0.25,design,0.05,0.03926776019235772,0.036731626246450745,0.125,
probe_resnet50_imagenet,erm,True,0.036731626246450745,0.03501997538879215,0.0012263986762316079,0.004684683908597213,0.018195594371989768,0.01919481886947686,-0.0904214193856125,3,0.25,design,0.1,0.03926776019235772,0.036731626246450745,0.125,4
probe_resnet50_imagenet,erm,True,0.036731626246450745,0.03501997538879215,0.0012263986762316079,0.004684683908597213,0.018195594371989768,0.01919481886947686,-0.0904214193856125,3,0.25,design,0.2,0.03926776019235772,0.036731626246450745,0.125,3
probe_resnet50_imagenet,erm,True,0.036731626246450745,0.03501997538879215,0.0012263986762316079,0.004684683908597213,0.018195594371989768,0.01919481886947686,-0.0904214193856125,3,0.5,ratio,0.02,0.04241402860232212,0.036731626246450745,0.25,73
probe_resnet50_imagenet,erm,True,0.036731626246450745,0.03501997538879215,0.0012263986762316079,0.004684683908597213,0.018195594371989768,0.01919481886947686,-0.0904214193856125,3,0.5,ratio,0.05,0.04241402860232212,0.036731626246450745,0.25,14
probe_resnet50_imagenet,erm,True,0.036731626246450745,0.03501997538879215,0.0012263986762316079,0.004684683908597213,0.018195594371989768,0.01919481886947686,-0.0904214193856125,3,0.5,ratio,0.1,0.04241402860232212,0.036731626246450745,0.25,6
probe_resnet50_imagenet,erm,True,0.036731626246450745,0.03501997538879215,0.0012263986762316079,0.004684683908597213,0.018195594371989768,0.01919481886947686,-0.0904214193856125,3,0.5,ratio,0.2,0.04241402860232212,0.036731626246450745,0.25,3
probe_resnet50_imagenet,erm,True,0.036731626246450745,0.03501997538879215,0.0012263986762316079,0.004684683908597213,0.018195594371989768,0.01919481886947686,-0.0904214193856125,3,0.5,design,0.02,0.04241402860232212,0.036731626246450745,0.25,
probe_resnet50_imagenet,erm,True,0.036731626246450745,0.03501997538879215,0.0012263986762316079,0.004684683908597213,0.018195594371989768,0.01919481886947686,-0.0904214193856125,3,0.5,design,0.05,0.04241402860232212,0.036731626246450745,0.25,
probe_resnet50_imagenet,erm,True,0.036731626246450745,0.03501997538879215,0.0012263986762316079,0.004684683908597213,0.018195594371989768,0.01919481886947686,-0.0904214193856125,3,0.5,design,0.1,0.04241402860232212,0.036731626246450745,0.25,6
probe_resnet50_imagenet,erm,True,0.036731626246450745,0.03501997538879215,0.0012263986762316079,0.004684683908597213,0.018195594371989768,0.01919481886947686,-0.0904214193856125,3,0.5,design,0.2,0.04241402860232212,0.036731626246450745,0.25,3
probe_resnet50_imagenet,erm,True,0.036731626246450745,0.03501997538879215,0.0012263986762316079,0.004684683908597213,0.018195594371989768,0.01919481886947686,-0.0904214193856125,5,0.0,none,0.02,0.036056717689190915,0.036056717689190915,0.0,28
probe_resnet50_imagenet,erm,True,0.036731626246450745,0.03501997538879215,0.0012263986762316079,0.004684683908597213,0.018195594371989768,0.01919481886947686,-0.0904214193856125,5,0.0,none,0.05,0.036056717689190915,0.036056717689190915,0.0,7
probe_resnet50_imagenet,erm,True,0.036731626246450745,0.03501997538879215,0.0012263986762316079,0.004684683908597213,0.018195594371989768,0.01919481886947686,-0.0904214193856125,5,0.0,none,0.1,0.036056717689190915,0.036056717689190915,0.0,4
probe_resnet50_imagenet,erm,True,0.036731626246450745,0.03501997538879215,0.0012263986762316079,0.004684683908597213,0.018195594371989768,0.01919481886947686,-0.0904214193856125,5,0.0,none,0.2,0.036056717689190915,0.036056717689190915,0.0,3
probe_resnet50_imagenet,erm,True,0.036731626246450745,0.03501997538879215,0.0012263986762316079,0.004684683908597213,0.018195594371989768,0.01919481886947686,-0.0904214193856125,5,0.25,ratio,0.02,0.03854625259559538,0.036056717689190915,0.125,46
probe_resnet50_imagenet,erm,True,0.036731626246450745,0.03501997538879215,0.0012263986762316079,0.004684683908597213,0.018195594371989768,0.01919481886947686,-0.0904214193856125,5,0.25,ratio,0.05,0.03854625259559538,0.036056717689190915,0.125,10
probe_resnet50_imagenet,erm,True,0.036731626246450745,0.03501997538879215,0.0012263986762316079,0.004684683908597213,0.018195594371989768,0.01919481886947686,-0.0904214193856125,5,0.25,ratio,0.1,0.03854625259559538,0.036056717689190915,0.125,5
probe_resnet50_imagenet,erm,True,0.036731626246450745,0.03501997538879215,0.0012263986762316079,0.004684683908597213,0.018195594371989768,0.01919481886947686,-0.0904214193856125,5,0.25,ratio,0.2,0.03854625259559538,0.036056717689190915,0.125,3
probe_resnet50_imagenet,erm,True,0.036731626246450745,0.03501997538879215,0.0012263986762316079,0.004684683908597213,0.018195594371989768,0.01919481886947686,-0.0904214193856125,5,0.25,design,0.02,0.03854625259559538,0.036056717689190915,0.125,
probe_resnet50_imagenet,erm,True,0.036731626246450745,0.03501997538879215,0.0012263986762316079,0.004684683908597213,0.018195594371989768,0.01919481886947686,-0.0904214193856125,5,0.25,design,0.05,0.03854625259559538,0.036056717689190915,0.125,
probe_resnet50_imagenet,erm,True,0.036731626246450745,0.03501997538879215,0.0012263986762316079,0.004684683908597213,0.018195594371989768,0.01919481886947686,-0.0904214193856125,5,0.25,design,0.1,0.03854625259559538,0.036056717689190915,0.125,4
probe_resnet50_imagenet,erm,True,0.036731626246450745,0.03501997538879215,0.0012263986762316079,0.004684683908597213,0.018195594371989768,0.01919481886947686,-0.0904214193856125,5,0.25,design,0.2,0.03854625259559538,0.036056717689190915,0.125,3
probe_resnet50_imagenet,erm,True,0.036731626246450745,0.03501997538879215,0.0012263986762316079,0.004684683908597213,0.018195594371989768,0.01919481886947686,-0.0904214193856125,5,0.5,ratio,0.02,0.041634711327897436,0.036056717689190915,0.25,70
probe_resnet50_imagenet,erm,True,0.036731626246450745,0.03501997538879215,0.0012263986762316079,0.004684683908597213,0.018195594371989768,0.01919481886947686,-0.0904214193856125,5,0.5,ratio,0.05,0.041634711327897436,0.036056717689190915,0.25,13
probe_resnet50_imagenet,erm,True,0.036731626246450745,0.03501997538879215,0.0012263986762316079,0.004684683908597213,0.018195594371989768,0.01919481886947686,-0.0904214193856125,5,0.5,ratio,0.1,0.041634711327897436,0.036056717689190915,0.25,5
probe_resnet50_imagenet,erm,True,0.036731626246450745,0.03501997538879215,0.0012263986762316079,0.004684683908597213,0.018195594371989768,0.01919481886947686,-0.0904214193856125,5,0.5,ratio,0.2,0.041634711327897436,0.036056717689190915,0.25,3
probe_resnet50_imagenet,erm,True,0.036731626246450745,0.03501997538879215,0.0012263986762316079,0.004684683908597213,0.018195594371989768,0.01919481886947686,-0.0904214193856125,5,0.5,design,0.02,0.041634711327897436,0.036056717689190915,0.25,
probe_resnet50_imagenet,erm,True,0.036731626246450745,0.03501997538879215,0.0012263986762316079,0.004684683908597213,0.018195594371989768,0.01919481886947686,-0.0904214193856125,5,0.5,design,0.05,0.041634711327897436,0.036056717689190915,0.25,
probe_resnet50_imagenet,erm,True,0.036731626246450745,0.03501997538879215,0.0012263986762316079,0.004684683908597213,0.018195594371989768,0.01919481886947686,-0.0904214193856125,5,0.5,design,0.1,0.041634711327897436,0.036056717689190915,0.25,5
probe_resnet50_imagenet,erm,True,0.036731626246450745,0.03501997538879215,0.0012263986762316079,0.004684683908597213,0.018195594371989768,0.01919481886947686,-0.0904214193856125,5,0.5,design,0.2,0.041634711327897436,0.036056717689190915,0.25,3
probe_resnet50_imagenet,erm,True,0.036731626246450745,0.03501997538879215,0.0012263986762316079,0.004684683908597213,0.018195594371989768,0.01919481886947686,-0.0904214193856125,10,0.0,none,0.02,0.03554212688310606,0.03554212688310606,0.0,27
probe_resnet50_imagenet,erm,True,0.036731626246450745,0.03501997538879215,0.0012263986762316079,0.004684683908597213,0.018195594371989768,0.01919481886947686,-0.0904214193856125,10,0.0,none,0.05,0.03554212688310606,0.03554212688310606,0.0,7
probe_resnet50_imagenet,erm,True,0.036731626246450745,0.03501997538879215,0.0012263986762316079,0.004684683908597213,0.018195594371989768,0.01919481886947686,-0.0904214193856125,10,0.0,none,0.1,0.03554212688310606,0.03554212688310606,0.0,4
probe_resnet50_imagenet,erm,True,0.036731626246450745,0.03501997538879215,0.0012263986762316079,0.004684683908597213,0.018195594371989768,0.01919481886947686,-0.0904214193856125,10,0.0,none,0.2,0.03554212688310606,0.03554212688310606,0.0,3
probe_resnet50_imagenet,erm,True,0.036731626246450745,0.03501997538879215,0.0012263986762316079,0.004684683908597213,0.018195594371989768,0.01919481886947686,-0.0904214193856125,10,0.25,ratio,0.02,0.03799613188395157,0.03554212688310606,0.125,45
probe_resnet50_imagenet,erm,True,0.036731626246450745,0.03501997538879215,0.0012263986762316079,0.004684683908597213,0.018195594371989768,0.01919481886947686,-0.0904214193856125,10,0.25,ratio,0.05,0.03799613188395157,0.03554212688310606,0.125,9
probe_resnet50_imagenet,erm,True,0.036731626246450745,0.03501997538879215,0.0012263986762316079,0.004684683908597213,0.018195594371989768,0.01919481886947686,-0.0904214193856125,10,0.25,ratio,0.1,0.03799613188395157,0.03554212688310606,0.125,4
probe_resnet50_imagenet,erm,True,0.036731626246450745,0.03501997538879215,0.0012263986762316079,0.004684683908597213,0.018195594371989768,0.01919481886947686,-0.0904214193856125,10,0.25,ratio,0.2,0.03799613188395157,0.03554212688310606,0.125,3
probe_resnet50_imagenet,erm,True,0.036731626246450745,0.03501997538879215,0.0012263986762316079,0.004684683908597213,0.018195594371989768,0.01919481886947686,-0.0904214193856125,10,0.25,design,0.02,0.03799613188395157,0.03554212688310606,0.125,
probe_resnet50_imagenet,erm,True,0.036731626246450745,0.03501997538879215,0.0012263986762316079,0.004684683908597213,0.018195594371989768,0.01919481886947686,-0.0904214193856125,10,0.25,design,0.05,0.03799613188395157,0.03554212688310606,0.125,
probe_resnet50_imagenet,erm,True,0.036731626246450745,0.03501997538879215,0.0012263986762316079,0.004684683908597213,0.018195594371989768,0.01919481886947686,-0.0904214193856125,10,0.25,design,0.1,0.03799613188395157,0.03554212688310606,0.125,4
probe_resnet50_imagenet,erm,True,0.036731626246450745,0.03501997538879215,0.0012263986762316079,0.004684683908597213,0.018195594371989768,0.01919481886947686,-0.0904214193856125,10,0.25,design,0.2,0.03799613188395157,0.03554212688310606,0.125,3
probe_resnet50_imagenet,erm,True,0.036731626246450745,0.03501997538879215,0.0012263986762316079,0.004684683908597213,0.018195594371989768,0.01919481886947686,-0.0904214193856125,10,0.5,ratio,0.02,0.04104051304706624,0.03554212688310606,0.25,69
probe_resnet50_imagenet,erm,True,0.036731626246450745,0.03501997538879215,0.0012263986762316079,0.004684683908597213,0.018195594371989768,0.01919481886947686,-0.0904214193856125,10,0.5,ratio,0.05,0.04104051304706624,0.03554212688310606,0.25,13
probe_resnet50_imagenet,erm,True,0.036731626246450745,0.03501997538879215,0.0012263986762316079,0.004684683908597213,0.018195594371989768,0.01919481886947686,-0.0904214193856125,10,0.5,ratio,0.1,0.04104051304706624,0.03554212688310606,0.25,5
probe_resnet50_imagenet,erm,True,0.036731626246450745,0.03501997538879215,0.0012263986762316079,0.004684683908597213,0.018195594371989768,0.01919481886947686,-0.0904214193856125,10,0.5,ratio,0.2,0.04104051304706624,0.03554212688310606,0.25,3
probe_resnet50_imagenet,erm,True,0.036731626246450745,0.03501997538879215,0.0012263986762316079,0.004684683908597213,0.018195594371989768,0.01919481886947686,-0.0904214193856125,10,0.5,design,0.02,0.04104051304706624,0.03554212688310606,0.25,
probe_resnet50_imagenet,erm,True,0.036731626246450745,0.03501997538879215,0.0012263986762316079,0.004684683908597213,0.018195594371989768,0.01919481886947686,-0.0904214193856125,10,0.5,design,0.05,0.04104051304706624,0.03554212688310606,0.25,
probe_resnet50_imagenet,erm,True,0.036731626246450745,0.03501997538879215,0.0012263986762316079,0.004684683908597213,0.018195594371989768,0.01919481886947686,-0.0904214193856125,10,0.5,design,0.1,0.04104051304706624,0.03554212688310606,0.25,5
probe_resnet50_imagenet,erm,True,0.036731626246450745,0.03501997538879215,0.0012263986762316079,0.004684683908597213,0.018195594371989768,0.01919481886947686,-0.0904214193856125,10,0.5,design,0.2,0.04104051304706624,0.03554212688310606,0.25,3
probe_resnet50_lunit_bt,erm,True,0.02941271388810634,0.026236902527141216,0.0006883750542187091,0.011702040068336465,0.018195594371989768,0.02302602988217211,-0.14601500077330343,1,0.0,none,0.02,0.03490806649405538,0.03490806649405538,0.0,26
probe_resnet50_lunit_bt,erm,True,0.02941271388810634,0.026236902527141216,0.0006883750542187091,0.011702040068336465,0.018195594371989768,0.02302602988217211,-0.14601500077330343,1,0.0,none,0.05,0.03490806649405538,0.03490806649405538,0.0,7
probe_resnet50_lunit_bt,erm,True,0.02941271388810634,0.026236902527141216,0.0006883750542187091,0.011702040068336465,0.018195594371989768,0.02302602988217211,-0.14601500077330343,1,0.0,none,0.1,0.03490806649405538,0.03490806649405538,0.0,4
probe_resnet50_lunit_bt,erm,True,0.02941271388810634,0.026236902527141216,0.0006883750542187091,0.011702040068336465,0.018195594371989768,0.02302602988217211,-0.14601500077330343,1,0.0,none,0.2,0.03490806649405538,0.03490806649405538,0.0,3
probe_resnet50_lunit_bt,erm,True,0.02941271388810634,0.026236902527141216,0.0006883750542187091,0.011702040068336465,0.018195594371989768,0.02302602988217211,-0.14601500077330343,1,0.25,ratio,0.02,0.037318292815850924,0.03490806649405538,0.125,43
probe_resnet50_lunit_bt,erm,True,0.02941271388810634,0.026236902527141216,0.0006883750542187091,0.011702040068336465,0.018195594371989768,0.02302602988217211,-0.14601500077330343,1,0.25,ratio,0.05,0.037318292815850924,0.03490806649405538,0.125,9
probe_resnet50_lunit_bt,erm,True,0.02941271388810634,0.026236902527141216,0.0006883750542187091,0.011702040068336465,0.018195594371989768,0.02302602988217211,-0.14601500077330343,1,0.25,ratio,0.1,0.037318292815850924,0.03490806649405538,0.125,4
probe_resnet50_lunit_bt,erm,True,0.02941271388810634,0.026236902527141216,0.0006883750542187091,0.011702040068336465,0.018195594371989768,0.02302602988217211,-0.14601500077330343,1,0.25,ratio,0.2,0.037318292815850924,0.03490806649405538,0.125,3
probe_resnet50_lunit_bt,erm,True,0.02941271388810634,0.026236902527141216,0.0006883750542187091,0.011702040068336465,0.018195594371989768,0.02302602988217211,-0.14601500077330343,1,0.25,design,0.02,0.037318292815850924,0.03490806649405538,0.125,
probe_resnet50_lunit_bt,erm,True,0.02941271388810634,0.026236902527141216,0.0006883750542187091,0.011702040068336465,0.018195594371989768,0.02302602988217211,-0.14601500077330343,1,0.25,design,0.05,0.037318292815850924,0.03490806649405538,0.125,
probe_resnet50_lunit_bt,erm,True,0.02941271388810634,0.026236902527141216,0.0006883750542187091,0.011702040068336465,0.018195594371989768,0.02302602988217211,-0.14601500077330343,1,0.25,design,0.1,0.037318292815850924,0.03490806649405538,0.125,4
probe_resnet50_lunit_bt,erm,True,0.02941271388810634,0.026236902527141216,0.0006883750542187091,0.011702040068336465,0.018195594371989768,0.02302602988217211,-0.14601500077330343,1,0.25,design,0.2,0.037318292815850924,0.03490806649405538,0.125,3
probe_resnet50_lunit_bt,erm,True,0.02941271388810634,0.026236902527141216,0.0006883750542187091,0.011702040068336465,0.018195594371989768,0.02302602988217211,-0.14601500077330343,1,0.5,ratio,0.02,0.040308363174464464,0.03490806649405538,0.25,66
probe_resnet50_lunit_bt,erm,True,0.02941271388810634,0.026236902527141216,0.0006883750542187091,0.011702040068336465,0.018195594371989768,0.02302602988217211,-0.14601500077330343,1,0.5,ratio,0.05,0.040308363174464464,0.03490806649405538,0.25,13
probe_resnet50_lunit_bt,erm,True,0.02941271388810634,0.026236902527141216,0.0006883750542187091,0.011702040068336465,0.018195594371989768,0.02302602988217211,-0.14601500077330343,1,0.5,ratio,0.1,0.040308363174464464,0.03490806649405538,0.25,5
probe_resnet50_lunit_bt,erm,True,0.02941271388810634,0.026236902527141216,0.0006883750542187091,0.011702040068336465,0.018195594371989768,0.02302602988217211,-0.14601500077330343,1,0.5,ratio,0.2,0.040308363174464464,0.03490806649405538,0.25,3
probe_resnet50_lunit_bt,erm,True,0.02941271388810634,0.026236902527141216,0.0006883750542187091,0.011702040068336465,0.018195594371989768,0.02302602988217211,-0.14601500077330343,1,0.5,design,0.02,0.040308363174464464,0.03490806649405538,0.25,
probe_resnet50_lunit_bt,erm,True,0.02941271388810634,0.026236902527141216,0.0006883750542187091,0.011702040068336465,0.018195594371989768,0.02302602988217211,-0.14601500077330343,1,0.5,design,0.05,0.040308363174464464,0.03490806649405538,0.25,
probe_resnet50_lunit_bt,erm,True,0.02941271388810634,0.026236902527141216,0.0006883750542187091,0.011702040068336465,0.018195594371989768,0.02302602988217211,-0.14601500077330343,1,0.5,design,0.1,0.040308363174464464,0.03490806649405538,0.25,5
probe_resnet50_lunit_bt,erm,True,0.02941271388810634,0.026236902527141216,0.0006883750542187091,0.011702040068336465,0.018195594371989768,0.02302602988217211,-0.14601500077330343,1,0.5,design,0.2,0.040308363174464464,0.03490806649405538,0.25,3
probe_resnet50_lunit_bt,erm,True,0.02941271388810634,0.026236902527141216,0.0006883750542187091,0.011702040068336465,0.018195594371989768,0.02302602988217211,-0.14601500077330343,3,0.0,none,0.02,0.02941271388810634,0.02941271388810634,0.0,19
probe_resnet50_lunit_bt,erm,True,0.02941271388810634,0.026236902527141216,0.0006883750542187091,0.011702040068336465,0.018195594371989768,0.02302602988217211,-0.14601500077330343,3,0.0,none,0.05,0.02941271388810634,0.02941271388810634,0.0,5
probe_resnet50_lunit_bt,erm,True,0.02941271388810634,0.026236902527141216,0.0006883750542187091,0.011702040068336465,0.018195594371989768,0.02302602988217211,-0.14601500077330343,3,0.0,none,0.1,0.02941271388810634,0.02941271388810634,0.0,3
probe_resnet50_lunit_bt,erm,True,0.02941271388810634,0.026236902527141216,0.0006883750542187091,0.011702040068336465,0.018195594371989768,0.02302602988217211,-0.14601500077330343,3,0.0,none,0.2,0.02941271388810634,0.02941271388810634,0.0,3
probe_resnet50_lunit_bt,erm,True,0.02941271388810634,0.026236902527141216,0.0006883750542187091,0.011702040068336465,0.018195594371989768,0.02302602988217211,-0.14601500077330343,3,0.25,ratio,0.02,0.03144351376700045,0.02941271388810634,0.125,32
probe_resnet50_lunit_bt,erm,True,0.02941271388810634,0.026236902527141216,0.0006883750542187091,0.011702040068336465,0.018195594371989768,0.02302602988217211,-0.14601500077330343,3,0.25,ratio,0.05,0.03144351376700045,0.02941271388810634,0.125,7
probe_resnet50_lunit_bt,erm,True,0.02941271388810634,0.026236902527141216,0.0006883750542187091,0.011702040068336465,0.018195594371989768,0.02302602988217211,-0.14601500077330343,3,0.25,ratio,0.1,0.03144351376700045,0.02941271388810634,0.125,4
probe_resnet50_lunit_bt,erm,True,0.02941271388810634,0.026236902527141216,0.0006883750542187091,0.011702040068336465,0.018195594371989768,0.02302602988217211,-0.14601500077330343,3,0.25,ratio,0.2,0.03144351376700045,0.02941271388810634,0.125,3
probe_resnet50_lunit_bt,erm,True,0.02941271388810634,0.026236902527141216,0.0006883750542187091,0.011702040068336465,0.018195594371989768,0.02302602988217211,-0.14601500077330343,3,0.25,design,0.02,0.03144351376700045,0.02941271388810634,0.125,
probe_resnet50_lunit_bt,erm,True,0.02941271388810634,0.026236902527141216,0.0006883750542187091,0.011702040068336465,0.018195594371989768,0.02302602988217211,-0.14601500077330343,3,0.25,design,0.05,0.03144351376700045,0.02941271388810634,0.125,13
probe_resnet50_lunit_bt,erm,True,0.02941271388810634,0.026236902527141216,0.0006883750542187091,0.011702040068336465,0.018195594371989768,0.02302602988217211,-0.14601500077330343,3,0.25,design,0.1,0.03144351376700045,0.02941271388810634,0.125,4
probe_resnet50_lunit_bt,erm,True,0.02941271388810634,0.026236902527141216,0.0006883750542187091,0.011702040068336465,0.018195594371989768,0.02302602988217211,-0.14601500077330343,3,0.25,design,0.2,0.03144351376700045,0.02941271388810634,0.125,3
probe_resnet50_lunit_bt,erm,True,0.02941271388810634,0.026236902527141216,0.0006883750542187091,0.011702040068336465,0.018195594371989768,0.02302602988217211,-0.14601500077330343,3,0.5,ratio,0.02,0.033962876561791276,0.02941271388810634,0.25,48
probe_resnet50_lunit_bt,erm,True,0.02941271388810634,0.026236902527141216,0.0006883750542187091,0.011702040068336465,0.018195594371989768,0.02302602988217211,-0.14601500077330343,3,0.5,ratio,0.05,0.033962876561791276,0.02941271388810634,0.25,10
probe_resnet50_lunit_bt,erm,True,0.02941271388810634,0.026236902527141216,0.0006883750542187091,0.011702040068336465,0.018195594371989768,0.02302602988217211,-0.14601500077330343,3,0.5,ratio,0.1,0.033962876561791276,0.02941271388810634,0.25,5
probe_resnet50_lunit_bt,erm,True,0.02941271388810634,0.026236902527141216,0.0006883750542187091,0.011702040068336465,0.018195594371989768,0.02302602988217211,-0.14601500077330343,3,0.5,ratio,0.2,0.033962876561791276,0.02941271388810634,0.25,3
probe_resnet50_lunit_bt,erm,True,0.02941271388810634,0.026236902527141216,0.0006883750542187091,0.011702040068336465,0.018195594371989768,0.02302602988217211,-0.14601500077330343,3,0.5,design,0.02,0.033962876561791276,0.02941271388810634,0.25,
probe_resnet50_lunit_bt,erm,True,0.02941271388810634,0.026236902527141216,0.0006883750542187091,0.011702040068336465,0.018195594371989768,0.02302602988217211,-0.14601500077330343,3,0.5,design,0.05,0.033962876561791276,0.02941271388810634,0.25,
probe_resnet50_lunit_bt,erm,True,0.02941271388810634,0.026236902527141216,0.0006883750542187091,0.011702040068336465,0.018195594371989768,0.02302602988217211,-0.14601500077330343,3,0.5,design,0.1,0.033962876561791276,0.02941271388810634,0.25,4
probe_resnet50_lunit_bt,erm,True,0.02941271388810634,0.026236902527141216,0.0006883750542187091,0.011702040068336465,0.018195594371989768,0.02302602988217211,-0.14601500077330343,3,0.5,design,0.2,0.033962876561791276,0.02941271388810634,0.25,3
probe_resnet50_lunit_bt,erm,True,0.02941271388810634,0.026236902527141216,0.0006883750542187091,0.011702040068336465,0.018195594371989768,0.02302602988217211,-0.14601500077330343,5,0.0,none,0.02,0.028185362595603516,0.028185362595603516,0.0,18
probe_resnet50_lunit_bt,erm,True,0.02941271388810634,0.026236902527141216,0.0006883750542187091,0.011702040068336465,0.018195594371989768,0.02302602988217211,-0.14601500077330343,5,0.0,none,0.05,0.028185362595603516,0.028185362595603516,0.0,5
probe_resnet50_lunit_bt,erm,True,0.02941271388810634,0.026236902527141216,0.0006883750542187091,0.011702040068336465,0.018195594371989768,0.02302602988217211,-0.14601500077330343,5,0.0,none,0.1,0.028185362595603516,0.028185362595603516,0.0,3
probe_resnet50_lunit_bt,erm,True,0.02941271388810634,0.026236902527141216,0.0006883750542187091,0.011702040068336465,0.018195594371989768,0.02302602988217211,-0.14601500077330343,5,0.0,none,0.2,0.028185362595603516,0.028185362595603516,0.0,3
probe_resnet50_lunit_bt,erm,True,0.02941271388810634,0.026236902527141216,0.0006883750542187091,0.011702040068336465,0.018195594371989768,0.02302602988217211,-0.14601500077330343,5,0.25,ratio,0.02,0.030131420044211956,0.028185362595603516,0.125,29
probe_resnet50_lunit_bt,erm,True,0.02941271388810634,0.026236902527141216,0.0006883750542187091,0.011702040068336465,0.018195594371989768,0.02302602988217211,-0.14601500077330343,5,0.25,ratio,0.05,0.030131420044211956,0.028185362595603516,0.125,7
probe_resnet50_lunit_bt,erm,True,0.02941271388810634,0.026236902527141216,0.0006883750542187091,0.011702040068336465,0.018195594371989768,0.02302602988217211,-0.14601500077330343,5,0.25,ratio,0.1,0.030131420044211956,0.028185362595603516,0.125,4
probe_resnet50_lunit_bt,erm,True,0.02941271388810634,0.026236902527141216,0.0006883750542187091,0.011702040068336465,0.018195594371989768,0.02302602988217211,-0.14601500077330343,5,0.25,ratio,0.2,0.030131420044211956,0.028185362595603516,0.125,3
probe_resnet50_lunit_bt,erm,True,0.02941271388810634,0.026236902527141216,0.0006883750542187091,0.011702040068336465,0.018195594371989768,0.02302602988217211,-0.14601500077330343,5,0.25,design,0.02,0.030131420044211956,0.028185362595603516,0.125,
probe_resnet50_lunit_bt,erm,True,0.02941271388810634,0.026236902527141216,0.0006883750542187091,0.011702040068336465,0.018195594371989768,0.02302602988217211,-0.14601500077330343,5,0.25,design,0.05,0.030131420044211956,0.028185362595603516,0.125,10
probe_resnet50_lunit_bt,erm,True,0.02941271388810634,0.026236902527141216,0.0006883750542187091,0.011702040068336465,0.018195594371989768,0.02302602988217211,-0.14601500077330343,5,0.25,design,0.1,0.030131420044211956,0.028185362595603516,0.125,3
probe_resnet50_lunit_bt,erm,True,0.02941271388810634,0.026236902527141216,0.0006883750542187091,0.011702040068336465,0.018195594371989768,0.02302602988217211,-0.14601500077330343,5,0.25,design,0.2,0.030131420044211956,0.028185362595603516,0.125,3
probe_resnet50_lunit_bt,erm,True,0.02941271388810634,0.026236902527141216,0.0006883750542187091,0.011702040068336465,0.018195594371989768,0.02302602988217211,-0.14601500077330343,5,0.5,ratio,0.02,0.0325456533635578,0.028185362595603516,0.25,44
probe_resnet50_lunit_bt,erm,True,0.02941271388810634,0.026236902527141216,0.0006883750542187091,0.011702040068336465,0.018195594371989768,0.02302602988217211,-0.14601500077330343,5,0.5,ratio,0.05,0.0325456533635578,0.028185362595603516,0.25,9
probe_resnet50_lunit_bt,erm,True,0.02941271388810634,0.026236902527141216,0.0006883750542187091,0.011702040068336465,0.018195594371989768,0.02302602988217211,-0.14601500077330343,5,0.5,ratio,0.1,0.0325456533635578,0.028185362595603516,0.25,4
probe_resnet50_lunit_bt,erm,True,0.02941271388810634,0.026236902527141216,0.0006883750542187091,0.011702040068336465,0.018195594371989768,0.02302602988217211,-0.14601500077330343,5,0.5,ratio,0.2,0.0325456533635578,0.028185362595603516,0.25,3
probe_resnet50_lunit_bt,erm,True,0.02941271388810634,0.026236902527141216,0.0006883750542187091,0.011702040068336465,0.018195594371989768,0.02302602988217211,-0.14601500077330343,5,0.5,design,0.02,0.0325456533635578,0.028185362595603516,0.25,
probe_resnet50_lunit_bt,erm,True,0.02941271388810634,0.026236902527141216,0.0006883750542187091,0.011702040068336465,0.018195594371989768,0.02302602988217211,-0.14601500077330343,5,0.5,design,0.05,0.0325456533635578,0.028185362595603516,0.25,
probe_resnet50_lunit_bt,erm,True,0.02941271388810634,0.026236902527141216,0.0006883750542187091,0.011702040068336465,0.018195594371989768,0.02302602988217211,-0.14601500077330343,5,0.5,design,0.1,0.0325456533635578,0.028185362595603516,0.25,4
probe_resnet50_lunit_bt,erm,True,0.02941271388810634,0.026236902527141216,0.0006883750542187091,0.011702040068336465,0.018195594371989768,0.02302602988217211,-0.14601500077330343,5,0.5,design,0.2,0.0325456533635578,0.028185362595603516,0.25,3
probe_resnet50_lunit_bt,erm,True,0.02941271388810634,0.026236902527141216,0.0006883750542187091,0.011702040068336465,0.018195594371989768,0.02302602988217211,-0.14601500077330343,10,0.0,none,0.02,0.027228566973533097,0.027228566973533097,0.0,17
probe_resnet50_lunit_bt,erm,True,0.02941271388810634,0.026236902527141216,0.0006883750542187091,0.011702040068336465,0.018195594371989768,0.02302602988217211,-0.14601500077330343,10,0.0,none,0.05,0.027228566973533097,0.027228566973533097,0.0,5
probe_resnet50_lunit_bt,erm,True,0.02941271388810634,0.026236902527141216,0.0006883750542187091,0.011702040068336465,0.018195594371989768,0.02302602988217211,-0.14601500077330343,10,0.0,none,0.1,0.027228566973533097,0.027228566973533097,0.0,3
probe_resnet50_lunit_bt,erm,True,0.02941271388810634,0.026236902527141216,0.0006883750542187091,0.011702040068336465,0.018195594371989768,0.02302602988217211,-0.14601500077330343,10,0.0,none,0.2,0.027228566973533097,0.027228566973533097,0.0,3
probe_resnet50_lunit_bt,erm,True,0.02941271388810634,0.026236902527141216,0.0006883750542187091,0.011702040068336465,0.018195594371989768,0.02302602988217211,-0.14601500077330343,10,0.25,ratio,0.02,0.02910856249936831,0.027228566973533097,0.125,27
probe_resnet50_lunit_bt,erm,True,0.02941271388810634,0.026236902527141216,0.0006883750542187091,0.011702040068336465,0.018195594371989768,0.02302602988217211,-0.14601500077330343,10,0.25,ratio,0.05,0.02910856249936831,0.027228566973533097,0.125,7
probe_resnet50_lunit_bt,erm,True,0.02941271388810634,0.026236902527141216,0.0006883750542187091,0.011702040068336465,0.018195594371989768,0.02302602988217211,-0.14601500077330343,10,0.25,ratio,0.1,0.02910856249936831,0.027228566973533097,0.125,4
probe_resnet50_lunit_bt,erm,True,0.02941271388810634,0.026236902527141216,0.0006883750542187091,0.011702040068336465,0.018195594371989768,0.02302602988217211,-0.14601500077330343,10,0.25,ratio,0.2,0.02910856249936831,0.027228566973533097,0.125,3
probe_resnet50_lunit_bt,erm,True,0.02941271388810634,0.026236902527141216,0.0006883750542187091,0.011702040068336465,0.018195594371989768,0.02302602988217211,-0.14601500077330343,10,0.25,design,0.02,0.02910856249936831,0.027228566973533097,0.125,
probe_resnet50_lunit_bt,erm,True,0.02941271388810634,0.026236902527141216,0.0006883750542187091,0.011702040068336465,0.018195594371989768,0.02302602988217211,-0.14601500077330343,10,0.25,design,0.05,0.02910856249936831,0.027228566973533097,0.125,9
probe_resnet50_lunit_bt,erm,True,0.02941271388810634,0.026236902527141216,0.0006883750542187091,0.011702040068336465,0.018195594371989768,0.02302602988217211,-0.14601500077330343,10,0.25,design,0.1,0.02910856249936831,0.027228566973533097,0.125,3
probe_resnet50_lunit_bt,erm,True,0.02941271388810634,0.026236902527141216,0.0006883750542187091,0.011702040068336465,0.018195594371989768,0.02302602988217211,-0.14601500077330343,10,0.25,design,0.2,0.02910856249936831,0.027228566973533097,0.125,3
probe_resnet50_lunit_bt,erm,True,0.02941271388810634,0.026236902527141216,0.0006883750542187091,0.011702040068336465,0.018195594371989768,0.02302602988217211,-0.14601500077330343,10,0.5,ratio,0.02,0.031440840943634175,0.027228566973533097,0.25,41
probe_resnet50_lunit_bt,erm,True,0.02941271388810634,0.026236902527141216,0.0006883750542187091,0.011702040068336465,0.018195594371989768,0.02302602988217211,-0.14601500077330343,10,0.5,ratio,0.05,0.031440840943634175,0.027228566973533097,0.25,9
probe_resnet50_lunit_bt,erm,True,0.02941271388810634,0.026236902527141216,0.0006883750542187091,0.011702040068336465,0.018195594371989768,0.02302602988217211,-0.14601500077330343,10,0.5,ratio,0.1,0.031440840943634175,0.027228566973533097,0.25,4
probe_resnet50_lunit_bt,erm,True,0.02941271388810634,0.026236902527141216,0.0006883750542187091,0.011702040068336465,0.018195594371989768,0.02302602988217211,-0.14601500077330343,10,0.5,ratio,0.2,0.031440840943634175,0.027228566973533097,0.25,3
probe_resnet50_lunit_bt,erm,True,0.02941271388810634,0.026236902527141216,0.0006883750542187091,0.011702040068336465,0.018195594371989768,0.02302602988217211,-0.14601500077330343,10,0.5,design,0.02,0.031440840943634175,0.027228566973533097,0.25,
probe_resnet50_lunit_bt,erm,True,0.02941271388810634,0.026236902527141216,0.0006883750542187091,0.011702040068336465,0.018195594371989768,0.02302602988217211,-0.14601500077330343,10,0.5,design,0.05,0.031440840943634175,0.027228566973533097,0.25,
probe_resnet50_lunit_bt,erm,True,0.02941271388810634,0.026236902527141216,0.0006883750542187091,0.011702040068336465,0.018195594371989768,0.02302602988217211,-0.14601500077330343,10,0.5,design,0.1,0.031440840943634175,0.027228566973533097,0.25,4
probe_resnet50_lunit_bt,erm,True,0.02941271388810634,0.026236902527141216,0.0006883750542187091,0.011702040068336465,0.018195594371989768,0.02302602988217211,-0.14601500077330343,10,0.5,design,0.2,0.031440840943634175,0.027228566973533097,0.25,3
probe_vit_s16_lunit_dino,erm,True,0.04344988182461499,0.04208525988873975,0.001771169099902767,0.002324824450542234,0.018195594371989768,0.018712813578153447,-0.16175441124699533,1,0.0,none,0.02,0.04605799053273483,0.04605799053273483,0.0,44
probe_vit_s16_lunit_dino,erm,True,0.04344988182461499,0.04208525988873975,0.001771169099902767,0.002324824450542234,0.018195594371989768,0.018712813578153447,-0.16175441124699533,1,0.0,none,0.05,0.04605799053273483,0.04605799053273483,0.0,9
probe_vit_s16_lunit_dino,erm,True,0.04344988182461499,0.04208525988873975,0.001771169099902767,0.002324824450542234,0.018195594371989768,0.018712813578153447,-0.16175441124699533,1,0.0,none,0.1,0.04605799053273483,0.04605799053273483,0.0,4
probe_vit_s16_lunit_dino,erm,True,0.04344988182461499,0.04208525988873975,0.001771169099902767,0.002324824450542234,0.018195594371989768,0.018712813578153447,-0.16175441124699533,1,0.0,none,0.2,0.04605799053273483,0.04605799053273483,0.0,3
probe_vit_s16_lunit_dino,erm,True,0.04344988182461499,0.04208525988873975,0.001771169099902767,0.002324824450542234,0.018195594371989768,0.018712813578153447,-0.16175441124699533,1,0.25,ratio,0.02,0.049238062999077584,0.04605799053273483,0.125,74
probe_vit_s16_lunit_dino,erm,True,0.04344988182461499,0.04208525988873975,0.001771169099902767,0.002324824450542234,0.018195594371989768,0.018712813578153447,-0.16175441124699533,1,0.25,ratio,0.05,0.049238062999077584,0.04605799053273483,0.125,14
probe_vit_s16_lunit_dino,erm,True,0.04344988182461499,0.04208525988873975,0.001771169099902767,0.002324824450542234,0.018195594371989768,0.018712813578153447,-0.16175441124699533,1,0.25,ratio,0.1,0.049238062999077584,0.04605799053273483,0.125,6
probe_vit_s16_lunit_dino,erm,True,0.04344988182461499,0.04208525988873975,0.001771169099902767,0.002324824450542234,0.018195594371989768,0.018712813578153447,-0.16175441124699533,1,0.25,ratio,0.2,0.049238062999077584,0.04605799053273483,0.125,3
probe_vit_s16_lunit_dino,erm,True,0.04344988182461499,0.04208525988873975,0.001771169099902767,0.002324824450542234,0.018195594371989768,0.018712813578153447,-0.16175441124699533,1,0.25,design,0.02,0.049238062999077584,0.04605799053273483,0.125,
probe_vit_s16_lunit_dino,erm,True,0.04344988182461499,0.04208525988873975,0.001771169099902767,0.002324824450542234,0.018195594371989768,0.018712813578153447,-0.16175441124699533,1,0.25,design,0.05,0.049238062999077584,0.04605799053273483,0.125,
probe_vit_s16_lunit_dino,erm,True,0.04344988182461499,0.04208525988873975,0.001771169099902767,0.002324824450542234,0.018195594371989768,0.018712813578153447,-0.16175441124699533,1,0.25,design,0.1,0.049238062999077584,0.04605799053273483,0.125,6
probe_vit_s16_lunit_dino,erm,True,0.04344988182461499,0.04208525988873975,0.001771169099902767,0.002324824450542234,0.018195594371989768,0.018712813578153447,-0.16175441124699533,1,0.25,design,0.2,0.049238062999077584,0.04605799053273483,0.125,3
probe_vit_s16_lunit_dino,erm,True,0.04344988182461499,0.04208525988873975,0.001771169099902767,0.002324824450542234,0.018195594371989768,0.018712813578153447,-0.16175441124699533,1,0.5,ratio,0.02,0.05318318646481538,0.04605799053273483,0.25,113
probe_vit_s16_lunit_dino,erm,True,0.04344988182461499,0.04208525988873975,0.001771169099902767,0.002324824450542234,0.018195594371989768,0.018712813578153447,-0.16175441124699533,1,0.5,ratio,0.05,0.05318318646481538,0.04605799053273483,0.25,20
probe_vit_s16_lunit_dino,erm,True,0.04344988182461499,0.04208525988873975,0.001771169099902767,0.002324824450542234,0.018195594371989768,0.018712813578153447,-0.16175441124699533,1,0.5,ratio,0.1,0.05318318646481538,0.04605799053273483,0.25,7
probe_vit_s16_lunit_dino,erm,True,0.04344988182461499,0.04208525988873975,0.001771169099902767,0.002324824450542234,0.018195594371989768,0.018712813578153447,-0.16175441124699533,1,0.5,ratio,0.2,0.05318318646481538,0.04605799053273483,0.25,4
probe_vit_s16_lunit_dino,erm,True,0.04344988182461499,0.04208525988873975,0.001771169099902767,0.002324824450542234,0.018195594371989768,0.018712813578153447,-0.16175441124699533,1,0.5,design,0.02,0.05318318646481538,0.04605799053273483,0.25,
probe_vit_s16_lunit_dino,erm,True,0.04344988182461499,0.04208525988873975,0.001771169099902767,0.002324824450542234,0.018195594371989768,0.018712813578153447,-0.16175441124699533,1,0.5,design,0.05,0.05318318646481538,0.04605799053273483,0.25,
probe_vit_s16_lunit_dino,erm,True,0.04344988182461499,0.04208525988873975,0.001771169099902767,0.002324824450542234,0.018195594371989768,0.018712813578153447,-0.16175441124699533,1,0.5,design,0.1,0.05318318646481538,0.04605799053273483,0.25,
probe_vit_s16_lunit_dino,erm,True,0.04344988182461499,0.04208525988873975,0.001771169099902767,0.002324824450542234,0.018195594371989768,0.018712813578153447,-0.16175441124699533,1,0.5,design,0.2,0.05318318646481538,0.04605799053273483,0.25,3
probe_vit_s16_lunit_dino,erm,True,0.04344988182461499,0.04208525988873975,0.001771169099902767,0.002324824450542234,0.018195594371989768,0.018712813578153447,-0.16175441124699533,3,0.0,none,0.02,0.04344988182461499,0.04344988182461499,0.0,40
probe_vit_s16_lunit_dino,erm,True,0.04344988182461499,0.04208525988873975,0.001771169099902767,0.002324824450542234,0.018195594371989768,0.018712813578153447,-0.16175441124699533,3,0.0,none,0.05,0.04344988182461499,0.04344988182461499,0.0,9
probe_vit_s16_lunit_dino,erm,True,0.04344988182461499,0.04208525988873975,0.001771169099902767,0.002324824450542234,0.018195594371989768,0.018712813578153447,-0.16175441124699533,3,0.0,none,0.1,0.04344988182461499,0.04344988182461499,0.0,4
probe_vit_s16_lunit_dino,erm,True,0.04344988182461499,0.04208525988873975,0.001771169099902767,0.002324824450542234,0.018195594371989768,0.018712813578153447,-0.16175441124699533,3,0.0,none,0.2,0.04344988182461499,0.04344988182461499,0.0,3
probe_vit_s16_lunit_dino,erm,True,0.04344988182461499,0.04208525988873975,0.001771169099902767,0.002324824450542234,0.018195594371989768,0.018712813578153447,-0.16175441124699533,3,0.25,ratio,0.02,0.04644987750957871,0.04344988182461499,0.125,66
probe_vit_s16_lunit_dino,erm,True,0.04344988182461499,0.04208525988873975,0.001771169099902767,0.002324824450542234,0.018195594371989768,0.018712813578153447,-0.16175441124699533,3,0.25,ratio,0.05,0.04644987750957871,0.04344988182461499,0.125,13
probe_vit_s16_lunit_dino,erm,True,0.04344988182461499,0.04208525988873975,0.001771169099902767,0.002324824450542234,0.018195594371989768,0.018712813578153447,-0.16175441124699533,3,0.25,ratio,0.1,0.04644987750957871,0.04344988182461499,0.125,5
probe_vit_s16_lunit_dino,erm,True,0.04344988182461499,0.04208525988873975,0.001771169099902767,0.002324824450542234,0.018195594371989768,0.018712813578153447,-0.16175441124699533,3,0.25,ratio,0.2,0.04644987750957871,0.04344988182461499,0.125,3
probe_vit_s16_lunit_dino,erm,True,0.04344988182461499,0.04208525988873975,0.001771169099902767,0.002324824450542234,0.018195594371989768,0.018712813578153447,-0.16175441124699533,3,0.25,design,0.02,0.04644987750957871,0.04344988182461499,0.125,
probe_vit_s16_lunit_dino,erm,True,0.04344988182461499,0.04208525988873975,0.001771169099902767,0.002324824450542234,0.018195594371989768,0.018712813578153447,-0.16175441124699533,3,0.25,design,0.05,0.04644987750957871,0.04344988182461499,0.125,
probe_vit_s16_lunit_dino,erm,True,0.04344988182461499,0.04208525988873975,0.001771169099902767,0.002324824450542234,0.018195594371989768,0.018712813578153447,-0.16175441124699533,3,0.25,design,0.1,0.04644987750957871,0.04344988182461499,0.125,5
probe_vit_s16_lunit_dino,erm,True,0.04344988182461499,0.04208525988873975,0.001771169099902767,0.002324824450542234,0.018195594371989768,0.018712813578153447,-0.16175441124699533,3,0.25,design,0.2,0.04644987750957871,0.04344988182461499,0.125,3
probe_vit_s16_lunit_dino,erm,True,0.04344988182461499,0.04208525988873975,0.001771169099902767,0.002324824450542234,0.018195594371989768,0.018712813578153447,-0.16175441124699533,3,0.5,ratio,0.02,0.05017160193539779,0.04344988182461499,0.25,101
probe_vit_s16_lunit_dino,erm,True,0.04344988182461499,0.04208525988873975,0.001771169099902767,0.002324824450542234,0.018195594371989768,0.018712813578153447,-0.16175441124699533,3,0.5,ratio,0.05,0.05017160193539779,0.04344988182461499,0.25,18
probe_vit_s16_lunit_dino,erm,True,0.04344988182461499,0.04208525988873975,0.001771169099902767,0.002324824450542234,0.018195594371989768,0.018712813578153447,-0.16175441124699533,3,0.5,ratio,0.1,0.05017160193539779,0.04344988182461499,0.25,7
probe_vit_s16_lunit_dino,erm,True,0.04344988182461499,0.04208525988873975,0.001771169099902767,0.002324824450542234,0.018195594371989768,0.018712813578153447,-0.16175441124699533,3,0.5,ratio,0.2,0.05017160193539779,0.04344988182461499,0.25,4
probe_vit_s16_lunit_dino,erm,True,0.04344988182461499,0.04208525988873975,0.001771169099902767,0.002324824450542234,0.018195594371989768,0.018712813578153447,-0.16175441124699533,3,0.5,design,0.02,0.05017160193539779,0.04344988182461499,0.25,
probe_vit_s16_lunit_dino,erm,True,0.04344988182461499,0.04208525988873975,0.001771169099902767,0.002324824450542234,0.018195594371989768,0.018712813578153447,-0.16175441124699533,3,0.5,design,0.05,0.05017160193539779,0.04344988182461499,0.25,
probe_vit_s16_lunit_dino,erm,True,0.04344988182461499,0.04208525988873975,0.001771169099902767,0.002324824450542234,0.018195594371989768,0.018712813578153447,-0.16175441124699533,3,0.5,design,0.1,0.05017160193539779,0.04344988182461499,0.25,79
probe_vit_s16_lunit_dino,erm,True,0.04344988182461499,0.04208525988873975,0.001771169099902767,0.002324824450542234,0.018195594371989768,0.018712813578153447,-0.16175441124699533,3,0.5,design,0.2,0.05017160193539779,0.04344988182461499,0.25,3
probe_vit_s16_lunit_dino,erm,True,0.04344988182461499,0.04208525988873975,0.001771169099902767,0.002324824450542234,0.018195594371989768,0.018712813578153447,-0.16175441124699533,5,0.0,none,0.02,0.04290924117605568,0.04290924117605568,0.0,39
probe_vit_s16_lunit_dino,erm,True,0.04344988182461499,0.04208525988873975,0.001771169099902767,0.002324824450542234,0.018195594371989768,0.018712813578153447,-0.16175441124699533,5,0.0,none,0.05,0.04290924117605568,0.04290924117605568,0.0,8
probe_vit_s16_lunit_dino,erm,True,0.04344988182461499,0.04208525988873975,0.001771169099902767,0.002324824450542234,0.018195594371989768,0.018712813578153447,-0.16175441124699533,5,0.0,none,0.1,0.04290924117605568,0.04290924117605568,0.0,4
probe_vit_s16_lunit_dino,erm,True,0.04344988182461499,0.04208525988873975,0.001771169099902767,0.002324824450542234,0.018195594371989768,0.018712813578153447,-0.16175441124699533,5,0.0,none,0.2,0.04290924117605568,0.04290924117605568,0.0,3
probe_vit_s16_lunit_dino,erm,True,0.04344988182461499,0.04208525988873975,0.001771169099902767,0.002324824450542234,0.018195594371989768,0.018712813578153447,-0.16175441124699533,5,0.25,ratio,0.02,0.04587190834492951,0.04290924117605568,0.125,64
probe_vit_s16_lunit_dino,erm,True,0.04344988182461499,0.04208525988873975,0.001771169099902767,0.002324824450542234,0.018195594371989768,0.018712813578153447,-0.16175441124699533,5,0.25,ratio,0.05,0.04587190834492951,0.04290924117605568,0.125,12
probe_vit_s16_lunit_dino,erm,True,0.04344988182461499,0.04208525988873975,0.001771169099902767,0.002324824450542234,0.018195594371989768,0.018712813578153447,-0.16175441124699533,5,0.25,ratio,0.1,0.04587190834492951,0.04290924117605568,0.125,5
probe_vit_s16_lunit_dino,erm,True,0.04344988182461499,0.04208525988873975,0.001771169099902767,0.002324824450542234,0.018195594371989768,0.018712813578153447,-0.16175441124699533,5,0.25,ratio,0.2,0.04587190834492951,0.04290924117605568,0.125,3
probe_vit_s16_lunit_dino,erm,True,0.04344988182461499,0.04208525988873975,0.001771169099902767,0.002324824450542234,0.018195594371989768,0.018712813578153447,-0.16175441124699533,5,0.25,design,0.02,0.04587190834492951,0.04290924117605568,0.125,
probe_vit_s16_lunit_dino,erm,True,0.04344988182461499,0.04208525988873975,0.001771169099902767,0.002324824450542234,0.018195594371989768,0.018712813578153447,-0.16175441124699533,5,0.25,design,0.05,0.04587190834492951,0.04290924117605568,0.125,
probe_vit_s16_lunit_dino,erm,True,0.04344988182461499,0.04208525988873975,0.001771169099902767,0.002324824450542234,0.018195594371989768,0.018712813578153447,-0.16175441124699533,5,0.25,design,0.1,0.04587190834492951,0.04290924117605568,0.125,5
probe_vit_s16_lunit_dino,erm,True,0.04344988182461499,0.04208525988873975,0.001771169099902767,0.002324824450542234,0.018195594371989768,0.018712813578153447,-0.16175441124699533,5,0.25,design,0.2,0.04587190834492951,0.04290924117605568,0.125,3
probe_vit_s16_lunit_dino,erm,True,0.04344988182461499,0.04208525988873975,0.001771169099902767,0.002324824450542234,0.018195594371989768,0.018712813578153447,-0.16175441124699533,5,0.5,ratio,0.02,0.04954732388743664,0.04290924117605568,0.25,99
probe_vit_s16_lunit_dino,erm,True,0.04344988182461499,0.04208525988873975,0.001771169099902767,0.002324824450542234,0.018195594371989768,0.018712813578153447,-0.16175441124699533,5,0.5,ratio,0.05,0.04954732388743664,0.04290924117605568,0.25,18
probe_vit_s16_lunit_dino,erm,True,0.04344988182461499,0.04208525988873975,0.001771169099902767,0.002324824450542234,0.018195594371989768,0.018712813578153447,-0.16175441124699533,5,0.5,ratio,0.1,0.04954732388743664,0.04290924117605568,0.25,7
probe_vit_s16_lunit_dino,erm,True,0.04344988182461499,0.04208525988873975,0.001771169099902767,0.002324824450542234,0.018195594371989768,0.018712813578153447,-0.16175441124699533,5,0.5,ratio,0.2,0.04954732388743664,0.04290924117605568,0.25,4
probe_vit_s16_lunit_dino,erm,True,0.04344988182461499,0.04208525988873975,0.001771169099902767,0.002324824450542234,0.018195594371989768,0.018712813578153447,-0.16175441124699533,5,0.5,design,0.02,0.04954732388743664,0.04290924117605568,0.25,
probe_vit_s16_lunit_dino,erm,True,0.04344988182461499,0.04208525988873975,0.001771169099902767,0.002324824450542234,0.018195594371989768,0.018712813578153447,-0.16175441124699533,5,0.5,design,0.05,0.04954732388743664,0.04290924117605568,0.25,
probe_vit_s16_lunit_dino,erm,True,0.04344988182461499,0.04208525988873975,0.001771169099902767,0.002324824450542234,0.018195594371989768,0.018712813578153447,-0.16175441124699533,5,0.5,design,0.1,0.04954732388743664,0.04290924117605568,0.25,28
probe_vit_s16_lunit_dino,erm,True,0.04344988182461499,0.04208525988873975,0.001771169099902767,0.002324824450542234,0.018195594371989768,0.018712813578153447,-0.16175441124699533,5,0.5,design,0.2,0.04954732388743664,0.04290924117605568,0.25,3
probe_vit_s16_lunit_dino,erm,True,0.04344988182461499,0.04208525988873975,0.001771169099902767,0.002324824450542234,0.018195594371989768,0.018712813578153447,-0.16175441124699533,10,0.0,none,0.02,0.04249924751220707,0.04249924751220707,0.0,38
probe_vit_s16_lunit_dino,erm,True,0.04344988182461499,0.04208525988873975,0.001771169099902767,0.002324824450542234,0.018195594371989768,0.018712813578153447,-0.16175441124699533,10,0.0,none,0.05,0.04249924751220707,0.04249924751220707,0.0,8
probe_vit_s16_lunit_dino,erm,True,0.04344988182461499,0.04208525988873975,0.001771169099902767,0.002324824450542234,0.018195594371989768,0.018712813578153447,-0.16175441124699533,10,0.0,none,0.1,0.04249924751220707,0.04249924751220707,0.0,4
probe_vit_s16_lunit_dino,erm,True,0.04344988182461499,0.04208525988873975,0.001771169099902767,0.002324824450542234,0.018195594371989768,0.018712813578153447,-0.16175441124699533,10,0.0,none,0.2,0.04249924751220707,0.04249924751220707,0.0,3
probe_vit_s16_lunit_dino,erm,True,0.04344988182461499,0.04208525988873975,0.001771169099902767,0.002324824450542234,0.018195594371989768,0.018712813578153447,-0.16175441124699533,10,0.25,ratio,0.02,0.0454336066818239,0.04249924751220707,0.125,63
probe_vit_s16_lunit_dino,erm,True,0.04344988182461499,0.04208525988873975,0.001771169099902767,0.002324824450542234,0.018195594371989768,0.018712813578153447,-0.16175441124699533,10,0.25,ratio,0.05,0.0454336066818239,0.04249924751220707,0.125,12
probe_vit_s16_lunit_dino,erm,True,0.04344988182461499,0.04208525988873975,0.001771169099902767,0.002324824450542234,0.018195594371989768,0.018712813578153447,-0.16175441124699533,10,0.25,ratio,0.1,0.0454336066818239,0.04249924751220707,0.125,5
probe_vit_s16_lunit_dino,erm,True,0.04344988182461499,0.04208525988873975,0.001771169099902767,0.002324824450542234,0.018195594371989768,0.018712813578153447,-0.16175441124699533,10,0.25,ratio,0.2,0.0454336066818239,0.04249924751220707,0.125,3
probe_vit_s16_lunit_dino,erm,True,0.04344988182461499,0.04208525988873975,0.001771169099902767,0.002324824450542234,0.018195594371989768,0.018712813578153447,-0.16175441124699533,10,0.25,design,0.02,0.0454336066818239,0.04249924751220707,0.125,
probe_vit_s16_lunit_dino,erm,True,0.04344988182461499,0.04208525988873975,0.001771169099902767,0.002324824450542234,0.018195594371989768,0.018712813578153447,-0.16175441124699533,10,0.25,design,0.05,0.0454336066818239,0.04249924751220707,0.125,
probe_vit_s16_lunit_dino,erm,True,0.04344988182461499,0.04208525988873975,0.001771169099902767,0.002324824450542234,0.018195594371989768,0.018712813578153447,-0.16175441124699533,10,0.25,design,0.1,0.0454336066818239,0.04249924751220707,0.125,5
probe_vit_s16_lunit_dino,erm,True,0.04344988182461499,0.04208525988873975,0.001771169099902767,0.002324824450542234,0.018195594371989768,0.018712813578153447,-0.16175441124699533,10,0.25,design,0.2,0.0454336066818239,0.04249924751220707,0.125,3
probe_vit_s16_lunit_dino,erm,True,0.04344988182461499,0.04208525988873975,0.001771169099902767,0.002324824450542234,0.018195594371989768,0.018712813578153447,-0.16175441124699533,10,0.5,ratio,0.02,0.049073903983058574,0.04249924751220707,0.25,97
probe_vit_s16_lunit_dino,erm,True,0.04344988182461499,0.04208525988873975,0.001771169099902767,0.002324824450542234,0.018195594371989768,0.018712813578153447,-0.16175441124699533,10,0.5,ratio,0.05,0.049073903983058574,0.04249924751220707,0.25,18
probe_vit_s16_lunit_dino,erm,True,0.04344988182461499,0.04208525988873975,0.001771169099902767,0.002324824450542234,0.018195594371989768,0.018712813578153447,-0.16175441124699533,10,0.5,ratio,0.1,0.049073903983058574,0.04249924751220707,0.25,6
probe_vit_s16_lunit_dino,erm,True,0.04344988182461499,0.04208525988873975,0.001771169099902767,0.002324824450542234,0.018195594371989768,0.018712813578153447,-0.16175441124699533,10,0.5,ratio,0.2,0.049073903983058574,0.04249924751220707,0.25,4
probe_vit_s16_lunit_dino,erm,True,0.04344988182461499,0.04208525988873975,0.001771169099902767,0.002324824450542234,0.018195594371989768,0.018712813578153447,-0.16175441124699533,10,0.5,design,0.02,0.049073903983058574,0.04249924751220707,0.25,
probe_vit_s16_lunit_dino,erm,True,0.04344988182461499,0.04208525988873975,0.001771169099902767,0.002324824450542234,0.018195594371989768,0.018712813578153447,-0.16175441124699533,10,0.5,design,0.05,0.049073903983058574,0.04249924751220707,0.25,
probe_vit_s16_lunit_dino,erm,True,0.04344988182461499,0.04208525988873975,0.001771169099902767,0.002324824450542234,0.018195594371989768,0.018712813578153447,-0.16175441124699533,10,0.5,design,0.1,0.049073903983058574,0.04249924751220707,0.25,20
probe_vit_s16_lunit_dino,erm,True,0.04344988182461499,0.04208525988873975,0.001771169099902767,0.002324824450542234,0.018195594371989768,0.018712813578153447,-0.16175441124699533,10,0.5,design,0.2,0.049073903983058574,0.04249924751220707,0.25,3
sam,erm,True,0.00880422683768137,0.0,-3.569285114863284e-06,0.019099667953825002,0.018195594371989768,0.01559650877512774,0.651204401107674,1,0.0,none,0.02,0.01559650877512774,0.01559650877512774,0.0,7
sam,erm,True,0.00880422683768137,0.0,-3.569285114863284e-06,0.019099667953825002,0.018195594371989768,0.01559650877512774,0.651204401107674,1,0.0,none,0.05,0.01559650877512774,0.01559650877512774,0.0,4
sam,erm,True,0.00880422683768137,0.0,-3.569285114863284e-06,0.019099667953825002,0.018195594371989768,0.01559650877512774,0.651204401107674,1,0.0,none,0.1,0.01559650877512774,0.01559650877512774,0.0,3
sam,erm,True,0.00880422683768137,0.0,-3.569285114863284e-06,0.019099667953825002,0.018195594371989768,0.01559650877512774,0.651204401107674,1,0.0,none,0.2,0.01559650877512774,0.01559650877512774,0.0,2
sam,erm,True,0.00880422683768137,0.0,-3.569285114863284e-06,0.019099667953825002,0.018195594371989768,0.01559650877512774,0.651204401107674,1,0.25,ratio,0.02,0.01667336921895466,0.01559650877512774,0.125,11
sam,erm,True,0.00880422683768137,0.0,-3.569285114863284e-06,0.019099667953825002,0.018195594371989768,0.01559650877512774,0.651204401107674,1,0.25,ratio,0.05,0.01667336921895466,0.01559650877512774,0.125,4
sam,erm,True,0.00880422683768137,0.0,-3.569285114863284e-06,0.019099667953825002,0.018195594371989768,0.01559650877512774,0.651204401107674,1,0.25,ratio,0.1,0.01667336921895466,0.01559650877512774,0.125,3
sam,erm,True,0.00880422683768137,0.0,-3.569285114863284e-06,0.019099667953825002,0.018195594371989768,0.01559650877512774,0.651204401107674,1,0.25,ratio,0.2,0.01667336921895466,0.01559650877512774,0.125,3
sam,erm,True,0.00880422683768137,0.0,-3.569285114863284e-06,0.019099667953825002,0.018195594371989768,0.01559650877512774,0.651204401107674,1,0.25,design,0.02,0.01667336921895466,0.01559650877512774,0.125,
sam,erm,True,0.00880422683768137,0.0,-3.569285114863284e-06,0.019099667953825002,0.018195594371989768,0.01559650877512774,0.651204401107674,1,0.25,design,0.05,0.01667336921895466,0.01559650877512774,0.125,4
sam,erm,True,0.00880422683768137,0.0,-3.569285114863284e-06,0.019099667953825002,0.018195594371989768,0.01559650877512774,0.651204401107674,1,0.25,design,0.1,0.01667336921895466,0.01559650877512774,0.125,3
sam,erm,True,0.00880422683768137,0.0,-3.569285114863284e-06,0.019099667953825002,0.018195594371989768,0.01559650877512774,0.651204401107674,1,0.25,design,0.2,0.01667336921895466,0.01559650877512774,0.125,3
sam,erm,True,0.00880422683768137,0.0,-3.569285114863284e-06,0.019099667953825002,0.018195594371989768,0.01559650877512774,0.651204401107674,1,0.5,ratio,0.02,0.018009297079476724,0.01559650877512774,0.25,15
sam,erm,True,0.00880422683768137,0.0,-3.569285114863284e-06,0.019099667953825002,0.018195594371989768,0.01559650877512774,0.651204401107674,1,0.5,ratio,0.05,0.018009297079476724,0.01559650877512774,0.25,5
sam,erm,True,0.00880422683768137,0.0,-3.569285114863284e-06,0.019099667953825002,0.018195594371989768,0.01559650877512774,0.651204401107674,1,0.5,ratio,0.1,0.018009297079476724,0.01559650877512774,0.25,3
sam,erm,True,0.00880422683768137,0.0,-3.569285114863284e-06,0.019099667953825002,0.018195594371989768,0.01559650877512774,0.651204401107674,1,0.5,ratio,0.2,0.018009297079476724,0.01559650877512774,0.25,3
sam,erm,True,0.00880422683768137,0.0,-3.569285114863284e-06,0.019099667953825002,0.018195594371989768,0.01559650877512774,0.651204401107674,1,0.5,design,0.02,0.018009297079476724,0.01559650877512774,0.25,
sam,erm,True,0.00880422683768137,0.0,-3.569285114863284e-06,0.019099667953825002,0.018195594371989768,0.01559650877512774,0.651204401107674,1,0.5,design,0.05,0.018009297079476724,0.01559650877512774,0.25,4
sam,erm,True,0.00880422683768137,0.0,-3.569285114863284e-06,0.019099667953825002,0.018195594371989768,0.01559650877512774,0.651204401107674,1,0.5,design,0.1,0.018009297079476724,0.01559650877512774,0.25,3
sam,erm,True,0.00880422683768137,0.0,-3.569285114863284e-06,0.019099667953825002,0.018195594371989768,0.01559650877512774,0.651204401107674,1,0.5,design,0.2,0.018009297079476724,0.01559650877512774,0.25,3
sam,erm,True,0.00880422683768137,0.0,-3.569285114863284e-06,0.019099667953825002,0.018195594371989768,0.01559650877512774,0.651204401107674,3,0.0,none,0.02,0.00900464853973836,0.00900464853973836,0.0,4
sam,erm,True,0.00880422683768137,0.0,-3.569285114863284e-06,0.019099667953825002,0.018195594371989768,0.01559650877512774,0.651204401107674,3,0.0,none,0.05,0.00900464853973836,0.00900464853973836,0.0,3
sam,erm,True,0.00880422683768137,0.0,-3.569285114863284e-06,0.019099667953825002,0.018195594371989768,0.01559650877512774,0.651204401107674,3,0.0,none,0.1,0.00900464853973836,0.00900464853973836,0.0,3
sam,erm,True,0.00880422683768137,0.0,-3.569285114863284e-06,0.019099667953825002,0.018195594371989768,0.01559650877512774,0.651204401107674,3,0.0,none,0.2,0.00900464853973836,0.00900464853973836,0.0,2
sam,erm,True,0.00880422683768137,0.0,-3.569285114863284e-06,0.019099667953825002,0.018195594371989768,0.01559650877512774,0.651204401107674,3,0.25,ratio,0.02,0.009626374206861492,0.00900464853973836,0.125,5
sam,erm,True,0.00880422683768137,0.0,-3.569285114863284e-06,0.019099667953825002,0.018195594371989768,0.01559650877512774,0.651204401107674,3,0.25,ratio,0.05,0.009626374206861492,0.00900464853973836,0.125,3
sam,erm,True,0.00880422683768137,0.0,-3.569285114863284e-06,0.019099667953825002,0.018195594371989768,0.01559650877512774,0.651204401107674,3,0.25,ratio,0.1,0.009626374206861492,0.00900464853973836,0.125,3
sam,erm,True,0.00880422683768137,0.0,-3.569285114863284e-06,0.019099667953825002,0.018195594371989768,0.01559650877512774,0.651204401107674,3,0.25,ratio,0.2,0.009626374206861492,0.00900464853973836,0.125,2
sam,erm,True,0.00880422683768137,0.0,-3.569285114863284e-06,0.019099667953825002,0.018195594371989768,0.01559650877512774,0.651204401107674,3,0.25,design,0.02,0.009626374206861492,0.00900464853973836,0.125,5
sam,erm,True,0.00880422683768137,0.0,-3.569285114863284e-06,0.019099667953825002,0.018195594371989768,0.01559650877512774,0.651204401107674,3,0.25,design,0.05,0.009626374206861492,0.00900464853973836,0.125,3
sam,erm,True,0.00880422683768137,0.0,-3.569285114863284e-06,0.019099667953825002,0.018195594371989768,0.01559650877512774,0.651204401107674,3,0.25,design,0.1,0.009626374206861492,0.00900464853973836,0.125,3
sam,erm,True,0.00880422683768137,0.0,-3.569285114863284e-06,0.019099667953825002,0.018195594371989768,0.01559650877512774,0.651204401107674,3,0.25,design,0.2,0.009626374206861492,0.00900464853973836,0.125,3
sam,erm,True,0.00880422683768137,0.0,-3.569285114863284e-06,0.019099667953825002,0.018195594371989768,0.01559650877512774,0.651204401107674,3,0.5,ratio,0.02,0.010397672516751827,0.00900464853973836,0.25,7
sam,erm,True,0.00880422683768137,0.0,-3.569285114863284e-06,0.019099667953825002,0.018195594371989768,0.01559650877512774,0.651204401107674,3,0.5,ratio,0.05,0.010397672516751827,0.00900464853973836,0.25,3
sam,erm,True,0.00880422683768137,0.0,-3.569285114863284e-06,0.019099667953825002,0.018195594371989768,0.01559650877512774,0.651204401107674,3,0.5,ratio,0.1,0.010397672516751827,0.00900464853973836,0.25,3
sam,erm,True,0.00880422683768137,0.0,-3.569285114863284e-06,0.019099667953825002,0.018195594371989768,0.01559650877512774,0.651204401107674,3,0.5,ratio,0.2,0.010397672516751827,0.00900464853973836,0.25,2
sam,erm,True,0.00880422683768137,0.0,-3.569285114863284e-06,0.019099667953825002,0.018195594371989768,0.01559650877512774,0.651204401107674,3,0.5,design,0.02,0.010397672516751827,0.00900464853973836,0.25,
sam,erm,True,0.00880422683768137,0.0,-3.569285114863284e-06,0.019099667953825002,0.018195594371989768,0.01559650877512774,0.651204401107674,3,0.5,design,0.05,0.010397672516751827,0.00900464853973836,0.25,3
sam,erm,True,0.00880422683768137,0.0,-3.569285114863284e-06,0.019099667953825002,0.018195594371989768,0.01559650877512774,0.651204401107674,3,0.5,design,0.1,0.010397672516751827,0.00900464853973836,0.25,3
sam,erm,True,0.00880422683768137,0.0,-3.569285114863284e-06,0.019099667953825002,0.018195594371989768,0.01559650877512774,0.651204401107674,3,0.5,design,0.2,0.010397672516751827,0.00900464853973836,0.25,3
sam,erm,True,0.00880422683768137,0.0,-3.569285114863284e-06,0.019099667953825002,0.018195594371989768,0.01559650877512774,0.651204401107674,5,0.0,none,0.02,0.006974970766571522,0.006974970766571522,0.0,4
sam,erm,True,0.00880422683768137,0.0,-3.569285114863284e-06,0.019099667953825002,0.018195594371989768,0.01559650877512774,0.651204401107674,5,0.0,none,0.05,0.006974970766571522,0.006974970766571522,0.0,3
sam,erm,True,0.00880422683768137,0.0,-3.569285114863284e-06,0.019099667953825002,0.018195594371989768,0.01559650877512774,0.651204401107674,5,0.0,none,0.1,0.006974970766571522,0.006974970766571522,0.0,2
sam,erm,True,0.00880422683768137,0.0,-3.569285114863284e-06,0.019099667953825002,0.018195594371989768,0.01559650877512774,0.651204401107674,5,0.0,none,0.2,0.006974970766571522,0.006974970766571522,0.0,2
sam,erm,True,0.00880422683768137,0.0,-3.569285114863284e-06,0.019099667953825002,0.018195594371989768,0.01559650877512774,0.651204401107674,5,0.25,ratio,0.02,0.0074565573975070385,0.006974970766571522,0.125,4
sam,erm,True,0.00880422683768137,0.0,-3.569285114863284e-06,0.019099667953825002,0.018195594371989768,0.01559650877512774,0.651204401107674,5,0.25,ratio,0.05,0.0074565573975070385,0.006974970766571522,0.125,3
sam,erm,True,0.00880422683768137,0.0,-3.569285114863284e-06,0.019099667953825002,0.018195594371989768,0.01559650877512774,0.651204401107674,5,0.25,ratio,0.1,0.0074565573975070385,0.006974970766571522,0.125,3
sam,erm,True,0.00880422683768137,0.0,-3.569285114863284e-06,0.019099667953825002,0.018195594371989768,0.01559650877512774,0.651204401107674,5,0.25,ratio,0.2,0.0074565573975070385,0.006974970766571522,0.125,2
sam,erm,True,0.00880422683768137,0.0,-3.569285114863284e-06,0.019099667953825002,0.018195594371989768,0.01559650877512774,0.651204401107674,5,0.25,design,0.02,0.0074565573975070385,0.006974970766571522,0.125,4
sam,erm,True,0.00880422683768137,0.0,-3.569285114863284e-06,0.019099667953825002,0.018195594371989768,0.01559650877512774,0.651204401107674,5,0.25,design,0.05,0.0074565573975070385,0.006974970766571522,0.125,3
sam,erm,True,0.00880422683768137,0.0,-3.569285114863284e-06,0.019099667953825002,0.018195594371989768,0.01559650877512774,0.651204401107674,5,0.25,design,0.1,0.0074565573975070385,0.006974970766571522,0.125,3
sam,erm,True,0.00880422683768137,0.0,-3.569285114863284e-06,0.019099667953825002,0.018195594371989768,0.01559650877512774,0.651204401107674,5,0.25,design,0.2,0.0074565573975070385,0.006974970766571522,0.125,3
sam,erm,True,0.00880422683768137,0.0,-3.569285114863284e-06,0.019099667953825002,0.018195594371989768,0.01559650877512774,0.651204401107674,5,0.5,ratio,0.02,0.008054002499339678,0.006974970766571522,0.25,5
sam,erm,True,0.00880422683768137,0.0,-3.569285114863284e-06,0.019099667953825002,0.018195594371989768,0.01559650877512774,0.651204401107674,5,0.5,ratio,0.05,0.008054002499339678,0.006974970766571522,0.25,3
sam,erm,True,0.00880422683768137,0.0,-3.569285114863284e-06,0.019099667953825002,0.018195594371989768,0.01559650877512774,0.651204401107674,5,0.5,ratio,0.1,0.008054002499339678,0.006974970766571522,0.25,3
sam,erm,True,0.00880422683768137,0.0,-3.569285114863284e-06,0.019099667953825002,0.018195594371989768,0.01559650877512774,0.651204401107674,5,0.5,ratio,0.2,0.008054002499339678,0.006974970766571522,0.25,2
sam,erm,True,0.00880422683768137,0.0,-3.569285114863284e-06,0.019099667953825002,0.018195594371989768,0.01559650877512774,0.651204401107674,5,0.5,design,0.02,0.008054002499339678,0.006974970766571522,0.25,5
sam,erm,True,0.00880422683768137,0.0,-3.569285114863284e-06,0.019099667953825002,0.018195594371989768,0.01559650877512774,0.651204401107674,5,0.5,design,0.05,0.008054002499339678,0.006974970766571522,0.25,3
sam,erm,True,0.00880422683768137,0.0,-3.569285114863284e-06,0.019099667953825002,0.018195594371989768,0.01559650877512774,0.651204401107674,5,0.5,design,0.1,0.008054002499339678,0.006974970766571522,0.25,3
sam,erm,True,0.00880422683768137,0.0,-3.569285114863284e-06,0.019099667953825002,0.018195594371989768,0.01559650877512774,0.651204401107674,5,0.5,design,0.2,0.008054002499339678,0.006974970766571522,0.25,3
sam,erm,True,0.00880422683768137,0.0,-3.569285114863284e-06,0.019099667953825002,0.018195594371989768,0.01559650877512774,0.651204401107674,10,0.0,none,0.02,0.0049320491276206545,0.0049320491276206545,0.0,3
sam,erm,True,0.00880422683768137,0.0,-3.569285114863284e-06,0.019099667953825002,0.018195594371989768,0.01559650877512774,0.651204401107674,10,0.0,none,0.05,0.0049320491276206545,0.0049320491276206545,0.0,3
sam,erm,True,0.00880422683768137,0.0,-3.569285114863284e-06,0.019099667953825002,0.018195594371989768,0.01559650877512774,0.651204401107674,10,0.0,none,0.1,0.0049320491276206545,0.0049320491276206545,0.0,2
sam,erm,True,0.00880422683768137,0.0,-3.569285114863284e-06,0.019099667953825002,0.018195594371989768,0.01559650877512774,0.651204401107674,10,0.0,none,0.2,0.0049320491276206545,0.0049320491276206545,0.0,2
sam,erm,True,0.00880422683768137,0.0,-3.569285114863284e-06,0.019099667953825002,0.018195594371989768,0.01559650877512774,0.651204401107674,10,0.25,ratio,0.02,0.005272582300083942,0.0049320491276206545,0.125,4
sam,erm,True,0.00880422683768137,0.0,-3.569285114863284e-06,0.019099667953825002,0.018195594371989768,0.01559650877512774,0.651204401107674,10,0.25,ratio,0.05,0.005272582300083942,0.0049320491276206545,0.125,3
sam,erm,True,0.00880422683768137,0.0,-3.569285114863284e-06,0.019099667953825002,0.018195594371989768,0.01559650877512774,0.651204401107674,10,0.25,ratio,0.1,0.005272582300083942,0.0049320491276206545,0.125,2
sam,erm,True,0.00880422683768137,0.0,-3.569285114863284e-06,0.019099667953825002,0.018195594371989768,0.01559650877512774,0.651204401107674,10,0.25,ratio,0.2,0.005272582300083942,0.0049320491276206545,0.125,2
sam,erm,True,0.00880422683768137,0.0,-3.569285114863284e-06,0.019099667953825002,0.018195594371989768,0.01559650877512774,0.651204401107674,10,0.25,design,0.02,0.005272582300083942,0.0049320491276206545,0.125,3
sam,erm,True,0.00880422683768137,0.0,-3.569285114863284e-06,0.019099667953825002,0.018195594371989768,0.01559650877512774,0.651204401107674,10,0.25,design,0.05,0.005272582300083942,0.0049320491276206545,0.125,3
sam,erm,True,0.00880422683768137,0.0,-3.569285114863284e-06,0.019099667953825002,0.018195594371989768,0.01559650877512774,0.651204401107674,10,0.25,design,0.1,0.005272582300083942,0.0049320491276206545,0.125,3
sam,erm,True,0.00880422683768137,0.0,-3.569285114863284e-06,0.019099667953825002,0.018195594371989768,0.01559650877512774,0.651204401107674,10,0.25,design,0.2,0.005272582300083942,0.0049320491276206545,0.125,3
sam,erm,True,0.00880422683768137,0.0,-3.569285114863284e-06,0.019099667953825002,0.018195594371989768,0.01559650877512774,0.651204401107674,10,0.5,ratio,0.02,0.005695039782976488,0.0049320491276206545,0.25,4
sam,erm,True,0.00880422683768137,0.0,-3.569285114863284e-06,0.019099667953825002,0.018195594371989768,0.01559650877512774,0.651204401107674,10,0.5,ratio,0.05,0.005695039782976488,0.0049320491276206545,0.25,3
sam,erm,True,0.00880422683768137,0.0,-3.569285114863284e-06,0.019099667953825002,0.018195594371989768,0.01559650877512774,0.651204401107674,10,0.5,ratio,0.1,0.005695039782976488,0.0049320491276206545,0.25,2
sam,erm,True,0.00880422683768137,0.0,-3.569285114863284e-06,0.019099667953825002,0.018195594371989768,0.01559650877512774,0.651204401107674,10,0.5,ratio,0.2,0.005695039782976488,0.0049320491276206545,0.25,2
sam,erm,True,0.00880422683768137,0.0,-3.569285114863284e-06,0.019099667953825002,0.018195594371989768,0.01559650877512774,0.651204401107674,10,0.5,design,0.02,0.005695039782976488,0.0049320491276206545,0.25,3
sam,erm,True,0.00880422683768137,0.0,-3.569285114863284e-06,0.019099667953825002,0.018195594371989768,0.01559650877512774,0.651204401107674,10,0.5,design,0.05,0.005695039782976488,0.0049320491276206545,0.25,3
sam,erm,True,0.00880422683768137,0.0,-3.569285114863284e-06,0.019099667953825002,0.018195594371989768,0.01559650877512774,0.651204401107674,10,0.5,design,0.1,0.005695039782976488,0.0049320491276206545,0.25,3
sam,erm,True,0.00880422683768137,0.0,-3.569285114863284e-06,0.019099667953825002,0.018195594371989768,0.01559650877512774,0.651204401107674,10,0.5,design,0.2,0.005695039782976488,0.0049320491276206545,0.25,3
simclr,erm,True,0.013701258863428658,0.00801316168917966,6.421076025693663e-05,0.00655461470597442,0.018195594371989768,0.019249446811719997,0.014679171147281275,1,0.0,none,0.02,0.02085070653033546,0.02085070653033546,0.0,11
simclr,erm,True,0.013701258863428658,0.00801316168917966,6.421076025693663e-05,0.00655461470597442,0.018195594371989768,0.019249446811719997,0.014679171147281275,1,0.0,none,0.05,0.02085070653033546,0.02085070653033546,0.0,4
simclr,erm,True,0.013701258863428658,0.00801316168917966,6.421076025693663e-05,0.00655461470597442,0.018195594371989768,0.019249446811719997,0.014679171147281275,1,0.0,none,0.1,0.02085070653033546,0.02085070653033546,0.0,3
simclr,erm,True,0.013701258863428658,0.00801316168917966,6.421076025693663e-05,0.00655461470597442,0.018195594371989768,0.019249446811719997,0.014679171147281275,1,0.0,none,0.2,0.02085070653033546,0.02085070653033546,0.0,3
simclr,erm,True,0.013701258863428658,0.00801316168917966,6.421076025693663e-05,0.00655461470597442,0.018195594371989768,0.019249446811719997,0.014679171147281275,1,0.25,ratio,0.02,0.02229034288819581,0.02085070653033546,0.125,17
simclr,erm,True,0.013701258863428658,0.00801316168917966,6.421076025693663e-05,0.00655461470597442,0.018195594371989768,0.019249446811719997,0.014679171147281275,1,0.25,ratio,0.05,0.02229034288819581,0.02085070653033546,0.125,5
simclr,erm,True,0.013701258863428658,0.00801316168917966,6.421076025693663e-05,0.00655461470597442,0.018195594371989768,0.019249446811719997,0.014679171147281275,1,0.25,ratio,0.1,0.02229034288819581,0.02085070653033546,0.125,3
simclr,erm,True,0.013701258863428658,0.00801316168917966,6.421076025693663e-05,0.00655461470597442,0.018195594371989768,0.019249446811719997,0.014679171147281275,1,0.25,ratio,0.2,0.02229034288819581,0.02085070653033546,0.125,3
simclr,erm,True,0.013701258863428658,0.00801316168917966,6.421076025693663e-05,0.00655461470597442,0.018195594371989768,0.019249446811719997,0.014679171147281275,1,0.25,design,0.02,0.02229034288819581,0.02085070653033546,0.125,
simclr,erm,True,0.013701258863428658,0.00801316168917966,6.421076025693663e-05,0.00655461470597442,0.018195594371989768,0.019249446811719997,0.014679171147281275,1,0.25,design,0.05,0.02229034288819581,0.02085070653033546,0.125,5
simclr,erm,True,0.013701258863428658,0.00801316168917966,6.421076025693663e-05,0.00655461470597442,0.018195594371989768,0.019249446811719997,0.014679171147281275,1,0.25,design,0.1,0.02229034288819581,0.02085070653033546,0.125,3
simclr,erm,True,0.013701258863428658,0.00801316168917966,6.421076025693663e-05,0.00655461470597442,0.018195594371989768,0.019249446811719997,0.014679171147281275,1,0.25,design,0.2,0.02229034288819581,0.02085070653033546,0.125,3
simclr,erm,True,0.013701258863428658,0.00801316168917966,6.421076025693663e-05,0.00655461470597442,0.018195594371989768,0.019249446811719997,0.014679171147281275,1,0.5,ratio,0.02,0.02407632205616613,0.02085070653033546,0.25,25
simclr,erm,True,0.013701258863428658,0.00801316168917966,6.421076025693663e-05,0.00655461470597442,0.018195594371989768,0.019249446811719997,0.014679171147281275,1,0.5,ratio,0.05,0.02407632205616613,0.02085070653033546,0.25,6
simclr,erm,True,0.013701258863428658,0.00801316168917966,6.421076025693663e-05,0.00655461470597442,0.018195594371989768,0.019249446811719997,0.014679171147281275,1,0.5,ratio,0.1,0.02407632205616613,0.02085070653033546,0.25,4
simclr,erm,True,0.013701258863428658,0.00801316168917966,6.421076025693663e-05,0.00655461470597442,0.018195594371989768,0.019249446811719997,0.014679171147281275,1,0.5,ratio,0.2,0.02407632205616613,0.02085070653033546,0.25,3
simclr,erm,True,0.013701258863428658,0.00801316168917966,6.421076025693663e-05,0.00655461470597442,0.018195594371989768,0.019249446811719997,0.014679171147281275,1,0.5,design,0.02,0.02407632205616613,0.02085070653033546,0.25,
simclr,erm,True,0.013701258863428658,0.00801316168917966,6.421076025693663e-05,0.00655461470597442,0.018195594371989768,0.019249446811719997,0.014679171147281275,1,0.5,design,0.05,0.02407632205616613,0.02085070653033546,0.25,13
simclr,erm,True,0.013701258863428658,0.00801316168917966,6.421076025693663e-05,0.00655461470597442,0.018195594371989768,0.019249446811719997,0.014679171147281275,1,0.5,design,0.1,0.02407632205616613,0.02085070653033546,0.25,3
simclr,erm,True,0.013701258863428658,0.00801316168917966,6.421076025693663e-05,0.00655461470597442,0.018195594371989768,0.019249446811719997,0.014679171147281275,1,0.5,design,0.2,0.02407632205616613,0.02085070653033546,0.25,3
simclr,erm,True,0.013701258863428658,0.00801316168917966,6.421076025693663e-05,0.00655461470597442,0.018195594371989768,0.019249446811719997,0.014679171147281275,3,0.0,none,0.02,0.013701258863428658,0.013701258863428658,0.0,6
simclr,erm,True,0.013701258863428658,0.00801316168917966,6.421076025693663e-05,0.00655461470597442,0.018195594371989768,0.019249446811719997,0.014679171147281275,3,0.0,none,0.05,0.013701258863428658,0.013701258863428658,0.0,3
simclr,erm,True,0.013701258863428658,0.00801316168917966,6.421076025693663e-05,0.00655461470597442,0.018195594371989768,0.019249446811719997,0.014679171147281275,3,0.0,none,0.1,0.013701258863428658,0.013701258863428658,0.0,3
simclr,erm,True,0.013701258863428658,0.00801316168917966,6.421076025693663e-05,0.00655461470597442,0.018195594371989768,0.019249446811719997,0.014679171147281275,3,0.0,none,0.2,0.013701258863428658,0.013701258863428658,0.0,2
simclr,erm,True,0.013701258863428658,0.00801316168917966,6.421076025693663e-05,0.00655461470597442,0.018195594371989768,0.019249446811719997,0.014679171147281275,3,0.25,ratio,0.02,0.014647261838414222,0.013701258863428658,0.125,9
simclr,erm,True,0.013701258863428658,0.00801316168917966,6.421076025693663e-05,0.00655461470597442,0.018195594371989768,0.019249446811719997,0.014679171147281275,3,0.25,ratio,0.05,0.014647261838414222,0.013701258863428658,0.125,4
simclr,erm,True,0.013701258863428658,0.00801316168917966,6.421076025693663e-05,0.00655461470597442,0.018195594371989768,0.019249446811719997,0.014679171147281275,3,0.25,ratio,0.1,0.014647261838414222,0.013701258863428658,0.125,3
simclr,erm,True,0.013701258863428658,0.00801316168917966,6.421076025693663e-05,0.00655461470597442,0.018195594371989768,0.019249446811719997,0.014679171147281275,3,0.25,ratio,0.2,0.014647261838414222,0.013701258863428658,0.125,3
simclr,erm,True,0.013701258863428658,0.00801316168917966,6.421076025693663e-05,0.00655461470597442,0.018195594371989768,0.019249446811719997,0.014679171147281275,3,0.25,design,0.02,0.014647261838414222,0.013701258863428658,0.125,
simclr,erm,True,0.013701258863428658,0.00801316168917966,6.421076025693663e-05,0.00655461470597442,0.018195594371989768,0.019249446811719997,0.014679171147281275,3,0.25,design,0.05,0.014647261838414222,0.013701258863428658,0.125,3
simclr,erm,True,0.013701258863428658,0.00801316168917966,6.421076025693663e-05,0.00655461470597442,0.018195594371989768,0.019249446811719997,0.014679171147281275,3,0.25,design,0.1,0.014647261838414222,0.013701258863428658,0.125,3
simclr,erm,True,0.013701258863428658,0.00801316168917966,6.421076025693663e-05,0.00655461470597442,0.018195594371989768,0.019249446811719997,0.014679171147281275,3,0.25,design,0.2,0.014647261838414222,0.013701258863428658,0.125,3
simclr,erm,True,0.013701258863428658,0.00801316168917966,6.421076025693663e-05,0.00655461470597442,0.018195594371989768,0.019249446811719997,0.014679171147281275,3,0.5,ratio,0.02,0.015820850986074563,0.013701258863428658,0.25,12
simclr,erm,True,0.013701258863428658,0.00801316168917966,6.421076025693663e-05,0.00655461470597442,0.018195594371989768,0.019249446811719997,0.014679171147281275,3,0.5,ratio,0.05,0.015820850986074563,0.013701258863428658,0.25,4
simclr,erm,True,0.013701258863428658,0.00801316168917966,6.421076025693663e-05,0.00655461470597442,0.018195594371989768,0.019249446811719997,0.014679171147281275,3,0.5,ratio,0.1,0.015820850986074563,0.013701258863428658,0.25,3
simclr,erm,True,0.013701258863428658,0.00801316168917966,6.421076025693663e-05,0.00655461470597442,0.018195594371989768,0.019249446811719997,0.014679171147281275,3,0.5,ratio,0.2,0.015820850986074563,0.013701258863428658,0.25,3
simclr,erm,True,0.013701258863428658,0.00801316168917966,6.421076025693663e-05,0.00655461470597442,0.018195594371989768,0.019249446811719997,0.014679171147281275,3,0.5,design,0.02,0.015820850986074563,0.013701258863428658,0.25,
simclr,erm,True,0.013701258863428658,0.00801316168917966,6.421076025693663e-05,0.00655461470597442,0.018195594371989768,0.019249446811719997,0.014679171147281275,3,0.5,design,0.05,0.015820850986074563,0.013701258863428658,0.25,4
simclr,erm,True,0.013701258863428658,0.00801316168917966,6.421076025693663e-05,0.00655461470597442,0.018195594371989768,0.019249446811719997,0.014679171147281275,3,0.5,design,0.1,0.015820850986074563,0.013701258863428658,0.25,3
simclr,erm,True,0.013701258863428658,0.00801316168917966,6.421076025693663e-05,0.00655461470597442,0.018195594371989768,0.019249446811719997,0.014679171147281275,3,0.5,design,0.2,0.015820850986074563,0.013701258863428658,0.25,3
simclr,erm,True,0.013701258863428658,0.00801316168917966,6.421076025693663e-05,0.00655461470597442,0.018195594371989768,0.019249446811719997,0.014679171147281275,5,0.0,none,0.02,0.011760909861417358,0.011760909861417358,0.0,5
simclr,erm,True,0.013701258863428658,0.00801316168917966,6.421076025693663e-05,0.00655461470597442,0.018195594371989768,0.019249446811719997,0.014679171147281275,5,0.0,none,0.05,0.011760909861417358,0.011760909861417358,0.0,3
simclr,erm,True,0.013701258863428658,0.00801316168917966,6.421076025693663e-05,0.00655461470597442,0.018195594371989768,0.019249446811719997,0.014679171147281275,5,0.0,none,0.1,0.011760909861417358,0.011760909861417358,0.0,3
simclr,erm,True,0.013701258863428658,0.00801316168917966,6.421076025693663e-05,0.00655461470597442,0.018195594371989768,0.019249446811719997,0.014679171147281275,5,0.0,none,0.2,0.011760909861417358,0.011760909861417358,0.0,2
simclr,erm,True,0.013701258863428658,0.00801316168917966,6.421076025693663e-05,0.00655461470597442,0.018195594371989768,0.019249446811719997,0.014679171147281275,5,0.25,ratio,0.02,0.012572941502329928,0.011760909861417358,0.125,7
simclr,erm,True,0.013701258863428658,0.00801316168917966,6.421076025693663e-05,0.00655461470597442,0.018195594371989768,0.019249446811719997,0.014679171147281275,5,0.25,ratio,0.05,0.012572941502329928,0.011760909861417358,0.125,4
simclr,erm,True,0.013701258863428658,0.00801316168917966,6.421076025693663e-05,0.00655461470597442,0.018195594371989768,0.019249446811719997,0.014679171147281275,5,0.25,ratio,0.1,0.012572941502329928,0.011760909861417358,0.125,3
simclr,erm,True,0.013701258863428658,0.00801316168917966,6.421076025693663e-05,0.00655461470597442,0.018195594371989768,0.019249446811719997,0.014679171147281275,5,0.25,ratio,0.2,0.012572941502329928,0.011760909861417358,0.125,2
simclr,erm,True,0.013701258863428658,0.00801316168917966,6.421076025693663e-05,0.00655461470597442,0.018195594371989768,0.019249446811719997,0.014679171147281275,5,0.25,design,0.02,0.012572941502329928,0.011760909861417358,0.125,13
simclr,erm,True,0.013701258863428658,0.00801316168917966,6.421076025693663e-05,0.00655461470597442,0.018195594371989768,0.019249446811719997,0.014679171147281275,5,0.25,design,0.05,0.012572941502329928,0.011760909861417358,0.125,3
simclr,erm,True,0.013701258863428658,0.00801316168917966,6.421076025693663e-05,0.00655461470597442,0.018195594371989768,0.019249446811719997,0.014679171147281275,5,0.25,design,0.1,0.012572941502329928,0.011760909861417358,0.125,3
simclr,erm,True,0.013701258863428658,0.00801316168917966,6.421076025693663e-05,0.00655461470597442,0.018195594371989768,0.019249446811719997,0.014679171147281275,5,0.25,design,0.2,0.012572941502329928,0.011760909861417358,0.125,3
simclr,erm,True,0.013701258863428658,0.00801316168917966,6.421076025693663e-05,0.00655461470597442,0.018195594371989768,0.019249446811719997,0.014679171147281275,5,0.5,ratio,0.02,0.013580328948808472,0.011760909861417358,0.25,10
simclr,erm,True,0.013701258863428658,0.00801316168917966,6.421076025693663e-05,0.00655461470597442,0.018195594371989768,0.019249446811719997,0.014679171147281275,5,0.5,ratio,0.05,0.013580328948808472,0.011760909861417358,0.25,4
simclr,erm,True,0.013701258863428658,0.00801316168917966,6.421076025693663e-05,0.00655461470597442,0.018195594371989768,0.019249446811719997,0.014679171147281275,5,0.5,ratio,0.1,0.013580328948808472,0.011760909861417358,0.25,3
simclr,erm,True,0.013701258863428658,0.00801316168917966,6.421076025693663e-05,0.00655461470597442,0.018195594371989768,0.019249446811719997,0.014679171147281275,5,0.5,ratio,0.2,0.013580328948808472,0.011760909861417358,0.25,3
simclr,erm,True,0.013701258863428658,0.00801316168917966,6.421076025693663e-05,0.00655461470597442,0.018195594371989768,0.019249446811719997,0.014679171147281275,5,0.5,design,0.02,0.013580328948808472,0.011760909861417358,0.25,
simclr,erm,True,0.013701258863428658,0.00801316168917966,6.421076025693663e-05,0.00655461470597442,0.018195594371989768,0.019249446811719997,0.014679171147281275,5,0.5,design,0.05,0.013580328948808472,0.011760909861417358,0.25,3
simclr,erm,True,0.013701258863428658,0.00801316168917966,6.421076025693663e-05,0.00655461470597442,0.018195594371989768,0.019249446811719997,0.014679171147281275,5,0.5,design,0.1,0.013580328948808472,0.011760909861417358,0.25,3
simclr,erm,True,0.013701258863428658,0.00801316168917966,6.421076025693663e-05,0.00655461470597442,0.018195594371989768,0.019249446811719997,0.014679171147281275,5,0.5,design,0.2,0.013580328948808472,0.011760909861417358,0.25,3
simclr,erm,True,0.013701258863428658,0.00801316168917966,6.421076025693663e-05,0.00655461470597442,0.018195594371989768,0.019249446811719997,0.014679171147281275,10,0.0,none,0.02,0.010063045290202183,0.010063045290202183,0.0,5
simclr,erm,True,0.013701258863428658,0.00801316168917966,6.421076025693663e-05,0.00655461470597442,0.018195594371989768,0.019249446811719997,0.014679171147281275,10,0.0,none,0.05,0.010063045290202183,0.010063045290202183,0.0,3
simclr,erm,True,0.013701258863428658,0.00801316168917966,6.421076025693663e-05,0.00655461470597442,0.018195594371989768,0.019249446811719997,0.014679171147281275,10,0.0,none,0.1,0.010063045290202183,0.010063045290202183,0.0,3
simclr,erm,True,0.013701258863428658,0.00801316168917966,6.421076025693663e-05,0.00655461470597442,0.018195594371989768,0.019249446811719997,0.014679171147281275,10,0.0,none,0.2,0.010063045290202183,0.010063045290202183,0.0,2
simclr,erm,True,0.013701258863428658,0.00801316168917966,6.421076025693663e-05,0.00655461470597442,0.018195594371989768,0.019249446811719997,0.014679171147281275,10,0.25,ratio,0.02,0.010757847926721634,0.010063045290202183,0.125,6
simclr,erm,True,0.013701258863428658,0.00801316168917966,6.421076025693663e-05,0.00655461470597442,0.018195594371989768,0.019249446811719997,0.014679171147281275,10,0.25,ratio,0.05,0.010757847926721634,0.010063045290202183,0.125,3
simclr,erm,True,0.013701258863428658,0.00801316168917966,6.421076025693663e-05,0.00655461470597442,0.018195594371989768,0.019249446811719997,0.014679171147281275,10,0.25,ratio,0.1,0.010757847926721634,0.010063045290202183,0.125,3
simclr,erm,True,0.013701258863428658,0.00801316168917966,6.421076025693663e-05,0.00655461470597442,0.018195594371989768,0.019249446811719997,0.014679171147281275,10,0.25,ratio,0.2,0.010757847926721634,0.010063045290202183,0.125,2
simclr,erm,True,0.013701258863428658,0.00801316168917966,6.421076025693663e-05,0.00655461470597442,0.018195594371989768,0.019249446811719997,0.014679171147281275,10,0.25,design,0.02,0.010757847926721634,0.010063045290202183,0.125,7
simclr,erm,True,0.013701258863428658,0.00801316168917966,6.421076025693663e-05,0.00655461470597442,0.018195594371989768,0.019249446811719997,0.014679171147281275,10,0.25,design,0.05,0.010757847926721634,0.010063045290202183,0.125,3
simclr,erm,True,0.013701258863428658,0.00801316168917966,6.421076025693663e-05,0.00655461470597442,0.018195594371989768,0.019249446811719997,0.014679171147281275,10,0.25,design,0.1,0.010757847926721634,0.010063045290202183,0.125,3
simclr,erm,True,0.013701258863428658,0.00801316168917966,6.421076025693663e-05,0.00655461470597442,0.018195594371989768,0.019249446811719997,0.014679171147281275,10,0.25,design,0.2,0.010757847926721634,0.010063045290202183,0.125,3
simclr,erm,True,0.013701258863428658,0.00801316168917966,6.421076025693663e-05,0.00655461470597442,0.018195594371989768,0.019249446811719997,0.014679171147281275,10,0.5,ratio,0.02,0.011619803814331253,0.010063045290202183,0.25,8
simclr,erm,True,0.013701258863428658,0.00801316168917966,6.421076025693663e-05,0.00655461470597442,0.018195594371989768,0.019249446811719997,0.014679171147281275,10,0.5,ratio,0.05,0.011619803814331253,0.010063045290202183,0.25,4
simclr,erm,True,0.013701258863428658,0.00801316168917966,6.421076025693663e-05,0.00655461470597442,0.018195594371989768,0.019249446811719997,0.014679171147281275,10,0.5,ratio,0.1,0.011619803814331253,0.010063045290202183,0.25,3
simclr,erm,True,0.013701258863428658,0.00801316168917966,6.421076025693663e-05,0.00655461470597442,0.018195594371989768,0.019249446811719997,0.014679171147281275,10,0.5,ratio,0.2,0.011619803814331253,0.010063045290202183,0.25,2
simclr,erm,True,0.013701258863428658,0.00801316168917966,6.421076025693663e-05,0.00655461470597442,0.018195594371989768,0.019249446811719997,0.014679171147281275,10,0.5,design,0.02,0.011619803814331253,0.010063045290202183,0.25,
simclr,erm,True,0.013701258863428658,0.00801316168917966,6.421076025693663e-05,0.00655461470597442,0.018195594371989768,0.019249446811719997,0.014679171147281275,10,0.5,design,0.05,0.011619803814331253,0.010063045290202183,0.25,3
simclr,erm,True,0.013701258863428658,0.00801316168917966,6.421076025693663e-05,0.00655461470597442,0.018195594371989768,0.019249446811719997,0.014679171147281275,10,0.5,design,0.1,0.011619803814331253,0.010063045290202183,0.25,3
simclr,erm,True,0.013701258863428658,0.00801316168917966,6.421076025693663e-05,0.00655461470597442,0.018195594371989768,0.019249446811719997,0.014679171147281275,10,0.5,design,0.2,0.011619803814331253,0.010063045290202183,0.25,3
tia_style,erm,True,0.03971456500835531,0.037399381385681364,0.00139871372803165,0.008908033801222057,0.018195594371989768,0.023143008389439997,-0.3861078925481131,1,0.0,none,0.02,0.04398082042601457,0.04398082042601457,0.0,40
tia_style,erm,True,0.03971456500835531,0.037399381385681364,0.00139871372803165,0.008908033801222057,0.018195594371989768,0.023143008389439997,-0.3861078925481131,1,0.0,none,0.05,0.04398082042601457,0.04398082042601457,0.0,9
tia_style,erm,True,0.03971456500835531,0.037399381385681364,0.00139871372803165,0.008908033801222057,0.018195594371989768,0.023143008389439997,-0.3861078925481131,1,0.0,none,0.1,0.04398082042601457,0.04398082042601457,0.0,4
tia_style,erm,True,0.03971456500835531,0.037399381385681364,0.00139871372803165,0.008908033801222057,0.018195594371989768,0.023143008389439997,-0.3861078925481131,1,0.0,none,0.2,0.04398082042601457,0.04398082042601457,0.0,3
tia_style,erm,True,0.03971456500835531,0.037399381385681364,0.00139871372803165,0.008908033801222057,0.018195594371989768,0.023143008389439997,-0.3861078925481131,1,0.25,ratio,0.02,0.0470174747495359,0.04398082042601457,0.125,68
tia_style,erm,True,0.03971456500835531,0.037399381385681364,0.00139871372803165,0.008908033801222057,0.018195594371989768,0.023143008389439997,-0.3861078925481131,1,0.25,ratio,0.05,0.0470174747495359,0.04398082042601457,0.125,13
tia_style,erm,True,0.03971456500835531,0.037399381385681364,0.00139871372803165,0.008908033801222057,0.018195594371989768,0.023143008389439997,-0.3861078925481131,1,0.25,ratio,0.1,0.0470174747495359,0.04398082042601457,0.125,5
tia_style,erm,True,0.03971456500835531,0.037399381385681364,0.00139871372803165,0.008908033801222057,0.018195594371989768,0.023143008389439997,-0.3861078925481131,1,0.25,ratio,0.2,0.0470174747495359,0.04398082042601457,0.125,3
tia_style,erm,True,0.03971456500835531,0.037399381385681364,0.00139871372803165,0.008908033801222057,0.018195594371989768,0.023143008389439997,-0.3861078925481131,1,0.25,design,0.02,0.0470174747495359,0.04398082042601457,0.125,
tia_style,erm,True,0.03971456500835531,0.037399381385681364,0.00139871372803165,0.008908033801222057,0.018195594371989768,0.023143008389439997,-0.3861078925481131,1,0.25,design,0.05,0.0470174747495359,0.04398082042601457,0.125,
tia_style,erm,True,0.03971456500835531,0.037399381385681364,0.00139871372803165,0.008908033801222057,0.018195594371989768,0.023143008389439997,-0.3861078925481131,1,0.25,design,0.1,0.0470174747495359,0.04398082042601457,0.125,5
tia_style,erm,True,0.03971456500835531,0.037399381385681364,0.00139871372803165,0.008908033801222057,0.018195594371989768,0.023143008389439997,-0.3861078925481131,1,0.25,design,0.2,0.0470174747495359,0.04398082042601457,0.125,3
tia_style,erm,True,0.03971456500835531,0.037399381385681364,0.00139871372803165,0.008908033801222057,0.018195594371989768,0.023143008389439997,-0.3861078925481131,1,0.5,ratio,0.02,0.05078467702428021,0.04398082042601457,0.25,104
tia_style,erm,True,0.03971456500835531,0.037399381385681364,0.00139871372803165,0.008908033801222057,0.018195594371989768,0.023143008389439997,-0.3861078925481131,1,0.5,ratio,0.05,0.05078467702428021,0.04398082042601457,0.25,19
tia_style,erm,True,0.03971456500835531,0.037399381385681364,0.00139871372803165,0.008908033801222057,0.018195594371989768,0.023143008389439997,-0.3861078925481131,1,0.5,ratio,0.1,0.05078467702428021,0.04398082042601457,0.25,7
tia_style,erm,True,0.03971456500835531,0.037399381385681364,0.00139871372803165,0.008908033801222057,0.018195594371989768,0.023143008389439997,-0.3861078925481131,1,0.5,ratio,0.2,0.05078467702428021,0.04398082042601457,0.25,4
tia_style,erm,True,0.03971456500835531,0.037399381385681364,0.00139871372803165,0.008908033801222057,0.018195594371989768,0.023143008389439997,-0.3861078925481131,1,0.5,design,0.02,0.05078467702428021,0.04398082042601457,0.25,
tia_style,erm,True,0.03971456500835531,0.037399381385681364,0.00139871372803165,0.008908033801222057,0.018195594371989768,0.023143008389439997,-0.3861078925481131,1,0.5,design,0.05,0.05078467702428021,0.04398082042601457,0.25,
tia_style,erm,True,0.03971456500835531,0.037399381385681364,0.00139871372803165,0.008908033801222057,0.018195594371989768,0.023143008389439997,-0.3861078925481131,1,0.5,design,0.1,0.05078467702428021,0.04398082042601457,0.25,
tia_style,erm,True,0.03971456500835531,0.037399381385681364,0.00139871372803165,0.008908033801222057,0.018195594371989768,0.023143008389439997,-0.3861078925481131,1,0.5,design,0.2,0.05078467702428021,0.04398082042601457,0.25,3
tia_style,erm,True,0.03971456500835531,0.037399381385681364,0.00139871372803165,0.008908033801222057,0.018195594371989768,0.023143008389439997,-0.3861078925481131,3,0.0,none,0.02,0.03971456500835531,0.03971456500835531,0.0,33
tia_style,erm,True,0.03971456500835531,0.037399381385681364,0.00139871372803165,0.008908033801222057,0.018195594371989768,0.023143008389439997,-0.3861078925481131,3,0.0,none,0.05,0.03971456500835531,0.03971456500835531,0.0,8
tia_style,erm,True,0.03971456500835531,0.037399381385681364,0.00139871372803165,0.008908033801222057,0.018195594371989768,0.023143008389439997,-0.3861078925481131,3,0.0,none,0.1,0.03971456500835531,0.03971456500835531,0.0,4
tia_style,erm,True,0.03971456500835531,0.037399381385681364,0.00139871372803165,0.008908033801222057,0.018195594371989768,0.023143008389439997,-0.3861078925481131,3,0.0,none,0.2,0.03971456500835531,0.03971456500835531,0.0,3
tia_style,erm,True,0.03971456500835531,0.037399381385681364,0.00139871372803165,0.008908033801222057,0.018195594371989768,0.023143008389439997,-0.3861078925481131,3,0.25,ratio,0.02,0.042456655864579015,0.03971456500835531,0.125,56
tia_style,erm,True,0.03971456500835531,0.037399381385681364,0.00139871372803165,0.008908033801222057,0.018195594371989768,0.023143008389439997,-0.3861078925481131,3,0.25,ratio,0.05,0.042456655864579015,0.03971456500835531,0.125,11
tia_style,erm,True,0.03971456500835531,0.037399381385681364,0.00139871372803165,0.008908033801222057,0.018195594371989768,0.023143008389439997,-0.3861078925481131,3,0.25,ratio,0.1,0.042456655864579015,0.03971456500835531,0.125,5
tia_style,erm,True,0.03971456500835531,0.037399381385681364,0.00139871372803165,0.008908033801222057,0.018195594371989768,0.023143008389439997,-0.3861078925481131,3,0.25,ratio,0.2,0.042456655864579015,0.03971456500835531,0.125,3
tia_style,erm,True,0.03971456500835531,0.037399381385681364,0.00139871372803165,0.008908033801222057,0.018195594371989768,0.023143008389439997,-0.3861078925481131,3,0.25,design,0.02,0.042456655864579015,0.03971456500835531,0.125,
tia_style,erm,True,0.03971456500835531,0.037399381385681364,0.00139871372803165,0.008908033801222057,0.018195594371989768,0.023143008389439997,-0.3861078925481131,3,0.25,design,0.05,0.042456655864579015,0.03971456500835531,0.125,
tia_style,erm,True,0.03971456500835531,0.037399381385681364,0.00139871372803165,0.008908033801222057,0.018195594371989768,0.023143008389439997,-0.3861078925481131,3,0.25,design,0.1,0.042456655864579015,0.03971456500835531,0.125,5
tia_style,erm,True,0.03971456500835531,0.037399381385681364,0.00139871372803165,0.008908033801222057,0.018195594371989768,0.023143008389439997,-0.3861078925481131,3,0.25,design,0.2,0.042456655864579015,0.03971456500835531,0.125,3
tia_style,erm,True,0.03971456500835531,0.037399381385681364,0.00139871372803165,0.008908033801222057,0.018195594371989768,0.023143008389439997,-0.3861078925481131,3,0.5,ratio,0.02,0.04585842959664566,0.03971456500835531,0.25,85
tia_style,erm,True,0.03971456500835531,0.037399381385681364,0.00139871372803165,0.008908033801222057,0.018195594371989768,0.023143008389439997,-0.3861078925481131,3,0.5,ratio,0.05,0.04585842959664566,0.03971456500835531,0.25,16
tia_style,erm,True,0.03971456500835531,0.037399381385681364,0.00139871372803165,0.008908033801222057,0.018195594371989768,0.023143008389439997,-0.3861078925481131,3,0.5,ratio,0.1,0.04585842959664566,0.03971456500835531,0.25,6
tia_style,erm,True,0.03971456500835531,0.037399381385681364,0.00139871372803165,0.008908033801222057,0.018195594371989768,0.023143008389439997,-0.3861078925481131,3,0.5,ratio,0.2,0.04585842959664566,0.03971456500835531,0.25,4
tia_style,erm,True,0.03971456500835531,0.037399381385681364,0.00139871372803165,0.008908033801222057,0.018195594371989768,0.023143008389439997,-0.3861078925481131,3,0.5,design,0.02,0.04585842959664566,0.03971456500835531,0.25,
tia_style,erm,True,0.03971456500835531,0.037399381385681364,0.00139871372803165,0.008908033801222057,0.018195594371989768,0.023143008389439997,-0.3861078925481131,3,0.5,design,0.05,0.04585842959664566,0.03971456500835531,0.25,
tia_style,erm,True,0.03971456500835531,0.037399381385681364,0.00139871372803165,0.008908033801222057,0.018195594371989768,0.023143008389439997,-0.3861078925481131,3,0.5,design,0.1,0.04585842959664566,0.03971456500835531,0.25,8
tia_style,erm,True,0.03971456500835531,0.037399381385681364,0.00139871372803165,0.008908033801222057,0.018195594371989768,0.023143008389439997,-0.3861078925481131,3,0.5,design,0.2,0.04585842959664566,0.03971456500835531,0.25,3
tia_style,erm,True,0.03971456500835531,0.037399381385681364,0.00139871372803165,0.008908033801222057,0.018195594371989768,0.023143008389439997,-0.3861078925481131,5,0.0,none,0.02,0.03880507048691431,0.03880507048691431,0.0,32
tia_style,erm,True,0.03971456500835531,0.037399381385681364,0.00139871372803165,0.008908033801222057,0.018195594371989768,0.023143008389439997,-0.3861078925481131,5,0.0,none,0.05,0.03880507048691431,0.03880507048691431,0.0,7
tia_style,erm,True,0.03971456500835531,0.037399381385681364,0.00139871372803165,0.008908033801222057,0.018195594371989768,0.023143008389439997,-0.3861078925481131,5,0.0,none,0.1,0.03880507048691431,0.03880507048691431,0.0,4
tia_style,erm,True,0.03971456500835531,0.037399381385681364,0.00139871372803165,0.008908033801222057,0.018195594371989768,0.023143008389439997,-0.3861078925481131,5,0.0,none,0.2,0.03880507048691431,0.03880507048691431,0.0,3
tia_style,erm,True,0.03971456500835531,0.037399381385681364,0.00139871372803165,0.008908033801222057,0.018195594371989768,0.023143008389439997,-0.3861078925481131,5,0.25,ratio,0.02,0.04148436532332754,0.03880507048691431,0.125,53
tia_style,erm,True,0.03971456500835531,0.037399381385681364,0.00139871372803165,0.008908033801222057,0.018195594371989768,0.023143008389439997,-0.3861078925481131,5,0.25,ratio,0.05,0.04148436532332754,0.03880507048691431,0.125,11
tia_style,erm,True,0.03971456500835531,0.037399381385681364,0.00139871372803165,0.008908033801222057,0.018195594371989768,0.023143008389439997,-0.3861078925481131,5,0.25,ratio,0.1,0.04148436532332754,0.03880507048691431,0.125,5
tia_style,erm,True,0.03971456500835531,0.037399381385681364,0.00139871372803165,0.008908033801222057,0.018195594371989768,0.023143008389439997,-0.3861078925481131,5,0.25,ratio,0.2,0.04148436532332754,0.03880507048691431,0.125,3
tia_style,erm,True,0.03971456500835531,0.037399381385681364,0.00139871372803165,0.008908033801222057,0.018195594371989768,0.023143008389439997,-0.3861078925481131,5,0.25,design,0.02,0.04148436532332754,0.03880507048691431,0.125,
tia_style,erm,True,0.03971456500835531,0.037399381385681364,0.00139871372803165,0.008908033801222057,0.018195594371989768,0.023143008389439997,-0.3861078925481131,5,0.25,design,0.05,0.04148436532332754,0.03880507048691431,0.125,
tia_style,erm,True,0.03971456500835531,0.037399381385681364,0.00139871372803165,0.008908033801222057,0.018195594371989768,0.023143008389439997,-0.3861078925481131,5,0.25,design,0.1,0.04148436532332754,0.03880507048691431,0.125,4
tia_style,erm,True,0.03971456500835531,0.037399381385681364,0.00139871372803165,0.008908033801222057,0.018195594371989768,0.023143008389439997,-0.3861078925481131,5,0.25,design,0.2,0.04148436532332754,0.03880507048691431,0.125,3
tia_style,erm,True,0.03971456500835531,0.037399381385681364,0.00139871372803165,0.008908033801222057,0.018195594371989768,0.023143008389439997,-0.3861078925481131,5,0.5,ratio,0.02,0.044808235783084766,0.03880507048691431,0.25,81
tia_style,erm,True,0.03971456500835531,0.037399381385681364,0.00139871372803165,0.008908033801222057,0.018195594371989768,0.023143008389439997,-0.3861078925481131,5,0.5,ratio,0.05,0.044808235783084766,0.03880507048691431,0.25,15
tia_style,erm,True,0.03971456500835531,0.037399381385681364,0.00139871372803165,0.008908033801222057,0.018195594371989768,0.023143008389439997,-0.3861078925481131,5,0.5,ratio,0.1,0.044808235783084766,0.03880507048691431,0.25,6
tia_style,erm,True,0.03971456500835531,0.037399381385681364,0.00139871372803165,0.008908033801222057,0.018195594371989768,0.023143008389439997,-0.3861078925481131,5,0.5,ratio,0.2,0.044808235783084766,0.03880507048691431,0.25,4
tia_style,erm,True,0.03971456500835531,0.037399381385681364,0.00139871372803165,0.008908033801222057,0.018195594371989768,0.023143008389439997,-0.3861078925481131,5,0.5,design,0.02,0.044808235783084766,0.03880507048691431,0.25,
tia_style,erm,True,0.03971456500835531,0.037399381385681364,0.00139871372803165,0.008908033801222057,0.018195594371989768,0.023143008389439997,-0.3861078925481131,5,0.5,design,0.05,0.044808235783084766,0.03880507048691431,0.25,
tia_style,erm,True,0.03971456500835531,0.037399381385681364,0.00139871372803165,0.008908033801222057,0.018195594371989768,0.023143008389439997,-0.3861078925481131,5,0.5,design,0.1,0.044808235783084766,0.03880507048691431,0.25,7
tia_style,erm,True,0.03971456500835531,0.037399381385681364,0.00139871372803165,0.008908033801222057,0.018195594371989768,0.023143008389439997,-0.3861078925481131,5,0.5,design,0.2,0.044808235783084766,0.03880507048691431,0.25,3
tia_style,erm,True,0.03971456500835531,0.037399381385681364,0.00139871372803165,0.008908033801222057,0.018195594371989768,0.023143008389439997,-0.3861078925481131,10,0.0,none,0.02,0.038108707820693935,0.038108707820693935,0.0,31
tia_style,erm,True,0.03971456500835531,0.037399381385681364,0.00139871372803165,0.008908033801222057,0.018195594371989768,0.023143008389439997,-0.3861078925481131,10,0.0,none,0.05,0.038108707820693935,0.038108707820693935,0.0,7
tia_style,erm,True,0.03971456500835531,0.037399381385681364,0.00139871372803165,0.008908033801222057,0.018195594371989768,0.023143008389439997,-0.3861078925481131,10,0.0,none,0.1,0.038108707820693935,0.038108707820693935,0.0,4
tia_style,erm,True,0.03971456500835531,0.037399381385681364,0.00139871372803165,0.008908033801222057,0.018195594371989768,0.023143008389439997,-0.3861078925481131,10,0.0,none,0.2,0.038108707820693935,0.038108707820693935,0.0,3
tia_style,erm,True,0.03971456500835531,0.037399381385681364,0.00139871372803165,0.008908033801222057,0.018195594371989768,0.023143008389439997,-0.3861078925481131,10,0.25,ratio,0.02,0.04073992231934553,0.038108707820693935,0.125,51
tia_style,erm,True,0.03971456500835531,0.037399381385681364,0.00139871372803165,0.008908033801222057,0.018195594371989768,0.023143008389439997,-0.3861078925481131,10,0.25,ratio,0.05,0.04073992231934553,0.038108707820693935,0.125,10
tia_style,erm,True,0.03971456500835531,0.037399381385681364,0.00139871372803165,0.008908033801222057,0.018195594371989768,0.023143008389439997,-0.3861078925481131,10,0.25,ratio,0.1,0.04073992231934553,0.038108707820693935,0.125,5
tia_style,erm,True,0.03971456500835531,0.037399381385681364,0.00139871372803165,0.008908033801222057,0.018195594371989768,0.023143008389439997,-0.3861078925481131,10,0.25,ratio,0.2,0.04073992231934553,0.038108707820693935,0.125,3
tia_style,erm,True,0.03971456500835531,0.037399381385681364,0.00139871372803165,0.008908033801222057,0.018195594371989768,0.023143008389439997,-0.3861078925481131,10,0.25,design,0.02,0.04073992231934553,0.038108707820693935,0.125,
tia_style,erm,True,0.03971456500835531,0.037399381385681364,0.00139871372803165,0.008908033801222057,0.018195594371989768,0.023143008389439997,-0.3861078925481131,10,0.25,design,0.05,0.04073992231934553,0.038108707820693935,0.125,
tia_style,erm,True,0.03971456500835531,0.037399381385681364,0.00139871372803165,0.008908033801222057,0.018195594371989768,0.023143008389439997,-0.3861078925481131,10,0.25,design,0.1,0.04073992231934553,0.038108707820693935,0.125,4
tia_style,erm,True,0.03971456500835531,0.037399381385681364,0.00139871372803165,0.008908033801222057,0.018195594371989768,0.023143008389439997,-0.3861078925481131,10,0.25,design,0.2,0.04073992231934553,0.038108707820693935,0.125,3
tia_style,erm,True,0.03971456500835531,0.037399381385681364,0.00139871372803165,0.008908033801222057,0.018195594371989768,0.023143008389439997,-0.3861078925481131,10,0.5,ratio,0.02,0.044004145437492884,0.038108707820693935,0.25,78
tia_style,erm,True,0.03971456500835531,0.037399381385681364,0.00139871372803165,0.008908033801222057,0.018195594371989768,0.023143008389439997,-0.3861078925481131,10,0.5,ratio,0.05,0.044004145437492884,0.038108707820693935,0.25,15
tia_style,erm,True,0.03971456500835531,0.037399381385681364,0.00139871372803165,0.008908033801222057,0.018195594371989768,0.023143008389439997,-0.3861078925481131,10,0.5,ratio,0.1,0.044004145437492884,0.038108707820693935,0.25,6
tia_style,erm,True,0.03971456500835531,0.037399381385681364,0.00139871372803165,0.008908033801222057,0.018195594371989768,0.023143008389439997,-0.3861078925481131,10,0.5,ratio,0.2,0.044004145437492884,0.038108707820693935,0.25,4
tia_style,erm,True,0.03971456500835531,0.037399381385681364,0.00139871372803165,0.008908033801222057,0.018195594371989768,0.023143008389439997,-0.3861078925481131,10,0.5,design,0.02,0.044004145437492884,0.038108707820693935,0.25,
tia_style,erm,True,0.03971456500835531,0.037399381385681364,0.00139871372803165,0.008908033801222057,0.018195594371989768,0.023143008389439997,-0.3861078925481131,10,0.5,design,0.05,0.044004145437492884,0.038108707820693935,0.25,
tia_style,erm,True,0.03971456500835531,0.037399381385681364,0.00139871372803165,0.008908033801222057,0.018195594371989768,0.023143008389439997,-0.3861078925481131,10,0.5,design,0.1,0.044004145437492884,0.038108707820693935,0.25,6
tia_style,erm,True,0.03971456500835531,0.037399381385681364,0.00139871372803165,0.008908033801222057,0.018195594371989768,0.023143008389439997,-0.3861078925481131,10,0.5,design,0.2,0.044004145437492884,0.038108707820693935,0.25,3
