arm,ref,paired,sd_d_observed,sigma_dxa,sigma_dxa_raw2,sigma_run_arm,sigma_run_ref,sigma_run_diff,run_corr,seeds,rho,keff_mode,delta,sd_delta,sd_delta_uncorrected,rbar_obs,K_min
augonly,erm,True,0.04036576932989817,0.03941420763897746,0.001553479763808429,0.024695830150217684,0.011730530002961485,0.019482757734227276,0.6349976489791895,1,0.0,none,0.02,0.043966551067135366,0.043966551067135366,0.0,40
augonly,erm,True,0.04036576932989817,0.03941420763897746,0.001553479763808429,0.024695830150217684,0.011730530002961485,0.019482757734227276,0.6349976489791895,1,0.0,none,0.05,0.043966551067135366,0.043966551067135366,0.0,9
augonly,erm,True,0.04036576932989817,0.03941420763897746,0.001553479763808429,0.024695830150217684,0.011730530002961485,0.019482757734227276,0.6349976489791895,1,0.0,none,0.1,0.043966551067135366,0.043966551067135366,0.0,4
augonly,erm,True,0.04036576932989817,0.03941420763897746,0.001553479763808429,0.024695830150217684,0.011730530002961485,0.019482757734227276,0.6349976489791895,1,0.0,none,0.2,0.043966551067135366,0.043966551067135366,0.0,3
augonly,erm,True,0.04036576932989817,0.03941420763897746,0.001553479763808429,0.024695830150217684,0.011730530002961485,0.019482757734227276,0.6349976489791895,1,0.25,ratio,0.02,0.048162943590345744,0.043966551067135366,0.16666666666666666,93
augonly,erm,True,0.04036576932989817,0.03941420763897746,0.001553479763808429,0.024695830150217684,0.011730530002961485,0.019482757734227276,0.6349976489791895,1,0.25,ratio,0.05,0.048162943590345744,0.043966551067135366,0.16666666666666666,17
augonly,erm,True,0.04036576932989817,0.03941420763897746,0.001553479763808429,0.024695830150217684,0.011730530002961485,0.019482757734227276,0.6349976489791895,1,0.25,ratio,0.1,0.048162943590345744,0.043966551067135366,0.16666666666666666,6
augonly,erm,True,0.04036576932989817,0.03941420763897746,0.001553479763808429,0.024695830150217684,0.011730530002961485,0.019482757734227276,0.6349976489791895,1,0.25,ratio,0.2,0.048162943590345744,0.043966551067135366,0.16666666666666666,4
augonly,erm,True,0.04036576932989817,0.03941420763897746,0.001553479763808429,0.024695830150217684,0.011730530002961485,0.019482757734227276,0.6349976489791895,1,0.25,design,0.02,0.048162943590345744,0.043966551067135366,0.16666666666666666,
augonly,erm,True,0.04036576932989817,0.03941420763897746,0.001553479763808429,0.024695830150217684,0.011730530002961485,0.019482757734227276,0.6349976489791895,1,0.25,design,0.05,0.048162943590345744,0.043966551067135366,0.16666666666666666,
augonly,erm,True,0.04036576932989817,0.03941420763897746,0.001553479763808429,0.024695830150217684,0.011730530002961485,0.019482757734227276,0.6349976489791895,1,0.25,design,0.1,0.048162943590345744,0.043966551067135366,0.16666666666666666,5
augonly,erm,True,0.04036576932989817,0.03941420763897746,0.001553479763808429,0.024695830150217684,0.011730530002961485,0.019482757734227276,0.6349976489791895,1,0.25,design,0.2,0.048162943590345744,0.043966551067135366,0.16666666666666666,3
augonly,erm,True,0.04036576932989817,0.03941420763897746,0.001553479763808429,0.024695830150217684,0.011730530002961485,0.019482757734227276,0.6349976489791895,1,0.5,ratio,0.02,0.053847807932250434,0.043966551067135366,0.3333333333333333,173
augonly,erm,True,0.04036576932989817,0.03941420763897746,0.001553479763808429,0.024695830150217684,0.011730530002961485,0.019482757734227276,0.6349976489791895,1,0.5,ratio,0.05,0.053847807932250434,0.043966551067135366,0.3333333333333333,30
augonly,erm,True,0.04036576932989817,0.03941420763897746,0.001553479763808429,0.024695830150217684,0.011730530002961485,0.019482757734227276,0.6349976489791895,1,0.5,ratio,0.1,0.053847807932250434,0.043966551067135366,0.3333333333333333,9
augonly,erm,True,0.04036576932989817,0.03941420763897746,0.001553479763808429,0.024695830150217684,0.011730530002961485,0.019482757734227276,0.6349976489791895,1,0.5,ratio,0.2,0.053847807932250434,0.043966551067135366,0.3333333333333333,4
augonly,erm,True,0.04036576932989817,0.03941420763897746,0.001553479763808429,0.024695830150217684,0.011730530002961485,0.019482757734227276,0.6349976489791895,1,0.5,design,0.02,0.053847807932250434,0.043966551067135366,0.3333333333333333,
augonly,erm,True,0.04036576932989817,0.03941420763897746,0.001553479763808429,0.024695830150217684,0.011730530002961485,0.019482757734227276,0.6349976489791895,1,0.5,design,0.05,0.053847807932250434,0.043966551067135366,0.3333333333333333,
augonly,erm,True,0.04036576932989817,0.03941420763897746,0.001553479763808429,0.024695830150217684,0.011730530002961485,0.019482757734227276,0.6349976489791895,1,0.5,design,0.1,0.053847807932250434,0.043966551067135366,0.3333333333333333,
augonly,erm,True,0.04036576932989817,0.03941420763897746,0.001553479763808429,0.024695830150217684,0.011730530002961485,0.019482757734227276,0.6349976489791895,1,0.5,design,0.2,0.053847807932250434,0.043966551067135366,0.3333333333333333,3
augonly,erm,True,0.04036576932989817,0.03941420763897746,0.001553479763808429,0.024695830150217684,0.011730530002961485,0.019482757734227276,0.6349976489791895,3,0.0,none,0.02,0.04098787276075644,0.04098787276075644,0.0,35
augonly,erm,True,0.04036576932989817,0.03941420763897746,0.001553479763808429,0.024695830150217684,0.011730530002961485,0.019482757734227276,0.6349976489791895,3,0.0,none,0.05,0.04098787276075644,0.04098787276075644,0.0,8
augonly,erm,True,0.04036576932989817,0.03941420763897746,0.001553479763808429,0.024695830150217684,0.011730530002961485,0.019482757734227276,0.6349976489791895,3,0.0,none,0.1,0.04098787276075644,0.04098787276075644,0.0,4
augonly,erm,True,0.04036576932989817,0.03941420763897746,0.001553479763808429,0.024695830150217684,0.011730530002961485,0.019482757734227276,0.6349976489791895,3,0.0,none,0.2,0.04098787276075644,0.04098787276075644,0.0,3
augonly,erm,True,0.04036576932989817,0.03941420763897746,0.001553479763808429,0.024695830150217684,0.011730530002961485,0.019482757734227276,0.6349976489791895,3,0.25,ratio,0.02,0.0448999649904357,0.04098787276075644,0.16666666666666666,82
augonly,erm,True,0.04036576932989817,0.03941420763897746,0.001553479763808429,0.024695830150217684,0.011730530002961485,0.019482757734227276,0.6349976489791895,3,0.25,ratio,0.05,0.0448999649904357,0.04098787276075644,0.16666666666666666,15
augonly,erm,True,0.04036576932989817,0.03941420763897746,0.001553479763808429,0.024695830150217684,0.011730530002961485,0.019482757734227276,0.6349976489791895,3,0.25,ratio,0.1,0.0448999649904357,0.04098787276075644,0.16666666666666666,6
augonly,erm,True,0.04036576932989817,0.03941420763897746,0.001553479763808429,0.024695830150217684,0.011730530002961485,0.019482757734227276,0.6349976489791895,3,0.25,ratio,0.2,0.0448999649904357,0.04098787276075644,0.16666666666666666,4
augonly,erm,True,0.04036576932989817,0.03941420763897746,0.001553479763808429,0.024695830150217684,0.011730530002961485,0.019482757734227276,0.6349976489791895,3,0.25,design,0.02,0.0448999649904357,0.04098787276075644,0.16666666666666666,
augonly,erm,True,0.04036576932989817,0.03941420763897746,0.001553479763808429,0.024695830150217684,0.011730530002961485,0.019482757734227276,0.6349976489791895,3,0.25,design,0.05,0.0448999649904357,0.04098787276075644,0.16666666666666666,
augonly,erm,True,0.04036576932989817,0.03941420763897746,0.001553479763808429,0.024695830150217684,0.011730530002961485,0.019482757734227276,0.6349976489791895,3,0.25,design,0.1,0.0448999649904357,0.04098787276075644,0.16666666666666666,5
augonly,erm,True,0.04036576932989817,0.03941420763897746,0.001553479763808429,0.024695830150217684,0.011730530002961485,0.019482757734227276,0.6349976489791895,3,0.25,design,0.2,0.0448999649904357,0.04098787276075644,0.16666666666666666,3
augonly,erm,True,0.04036576932989817,0.03941420763897746,0.001553479763808429,0.024695830150217684,0.011730530002961485,0.019482757734227276,0.6349976489791895,3,0.5,ratio,0.02,0.05019968695298746,0.04098787276075644,0.3333333333333333,151
augonly,erm,True,0.04036576932989817,0.03941420763897746,0.001553479763808429,0.024695830150217684,0.011730530002961485,0.019482757734227276,0.6349976489791895,3,0.5,ratio,0.05,0.05019968695298746,0.04098787276075644,0.3333333333333333,26
augonly,erm,True,0.04036576932989817,0.03941420763897746,0.001553479763808429,0.024695830150217684,0.011730530002961485,0.019482757734227276,0.6349976489791895,3,0.5,ratio,0.1,0.05019968695298746,0.04098787276075644,0.3333333333333333,9
augonly,erm,True,0.04036576932989817,0.03941420763897746,0.001553479763808429,0.024695830150217684,0.011730530002961485,0.019482757734227276,0.6349976489791895,3,0.5,ratio,0.2,0.05019968695298746,0.04098787276075644,0.3333333333333333,4
augonly,erm,True,0.04036576932989817,0.03941420763897746,0.001553479763808429,0.024695830150217684,0.011730530002961485,0.019482757734227276,0.6349976489791895,3,0.5,design,0.02,0.05019968695298746,0.04098787276075644,0.3333333333333333,
augonly,erm,True,0.04036576932989817,0.03941420763897746,0.001553479763808429,0.024695830150217684,0.011730530002961485,0.019482757734227276,0.6349976489791895,3,0.5,design,0.05,0.05019968695298746,0.04098787276075644,0.3333333333333333,
augonly,erm,True,0.04036576932989817,0.03941420763897746,0.001553479763808429,0.024695830150217684,0.011730530002961485,0.019482757734227276,0.6349976489791895,3,0.5,design,0.1,0.05019968695298746,0.04098787276075644,0.3333333333333333,87
augonly,erm,True,0.04036576932989817,0.03941420763897746,0.001553479763808429,0.024695830150217684,0.011730530002961485,0.019482757734227276,0.6349976489791895,3,0.5,design,0.2,0.05019968695298746,0.04098787276075644,0.3333333333333333,3
augonly,erm,True,0.04036576932989817,0.03941420763897746,0.001553479763808429,0.024695830150217684,0.011730530002961485,0.019482757734227276,0.6349976489791895,5,0.0,none,0.02,0.04036576932989817,0.04036576932989817,0.0,34
augonly,erm,True,0.04036576932989817,0.03941420763897746,0.001553479763808429,0.024695830150217684,0.011730530002961485,0.019482757734227276,0.6349976489791895,5,0.0,none,0.05,0.04036576932989817,0.04036576932989817,0.0,8
augonly,erm,True,0.04036576932989817,0.03941420763897746,0.001553479763808429,0.024695830150217684,0.011730530002961485,0.019482757734227276,0.6349976489791895,5,0.0,none,0.1,0.04036576932989817,0.04036576932989817,0.0,4
augonly,erm,True,0.04036576932989817,0.03941420763897746,0.001553479763808429,0.024695830150217684,0.011730530002961485,0.019482757734227276,0.6349976489791895,5,0.0,none,0.2,0.04036576932989817,0.04036576932989817,0.0,3
augonly,erm,True,0.04036576932989817,0.03941420763897746,0.001553479763808429,0.024695830150217684,0.011730530002961485,0.019482757734227276,0.6349976489791895,5,0.25,ratio,0.02,0.04421848482607084,0.04036576932989817,0.16666666666666666,79
augonly,erm,True,0.04036576932989817,0.03941420763897746,0.001553479763808429,0.024695830150217684,0.011730530002961485,0.019482757734227276,0.6349976489791895,5,0.25,ratio,0.05,0.04421848482607084,0.04036576932989817,0.16666666666666666,15
augonly,erm,True,0.04036576932989817,0.03941420763897746,0.001553479763808429,0.024695830150217684,0.011730530002961485,0.019482757734227276,0.6349976489791895,5,0.25,ratio,0.1,0.04421848482607084,0.04036576932989817,0.16666666666666666,6
augonly,erm,True,0.04036576932989817,0.03941420763897746,0.001553479763808429,0.024695830150217684,0.011730530002961485,0.019482757734227276,0.6349976489791895,5,0.25,ratio,0.2,0.04421848482607084,0.04036576932989817,0.16666666666666666,4
augonly,erm,True,0.04036576932989817,0.03941420763897746,0.001553479763808429,0.024695830150217684,0.011730530002961485,0.019482757734227276,0.6349976489791895,5,0.25,design,0.02,0.04421848482607084,0.04036576932989817,0.16666666666666666,
augonly,erm,True,0.04036576932989817,0.03941420763897746,0.001553479763808429,0.024695830150217684,0.011730530002961485,0.019482757734227276,0.6349976489791895,5,0.25,design,0.05,0.04421848482607084,0.04036576932989817,0.16666666666666666,
augonly,erm,True,0.04036576932989817,0.03941420763897746,0.001553479763808429,0.024695830150217684,0.011730530002961485,0.019482757734227276,0.6349976489791895,5,0.25,design,0.1,0.04421848482607084,0.04036576932989817,0.16666666666666666,5
augonly,erm,True,0.04036576932989817,0.03941420763897746,0.001553479763808429,0.024695830150217684,0.011730530002961485,0.019482757734227276,0.6349976489791895,5,0.25,design,0.2,0.04421848482607084,0.04036576932989817,0.16666666666666666,3
augonly,erm,True,0.04036576932989817,0.03941420763897746,0.001553479763808429,0.024695830150217684,0.011730530002961485,0.019482757734227276,0.6349976489791895,5,0.5,ratio,0.02,0.04943776896656868,0.04036576932989817,0.3333333333333333,146
augonly,erm,True,0.04036576932989817,0.03941420763897746,0.001553479763808429,0.024695830150217684,0.011730530002961485,0.019482757734227276,0.6349976489791895,5,0.5,ratio,0.05,0.04943776896656868,0.04036576932989817,0.3333333333333333,26
augonly,erm,True,0.04036576932989817,0.03941420763897746,0.001553479763808429,0.024695830150217684,0.011730530002961485,0.019482757734227276,0.6349976489791895,5,0.5,ratio,0.1,0.04943776896656868,0.04036576932989817,0.3333333333333333,8
augonly,erm,True,0.04036576932989817,0.03941420763897746,0.001553479763808429,0.024695830150217684,0.011730530002961485,0.019482757734227276,0.6349976489791895,5,0.5,ratio,0.2,0.04943776896656868,0.04036576932989817,0.3333333333333333,4
augonly,erm,True,0.04036576932989817,0.03941420763897746,0.001553479763808429,0.024695830150217684,0.011730530002961485,0.019482757734227276,0.6349976489791895,5,0.5,design,0.02,0.04943776896656868,0.04036576932989817,0.3333333333333333,
augonly,erm,True,0.04036576932989817,0.03941420763897746,0.001553479763808429,0.024695830150217684,0.011730530002961485,0.019482757734227276,0.6349976489791895,5,0.5,design,0.05,0.04943776896656868,0.04036576932989817,0.3333333333333333,
augonly,erm,True,0.04036576932989817,0.03941420763897746,0.001553479763808429,0.024695830150217684,0.011730530002961485,0.019482757734227276,0.6349976489791895,5,0.5,design,0.1,0.04943776896656868,0.04036576932989817,0.3333333333333333,26
augonly,erm,True,0.04036576932989817,0.03941420763897746,0.001553479763808429,0.024695830150217684,0.011730530002961485,0.019482757734227276,0.6349976489791895,5,0.5,design,0.2,0.04943776896656868,0.04036576932989817,0.3333333333333333,3
augonly,erm,True,0.04036576932989817,0.03941420763897746,0.001553479763808429,0.024695830150217684,0.011730530002961485,0.019482757734227276,0.6349976489791895,10,0.0,none,0.02,0.039892825779850295,0.039892825779850295,0.0,34
augonly,erm,True,0.04036576932989817,0.03941420763897746,0.001553479763808429,0.024695830150217684,0.011730530002961485,0.019482757734227276,0.6349976489791895,10,0.0,none,0.05,0.039892825779850295,0.039892825779850295,0.0,8
augonly,erm,True,0.04036576932989817,0.03941420763897746,0.001553479763808429,0.024695830150217684,0.011730530002961485,0.019482757734227276,0.6349976489791895,10,0.0,none,0.1,0.039892825779850295,0.039892825779850295,0.0,4
augonly,erm,True,0.04036576932989817,0.03941420763897746,0.001553479763808429,0.024695830150217684,0.011730530002961485,0.019482757734227276,0.6349976489791895,10,0.0,none,0.2,0.039892825779850295,0.039892825779850295,0.0,3
augonly,erm,True,0.04036576932989817,0.03941420763897746,0.001553479763808429,0.024695830150217684,0.011730530002961485,0.019482757734227276,0.6349976489791895,10,0.25,ratio,0.02,0.043700401124495254,0.039892825779850295,0.16666666666666666,77
augonly,erm,True,0.04036576932989817,0.03941420763897746,0.001553479763808429,0.024695830150217684,0.011730530002961485,0.019482757734227276,0.6349976489791895,10,0.25,ratio,0.05,0.043700401124495254,0.039892825779850295,0.16666666666666666,15
augonly,erm,True,0.04036576932989817,0.03941420763897746,0.001553479763808429,0.024695830150217684,0.011730530002961485,0.019482757734227276,0.6349976489791895,10,0.25,ratio,0.1,0.043700401124495254,0.039892825779850295,0.16666666666666666,6
augonly,erm,True,0.04036576932989817,0.03941420763897746,0.001553479763808429,0.024695830150217684,0.011730530002961485,0.019482757734227276,0.6349976489791895,10,0.25,ratio,0.2,0.043700401124495254,0.039892825779850295,0.16666666666666666,4
augonly,erm,True,0.04036576932989817,0.03941420763897746,0.001553479763808429,0.024695830150217684,0.011730530002961485,0.019482757734227276,0.6349976489791895,10,0.25,design,0.02,0.043700401124495254,0.039892825779850295,0.16666666666666666,
augonly,erm,True,0.04036576932989817,0.03941420763897746,0.001553479763808429,0.024695830150217684,0.011730530002961485,0.019482757734227276,0.6349976489791895,10,0.25,design,0.05,0.043700401124495254,0.039892825779850295,0.16666666666666666,
augonly,erm,True,0.04036576932989817,0.03941420763897746,0.001553479763808429,0.024695830150217684,0.011730530002961485,0.019482757734227276,0.6349976489791895,10,0.25,design,0.1,0.043700401124495254,0.039892825779850295,0.16666666666666666,5
augonly,erm,True,0.04036576932989817,0.03941420763897746,0.001553479763808429,0.024695830150217684,0.011730530002961485,0.019482757734227276,0.6349976489791895,10,0.25,design,0.2,0.043700401124495254,0.039892825779850295,0.16666666666666666,3
augonly,erm,True,0.04036576932989817,0.03941420763897746,0.001553479763808429,0.024695830150217684,0.011730530002961485,0.019482757734227276,0.6349976489791895,10,0.5,ratio,0.02,0.04885853377918982,0.039892825779850295,0.3333333333333333,143
augonly,erm,True,0.04036576932989817,0.03941420763897746,0.001553479763808429,0.024695830150217684,0.011730530002961485,0.019482757734227276,0.6349976489791895,10,0.5,ratio,0.05,0.04885853377918982,0.039892825779850295,0.3333333333333333,25
augonly,erm,True,0.04036576932989817,0.03941420763897746,0.001553479763808429,0.024695830150217684,0.011730530002961485,0.019482757734227276,0.6349976489791895,10,0.5,ratio,0.1,0.04885853377918982,0.039892825779850295,0.3333333333333333,8
augonly,erm,True,0.04036576932989817,0.03941420763897746,0.001553479763808429,0.024695830150217684,0.011730530002961485,0.019482757734227276,0.6349976489791895,10,0.5,ratio,0.2,0.04885853377918982,0.039892825779850295,0.3333333333333333,4
augonly,erm,True,0.04036576932989817,0.03941420763897746,0.001553479763808429,0.024695830150217684,0.011730530002961485,0.019482757734227276,0.6349976489791895,10,0.5,design,0.02,0.04885853377918982,0.039892825779850295,0.3333333333333333,
augonly,erm,True,0.04036576932989817,0.03941420763897746,0.001553479763808429,0.024695830150217684,0.011730530002961485,0.019482757734227276,0.6349976489791895,10,0.5,design,0.05,0.04885853377918982,0.039892825779850295,0.3333333333333333,
augonly,erm,True,0.04036576932989817,0.03941420763897746,0.001553479763808429,0.024695830150217684,0.011730530002961485,0.019482757734227276,0.6349976489791895,10,0.5,design,0.1,0.04885853377918982,0.039892825779850295,0.3333333333333333,18
augonly,erm,True,0.04036576932989817,0.03941420763897746,0.001553479763808429,0.024695830150217684,0.011730530002961485,0.019482757734227276,0.6349976489791895,10,0.5,design,0.2,0.04885853377918982,0.039892825779850295,0.3333333333333333,3
compute_matched,erm,True,0.01789657250263263,0.01728760973084026,0.0002988614502058428,0.004862829352629413,0.011730530002961485,0.010350327805471552,0.47440195220891346,1,0.0,none,0.02,0.020149211793183384,0.020149211793183384,0.0,11
compute_matched,erm,True,0.01789657250263263,0.01728760973084026,0.0002988614502058428,0.004862829352629413,0.011730530002961485,0.010350327805471552,0.47440195220891346,1,0.0,none,0.05,0.020149211793183384,0.020149211793183384,0.0,4
compute_matched,erm,True,0.01789657250263263,0.01728760973084026,0.0002988614502058428,0.004862829352629413,0.011730530002961485,0.010350327805471552,0.47440195220891346,1,0.0,none,0.1,0.020149211793183384,0.020149211793183384,0.0,3
compute_matched,erm,True,0.01789657250263263,0.01728760973084026,0.0002988614502058428,0.004862829352629413,0.011730530002961485,0.010350327805471552,0.47440195220891346,1,0.0,none,0.2,0.020149211793183384,0.020149211793183384,0.0,3
compute_matched,erm,True,0.01789657250263263,0.01728760973084026,0.0002988614502058428,0.004862829352629413,0.011730530002961485,0.010350327805471552,0.47440195220891346,1,0.25,ratio,0.02,0.02207235563015131,0.020149211793183384,0.16666666666666666,22
compute_matched,erm,True,0.01789657250263263,0.01728760973084026,0.0002988614502058428,0.004862829352629413,0.011730530002961485,0.010350327805471552,0.47440195220891346,1,0.25,ratio,0.05,0.02207235563015131,0.020149211793183384,0.16666666666666666,6
compute_matched,erm,True,0.01789657250263263,0.01728760973084026,0.0002988614502058428,0.004862829352629413,0.011730530002961485,0.010350327805471552,0.47440195220891346,1,0.25,ratio,0.1,0.02207235563015131,0.020149211793183384,0.16666666666666666,4
compute_matched,erm,True,0.01789657250263263,0.01728760973084026,0.0002988614502058428,0.004862829352629413,0.011730530002961485,0.010350327805471552,0.47440195220891346,1,0.25,ratio,0.2,0.02207235563015131,0.020149211793183384,0.16666666666666666,3
compute_matched,erm,True,0.01789657250263263,0.01728760973084026,0.0002988614502058428,0.004862829352629413,0.011730530002961485,0.010350327805471552,0.47440195220891346,1,0.25,design,0.02,0.02207235563015131,0.020149211793183384,0.16666666666666666,
compute_matched,erm,True,0.01789657250263263,0.01728760973084026,0.0002988614502058428,0.004862829352629413,0.011730530002961485,0.010350327805471552,0.47440195220891346,1,0.25,design,0.05,0.02207235563015131,0.020149211793183384,0.16666666666666666,5
compute_matched,erm,True,0.01789657250263263,0.01728760973084026,0.0002988614502058428,0.004862829352629413,0.011730530002961485,0.010350327805471552,0.47440195220891346,1,0.25,design,0.1,0.02207235563015131,0.020149211793183384,0.16666666666666666,3
compute_matched,erm,True,0.01789657250263263,0.01728760973084026,0.0002988614502058428,0.004862829352629413,0.011730530002961485,0.010350327805471552,0.47440195220891346,1,0.25,design,0.2,0.02207235563015131,0.020149211793183384,0.16666666666666666,3
compute_matched,erm,True,0.01789657250263263,0.01728760973084026,0.0002988614502058428,0.004862829352629413,0.011730530002961485,0.010350327805471552,0.47440195220891346,1,0.5,ratio,0.02,0.02467764380628427,0.020149211793183384,0.3333333333333333,38
compute_matched,erm,True,0.01789657250263263,0.01728760973084026,0.0002988614502058428,0.004862829352629413,0.011730530002961485,0.010350327805471552,0.47440195220891346,1,0.5,ratio,0.05,0.02467764380628427,0.020149211793183384,0.3333333333333333,8
compute_matched,erm,True,0.01789657250263263,0.01728760973084026,0.0002988614502058428,0.004862829352629413,0.011730530002961485,0.010350327805471552,0.47440195220891346,1,0.5,ratio,0.1,0.02467764380628427,0.020149211793183384,0.3333333333333333,4
compute_matched,erm,True,0.01789657250263263,0.01728760973084026,0.0002988614502058428,0.004862829352629413,0.011730530002961485,0.010350327805471552,0.47440195220891346,1,0.5,ratio,0.2,0.02467764380628427,0.020149211793183384,0.3333333333333333,3
compute_matched,erm,True,0.01789657250263263,0.01728760973084026,0.0002988614502058428,0.004862829352629413,0.011730530002961485,0.010350327805471552,0.47440195220891346,1,0.5,design,0.02,0.02467764380628427,0.020149211793183384,0.3333333333333333,
compute_matched,erm,True,0.01789657250263263,0.01728760973084026,0.0002988614502058428,0.004862829352629413,0.011730530002961485,0.010350327805471552,0.47440195220891346,1,0.5,design,0.05,0.02467764380628427,0.020149211793183384,0.3333333333333333,24
compute_matched,erm,True,0.01789657250263263,0.01728760973084026,0.0002988614502058428,0.004862829352629413,0.011730530002961485,0.010350327805471552,0.47440195220891346,1,0.5,design,0.1,0.02467764380628427,0.020149211793183384,0.3333333333333333,3
compute_matched,erm,True,0.01789657250263263,0.01728760973084026,0.0002988614502058428,0.004862829352629413,0.011730530002961485,0.010350327805471552,0.47440195220891346,1,0.5,design,0.2,0.02467764380628427,0.020149211793183384,0.3333333333333333,3
compute_matched,erm,True,0.01789657250263263,0.01728760973084026,0.0002988614502058428,0.004862829352629413,0.011730530002961485,0.010350327805471552,0.47440195220891346,3,0.0,none,0.02,0.018291287874269962,0.018291287874269962,0.0,9
compute_matched,erm,True,0.01789657250263263,0.01728760973084026,0.0002988614502058428,0.004862829352629413,0.011730530002961485,0.010350327805471552,0.47440195220891346,3,0.0,none,0.05,0.018291287874269962,0.018291287874269962,0.0,4
compute_matched,erm,True,0.01789657250263263,0.01728760973084026,0.0002988614502058428,0.004862829352629413,0.011730530002961485,0.010350327805471552,0.47440195220891346,3,0.0,none,0.1,0.018291287874269962,0.018291287874269962,0.0,3
compute_matched,erm,True,0.01789657250263263,0.01728760973084026,0.0002988614502058428,0.004862829352629413,0.011730530002961485,0.010350327805471552,0.47440195220891346,3,0.0,none,0.2,0.018291287874269962,0.018291287874269962,0.0,3
compute_matched,erm,True,0.01789657250263263,0.01728760973084026,0.0002988614502058428,0.004862829352629413,0.011730530002961485,0.010350327805471552,0.47440195220891346,3,0.25,ratio,0.02,0.020037101949116752,0.018291287874269962,0.16666666666666666,18
compute_matched,erm,True,0.01789657250263263,0.01728760973084026,0.0002988614502058428,0.004862829352629413,0.011730530002961485,0.010350327805471552,0.47440195220891346,3,0.25,ratio,0.05,0.020037101949116752,0.018291287874269962,0.16666666666666666,5
compute_matched,erm,True,0.01789657250263263,0.01728760973084026,0.0002988614502058428,0.004862829352629413,0.011730530002961485,0.010350327805471552,0.47440195220891346,3,0.25,ratio,0.1,0.020037101949116752,0.018291287874269962,0.16666666666666666,3
compute_matched,erm,True,0.01789657250263263,0.01728760973084026,0.0002988614502058428,0.004862829352629413,0.011730530002961485,0.010350327805471552,0.47440195220891346,3,0.25,ratio,0.2,0.020037101949116752,0.018291287874269962,0.16666666666666666,3
compute_matched,erm,True,0.01789657250263263,0.01728760973084026,0.0002988614502058428,0.004862829352629413,0.011730530002961485,0.010350327805471552,0.47440195220891346,3,0.25,design,0.02,0.020037101949116752,0.018291287874269962,0.16666666666666666,
compute_matched,erm,True,0.01789657250263263,0.01728760973084026,0.0002988614502058428,0.004862829352629413,0.011730530002961485,0.010350327805471552,0.47440195220891346,3,0.25,design,0.05,0.020037101949116752,0.018291287874269962,0.16666666666666666,4
compute_matched,erm,True,0.01789657250263263,0.01728760973084026,0.0002988614502058428,0.004862829352629413,0.011730530002961485,0.010350327805471552,0.47440195220891346,3,0.25,design,0.1,0.020037101949116752,0.018291287874269962,0.16666666666666666,3
compute_matched,erm,True,0.01789657250263263,0.01728760973084026,0.0002988614502058428,0.004862829352629413,0.011730530002961485,0.010350327805471552,0.47440195220891346,3,0.25,design,0.2,0.020037101949116752,0.018291287874269962,0.16666666666666666,3
compute_matched,erm,True,0.01789657250263263,0.01728760973084026,0.0002988614502058428,0.004862829352629413,0.011730530002961485,0.010350327805471552,0.47440195220891346,3,0.5,ratio,0.02,0.022402161015159298,0.018291287874269962,0.3333333333333333,32
compute_matched,erm,True,0.01789657250263263,0.01728760973084026,0.0002988614502058428,0.004862829352629413,0.011730530002961485,0.010350327805471552,0.47440195220891346,3,0.5,ratio,0.05,0.022402161015159298,0.018291287874269962,0.3333333333333333,7
compute_matched,erm,True,0.01789657250263263,0.01728760973084026,0.0002988614502058428,0.004862829352629413,0.011730530002961485,0.010350327805471552,0.47440195220891346,3,0.5,ratio,0.1,0.022402161015159298,0.018291287874269962,0.3333333333333333,4
compute_matched,erm,True,0.01789657250263263,0.01728760973084026,0.0002988614502058428,0.004862829352629413,0.011730530002961485,0.010350327805471552,0.47440195220891346,3,0.5,ratio,0.2,0.022402161015159298,0.018291287874269962,0.3333333333333333,3
compute_matched,erm,True,0.01789657250263263,0.01728760973084026,0.0002988614502058428,0.004862829352629413,0.011730530002961485,0.010350327805471552,0.47440195220891346,3,0.5,design,0.02,0.022402161015159298,0.018291287874269962,0.3333333333333333,
compute_matched,erm,True,0.01789657250263263,0.01728760973084026,0.0002988614502058428,0.004862829352629413,0.011730530002961485,0.010350327805471552,0.47440195220891346,3,0.5,design,0.05,0.022402161015159298,0.018291287874269962,0.3333333333333333,7
compute_matched,erm,True,0.01789657250263263,0.01728760973084026,0.0002988614502058428,0.004862829352629413,0.011730530002961485,0.010350327805471552,0.47440195220891346,3,0.5,design,0.1,0.022402161015159298,0.018291287874269962,0.3333333333333333,3
compute_matched,erm,True,0.01789657250263263,0.01728760973084026,0.0002988614502058428,0.004862829352629413,0.011730530002961485,0.010350327805471552,0.47440195220891346,3,0.5,design,0.2,0.022402161015159298,0.018291287874269962,0.3333333333333333,3
compute_matched,erm,True,0.01789657250263263,0.01728760973084026,0.0002988614502058428,0.004862829352629413,0.011730530002961485,0.010350327805471552,0.47440195220891346,5,0.0,none,0.02,0.01789657250263263,0.01789657250263263,0.0,9
compute_matched,erm,True,0.01789657250263263,0.01728760973084026,0.0002988614502058428,0.004862829352629413,0.011730530002961485,0.010350327805471552,0.47440195220891346,5,0.0,none,0.05,0.01789657250263263,0.01789657250263263,0.0,4
compute_matched,erm,True,0.01789657250263263,0.01728760973084026,0.0002988614502058428,0.004862829352629413,0.011730530002961485,0.010350327805471552,0.47440195220891346,5,0.0,none,0.1,0.01789657250263263,0.01789657250263263,0.0,3
compute_matched,erm,True,0.01789657250263263,0.01728760973084026,0.0002988614502058428,0.004862829352629413,0.011730530002961485,0.010350327805471552,0.47440195220891346,5,0.0,none,0.2,0.01789657250263263,0.01789657250263263,0.0,3
compute_matched,erm,True,0.01789657250263263,0.01728760973084026,0.0002988614502058428,0.004862829352629413,0.011730530002961485,0.010350327805471552,0.47440195220891346,5,0.25,ratio,0.02,0.01960471292343715,0.01789657250263263,0.16666666666666666,18
compute_matched,erm,True,0.01789657250263263,0.01728760973084026,0.0002988614502058428,0.004862829352629413,0.011730530002961485,0.010350327805471552,0.47440195220891346,5,0.25,ratio,0.05,0.01960471292343715,0.01789657250263263,0.16666666666666666,5
compute_matched,erm,True,0.01789657250263263,0.01728760973084026,0.0002988614502058428,0.004862829352629413,0.011730530002961485,0.010350327805471552,0.47440195220891346,5,0.25,ratio,0.1,0.01960471292343715,0.01789657250263263,0.16666666666666666,3
compute_matched,erm,True,0.01789657250263263,0.01728760973084026,0.0002988614502058428,0.004862829352629413,0.011730530002961485,0.010350327805471552,0.47440195220891346,5,0.25,ratio,0.2,0.01960471292343715,0.01789657250263263,0.16666666666666666,3
compute_matched,erm,True,0.01789657250263263,0.01728760973084026,0.0002988614502058428,0.004862829352629413,0.011730530002961485,0.010350327805471552,0.47440195220891346,5,0.25,design,0.02,0.01960471292343715,0.01789657250263263,0.16666666666666666,
compute_matched,erm,True,0.01789657250263263,0.01728760973084026,0.0002988614502058428,0.004862829352629413,0.011730530002961485,0.010350327805471552,0.47440195220891346,5,0.25,design,0.05,0.01960471292343715,0.01789657250263263,0.16666666666666666,4
compute_matched,erm,True,0.01789657250263263,0.01728760973084026,0.0002988614502058428,0.004862829352629413,0.011730530002961485,0.010350327805471552,0.47440195220891346,5,0.25,design,0.1,0.01960471292343715,0.01789657250263263,0.16666666666666666,3
compute_matched,erm,True,0.01789657250263263,0.01728760973084026,0.0002988614502058428,0.004862829352629413,0.011730530002961485,0.010350327805471552,0.47440195220891346,5,0.25,design,0.2,0.01960471292343715,0.01789657250263263,0.16666666666666666,3
compute_matched,erm,True,0.01789657250263263,0.01728760973084026,0.0002988614502058428,0.004862829352629413,0.011730530002961485,0.010350327805471552,0.47440195220891346,5,0.5,ratio,0.02,0.02191873538808705,0.01789657250263263,0.3333333333333333,31
compute_matched,erm,True,0.01789657250263263,0.01728760973084026,0.0002988614502058428,0.004862829352629413,0.011730530002961485,0.010350327805471552,0.47440195220891346,5,0.5,ratio,0.05,0.02191873538808705,0.01789657250263263,0.3333333333333333,7
compute_matched,erm,True,0.01789657250263263,0.01728760973084026,0.0002988614502058428,0.004862829352629413,0.011730530002961485,0.010350327805471552,0.47440195220891346,5,0.5,ratio,0.1,0.02191873538808705,0.01789657250263263,0.3333333333333333,4
compute_matched,erm,True,0.01789657250263263,0.01728760973084026,0.0002988614502058428,0.004862829352629413,0.011730530002961485,0.010350327805471552,0.47440195220891346,5,0.5,ratio,0.2,0.02191873538808705,0.01789657250263263,0.3333333333333333,3
compute_matched,erm,True,0.01789657250263263,0.01728760973084026,0.0002988614502058428,0.004862829352629413,0.011730530002961485,0.010350327805471552,0.47440195220891346,5,0.5,design,0.02,0.02191873538808705,0.01789657250263263,0.3333333333333333,
compute_matched,erm,True,0.01789657250263263,0.01728760973084026,0.0002988614502058428,0.004862829352629413,0.011730530002961485,0.010350327805471552,0.47440195220891346,5,0.5,design,0.05,0.02191873538808705,0.01789657250263263,0.3333333333333333,6
compute_matched,erm,True,0.01789657250263263,0.01728760973084026,0.0002988614502058428,0.004862829352629413,0.011730530002961485,0.010350327805471552,0.47440195220891346,5,0.5,design,0.1,0.02191873538808705,0.01789657250263263,0.3333333333333333,3
compute_matched,erm,True,0.01789657250263263,0.01728760973084026,0.0002988614502058428,0.004862829352629413,0.011730530002961485,0.010350327805471552,0.47440195220891346,5,0.5,design,0.2,0.02191873538808705,0.01789657250263263,0.3333333333333333,3
compute_matched,erm,True,0.01789657250263263,0.01728760973084026,0.0002988614502058428,0.004862829352629413,0.011730530002961485,0.010350327805471552,0.47440195220891346,10,0.0,none,0.02,0.01759472587947634,0.01759472587947634,0.0,9
compute_matched,erm,True,0.01789657250263263,0.01728760973084026,0.0002988614502058428,0.004862829352629413,0.011730530002961485,0.010350327805471552,0.47440195220891346,10,0.0,none,0.05,0.01759472587947634,0.01759472587947634,0.0,4
compute_matched,erm,True,0.01789657250263263,0.01728760973084026,0.0002988614502058428,0.004862829352629413,0.011730530002961485,0.010350327805471552,0.47440195220891346,10,0.0,none,0.1,0.01759472587947634,0.01759472587947634,0.0,3
compute_matched,erm,True,0.01789657250263263,0.01728760973084026,0.0002988614502058428,0.004862829352629413,0.011730530002961485,0.010350327805471552,0.47440195220891346,10,0.0,none,0.2,0.01759472587947634,0.01759472587947634,0.0,3
compute_matched,erm,True,0.01789657250263263,0.01728760973084026,0.0002988614502058428,0.004862829352629413,0.011730530002961485,0.010350327805471552,0.47440195220891346,10,0.25,ratio,0.02,0.019274056514618228,0.01759472587947634,0.16666666666666666,17
compute_matched,erm,True,0.01789657250263263,0.01728760973084026,0.0002988614502058428,0.004862829352629413,0.011730530002961485,0.010350327805471552,0.47440195220891346,10,0.25,ratio,0.05,0.019274056514618228,0.01759472587947634,0.16666666666666666,5
compute_matched,erm,True,0.01789657250263263,0.01728760973084026,0.0002988614502058428,0.004862829352629413,0.011730530002961485,0.010350327805471552,0.47440195220891346,10,0.25,ratio,0.1,0.019274056514618228,0.01759472587947634,0.16666666666666666,3
compute_matched,erm,True,0.01789657250263263,0.01728760973084026,0.0002988614502058428,0.004862829352629413,0.011730530002961485,0.010350327805471552,0.47440195220891346,10,0.25,ratio,0.2,0.019274056514618228,0.01759472587947634,0.16666666666666666,3
compute_matched,erm,True,0.01789657250263263,0.01728760973084026,0.0002988614502058428,0.004862829352629413,0.011730530002961485,0.010350327805471552,0.47440195220891346,10,0.25,design,0.02,0.019274056514618228,0.01759472587947634,0.16666666666666666,
compute_matched,erm,True,0.01789657250263263,0.01728760973084026,0.0002988614502058428,0.004862829352629413,0.011730530002961485,0.010350327805471552,0.47440195220891346,10,0.25,design,0.05,0.019274056514618228,0.01759472587947634,0.16666666666666666,4
compute_matched,erm,True,0.01789657250263263,0.01728760973084026,0.0002988614502058428,0.004862829352629413,0.011730530002961485,0.010350327805471552,0.47440195220891346,10,0.25,design,0.1,0.019274056514618228,0.01759472587947634,0.16666666666666666,3
compute_matched,erm,True,0.01789657250263263,0.01728760973084026,0.0002988614502058428,0.004862829352629413,0.011730530002961485,0.010350327805471552,0.47440195220891346,10,0.25,design,0.2,0.019274056514618228,0.01759472587947634,0.16666666666666666,3
compute_matched,erm,True,0.01789657250263263,0.01728760973084026,0.0002988614502058428,0.004862829352629413,0.011730530002961485,0.010350327805471552,0.47440195220891346,10,0.5,ratio,0.02,0.021549050284429515,0.01759472587947634,0.3333333333333333,30
compute_matched,erm,True,0.01789657250263263,0.01728760973084026,0.0002988614502058428,0.004862829352629413,0.011730530002961485,0.010350327805471552,0.47440195220891346,10,0.5,ratio,0.05,0.021549050284429515,0.01759472587947634,0.3333333333333333,7
compute_matched,erm,True,0.01789657250263263,0.01728760973084026,0.0002988614502058428,0.004862829352629413,0.011730530002961485,0.010350327805471552,0.47440195220891346,10,0.5,ratio,0.1,0.021549050284429515,0.01759472587947634,0.3333333333333333,4
compute_matched,erm,True,0.01789657250263263,0.01728760973084026,0.0002988614502058428,0.004862829352629413,0.011730530002961485,0.010350327805471552,0.47440195220891346,10,0.5,ratio,0.2,0.021549050284429515,0.01759472587947634,0.3333333333333333,3
compute_matched,erm,True,0.01789657250263263,0.01728760973084026,0.0002988614502058428,0.004862829352629413,0.011730530002961485,0.010350327805471552,0.47440195220891346,10,0.5,design,0.02,0.021549050284429515,0.01759472587947634,0.3333333333333333,
compute_matched,erm,True,0.01789657250263263,0.01728760973084026,0.0002988614502058428,0.004862829352629413,0.011730530002961485,0.010350327805471552,0.47440195220891346,10,0.5,design,0.05,0.021549050284429515,0.01759472587947634,0.3333333333333333,6
compute_matched,erm,True,0.01789657250263263,0.01728760973084026,0.0002988614502058428,0.004862829352629413,0.011730530002961485,0.010350327805471552,0.47440195220891346,10,0.5,design,0.1,0.021549050284429515,0.01759472587947634,0.3333333333333333,3
compute_matched,erm,True,0.01789657250263263,0.01728760973084026,0.0002988614502058428,0.004862829352629413,0.011730530002961485,0.010350327805471552,0.47440195220891346,10,0.5,design,0.2,0.021549050284429515,0.01759472587947634,0.3333333333333333,3
coral,erm,True,0.009570558607420482,0.00799348136563241,6.389574434271259e-05,0.007566955949065837,0.011730530002961485,0.011768569946122954,0.3174973046685692,1,0.0,none,0.02,0.014226559068147892,0.014226559068147892,0.0,7
coral,erm,True,0.009570558607420482,0.00799348136563241,6.389574434271259e-05,0.007566955949065837,0.011730530002961485,0.011768569946122954,0.3174973046685692,1,0.0,none,0.05,0.014226559068147892,0.014226559068147892,0.0,3
coral,erm,True,0.009570558607420482,0.00799348136563241,6.389574434271259e-05,0.007566955949065837,0.011730530002961485,0.011768569946122954,0.3174973046685692,1,0.0,none,0.1,0.014226559068147892,0.014226559068147892,0.0,3
coral,erm,True,0.009570558607420482,0.00799348136563241,6.389574434271259e-05,0.007566955949065837,0.011730530002961485,0.011768569946122954,0.3174973046685692,1,0.0,none,0.2,0.014226559068147892,0.014226559068147892,0.0,2
coral,erm,True,0.009570558607420482,0.00799348136563241,6.389574434271259e-05,0.007566955949065837,0.011730530002961485,0.011768569946122954,0.3174973046685692,1,0.25,ratio,0.02,0.015584414634608551,0.014226559068147892,0.16666666666666666,12
coral,erm,True,0.009570558607420482,0.00799348136563241,6.389574434271259e-05,0.007566955949065837,0.011730530002961485,0.011768569946122954,0.3174973046685692,1,0.25,ratio,0.05,0.015584414634608551,0.014226559068147892,0.16666666666666666,4
coral,erm,True,0.009570558607420482,0.00799348136563241,6.389574434271259e-05,0.007566955949065837,0.011730530002961485,0.011768569946122954,0.3174973046685692,1,0.25,ratio,0.1,0.015584414634608551,0.014226559068147892,0.16666666666666666,3
coral,erm,True,0.009570558607420482,0.00799348136563241,6.389574434271259e-05,0.007566955949065837,0.011730530002961485,0.011768569946122954,0.3174973046685692,1,0.25,ratio,0.2,0.015584414634608551,0.014226559068147892,0.16666666666666666,3
coral,erm,True,0.009570558607420482,0.00799348136563241,6.389574434271259e-05,0.007566955949065837,0.011730530002961485,0.011768569946122954,0.3174973046685692,1,0.25,design,0.02,0.015584414634608551,0.014226559068147892,0.16666666666666666,
coral,erm,True,0.009570558607420482,0.00799348136563241,6.389574434271259e-05,0.007566955949065837,0.011730530002961485,0.011768569946122954,0.3174973046685692,1,0.25,design,0.05,0.015584414634608551,0.014226559068147892,0.16666666666666666,4
coral,erm,True,0.009570558607420482,0.00799348136563241,6.389574434271259e-05,0.007566955949065837,0.011730530002961485,0.011768569946122954,0.3174973046685692,1,0.25,design,0.1,0.015584414634608551,0.014226559068147892,0.16666666666666666,3
coral,erm,True,0.009570558607420482,0.00799348136563241,6.389574434271259e-05,0.007566955949065837,0.011730530002961485,0.011768569946122954,0.3174973046685692,1,0.25,design,0.2,0.015584414634608551,0.014226559068147892,0.16666666666666666,3
coral,erm,True,0.009570558607420482,0.00799348136563241,6.389574434271259e-05,0.007566955949065837,0.011730530002961485,0.011768569946122954,0.3174973046685692,1,0.5,ratio,0.02,0.017423905256263635,0.014226559068147892,0.3333333333333333,20
coral,erm,True,0.009570558607420482,0.00799348136563241,6.389574434271259e-05,0.007566955949065837,0.011730530002961485,0.011768569946122954,0.3174973046685692,1,0.5,ratio,0.05,0.017423905256263635,0.014226559068147892,0.3333333333333333,6
coral,erm,True,0.009570558607420482,0.00799348136563241,6.389574434271259e-05,0.007566955949065837,0.011730530002961485,0.011768569946122954,0.3174973046685692,1,0.5,ratio,0.1,0.017423905256263635,0.014226559068147892,0.3333333333333333,3
coral,erm,True,0.009570558607420482,0.00799348136563241,6.389574434271259e-05,0.007566955949065837,0.011730530002961485,0.011768569946122954,0.3174973046685692,1,0.5,ratio,0.2,0.017423905256263635,0.014226559068147892,0.3333333333333333,3
coral,erm,True,0.009570558607420482,0.00799348136563241,6.389574434271259e-05,0.007566955949065837,0.011730530002961485,0.011768569946122954,0.3174973046685692,1,0.5,design,0.02,0.017423905256263635,0.014226559068147892,0.3333333333333333,
coral,erm,True,0.009570558607420482,0.00799348136563241,6.389574434271259e-05,0.007566955949065837,0.011730530002961485,0.011768569946122954,0.3174973046685692,1,0.5,design,0.05,0.017423905256263635,0.014226559068147892,0.3333333333333333,4
coral,erm,True,0.009570558607420482,0.00799348136563241,6.389574434271259e-05,0.007566955949065837,0.011730530002961485,0.011768569946122954,0.3174973046685692,1,0.5,design,0.1,0.017423905256263635,0.014226559068147892,0.3333333333333333,3
coral,erm,True,0.009570558607420482,0.00799348136563241,6.389574434271259e-05,0.007566955949065837,0.011730530002961485,0.011768569946122954,0.3174973046685692,1,0.5,design,0.2,0.017423905256263635,0.014226559068147892,0.3333333333333333,3
coral,erm,True,0.009570558607420482,0.00799348136563241,6.389574434271259e-05,0.007566955949065837,0.011730530002961485,0.011768569946122954,0.3174973046685692,3,0.0,none,0.02,0.010491051291536137,0.010491051291536137,0.0,5
coral,erm,True,0.009570558607420482,0.00799348136563241,6.389574434271259e-05,0.007566955949065837,0.011730530002961485,0.011768569946122954,0.3174973046685692,3,0.0,none,0.05,0.010491051291536137,0.010491051291536137,0.0,3
coral,erm,True,0.009570558607420482,0.00799348136563241,6.389574434271259e-05,0.007566955949065837,0.011730530002961485,0.011768569946122954,0.3174973046685692,3,0.0,none,0.1,0.010491051291536137,0.010491051291536137,0.0,3
coral,erm,True,0.009570558607420482,0.00799348136563241,6.389574434271259e-05,0.007566955949065837,0.011730530002961485,0.011768569946122954,0.3174973046685692,3,0.0,none,0.2,0.010491051291536137,0.010491051291536137,0.0,2
coral,erm,True,0.009570558607420482,0.00799348136563241,6.389574434271259e-05,0.007566955949065837,0.011730530002961485,0.011768569946122954,0.3174973046685692,3,0.25,ratio,0.02,0.011492370888636097,0.010491051291536137,0.16666666666666666,8
coral,erm,True,0.009570558607420482,0.00799348136563241,6.389574434271259e-05,0.007566955949065837,0.011730530002961485,0.011768569946122954,0.3174973046685692,3,0.25,ratio,0.05,0.011492370888636097,0.010491051291536137,0.16666666666666666,4
coral,erm,True,0.009570558607420482,0.00799348136563241,6.389574434271259e-05,0.007566955949065837,0.011730530002961485,0.011768569946122954,0.3174973046685692,3,0.25,ratio,0.1,0.011492370888636097,0.010491051291536137,0.16666666666666666,3
coral,erm,True,0.009570558607420482,0.00799348136563241,6.389574434271259e-05,0.007566955949065837,0.011730530002961485,0.011768569946122954,0.3174973046685692,3,0.25,ratio,0.2,0.011492370888636097,0.010491051291536137,0.16666666666666666,2
coral,erm,True,0.009570558607420482,0.00799348136563241,6.389574434271259e-05,0.007566955949065837,0.011730530002961485,0.011768569946122954,0.3174973046685692,3,0.25,design,0.02,0.011492370888636097,0.010491051291536137,0.16666666666666666,8
coral,erm,True,0.009570558607420482,0.00799348136563241,6.389574434271259e-05,0.007566955949065837,0.011730530002961485,0.011768569946122954,0.3174973046685692,3,0.25,design,0.05,0.011492370888636097,0.010491051291536137,0.16666666666666666,3
coral,erm,True,0.009570558607420482,0.00799348136563241,6.389574434271259e-05,0.007566955949065837,0.011730530002961485,0.011768569946122954,0.3174973046685692,3,0.25,design,0.1,0.011492370888636097,0.010491051291536137,0.16666666666666666,3
coral,erm,True,0.009570558607420482,0.00799348136563241,6.389574434271259e-05,0.007566955949065837,0.011730530002961485,0.011768569946122954,0.3174973046685692,3,0.25,design,0.2,0.011492370888636097,0.010491051291536137,0.16666666666666666,3
coral,erm,True,0.009570558607420482,0.00799348136563241,6.389574434271259e-05,0.007566955949065837,0.011730530002961485,0.011768569946122954,0.3174973046685692,3,0.5,ratio,0.02,0.01284886126481499,0.010491051291536137,0.3333333333333333,12
coral,erm,True,0.009570558607420482,0.00799348136563241,6.389574434271259e-05,0.007566955949065837,0.011730530002961485,0.011768569946122954,0.3174973046685692,3,0.5,ratio,0.05,0.01284886126481499,0.010491051291536137,0.3333333333333333,4
coral,erm,True,0.009570558607420482,0.00799348136563241,6.389574434271259e-05,0.007566955949065837,0.011730530002961485,0.011768569946122954,0.3174973046685692,3,0.5,ratio,0.1,0.01284886126481499,0.010491051291536137,0.3333333333333333,3
coral,erm,True,0.009570558607420482,0.00799348136563241,6.389574434271259e-05,0.007566955949065837,0.011730530002961485,0.011768569946122954,0.3174973046685692,3,0.5,ratio,0.2,0.01284886126481499,0.010491051291536137,0.3333333333333333,3
coral,erm,True,0.009570558607420482,0.00799348136563241,6.389574434271259e-05,0.007566955949065837,0.011730530002961485,0.011768569946122954,0.3174973046685692,3,0.5,design,0.02,0.01284886126481499,0.010491051291536137,0.3333333333333333,
coral,erm,True,0.009570558607420482,0.00799348136563241,6.389574434271259e-05,0.007566955949065837,0.011730530002961485,0.011768569946122954,0.3174973046685692,3,0.5,design,0.05,0.01284886126481499,0.010491051291536137,0.3333333333333333,3
coral,erm,True,0.009570558607420482,0.00799348136563241,6.389574434271259e-05,0.007566955949065837,0.011730530002961485,0.011768569946122954,0.3174973046685692,3,0.5,design,0.1,0.01284886126481499,0.010491051291536137,0.3333333333333333,3
coral,erm,True,0.009570558607420482,0.00799348136563241,6.389574434271259e-05,0.007566955949065837,0.011730530002961485,0.011768569946122954,0.3174973046685692,3,0.5,design,0.2,0.01284886126481499,0.010491051291536137,0.3333333333333333,3
coral,erm,True,0.009570558607420482,0.00799348136563241,6.389574434271259e-05,0.007566955949065837,0.011730530002961485,0.011768569946122954,0.3174973046685692,5,0.0,none,0.02,0.009570558607420482,0.009570558607420482,0.0,5
coral,erm,True,0.009570558607420482,0.00799348136563241,6.389574434271259e-05,0.007566955949065837,0.011730530002961485,0.011768569946122954,0.3174973046685692,5,0.0,none,0.05,0.009570558607420482,0.009570558607420482,0.0,3
coral,erm,True,0.009570558607420482,0.00799348136563241,6.389574434271259e-05,0.007566955949065837,0.011730530002961485,0.011768569946122954,0.3174973046685692,5,0.0,none,0.1,0.009570558607420482,0.009570558607420482,0.0,3
coral,erm,True,0.009570558607420482,0.00799348136563241,6.389574434271259e-05,0.007566955949065837,0.011730530002961485,0.011768569946122954,0.3174973046685692,5,0.0,none,0.2,0.009570558607420482,0.009570558607420482,0.0,2
coral,erm,True,0.009570558607420482,0.00799348136563241,6.389574434271259e-05,0.007566955949065837,0.011730530002961485,0.011768569946122954,0.3174973046685692,5,0.25,ratio,0.02,0.010484021674418854,0.009570558607420482,0.16666666666666666,7
coral,erm,True,0.009570558607420482,0.00799348136563241,6.389574434271259e-05,0.007566955949065837,0.011730530002961485,0.011768569946122954,0.3174973046685692,5,0.25,ratio,0.05,0.010484021674418854,0.009570558607420482,0.16666666666666666,3
coral,erm,True,0.009570558607420482,0.00799348136563241,6.389574434271259e-05,0.007566955949065837,0.011730530002961485,0.011768569946122954,0.3174973046685692,5,0.25,ratio,0.1,0.010484021674418854,0.009570558607420482,0.16666666666666666,3
coral,erm,True,0.009570558607420482,0.00799348136563241,6.389574434271259e-05,0.007566955949065837,0.011730530002961485,0.011768569946122954,0.3174973046685692,5,0.25,ratio,0.2,0.010484021674418854,0.009570558607420482,0.16666666666666666,2
coral,erm,True,0.009570558607420482,0.00799348136563241,6.389574434271259e-05,0.007566955949065837,0.011730530002961485,0.011768569946122954,0.3174973046685692,5,0.25,design,0.02,0.010484021674418854,0.009570558607420482,0.16666666666666666,6
coral,erm,True,0.009570558607420482,0.00799348136563241,6.389574434271259e-05,0.007566955949065837,0.011730530002961485,0.011768569946122954,0.3174973046685692,5,0.25,design,0.05,0.010484021674418854,0.009570558607420482,0.16666666666666666,3
coral,erm,True,0.009570558607420482,0.00799348136563241,6.389574434271259e-05,0.007566955949065837,0.011730530002961485,0.011768569946122954,0.3174973046685692,5,0.25,design,0.1,0.010484021674418854,0.009570558607420482,0.16666666666666666,3
coral,erm,True,0.009570558607420482,0.00799348136563241,6.389574434271259e-05,0.007566955949065837,0.011730530002961485,0.011768569946122954,0.3174973046685692,5,0.25,design,0.2,0.010484021674418854,0.009570558607420482,0.16666666666666666,3
coral,erm,True,0.009570558607420482,0.00799348136563241,6.389574434271259e-05,0.007566955949065837,0.011730530002961485,0.011768569946122954,0.3174973046685692,5,0.5,ratio,0.02,0.011721492570790864,0.009570558607420482,0.3333333333333333,11
coral,erm,True,0.009570558607420482,0.00799348136563241,6.389574434271259e-05,0.007566955949065837,0.011730530002961485,0.011768569946122954,0.3174973046685692,5,0.5,ratio,0.05,0.011721492570790864,0.009570558607420482,0.3333333333333333,4
coral,erm,True,0.009570558607420482,0.00799348136563241,6.389574434271259e-05,0.007566955949065837,0.011730530002961485,0.011768569946122954,0.3174973046685692,5,0.5,ratio,0.1,0.011721492570790864,0.009570558607420482,0.3333333333333333,3
coral,erm,True,0.009570558607420482,0.00799348136563241,6.389574434271259e-05,0.007566955949065837,0.011730530002961485,0.011768569946122954,0.3174973046685692,5,0.5,ratio,0.2,0.011721492570790864,0.009570558607420482,0.3333333333333333,3
coral,erm,True,0.009570558607420482,0.00799348136563241,6.389574434271259e-05,0.007566955949065837,0.011730530002961485,0.011768569946122954,0.3174973046685692,5,0.5,design,0.02,0.011721492570790864,0.009570558607420482,0.3333333333333333,
coral,erm,True,0.009570558607420482,0.00799348136563241,6.389574434271259e-05,0.007566955949065837,0.011730530002961485,0.011768569946122954,0.3174973046685692,5,0.5,design,0.05,0.011721492570790864,0.009570558607420482,0.3333333333333333,3
coral,erm,True,0.009570558607420482,0.00799348136563241,6.389574434271259e-05,0.007566955949065837,0.011730530002961485,0.011768569946122954,0.3174973046685692,5,0.5,design,0.1,0.011721492570790864,0.009570558607420482,0.3333333333333333,3
coral,erm,True,0.009570558607420482,0.00799348136563241,6.389574434271259e-05,0.007566955949065837,0.011730530002961485,0.011768569946122954,0.3174973046685692,5,0.5,design,0.2,0.011721492570790864,0.009570558607420482,0.3333333333333333,3
coral,erm,True,0.009570558607420482,0.00799348136563241,6.389574434271259e-05,0.007566955949065837,0.011730530002961485,0.011768569946122954,0.3174973046685692,10,0.0,none,0.02,0.00881735040703223,0.00881735040703223,0.0,4
coral,erm,True,0.009570558607420482,0.00799348136563241,6.389574434271259e-05,0.007566955949065837,0.011730530002961485,0.011768569946122954,0.3174973046685692,10,0.0,none,0.05,0.00881735040703223,0.00881735040703223,0.0,3
coral,erm,True,0.009570558607420482,0.00799348136563241,6.389574434271259e-05,0.007566955949065837,0.011730530002961485,0.011768569946122954,0.3174973046685692,10,0.0,none,0.1,0.00881735040703223,0.00881735040703223,0.0,3
coral,erm,True,0.009570558607420482,0.00799348136563241,6.389574434271259e-05,0.007566955949065837,0.011730530002961485,0.011768569946122954,0.3174973046685692,10,0.0,none,0.2,0.00881735040703223,0.00881735040703223,0.0,2
coral,erm,True,0.009570558607420482,0.00799348136563241,6.389574434271259e-05,0.007566955949065837,0.011730530002961485,0.011768569946122954,0.3174973046685692,10,0.25,ratio,0.02,0.00965892343071782,0.00881735040703223,0.16666666666666666,6
coral,erm,True,0.009570558607420482,0.00799348136563241,6.389574434271259e-05,0.007566955949065837,0.011730530002961485,0.011768569946122954,0.3174973046685692,10,0.25,ratio,0.05,0.00965892343071782,0.00881735040703223,0.16666666666666666,3
coral,erm,True,0.009570558607420482,0.00799348136563241,6.389574434271259e-05,0.007566955949065837,0.011730530002961485,0.011768569946122954,0.3174973046685692,10,0.25,ratio,0.1,0.00965892343071782,0.00881735040703223,0.16666666666666666,3
coral,erm,True,0.009570558607420482,0.00799348136563241,6.389574434271259e-05,0.007566955949065837,0.011730530002961485,0.011768569946122954,0.3174973046685692,10,0.25,ratio,0.2,0.00965892343071782,0.00881735040703223,0.16666666666666666,2
coral,erm,True,0.009570558607420482,0.00799348136563241,6.389574434271259e-05,0.007566955949065837,0.011730530002961485,0.011768569946122954,0.3174973046685692,10,0.25,design,0.02,0.00965892343071782,0.00881735040703223,0.16666666666666666,5
coral,erm,True,0.009570558607420482,0.00799348136563241,6.389574434271259e-05,0.007566955949065837,0.011730530002961485,0.011768569946122954,0.3174973046685692,10,0.25,design,0.05,0.00965892343071782,0.00881735040703223,0.16666666666666666,3
coral,erm,True,0.009570558607420482,0.00799348136563241,6.389574434271259e-05,0.007566955949065837,0.011730530002961485,0.011768569946122954,0.3174973046685692,10,0.25,design,0.1,0.00965892343071782,0.00881735040703223,0.16666666666666666,3
coral,erm,True,0.009570558607420482,0.00799348136563241,6.389574434271259e-05,0.007566955949065837,0.011730530002961485,0.011768569946122954,0.3174973046685692,10,0.25,design,0.2,0.00965892343071782,0.00881735040703223,0.16666666666666666,3
coral,erm,True,0.009570558607420482,0.00799348136563241,6.389574434271259e-05,0.007566955949065837,0.011730530002961485,0.011768569946122954,0.3174973046685692,10,0.5,ratio,0.02,0.010799004690275265,0.00881735040703223,0.3333333333333333,9
coral,erm,True,0.009570558607420482,0.00799348136563241,6.389574434271259e-05,0.007566955949065837,0.011730530002961485,0.011768569946122954,0.3174973046685692,10,0.5,ratio,0.05,0.010799004690275265,0.00881735040703223,0.3333333333333333,4
coral,erm,True,0.009570558607420482,0.00799348136563241,6.389574434271259e-05,0.007566955949065837,0.011730530002961485,0.011768569946122954,0.3174973046685692,10,0.5,ratio,0.1,0.010799004690275265,0.00881735040703223,0.3333333333333333,3
coral,erm,True,0.009570558607420482,0.00799348136563241,6.389574434271259e-05,0.007566955949065837,0.011730530002961485,0.011768569946122954,0.3174973046685692,10,0.5,ratio,0.2,0.010799004690275265,0.00881735040703223,0.3333333333333333,3
coral,erm,True,0.009570558607420482,0.00799348136563241,6.389574434271259e-05,0.007566955949065837,0.011730530002961485,0.011768569946122954,0.3174973046685692,10,0.5,design,0.02,0.010799004690275265,0.00881735040703223,0.3333333333333333,
coral,erm,True,0.009570558607420482,0.00799348136563241,6.389574434271259e-05,0.007566955949065837,0.011730530002961485,0.011768569946122954,0.3174973046685692,10,0.5,design,0.05,0.010799004690275265,0.00881735040703223,0.3333333333333333,3
coral,erm,True,0.009570558607420482,0.00799348136563241,6.389574434271259e-05,0.007566955949065837,0.011730530002961485,0.011768569946122954,0.3174973046685692,10,0.5,design,0.1,0.010799004690275265,0.00881735040703223,0.3333333333333333,3
coral,erm,True,0.009570558607420482,0.00799348136563241,6.389574434271259e-05,0.007566955949065837,0.011730530002961485,0.011768569946122954,0.3174973046685692,10,0.5,design,0.2,0.010799004690275265,0.00881735040703223,0.3333333333333333,3
fish,erm,True,0.046211446255864805,0.04554276164328343,0.002074143138096928,0.01574638189692268,0.011730530002961485,0.017514940331293364,0.2132512853248291,1,0.0,none,0.02,0.048794633648647216,0.048794633648647216,0.0,49
fish,erm,True,0.046211446255864805,0.04554276164328343,0.002074143138096928,0.01574638189692268,0.011730530002961485,0.017514940331293364,0.2132512853248291,1,0.0,none,0.05,0.048794633648647216,0.048794633648647216,0.0,10
fish,erm,True,0.046211446255864805,0.04554276164328343,0.002074143138096928,0.01574638189692268,0.011730530002961485,0.017514940331293364,0.2132512853248291,1,0.0,none,0.1,0.048794633648647216,0.048794633648647216,0.0,5
fish,erm,True,0.046211446255864805,0.04554276164328343,0.002074143138096928,0.01574638189692268,0.011730530002961485,0.017514940331293364,0.2132512853248291,1,0.0,none,0.2,0.048794633648647216,0.048794633648647216,0.0,3
fish,erm,True,0.046211446255864805,0.04554276164328343,0.002074143138096928,0.01574638189692268,0.011730530002961485,0.017514940331293364,0.2132512853248291,1,0.25,ratio,0.02,0.053451843069129375,0.048794633648647216,0.16666666666666666,115
fish,erm,True,0.046211446255864805,0.04554276164328343,0.002074143138096928,0.01574638189692268,0.011730530002961485,0.017514940331293364,0.2132512853248291,1,0.25,ratio,0.05,0.053451843069129375,0.048794633648647216,0.16666666666666666,20
fish,erm,True,0.046211446255864805,0.04554276164328343,0.002074143138096928,0.01574638189692268,0.011730530002961485,0.017514940331293364,0.2132512853248291,1,0.25,ratio,0.1,0.053451843069129375,0.048794633648647216,0.16666666666666666,7
fish,erm,True,0.046211446255864805,0.04554276164328343,0.002074143138096928,0.01574638189692268,0.011730530002961485,0.017514940331293364,0.2132512853248291,1,0.25,ratio,0.2,0.053451843069129375,0.048794633648647216,0.16666666666666666,4
fish,erm,True,0.046211446255864805,0.04554276164328343,0.002074143138096928,0.01574638189692268,0.011730530002961485,0.017514940331293364,0.2132512853248291,1,0.25,design,0.02,0.053451843069129375,0.048794633648647216,0.16666666666666666,
fish,erm,True,0.046211446255864805,0.04554276164328343,0.002074143138096928,0.01574638189692268,0.011730530002961485,0.017514940331293364,0.2132512853248291,1,0.25,design,0.05,0.053451843069129375,0.048794633648647216,0.16666666666666666,
fish,erm,True,0.046211446255864805,0.04554276164328343,0.002074143138096928,0.01574638189692268,0.011730530002961485,0.017514940331293364,0.2132512853248291,1,0.25,design,0.1,0.053451843069129375,0.048794633648647216,0.16666666666666666,7
fish,erm,True,0.046211446255864805,0.04554276164328343,0.002074143138096928,0.01574638189692268,0.011730530002961485,0.017514940331293364,0.2132512853248291,1,0.25,design,0.2,0.053451843069129375,0.048794633648647216,0.16666666666666666,3
fish,erm,True,0.046211446255864805,0.04554276164328343,0.002074143138096928,0.01574638189692268,0.011730530002961485,0.017514940331293364,0.2132512853248291,1,0.5,ratio,0.02,0.05976097731261214,0.048794633648647216,0.3333333333333333,213
fish,erm,True,0.046211446255864805,0.04554276164328343,0.002074143138096928,0.01574638189692268,0.011730530002961485,0.017514940331293364,0.2132512853248291,1,0.5,ratio,0.05,0.05976097731261214,0.048794633648647216,0.3333333333333333,36
fish,erm,True,0.046211446255864805,0.04554276164328343,0.002074143138096928,0.01574638189692268,0.011730530002961485,0.017514940331293364,0.2132512853248291,1,0.5,ratio,0.1,0.05976097731261214,0.048794633648647216,0.3333333333333333,11
fish,erm,True,0.046211446255864805,0.04554276164328343,0.002074143138096928,0.01574638189692268,0.011730530002961485,0.017514940331293364,0.2132512853248291,1,0.5,ratio,0.2,0.05976097731261214,0.048794633648647216,0.3333333333333333,5
fish,erm,True,0.046211446255864805,0.04554276164328343,0.002074143138096928,0.01574638189692268,0.011730530002961485,0.017514940331293364,0.2132512853248291,1,0.5,design,0.02,0.05976097731261214,0.048794633648647216,0.3333333333333333,
fish,erm,True,0.046211446255864805,0.04554276164328343,0.002074143138096928,0.01574638189692268,0.011730530002961485,0.017514940331293364,0.2132512853248291,1,0.5,design,0.05,0.05976097731261214,0.048794633648647216,0.3333333333333333,
fish,erm,True,0.046211446255864805,0.04554276164328343,0.002074143138096928,0.01574638189692268,0.011730530002961485,0.017514940331293364,0.2132512853248291,1,0.5,design,0.1,0.05976097731261214,0.048794633648647216,0.3333333333333333,
fish,erm,True,0.046211446255864805,0.04554276164328343,0.002074143138096928,0.01574638189692268,0.011730530002961485,0.017514940331293364,0.2132512853248291,1,0.5,design,0.2,0.05976097731261214,0.048794633648647216,0.3333333333333333,3
fish,erm,True,0.046211446255864805,0.04554276164328343,0.002074143138096928,0.01574638189692268,0.011730530002961485,0.017514940331293364,0.2132512853248291,3,0.0,none,0.02,0.046651911533182114,0.046651911533182114,0.0,45
fish,erm,True,0.046211446255864805,0.04554276164328343,0.002074143138096928,0.01574638189692268,0.011730530002961485,0.017514940331293364,0.2132512853248291,3,0.0,none,0.05,0.046651911533182114,0.046651911533182114,0.0,9
fish,erm,True,0.046211446255864805,0.04554276164328343,0.002074143138096928,0.01574638189692268,0.011730530002961485,0.017514940331293364,0.2132512853248291,3,0.0,none,0.1,0.046651911533182114,0.046651911533182114,0.0,4
fish,erm,True,0.046211446255864805,0.04554276164328343,0.002074143138096928,0.01574638189692268,0.011730530002961485,0.017514940331293364,0.2132512853248291,3,0.0,none,0.2,0.046651911533182114,0.046651911533182114,0.0,3
fish,erm,True,0.046211446255864805,0.04554276164328343,0.002074143138096928,0.01574638189692268,0.011730530002961485,0.017514940331293364,0.2132512853248291,3,0.25,ratio,0.02,0.05110460859491852,0.046651911533182114,0.16666666666666666,105
fish,erm,True,0.046211446255864805,0.04554276164328343,0.002074143138096928,0.01574638189692268,0.011730530002961485,0.017514940331293364,0.2132512853248291,3,0.25,ratio,0.05,0.05110460859491852,0.046651911533182114,0.16666666666666666,19
fish,erm,True,0.046211446255864805,0.04554276164328343,0.002074143138096928,0.01574638189692268,0.011730530002961485,0.017514940331293364,0.2132512853248291,3,0.25,ratio,0.1,0.05110460859491852,0.046651911533182114,0.16666666666666666,7
fish,erm,True,0.046211446255864805,0.04554276164328343,0.002074143138096928,0.01574638189692268,0.011730530002961485,0.017514940331293364,0.2132512853248291,3,0.25,ratio,0.2,0.05110460859491852,0.046651911533182114,0.16666666666666666,4
fish,erm,True,0.046211446255864805,0.04554276164328343,0.002074143138096928,0.01574638189692268,0.011730530002961485,0.017514940331293364,0.2132512853248291,3,0.25,design,0.02,0.05110460859491852,0.046651911533182114,0.16666666666666666,
fish,erm,True,0.046211446255864805,0.04554276164328343,0.002074143138096928,0.01574638189692268,0.011730530002961485,0.017514940331293364,0.2132512853248291,3,0.25,design,0.05,0.05110460859491852,0.046651911533182114,0.16666666666666666,
fish,erm,True,0.046211446255864805,0.04554276164328343,0.002074143138096928,0.01574638189692268,0.011730530002961485,0.017514940331293364,0.2132512853248291,3,0.25,design,0.1,0.05110460859491852,0.046651911533182114,0.16666666666666666,6
fish,erm,True,0.046211446255864805,0.04554276164328343,0.002074143138096928,0.01574638189692268,0.011730530002961485,0.017514940331293364,0.2132512853248291,3,0.25,design,0.2,0.05110460859491852,0.046651911533182114,0.16666666666666666,3
fish,erm,True,0.046211446255864805,0.04554276164328343,0.002074143138096928,0.01574638189692268,0.011730530002961485,0.017514940331293364,0.2132512853248291,3,0.5,ratio,0.02,0.05713668939087892,0.046651911533182114,0.3333333333333333,195
fish,erm,True,0.046211446255864805,0.04554276164328343,0.002074143138096928,0.01574638189692268,0.011730530002961485,0.017514940331293364,0.2132512853248291,3,0.5,ratio,0.05,0.05713668939087892,0.046651911533182114,0.3333333333333333,33
fish,erm,True,0.046211446255864805,0.04554276164328343,0.002074143138096928,0.01574638189692268,0.011730530002961485,0.017514940331293364,0.2132512853248291,3,0.5,ratio,0.1,0.05713668939087892,0.046651911533182114,0.3333333333333333,10
fish,erm,True,0.046211446255864805,0.04554276164328343,0.002074143138096928,0.01574638189692268,0.011730530002961485,0.017514940331293364,0.2132512853248291,3,0.5,ratio,0.2,0.05713668939087892,0.046651911533182114,0.3333333333333333,5
fish,erm,True,0.046211446255864805,0.04554276164328343,0.002074143138096928,0.01574638189692268,0.011730530002961485,0.017514940331293364,0.2132512853248291,3,0.5,design,0.02,0.05713668939087892,0.046651911533182114,0.3333333333333333,
fish,erm,True,0.046211446255864805,0.04554276164328343,0.002074143138096928,0.01574638189692268,0.011730530002961485,0.017514940331293364,0.2132512853248291,3,0.5,design,0.05,0.05713668939087892,0.046651911533182114,0.3333333333333333,
fish,erm,True,0.046211446255864805,0.04554276164328343,0.002074143138096928,0.01574638189692268,0.011730530002961485,0.017514940331293364,0.2132512853248291,3,0.5,design,0.1,0.05713668939087892,0.046651911533182114,0.3333333333333333,
fish,erm,True,0.046211446255864805,0.04554276164328343,0.002074143138096928,0.01574638189692268,0.011730530002961485,0.017514940331293364,0.2132512853248291,3,0.5,design,0.2,0.05713668939087892,0.046651911533182114,0.3333333333333333,3
fish,erm,True,0.046211446255864805,0.04554276164328343,0.002074143138096928,0.01574638189692268,0.011730530002961485,0.017514940331293364,0.2132512853248291,5,0.0,none,0.02,0.046211446255864805,0.046211446255864805,0.0,44
fish,erm,True,0.046211446255864805,0.04554276164328343,0.002074143138096928,0.01574638189692268,0.011730530002961485,0.017514940331293364,0.2132512853248291,5,0.0,none,0.05,0.046211446255864805,0.046211446255864805,0.0,9
fish,erm,True,0.046211446255864805,0.04554276164328343,0.002074143138096928,0.01574638189692268,0.011730530002961485,0.017514940331293364,0.2132512853248291,5,0.0,none,0.1,0.046211446255864805,0.046211446255864805,0.0,4
fish,erm,True,0.046211446255864805,0.04554276164328343,0.002074143138096928,0.01574638189692268,0.011730530002961485,0.017514940331293364,0.2132512853248291,5,0.0,none,0.2,0.046211446255864805,0.046211446255864805,0.0,3
fish,erm,True,0.046211446255864805,0.04554276164328343,0.002074143138096928,0.01574638189692268,0.011730530002961485,0.017514940331293364,0.2132512853248291,5,0.25,ratio,0.02,0.050622103058549604,0.046211446255864805,0.16666666666666666,103
fish,erm,True,0.046211446255864805,0.04554276164328343,0.002074143138096928,0.01574638189692268,0.011730530002961485,0.017514940331293364,0.2132512853248291,5,0.25,ratio,0.05,0.050622103058549604,0.046211446255864805,0.16666666666666666,19
fish,erm,True,0.046211446255864805,0.04554276164328343,0.002074143138096928,0.01574638189692268,0.011730530002961485,0.017514940331293364,0.2132512853248291,5,0.25,ratio,0.1,0.050622103058549604,0.046211446255864805,0.16666666666666666,7
fish,erm,True,0.046211446255864805,0.04554276164328343,0.002074143138096928,0.01574638189692268,0.011730530002961485,0.017514940331293364,0.2132512853248291,5,0.25,ratio,0.2,0.050622103058549604,0.046211446255864805,0.16666666666666666,4
fish,erm,True,0.046211446255864805,0.04554276164328343,0.002074143138096928,0.01574638189692268,0.011730530002961485,0.017514940331293364,0.2132512853248291,5,0.25,design,0.02,0.050622103058549604,0.046211446255864805,0.16666666666666666,
fish,erm,True,0.046211446255864805,0.04554276164328343,0.002074143138096928,0.01574638189692268,0.011730530002961485,0.017514940331293364,0.2132512853248291,5,0.25,design,0.05,0.050622103058549604,0.046211446255864805,0.16666666666666666,
fish,erm,True,0.046211446255864805,0.04554276164328343,0.002074143138096928,0.01574638189692268,0.011730530002961485,0.017514940331293364,0.2132512853248291,5,0.25,design,0.1,0.050622103058549604,0.046211446255864805,0.16666666666666666,6
fish,erm,True,0.046211446255864805,0.04554276164328343,0.002074143138096928,0.01574638189692268,0.011730530002961485,0.017514940331293364,0.2132512853248291,5,0.25,design,0.2,0.050622103058549604,0.046211446255864805,0.16666666666666666,3
fish,erm,True,0.046211446255864805,0.04554276164328343,0.002074143138096928,0.01574638189692268,0.011730530002961485,0.017514940331293364,0.2132512853248291,5,0.5,ratio,0.02,0.05659723180145847,0.046211446255864805,0.3333333333333333,191
fish,erm,True,0.046211446255864805,0.04554276164328343,0.002074143138096928,0.01574638189692268,0.011730530002961485,0.017514940331293364,0.2132512853248291,5,0.5,ratio,0.05,0.05659723180145847,0.046211446255864805,0.3333333333333333,33
fish,erm,True,0.046211446255864805,0.04554276164328343,0.002074143138096928,0.01574638189692268,0.011730530002961485,0.017514940331293364,0.2132512853248291,5,0.5,ratio,0.1,0.05659723180145847,0.046211446255864805,0.3333333333333333,10
fish,erm,True,0.046211446255864805,0.04554276164328343,0.002074143138096928,0.01574638189692268,0.011730530002961485,0.017514940331293364,0.2132512853248291,5,0.5,ratio,0.2,0.05659723180145847,0.046211446255864805,0.3333333333333333,5
fish,erm,True,0.046211446255864805,0.04554276164328343,0.002074143138096928,0.01574638189692268,0.011730530002961485,0.017514940331293364,0.2132512853248291,5,0.5,design,0.02,0.05659723180145847,0.046211446255864805,0.3333333333333333,
fish,erm,True,0.046211446255864805,0.04554276164328343,0.002074143138096928,0.01574638189692268,0.011730530002961485,0.017514940331293364,0.2132512853248291,5,0.5,design,0.05,0.05659723180145847,0.046211446255864805,0.3333333333333333,
fish,erm,True,0.046211446255864805,0.04554276164328343,0.002074143138096928,0.01574638189692268,0.011730530002961485,0.017514940331293364,0.2132512853248291,5,0.5,design,0.1,0.05659723180145847,0.046211446255864805,0.3333333333333333,
fish,erm,True,0.046211446255864805,0.04554276164328343,0.002074143138096928,0.01574638189692268,0.011730530002961485,0.017514940331293364,0.2132512853248291,5,0.5,design,0.2,0.05659723180145847,0.046211446255864805,0.3333333333333333,3
fish,erm,True,0.046211446255864805,0.04554276164328343,0.002074143138096928,0.01574638189692268,0.011730530002961485,0.017514940331293364,0.2132512853248291,10,0.0,none,0.02,0.0458783222402237,0.0458783222402237,0.0,44
fish,erm,True,0.046211446255864805,0.04554276164328343,0.002074143138096928,0.01574638189692268,0.011730530002961485,0.017514940331293364,0.2132512853248291,10,0.0,none,0.05,0.0458783222402237,0.0458783222402237,0.0,9
fish,erm,True,0.046211446255864805,0.04554276164328343,0.002074143138096928,0.01574638189692268,0.011730530002961485,0.017514940331293364,0.2132512853248291,10,0.0,none,0.1,0.0458783222402237,0.0458783222402237,0.0,4
fish,erm,True,0.046211446255864805,0.04554276164328343,0.002074143138096928,0.01574638189692268,0.011730530002961485,0.017514940331293364,0.2132512853248291,10,0.0,none,0.2,0.0458783222402237,0.0458783222402237,0.0,3
fish,erm,True,0.046211446255864805,0.04554276164328343,0.002074143138096928,0.01574638189692268,0.011730530002961485,0.017514940331293364,0.2132512853248291,10,0.25,ratio,0.02,0.050257183982922934,0.0458783222402237,0.16666666666666666,102
fish,erm,True,0.046211446255864805,0.04554276164328343,0.002074143138096928,0.01574638189692268,0.011730530002961485,0.017514940331293364,0.2132512853248291,10,0.25,ratio,0.05,0.050257183982922934,0.0458783222402237,0.16666666666666666,18
fish,erm,True,0.046211446255864805,0.04554276164328343,0.002074143138096928,0.01574638189692268,0.011730530002961485,0.017514940331293364,0.2132512853248291,10,0.25,ratio,0.1,0.050257183982922934,0.0458783222402237,0.16666666666666666,7
fish,erm,True,0.046211446255864805,0.04554276164328343,0.002074143138096928,0.01574638189692268,0.011730530002961485,0.017514940331293364,0.2132512853248291,10,0.25,ratio,0.2,0.050257183982922934,0.0458783222402237,0.16666666666666666,4
fish,erm,True,0.046211446255864805,0.04554276164328343,0.002074143138096928,0.01574638189692268,0.011730530002961485,0.017514940331293364,0.2132512853248291,10,0.25,design,0.02,0.050257183982922934,0.0458783222402237,0.16666666666666666,
fish,erm,True,0.046211446255864805,0.04554276164328343,0.002074143138096928,0.01574638189692268,0.011730530002961485,0.017514940331293364,0.2132512853248291,10,0.25,design,0.05,0.050257183982922934,0.0458783222402237,0.16666666666666666,
fish,erm,True,0.046211446255864805,0.04554276164328343,0.002074143138096928,0.01574638189692268,0.011730530002961485,0.017514940331293364,0.2132512853248291,10,0.25,design,0.1,0.050257183982922934,0.0458783222402237,0.16666666666666666,6
fish,erm,True,0.046211446255864805,0.04554276164328343,0.002074143138096928,0.01574638189692268,0.011730530002961485,0.017514940331293364,0.2132512853248291,10,0.25,design,0.2,0.050257183982922934,0.0458783222402237,0.16666666666666666,3
fish,erm,True,0.046211446255864805,0.04554276164328343,0.002074143138096928,0.01574638189692268,0.011730530002961485,0.017514940331293364,0.2132512853248291,10,0.5,ratio,0.02,0.056189239871764655,0.0458783222402237,0.3333333333333333,188
fish,erm,True,0.046211446255864805,0.04554276164328343,0.002074143138096928,0.01574638189692268,0.011730530002961485,0.017514940331293364,0.2132512853248291,10,0.5,ratio,0.05,0.056189239871764655,0.0458783222402237,0.3333333333333333,32
fish,erm,True,0.046211446255864805,0.04554276164328343,0.002074143138096928,0.01574638189692268,0.011730530002961485,0.017514940331293364,0.2132512853248291,10,0.5,ratio,0.1,0.056189239871764655,0.0458783222402237,0.3333333333333333,10
fish,erm,True,0.046211446255864805,0.04554276164328343,0.002074143138096928,0.01574638189692268,0.011730530002961485,0.017514940331293364,0.2132512853248291,10,0.5,ratio,0.2,0.056189239871764655,0.0458783222402237,0.3333333333333333,5
fish,erm,True,0.046211446255864805,0.04554276164328343,0.002074143138096928,0.01574638189692268,0.011730530002961485,0.017514940331293364,0.2132512853248291,10,0.5,design,0.02,0.056189239871764655,0.0458783222402237,0.3333333333333333,
fish,erm,True,0.046211446255864805,0.04554276164328343,0.002074143138096928,0.01574638189692268,0.011730530002961485,0.017514940331293364,0.2132512853248291,10,0.5,design,0.05,0.056189239871764655,0.0458783222402237,0.3333333333333333,
fish,erm,True,0.046211446255864805,0.04554276164328343,0.002074143138096928,0.01574638189692268,0.011730530002961485,0.017514940331293364,0.2132512853248291,10,0.5,design,0.1,0.056189239871764655,0.0458783222402237,0.3333333333333333,
fish,erm,True,0.046211446255864805,0.04554276164328343,0.002074143138096928,0.01574638189692268,0.011730530002961485,0.017514940331293364,0.2132512853248291,10,0.5,design,0.2,0.056189239871764655,0.0458783222402237,0.3333333333333333,3
groupdro,erm,True,0.01592132633569424,0.014219719497134225,0.0002022004225771792,0.020258544138953217,0.011730530002961485,0.01601377683597653,0.6134671167180857,1,0.0,none,0.02,0.021415916303759636,0.021415916303759636,0.0,12
groupdro,erm,True,0.01592132633569424,0.014219719497134225,0.0002022004225771792,0.020258544138953217,0.011730530002961485,0.01601377683597653,0.6134671167180857,1,0.0,none,0.05,0.021415916303759636,0.021415916303759636,0.0,4
groupdro,erm,True,0.01592132633569424,0.014219719497134225,0.0002022004225771792,0.020258544138953217,0.011730530002961485,0.01601377683597653,0.6134671167180857,1,0.0,none,0.1,0.021415916303759636,0.021415916303759636,0.0,3
groupdro,erm,True,0.01592132633569424,0.014219719497134225,0.0002022004225771792,0.020258544138953217,0.011730530002961485,0.01601377683597653,0.6134671167180857,1,0.0,none,0.2,0.021415916303759636,0.021415916303759636,0.0,3
groupdro,erm,True,0.01592132633569424,0.014219719497134225,0.0002022004225771792,0.020258544138953217,0.011730530002961485,0.01601377683597653,0.6134671167180857,1,0.25,ratio,0.02,0.023459960898423622,0.021415916303759636,0.16666666666666666,24
groupdro,erm,True,0.01592132633569424,0.014219719497134225,0.0002022004225771792,0.020258544138953217,0.011730530002961485,0.01601377683597653,0.6134671167180857,1,0.25,ratio,0.05,0.023459960898423622,0.021415916303759636,0.16666666666666666,6
groupdro,erm,True,0.01592132633569424,0.014219719497134225,0.0002022004225771792,0.020258544138953217,0.011730530002961485,0.01601377683597653,0.6134671167180857,1,0.25,ratio,0.1,0.023459960898423622,0.021415916303759636,0.16666666666666666,4
groupdro,erm,True,0.01592132633569424,0.014219719497134225,0.0002022004225771792,0.020258544138953217,0.011730530002961485,0.01601377683597653,0.6134671167180857,1,0.25,ratio,0.2,0.023459960898423622,0.021415916303759636,0.16666666666666666,3
groupdro,erm,True,0.01592132633569424,0.014219719497134225,0.0002022004225771792,0.020258544138953217,0.011730530002961485,0.01601377683597653,0.6134671167180857,1,0.25,design,0.02,0.023459960898423622,0.021415916303759636,0.16666666666666666,
groupdro,erm,True,0.01592132633569424,0.014219719497134225,0.0002022004225771792,0.020258544138953217,0.011730530002961485,0.01601377683597653,0.6134671167180857,1,0.25,design,0.05,0.023459960898423622,0.021415916303759636,0.16666666666666666,5
groupdro,erm,True,0.01592132633569424,0.014219719497134225,0.0002022004225771792,0.020258544138953217,0.011730530002961485,0.01601377683597653,0.6134671167180857,1,0.25,design,0.1,0.023459960898423622,0.021415916303759636,0.16666666666666666,3
groupdro,erm,True,0.01592132633569424,0.014219719497134225,0.0002022004225771792,0.020258544138953217,0.011730530002961485,0.01601377683597653,0.6134671167180857,1,0.25,design,0.2,0.023459960898423622,0.021415916303759636,0.16666666666666666,3
groupdro,erm,True,0.01592132633569424,0.014219719497134225,0.0002022004225771792,0.020258544138953217,0.011730530002961485,0.01601377683597653,0.6134671167180857,1,0.5,ratio,0.02,0.02622903365918113,0.021415916303759636,0.3333333333333333,43
groupdro,erm,True,0.01592132633569424,0.014219719497134225,0.0002022004225771792,0.020258544138953217,0.011730530002961485,0.01601377683597653,0.6134671167180857,1,0.5,ratio,0.05,0.02622903365918113,0.021415916303759636,0.3333333333333333,9
groupdro,erm,True,0.01592132633569424,0.014219719497134225,0.0002022004225771792,0.020258544138953217,0.011730530002961485,0.01601377683597653,0.6134671167180857,1,0.5,ratio,0.1,0.02622903365918113,0.021415916303759636,0.3333333333333333,4
groupdro,erm,True,0.01592132633569424,0.014219719497134225,0.0002022004225771792,0.020258544138953217,0.011730530002961485,0.01601377683597653,0.6134671167180857,1,0.5,ratio,0.2,0.02622903365918113,0.021415916303759636,0.3333333333333333,3
groupdro,erm,True,0.01592132633569424,0.014219719497134225,0.0002022004225771792,0.020258544138953217,0.011730530002961485,0.01601377683597653,0.6134671167180857,1,0.5,design,0.02,0.02622903365918113,0.021415916303759636,0.3333333333333333,
groupdro,erm,True,0.01592132633569424,0.014219719497134225,0.0002022004225771792,0.020258544138953217,0.011730530002961485,0.01601377683597653,0.6134671167180857,1,0.5,design,0.05,0.02622903365918113,0.021415916303759636,0.3333333333333333,
groupdro,erm,True,0.01592132633569424,0.014219719497134225,0.0002022004225771792,0.020258544138953217,0.011730530002961485,0.01601377683597653,0.6134671167180857,1,0.5,design,0.1,0.02622903365918113,0.021415916303759636,0.3333333333333333,3
groupdro,erm,True,0.01592132633569424,0.014219719497134225,0.0002022004225771792,0.020258544138953217,0.011730530002961485,0.01601377683597653,0.6134671167180857,1,0.5,design,0.2,0.02622903365918113,0.021415916303759636,0.3333333333333333,3
groupdro,erm,True,0.01592132633569424,0.014219719497134225,0.0002022004225771792,0.020258544138953217,0.011730530002961485,0.01601377683597653,0.6134671167180857,3,0.0,none,0.02,0.016961154798381665,0.016961154798381665,0.0,8
groupdro,erm,True,0.01592132633569424,0.014219719497134225,0.0002022004225771792,0.020258544138953217,0.011730530002961485,0.01601377683597653,0.6134671167180857,3,0.0,none,0.05,0.016961154798381665,0.016961154798381665,0.0,4
groupdro,erm,True,0.01592132633569424,0.014219719497134225,0.0002022004225771792,0.020258544138953217,0.011730530002961485,0.01601377683597653,0.6134671167180857,3,0.0,none,0.1,0.016961154798381665,0.016961154798381665,0.0,3
groupdro,erm,True,0.01592132633569424,0.014219719497134225,0.0002022004225771792,0.020258544138953217,0.011730530002961485,0.01601377683597653,0.6134671167180857,3,0.0,none,0.2,0.016961154798381665,0.016961154798381665,0.0,2
groupdro,erm,True,0.01592132633569424,0.014219719497134225,0.0002022004225771792,0.020258544138953217,0.011730530002961485,0.01601377683597653,0.6134671167180857,3,0.25,ratio,0.02,0.01858001416882125,0.016961154798381665,0.16666666666666666,16
groupdro,erm,True,0.01592132633569424,0.014219719497134225,0.0002022004225771792,0.020258544138953217,0.011730530002961485,0.01601377683597653,0.6134671167180857,3,0.25,ratio,0.05,0.01858001416882125,0.016961154798381665,0.16666666666666666,5
groupdro,erm,True,0.01592132633569424,0.014219719497134225,0.0002022004225771792,0.020258544138953217,0.011730530002961485,0.01601377683597653,0.6134671167180857,3,0.25,ratio,0.1,0.01858001416882125,0.016961154798381665,0.16666666666666666,3
groupdro,erm,True,0.01592132633569424,0.014219719497134225,0.0002022004225771792,0.020258544138953217,0.011730530002961485,0.01601377683597653,0.6134671167180857,3,0.25,ratio,0.2,0.01858001416882125,0.016961154798381665,0.16666666666666666,3
groupdro,erm,True,0.01592132633569424,0.014219719497134225,0.0002022004225771792,0.020258544138953217,0.011730530002961485,0.01601377683597653,0.6134671167180857,3,0.25,design,0.02,0.01858001416882125,0.016961154798381665,0.16666666666666666,
groupdro,erm,True,0.01592132633569424,0.014219719497134225,0.0002022004225771792,0.020258544138953217,0.011730530002961485,0.01601377683597653,0.6134671167180857,3,0.25,design,0.05,0.01858001416882125,0.016961154798381665,0.16666666666666666,4
groupdro,erm,True,0.01592132633569424,0.014219719497134225,0.0002022004225771792,0.020258544138953217,0.011730530002961485,0.01601377683597653,0.6134671167180857,3,0.25,design,0.1,0.01858001416882125,0.016961154798381665,0.16666666666666666,3
groupdro,erm,True,0.01592132633569424,0.014219719497134225,0.0002022004225771792,0.020258544138953217,0.011730530002961485,0.01601377683597653,0.6134671167180857,3,0.25,design,0.2,0.01858001416882125,0.016961154798381665,0.16666666666666666,3
groupdro,erm,True,0.01592132633569424,0.014219719497134225,0.0002022004225771792,0.020258544138953217,0.011730530002961485,0.01601377683597653,0.6134671167180857,3,0.5,ratio,0.02,0.020773087352196785,0.016961154798381665,0.3333333333333333,28
groupdro,erm,True,0.01592132633569424,0.014219719497134225,0.0002022004225771792,0.020258544138953217,0.011730530002961485,0.01601377683597653,0.6134671167180857,3,0.5,ratio,0.05,0.020773087352196785,0.016961154798381665,0.3333333333333333,7
groupdro,erm,True,0.01592132633569424,0.014219719497134225,0.0002022004225771792,0.020258544138953217,0.011730530002961485,0.01601377683597653,0.6134671167180857,3,0.5,ratio,0.1,0.020773087352196785,0.016961154798381665,0.3333333333333333,4
groupdro,erm,True,0.01592132633569424,0.014219719497134225,0.0002022004225771792,0.020258544138953217,0.011730530002961485,0.01601377683597653,0.6134671167180857,3,0.5,ratio,0.2,0.020773087352196785,0.016961154798381665,0.3333333333333333,3
groupdro,erm,True,0.01592132633569424,0.014219719497134225,0.0002022004225771792,0.020258544138953217,0.011730530002961485,0.01601377683597653,0.6134671167180857,3,0.5,design,0.02,0.020773087352196785,0.016961154798381665,0.3333333333333333,
groupdro,erm,True,0.01592132633569424,0.014219719497134225,0.0002022004225771792,0.020258544138953217,0.011730530002961485,0.01601377683597653,0.6134671167180857,3,0.5,design,0.05,0.020773087352196785,0.016961154798381665,0.3333333333333333,5
groupdro,erm,True,0.01592132633569424,0.014219719497134225,0.0002022004225771792,0.020258544138953217,0.011730530002961485,0.01601377683597653,0.6134671167180857,3,0.5,design,0.1,0.020773087352196785,0.016961154798381665,0.3333333333333333,3
groupdro,erm,True,0.01592132633569424,0.014219719497134225,0.0002022004225771792,0.020258544138953217,0.011730530002961485,0.01601377683597653,0.6134671167180857,3,0.5,design,0.2,0.020773087352196785,0.016961154798381665,0.3333333333333333,3
groupdro,erm,True,0.01592132633569424,0.014219719497134225,0.0002022004225771792,0.020258544138953217,0.011730530002961485,0.01601377683597653,0.6134671167180857,5,0.0,none,0.02,0.01592132633569424,0.01592132633569424,0.0,8
groupdro,erm,True,0.01592132633569424,0.014219719497134225,0.0002022004225771792,0.020258544138953217,0.011730530002961485,0.01601377683597653,0.6134671167180857,5,0.0,none,0.05,0.01592132633569424,0.01592132633569424,0.0,4
groupdro,erm,True,0.01592132633569424,0.014219719497134225,0.0002022004225771792,0.020258544138953217,0.011730530002961485,0.01601377683597653,0.6134671167180857,5,0.0,none,0.1,0.01592132633569424,0.01592132633569424,0.0,3
groupdro,erm,True,0.01592132633569424,0.014219719497134225,0.0002022004225771792,0.020258544138953217,0.011730530002961485,0.01601377683597653,0.6134671167180857,5,0.0,none,0.2,0.01592132633569424,0.01592132633569424,0.0,2
groupdro,erm,True,0.01592132633569424,0.014219719497134225,0.0002022004225771792,0.020258544138953217,0.011730530002961485,0.01601377683597653,0.6134671167180857,5,0.25,ratio,0.02,0.017440939158921608,0.01592132633569424,0.16666666666666666,14
groupdro,erm,True,0.01592132633569424,0.014219719497134225,0.0002022004225771792,0.020258544138953217,0.011730530002961485,0.01601377683597653,0.6134671167180857,5,0.25,ratio,0.05,0.017440939158921608,0.01592132633569424,0.16666666666666666,5
groupdro,erm,True,0.01592132633569424,0.014219719497134225,0.0002022004225771792,0.020258544138953217,0.011730530002961485,0.01601377683597653,0.6134671167180857,5,0.25,ratio,0.1,0.017440939158921608,0.01592132633569424,0.16666666666666666,3
groupdro,erm,True,0.01592132633569424,0.014219719497134225,0.0002022004225771792,0.020258544138953217,0.011730530002961485,0.01601377683597653,0.6134671167180857,5,0.25,ratio,0.2,0.017440939158921608,0.01592132633569424,0.16666666666666666,3
groupdro,erm,True,0.01592132633569424,0.014219719497134225,0.0002022004225771792,0.020258544138953217,0.011730530002961485,0.01601377683597653,0.6134671167180857,5,0.25,design,0.02,0.017440939158921608,0.01592132633569424,0.16666666666666666,
groupdro,erm,True,0.01592132633569424,0.014219719497134225,0.0002022004225771792,0.020258544138953217,0.011730530002961485,0.01601377683597653,0.6134671167180857,5,0.25,design,0.05,0.017440939158921608,0.01592132633569424,0.16666666666666666,4
groupdro,erm,True,0.01592132633569424,0.014219719497134225,0.0002022004225771792,0.020258544138953217,0.011730530002961485,0.01601377683597653,0.6134671167180857,5,0.25,design,0.1,0.017440939158921608,0.01592132633569424,0.16666666666666666,3
groupdro,erm,True,0.01592132633569424,0.014219719497134225,0.0002022004225771792,0.020258544138953217,0.011730530002961485,0.01601377683597653,0.6134671167180857,5,0.25,design,0.2,0.017440939158921608,0.01592132633569424,0.16666666666666666,3
groupdro,erm,True,0.01592132633569424,0.014219719497134225,0.0002022004225771792,0.020258544138953217,0.011730530002961485,0.01601377683597653,0.6134671167180857,5,0.5,ratio,0.02,0.019499562775393362,0.01592132633569424,0.3333333333333333,25
groupdro,erm,True,0.01592132633569424,0.014219719497134225,0.0002022004225771792,0.020258544138953217,0.011730530002961485,0.01601377683597653,0.6134671167180857,5,0.5,ratio,0.05,0.019499562775393362,0.01592132633569424,0.3333333333333333,6
groupdro,erm,True,0.01592132633569424,0.014219719497134225,0.0002022004225771792,0.020258544138953217,0.011730530002961485,0.01601377683597653,0.6134671167180857,5,0.5,ratio,0.1,0.019499562775393362,0.01592132633569424,0.3333333333333333,4
groupdro,erm,True,0.01592132633569424,0.014219719497134225,0.0002022004225771792,0.020258544138953217,0.011730530002961485,0.01601377683597653,0.6134671167180857,5,0.5,ratio,0.2,0.019499562775393362,0.01592132633569424,0.3333333333333333,3
groupdro,erm,True,0.01592132633569424,0.014219719497134225,0.0002022004225771792,0.020258544138953217,0.011730530002961485,0.01601377683597653,0.6134671167180857,5,0.5,design,0.02,0.019499562775393362,0.01592132633569424,0.3333333333333333,
groupdro,erm,True,0.01592132633569424,0.014219719497134225,0.0002022004225771792,0.020258544138953217,0.011730530002961485,0.01601377683597653,0.6134671167180857,5,0.5,design,0.05,0.019499562775393362,0.01592132633569424,0.3333333333333333,5
groupdro,erm,True,0.01592132633569424,0.014219719497134225,0.0002022004225771792,0.020258544138953217,0.011730530002961485,0.01601377683597653,0.6134671167180857,5,0.5,design,0.1,0.019499562775393362,0.01592132633569424,0.3333333333333333,3
groupdro,erm,True,0.01592132633569424,0.014219719497134225,0.0002022004225771792,0.020258544138953217,0.011730530002961485,0.01601377683597653,0.6134671167180857,5,0.5,design,0.2,0.019499562775393362,0.01592132633569424,0.3333333333333333,3
groupdro,erm,True,0.01592132633569424,0.014219719497134225,0.0002022004225771792,0.020258544138953217,0.011730530002961485,0.01601377683597653,0.6134671167180857,10,0.0,none,0.02,0.015094519781444691,0.015094519781444691,0.0,7
groupdro,erm,True,0.01592132633569424,0.014219719497134225,0.0002022004225771792,0.020258544138953217,0.011730530002961485,0.01601377683597653,0.6134671167180857,10,0.0,none,0.05,0.015094519781444691,0.015094519781444691,0.0,3
groupdro,erm,True,0.01592132633569424,0.014219719497134225,0.0002022004225771792,0.020258544138953217,0.011730530002961485,0.01601377683597653,0.6134671167180857,10,0.0,none,0.1,0.015094519781444691,0.015094519781444691,0.0,3
groupdro,erm,True,0.01592132633569424,0.014219719497134225,0.0002022004225771792,0.020258544138953217,0.011730530002961485,0.01601377683597653,0.6134671167180857,10,0.0,none,0.2,0.015094519781444691,0.015094519781444691,0.0,2
groupdro,erm,True,0.01592132633569424,0.014219719497134225,0.0002022004225771792,0.020258544138953217,0.011730530002961485,0.01601377683597653,0.6134671167180857,10,0.25,ratio,0.02,0.016535217958010412,0.015094519781444691,0.16666666666666666,13
groupdro,erm,True,0.01592132633569424,0.014219719497134225,0.0002022004225771792,0.020258544138953217,0.011730530002961485,0.01601377683597653,0.6134671167180857,10,0.25,ratio,0.05,0.016535217958010412,0.015094519781444691,0.16666666666666666,4
groupdro,erm,True,0.01592132633569424,0.014219719497134225,0.0002022004225771792,0.020258544138953217,0.011730530002961485,0.01601377683597653,0.6134671167180857,10,0.25,ratio,0.1,0.016535217958010412,0.015094519781444691,0.16666666666666666,3
groupdro,erm,True,0.01592132633569424,0.014219719497134225,0.0002022004225771792,0.020258544138953217,0.011730530002961485,0.01601377683597653,0.6134671167180857,10,0.25,ratio,0.2,0.016535217958010412,0.015094519781444691,0.16666666666666666,3
groupdro,erm,True,0.01592132633569424,0.014219719497134225,0.0002022004225771792,0.020258544138953217,0.011730530002961485,0.01601377683597653,0.6134671167180857,10,0.25,design,0.02,0.016535217958010412,0.015094519781444691,0.16666666666666666,
groupdro,erm,True,0.01592132633569424,0.014219719497134225,0.0002022004225771792,0.020258544138953217,0.011730530002961485,0.01601377683597653,0.6134671167180857,10,0.25,design,0.05,0.016535217958010412,0.015094519781444691,0.16666666666666666,4
groupdro,erm,True,0.01592132633569424,0.014219719497134225,0.0002022004225771792,0.020258544138953217,0.011730530002961485,0.01601377683597653,0.6134671167180857,10,0.25,design,0.1,0.016535217958010412,0.015094519781444691,0.16666666666666666,3
groupdro,erm,True,0.01592132633569424,0.014219719497134225,0.0002022004225771792,0.020258544138953217,0.011730530002961485,0.01601377683597653,0.6134671167180857,10,0.25,design,0.2,0.016535217958010412,0.015094519781444691,0.16666666666666666,3
groupdro,erm,True,0.01592132633569424,0.014219719497134225,0.0002022004225771792,0.020258544138953217,0.011730530002961485,0.01601377683597653,0.6134671167180857,10,0.5,ratio,0.02,0.018486935688443274,0.015094519781444691,0.3333333333333333,23
groupdro,erm,True,0.01592132633569424,0.014219719497134225,0.0002022004225771792,0.020258544138953217,0.011730530002961485,0.01601377683597653,0.6134671167180857,10,0.5,ratio,0.05,0.018486935688443274,0.015094519781444691,0.3333333333333333,6
groupdro,erm,True,0.01592132633569424,0.014219719497134225,0.0002022004225771792,0.020258544138953217,0.011730530002961485,0.01601377683597653,0.6134671167180857,10,0.5,ratio,0.1,0.018486935688443274,0.015094519781444691,0.3333333333333333,4
groupdro,erm,True,0.01592132633569424,0.014219719497134225,0.0002022004225771792,0.020258544138953217,0.011730530002961485,0.01601377683597653,0.6134671167180857,10,0.5,ratio,0.2,0.018486935688443274,0.015094519781444691,0.3333333333333333,3
groupdro,erm,True,0.01592132633569424,0.014219719497134225,0.0002022004225771792,0.020258544138953217,0.011730530002961485,0.01601377683597653,0.6134671167180857,10,0.5,design,0.02,0.018486935688443274,0.015094519781444691,0.3333333333333333,
groupdro,erm,True,0.01592132633569424,0.014219719497134225,0.0002022004225771792,0.020258544138953217,0.011730530002961485,0.01601377683597653,0.6134671167180857,10,0.5,design,0.05,0.018486935688443274,0.015094519781444691,0.3333333333333333,4
groupdro,erm,True,0.01592132633569424,0.014219719497134225,0.0002022004225771792,0.020258544138953217,0.011730530002961485,0.01601377683597653,0.6134671167180857,10,0.5,design,0.1,0.018486935688443274,0.015094519781444691,0.3333333333333333,3
groupdro,erm,True,0.01592132633569424,0.014219719497134225,0.0002022004225771792,0.020258544138953217,0.011730530002961485,0.01601377683597653,0.6134671167180857,10,0.5,design,0.2,0.018486935688443274,0.015094519781444691,0.3333333333333333,3
he_jitter,erm,True,0.019272541923166027,0.01883114804251706,0.0003546121365991942,0.00788509537466033,0.011730530002961485,0.009170260514564942,0.6253565031407606,1,0.0,none,0.02,0.020945305309404853,0.020945305309404853,0.0,11
he_jitter,erm,True,0.019272541923166027,0.01883114804251706,0.0003546121365991942,0.00788509537466033,0.011730530002961485,0.009170260514564942,0.6253565031407606,1,0.0,none,0.05,0.020945305309404853,0.020945305309404853,0.0,4
he_jitter,erm,True,0.019272541923166027,0.01883114804251706,0.0003546121365991942,0.00788509537466033,0.011730530002961485,0.009170260514564942,0.6253565031407606,1,0.0,none,0.1,0.020945305309404853,0.020945305309404853,0.0,3
he_jitter,erm,True,0.019272541923166027,0.01883114804251706,0.0003546121365991942,0.00788509537466033,0.011730530002961485,0.009170260514564942,0.6253565031407606,1,0.0,none,0.2,0.020945305309404853,0.020945305309404853,0.0,3
he_jitter,erm,True,0.019272541923166027,0.01883114804251706,0.0003546121365991942,0.00788509537466033,0.011730530002961485,0.009170260514564942,0.6253565031407606,1,0.25,ratio,0.02,0.02294443238358752,0.020945305309404853,0.16666666666666666,23
he_jitter,erm,True,0.019272541923166027,0.01883114804251706,0.0003546121365991942,0.00788509537466033,0.011730530002961485,0.009170260514564942,0.6253565031407606,1,0.25,ratio,0.05,0.02294443238358752,0.020945305309404853,0.16666666666666666,6
he_jitter,erm,True,0.019272541923166027,0.01883114804251706,0.0003546121365991942,0.00788509537466033,0.011730530002961485,0.009170260514564942,0.6253565031407606,1,0.25,ratio,0.1,0.02294443238358752,0.020945305309404853,0.16666666666666666,4
he_jitter,erm,True,0.019272541923166027,0.01883114804251706,0.0003546121365991942,0.00788509537466033,0.011730530002961485,0.009170260514564942,0.6253565031407606,1,0.25,ratio,0.2,0.02294443238358752,0.020945305309404853,0.16666666666666666,3
he_jitter,erm,True,0.019272541923166027,0.01883114804251706,0.0003546121365991942,0.00788509537466033,0.011730530002961485,0.009170260514564942,0.6253565031407606,1,0.25,design,0.02,0.02294443238358752,0.020945305309404853,0.16666666666666666,
he_jitter,erm,True,0.019272541923166027,0.01883114804251706,0.0003546121365991942,0.00788509537466033,0.011730530002961485,0.009170260514564942,0.6253565031407606,1,0.25,design,0.05,0.02294443238358752,0.020945305309404853,0.16666666666666666,5
he_jitter,erm,True,0.019272541923166027,0.01883114804251706,0.0003546121365991942,0.00788509537466033,0.011730530002961485,0.009170260514564942,0.6253565031407606,1,0.25,design,0.1,0.02294443238358752,0.020945305309404853,0.16666666666666666,3
he_jitter,erm,True,0.019272541923166027,0.01883114804251706,0.0003546121365991942,0.00788509537466033,0.011730530002961485,0.009170260514564942,0.6253565031407606,1,0.25,design,0.2,0.02294443238358752,0.020945305309404853,0.16666666666666666,3
he_jitter,erm,True,0.019272541923166027,0.01883114804251706,0.0003546121365991942,0.00788509537466033,0.011730530002961485,0.009170260514564942,0.6253565031407606,1,0.5,ratio,0.02,0.025652655257424613,0.020945305309404853,0.3333333333333333,41
he_jitter,erm,True,0.019272541923166027,0.01883114804251706,0.0003546121365991942,0.00788509537466033,0.011730530002961485,0.009170260514564942,0.6253565031407606,1,0.5,ratio,0.05,0.025652655257424613,0.020945305309404853,0.3333333333333333,9
he_jitter,erm,True,0.019272541923166027,0.01883114804251706,0.0003546121365991942,0.00788509537466033,0.011730530002961485,0.009170260514564942,0.6253565031407606,1,0.5,ratio,0.1,0.025652655257424613,0.020945305309404853,0.3333333333333333,4
he_jitter,erm,True,0.019272541923166027,0.01883114804251706,0.0003546121365991942,0.00788509537466033,0.011730530002961485,0.009170260514564942,0.6253565031407606,1,0.5,ratio,0.2,0.025652655257424613,0.020945305309404853,0.3333333333333333,3
he_jitter,erm,True,0.019272541923166027,0.01883114804251706,0.0003546121365991942,0.00788509537466033,0.011730530002961485,0.009170260514564942,0.6253565031407606,1,0.5,design,0.02,0.025652655257424613,0.020945305309404853,0.3333333333333333,
he_jitter,erm,True,0.019272541923166027,0.01883114804251706,0.0003546121365991942,0.00788509537466033,0.011730530002961485,0.009170260514564942,0.6253565031407606,1,0.5,design,0.05,0.025652655257424613,0.020945305309404853,0.3333333333333333,
he_jitter,erm,True,0.019272541923166027,0.01883114804251706,0.0003546121365991942,0.00788509537466033,0.011730530002961485,0.009170260514564942,0.6253565031407606,1,0.5,design,0.1,0.025652655257424613,0.020945305309404853,0.3333333333333333,3
he_jitter,erm,True,0.019272541923166027,0.01883114804251706,0.0003546121365991942,0.00788509537466033,0.011730530002961485,0.009170260514564942,0.6253565031407606,1,0.5,design,0.2,0.025652655257424613,0.020945305309404853,0.3333333333333333,3
he_jitter,erm,True,0.019272541923166027,0.01883114804251706,0.0003546121365991942,0.00788509537466033,0.011730530002961485,0.009170260514564942,0.6253565031407606,3,0.0,none,0.02,0.019561272007912058,0.019561272007912058,0.0,10
he_jitter,erm,True,0.019272541923166027,0.01883114804251706,0.0003546121365991942,0.00788509537466033,0.011730530002961485,0.009170260514564942,0.6253565031407606,3,0.0,none,0.05,0.019561272007912058,0.019561272007912058,0.0,4
he_jitter,erm,True,0.019272541923166027,0.01883114804251706,0.0003546121365991942,0.00788509537466033,0.011730530002961485,0.009170260514564942,0.6253565031407606,3,0.0,none,0.1,0.019561272007912058,0.019561272007912058,0.0,3
he_jitter,erm,True,0.019272541923166027,0.01883114804251706,0.0003546121365991942,0.00788509537466033,0.011730530002961485,0.009170260514564942,0.6253565031407606,3,0.0,none,0.2,0.019561272007912058,0.019561272007912058,0.0,3
he_jitter,erm,True,0.019272541923166027,0.01883114804251706,0.0003546121365991942,0.00788509537466033,0.011730530002961485,0.009170260514564942,0.6253565031407606,3,0.25,ratio,0.02,0.021428299864455616,0.019561272007912058,0.16666666666666666,21
he_jitter,erm,True,0.019272541923166027,0.01883114804251706,0.0003546121365991942,0.00788509537466033,0.011730530002961485,0.009170260514564942,0.6253565031407606,3,0.25,ratio,0.05,0.021428299864455616,0.019561272007912058,0.16666666666666666,6
he_jitter,erm,True,0.019272541923166027,0.01883114804251706,0.0003546121365991942,0.00788509537466033,0.011730530002961485,0.009170260514564942,0.6253565031407606,3,0.25,ratio,0.1,0.021428299864455616,0.019561272007912058,0.16666666666666666,3
he_jitter,erm,True,0.019272541923166027,0.01883114804251706,0.0003546121365991942,0.00788509537466033,0.011730530002961485,0.009170260514564942,0.6253565031407606,3,0.25,ratio,0.2,0.021428299864455616,0.019561272007912058,0.16666666666666666,3
he_jitter,erm,True,0.019272541923166027,0.01883114804251706,0.0003546121365991942,0.00788509537466033,0.011730530002961485,0.009170260514564942,0.6253565031407606,3,0.25,design,0.02,0.021428299864455616,0.019561272007912058,0.16666666666666666,
he_jitter,erm,True,0.019272541923166027,0.01883114804251706,0.0003546121365991942,0.00788509537466033,0.011730530002961485,0.009170260514564942,0.6253565031407606,3,0.25,design,0.05,0.021428299864455616,0.019561272007912058,0.16666666666666666,5
he_jitter,erm,True,0.019272541923166027,0.01883114804251706,0.0003546121365991942,0.00788509537466033,0.011730530002961485,0.009170260514564942,0.6253565031407606,3,0.25,design,0.1,0.021428299864455616,0.019561272007912058,0.16666666666666666,3
he_jitter,erm,True,0.019272541923166027,0.01883114804251706,0.0003546121365991942,0.00788509537466033,0.011730530002961485,0.009170260514564942,0.6253565031407606,3,0.25,design,0.2,0.021428299864455616,0.019561272007912058,0.16666666666666666,3
he_jitter,erm,True,0.019272541923166027,0.01883114804251706,0.0003546121365991942,0.00788509537466033,0.011730530002961485,0.009170260514564942,0.6253565031407606,3,0.5,ratio,0.02,0.023957567569586145,0.019561272007912058,0.3333333333333333,36
he_jitter,erm,True,0.019272541923166027,0.01883114804251706,0.0003546121365991942,0.00788509537466033,0.011730530002961485,0.009170260514564942,0.6253565031407606,3,0.5,ratio,0.05,0.023957567569586145,0.019561272007912058,0.3333333333333333,8
he_jitter,erm,True,0.019272541923166027,0.01883114804251706,0.0003546121365991942,0.00788509537466033,0.011730530002961485,0.009170260514564942,0.6253565031407606,3,0.5,ratio,0.1,0.023957567569586145,0.019561272007912058,0.3333333333333333,4
he_jitter,erm,True,0.019272541923166027,0.01883114804251706,0.0003546121365991942,0.00788509537466033,0.011730530002961485,0.009170260514564942,0.6253565031407606,3,0.5,ratio,0.2,0.023957567569586145,0.019561272007912058,0.3333333333333333,3
he_jitter,erm,True,0.019272541923166027,0.01883114804251706,0.0003546121365991942,0.00788509537466033,0.011730530002961485,0.009170260514564942,0.6253565031407606,3,0.5,design,0.02,0.023957567569586145,0.019561272007912058,0.3333333333333333,
he_jitter,erm,True,0.019272541923166027,0.01883114804251706,0.0003546121365991942,0.00788509537466033,0.011730530002961485,0.009170260514564942,0.6253565031407606,3,0.5,design,0.05,0.023957567569586145,0.019561272007912058,0.3333333333333333,12
he_jitter,erm,True,0.019272541923166027,0.01883114804251706,0.0003546121365991942,0.00788509537466033,0.011730530002961485,0.009170260514564942,0.6253565031407606,3,0.5,design,0.1,0.023957567569586145,0.019561272007912058,0.3333333333333333,3
he_jitter,erm,True,0.019272541923166027,0.01883114804251706,0.0003546121365991942,0.00788509537466033,0.011730530002961485,0.009170260514564942,0.6253565031407606,3,0.5,design,0.2,0.023957567569586145,0.019561272007912058,0.3333333333333333,3
he_jitter,erm,True,0.019272541923166027,0.01883114804251706,0.0003546121365991942,0.00788509537466033,0.011730530002961485,0.009170260514564942,0.6253565031407606,5,0.0,none,0.02,0.019272541923166027,0.019272541923166027,0.0,10
he_jitter,erm,True,0.019272541923166027,0.01883114804251706,0.0003546121365991942,0.00788509537466033,0.011730530002961485,0.009170260514564942,0.6253565031407606,5,0.0,none,0.05,0.019272541923166027,0.019272541923166027,0.0,4
he_jitter,erm,True,0.019272541923166027,0.01883114804251706,0.0003546121365991942,0.00788509537466033,0.011730530002961485,0.009170260514564942,0.6253565031407606,5,0.0,none,0.1,0.019272541923166027,0.019272541923166027,0.0,3
he_jitter,erm,True,0.019272541923166027,0.01883114804251706,0.0003546121365991942,0.00788509537466033,0.011730530002961485,0.009170260514564942,0.6253565031407606,5,0.0,none,0.2,0.019272541923166027,0.019272541923166027,0.0,3
he_jitter,erm,True,0.019272541923166027,0.01883114804251706,0.0003546121365991942,0.00788509537466033,0.011730530002961485,0.009170260514564942,0.6253565031407606,5,0.25,ratio,0.02,0.021112011903564057,0.019272541923166027,0.16666666666666666,20
he_jitter,erm,True,0.019272541923166027,0.01883114804251706,0.0003546121365991942,0.00788509537466033,0.011730530002961485,0.009170260514564942,0.6253565031407606,5,0.25,ratio,0.05,0.021112011903564057,0.019272541923166027,0.16666666666666666,6
he_jitter,erm,True,0.019272541923166027,0.01883114804251706,0.0003546121365991942,0.00788509537466033,0.011730530002961485,0.009170260514564942,0.6253565031407606,5,0.25,ratio,0.1,0.021112011903564057,0.019272541923166027,0.16666666666666666,3
he_jitter,erm,True,0.019272541923166027,0.01883114804251706,0.0003546121365991942,0.00788509537466033,0.011730530002961485,0.009170260514564942,0.6253565031407606,5,0.25,ratio,0.2,0.021112011903564057,0.019272541923166027,0.16666666666666666,3
he_jitter,erm,True,0.019272541923166027,0.01883114804251706,0.0003546121365991942,0.00788509537466033,0.011730530002961485,0.009170260514564942,0.6253565031407606,5,0.25,design,0.02,0.021112011903564057,0.019272541923166027,0.16666666666666666,
he_jitter,erm,True,0.019272541923166027,0.01883114804251706,0.0003546121365991942,0.00788509537466033,0.011730530002961485,0.009170260514564942,0.6253565031407606,5,0.25,design,0.05,0.021112011903564057,0.019272541923166027,0.16666666666666666,5
he_jitter,erm,True,0.019272541923166027,0.01883114804251706,0.0003546121365991942,0.00788509537466033,0.011730530002961485,0.009170260514564942,0.6253565031407606,5,0.25,design,0.1,0.021112011903564057,0.019272541923166027,0.16666666666666666,3
he_jitter,erm,True,0.019272541923166027,0.01883114804251706,0.0003546121365991942,0.00788509537466033,0.011730530002961485,0.009170260514564942,0.6253565031407606,5,0.25,design,0.2,0.021112011903564057,0.019272541923166027,0.16666666666666666,3
he_jitter,erm,True,0.019272541923166027,0.01883114804251706,0.0003546121365991942,0.00788509537466033,0.011730530002961485,0.009170260514564942,0.6253565031407606,5,0.5,ratio,0.02,0.023603946879076985,0.019272541923166027,0.3333333333333333,35
he_jitter,erm,True,0.019272541923166027,0.01883114804251706,0.0003546121365991942,0.00788509537466033,0.011730530002961485,0.009170260514564942,0.6253565031407606,5,0.5,ratio,0.05,0.023603946879076985,0.019272541923166027,0.3333333333333333,8
he_jitter,erm,True,0.019272541923166027,0.01883114804251706,0.0003546121365991942,0.00788509537466033,0.011730530002961485,0.009170260514564942,0.6253565031407606,5,0.5,ratio,0.1,0.023603946879076985,0.019272541923166027,0.3333333333333333,4
he_jitter,erm,True,0.019272541923166027,0.01883114804251706,0.0003546121365991942,0.00788509537466033,0.011730530002961485,0.009170260514564942,0.6253565031407606,5,0.5,ratio,0.2,0.023603946879076985,0.019272541923166027,0.3333333333333333,3
he_jitter,erm,True,0.019272541923166027,0.01883114804251706,0.0003546121365991942,0.00788509537466033,0.011730530002961485,0.009170260514564942,0.6253565031407606,5,0.5,design,0.02,0.023603946879076985,0.019272541923166027,0.3333333333333333,
he_jitter,erm,True,0.019272541923166027,0.01883114804251706,0.0003546121365991942,0.00788509537466033,0.011730530002961485,0.009170260514564942,0.6253565031407606,5,0.5,design,0.05,0.023603946879076985,0.019272541923166027,0.3333333333333333,10
he_jitter,erm,True,0.019272541923166027,0.01883114804251706,0.0003546121365991942,0.00788509537466033,0.011730530002961485,0.009170260514564942,0.6253565031407606,5,0.5,design,0.1,0.023603946879076985,0.019272541923166027,0.3333333333333333,3
he_jitter,erm,True,0.019272541923166027,0.01883114804251706,0.0003546121365991942,0.00788509537466033,0.011730530002961485,0.009170260514564942,0.6253565031407606,5,0.5,design,0.2,0.023603946879076985,0.019272541923166027,0.3333333333333333,3
he_jitter,erm,True,0.019272541923166027,0.01883114804251706,0.0003546121365991942,0.00788509537466033,0.011730530002961485,0.009170260514564942,0.6253565031407606,10,0.0,none,0.02,0.01905312321877159,0.01905312321877159,0.0,10
he_jitter,erm,True,0.019272541923166027,0.01883114804251706,0.0003546121365991942,0.00788509537466033,0.011730530002961485,0.009170260514564942,0.6253565031407606,10,0.0,none,0.05,0.01905312321877159,0.01905312321877159,0.0,4
he_jitter,erm,True,0.019272541923166027,0.01883114804251706,0.0003546121365991942,0.00788509537466033,0.011730530002961485,0.009170260514564942,0.6253565031407606,10,0.0,none,0.1,0.01905312321877159,0.01905312321877159,0.0,3
he_jitter,erm,True,0.019272541923166027,0.01883114804251706,0.0003546121365991942,0.00788509537466033,0.011730530002961485,0.009170260514564942,0.6253565031407606,10,0.0,none,0.2,0.01905312321877159,0.01905312321877159,0.0,3
he_jitter,erm,True,0.019272541923166027,0.01883114804251706,0.0003546121365991942,0.00788509537466033,0.011730530002961485,0.009170260514564942,0.6253565031407606,10,0.25,ratio,0.02,0.020871650755693274,0.01905312321877159,0.16666666666666666,20
he_jitter,erm,True,0.019272541923166027,0.01883114804251706,0.0003546121365991942,0.00788509537466033,0.011730530002961485,0.009170260514564942,0.6253565031407606,10,0.25,ratio,0.05,0.020871650755693274,0.01905312321877159,0.16666666666666666,5
he_jitter,erm,True,0.019272541923166027,0.01883114804251706,0.0003546121365991942,0.00788509537466033,0.011730530002961485,0.009170260514564942,0.6253565031407606,10,0.25,ratio,0.1,0.020871650755693274,0.01905312321877159,0.16666666666666666,3
he_jitter,erm,True,0.019272541923166027,0.01883114804251706,0.0003546121365991942,0.00788509537466033,0.011730530002961485,0.009170260514564942,0.6253565031407606,10,0.25,ratio,0.2,0.020871650755693274,0.01905312321877159,0.16666666666666666,3
he_jitter,erm,True,0.019272541923166027,0.01883114804251706,0.0003546121365991942,0.00788509537466033,0.011730530002961485,0.009170260514564942,0.6253565031407606,10,0.25,design,0.02,0.020871650755693274,0.01905312321877159,0.16666666666666666,
he_jitter,erm,True,0.019272541923166027,0.01883114804251706,0.0003546121365991942,0.00788509537466033,0.011730530002961485,0.009170260514564942,0.6253565031407606,10,0.25,design,0.05,0.020871650755693274,0.01905312321877159,0.16666666666666666,4
he_jitter,erm,True,0.019272541923166027,0.01883114804251706,0.0003546121365991942,0.00788509537466033,0.011730530002961485,0.009170260514564942,0.6253565031407606,10,0.25,design,0.1,0.020871650755693274,0.01905312321877159,0.16666666666666666,3
he_jitter,erm,True,0.019272541923166027,0.01883114804251706,0.0003546121365991942,0.00788509537466033,0.011730530002961485,0.009170260514564942,0.6253565031407606,10,0.25,design,0.2,0.020871650755693274,0.01905312321877159,0.16666666666666666,3
he_jitter,erm,True,0.019272541923166027,0.01883114804251706,0.0003546121365991942,0.00788509537466033,0.011730530002961485,0.009170260514564942,0.6253565031407606,10,0.5,ratio,0.02,0.02333521494618251,0.01905312321877159,0.3333333333333333,35
he_jitter,erm,True,0.019272541923166027,0.01883114804251706,0.0003546121365991942,0.00788509537466033,0.011730530002961485,0.009170260514564942,0.6253565031407606,10,0.5,ratio,0.05,0.02333521494618251,0.01905312321877159,0.3333333333333333,8
he_jitter,erm,True,0.019272541923166027,0.01883114804251706,0.0003546121365991942,0.00788509537466033,0.011730530002961485,0.009170260514564942,0.6253565031407606,10,0.5,ratio,0.1,0.02333521494618251,0.01905312321877159,0.3333333333333333,4
he_jitter,erm,True,0.019272541923166027,0.01883114804251706,0.0003546121365991942,0.00788509537466033,0.011730530002961485,0.009170260514564942,0.6253565031407606,10,0.5,ratio,0.2,0.02333521494618251,0.01905312321877159,0.3333333333333333,3
he_jitter,erm,True,0.019272541923166027,0.01883114804251706,0.0003546121365991942,0.00788509537466033,0.011730530002961485,0.009170260514564942,0.6253565031407606,10,0.5,design,0.02,0.02333521494618251,0.01905312321877159,0.3333333333333333,
he_jitter,erm,True,0.019272541923166027,0.01883114804251706,0.0003546121365991942,0.00788509537466033,0.011730530002961485,0.009170260514564942,0.6253565031407606,10,0.5,design,0.05,0.02333521494618251,0.01905312321877159,0.3333333333333333,9
he_jitter,erm,True,0.019272541923166027,0.01883114804251706,0.0003546121365991942,0.00788509537466033,0.011730530002961485,0.009170260514564942,0.6253565031407606,10,0.5,design,0.1,0.02333521494618251,0.01905312321877159,0.3333333333333333,3
he_jitter,erm,True,0.019272541923166027,0.01883114804251706,0.0003546121365991942,0.00788509537466033,0.011730530002961485,0.009170260514564942,0.6253565031407606,10,0.5,design,0.2,0.02333521494618251,0.01905312321877159,0.3333333333333333,3
irm,erm,True,0.00990028410221972,0.0,-1.1214931309575782e-05,0.02234613002107554,0.011730530002961485,0.023369911918344952,0.17319918167428075,1,0.0,none,0.02,0.023369911918344952,0.023369911918344952,0.0,13
irm,erm,True,0.00990028410221972,0.0,-1.1214931309575782e-05,0.02234613002107554,0.011730530002961485,0.023369911918344952,0.17319918167428075,1,0.0,none,0.05,0.023369911918344952,0.023369911918344952,0.0,4
irm,erm,True,0.00990028410221972,0.0,-1.1214931309575782e-05,0.02234613002107554,0.011730530002961485,0.023369911918344952,0.17319918167428075,1,0.0,none,0.1,0.023369911918344952,0.023369911918344952,0.0,3
irm,erm,True,0.00990028410221972,0.0,-1.1214931309575782e-05,0.02234613002107554,0.011730530002961485,0.023369911918344952,0.17319918167428075,1,0.0,none,0.2,0.023369911918344952,0.023369911918344952,0.0,3
irm,erm,True,0.00990028410221972,0.0,-1.1214931309575782e-05,0.02234613002107554,0.011730530002961485,0.023369911918344952,0.17319918167428075,1,0.25,ratio,0.02,0.02560045584917272,0.023369911918344952,0.16666666666666666,28
irm,erm,True,0.00990028410221972,0.0,-1.1214931309575782e-05,0.02234613002107554,0.011730530002961485,0.023369911918344952,0.17319918167428075,1,0.25,ratio,0.05,0.02560045584917272,0.023369911918344952,0.16666666666666666,7
irm,erm,True,0.00990028410221972,0.0,-1.1214931309575782e-05,0.02234613002107554,0.011730530002961485,0.023369911918344952,0.17319918167428075,1,0.25,ratio,0.1,0.02560045584917272,0.023369911918344952,0.16666666666666666,4
irm,erm,True,0.00990028410221972,0.0,-1.1214931309575782e-05,0.02234613002107554,0.011730530002961485,0.023369911918344952,0.17319918167428075,1,0.25,ratio,0.2,0.02560045584917272,0.023369911918344952,0.16666666666666666,3
irm,erm,True,0.00990028410221972,0.0,-1.1214931309575782e-05,0.02234613002107554,0.011730530002961485,0.023369911918344952,0.17319918167428075,1,0.25,design,0.02,0.02560045584917272,0.023369911918344952,0.16666666666666666,
irm,erm,True,0.00990028410221972,0.0,-1.1214931309575782e-05,0.02234613002107554,0.011730530002961485,0.023369911918344952,0.17319918167428075,1,0.25,design,0.05,0.02560045584917272,0.023369911918344952,0.16666666666666666,6
irm,erm,True,0.00990028410221972,0.0,-1.1214931309575782e-05,0.02234613002107554,0.011730530002961485,0.023369911918344952,0.17319918167428075,1,0.25,design,0.1,0.02560045584917272,0.023369911918344952,0.16666666666666666,3
irm,erm,True,0.00990028410221972,0.0,-1.1214931309575782e-05,0.02234613002107554,0.011730530002961485,0.023369911918344952,0.17319918167428075,1,0.25,design,0.2,0.02560045584917272,0.023369911918344952,0.16666666666666666,3
irm,erm,True,0.00990028410221972,0.0,-1.1214931309575782e-05,0.02234613002107554,0.011730530002961485,0.023369911918344952,0.17319918167428075,1,0.5,ratio,0.02,0.02862217976686615,0.023369911918344952,0.3333333333333333,51
irm,erm,True,0.00990028410221972,0.0,-1.1214931309575782e-05,0.02234613002107554,0.011730530002961485,0.023369911918344952,0.17319918167428075,1,0.5,ratio,0.05,0.02862217976686615,0.023369911918344952,0.3333333333333333,10
irm,erm,True,0.00990028410221972,0.0,-1.1214931309575782e-05,0.02234613002107554,0.011730530002961485,0.023369911918344952,0.17319918167428075,1,0.5,ratio,0.1,0.02862217976686615,0.023369911918344952,0.3333333333333333,5
irm,erm,True,0.00990028410221972,0.0,-1.1214931309575782e-05,0.02234613002107554,0.011730530002961485,0.023369911918344952,0.17319918167428075,1,0.5,ratio,0.2,0.02862217976686615,0.023369911918344952,0.3333333333333333,3
irm,erm,True,0.00990028410221972,0.0,-1.1214931309575782e-05,0.02234613002107554,0.011730530002961485,0.023369911918344952,0.17319918167428075,1,0.5,design,0.02,0.02862217976686615,0.023369911918344952,0.3333333333333333,
irm,erm,True,0.00990028410221972,0.0,-1.1214931309575782e-05,0.02234613002107554,0.011730530002961485,0.023369911918344952,0.17319918167428075,1,0.5,design,0.05,0.02862217976686615,0.023369911918344952,0.3333333333333333,
irm,erm,True,0.00990028410221972,0.0,-1.1214931309575782e-05,0.02234613002107554,0.011730530002961485,0.023369911918344952,0.17319918167428075,1,0.5,design,0.1,0.02862217976686615,0.023369911918344952,0.3333333333333333,3
irm,erm,True,0.00990028410221972,0.0,-1.1214931309575782e-05,0.02234613002107554,0.011730530002961485,0.023369911918344952,0.17319918167428075,1,0.5,design,0.2,0.02862217976686615,0.023369911918344952,0.3333333333333333,3
irm,erm,True,0.00990028410221972,0.0,-1.1214931309575782e-05,0.02234613002107554,0.011730530002961485,0.023369911918344952,0.17319918167428075,3,0.0,none,0.02,0.013492624936994302,0.013492624936994302,0.0,6
irm,erm,True,0.00990028410221972,0.0,-1.1214931309575782e-05,0.02234613002107554,0.011730530002961485,0.023369911918344952,0.17319918167428075,3,0.0,none,0.05,0.013492624936994302,0.013492624936994302,0.0,3
irm,erm,True,0.00990028410221972,0.0,-1.1214931309575782e-05,0.02234613002107554,0.011730530002961485,0.023369911918344952,0.17319918167428075,3,0.0,none,0.1,0.013492624936994302,0.013492624936994302,0.0,3
irm,erm,True,0.00990028410221972,0.0,-1.1214931309575782e-05,0.02234613002107554,0.011730530002961485,0.023369911918344952,0.17319918167428075,3,0.0,none,0.2,0.013492624936994302,0.013492624936994302,0.0,2
irm,erm,True,0.00990028410221972,0.0,-1.1214931309575782e-05,0.02234613002107554,0.011730530002961485,0.023369911918344952,0.17319918167428075,3,0.25,ratio,0.02,0.014780430075896998,0.013492624936994302,0.16666666666666666,11
irm,erm,True,0.00990028410221972,0.0,-1.1214931309575782e-05,0.02234613002107554,0.011730530002961485,0.023369911918344952,0.17319918167428075,3,0.25,ratio,0.05,0.014780430075896998,0.013492624936994302,0.16666666666666666,4
irm,erm,True,0.00990028410221972,0.0,-1.1214931309575782e-05,0.02234613002107554,0.011730530002961485,0.023369911918344952,0.17319918167428075,3,0.25,ratio,0.1,0.014780430075896998,0.013492624936994302,0.16666666666666666,3
irm,erm,True,0.00990028410221972,0.0,-1.1214931309575782e-05,0.02234613002107554,0.011730530002961485,0.023369911918344952,0.17319918167428075,3,0.25,ratio,0.2,0.014780430075896998,0.013492624936994302,0.16666666666666666,3
irm,erm,True,0.00990028410221972,0.0,-1.1214931309575782e-05,0.02234613002107554,0.011730530002961485,0.023369911918344952,0.17319918167428075,3,0.25,design,0.02,0.014780430075896998,0.013492624936994302,0.16666666666666666,
irm,erm,True,0.00990028410221972,0.0,-1.1214931309575782e-05,0.02234613002107554,0.011730530002961485,0.023369911918344952,0.17319918167428075,3,0.25,design,0.05,0.014780430075896998,0.013492624936994302,0.16666666666666666,3
irm,erm,True,0.00990028410221972,0.0,-1.1214931309575782e-05,0.02234613002107554,0.011730530002961485,0.023369911918344952,0.17319918167428075,3,0.25,design,0.1,0.014780430075896998,0.013492624936994302,0.16666666666666666,3
irm,erm,True,0.00990028410221972,0.0,-1.1214931309575782e-05,0.02234613002107554,0.011730530002961485,0.023369911918344952,0.17319918167428075,3,0.25,design,0.2,0.014780430075896998,0.013492624936994302,0.16666666666666666,3
irm,erm,True,0.00990028410221972,0.0,-1.1214931309575782e-05,0.02234613002107554,0.011730530002961485,0.023369911918344952,0.17319918167428075,3,0.5,ratio,0.02,0.016525023193194033,0.013492624936994302,0.3333333333333333,19
irm,erm,True,0.00990028410221972,0.0,-1.1214931309575782e-05,0.02234613002107554,0.011730530002961485,0.023369911918344952,0.17319918167428075,3,0.5,ratio,0.05,0.016525023193194033,0.013492624936994302,0.3333333333333333,5
irm,erm,True,0.00990028410221972,0.0,-1.1214931309575782e-05,0.02234613002107554,0.011730530002961485,0.023369911918344952,0.17319918167428075,3,0.5,ratio,0.1,0.016525023193194033,0.013492624936994302,0.3333333333333333,3
irm,erm,True,0.00990028410221972,0.0,-1.1214931309575782e-05,0.02234613002107554,0.011730530002961485,0.023369911918344952,0.17319918167428075,3,0.5,ratio,0.2,0.016525023193194033,0.013492624936994302,0.3333333333333333,3
irm,erm,True,0.00990028410221972,0.0,-1.1214931309575782e-05,0.02234613002107554,0.011730530002961485,0.023369911918344952,0.17319918167428075,3,0.5,design,0.02,0.016525023193194033,0.013492624936994302,0.3333333333333333,
irm,erm,True,0.00990028410221972,0.0,-1.1214931309575782e-05,0.02234613002107554,0.011730530002961485,0.023369911918344952,0.17319918167428075,3,0.5,design,0.05,0.016525023193194033,0.013492624936994302,0.3333333333333333,4
irm,erm,True,0.00990028410221972,0.0,-1.1214931309575782e-05,0.02234613002107554,0.011730530002961485,0.023369911918344952,0.17319918167428075,3,0.5,design,0.1,0.016525023193194033,0.013492624936994302,0.3333333333333333,3
irm,erm,True,0.00990028410221972,0.0,-1.1214931309575782e-05,0.02234613002107554,0.011730530002961485,0.023369911918344952,0.17319918167428075,3,0.5,design,0.2,0.016525023193194033,0.013492624936994302,0.3333333333333333,3
irm,erm,True,0.00990028410221972,0.0,-1.1214931309575782e-05,0.02234613002107554,0.011730530002961485,0.023369911918344952,0.17319918167428075,5,0.0,none,0.02,0.010451342335520366,0.010451342335520366,0.0,5
irm,erm,True,0.00990028410221972,0.0,-1.1214931309575782e-05,0.02234613002107554,0.011730530002961485,0.023369911918344952,0.17319918167428075,5,0.0,none,0.05,0.010451342335520366,0.010451342335520366,0.0,3
irm,erm,True,0.00990028410221972,0.0,-1.1214931309575782e-05,0.02234613002107554,0.011730530002961485,0.023369911918344952,0.17319918167428075,5,0.0,none,0.1,0.010451342335520366,0.010451342335520366,0.0,3
irm,erm,True,0.00990028410221972,0.0,-1.1214931309575782e-05,0.02234613002107554,0.011730530002961485,0.023369911918344952,0.17319918167428075,5,0.0,none,0.2,0.010451342335520366,0.010451342335520366,0.0,2
irm,erm,True,0.00990028410221972,0.0,-1.1214931309575782e-05,0.02234613002107554,0.011730530002961485,0.023369911918344952,0.17319918167428075,5,0.25,ratio,0.02,0.01144887190674646,0.010451342335520366,0.16666666666666666,8
irm,erm,True,0.00990028410221972,0.0,-1.1214931309575782e-05,0.02234613002107554,0.011730530002961485,0.023369911918344952,0.17319918167428075,5,0.25,ratio,0.05,0.01144887190674646,0.010451342335520366,0.16666666666666666,4
irm,erm,True,0.00990028410221972,0.0,-1.1214931309575782e-05,0.02234613002107554,0.011730530002961485,0.023369911918344952,0.17319918167428075,5,0.25,ratio,0.1,0.01144887190674646,0.010451342335520366,0.16666666666666666,3
irm,erm,True,0.00990028410221972,0.0,-1.1214931309575782e-05,0.02234613002107554,0.011730530002961485,0.023369911918344952,0.17319918167428075,5,0.25,ratio,0.2,0.01144887190674646,0.010451342335520366,0.16666666666666666,2
irm,erm,True,0.00990028410221972,0.0,-1.1214931309575782e-05,0.02234613002107554,0.011730530002961485,0.023369911918344952,0.17319918167428075,5,0.25,design,0.02,0.01144887190674646,0.010451342335520366,0.16666666666666666,8
irm,erm,True,0.00990028410221972,0.0,-1.1214931309575782e-05,0.02234613002107554,0.011730530002961485,0.023369911918344952,0.17319918167428075,5,0.25,design,0.05,0.01144887190674646,0.010451342335520366,0.16666666666666666,3
irm,erm,True,0.00990028410221972,0.0,-1.1214931309575782e-05,0.02234613002107554,0.011730530002961485,0.023369911918344952,0.17319918167428075,5,0.25,design,0.1,0.01144887190674646,0.010451342335520366,0.16666666666666666,3
irm,erm,True,0.00990028410221972,0.0,-1.1214931309575782e-05,0.02234613002107554,0.011730530002961485,0.023369911918344952,0.17319918167428075,5,0.25,design,0.2,0.01144887190674646,0.010451342335520366,0.16666666666666666,3
irm,erm,True,0.00990028410221972,0.0,-1.1214931309575782e-05,0.02234613002107554,0.011730530002961485,0.023369911918344952,0.17319918167428075,5,0.5,ratio,0.02,0.01280022792458636,0.010451342335520366,0.3333333333333333,12
irm,erm,True,0.00990028410221972,0.0,-1.1214931309575782e-05,0.02234613002107554,0.011730530002961485,0.023369911918344952,0.17319918167428075,5,0.5,ratio,0.05,0.01280022792458636,0.010451342335520366,0.3333333333333333,4
irm,erm,True,0.00990028410221972,0.0,-1.1214931309575782e-05,0.02234613002107554,0.011730530002961485,0.023369911918344952,0.17319918167428075,5,0.5,ratio,0.1,0.01280022792458636,0.010451342335520366,0.3333333333333333,3
irm,erm,True,0.00990028410221972,0.0,-1.1214931309575782e-05,0.02234613002107554,0.011730530002961485,0.023369911918344952,0.17319918167428075,5,0.5,ratio,0.2,0.01280022792458636,0.010451342335520366,0.3333333333333333,3
irm,erm,True,0.00990028410221972,0.0,-1.1214931309575782e-05,0.02234613002107554,0.011730530002961485,0.023369911918344952,0.17319918167428075,5,0.5,design,0.02,0.01280022792458636,0.010451342335520366,0.3333333333333333,
irm,erm,True,0.00990028410221972,0.0,-1.1214931309575782e-05,0.02234613002107554,0.011730530002961485,0.023369911918344952,0.17319918167428075,5,0.5,design,0.05,0.01280022792458636,0.010451342335520366,0.3333333333333333,3
irm,erm,True,0.00990028410221972,0.0,-1.1214931309575782e-05,0.02234613002107554,0.011730530002961485,0.023369911918344952,0.17319918167428075,5,0.5,design,0.1,0.01280022792458636,0.010451342335520366,0.3333333333333333,3
irm,erm,True,0.00990028410221972,0.0,-1.1214931309575782e-05,0.02234613002107554,0.011730530002961485,0.023369911918344952,0.17319918167428075,5,0.5,design,0.2,0.01280022792458636,0.010451342335520366,0.3333333333333333,3
irm,erm,True,0.00990028410221972,0.0,-1.1214931309575782e-05,0.02234613002107554,0.011730530002961485,0.023369911918344952,0.17319918167428075,10,0.0,none,0.02,0.0073902150379485,0.0073902150379485,0.0,4
irm,erm,True,0.00990028410221972,0.0,-1.1214931309575782e-05,0.02234613002107554,0.011730530002961485,0.023369911918344952,0.17319918167428075,10,0.0,none,0.05,0.0073902150379485,0.0073902150379485,0.0,3
irm,erm,True,0.00990028410221972,0.0,-1.1214931309575782e-05,0.02234613002107554,0.011730530002961485,0.023369911918344952,0.17319918167428075,10,0.0,none,0.1,0.0073902150379485,0.0073902150379485,0.0,2
irm,erm,True,0.00990028410221972,0.0,-1.1214931309575782e-05,0.02234613002107554,0.011730530002961485,0.023369911918344952,0.17319918167428075,10,0.0,none,0.2,0.0073902150379485,0.0073902150379485,0.0,2
irm,erm,True,0.00990028410221972,0.0,-1.1214931309575782e-05,0.02234613002107554,0.011730530002961485,0.023369911918344952,0.17319918167428075,10,0.25,ratio,0.02,0.00809557496219658,0.0073902150379485,0.16666666666666666,5
irm,erm,True,0.00990028410221972,0.0,-1.1214931309575782e-05,0.02234613002107554,0.011730530002961485,0.023369911918344952,0.17319918167428075,10,0.25,ratio,0.05,0.00809557496219658,0.0073902150379485,0.16666666666666666,3
irm,erm,True,0.00990028410221972,0.0,-1.1214931309575782e-05,0.02234613002107554,0.011730530002961485,0.023369911918344952,0.17319918167428075,10,0.25,ratio,0.1,0.00809557496219658,0.0073902150379485,0.16666666666666666,3
irm,erm,True,0.00990028410221972,0.0,-1.1214931309575782e-05,0.02234613002107554,0.011730530002961485,0.023369911918344952,0.17319918167428075,10,0.25,ratio,0.2,0.00809557496219658,0.0073902150379485,0.16666666666666666,2
irm,erm,True,0.00990028410221972,0.0,-1.1214931309575782e-05,0.02234613002107554,0.011730530002961485,0.023369911918344952,0.17319918167428075,10,0.25,design,0.02,0.00809557496219658,0.0073902150379485,0.16666666666666666,4
irm,erm,True,0.00990028410221972,0.0,-1.1214931309575782e-05,0.02234613002107554,0.011730530002961485,0.023369911918344952,0.17319918167428075,10,0.25,design,0.05,0.00809557496219658,0.0073902150379485,0.16666666666666666,3
irm,erm,True,0.00990028410221972,0.0,-1.1214931309575782e-05,0.02234613002107554,0.011730530002961485,0.023369911918344952,0.17319918167428075,10,0.25,design,0.1,0.00809557496219658,0.0073902150379485,0.16666666666666666,3
irm,erm,True,0.00990028410221972,0.0,-1.1214931309575782e-05,0.02234613002107554,0.011730530002961485,0.023369911918344952,0.17319918167428075,10,0.25,design,0.2,0.00809557496219658,0.0073902150379485,0.16666666666666666,3
irm,erm,True,0.00990028410221972,0.0,-1.1214931309575782e-05,0.02234613002107554,0.011730530002961485,0.023369911918344952,0.17319918167428075,10,0.5,ratio,0.02,0.009051127966208423,0.0073902150379485,0.3333333333333333,7
irm,erm,True,0.00990028410221972,0.0,-1.1214931309575782e-05,0.02234613002107554,0.011730530002961485,0.023369911918344952,0.17319918167428075,10,0.5,ratio,0.05,0.009051127966208423,0.0073902150379485,0.3333333333333333,4
irm,erm,True,0.00990028410221972,0.0,-1.1214931309575782e-05,0.02234613002107554,0.011730530002961485,0.023369911918344952,0.17319918167428075,10,0.5,ratio,0.1,0.009051127966208423,0.0073902150379485,0.3333333333333333,3
irm,erm,True,0.00990028410221972,0.0,-1.1214931309575782e-05,0.02234613002107554,0.011730530002961485,0.023369911918344952,0.17319918167428075,10,0.5,ratio,0.2,0.009051127966208423,0.0073902150379485,0.3333333333333333,2
irm,erm,True,0.00990028410221972,0.0,-1.1214931309575782e-05,0.02234613002107554,0.011730530002961485,0.023369911918344952,0.17319918167428075,10,0.5,design,0.02,0.009051127966208423,0.0073902150379485,0.3333333333333333,7
irm,erm,True,0.00990028410221972,0.0,-1.1214931309575782e-05,0.02234613002107554,0.011730530002961485,0.023369911918344952,0.17319918167428075,10,0.5,design,0.05,0.009051127966208423,0.0073902150379485,0.3333333333333333,3
irm,erm,True,0.00990028410221972,0.0,-1.1214931309575782e-05,0.02234613002107554,0.011730530002961485,0.023369911918344952,0.17319918167428075,10,0.5,design,0.1,0.009051127966208423,0.0073902150379485,0.3333333333333333,3
irm,erm,True,0.00990028410221972,0.0,-1.1214931309575782e-05,0.02234613002107554,0.011730530002961485,0.023369911918344952,0.17319918167428075,10,0.5,design,0.2,0.009051127966208423,0.0073902150379485,0.3333333333333333,3
lisa,erm,True,0.020585224295965272,0.01923157698119249,0.00036985355318353274,0.017451201682677584,0.011730530002961485,0.01641613628897894,0.4217153231256097,1,0.0,none,0.02,0.02528523450240998,0.02528523450240998,0.0,15
lisa,erm,True,0.020585224295965272,0.01923157698119249,0.00036985355318353274,0.017451201682677584,0.011730530002961485,0.01641613628897894,0.4217153231256097,1,0.0,none,0.05,0.02528523450240998,0.02528523450240998,0.0,5
lisa,erm,True,0.020585224295965272,0.01923157698119249,0.00036985355318353274,0.017451201682677584,0.011730530002961485,0.01641613628897894,0.4217153231256097,1,0.0,none,0.1,0.02528523450240998,0.02528523450240998,0.0,3
lisa,erm,True,0.020585224295965272,0.01923157698119249,0.00036985355318353274,0.017451201682677584,0.011730530002961485,0.01641613628897894,0.4217153231256097,1,0.0,none,0.2,0.02528523450240998,0.02528523450240998,0.0,3
lisa,erm,True,0.020585224295965272,0.01923157698119249,0.00036985355318353274,0.017451201682677584,0.011730530002961485,0.01641613628897894,0.4217153231256097,1,0.25,ratio,0.02,0.02769858661755572,0.02528523450240998,0.16666666666666666,33
lisa,erm,True,0.020585224295965272,0.01923157698119249,0.00036985355318353274,0.017451201682677584,0.011730530002961485,0.01641613628897894,0.4217153231256097,1,0.25,ratio,0.05,0.02769858661755572,0.02528523450240998,0.16666666666666666,7
lisa,erm,True,0.020585224295965272,0.01923157698119249,0.00036985355318353274,0.017451201682677584,0.011730530002961485,0.01641613628897894,0.4217153231256097,1,0.25,ratio,0.1,0.02769858661755572,0.02528523450240998,0.16666666666666666,4
lisa,erm,True,0.020585224295965272,0.01923157698119249,0.00036985355318353274,0.017451201682677584,0.011730530002961485,0.01641613628897894,0.4217153231256097,1,0.25,ratio,0.2,0.02769858661755572,0.02528523450240998,0.16666666666666666,3
lisa,erm,True,0.020585224295965272,0.01923157698119249,0.00036985355318353274,0.017451201682677584,0.011730530002961485,0.01641613628897894,0.4217153231256097,1,0.25,design,0.02,0.02769858661755572,0.02528523450240998,0.16666666666666666,
lisa,erm,True,0.020585224295965272,0.01923157698119249,0.00036985355318353274,0.017451201682677584,0.011730530002961485,0.01641613628897894,0.4217153231256097,1,0.25,design,0.05,0.02769858661755572,0.02528523450240998,0.16666666666666666,7
lisa,erm,True,0.020585224295965272,0.01923157698119249,0.00036985355318353274,0.017451201682677584,0.011730530002961485,0.01641613628897894,0.4217153231256097,1,0.25,design,0.1,0.02769858661755572,0.02528523450240998,0.16666666666666666,3
lisa,erm,True,0.020585224295965272,0.01923157698119249,0.00036985355318353274,0.017451201682677584,0.011730530002961485,0.01641613628897894,0.4217153231256097,1,0.25,design,0.2,0.02769858661755572,0.02528523450240998,0.16666666666666666,3
lisa,erm,True,0.020585224295965272,0.01923157698119249,0.00036985355318353274,0.017451201682677584,0.011730530002961485,0.01641613628897894,0.4217153231256097,1,0.5,ratio,0.02,0.030967961278760277,0.02528523450240998,0.3333333333333333,59
lisa,erm,True,0.020585224295965272,0.01923157698119249,0.00036985355318353274,0.017451201682677584,0.011730530002961485,0.01641613628897894,0.4217153231256097,1,0.5,ratio,0.05,0.030967961278760277,0.02528523450240998,0.3333333333333333,12
lisa,erm,True,0.020585224295965272,0.01923157698119249,0.00036985355318353274,0.017451201682677584,0.011730530002961485,0.01641613628897894,0.4217153231256097,1,0.5,ratio,0.1,0.030967961278760277,0.02528523450240998,0.3333333333333333,5
lisa,erm,True,0.020585224295965272,0.01923157698119249,0.00036985355318353274,0.017451201682677584,0.011730530002961485,0.01641613628897894,0.4217153231256097,1,0.5,ratio,0.2,0.030967961278760277,0.02528523450240998,0.3333333333333333,3
lisa,erm,True,0.020585224295965272,0.01923157698119249,0.00036985355318353274,0.017451201682677584,0.011730530002961485,0.01641613628897894,0.4217153231256097,1,0.5,design,0.02,0.030967961278760277,0.02528523450240998,0.3333333333333333,
lisa,erm,True,0.020585224295965272,0.01923157698119249,0.00036985355318353274,0.017451201682677584,0.011730530002961485,0.01641613628897894,0.4217153231256097,1,0.5,design,0.05,0.030967961278760277,0.02528523450240998,0.3333333333333333,
lisa,erm,True,0.020585224295965272,0.01923157698119249,0.00036985355318353274,0.017451201682677584,0.011730530002961485,0.01641613628897894,0.4217153231256097,1,0.5,design,0.1,0.030967961278760277,0.02528523450240998,0.3333333333333333,4
lisa,erm,True,0.020585224295965272,0.01923157698119249,0.00036985355318353274,0.017451201682677584,0.011730530002961485,0.01641613628897894,0.4217153231256097,1,0.5,design,0.2,0.030967961278760277,0.02528523450240998,0.3333333333333333,3
lisa,erm,True,0.020585224295965272,0.01923157698119249,0.00036985355318353274,0.017451201682677584,0.011730530002961485,0.01641613628897894,0.4217153231256097,3,0.0,none,0.02,0.021440228467446653,0.021440228467446653,0.0,12
lisa,erm,True,0.020585224295965272,0.01923157698119249,0.00036985355318353274,0.017451201682677584,0.011730530002961485,0.01641613628897894,0.4217153231256097,3,0.0,none,0.05,0.021440228467446653,0.021440228467446653,0.0,4
lisa,erm,True,0.020585224295965272,0.01923157698119249,0.00036985355318353274,0.017451201682677584,0.011730530002961485,0.01641613628897894,0.4217153231256097,3,0.0,none,0.1,0.021440228467446653,0.021440228467446653,0.0,3
lisa,erm,True,0.020585224295965272,0.01923157698119249,0.00036985355318353274,0.017451201682677584,0.011730530002961485,0.01641613628897894,0.4217153231256097,3,0.0,none,0.2,0.021440228467446653,0.021440228467446653,0.0,3
lisa,erm,True,0.020585224295965272,0.01923157698119249,0.00036985355318353274,0.017451201682677584,0.011730530002961485,0.01641613628897894,0.4217153231256097,3,0.25,ratio,0.02,0.023486593539369896,0.021440228467446653,0.16666666666666666,24
lisa,erm,True,0.020585224295965272,0.01923157698119249,0.00036985355318353274,0.017451201682677584,0.011730530002961485,0.01641613628897894,0.4217153231256097,3,0.25,ratio,0.05,0.023486593539369896,0.021440228467446653,0.16666666666666666,6
lisa,erm,True,0.020585224295965272,0.01923157698119249,0.00036985355318353274,0.017451201682677584,0.011730530002961485,0.01641613628897894,0.4217153231256097,3,0.25,ratio,0.1,0.023486593539369896,0.021440228467446653,0.16666666666666666,4
lisa,erm,True,0.020585224295965272,0.01923157698119249,0.00036985355318353274,0.017451201682677584,0.011730530002961485,0.01641613628897894,0.4217153231256097,3,0.25,ratio,0.2,0.023486593539369896,0.021440228467446653,0.16666666666666666,3
lisa,erm,True,0.020585224295965272,0.01923157698119249,0.00036985355318353274,0.017451201682677584,0.011730530002961485,0.01641613628897894,0.4217153231256097,3,0.25,design,0.02,0.023486593539369896,0.021440228467446653,0.16666666666666666,
lisa,erm,True,0.020585224295965272,0.01923157698119249,0.00036985355318353274,0.017451201682677584,0.011730530002961485,0.01641613628897894,0.4217153231256097,3,0.25,design,0.05,0.023486593539369896,0.021440228467446653,0.16666666666666666,5
lisa,erm,True,0.020585224295965272,0.01923157698119249,0.00036985355318353274,0.017451201682677584,0.011730530002961485,0.01641613628897894,0.4217153231256097,3,0.25,design,0.1,0.023486593539369896,0.021440228467446653,0.16666666666666666,3
lisa,erm,True,0.020585224295965272,0.01923157698119249,0.00036985355318353274,0.017451201682677584,0.011730530002961485,0.01641613628897894,0.4217153231256097,3,0.25,design,0.2,0.023486593539369896,0.021440228467446653,0.16666666666666666,3
lisa,erm,True,0.020585224295965272,0.01923157698119249,0.00036985355318353274,0.017451201682677584,0.011730530002961485,0.01641613628897894,0.4217153231256097,3,0.5,ratio,0.02,0.026258809856969236,0.021440228467446653,0.3333333333333333,43
lisa,erm,True,0.020585224295965272,0.01923157698119249,0.00036985355318353274,0.017451201682677584,0.011730530002961485,0.01641613628897894,0.4217153231256097,3,0.5,ratio,0.05,0.026258809856969236,0.021440228467446653,0.3333333333333333,9
lisa,erm,True,0.020585224295965272,0.01923157698119249,0.00036985355318353274,0.017451201682677584,0.011730530002961485,0.01641613628897894,0.4217153231256097,3,0.5,ratio,0.1,0.026258809856969236,0.021440228467446653,0.3333333333333333,4
lisa,erm,True,0.020585224295965272,0.01923157698119249,0.00036985355318353274,0.017451201682677584,0.011730530002961485,0.01641613628897894,0.4217153231256097,3,0.5,ratio,0.2,0.026258809856969236,0.021440228467446653,0.3333333333333333,3
lisa,erm,True,0.020585224295965272,0.01923157698119249,0.00036985355318353274,0.017451201682677584,0.011730530002961485,0.01641613628897894,0.4217153231256097,3,0.5,design,0.02,0.026258809856969236,0.021440228467446653,0.3333333333333333,
lisa,erm,True,0.020585224295965272,0.01923157698119249,0.00036985355318353274,0.017451201682677584,0.011730530002961485,0.01641613628897894,0.4217153231256097,3,0.5,design,0.05,0.026258809856969236,0.021440228467446653,0.3333333333333333,
lisa,erm,True,0.020585224295965272,0.01923157698119249,0.00036985355318353274,0.017451201682677584,0.011730530002961485,0.01641613628897894,0.4217153231256097,3,0.5,design,0.1,0.026258809856969236,0.021440228467446653,0.3333333333333333,3
lisa,erm,True,0.020585224295965272,0.01923157698119249,0.00036985355318353274,0.017451201682677584,0.011730530002961485,0.01641613628897894,0.4217153231256097,3,0.5,design,0.2,0.026258809856969236,0.021440228467446653,0.3333333333333333,3
lisa,erm,True,0.020585224295965272,0.01923157698119249,0.00036985355318353274,0.017451201682677584,0.011730530002961485,0.01641613628897894,0.4217153231256097,5,0.0,none,0.02,0.020585224295965272,0.020585224295965272,0.0,11
lisa,erm,True,0.020585224295965272,0.01923157698119249,0.00036985355318353274,0.017451201682677584,0.011730530002961485,0.01641613628897894,0.4217153231256097,5,0.0,none,0.05,0.020585224295965272,0.020585224295965272,0.0,4
lisa,erm,True,0.020585224295965272,0.01923157698119249,0.00036985355318353274,0.017451201682677584,0.011730530002961485,0.01641613628897894,0.4217153231256097,5,0.0,none,0.1,0.020585224295965272,0.020585224295965272,0.0,3
lisa,erm,True,0.020585224295965272,0.01923157698119249,0.00036985355318353274,0.017451201682677584,0.011730530002961485,0.01641613628897894,0.4217153231256097,5,0.0,none,0.2,0.020585224295965272,0.020585224295965272,0.0,3
lisa,erm,True,0.020585224295965272,0.01923157698119249,0.00036985355318353274,0.017451201682677584,0.011730530002961485,0.01641613628897894,0.4217153231256097,5,0.25,ratio,0.02,0.022549983396407163,0.020585224295965272,0.16666666666666666,22
lisa,erm,True,0.020585224295965272,0.01923157698119249,0.00036985355318353274,0.017451201682677584,0.011730530002961485,0.01641613628897894,0.4217153231256097,5,0.25,ratio,0.05,0.022549983396407163,0.020585224295965272,0.16666666666666666,6
lisa,erm,True,0.020585224295965272,0.01923157698119249,0.00036985355318353274,0.017451201682677584,0.011730530002961485,0.01641613628897894,0.4217153231256097,5,0.25,ratio,0.1,0.022549983396407163,0.020585224295965272,0.16666666666666666,4
lisa,erm,True,0.020585224295965272,0.01923157698119249,0.00036985355318353274,0.017451201682677584,0.011730530002961485,0.01641613628897894,0.4217153231256097,5,0.25,ratio,0.2,0.022549983396407163,0.020585224295965272,0.16666666666666666,3
lisa,erm,True,0.020585224295965272,0.01923157698119249,0.00036985355318353274,0.017451201682677584,0.011730530002961485,0.01641613628897894,0.4217153231256097,5,0.25,design,0.02,0.022549983396407163,0.020585224295965272,0.16666666666666666,
lisa,erm,True,0.020585224295965272,0.01923157698119249,0.00036985355318353274,0.017451201682677584,0.011730530002961485,0.01641613628897894,0.4217153231256097,5,0.25,design,0.05,0.022549983396407163,0.020585224295965272,0.16666666666666666,5
lisa,erm,True,0.020585224295965272,0.01923157698119249,0.00036985355318353274,0.017451201682677584,0.011730530002961485,0.01641613628897894,0.4217153231256097,5,0.25,design,0.1,0.022549983396407163,0.020585224295965272,0.16666666666666666,3
lisa,erm,True,0.020585224295965272,0.01923157698119249,0.00036985355318353274,0.017451201682677584,0.011730530002961485,0.01641613628897894,0.4217153231256097,5,0.25,design,0.2,0.022549983396407163,0.020585224295965272,0.16666666666666666,3
lisa,erm,True,0.020585224295965272,0.01923157698119249,0.00036985355318353274,0.017451201682677584,0.011730530002961485,0.01641613628897894,0.4217153231256097,5,0.5,ratio,0.02,0.025211647882929,0.020585224295965272,0.3333333333333333,40
lisa,erm,True,0.020585224295965272,0.01923157698119249,0.00036985355318353274,0.017451201682677584,0.011730530002961485,0.01641613628897894,0.4217153231256097,5,0.5,ratio,0.05,0.025211647882929,0.020585224295965272,0.3333333333333333,9
lisa,erm,True,0.020585224295965272,0.01923157698119249,0.00036985355318353274,0.017451201682677584,0.011730530002961485,0.01641613628897894,0.4217153231256097,5,0.5,ratio,0.1,0.025211647882929,0.020585224295965272,0.3333333333333333,4
lisa,erm,True,0.020585224295965272,0.01923157698119249,0.00036985355318353274,0.017451201682677584,0.011730530002961485,0.01641613628897894,0.4217153231256097,5,0.5,ratio,0.2,0.025211647882929,0.020585224295965272,0.3333333333333333,3
lisa,erm,True,0.020585224295965272,0.01923157698119249,0.00036985355318353274,0.017451201682677584,0.011730530002961485,0.01641613628897894,0.4217153231256097,5,0.5,design,0.02,0.025211647882929,0.020585224295965272,0.3333333333333333,
lisa,erm,True,0.020585224295965272,0.01923157698119249,0.00036985355318353274,0.017451201682677584,0.011730530002961485,0.01641613628897894,0.4217153231256097,5,0.5,design,0.05,0.025211647882929,0.020585224295965272,0.3333333333333333,420
lisa,erm,True,0.020585224295965272,0.01923157698119249,0.00036985355318353274,0.017451201682677584,0.011730530002961485,0.01641613628897894,0.4217153231256097,5,0.5,design,0.1,0.025211647882929,0.020585224295965272,0.3333333333333333,3
lisa,erm,True,0.020585224295965272,0.01923157698119249,0.00036985355318353274,0.017451201682677584,0.011730530002961485,0.01641613628897894,0.4217153231256097,5,0.5,design,0.2,0.025211647882929,0.020585224295965272,0.3333333333333333,3
lisa,erm,True,0.020585224295965272,0.01923157698119249,0.00036985355318353274,0.017451201682677584,0.011730530002961485,0.01641613628897894,0.4217153231256097,10,0.0,none,0.02,0.019919902265055564,0.019919902265055564,0.0,10
lisa,erm,True,0.020585224295965272,0.01923157698119249,0.00036985355318353274,0.017451201682677584,0.011730530002961485,0.01641613628897894,0.4217153231256097,10,0.0,none,0.05,0.019919902265055564,0.019919902265055564,0.0,4
lisa,erm,True,0.020585224295965272,0.01923157698119249,0.00036985355318353274,0.017451201682677584,0.011730530002961485,0.01641613628897894,0.4217153231256097,10,0.0,none,0.1,0.019919902265055564,0.019919902265055564,0.0,3
lisa,erm,True,0.020585224295965272,0.01923157698119249,0.00036985355318353274,0.017451201682677584,0.011730530002961485,0.01641613628897894,0.4217153231256097,10,0.0,none,0.2,0.019919902265055564,0.019919902265055564,0.0,3
lisa,erm,True,0.020585224295965272,0.01923157698119249,0.00036985355318353274,0.017451201682677584,0.011730530002961485,0.01641613628897894,0.4217153231256097,10,0.25,ratio,0.02,0.021821159627738368,0.019919902265055564,0.16666666666666666,21
lisa,erm,True,0.020585224295965272,0.01923157698119249,0.00036985355318353274,0.017451201682677584,0.011730530002961485,0.01641613628897894,0.4217153231256097,10,0.25,ratio,0.05,0.021821159627738368,0.019919902265055564,0.16666666666666666,6
lisa,erm,True,0.020585224295965272,0.01923157698119249,0.00036985355318353274,0.017451201682677584,0.011730530002961485,0.01641613628897894,0.4217153231256097,10,0.25,ratio,0.1,0.021821159627738368,0.019919902265055564,0.16666666666666666,4
lisa,erm,True,0.020585224295965272,0.01923157698119249,0.00036985355318353274,0.017451201682677584,0.011730530002961485,0.01641613628897894,0.4217153231256097,10,0.25,ratio,0.2,0.021821159627738368,0.019919902265055564,0.16666666666666666,3
lisa,erm,True,0.020585224295965272,0.01923157698119249,0.00036985355318353274,0.017451201682677584,0.011730530002961485,0.01641613628897894,0.4217153231256097,10,0.25,design,0.02,0.021821159627738368,0.019919902265055564,0.16666666666666666,
lisa,erm,True,0.020585224295965272,0.01923157698119249,0.00036985355318353274,0.017451201682677584,0.011730530002961485,0.01641613628897894,0.4217153231256097,10,0.25,design,0.05,0.021821159627738368,0.019919902265055564,0.16666666666666666,5
lisa,erm,True,0.020585224295965272,0.01923157698119249,0.00036985355318353274,0.017451201682677584,0.011730530002961485,0.01641613628897894,0.4217153231256097,10,0.25,design,0.1,0.021821159627738368,0.019919902265055564,0.16666666666666666,3
lisa,erm,True,0.020585224295965272,0.01923157698119249,0.00036985355318353274,0.017451201682677584,0.011730530002961485,0.01641613628897894,0.4217153231256097,10,0.25,design,0.2,0.021821159627738368,0.019919902265055564,0.16666666666666666,3
lisa,erm,True,0.020585224295965272,0.01923157698119249,0.00036985355318353274,0.017451201682677584,0.011730530002961485,0.01641613628897894,0.4217153231256097,10,0.5,ratio,0.02,0.0243967981377485,0.019919902265055564,0.3333333333333333,38
lisa,erm,True,0.020585224295965272,0.01923157698119249,0.00036985355318353274,0.017451201682677584,0.011730530002961485,0.01641613628897894,0.4217153231256097,10,0.5,ratio,0.05,0.0243967981377485,0.019919902265055564,0.3333333333333333,8
lisa,erm,True,0.020585224295965272,0.01923157698119249,0.00036985355318353274,0.017451201682677584,0.011730530002961485,0.01641613628897894,0.4217153231256097,10,0.5,ratio,0.1,0.0243967981377485,0.019919902265055564,0.3333333333333333,4
lisa,erm,True,0.020585224295965272,0.01923157698119249,0.00036985355318353274,0.017451201682677584,0.011730530002961485,0.01641613628897894,0.4217153231256097,10,0.5,ratio,0.2,0.0243967981377485,0.019919902265055564,0.3333333333333333,3
lisa,erm,True,0.020585224295965272,0.01923157698119249,0.00036985355318353274,0.017451201682677584,0.011730530002961485,0.01641613628897894,0.4217153231256097,10,0.5,design,0.02,0.0243967981377485,0.019919902265055564,0.3333333333333333,
lisa,erm,True,0.020585224295965272,0.01923157698119249,0.00036985355318353274,0.017451201682677584,0.011730530002961485,0.01641613628897894,0.4217153231256097,10,0.5,design,0.05,0.0243967981377485,0.019919902265055564,0.3333333333333333,17
lisa,erm,True,0.020585224295965272,0.01923157698119249,0.00036985355318353274,0.017451201682677584,0.011730530002961485,0.01641613628897894,0.4217153231256097,10,0.5,design,0.1,0.0243967981377485,0.019919902265055564,0.3333333333333333,3
lisa,erm,True,0.020585224295965272,0.01923157698119249,0.00036985355318353274,0.017451201682677584,0.011730530002961485,0.01641613628897894,0.4217153231256097,10,0.5,design,0.2,0.0243967981377485,0.019919902265055564,0.3333333333333333,3
macenko,erm,True,0.013661352009743758,0.012409300257672807,0.00015399073288507837,0.0059085495737593785,0.011730530002961485,0.01277532892904356,0.06714187587296477,1,0.0,none,0.02,0.01781010281077388,0.01781010281077388,0.0,9
macenko,erm,True,0.013661352009743758,0.012409300257672807,0.00015399073288507837,0.0059085495737593785,0.011730530002961485,0.01277532892904356,0.06714187587296477,1,0.0,none,0.05,0.01781010281077388,0.01781010281077388,0.0,4
macenko,erm,True,0.013661352009743758,0.012409300257672807,0.00015399073288507837,0.0059085495737593785,0.011730530002961485,0.01277532892904356,0.06714187587296477,1,0.0,none,0.1,0.01781010281077388,0.01781010281077388,0.0,3
macenko,erm,True,0.013661352009743758,0.012409300257672807,0.00015399073288507837,0.0059085495737593785,0.011730530002961485,0.01277532892904356,0.06714187587296477,1,0.0,none,0.2,0.01781010281077388,0.01781010281077388,0.0,3
macenko,erm,True,0.013661352009743758,0.012409300257672807,0.00015399073288507837,0.0059085495737593785,0.011730530002961485,0.01277532892904356,0.06714187587296477,1,0.25,ratio,0.02,0.019509990121894034,0.01781010281077388,0.16666666666666666,17
macenko,erm,True,0.013661352009743758,0.012409300257672807,0.00015399073288507837,0.0059085495737593785,0.011730530002961485,0.01277532892904356,0.06714187587296477,1,0.25,ratio,0.05,0.019509990121894034,0.01781010281077388,0.16666666666666666,5
macenko,erm,True,0.013661352009743758,0.012409300257672807,0.00015399073288507837,0.0059085495737593785,0.011730530002961485,0.01277532892904356,0.06714187587296477,1,0.25,ratio,0.1,0.019509990121894034,0.01781010281077388,0.16666666666666666,3
macenko,erm,True,0.013661352009743758,0.012409300257672807,0.00015399073288507837,0.0059085495737593785,0.011730530002961485,0.01277532892904356,0.06714187587296477,1,0.25,ratio,0.2,0.019509990121894034,0.01781010281077388,0.16666666666666666,3
macenko,erm,True,0.013661352009743758,0.012409300257672807,0.00015399073288507837,0.0059085495737593785,0.011730530002961485,0.01277532892904356,0.06714187587296477,1,0.25,design,0.02,0.019509990121894034,0.01781010281077388,0.16666666666666666,
macenko,erm,True,0.013661352009743758,0.012409300257672807,0.00015399073288507837,0.0059085495737593785,0.011730530002961485,0.01277532892904356,0.06714187587296477,1,0.25,design,0.05,0.019509990121894034,0.01781010281077388,0.16666666666666666,4
macenko,erm,True,0.013661352009743758,0.012409300257672807,0.00015399073288507837,0.0059085495737593785,0.011730530002961485,0.01277532892904356,0.06714187587296477,1,0.25,design,0.1,0.019509990121894034,0.01781010281077388,0.16666666666666666,3
macenko,erm,True,0.013661352009743758,0.012409300257672807,0.00015399073288507837,0.0059085495737593785,0.011730530002961485,0.01277532892904356,0.06714187587296477,1,0.25,design,0.2,0.019509990121894034,0.01781010281077388,0.16666666666666666,3
macenko,erm,True,0.013661352009743758,0.012409300257672807,0.00015399073288507837,0.0059085495737593785,0.011730530002961485,0.01277532892904356,0.06714187587296477,1,0.5,ratio,0.02,0.021812832076452234,0.01781010281077388,0.3333333333333333,30
macenko,erm,True,0.013661352009743758,0.012409300257672807,0.00015399073288507837,0.0059085495737593785,0.011730530002961485,0.01277532892904356,0.06714187587296477,1,0.5,ratio,0.05,0.021812832076452234,0.01781010281077388,0.3333333333333333,7
macenko,erm,True,0.013661352009743758,0.012409300257672807,0.00015399073288507837,0.0059085495737593785,0.011730530002961485,0.01277532892904356,0.06714187587296477,1,0.5,ratio,0.1,0.021812832076452234,0.01781010281077388,0.3333333333333333,4
macenko,erm,True,0.013661352009743758,0.012409300257672807,0.00015399073288507837,0.0059085495737593785,0.011730530002961485,0.01277532892904356,0.06714187587296477,1,0.5,ratio,0.2,0.021812832076452234,0.01781010281077388,0.3333333333333333,3
macenko,erm,True,0.013661352009743758,0.012409300257672807,0.00015399073288507837,0.0059085495737593785,0.011730530002961485,0.01277532892904356,0.06714187587296477,1,0.5,design,0.02,0.021812832076452234,0.01781010281077388,0.3333333333333333,
macenko,erm,True,0.013661352009743758,0.012409300257672807,0.00015399073288507837,0.0059085495737593785,0.011730530002961485,0.01277532892904356,0.06714187587296477,1,0.5,design,0.05,0.021812832076452234,0.01781010281077388,0.3333333333333333,6
macenko,erm,True,0.013661352009743758,0.012409300257672807,0.00015399073288507837,0.0059085495737593785,0.011730530002961485,0.01277532892904356,0.06714187587296477,1,0.5,design,0.1,0.021812832076452234,0.01781010281077388,0.3333333333333333,3
macenko,erm,True,0.013661352009743758,0.012409300257672807,0.00015399073288507837,0.0059085495737593785,0.011730530002961485,0.01277532892904356,0.06714187587296477,1,0.5,design,0.2,0.021812832076452234,0.01781010281077388,0.3333333333333333,3
macenko,erm,True,0.013661352009743758,0.012409300257672807,0.00015399073288507837,0.0059085495737593785,0.011730530002961485,0.01277532892904356,0.06714187587296477,3,0.0,none,0.02,0.014435849217607445,0.014435849217607445,0.0,7
macenko,erm,True,0.013661352009743758,0.012409300257672807,0.00015399073288507837,0.0059085495737593785,0.011730530002961485,0.01277532892904356,0.06714187587296477,3,0.0,none,0.05,0.014435849217607445,0.014435849217607445,0.0,3
macenko,erm,True,0.013661352009743758,0.012409300257672807,0.00015399073288507837,0.0059085495737593785,0.011730530002961485,0.01277532892904356,0.06714187587296477,3,0.0,none,0.1,0.014435849217607445,0.014435849217607445,0.0,3
macenko,erm,True,0.013661352009743758,0.012409300257672807,0.00015399073288507837,0.0059085495737593785,0.011730530002961485,0.01277532892904356,0.06714187587296477,3,0.0,none,0.2,0.014435849217607445,0.014435849217607445,0.0,2
macenko,erm,True,0.013661352009743758,0.012409300257672807,0.00015399073288507837,0.0059085495737593785,0.011730530002961485,0.01277532892904356,0.06714187587296477,3,0.25,ratio,0.02,0.015813680506453803,0.014435849217607445,0.16666666666666666,12
macenko,erm,True,0.013661352009743758,0.012409300257672807,0.00015399073288507837,0.0059085495737593785,0.011730530002961485,0.01277532892904356,0.06714187587296477,3,0.25,ratio,0.05,0.015813680506453803,0.014435849217607445,0.16666666666666666,4
macenko,erm,True,0.013661352009743758,0.012409300257672807,0.00015399073288507837,0.0059085495737593785,0.011730530002961485,0.01277532892904356,0.06714187587296477,3,0.25,ratio,0.1,0.015813680506453803,0.014435849217607445,0.16666666666666666,3
macenko,erm,True,0.013661352009743758,0.012409300257672807,0.00015399073288507837,0.0059085495737593785,0.011730530002961485,0.01277532892904356,0.06714187587296477,3,0.25,ratio,0.2,0.015813680506453803,0.014435849217607445,0.16666666666666666,3
macenko,erm,True,0.013661352009743758,0.012409300257672807,0.00015399073288507837,0.0059085495737593785,0.011730530002961485,0.01277532892904356,0.06714187587296477,3,0.25,design,0.02,0.015813680506453803,0.014435849217607445,0.16666666666666666,
macenko,erm,True,0.013661352009743758,0.012409300257672807,0.00015399073288507837,0.0059085495737593785,0.011730530002961485,0.01277532892904356,0.06714187587296477,3,0.25,design,0.05,0.015813680506453803,0.014435849217607445,0.16666666666666666,4
macenko,erm,True,0.013661352009743758,0.012409300257672807,0.00015399073288507837,0.0059085495737593785,0.011730530002961485,0.01277532892904356,0.06714187587296477,3,0.25,design,0.1,0.015813680506453803,0.014435849217607445,0.16666666666666666,3
macenko,erm,True,0.013661352009743758,0.012409300257672807,0.00015399073288507837,0.0059085495737593785,0.011730530002961485,0.01277532892904356,0.06714187587296477,3,0.25,design,0.2,0.015813680506453803,0.014435849217607445,0.16666666666666666,3
macenko,erm,True,0.013661352009743758,0.012409300257672807,0.00015399073288507837,0.0059085495737593785,0.011730530002961485,0.01277532892904356,0.06714187587296477,3,0.5,ratio,0.02,0.017680232293447,0.014435849217607445,0.3333333333333333,21
macenko,erm,True,0.013661352009743758,0.012409300257672807,0.00015399073288507837,0.0059085495737593785,0.011730530002961485,0.01277532892904356,0.06714187587296477,3,0.5,ratio,0.05,0.017680232293447,0.014435849217607445,0.3333333333333333,6
macenko,erm,True,0.013661352009743758,0.012409300257672807,0.00015399073288507837,0.0059085495737593785,0.011730530002961485,0.01277532892904356,0.06714187587296477,3,0.5,ratio,0.1,0.017680232293447,0.014435849217607445,0.3333333333333333,3
macenko,erm,True,0.013661352009743758,0.012409300257672807,0.00015399073288507837,0.0059085495737593785,0.011730530002961485,0.01277532892904356,0.06714187587296477,3,0.5,ratio,0.2,0.017680232293447,0.014435849217607445,0.3333333333333333,3
macenko,erm,True,0.013661352009743758,0.012409300257672807,0.00015399073288507837,0.0059085495737593785,0.011730530002961485,0.01277532892904356,0.06714187587296477,3,0.5,design,0.02,0.017680232293447,0.014435849217607445,0.3333333333333333,
macenko,erm,True,0.013661352009743758,0.012409300257672807,0.00015399073288507837,0.0059085495737593785,0.011730530002961485,0.01277532892904356,0.06714187587296477,3,0.5,design,0.05,0.017680232293447,0.014435849217607445,0.3333333333333333,4
macenko,erm,True,0.013661352009743758,0.012409300257672807,0.00015399073288507837,0.0059085495737593785,0.011730530002961485,0.01277532892904356,0.06714187587296477,3,0.5,design,0.1,0.017680232293447,0.014435849217607445,0.3333333333333333,3
macenko,erm,True,0.013661352009743758,0.012409300257672807,0.00015399073288507837,0.0059085495737593785,0.011730530002961485,0.01277532892904356,0.06714187587296477,3,0.5,design,0.2,0.017680232293447,0.014435849217607445,0.3333333333333333,3
macenko,erm,True,0.013661352009743758,0.012409300257672807,0.00015399073288507837,0.0059085495737593785,0.011730530002961485,0.01277532892904356,0.06714187587296477,5,0.0,none,0.02,0.01366135200974376,0.01366135200974376,0.0,6
macenko,erm,True,0.013661352009743758,0.012409300257672807,0.00015399073288507837,0.0059085495737593785,0.011730530002961485,0.01277532892904356,0.06714187587296477,5,0.0,none,0.05,0.01366135200974376,0.01366135200974376,0.0,3
macenko,erm,True,0.013661352009743758,0.012409300257672807,0.00015399073288507837,0.0059085495737593785,0.011730530002961485,0.01277532892904356,0.06714187587296477,5,0.0,none,0.1,0.01366135200974376,0.01366135200974376,0.0,3
macenko,erm,True,0.013661352009743758,0.012409300257672807,0.00015399073288507837,0.0059085495737593785,0.011730530002961485,0.01277532892904356,0.06714187587296477,5,0.0,none,0.2,0.01366135200974376,0.01366135200974376,0.0,2
macenko,erm,True,0.013661352009743758,0.012409300257672807,0.00015399073288507837,0.0059085495737593785,0.011730530002961485,0.01277532892904356,0.06714187587296477,5,0.25,ratio,0.02,0.014965261323510386,0.01366135200974376,0.16666666666666666,11
macenko,erm,True,0.013661352009743758,0.012409300257672807,0.00015399073288507837,0.0059085495737593785,0.011730530002961485,0.01277532892904356,0.06714187587296477,5,0.25,ratio,0.05,0.014965261323510386,0.01366135200974376,0.16666666666666666,4
macenko,erm,True,0.013661352009743758,0.012409300257672807,0.00015399073288507837,0.0059085495737593785,0.011730530002961485,0.01277532892904356,0.06714187587296477,5,0.25,ratio,0.1,0.014965261323510386,0.01366135200974376,0.16666666666666666,3
macenko,erm,True,0.013661352009743758,0.012409300257672807,0.00015399073288507837,0.0059085495737593785,0.011730530002961485,0.01277532892904356,0.06714187587296477,5,0.25,ratio,0.2,0.014965261323510386,0.01366135200974376,0.16666666666666666,3
macenko,erm,True,0.013661352009743758,0.012409300257672807,0.00015399073288507837,0.0059085495737593785,0.011730530002961485,0.01277532892904356,0.06714187587296477,5,0.25,design,0.02,0.014965261323510386,0.01366135200974376,0.16666666666666666,
macenko,erm,True,0.013661352009743758,0.012409300257672807,0.00015399073288507837,0.0059085495737593785,0.011730530002961485,0.01277532892904356,0.06714187587296477,5,0.25,design,0.05,0.014965261323510386,0.01366135200974376,0.16666666666666666,3
macenko,erm,True,0.013661352009743758,0.012409300257672807,0.00015399073288507837,0.0059085495737593785,0.011730530002961485,0.01277532892904356,0.06714187587296477,5,0.25,design,0.1,0.014965261323510386,0.01366135200974376,0.16666666666666666,3
macenko,erm,True,0.013661352009743758,0.012409300257672807,0.00015399073288507837,0.0059085495737593785,0.011730530002961485,0.01277532892904356,0.06714187587296477,5,0.25,design,0.2,0.014965261323510386,0.01366135200974376,0.16666666666666666,3
macenko,erm,True,0.013661352009743758,0.012409300257672807,0.00015399073288507837,0.0059085495737593785,0.011730530002961485,0.01277532892904356,0.06714187587296477,5,0.5,ratio,0.02,0.01673167081020885,0.01366135200974376,0.3333333333333333,19
macenko,erm,True,0.013661352009743758,0.012409300257672807,0.00015399073288507837,0.0059085495737593785,0.011730530002961485,0.01277532892904356,0.06714187587296477,5,0.5,ratio,0.05,0.01673167081020885,0.01366135200974376,0.3333333333333333,5
macenko,erm,True,0.013661352009743758,0.012409300257672807,0.00015399073288507837,0.0059085495737593785,0.011730530002961485,0.01277532892904356,0.06714187587296477,5,0.5,ratio,0.1,0.01673167081020885,0.01366135200974376,0.3333333333333333,3
macenko,erm,True,0.013661352009743758,0.012409300257672807,0.00015399073288507837,0.0059085495737593785,0.011730530002961485,0.01277532892904356,0.06714187587296477,5,0.5,ratio,0.2,0.01673167081020885,0.01366135200974376,0.3333333333333333,3
macenko,erm,True,0.013661352009743758,0.012409300257672807,0.00015399073288507837,0.0059085495737593785,0.011730530002961485,0.01277532892904356,0.06714187587296477,5,0.5,design,0.02,0.01673167081020885,0.01366135200974376,0.3333333333333333,
macenko,erm,True,0.013661352009743758,0.012409300257672807,0.00015399073288507837,0.0059085495737593785,0.011730530002961485,0.01277532892904356,0.06714187587296477,5,0.5,design,0.05,0.01673167081020885,0.01366135200974376,0.3333333333333333,4
macenko,erm,True,0.013661352009743758,0.012409300257672807,0.00015399073288507837,0.0059085495737593785,0.011730530002961485,0.01277532892904356,0.06714187587296477,5,0.5,design,0.1,0.01673167081020885,0.01366135200974376,0.3333333333333333,3
macenko,erm,True,0.013661352009743758,0.012409300257672807,0.00015399073288507837,0.0059085495737593785,0.011730530002961485,0.01277532892904356,0.06714187587296477,5,0.5,design,0.2,0.01673167081020885,0.01366135200974376,0.3333333333333333,3
macenko,erm,True,0.013661352009743758,0.012409300257672807,0.00015399073288507837,0.0059085495737593785,0.011730530002961485,0.01277532892904356,0.06714187587296477,10,0.0,none,0.02,0.013050350026325121,0.013050350026325121,0.0,6
macenko,erm,True,0.013661352009743758,0.012409300257672807,0.00015399073288507837,0.0059085495737593785,0.011730530002961485,0.01277532892904356,0.06714187587296477,10,0.0,none,0.05,0.013050350026325121,0.013050350026325121,0.0,3
macenko,erm,True,0.013661352009743758,0.012409300257672807,0.00015399073288507837,0.0059085495737593785,0.011730530002961485,0.01277532892904356,0.06714187587296477,10,0.0,none,0.1,0.013050350026325121,0.013050350026325121,0.0,3
macenko,erm,True,0.013661352009743758,0.012409300257672807,0.00015399073288507837,0.0059085495737593785,0.011730530002961485,0.01277532892904356,0.06714187587296477,10,0.0,none,0.2,0.013050350026325121,0.013050350026325121,0.0,2
macenko,erm,True,0.013661352009743758,0.012409300257672807,0.00015399073288507837,0.0059085495737593785,0.011730530002961485,0.01277532892904356,0.06714187587296477,10,0.25,ratio,0.02,0.014295942185512814,0.013050350026325121,0.16666666666666666,11
macenko,erm,True,0.013661352009743758,0.012409300257672807,0.00015399073288507837,0.0059085495737593785,0.011730530002961485,0.01277532892904356,0.06714187587296477,10,0.25,ratio,0.05,0.014295942185512814,0.013050350026325121,0.16666666666666666,4
macenko,erm,True,0.013661352009743758,0.012409300257672807,0.00015399073288507837,0.0059085495737593785,0.011730530002961485,0.01277532892904356,0.06714187587296477,10,0.25,ratio,0.1,0.014295942185512814,0.013050350026325121,0.16666666666666666,3
macenko,erm,True,0.013661352009743758,0.012409300257672807,0.00015399073288507837,0.0059085495737593785,0.011730530002961485,0.01277532892904356,0.06714187587296477,10,0.25,ratio,0.2,0.014295942185512814,0.013050350026325121,0.16666666666666666,3
macenko,erm,True,0.013661352009743758,0.012409300257672807,0.00015399073288507837,0.0059085495737593785,0.011730530002961485,0.01277532892904356,0.06714187587296477,10,0.25,design,0.02,0.014295942185512814,0.013050350026325121,0.16666666666666666,
macenko,erm,True,0.013661352009743758,0.012409300257672807,0.00015399073288507837,0.0059085495737593785,0.011730530002961485,0.01277532892904356,0.06714187587296477,10,0.25,design,0.05,0.014295942185512814,0.013050350026325121,0.16666666666666666,3
macenko,erm,True,0.013661352009743758,0.012409300257672807,0.00015399073288507837,0.0059085495737593785,0.011730530002961485,0.01277532892904356,0.06714187587296477,10,0.25,design,0.1,0.014295942185512814,0.013050350026325121,0.16666666666666666,3
macenko,erm,True,0.013661352009743758,0.012409300257672807,0.00015399073288507837,0.0059085495737593785,0.011730530002961485,0.01277532892904356,0.06714187587296477,10,0.25,design,0.2,0.014295942185512814,0.013050350026325121,0.16666666666666666,3
macenko,erm,True,0.013661352009743758,0.012409300257672807,0.00015399073288507837,0.0059085495737593785,0.011730530002961485,0.01277532892904356,0.06714187587296477,10,0.5,ratio,0.02,0.015983349264606782,0.013050350026325121,0.3333333333333333,18
macenko,erm,True,0.013661352009743758,0.012409300257672807,0.00015399073288507837,0.0059085495737593785,0.011730530002961485,0.01277532892904356,0.06714187587296477,10,0.5,ratio,0.05,0.015983349264606782,0.013050350026325121,0.3333333333333333,5
macenko,erm,True,0.013661352009743758,0.012409300257672807,0.00015399073288507837,0.0059085495737593785,0.011730530002961485,0.01277532892904356,0.06714187587296477,10,0.5,ratio,0.1,0.015983349264606782,0.013050350026325121,0.3333333333333333,3
macenko,erm,True,0.013661352009743758,0.012409300257672807,0.00015399073288507837,0.0059085495737593785,0.011730530002961485,0.01277532892904356,0.06714187587296477,10,0.5,ratio,0.2,0.015983349264606782,0.013050350026325121,0.3333333333333333,3
macenko,erm,True,0.013661352009743758,0.012409300257672807,0.00015399073288507837,0.0059085495737593785,0.011730530002961485,0.01277532892904356,0.06714187587296477,10,0.5,design,0.02,0.015983349264606782,0.013050350026325121,0.3333333333333333,
macenko,erm,True,0.013661352009743758,0.012409300257672807,0.00015399073288507837,0.0059085495737593785,0.011730530002961485,0.01277532892904356,0.06714187587296477,10,0.5,design,0.05,0.015983349264606782,0.013050350026325121,0.3333333333333333,4
macenko,erm,True,0.013661352009743758,0.012409300257672807,0.00015399073288507837,0.0059085495737593785,0.011730530002961485,0.01277532892904356,0.06714187587296477,10,0.5,design,0.1,0.015983349264606782,0.013050350026325121,0.3333333333333333,3
macenko,erm,True,0.013661352009743758,0.012409300257672807,0.00015399073288507837,0.0059085495737593785,0.011730530002961485,0.01277532892904356,0.06714187587296477,10,0.5,design,0.2,0.015983349264606782,0.013050350026325121,0.3333333333333333,3
macenko_tile,erm,True,0.02388887941794831,0.023429460616794583,0.0005489396247939284,0.006319683875523949,0.011730530002961485,0.010425673851446224,0.46436026512933937,1,0.0,none,0.02,0.02564438145190205,0.02564438145190205,0.0,15
macenko_tile,erm,True,0.02388887941794831,0.023429460616794583,0.0005489396247939284,0.006319683875523949,0.011730530002961485,0.010425673851446224,0.46436026512933937,1,0.0,none,0.05,0.02564438145190205,0.02564438145190205,0.0,5
macenko_tile,erm,True,0.02388887941794831,0.023429460616794583,0.0005489396247939284,0.006319683875523949,0.011730530002961485,0.010425673851446224,0.46436026512933937,1,0.0,none,0.1,0.02564438145190205,0.02564438145190205,0.0,3
macenko_tile,erm,True,0.02388887941794831,0.023429460616794583,0.0005489396247939284,0.006319683875523949,0.011730530002961485,0.010425673851446224,0.46436026512933937,1,0.0,none,0.2,0.02564438145190205,0.02564438145190205,0.0,3
macenko_tile,erm,True,0.02388887941794831,0.023429460616794583,0.0005489396247939284,0.006319683875523949,0.011730530002961485,0.010425673851446224,0.46436026512933937,1,0.25,ratio,0.02,0.028092012388947672,0.02564438145190205,0.16666666666666666,33
macenko_tile,erm,True,0.02388887941794831,0.023429460616794583,0.0005489396247939284,0.006319683875523949,0.011730530002961485,0.010425673851446224,0.46436026512933937,1,0.25,ratio,0.05,0.028092012388947672,0.02564438145190205,0.16666666666666666,8
macenko_tile,erm,True,0.02388887941794831,0.023429460616794583,0.0005489396247939284,0.006319683875523949,0.011730530002961485,0.010425673851446224,0.46436026512933937,1,0.25,ratio,0.1,0.028092012388947672,0.02564438145190205,0.16666666666666666,4
macenko_tile,erm,True,0.02388887941794831,0.023429460616794583,0.0005489396247939284,0.006319683875523949,0.011730530002961485,0.010425673851446224,0.46436026512933937,1,0.25,ratio,0.2,0.028092012388947672,0.02564438145190205,0.16666666666666666,3
macenko_tile,erm,True,0.02388887941794831,0.023429460616794583,0.0005489396247939284,0.006319683875523949,0.011730530002961485,0.010425673851446224,0.46436026512933937,1,0.25,design,0.02,0.028092012388947672,0.02564438145190205,0.16666666666666666,
macenko_tile,erm,True,0.02388887941794831,0.023429460616794583,0.0005489396247939284,0.006319683875523949,0.011730530002961485,0.010425673851446224,0.46436026512933937,1,0.25,design,0.05,0.028092012388947672,0.02564438145190205,0.16666666666666666,8
macenko_tile,erm,True,0.02388887941794831,0.023429460616794583,0.0005489396247939284,0.006319683875523949,0.011730530002961485,0.010425673851446224,0.46436026512933937,1,0.25,design,0.1,0.028092012388947672,0.02564438145190205,0.16666666666666666,3
macenko_tile,erm,True,0.02388887941794831,0.023429460616794583,0.0005489396247939284,0.006319683875523949,0.011730530002961485,0.010425673851446224,0.46436026512933937,1,0.25,design,0.2,0.028092012388947672,0.02564438145190205,0.16666666666666666,3
macenko_tile,erm,True,0.02388887941794831,0.023429460616794583,0.0005489396247939284,0.006319683875523949,0.011730530002961485,0.010425673851446224,0.46436026512933937,1,0.5,ratio,0.02,0.03140782466322663,0.02564438145190205,0.3333333333333333,61
macenko_tile,erm,True,0.02388887941794831,0.023429460616794583,0.0005489396247939284,0.006319683875523949,0.011730530002961485,0.010425673851446224,0.46436026512933937,1,0.5,ratio,0.05,0.03140782466322663,0.02564438145190205,0.3333333333333333,12
macenko_tile,erm,True,0.02388887941794831,0.023429460616794583,0.0005489396247939284,0.006319683875523949,0.011730530002961485,0.010425673851446224,0.46436026512933937,1,0.5,ratio,0.1,0.03140782466322663,0.02564438145190205,0.3333333333333333,5
macenko_tile,erm,True,0.02388887941794831,0.023429460616794583,0.0005489396247939284,0.006319683875523949,0.011730530002961485,0.010425673851446224,0.46436026512933937,1,0.5,ratio,0.2,0.03140782466322663,0.02564438145190205,0.3333333333333333,3
macenko_tile,erm,True,0.02388887941794831,0.023429460616794583,0.0005489396247939284,0.006319683875523949,0.011730530002961485,0.010425673851446224,0.46436026512933937,1,0.5,design,0.02,0.03140782466322663,0.02564438145190205,0.3333333333333333,
macenko_tile,erm,True,0.02388887941794831,0.023429460616794583,0.0005489396247939284,0.006319683875523949,0.011730530002961485,0.010425673851446224,0.46436026512933937,1,0.5,design,0.05,0.03140782466322663,0.02564438145190205,0.3333333333333333,
macenko_tile,erm,True,0.02388887941794831,0.023429460616794583,0.0005489396247939284,0.006319683875523949,0.011730530002961485,0.010425673851446224,0.46436026512933937,1,0.5,design,0.1,0.03140782466322663,0.02564438145190205,0.3333333333333333,4
macenko_tile,erm,True,0.02388887941794831,0.023429460616794583,0.0005489396247939284,0.006319683875523949,0.011730530002961485,0.010425673851446224,0.46436026512933937,1,0.5,design,0.2,0.03140782466322663,0.02564438145190205,0.3333333333333333,3
macenko_tile,erm,True,0.02388887941794831,0.023429460616794583,0.0005489396247939284,0.006319683875523949,0.011730530002961485,0.010425673851446224,0.46436026512933937,3,0.0,none,0.02,0.02419031176344857,0.02419031176344857,0.0,14
macenko_tile,erm,True,0.02388887941794831,0.023429460616794583,0.0005489396247939284,0.006319683875523949,0.011730530002961485,0.010425673851446224,0.46436026512933937,3,0.0,none,0.05,0.02419031176344857,0.02419031176344857,0.0,5
macenko_tile,erm,True,0.02388887941794831,0.023429460616794583,0.0005489396247939284,0.006319683875523949,0.011730530002961485,0.010425673851446224,0.46436026512933937,3,0.0,none,0.1,0.02419031176344857,0.02419031176344857,0.0,3
macenko_tile,erm,True,0.02388887941794831,0.023429460616794583,0.0005489396247939284,0.006319683875523949,0.011730530002961485,0.010425673851446224,0.46436026512933937,3,0.0,none,0.2,0.02419031176344857,0.02419031176344857,0.0,3
macenko_tile,erm,True,0.02388887941794831,0.023429460616794583,0.0005489396247939284,0.006319683875523949,0.011730530002961485,0.010425673851446224,0.46436026512933937,3,0.25,ratio,0.02,0.02649915885184671,0.02419031176344857,0.16666666666666666,30
macenko_tile,erm,True,0.02388887941794831,0.023429460616794583,0.0005489396247939284,0.006319683875523949,0.011730530002961485,0.010425673851446224,0.46436026512933937,3,0.25,ratio,0.05,0.02649915885184671,0.02419031176344857,0.16666666666666666,7
macenko_tile,erm,True,0.02388887941794831,0.023429460616794583,0.0005489396247939284,0.006319683875523949,0.011730530002961485,0.010425673851446224,0.46436026512933937,3,0.25,ratio,0.1,0.02649915885184671,0.02419031176344857,0.16666666666666666,4
macenko_tile,erm,True,0.02388887941794831,0.023429460616794583,0.0005489396247939284,0.006319683875523949,0.011730530002961485,0.010425673851446224,0.46436026512933937,3,0.25,ratio,0.2,0.02649915885184671,0.02419031176344857,0.16666666666666666,3
macenko_tile,erm,True,0.02388887941794831,0.023429460616794583,0.0005489396247939284,0.006319683875523949,0.011730530002961485,0.010425673851446224,0.46436026512933937,3,0.25,design,0.02,0.02649915885184671,0.02419031176344857,0.16666666666666666,
macenko_tile,erm,True,0.02388887941794831,0.023429460616794583,0.0005489396247939284,0.006319683875523949,0.011730530002961485,0.010425673851446224,0.46436026512933937,3,0.25,design,0.05,0.02649915885184671,0.02419031176344857,0.16666666666666666,7
macenko_tile,erm,True,0.02388887941794831,0.023429460616794583,0.0005489396247939284,0.006319683875523949,0.011730530002961485,0.010425673851446224,0.46436026512933937,3,0.25,design,0.1,0.02649915885184671,0.02419031176344857,0.16666666666666666,3
macenko_tile,erm,True,0.02388887941794831,0.023429460616794583,0.0005489396247939284,0.006319683875523949,0.011730530002961485,0.010425673851446224,0.46436026512933937,3,0.25,design,0.2,0.02649915885184671,0.02419031176344857,0.16666666666666666,3
macenko_tile,erm,True,0.02388887941794831,0.023429460616794583,0.0005489396247939284,0.006319683875523949,0.011730530002961485,0.010425673851446224,0.46436026512933937,3,0.5,ratio,0.02,0.029626960269647264,0.02419031176344857,0.3333333333333333,54
macenko_tile,erm,True,0.02388887941794831,0.023429460616794583,0.0005489396247939284,0.006319683875523949,0.011730530002961485,0.010425673851446224,0.46436026512933937,3,0.5,ratio,0.05,0.029626960269647264,0.02419031176344857,0.3333333333333333,11
macenko_tile,erm,True,0.02388887941794831,0.023429460616794583,0.0005489396247939284,0.006319683875523949,0.011730530002961485,0.010425673851446224,0.46436026512933937,3,0.5,ratio,0.1,0.029626960269647264,0.02419031176344857,0.3333333333333333,5
macenko_tile,erm,True,0.02388887941794831,0.023429460616794583,0.0005489396247939284,0.006319683875523949,0.011730530002961485,0.010425673851446224,0.46436026512933937,3,0.5,ratio,0.2,0.029626960269647264,0.02419031176344857,0.3333333333333333,3
macenko_tile,erm,True,0.02388887941794831,0.023429460616794583,0.0005489396247939284,0.006319683875523949,0.011730530002961485,0.010425673851446224,0.46436026512933937,3,0.5,design,0.02,0.029626960269647264,0.02419031176344857,0.3333333333333333,
macenko_tile,erm,True,0.02388887941794831,0.023429460616794583,0.0005489396247939284,0.006319683875523949,0.011730530002961485,0.010425673851446224,0.46436026512933937,3,0.5,design,0.05,0.029626960269647264,0.02419031176344857,0.3333333333333333,
macenko_tile,erm,True,0.02388887941794831,0.023429460616794583,0.0005489396247939284,0.006319683875523949,0.011730530002961485,0.010425673851446224,0.46436026512933937,3,0.5,design,0.1,0.029626960269647264,0.02419031176344857,0.3333333333333333,3
macenko_tile,erm,True,0.02388887941794831,0.023429460616794583,0.0005489396247939284,0.006319683875523949,0.011730530002961485,0.010425673851446224,0.46436026512933937,3,0.5,design,0.2,0.029626960269647264,0.02419031176344857,0.3333333333333333,3
macenko_tile,erm,True,0.02388887941794831,0.023429460616794583,0.0005489396247939284,0.006319683875523949,0.011730530002961485,0.010425673851446224,0.46436026512933937,5,0.0,none,0.02,0.02388887941794831,0.02388887941794831,0.0,14
macenko_tile,erm,True,0.02388887941794831,0.023429460616794583,0.0005489396247939284,0.006319683875523949,0.011730530002961485,0.010425673851446224,0.46436026512933937,5,0.0,none,0.05,0.02388887941794831,0.02388887941794831,0.0,5
macenko_tile,erm,True,0.02388887941794831,0.023429460616794583,0.0005489396247939284,0.006319683875523949,0.011730530002961485,0.010425673851446224,0.46436026512933937,5,0.0,none,0.1,0.02388887941794831,0.02388887941794831,0.0,3
macenko_tile,erm,True,0.02388887941794831,0.023429460616794583,0.0005489396247939284,0.006319683875523949,0.011730530002961485,0.010425673851446224,0.46436026512933937,5,0.0,none,0.2,0.02388887941794831,0.02388887941794831,0.0,3
macenko_tile,erm,True,0.02388887941794831,0.023429460616794583,0.0005489396247939284,0.006319683875523949,0.011730530002961485,0.010425673851446224,0.46436026512933937,5,0.25,ratio,0.02,0.02616895626146234,0.02388887941794831,0.16666666666666666,29
macenko_tile,erm,True,0.02388887941794831,0.023429460616794583,0.0005489396247939284,0.006319683875523949,0.011730530002961485,0.010425673851446224,0.46436026512933937,5,0.25,ratio,0.05,0.02616895626146234,0.02388887941794831,0.16666666666666666,7
macenko_tile,erm,True,0.02388887941794831,0.023429460616794583,0.0005489396247939284,0.006319683875523949,0.011730530002961485,0.010425673851446224,0.46436026512933937,5,0.25,ratio,0.1,0.02616895626146234,0.02388887941794831,0.16666666666666666,4
macenko_tile,erm,True,0.02388887941794831,0.023429460616794583,0.0005489396247939284,0.006319683875523949,0.011730530002961485,0.010425673851446224,0.46436026512933937,5,0.25,ratio,0.2,0.02616895626146234,0.02388887941794831,0.16666666666666666,3
macenko_tile,erm,True,0.02388887941794831,0.023429460616794583,0.0005489396247939284,0.006319683875523949,0.011730530002961485,0.010425673851446224,0.46436026512933937,5,0.25,design,0.02,0.02616895626146234,0.02388887941794831,0.16666666666666666,
macenko_tile,erm,True,0.02388887941794831,0.023429460616794583,0.0005489396247939284,0.006319683875523949,0.011730530002961485,0.010425673851446224,0.46436026512933937,5,0.25,design,0.05,0.02616895626146234,0.02388887941794831,0.16666666666666666,6
macenko_tile,erm,True,0.02388887941794831,0.023429460616794583,0.0005489396247939284,0.006319683875523949,0.011730530002961485,0.010425673851446224,0.46436026512933937,5,0.25,design,0.1,0.02616895626146234,0.02388887941794831,0.16666666666666666,3
macenko_tile,erm,True,0.02388887941794831,0.023429460616794583,0.0005489396247939284,0.006319683875523949,0.011730530002961485,0.010425673851446224,0.46436026512933937,5,0.25,design,0.2,0.02616895626146234,0.02388887941794831,0.16666666666666666,3
macenko_tile,erm,True,0.02388887941794831,0.023429460616794583,0.0005489396247939284,0.006319683875523949,0.011730530002961485,0.010425673851446224,0.46436026512933937,5,0.5,ratio,0.02,0.029257782550424282,0.02388887941794831,0.3333333333333333,53
macenko_tile,erm,True,0.02388887941794831,0.023429460616794583,0.0005489396247939284,0.006319683875523949,0.011730530002961485,0.010425673851446224,0.46436026512933937,5,0.5,ratio,0.05,0.029257782550424282,0.02388887941794831,0.3333333333333333,11
macenko_tile,erm,True,0.02388887941794831,0.023429460616794583,0.0005489396247939284,0.006319683875523949,0.011730530002961485,0.010425673851446224,0.46436026512933937,5,0.5,ratio,0.1,0.029257782550424282,0.02388887941794831,0.3333333333333333,5
macenko_tile,erm,True,0.02388887941794831,0.023429460616794583,0.0005489396247939284,0.006319683875523949,0.011730530002961485,0.010425673851446224,0.46436026512933937,5,0.5,ratio,0.2,0.029257782550424282,0.02388887941794831,0.3333333333333333,3
macenko_tile,erm,True,0.02388887941794831,0.023429460616794583,0.0005489396247939284,0.006319683875523949,0.011730530002961485,0.010425673851446224,0.46436026512933937,5,0.5,design,0.02,0.029257782550424282,0.02388887941794831,0.3333333333333333,
macenko_tile,erm,True,0.02388887941794831,0.023429460616794583,0.0005489396247939284,0.006319683875523949,0.011730530002961485,0.010425673851446224,0.46436026512933937,5,0.5,design,0.05,0.029257782550424282,0.02388887941794831,0.3333333333333333,
macenko_tile,erm,True,0.02388887941794831,0.023429460616794583,0.0005489396247939284,0.006319683875523949,0.011730530002961485,0.010425673851446224,0.46436026512933937,5,0.5,design,0.1,0.029257782550424282,0.02388887941794831,0.3333333333333333,3
macenko_tile,erm,True,0.02388887941794831,0.023429460616794583,0.0005489396247939284,0.006319683875523949,0.011730530002961485,0.010425673851446224,0.46436026512933937,5,0.5,design,0.2,0.029257782550424282,0.02388887941794831,0.3333333333333333,3
macenko_tile,erm,True,0.02388887941794831,0.023429460616794583,0.0005489396247939284,0.006319683875523949,0.011730530002961485,0.010425673851446224,0.46436026512933937,10,0.0,none,0.02,0.02366028512760574,0.02366028512760574,0.0,14
macenko_tile,erm,True,0.02388887941794831,0.023429460616794583,0.0005489396247939284,0.006319683875523949,0.011730530002961485,0.010425673851446224,0.46436026512933937,10,0.0,none,0.05,0.02366028512760574,0.02366028512760574,0.0,5
macenko_tile,erm,True,0.02388887941794831,0.023429460616794583,0.0005489396247939284,0.006319683875523949,0.011730530002961485,0.010425673851446224,0.46436026512933937,10,0.0,none,0.1,0.02366028512760574,0.02366028512760574,0.0,3
macenko_tile,erm,True,0.02388887941794831,0.023429460616794583,0.0005489396247939284,0.006319683875523949,0.011730530002961485,0.010425673851446224,0.46436026512933937,10,0.0,none,0.2,0.02366028512760574,0.02366028512760574,0.0,3
macenko_tile,erm,True,0.02388887941794831,0.023429460616794583,0.0005489396247939284,0.006319683875523949,0.011730530002961485,0.010425673851446224,0.46436026512933937,10,0.25,ratio,0.02,0.025918543762787325,0.02366028512760574,0.16666666666666666,29
macenko_tile,erm,True,0.02388887941794831,0.023429460616794583,0.0005489396247939284,0.006319683875523949,0.011730530002961485,0.010425673851446224,0.46436026512933937,10,0.25,ratio,0.05,0.025918543762787325,0.02366028512760574,0.16666666666666666,7
macenko_tile,erm,True,0.02388887941794831,0.023429460616794583,0.0005489396247939284,0.006319683875523949,0.011730530002961485,0.010425673851446224,0.46436026512933937,10,0.25,ratio,0.1,0.025918543762787325,0.02366028512760574,0.16666666666666666,4
macenko_tile,erm,True,0.02388887941794831,0.023429460616794583,0.0005489396247939284,0.006319683875523949,0.011730530002961485,0.010425673851446224,0.46436026512933937,10,0.25,ratio,0.2,0.025918543762787325,0.02366028512760574,0.16666666666666666,3
macenko_tile,erm,True,0.02388887941794831,0.023429460616794583,0.0005489396247939284,0.006319683875523949,0.011730530002961485,0.010425673851446224,0.46436026512933937,10,0.25,design,0.02,0.025918543762787325,0.02366028512760574,0.16666666666666666,
macenko_tile,erm,True,0.02388887941794831,0.023429460616794583,0.0005489396247939284,0.006319683875523949,0.011730530002961485,0.010425673851446224,0.46436026512933937,10,0.25,design,0.05,0.025918543762787325,0.02366028512760574,0.16666666666666666,6
macenko_tile,erm,True,0.02388887941794831,0.023429460616794583,0.0005489396247939284,0.006319683875523949,0.011730530002961485,0.010425673851446224,0.46436026512933937,10,0.25,design,0.1,0.025918543762787325,0.02366028512760574,0.16666666666666666,3
macenko_tile,erm,True,0.02388887941794831,0.023429460616794583,0.0005489396247939284,0.006319683875523949,0.011730530002961485,0.010425673851446224,0.46436026512933937,10,0.25,design,0.2,0.025918543762787325,0.02366028512760574,0.16666666666666666,3
macenko_tile,erm,True,0.02388887941794831,0.023429460616794583,0.0005489396247939284,0.006319683875523949,0.011730530002961485,0.010425673851446224,0.46436026512933937,10,0.5,ratio,0.02,0.02897781286569782,0.02366028512760574,0.3333333333333333,52
macenko_tile,erm,True,0.02388887941794831,0.023429460616794583,0.0005489396247939284,0.006319683875523949,0.011730530002961485,0.010425673851446224,0.46436026512933937,10,0.5,ratio,0.05,0.02897781286569782,0.02366028512760574,0.3333333333333333,10
macenko_tile,erm,True,0.02388887941794831,0.023429460616794583,0.0005489396247939284,0.006319683875523949,0.011730530002961485,0.010425673851446224,0.46436026512933937,10,0.5,ratio,0.1,0.02897781286569782,0.02366028512760574,0.3333333333333333,5
macenko_tile,erm,True,0.02388887941794831,0.023429460616794583,0.0005489396247939284,0.006319683875523949,0.011730530002961485,0.010425673851446224,0.46436026512933937,10,0.5,ratio,0.2,0.02897781286569782,0.02366028512760574,0.3333333333333333,3
macenko_tile,erm,True,0.02388887941794831,0.023429460616794583,0.0005489396247939284,0.006319683875523949,0.011730530002961485,0.010425673851446224,0.46436026512933937,10,0.5,design,0.02,0.02897781286569782,0.02366028512760574,0.3333333333333333,
macenko_tile,erm,True,0.02388887941794831,0.023429460616794583,0.0005489396247939284,0.006319683875523949,0.011730530002961485,0.010425673851446224,0.46436026512933937,10,0.5,design,0.05,0.02897781286569782,0.02366028512760574,0.3333333333333333,
macenko_tile,erm,True,0.02388887941794831,0.023429460616794583,0.0005489396247939284,0.006319683875523949,0.011730530002961485,0.010425673851446224,0.46436026512933937,10,0.5,design,0.1,0.02897781286569782,0.02366028512760574,0.3333333333333333,3
macenko_tile,erm,True,0.02388887941794831,0.023429460616794583,0.0005489396247939284,0.006319683875523949,0.011730530002961485,0.010425673851446224,0.46436026512933937,10,0.5,design,0.2,0.02897781286569782,0.02366028512760574,0.3333333333333333,3
mixstyle,erm,True,0.021567470841367672,0.020920197909315878,0.0004376546805649444,0.01496255806537537,0.011730530002961485,0.011726277740250804,0.638045524601218,1,0.0,none,0.02,0.023982499248544675,0.023982499248544675,0.0,14
mixstyle,erm,True,0.021567470841367672,0.020920197909315878,0.0004376546805649444,0.01496255806537537,0.011730530002961485,0.011726277740250804,0.638045524601218,1,0.0,none,0.05,0.023982499248544675,0.023982499248544675,0.0,5
mixstyle,erm,True,0.021567470841367672,0.020920197909315878,0.0004376546805649444,0.01496255806537537,0.011730530002961485,0.011726277740250804,0.638045524601218,1,0.0,none,0.1,0.023982499248544675,0.023982499248544675,0.0,3
mixstyle,erm,True,0.021567470841367672,0.020920197909315878,0.0004376546805649444,0.01496255806537537,0.011730530002961485,0.011726277740250804,0.638045524601218,1,0.0,none,0.2,0.023982499248544675,0.023982499248544675,0.0,3
mixstyle,erm,True,0.021567470841367672,0.020920197909315878,0.0004376546805649444,0.01496255806537537,0.011730530002961485,0.011726277740250804,0.638045524601218,1,0.25,ratio,0.02,0.026271511647557227,0.023982499248544675,0.16666666666666666,30
mixstyle,erm,True,0.021567470841367672,0.020920197909315878,0.0004376546805649444,0.01496255806537537,0.011730530002961485,0.011726277740250804,0.638045524601218,1,0.25,ratio,0.05,0.026271511647557227,0.023982499248544675,0.16666666666666666,7
mixstyle,erm,True,0.021567470841367672,0.020920197909315878,0.0004376546805649444,0.01496255806537537,0.011730530002961485,0.011726277740250804,0.638045524601218,1,0.25,ratio,0.1,0.026271511647557227,0.023982499248544675,0.16666666666666666,4
mixstyle,erm,True,0.021567470841367672,0.020920197909315878,0.0004376546805649444,0.01496255806537537,0.011730530002961485,0.011726277740250804,0.638045524601218,1,0.25,ratio,0.2,0.026271511647557227,0.023982499248544675,0.16666666666666666,3
mixstyle,erm,True,0.021567470841367672,0.020920197909315878,0.0004376546805649444,0.01496255806537537,0.011730530002961485,0.011726277740250804,0.638045524601218,1,0.25,design,0.02,0.026271511647557227,0.023982499248544675,0.16666666666666666,
mixstyle,erm,True,0.021567470841367672,0.020920197909315878,0.0004376546805649444,0.01496255806537537,0.011730530002961485,0.011726277740250804,0.638045524601218,1,0.25,design,0.05,0.026271511647557227,0.023982499248544675,0.16666666666666666,6
mixstyle,erm,True,0.021567470841367672,0.020920197909315878,0.0004376546805649444,0.01496255806537537,0.011730530002961485,0.011726277740250804,0.638045524601218,1,0.25,design,0.1,0.026271511647557227,0.023982499248544675,0.16666666666666666,3
mixstyle,erm,True,0.021567470841367672,0.020920197909315878,0.0004376546805649444,0.01496255806537537,0.011730530002961485,0.011726277740250804,0.638045524601218,1,0.25,design,0.2,0.026271511647557227,0.023982499248544675,0.16666666666666666,3
mixstyle,erm,True,0.021567470841367672,0.020920197909315878,0.0004376546805649444,0.01496255806537537,0.011730530002961485,0.011726277740250804,0.638045524601218,1,0.5,ratio,0.02,0.029372442957807728,0.023982499248544675,0.3333333333333333,53
mixstyle,erm,True,0.021567470841367672,0.020920197909315878,0.0004376546805649444,0.01496255806537537,0.011730530002961485,0.011726277740250804,0.638045524601218,1,0.5,ratio,0.05,0.029372442957807728,0.023982499248544675,0.3333333333333333,11
mixstyle,erm,True,0.021567470841367672,0.020920197909315878,0.0004376546805649444,0.01496255806537537,0.011730530002961485,0.011726277740250804,0.638045524601218,1,0.5,ratio,0.1,0.029372442957807728,0.023982499248544675,0.3333333333333333,5
mixstyle,erm,True,0.021567470841367672,0.020920197909315878,0.0004376546805649444,0.01496255806537537,0.011730530002961485,0.011726277740250804,0.638045524601218,1,0.5,ratio,0.2,0.029372442957807728,0.023982499248544675,0.3333333333333333,3
mixstyle,erm,True,0.021567470841367672,0.020920197909315878,0.0004376546805649444,0.01496255806537537,0.011730530002961485,0.011726277740250804,0.638045524601218,1,0.5,design,0.02,0.029372442957807728,0.023982499248544675,0.3333333333333333,
mixstyle,erm,True,0.021567470841367672,0.020920197909315878,0.0004376546805649444,0.01496255806537537,0.011730530002961485,0.011726277740250804,0.638045524601218,1,0.5,design,0.05,0.029372442957807728,0.023982499248544675,0.3333333333333333,
mixstyle,erm,True,0.021567470841367672,0.020920197909315878,0.0004376546805649444,0.01496255806537537,0.011730530002961485,0.011726277740250804,0.638045524601218,1,0.5,design,0.1,0.029372442957807728,0.023982499248544675,0.3333333333333333,3
mixstyle,erm,True,0.021567470841367672,0.020920197909315878,0.0004376546805649444,0.01496255806537537,0.011730530002961485,0.011726277740250804,0.638045524601218,1,0.5,design,0.2,0.029372442957807728,0.023982499248544675,0.3333333333333333,3
mixstyle,erm,True,0.021567470841367672,0.020920197909315878,0.0004376546805649444,0.01496255806537537,0.011730530002961485,0.011726277740250804,0.638045524601218,3,0.0,none,0.02,0.021988403241529647,0.021988403241529647,0.0,12
mixstyle,erm,True,0.021567470841367672,0.020920197909315878,0.0004376546805649444,0.01496255806537537,0.011730530002961485,0.011726277740250804,0.638045524601218,3,0.0,none,0.05,0.021988403241529647,0.021988403241529647,0.0,4
mixstyle,erm,True,0.021567470841367672,0.020920197909315878,0.0004376546805649444,0.01496255806537537,0.011730530002961485,0.011726277740250804,0.638045524601218,3,0.0,none,0.1,0.021988403241529647,0.021988403241529647,0.0,3
mixstyle,erm,True,0.021567470841367672,0.020920197909315878,0.0004376546805649444,0.01496255806537537,0.011730530002961485,0.011726277740250804,0.638045524601218,3,0.0,none,0.2,0.021988403241529647,0.021988403241529647,0.0,3
mixstyle,erm,True,0.021567470841367672,0.020920197909315878,0.0004376546805649444,0.01496255806537537,0.011730530002961485,0.011726277740250804,0.638045524601218,3,0.25,ratio,0.02,0.024087088917811004,0.021988403241529647,0.16666666666666666,25
mixstyle,erm,True,0.021567470841367672,0.020920197909315878,0.0004376546805649444,0.01496255806537537,0.011730530002961485,0.011726277740250804,0.638045524601218,3,0.25,ratio,0.05,0.024087088917811004,0.021988403241529647,0.16666666666666666,6
mixstyle,erm,True,0.021567470841367672,0.020920197909315878,0.0004376546805649444,0.01496255806537537,0.011730530002961485,0.011726277740250804,0.638045524601218,3,0.25,ratio,0.1,0.024087088917811004,0.021988403241529647,0.16666666666666666,4
mixstyle,erm,True,0.021567470841367672,0.020920197909315878,0.0004376546805649444,0.01496255806537537,0.011730530002961485,0.011726277740250804,0.638045524601218,3,0.25,ratio,0.2,0.024087088917811004,0.021988403241529647,0.16666666666666666,3
mixstyle,erm,True,0.021567470841367672,0.020920197909315878,0.0004376546805649444,0.01496255806537537,0.011730530002961485,0.011726277740250804,0.638045524601218,3,0.25,design,0.02,0.024087088917811004,0.021988403241529647,0.16666666666666666,
mixstyle,erm,True,0.021567470841367672,0.020920197909315878,0.0004376546805649444,0.01496255806537537,0.011730530002961485,0.011726277740250804,0.638045524601218,3,0.25,design,0.05,0.024087088917811004,0.021988403241529647,0.16666666666666666,5
mixstyle,erm,True,0.021567470841367672,0.020920197909315878,0.0004376546805649444,0.01496255806537537,0.011730530002961485,0.011726277740250804,0.638045524601218,3,0.25,design,0.1,0.024087088917811004,0.021988403241529647,0.16666666666666666,3
mixstyle,erm,True,0.021567470841367672,0.020920197909315878,0.0004376546805649444,0.01496255806537537,0.011730530002961485,0.011726277740250804,0.638045524601218,3,0.25,design,0.2,0.024087088917811004,0.021988403241529647,0.16666666666666666,3
mixstyle,erm,True,0.021567470841367672,0.020920197909315878,0.0004376546805649444,0.01496255806537537,0.011730530002961485,0.011726277740250804,0.638045524601218,3,0.5,ratio,0.02,0.026930184100153628,0.021988403241529647,0.3333333333333333,45
mixstyle,erm,True,0.021567470841367672,0.020920197909315878,0.0004376546805649444,0.01496255806537537,0.011730530002961485,0.011726277740250804,0.638045524601218,3,0.5,ratio,0.05,0.026930184100153628,0.021988403241529647,0.3333333333333333,9
mixstyle,erm,True,0.021567470841367672,0.020920197909315878,0.0004376546805649444,0.01496255806537537,0.011730530002961485,0.011726277740250804,0.638045524601218,3,0.5,ratio,0.1,0.026930184100153628,0.021988403241529647,0.3333333333333333,4
mixstyle,erm,True,0.021567470841367672,0.020920197909315878,0.0004376546805649444,0.01496255806537537,0.011730530002961485,0.011726277740250804,0.638045524601218,3,0.5,ratio,0.2,0.026930184100153628,0.021988403241529647,0.3333333333333333,3
mixstyle,erm,True,0.021567470841367672,0.020920197909315878,0.0004376546805649444,0.01496255806537537,0.011730530002961485,0.011726277740250804,0.638045524601218,3,0.5,design,0.02,0.026930184100153628,0.021988403241529647,0.3333333333333333,
mixstyle,erm,True,0.021567470841367672,0.020920197909315878,0.0004376546805649444,0.01496255806537537,0.011730530002961485,0.011726277740250804,0.638045524601218,3,0.5,design,0.05,0.026930184100153628,0.021988403241529647,0.3333333333333333,
mixstyle,erm,True,0.021567470841367672,0.020920197909315878,0.0004376546805649444,0.01496255806537537,0.011730530002961485,0.011726277740250804,0.638045524601218,3,0.5,design,0.1,0.026930184100153628,0.021988403241529647,0.3333333333333333,3
mixstyle,erm,True,0.021567470841367672,0.020920197909315878,0.0004376546805649444,0.01496255806537537,0.011730530002961485,0.011726277740250804,0.638045524601218,3,0.5,design,0.2,0.026930184100153628,0.021988403241529647,0.3333333333333333,3
mixstyle,erm,True,0.021567470841367672,0.020920197909315878,0.0004376546805649444,0.01496255806537537,0.011730530002961485,0.011726277740250804,0.638045524601218,5,0.0,none,0.02,0.021567470841367672,0.021567470841367672,0.0,12
mixstyle,erm,True,0.021567470841367672,0.020920197909315878,0.0004376546805649444,0.01496255806537537,0.011730530002961485,0.011726277740250804,0.638045524601218,5,0.0,none,0.05,0.021567470841367672,0.021567470841367672,0.0,4
mixstyle,erm,True,0.021567470841367672,0.020920197909315878,0.0004376546805649444,0.01496255806537537,0.011730530002961485,0.011726277740250804,0.638045524601218,5,0.0,none,0.1,0.021567470841367672,0.021567470841367672,0.0,3
mixstyle,erm,True,0.021567470841367672,0.020920197909315878,0.0004376546805649444,0.01496255806537537,0.011730530002961485,0.011726277740250804,0.638045524601218,5,0.0,none,0.2,0.021567470841367672,0.021567470841367672,0.0,3
mixstyle,erm,True,0.021567470841367672,0.020920197909315878,0.0004376546805649444,0.01496255806537537,0.011730530002961485,0.011726277740250804,0.638045524601218,5,0.25,ratio,0.02,0.023625980576303995,0.021567470841367672,0.16666666666666666,24
mixstyle,erm,True,0.021567470841367672,0.020920197909315878,0.0004376546805649444,0.01496255806537537,0.011730530002961485,0.011726277740250804,0.638045524601218,5,0.25,ratio,0.05,0.023625980576303995,0.021567470841367672,0.16666666666666666,6
mixstyle,erm,True,0.021567470841367672,0.020920197909315878,0.0004376546805649444,0.01496255806537537,0.011730530002961485,0.011726277740250804,0.638045524601218,5,0.25,ratio,0.1,0.023625980576303995,0.021567470841367672,0.16666666666666666,4
mixstyle,erm,True,0.021567470841367672,0.020920197909315878,0.0004376546805649444,0.01496255806537537,0.011730530002961485,0.011726277740250804,0.638045524601218,5,0.25,ratio,0.2,0.023625980576303995,0.021567470841367672,0.16666666666666666,3
mixstyle,erm,True,0.021567470841367672,0.020920197909315878,0.0004376546805649444,0.01496255806537537,0.011730530002961485,0.011726277740250804,0.638045524601218,5,0.25,design,0.02,0.023625980576303995,0.021567470841367672,0.16666666666666666,
mixstyle,erm,True,0.021567470841367672,0.020920197909315878,0.0004376546805649444,0.01496255806537537,0.011730530002961485,0.011726277740250804,0.638045524601218,5,0.25,design,0.05,0.023625980576303995,0.021567470841367672,0.16666666666666666,5
mixstyle,erm,True,0.021567470841367672,0.020920197909315878,0.0004376546805649444,0.01496255806537537,0.011730530002961485,0.011726277740250804,0.638045524601218,5,0.25,design,0.1,0.023625980576303995,0.021567470841367672,0.16666666666666666,3
mixstyle,erm,True,0.021567470841367672,0.020920197909315878,0.0004376546805649444,0.01496255806537537,0.011730530002961485,0.011726277740250804,0.638045524601218,5,0.25,design,0.2,0.023625980576303995,0.021567470841367672,0.16666666666666666,3
mixstyle,erm,True,0.021567470841367672,0.020920197909315878,0.0004376546805649444,0.01496255806537537,0.011730530002961485,0.011726277740250804,0.638045524601218,5,0.5,ratio,0.02,0.026414649301852697,0.021567470841367672,0.3333333333333333,44
mixstyle,erm,True,0.021567470841367672,0.020920197909315878,0.0004376546805649444,0.01496255806537537,0.011730530002961485,0.011726277740250804,0.638045524601218,5,0.5,ratio,0.05,0.026414649301852697,0.021567470841367672,0.3333333333333333,9
mixstyle,erm,True,0.021567470841367672,0.020920197909315878,0.0004376546805649444,0.01496255806537537,0.011730530002961485,0.011726277740250804,0.638045524601218,5,0.5,ratio,0.1,0.026414649301852697,0.021567470841367672,0.3333333333333333,4
mixstyle,erm,True,0.021567470841367672,0.020920197909315878,0.0004376546805649444,0.01496255806537537,0.011730530002961485,0.011726277740250804,0.638045524601218,5,0.5,ratio,0.2,0.026414649301852697,0.021567470841367672,0.3333333333333333,3
mixstyle,erm,True,0.021567470841367672,0.020920197909315878,0.0004376546805649444,0.01496255806537537,0.011730530002961485,0.011726277740250804,0.638045524601218,5,0.5,design,0.02,0.026414649301852697,0.021567470841367672,0.3333333333333333,
mixstyle,erm,True,0.021567470841367672,0.020920197909315878,0.0004376546805649444,0.01496255806537537,0.011730530002961485,0.011726277740250804,0.638045524601218,5,0.5,design,0.05,0.026414649301852697,0.021567470841367672,0.3333333333333333,
mixstyle,erm,True,0.021567470841367672,0.020920197909315878,0.0004376546805649444,0.01496255806537537,0.011730530002961485,0.011726277740250804,0.638045524601218,5,0.5,design,0.1,0.026414649301852697,0.021567470841367672,0.3333333333333333,3
mixstyle,erm,True,0.021567470841367672,0.020920197909315878,0.0004376546805649444,0.01496255806537537,0.011730530002961485,0.011726277740250804,0.638045524601218,5,0.5,design,0.2,0.026414649301852697,0.021567470841367672,0.3333333333333333,3
mixstyle,erm,True,0.021567470841367672,0.020920197909315878,0.0004376546805649444,0.01496255806537537,0.011730530002961485,0.011726277740250804,0.638045524601218,10,0.0,none,0.02,0.0212462994314091,0.0212462994314091,0.0,11
mixstyle,erm,True,0.021567470841367672,0.020920197909315878,0.0004376546805649444,0.01496255806537537,0.011730530002961485,0.011726277740250804,0.638045524601218,10,0.0,none,0.05,0.0212462994314091,0.0212462994314091,0.0,4
mixstyle,erm,True,0.021567470841367672,0.020920197909315878,0.0004376546805649444,0.01496255806537537,0.011730530002961485,0.011726277740250804,0.638045524601218,10,0.0,none,0.1,0.0212462994314091,0.0212462994314091,0.0,3
mixstyle,erm,True,0.021567470841367672,0.020920197909315878,0.0004376546805649444,0.01496255806537537,0.011730530002961485,0.011726277740250804,0.638045524601218,10,0.0,none,0.2,0.0212462994314091,0.0212462994314091,0.0,3
mixstyle,erm,True,0.021567470841367672,0.020920197909315878,0.0004376546805649444,0.01496255806537537,0.011730530002961485,0.011726277740250804,0.638045524601218,10,0.25,ratio,0.02,0.023274154924183894,0.0212462994314091,0.16666666666666666,24
mixstyle,erm,True,0.021567470841367672,0.020920197909315878,0.0004376546805649444,0.01496255806537537,0.011730530002961485,0.011726277740250804,0.638045524601218,10,0.25,ratio,0.05,0.023274154924183894,0.0212462994314091,0.16666666666666666,6
mixstyle,erm,True,0.021567470841367672,0.020920197909315878,0.0004376546805649444,0.01496255806537537,0.011730530002961485,0.011726277740250804,0.638045524601218,10,0.25,ratio,0.1,0.023274154924183894,0.0212462994314091,0.16666666666666666,4
mixstyle,erm,True,0.021567470841367672,0.020920197909315878,0.0004376546805649444,0.01496255806537537,0.011730530002961485,0.011726277740250804,0.638045524601218,10,0.25,ratio,0.2,0.023274154924183894,0.0212462994314091,0.16666666666666666,3
mixstyle,erm,True,0.021567470841367672,0.020920197909315878,0.0004376546805649444,0.01496255806537537,0.011730530002961485,0.011726277740250804,0.638045524601218,10,0.25,design,0.02,0.023274154924183894,0.0212462994314091,0.16666666666666666,
mixstyle,erm,True,0.021567470841367672,0.020920197909315878,0.0004376546805649444,0.01496255806537537,0.011730530002961485,0.011726277740250804,0.638045524601218,10,0.25,design,0.05,0.023274154924183894,0.0212462994314091,0.16666666666666666,5
mixstyle,erm,True,0.021567470841367672,0.020920197909315878,0.0004376546805649444,0.01496255806537537,0.011730530002961485,0.011726277740250804,0.638045524601218,10,0.25,design,0.1,0.023274154924183894,0.0212462994314091,0.16666666666666666,3
mixstyle,erm,True,0.021567470841367672,0.020920197909315878,0.0004376546805649444,0.01496255806537537,0.011730530002961485,0.011726277740250804,0.638045524601218,10,0.25,design,0.2,0.023274154924183894,0.0212462994314091,0.16666666666666666,3
mixstyle,erm,True,0.021567470841367672,0.020920197909315878,0.0004376546805649444,0.01496255806537537,0.011730530002961485,0.011726277740250804,0.638045524601218,10,0.5,ratio,0.02,0.026021296264668328,0.0212462994314091,0.3333333333333333,42
mixstyle,erm,True,0.021567470841367672,0.020920197909315878,0.0004376546805649444,0.01496255806537537,0.011730530002961485,0.011726277740250804,0.638045524601218,10,0.5,ratio,0.05,0.026021296264668328,0.0212462994314091,0.3333333333333333,9
mixstyle,erm,True,0.021567470841367672,0.020920197909315878,0.0004376546805649444,0.01496255806537537,0.011730530002961485,0.011726277740250804,0.638045524601218,10,0.5,ratio,0.1,0.026021296264668328,0.0212462994314091,0.3333333333333333,4
mixstyle,erm,True,0.021567470841367672,0.020920197909315878,0.0004376546805649444,0.01496255806537537,0.011730530002961485,0.011726277740250804,0.638045524601218,10,0.5,ratio,0.2,0.026021296264668328,0.0212462994314091,0.3333333333333333,3
mixstyle,erm,True,0.021567470841367672,0.020920197909315878,0.0004376546805649444,0.01496255806537537,0.011730530002961485,0.011726277740250804,0.638045524601218,10,0.5,design,0.02,0.026021296264668328,0.0212462994314091,0.3333333333333333,
mixstyle,erm,True,0.021567470841367672,0.020920197909315878,0.0004376546805649444,0.01496255806537537,0.011730530002961485,0.011726277740250804,0.638045524601218,10,0.5,design,0.05,0.026021296264668328,0.0212462994314091,0.3333333333333333,
mixstyle,erm,True,0.021567470841367672,0.020920197909315878,0.0004376546805649444,0.01496255806537537,0.011730530002961485,0.011726277740250804,0.638045524601218,10,0.5,design,0.1,0.026021296264668328,0.0212462994314091,0.3333333333333333,3
mixstyle,erm,True,0.021567470841367672,0.020920197909315878,0.0004376546805649444,0.01496255806537537,0.011730530002961485,0.011726277740250804,0.638045524601218,10,0.5,design,0.2,0.026021296264668328,0.0212462994314091,0.3333333333333333,3
sam,erm,True,0.006331538817652494,0.002428541846898174,5.897815502135596e-06,0.014455593777885946,0.011730530002961485,0.013074893555456721,0.5178240381063884,1,0.0,none,0.02,0.013298520857172773,0.013298520857172773,0.0,6
sam,erm,True,0.006331538817652494,0.002428541846898174,5.897815502135596e-06,0.014455593777885946,0.011730530002961485,0.013074893555456721,0.5178240381063884,1,0.0,none,0.05,0.013298520857172773,0.013298520857172773,0.0,3
sam,erm,True,0.006331538817652494,0.002428541846898174,5.897815502135596e-06,0.014455593777885946,0.011730530002961485,0.013074893555456721,0.5178240381063884,1,0.0,none,0.1,0.013298520857172773,0.013298520857172773,0.0,3
sam,erm,True,0.006331538817652494,0.002428541846898174,5.897815502135596e-06,0.014455593777885946,0.011730530002961485,0.013074893555456721,0.5178240381063884,1,0.0,none,0.2,0.013298520857172773,0.013298520857172773,0.0,2
sam,erm,True,0.006331538817652494,0.002428541846898174,5.897815502135596e-06,0.014455593777885946,0.011730530002961485,0.013074893555456721,0.5178240381063884,1,0.25,ratio,0.02,0.01456779970985293,0.013298520857172773,0.16666666666666666,11
sam,erm,True,0.006331538817652494,0.002428541846898174,5.897815502135596e-06,0.014455593777885946,0.011730530002961485,0.013074893555456721,0.5178240381063884,1,0.25,ratio,0.05,0.01456779970985293,0.013298520857172773,0.16666666666666666,4
sam,erm,True,0.006331538817652494,0.002428541846898174,5.897815502135596e-06,0.014455593777885946,0.011730530002961485,0.013074893555456721,0.5178240381063884,1,0.25,ratio,0.1,0.01456779970985293,0.013298520857172773,0.16666666666666666,3
sam,erm,True,0.006331538817652494,0.002428541846898174,5.897815502135596e-06,0.014455593777885946,0.011730530002961485,0.013074893555456721,0.5178240381063884,1,0.25,ratio,0.2,0.01456779970985293,0.013298520857172773,0.16666666666666666,3
sam,erm,True,0.006331538817652494,0.002428541846898174,5.897815502135596e-06,0.014455593777885946,0.011730530002961485,0.013074893555456721,0.5178240381063884,1,0.25,design,0.02,0.01456779970985293,0.013298520857172773,0.16666666666666666,
sam,erm,True,0.006331538817652494,0.002428541846898174,5.897815502135596e-06,0.014455593777885946,0.011730530002961485,0.013074893555456721,0.5178240381063884,1,0.25,design,0.05,0.01456779970985293,0.013298520857172773,0.16666666666666666,3
sam,erm,True,0.006331538817652494,0.002428541846898174,5.897815502135596e-06,0.014455593777885946,0.011730530002961485,0.013074893555456721,0.5178240381063884,1,0.25,design,0.1,0.01456779970985293,0.013298520857172773,0.16666666666666666,3
sam,erm,True,0.006331538817652494,0.002428541846898174,5.897815502135596e-06,0.014455593777885946,0.011730530002961485,0.013074893555456721,0.5178240381063884,1,0.25,design,0.2,0.01456779970985293,0.013298520857172773,0.16666666666666666,3
sam,erm,True,0.006331538817652494,0.002428541846898174,5.897815502135596e-06,0.014455593777885946,0.011730530002961485,0.013074893555456721,0.5178240381063884,1,0.5,ratio,0.02,0.016287295216916433,0.013298520857172773,0.3333333333333333,18
sam,erm,True,0.006331538817652494,0.002428541846898174,5.897815502135596e-06,0.014455593777885946,0.011730530002961485,0.013074893555456721,0.5178240381063884,1,0.5,ratio,0.05,0.016287295216916433,0.013298520857172773,0.3333333333333333,5
sam,erm,True,0.006331538817652494,0.002428541846898174,5.897815502135596e-06,0.014455593777885946,0.011730530002961485,0.013074893555456721,0.5178240381063884,1,0.5,ratio,0.1,0.016287295216916433,0.013298520857172773,0.3333333333333333,3
sam,erm,True,0.006331538817652494,0.002428541846898174,5.897815502135596e-06,0.014455593777885946,0.011730530002961485,0.013074893555456721,0.5178240381063884,1,0.5,ratio,0.2,0.016287295216916433,0.013298520857172773,0.3333333333333333,3
sam,erm,True,0.006331538817652494,0.002428541846898174,5.897815502135596e-06,0.014455593777885946,0.011730530002961485,0.013074893555456721,0.5178240381063884,1,0.5,design,0.02,0.016287295216916433,0.013298520857172773,0.3333333333333333,
sam,erm,True,0.006331538817652494,0.002428541846898174,5.897815502135596e-06,0.014455593777885946,0.011730530002961485,0.013074893555456721,0.5178240381063884,1,0.5,design,0.05,0.016287295216916433,0.013298520857172773,0.3333333333333333,4
sam,erm,True,0.006331538817652494,0.002428541846898174,5.897815502135596e-06,0.014455593777885946,0.011730530002961485,0.013074893555456721,0.5178240381063884,1,0.5,design,0.1,0.016287295216916433,0.013298520857172773,0.3333333333333333,3
sam,erm,True,0.006331538817652494,0.002428541846898174,5.897815502135596e-06,0.014455593777885946,0.011730530002961485,0.013074893555456721,0.5178240381063884,1,0.5,design,0.2,0.016287295216916433,0.013298520857172773,0.3333333333333333,3
sam,erm,True,0.006331538817652494,0.002428541846898174,5.897815502135596e-06,0.014455593777885946,0.011730530002961485,0.013074893555456721,0.5178240381063884,3,0.0,none,0.02,0.007929823200907035,0.007929823200907035,0.0,4
sam,erm,True,0.006331538817652494,0.002428541846898174,5.897815502135596e-06,0.014455593777885946,0.011730530002961485,0.013074893555456721,0.5178240381063884,3,0.0,none,0.05,0.007929823200907035,0.007929823200907035,0.0,3
sam,erm,True,0.006331538817652494,0.002428541846898174,5.897815502135596e-06,0.014455593777885946,0.011730530002961485,0.013074893555456721,0.5178240381063884,3,0.0,none,0.1,0.007929823200907035,0.007929823200907035,0.0,2
sam,erm,True,0.006331538817652494,0.002428541846898174,5.897815502135596e-06,0.014455593777885946,0.011730530002961485,0.013074893555456721,0.5178240381063884,3,0.0,none,0.2,0.007929823200907035,0.007929823200907035,0.0,2
sam,erm,True,0.006331538817652494,0.002428541846898174,5.897815502135596e-06,0.014455593777885946,0.011730530002961485,0.013074893555456721,0.5178240381063884,3,0.25,ratio,0.02,0.008686686088329208,0.007929823200907035,0.16666666666666666,6
sam,erm,True,0.006331538817652494,0.002428541846898174,5.897815502135596e-06,0.014455593777885946,0.011730530002961485,0.013074893555456721,0.5178240381063884,3,0.25,ratio,0.05,0.008686686088329208,0.007929823200907035,0.16666666666666666,3
sam,erm,True,0.006331538817652494,0.002428541846898174,5.897815502135596e-06,0.014455593777885946,0.011730530002961485,0.013074893555456721,0.5178240381063884,3,0.25,ratio,0.1,0.008686686088329208,0.007929823200907035,0.16666666666666666,3
sam,erm,True,0.006331538817652494,0.002428541846898174,5.897815502135596e-06,0.014455593777885946,0.011730530002961485,0.013074893555456721,0.5178240381063884,3,0.25,ratio,0.2,0.008686686088329208,0.007929823200907035,0.16666666666666666,2
sam,erm,True,0.006331538817652494,0.002428541846898174,5.897815502135596e-06,0.014455593777885946,0.011730530002961485,0.013074893555456721,0.5178240381063884,3,0.25,design,0.02,0.008686686088329208,0.007929823200907035,0.16666666666666666,5
sam,erm,True,0.006331538817652494,0.002428541846898174,5.897815502135596e-06,0.014455593777885946,0.011730530002961485,0.013074893555456721,0.5178240381063884,3,0.25,design,0.05,0.008686686088329208,0.007929823200907035,0.16666666666666666,3
sam,erm,True,0.006331538817652494,0.002428541846898174,5.897815502135596e-06,0.014455593777885946,0.011730530002961485,0.013074893555456721,0.5178240381063884,3,0.25,design,0.1,0.008686686088329208,0.007929823200907035,0.16666666666666666,3
sam,erm,True,0.006331538817652494,0.002428541846898174,5.897815502135596e-06,0.014455593777885946,0.011730530002961485,0.013074893555456721,0.5178240381063884,3,0.25,design,0.2,0.008686686088329208,0.007929823200907035,0.16666666666666666,3
sam,erm,True,0.006331538817652494,0.002428541846898174,5.897815502135596e-06,0.014455593777885946,0.011730530002961485,0.013074893555456721,0.5178240381063884,3,0.5,ratio,0.02,0.009712010296352925,0.007929823200907035,0.3333333333333333,8
sam,erm,True,0.006331538817652494,0.002428541846898174,5.897815502135596e-06,0.014455593777885946,0.011730530002961485,0.013074893555456721,0.5178240381063884,3,0.5,ratio,0.05,0.009712010296352925,0.007929823200907035,0.3333333333333333,4
sam,erm,True,0.006331538817652494,0.002428541846898174,5.897815502135596e-06,0.014455593777885946,0.011730530002961485,0.013074893555456721,0.5178240381063884,3,0.5,ratio,0.1,0.009712010296352925,0.007929823200907035,0.3333333333333333,3
sam,erm,True,0.006331538817652494,0.002428541846898174,5.897815502135596e-06,0.014455593777885946,0.011730530002961485,0.013074893555456721,0.5178240381063884,3,0.5,ratio,0.2,0.009712010296352925,0.007929823200907035,0.3333333333333333,2
sam,erm,True,0.006331538817652494,0.002428541846898174,5.897815502135596e-06,0.014455593777885946,0.011730530002961485,0.013074893555456721,0.5178240381063884,3,0.5,design,0.02,0.009712010296352925,0.007929823200907035,0.3333333333333333,15
sam,erm,True,0.006331538817652494,0.002428541846898174,5.897815502135596e-06,0.014455593777885946,0.011730530002961485,0.013074893555456721,0.5178240381063884,3,0.5,design,0.05,0.009712010296352925,0.007929823200907035,0.3333333333333333,3
sam,erm,True,0.006331538817652494,0.002428541846898174,5.897815502135596e-06,0.014455593777885946,0.011730530002961485,0.013074893555456721,0.5178240381063884,3,0.5,design,0.1,0.009712010296352925,0.007929823200907035,0.3333333333333333,3
sam,erm,True,0.006331538817652494,0.002428541846898174,5.897815502135596e-06,0.014455593777885946,0.011730530002961485,0.013074893555456721,0.5178240381063884,3,0.5,design,0.2,0.009712010296352925,0.007929823200907035,0.3333333333333333,3
sam,erm,True,0.006331538817652494,0.002428541846898174,5.897815502135596e-06,0.014455593777885946,0.011730530002961485,0.013074893555456721,0.5178240381063884,5,0.0,none,0.02,0.006331538817652494,0.006331538817652494,0.0,4
sam,erm,True,0.006331538817652494,0.002428541846898174,5.897815502135596e-06,0.014455593777885946,0.011730530002961485,0.013074893555456721,0.5178240381063884,5,0.0,none,0.05,0.006331538817652494,0.006331538817652494,0.0,3
sam,erm,True,0.006331538817652494,0.002428541846898174,5.897815502135596e-06,0.014455593777885946,0.011730530002961485,0.013074893555456721,0.5178240381063884,5,0.0,none,0.1,0.006331538817652494,0.006331538817652494,0.0,2
sam,erm,True,0.006331538817652494,0.002428541846898174,5.897815502135596e-06,0.014455593777885946,0.011730530002961485,0.013074893555456721,0.5178240381063884,5,0.0,none,0.2,0.006331538817652494,0.006331538817652494,0.0,2
sam,erm,True,0.006331538817652494,0.002428541846898174,5.897815502135596e-06,0.014455593777885946,0.011730530002961485,0.013074893555456721,0.5178240381063884,5,0.25,ratio,0.02,0.006935853268295719,0.006331538817652494,0.16666666666666666,5
sam,erm,True,0.006331538817652494,0.002428541846898174,5.897815502135596e-06,0.014455593777885946,0.011730530002961485,0.013074893555456721,0.5178240381063884,5,0.25,ratio,0.05,0.006935853268295719,0.006331538817652494,0.16666666666666666,3
sam,erm,True,0.006331538817652494,0.002428541846898174,5.897815502135596e-06,0.014455593777885946,0.011730530002961485,0.013074893555456721,0.5178240381063884,5,0.25,ratio,0.1,0.006935853268295719,0.006331538817652494,0.16666666666666666,3
sam,erm,True,0.006331538817652494,0.002428541846898174,5.897815502135596e-06,0.014455593777885946,0.011730530002961485,0.013074893555456721,0.5178240381063884,5,0.25,ratio,0.2,0.006935853268295719,0.006331538817652494,0.16666666666666666,2
sam,erm,True,0.006331538817652494,0.002428541846898174,5.897815502135596e-06,0.014455593777885946,0.011730530002961485,0.013074893555456721,0.5178240381063884,5,0.25,design,0.02,0.006935853268295719,0.006331538817652494,0.16666666666666666,4
sam,erm,True,0.006331538817652494,0.002428541846898174,5.897815502135596e-06,0.014455593777885946,0.011730530002961485,0.013074893555456721,0.5178240381063884,5,0.25,design,0.05,0.006935853268295719,0.006331538817652494,0.16666666666666666,3
sam,erm,True,0.006331538817652494,0.002428541846898174,5.897815502135596e-06,0.014455593777885946,0.011730530002961485,0.013074893555456721,0.5178240381063884,5,0.25,design,0.1,0.006935853268295719,0.006331538817652494,0.16666666666666666,3
sam,erm,True,0.006331538817652494,0.002428541846898174,5.897815502135596e-06,0.014455593777885946,0.011730530002961485,0.013074893555456721,0.5178240381063884,5,0.25,design,0.2,0.006935853268295719,0.006331538817652494,0.16666666666666666,3
sam,erm,True,0.006331538817652494,0.002428541846898174,5.897815502135596e-06,0.014455593777885946,0.011730530002961485,0.013074893555456721,0.5178240381063884,5,0.5,ratio,0.02,0.007754519694936657,0.006331538817652494,0.3333333333333333,6
sam,erm,True,0.006331538817652494,0.002428541846898174,5.897815502135596e-06,0.014455593777885946,0.011730530002961485,0.013074893555456721,0.5178240381063884,5,0.5,ratio,0.05,0.007754519694936657,0.006331538817652494,0.3333333333333333,3
sam,erm,True,0.006331538817652494,0.002428541846898174,5.897815502135596e-06,0.014455593777885946,0.011730530002961485,0.013074893555456721,0.5178240381063884,5,0.5,ratio,0.1,0.007754519694936657,0.006331538817652494,0.3333333333333333,3
sam,erm,True,0.006331538817652494,0.002428541846898174,5.897815502135596e-06,0.014455593777885946,0.011730530002961485,0.013074893555456721,0.5178240381063884,5,0.5,ratio,0.2,0.007754519694936657,0.006331538817652494,0.3333333333333333,2
sam,erm,True,0.006331538817652494,0.002428541846898174,5.897815502135596e-06,0.014455593777885946,0.011730530002961485,0.013074893555456721,0.5178240381063884,5,0.5,design,0.02,0.007754519694936657,0.006331538817652494,0.3333333333333333,5
sam,erm,True,0.006331538817652494,0.002428541846898174,5.897815502135596e-06,0.014455593777885946,0.011730530002961485,0.013074893555456721,0.5178240381063884,5,0.5,design,0.05,0.007754519694936657,0.006331538817652494,0.3333333333333333,3
sam,erm,True,0.006331538817652494,0.002428541846898174,5.897815502135596e-06,0.014455593777885946,0.011730530002961485,0.013074893555456721,0.5178240381063884,5,0.5,design,0.1,0.007754519694936657,0.006331538817652494,0.3333333333333333,3
sam,erm,True,0.006331538817652494,0.002428541846898174,5.897815502135596e-06,0.014455593777885946,0.011730530002961485,0.013074893555456721,0.5178240381063884,5,0.5,design,0.2,0.007754519694936657,0.006331538817652494,0.3333333333333333,3
sam,erm,True,0.006331538817652494,0.002428541846898174,5.897815502135596e-06,0.014455593777885946,0.011730530002961485,0.013074893555456721,0.5178240381063884,10,0.0,none,0.02,0.0047951120582096895,0.0047951120582096895,0.0,3
sam,erm,True,0.006331538817652494,0.002428541846898174,5.897815502135596e-06,0.014455593777885946,0.011730530002961485,0.013074893555456721,0.5178240381063884,10,0.0,none,0.05,0.0047951120582096895,0.0047951120582096895,0.0,3
sam,erm,True,0.006331538817652494,0.002428541846898174,5.897815502135596e-06,0.014455593777885946,0.011730530002961485,0.013074893555456721,0.5178240381063884,10,0.0,none,0.1,0.0047951120582096895,0.0047951120582096895,0.0,2
sam,erm,True,0.006331538817652494,0.002428541846898174,5.897815502135596e-06,0.014455593777885946,0.011730530002961485,0.013074893555456721,0.5178240381063884,10,0.0,none,0.2,0.0047951120582096895,0.0047951120582096895,0.0,2
sam,erm,True,0.006331538817652494,0.002428541846898174,5.897815502135596e-06,0.014455593777885946,0.011730530002961485,0.013074893555456721,0.5178240381063884,10,0.25,ratio,0.02,0.005252782080092944,0.0047951120582096895,0.16666666666666666,4
sam,erm,True,0.006331538817652494,0.002428541846898174,5.897815502135596e-06,0.014455593777885946,0.011730530002961485,0.013074893555456721,0.5178240381063884,10,0.25,ratio,0.05,0.005252782080092944,0.0047951120582096895,0.16666666666666666,3
sam,erm,True,0.006331538817652494,0.002428541846898174,5.897815502135596e-06,0.014455593777885946,0.011730530002961485,0.013074893555456721,0.5178240381063884,10,0.25,ratio,0.1,0.005252782080092944,0.0047951120582096895,0.16666666666666666,2
sam,erm,True,0.006331538817652494,0.002428541846898174,5.897815502135596e-06,0.014455593777885946,0.011730530002961485,0.013074893555456721,0.5178240381063884,10,0.25,ratio,0.2,0.005252782080092944,0.0047951120582096895,0.16666666666666666,2
sam,erm,True,0.006331538817652494,0.002428541846898174,5.897815502135596e-06,0.014455593777885946,0.011730530002961485,0.013074893555456721,0.5178240381063884,10,0.25,design,0.02,0.005252782080092944,0.0047951120582096895,0.16666666666666666,3
sam,erm,True,0.006331538817652494,0.002428541846898174,5.897815502135596e-06,0.014455593777885946,0.011730530002961485,0.013074893555456721,0.5178240381063884,10,0.25,design,0.05,0.005252782080092944,0.0047951120582096895,0.16666666666666666,3
sam,erm,True,0.006331538817652494,0.002428541846898174,5.897815502135596e-06,0.014455593777885946,0.011730530002961485,0.013074893555456721,0.5178240381063884,10,0.25,design,0.1,0.005252782080092944,0.0047951120582096895,0.16666666666666666,3
sam,erm,True,0.006331538817652494,0.002428541846898174,5.897815502135596e-06,0.014455593777885946,0.011730530002961485,0.013074893555456721,0.5178240381063884,10,0.25,design,0.2,0.005252782080092944,0.0047951120582096895,0.16666666666666666,3
sam,erm,True,0.006331538817652494,0.002428541846898174,5.897815502135596e-06,0.014455593777885946,0.011730530002961485,0.013074893555456721,0.5178240381063884,10,0.5,ratio,0.02,0.005872788901040284,0.0047951120582096895,0.3333333333333333,5
sam,erm,True,0.006331538817652494,0.002428541846898174,5.897815502135596e-06,0.014455593777885946,0.011730530002961485,0.013074893555456721,0.5178240381063884,10,0.5,ratio,0.05,0.005872788901040284,0.0047951120582096895,0.3333333333333333,3
sam,erm,True,0.006331538817652494,0.002428541846898174,5.897815502135596e-06,0.014455593777885946,0.011730530002961485,0.013074893555456721,0.5178240381063884,10,0.5,ratio,0.1,0.005872788901040284,0.0047951120582096895,0.3333333333333333,3
sam,erm,True,0.006331538817652494,0.002428541846898174,5.897815502135596e-06,0.014455593777885946,0.011730530002961485,0.013074893555456721,0.5178240381063884,10,0.5,ratio,0.2,0.005872788901040284,0.0047951120582096895,0.3333333333333333,2
sam,erm,True,0.006331538817652494,0.002428541846898174,5.897815502135596e-06,0.014455593777885946,0.011730530002961485,0.013074893555456721,0.5178240381063884,10,0.5,design,0.02,0.005872788901040284,0.0047951120582096895,0.3333333333333333,3
sam,erm,True,0.006331538817652494,0.002428541846898174,5.897815502135596e-06,0.014455593777885946,0.011730530002961485,0.013074893555456721,0.5178240381063884,10,0.5,design,0.05,0.005872788901040284,0.0047951120582096895,0.3333333333333333,3
sam,erm,True,0.006331538817652494,0.002428541846898174,5.897815502135596e-06,0.014455593777885946,0.011730530002961485,0.013074893555456721,0.5178240381063884,10,0.5,design,0.1,0.005872788901040284,0.0047951120582096895,0.3333333333333333,3
sam,erm,True,0.006331538817652494,0.002428541846898174,5.897815502135596e-06,0.014455593777885946,0.011730530002961485,0.013074893555456721,0.5178240381063884,10,0.5,design,0.2,0.005872788901040284,0.0047951120582096895,0.3333333333333333,3
simclr,erm,True,0.025821217483786876,0.024657411351037644,0.00060798793453428,0.01285575657781564,0.011730530002961485,0.017138748176389832,0.03030115741301716,1,0.0,none,0.02,0.030028729969613862,0.030028729969613862,0.0,20
simclr,erm,True,0.025821217483786876,0.024657411351037644,0.00060798793453428,0.01285575657781564,0.011730530002961485,0.017138748176389832,0.03030115741301716,1,0.0,none,0.05,0.030028729969613862,0.030028729969613862,0.0,6
simclr,erm,True,0.025821217483786876,0.024657411351037644,0.00060798793453428,0.01285575657781564,0.011730530002961485,0.017138748176389832,0.03030115741301716,1,0.0,none,0.1,0.030028729969613862,0.030028729969613862,0.0,3
simclr,erm,True,0.025821217483786876,0.024657411351037644,0.00060798793453428,0.01285575657781564,0.011730530002961485,0.017138748176389832,0.03030115741301716,1,0.0,none,0.2,0.030028729969613862,0.030028729969613862,0.0,3
simclr,erm,True,0.025821217483786876,0.024657411351037644,0.00060798793453428,0.01285575657781564,0.011730530002961485,0.017138748176389832,0.03030115741301716,1,0.25,ratio,0.02,0.032894825555177865,0.030028729969613862,0.16666666666666666,45
simclr,erm,True,0.025821217483786876,0.024657411351037644,0.00060798793453428,0.01285575657781564,0.011730530002961485,0.017138748176389832,0.03030115741301716,1,0.25,ratio,0.05,0.032894825555177865,0.030028729969613862,0.16666666666666666,9
simclr,erm,True,0.025821217483786876,0.024657411351037644,0.00060798793453428,0.01285575657781564,0.011730530002961485,0.017138748176389832,0.03030115741301716,1,0.25,ratio,0.1,0.032894825555177865,0.030028729969613862,0.16666666666666666,4
simclr,erm,True,0.025821217483786876,0.024657411351037644,0.00060798793453428,0.01285575657781564,0.011730530002961485,0.017138748176389832,0.03030115741301716,1,0.25,ratio,0.2,0.032894825555177865,0.030028729969613862,0.16666666666666666,3
simclr,erm,True,0.025821217483786876,0.024657411351037644,0.00060798793453428,0.01285575657781564,0.011730530002961485,0.017138748176389832,0.03030115741301716,1,0.25,design,0.02,0.032894825555177865,0.030028729969613862,0.16666666666666666,
simclr,erm,True,0.025821217483786876,0.024657411351037644,0.00060798793453428,0.01285575657781564,0.011730530002961485,0.017138748176389832,0.03030115741301716,1,0.25,design,0.05,0.032894825555177865,0.030028729969613862,0.16666666666666666,19
simclr,erm,True,0.025821217483786876,0.024657411351037644,0.00060798793453428,0.01285575657781564,0.011730530002961485,0.017138748176389832,0.03030115741301716,1,0.25,design,0.1,0.032894825555177865,0.030028729969613862,0.16666666666666666,4
simclr,erm,True,0.025821217483786876,0.024657411351037644,0.00060798793453428,0.01285575657781564,0.011730530002961485,0.017138748176389832,0.03030115741301716,1,0.25,design,0.2,0.032894825555177865,0.030028729969613862,0.16666666666666666,3
simclr,erm,True,0.025821217483786876,0.024657411351037644,0.00060798793453428,0.01285575657781564,0.011730530002961485,0.017138748176389832,0.03030115741301716,1,0.5,ratio,0.02,0.03677753302468748,0.030028729969613862,0.3333333333333333,82
simclr,erm,True,0.025821217483786876,0.024657411351037644,0.00060798793453428,0.01285575657781564,0.011730530002961485,0.017138748176389832,0.03030115741301716,1,0.5,ratio,0.05,0.03677753302468748,0.030028729969613862,0.3333333333333333,15
simclr,erm,True,0.025821217483786876,0.024657411351037644,0.00060798793453428,0.01285575657781564,0.011730530002961485,0.017138748176389832,0.03030115741301716,1,0.5,ratio,0.1,0.03677753302468748,0.030028729969613862,0.3333333333333333,6
simclr,erm,True,0.025821217483786876,0.024657411351037644,0.00060798793453428,0.01285575657781564,0.011730530002961485,0.017138748176389832,0.03030115741301716,1,0.5,ratio,0.2,0.03677753302468748,0.030028729969613862,0.3333333333333333,4
simclr,erm,True,0.025821217483786876,0.024657411351037644,0.00060798793453428,0.01285575657781564,0.011730530002961485,0.017138748176389832,0.03030115741301716,1,0.5,design,0.02,0.03677753302468748,0.030028729969613862,0.3333333333333333,
simclr,erm,True,0.025821217483786876,0.024657411351037644,0.00060798793453428,0.01285575657781564,0.011730530002961485,0.017138748176389832,0.03030115741301716,1,0.5,design,0.05,0.03677753302468748,0.030028729969613862,0.3333333333333333,
simclr,erm,True,0.025821217483786876,0.024657411351037644,0.00060798793453428,0.01285575657781564,0.011730530002961485,0.017138748176389832,0.03030115741301716,1,0.5,design,0.1,0.03677753302468748,0.030028729969613862,0.3333333333333333,4
simclr,erm,True,0.025821217483786876,0.024657411351037644,0.00060798793453428,0.01285575657781564,0.011730530002961485,0.017138748176389832,0.03030115741301716,1,0.5,design,0.2,0.03677753302468748,0.030028729969613862,0.3333333333333333,3
simclr,erm,True,0.025821217483786876,0.024657411351037644,0.00060798793453428,0.01285575657781564,0.011730530002961485,0.017138748176389832,0.03030115741301716,3,0.0,none,0.02,0.026568781760156947,0.026568781760156947,0.0,16
simclr,erm,True,0.025821217483786876,0.024657411351037644,0.00060798793453428,0.01285575657781564,0.011730530002961485,0.017138748176389832,0.03030115741301716,3,0.0,none,0.05,0.026568781760156947,0.026568781760156947,0.0,5
simclr,erm,True,0.025821217483786876,0.024657411351037644,0.00060798793453428,0.01285575657781564,0.011730530002961485,0.017138748176389832,0.03030115741301716,3,0.0,none,0.1,0.026568781760156947,0.026568781760156947,0.0,3
simclr,erm,True,0.025821217483786876,0.024657411351037644,0.00060798793453428,0.01285575657781564,0.011730530002961485,0.017138748176389832,0.03030115741301716,3,0.0,none,0.2,0.026568781760156947,0.026568781760156947,0.0,3
simclr,erm,True,0.025821217483786876,0.024657411351037644,0.00060798793453428,0.01285575657781564,0.011730530002961485,0.017138748176389832,0.03030115741301716,3,0.25,ratio,0.02,0.029104642190939542,0.026568781760156947,0.16666666666666666,36
simclr,erm,True,0.025821217483786876,0.024657411351037644,0.00060798793453428,0.01285575657781564,0.011730530002961485,0.017138748176389832,0.03030115741301716,3,0.25,ratio,0.05,0.029104642190939542,0.026568781760156947,0.16666666666666666,8
simclr,erm,True,0.025821217483786876,0.024657411351037644,0.00060798793453428,0.01285575657781564,0.011730530002961485,0.017138748176389832,0.03030115741301716,3,0.25,ratio,0.1,0.029104642190939542,0.026568781760156947,0.16666666666666666,4
simclr,erm,True,0.025821217483786876,0.024657411351037644,0.00060798793453428,0.01285575657781564,0.011730530002961485,0.017138748176389832,0.03030115741301716,3,0.25,ratio,0.2,0.029104642190939542,0.026568781760156947,0.16666666666666666,3
simclr,erm,True,0.025821217483786876,0.024657411351037644,0.00060798793453428,0.01285575657781564,0.011730530002961485,0.017138748176389832,0.03030115741301716,3,0.25,design,0.02,0.029104642190939542,0.026568781760156947,0.16666666666666666,
simclr,erm,True,0.025821217483786876,0.024657411351037644,0.00060798793453428,0.01285575657781564,0.011730530002961485,0.017138748176389832,0.03030115741301716,3,0.25,design,0.05,0.029104642190939542,0.026568781760156947,0.16666666666666666,9
simclr,erm,True,0.025821217483786876,0.024657411351037644,0.00060798793453428,0.01285575657781564,0.011730530002961485,0.017138748176389832,0.03030115741301716,3,0.25,design,0.1,0.029104642190939542,0.026568781760156947,0.16666666666666666,3
simclr,erm,True,0.025821217483786876,0.024657411351037644,0.00060798793453428,0.01285575657781564,0.011730530002961485,0.017138748176389832,0.03030115741301716,3,0.25,design,0.2,0.029104642190939542,0.026568781760156947,0.16666666666666666,3
simclr,erm,True,0.025821217483786876,0.024657411351037644,0.00060798793453428,0.01285575657781564,0.011730530002961485,0.017138748176389832,0.03030115741301716,3,0.5,ratio,0.02,0.03253997919987462,0.026568781760156947,0.3333333333333333,65
simclr,erm,True,0.025821217483786876,0.024657411351037644,0.00060798793453428,0.01285575657781564,0.011730530002961485,0.017138748176389832,0.03030115741301716,3,0.5,ratio,0.05,0.03253997919987462,0.026568781760156947,0.3333333333333333,13
simclr,erm,True,0.025821217483786876,0.024657411351037644,0.00060798793453428,0.01285575657781564,0.011730530002961485,0.017138748176389832,0.03030115741301716,3,0.5,ratio,0.1,0.03253997919987462,0.026568781760156947,0.3333333333333333,5
simclr,erm,True,0.025821217483786876,0.024657411351037644,0.00060798793453428,0.01285575657781564,0.011730530002961485,0.017138748176389832,0.03030115741301716,3,0.5,ratio,0.2,0.03253997919987462,0.026568781760156947,0.3333333333333333,3
simclr,erm,True,0.025821217483786876,0.024657411351037644,0.00060798793453428,0.01285575657781564,0.011730530002961485,0.017138748176389832,0.03030115741301716,3,0.5,design,0.02,0.03253997919987462,0.026568781760156947,0.3333333333333333,
simclr,erm,True,0.025821217483786876,0.024657411351037644,0.00060798793453428,0.01285575657781564,0.011730530002961485,0.017138748176389832,0.03030115741301716,3,0.5,design,0.05,0.03253997919987462,0.026568781760156947,0.3333333333333333,
simclr,erm,True,0.025821217483786876,0.024657411351037644,0.00060798793453428,0.01285575657781564,0.011730530002961485,0.017138748176389832,0.03030115741301716,3,0.5,design,0.1,0.03253997919987462,0.026568781760156947,0.3333333333333333,4
simclr,erm,True,0.025821217483786876,0.024657411351037644,0.00060798793453428,0.01285575657781564,0.011730530002961485,0.017138748176389832,0.03030115741301716,3,0.5,design,0.2,0.03253997919987462,0.026568781760156947,0.3333333333333333,3
simclr,erm,True,0.025821217483786876,0.024657411351037644,0.00060798793453428,0.01285575657781564,0.011730530002961485,0.017138748176389832,0.03030115741301716,5,0.0,none,0.02,0.025821217483786876,0.025821217483786876,0.0,16
simclr,erm,True,0.025821217483786876,0.024657411351037644,0.00060798793453428,0.01285575657781564,0.011730530002961485,0.017138748176389832,0.03030115741301716,5,0.0,none,0.05,0.025821217483786876,0.025821217483786876,0.0,5
simclr,erm,True,0.025821217483786876,0.024657411351037644,0.00060798793453428,0.01285575657781564,0.011730530002961485,0.017138748176389832,0.03030115741301716,5,0.0,none,0.1,0.025821217483786876,0.025821217483786876,0.0,3
simclr,erm,True,0.025821217483786876,0.024657411351037644,0.00060798793453428,0.01285575657781564,0.011730530002961485,0.017138748176389832,0.03030115741301716,5,0.0,none,0.2,0.025821217483786876,0.025821217483786876,0.0,3
simclr,erm,True,0.025821217483786876,0.024657411351037644,0.00060798793453428,0.01285575657781564,0.011730530002961485,0.017138748176389832,0.03030115741301716,5,0.25,ratio,0.02,0.028285726556233712,0.025821217483786876,0.16666666666666666,34
simclr,erm,True,0.025821217483786876,0.024657411351037644,0.00060798793453428,0.01285575657781564,0.011730530002961485,0.017138748176389832,0.03030115741301716,5,0.25,ratio,0.05,0.028285726556233712,0.025821217483786876,0.16666666666666666,8
simclr,erm,True,0.025821217483786876,0.024657411351037644,0.00060798793453428,0.01285575657781564,0.011730530002961485,0.017138748176389832,0.03030115741301716,5,0.25,ratio,0.1,0.028285726556233712,0.025821217483786876,0.16666666666666666,4
simclr,erm,True,0.025821217483786876,0.024657411351037644,0.00060798793453428,0.01285575657781564,0.011730530002961485,0.017138748176389832,0.03030115741301716,5,0.25,ratio,0.2,0.028285726556233712,0.025821217483786876,0.16666666666666666,3
simclr,erm,True,0.025821217483786876,0.024657411351037644,0.00060798793453428,0.01285575657781564,0.011730530002961485,0.017138748176389832,0.03030115741301716,5,0.25,design,0.02,0.028285726556233712,0.025821217483786876,0.16666666666666666,
simclr,erm,True,0.025821217483786876,0.024657411351037644,0.00060798793453428,0.01285575657781564,0.011730530002961485,0.017138748176389832,0.03030115741301716,5,0.25,design,0.05,0.028285726556233712,0.025821217483786876,0.16666666666666666,8
simclr,erm,True,0.025821217483786876,0.024657411351037644,0.00060798793453428,0.01285575657781564,0.011730530002961485,0.017138748176389832,0.03030115741301716,5,0.25,design,0.1,0.028285726556233712,0.025821217483786876,0.16666666666666666,3
simclr,erm,True,0.025821217483786876,0.024657411351037644,0.00060798793453428,0.01285575657781564,0.011730530002961485,0.017138748176389832,0.03030115741301716,5,0.25,design,0.2,0.028285726556233712,0.025821217483786876,0.16666666666666666,3
simclr,erm,True,0.025821217483786876,0.024657411351037644,0.00060798793453428,0.01285575657781564,0.011730530002961485,0.017138748176389832,0.03030115741301716,5,0.5,ratio,0.02,0.03162440368635481,0.025821217483786876,0.3333333333333333,61
simclr,erm,True,0.025821217483786876,0.024657411351037644,0.00060798793453428,0.01285575657781564,0.011730530002961485,0.017138748176389832,0.03030115741301716,5,0.5,ratio,0.05,0.03162440368635481,0.025821217483786876,0.3333333333333333,12
simclr,erm,True,0.025821217483786876,0.024657411351037644,0.00060798793453428,0.01285575657781564,0.011730530002961485,0.017138748176389832,0.03030115741301716,5,0.5,ratio,0.1,0.03162440368635481,0.025821217483786876,0.3333333333333333,5
simclr,erm,True,0.025821217483786876,0.024657411351037644,0.00060798793453428,0.01285575657781564,0.011730530002961485,0.017138748176389832,0.03030115741301716,5,0.5,ratio,0.2,0.03162440368635481,0.025821217483786876,0.3333333333333333,3
simclr,erm,True,0.025821217483786876,0.024657411351037644,0.00060798793453428,0.01285575657781564,0.011730530002961485,0.017138748176389832,0.03030115741301716,5,0.5,design,0.02,0.03162440368635481,0.025821217483786876,0.3333333333333333,
simclr,erm,True,0.025821217483786876,0.024657411351037644,0.00060798793453428,0.01285575657781564,0.011730530002961485,0.017138748176389832,0.03030115741301716,5,0.5,design,0.05,0.03162440368635481,0.025821217483786876,0.3333333333333333,
simclr,erm,True,0.025821217483786876,0.024657411351037644,0.00060798793453428,0.01285575657781564,0.011730530002961485,0.017138748176389832,0.03030115741301716,5,0.5,design,0.1,0.03162440368635481,0.025821217483786876,0.3333333333333333,4
simclr,erm,True,0.025821217483786876,0.024657411351037644,0.00060798793453428,0.01285575657781564,0.011730530002961485,0.017138748176389832,0.03030115741301716,5,0.5,design,0.2,0.03162440368635481,0.025821217483786876,0.3333333333333333,3
simclr,erm,True,0.025821217483786876,0.024657411351037644,0.00060798793453428,0.01285575657781564,0.011730530002961485,0.017138748176389832,0.03030115741301716,10,0.0,none,0.02,0.02524602153686102,0.02524602153686102,0.0,15
simclr,erm,True,0.025821217483786876,0.024657411351037644,0.00060798793453428,0.01285575657781564,0.011730530002961485,0.017138748176389832,0.03030115741301716,10,0.0,none,0.05,0.02524602153686102,0.02524602153686102,0.0,5
simclr,erm,True,0.025821217483786876,0.024657411351037644,0.00060798793453428,0.01285575657781564,0.011730530002961485,0.017138748176389832,0.03030115741301716,10,0.0,none,0.1,0.02524602153686102,0.02524602153686102,0.0,3
simclr,erm,True,0.025821217483786876,0.024657411351037644,0.00060798793453428,0.01285575657781564,0.011730530002961485,0.017138748176389832,0.03030115741301716,10,0.0,none,0.2,0.02524602153686102,0.02524602153686102,0.0,3
simclr,erm,True,0.025821217483786876,0.024657411351037644,0.00060798793453428,0.01285575657781564,0.011730530002961485,0.017138748176389832,0.03030115741301716,10,0.25,ratio,0.02,0.027655630966000044,0.02524602153686102,0.16666666666666666,32
simclr,erm,True,0.025821217483786876,0.024657411351037644,0.00060798793453428,0.01285575657781564,0.011730530002961485,0.017138748176389832,0.03030115741301716,10,0.25,ratio,0.05,0.027655630966000044,0.02524602153686102,0.16666666666666666,7
simclr,erm,True,0.025821217483786876,0.024657411351037644,0.00060798793453428,0.01285575657781564,0.011730530002961485,0.017138748176389832,0.03030115741301716,10,0.25,ratio,0.1,0.027655630966000044,0.02524602153686102,0.16666666666666666,4
simclr,erm,True,0.025821217483786876,0.024657411351037644,0.00060798793453428,0.01285575657781564,0.011730530002961485,0.017138748176389832,0.03030115741301716,10,0.25,ratio,0.2,0.027655630966000044,0.02524602153686102,0.16666666666666666,3
simclr,erm,True,0.025821217483786876,0.024657411351037644,0.00060798793453428,0.01285575657781564,0.011730530002961485,0.017138748176389832,0.03030115741301716,10,0.25,design,0.02,0.027655630966000044,0.02524602153686102,0.16666666666666666,
simclr,erm,True,0.025821217483786876,0.024657411351037644,0.00060798793453428,0.01285575657781564,0.011730530002961485,0.017138748176389832,0.03030115741301716,10,0.25,design,0.05,0.027655630966000044,0.02524602153686102,0.16666666666666666,7
simclr,erm,True,0.025821217483786876,0.024657411351037644,0.00060798793453428,0.01285575657781564,0.011730530002961485,0.017138748176389832,0.03030115741301716,10,0.25,design,0.1,0.027655630966000044,0.02524602153686102,0.16666666666666666,3
simclr,erm,True,0.025821217483786876,0.024657411351037644,0.00060798793453428,0.01285575657781564,0.011730530002961485,0.017138748176389832,0.03030115741301716,10,0.25,design,0.2,0.027655630966000044,0.02524602153686102,0.16666666666666666,3
simclr,erm,True,0.025821217483786876,0.024657411351037644,0.00060798793453428,0.01285575657781564,0.011730530002961485,0.017138748176389832,0.03030115741301716,10,0.5,ratio,0.02,0.03091993540031214,0.02524602153686102,0.3333333333333333,59
simclr,erm,True,0.025821217483786876,0.024657411351037644,0.00060798793453428,0.01285575657781564,0.011730530002961485,0.017138748176389832,0.03030115741301716,10,0.5,ratio,0.05,0.03091993540031214,0.02524602153686102,0.3333333333333333,12
simclr,erm,True,0.025821217483786876,0.024657411351037644,0.00060798793453428,0.01285575657781564,0.011730530002961485,0.017138748176389832,0.03030115741301716,10,0.5,ratio,0.1,0.03091993540031214,0.02524602153686102,0.3333333333333333,5
simclr,erm,True,0.025821217483786876,0.024657411351037644,0.00060798793453428,0.01285575657781564,0.011730530002961485,0.017138748176389832,0.03030115741301716,10,0.5,ratio,0.2,0.03091993540031214,0.02524602153686102,0.3333333333333333,3
simclr,erm,True,0.025821217483786876,0.024657411351037644,0.00060798793453428,0.01285575657781564,0.011730530002961485,0.017138748176389832,0.03030115741301716,10,0.5,design,0.02,0.03091993540031214,0.02524602153686102,0.3333333333333333,
simclr,erm,True,0.025821217483786876,0.024657411351037644,0.00060798793453428,0.01285575657781564,0.011730530002961485,0.017138748176389832,0.03030115741301716,10,0.5,design,0.05,0.03091993540031214,0.02524602153686102,0.3333333333333333,
simclr,erm,True,0.025821217483786876,0.024657411351037644,0.00060798793453428,0.01285575657781564,0.011730530002961485,0.017138748176389832,0.03030115741301716,10,0.5,design,0.1,0.03091993540031214,0.02524602153686102,0.3333333333333333,4
simclr,erm,True,0.025821217483786876,0.024657411351037644,0.00060798793453428,0.01285575657781564,0.011730530002961485,0.017138748176389832,0.03030115741301716,10,0.5,design,0.2,0.03091993540031214,0.02524602153686102,0.3333333333333333,3
simclr_sam,erm,True,0.024821720383429308,0.023599109630921766,0.0005569179753722645,0.013636621237623171,0.011730530002961485,0.017204625456673783,0.08615531904680851,1,0.0,none,0.02,0.02920474469117462,0.02920474469117462,0.0,19
simclr_sam,erm,True,0.024821720383429308,0.023599109630921766,0.0005569179753722645,0.013636621237623171,0.011730530002961485,0.017204625456673783,0.08615531904680851,1,0.0,none,0.05,0.02920474469117462,0.02920474469117462,0.0,5
simclr_sam,erm,True,0.024821720383429308,0.023599109630921766,0.0005569179753722645,0.013636621237623171,0.011730530002961485,0.017204625456673783,0.08615531904680851,1,0.0,none,0.1,0.02920474469117462,0.02920474469117462,0.0,3
simclr_sam,erm,True,0.024821720383429308,0.023599109630921766,0.0005569179753722645,0.013636621237623171,0.011730530002961485,0.017204625456673783,0.08615531904680851,1,0.0,none,0.2,0.02920474469117462,0.02920474469117462,0.0,3
simclr_sam,erm,True,0.024821720383429308,0.023599109630921766,0.0005569179753722645,0.013636621237623171,0.011730530002961485,0.017204625456673783,0.08615531904680851,1,0.25,ratio,0.02,0.03199219490707117,0.02920474469117462,0.16666666666666666,43
simclr_sam,erm,True,0.024821720383429308,0.023599109630921766,0.0005569179753722645,0.013636621237623171,0.011730530002961485,0.017204625456673783,0.08615531904680851,1,0.25,ratio,0.05,0.03199219490707117,0.02920474469117462,0.16666666666666666,9
simclr_sam,erm,True,0.024821720383429308,0.023599109630921766,0.0005569179753722645,0.013636621237623171,0.011730530002961485,0.017204625456673783,0.08615531904680851,1,0.25,ratio,0.1,0.03199219490707117,0.02920474469117462,0.16666666666666666,4
simclr_sam,erm,True,0.024821720383429308,0.023599109630921766,0.0005569179753722645,0.013636621237623171,0.011730530002961485,0.017204625456673783,0.08615531904680851,1,0.25,ratio,0.2,0.03199219490707117,0.02920474469117462,0.16666666666666666,3
simclr_sam,erm,True,0.024821720383429308,0.023599109630921766,0.0005569179753722645,0.013636621237623171,0.011730530002961485,0.017204625456673783,0.08615531904680851,1,0.25,design,0.02,0.03199219490707117,0.02920474469117462,0.16666666666666666,
simclr_sam,erm,True,0.024821720383429308,0.023599109630921766,0.0005569179753722645,0.013636621237623171,0.011730530002961485,0.017204625456673783,0.08615531904680851,1,0.25,design,0.05,0.03199219490707117,0.02920474469117462,0.16666666666666666,15
simclr_sam,erm,True,0.024821720383429308,0.023599109630921766,0.0005569179753722645,0.013636621237623171,0.011730530002961485,0.017204625456673783,0.08615531904680851,1,0.25,design,0.1,0.03199219490707117,0.02920474469117462,0.16666666666666666,4
simclr_sam,erm,True,0.024821720383429308,0.023599109630921766,0.0005569179753722645,0.013636621237623171,0.011730530002961485,0.017204625456673783,0.08615531904680851,1,0.25,design,0.2,0.03199219490707117,0.02920474469117462,0.16666666666666666,3
simclr_sam,erm,True,0.024821720383429308,0.023599109630921766,0.0005569179753722645,0.013636621237623171,0.011730530002961485,0.017204625456673783,0.08615531904680851,1,0.5,ratio,0.02,0.035768361280816854,0.02920474469117462,0.3333333333333333,78
simclr_sam,erm,True,0.024821720383429308,0.023599109630921766,0.0005569179753722645,0.013636621237623171,0.011730530002961485,0.017204625456673783,0.08615531904680851,1,0.5,ratio,0.05,0.035768361280816854,0.02920474469117462,0.3333333333333333,15
simclr_sam,erm,True,0.024821720383429308,0.023599109630921766,0.0005569179753722645,0.013636621237623171,0.011730530002961485,0.017204625456673783,0.08615531904680851,1,0.5,ratio,0.1,0.035768361280816854,0.02920474469117462,0.3333333333333333,6
simclr_sam,erm,True,0.024821720383429308,0.023599109630921766,0.0005569179753722645,0.013636621237623171,0.011730530002961485,0.017204625456673783,0.08615531904680851,1,0.5,ratio,0.2,0.035768361280816854,0.02920474469117462,0.3333333333333333,4
simclr_sam,erm,True,0.024821720383429308,0.023599109630921766,0.0005569179753722645,0.013636621237623171,0.011730530002961485,0.017204625456673783,0.08615531904680851,1,0.5,design,0.02,0.035768361280816854,0.02920474469117462,0.3333333333333333,
simclr_sam,erm,True,0.024821720383429308,0.023599109630921766,0.0005569179753722645,0.013636621237623171,0.011730530002961485,0.017204625456673783,0.08615531904680851,1,0.5,design,0.05,0.035768361280816854,0.02920474469117462,0.3333333333333333,
simclr_sam,erm,True,0.024821720383429308,0.023599109630921766,0.0005569179753722645,0.013636621237623171,0.011730530002961485,0.017204625456673783,0.08615531904680851,1,0.5,design,0.1,0.035768361280816854,0.02920474469117462,0.3333333333333333,4
simclr_sam,erm,True,0.024821720383429308,0.023599109630921766,0.0005569179753722645,0.013636621237623171,0.011730530002961485,0.017204625456673783,0.08615531904680851,1,0.5,design,0.2,0.035768361280816854,0.02920474469117462,0.3333333333333333,3
simclr_sam,erm,True,0.024821720383429308,0.023599109630921766,0.0005569179753722645,0.013636621237623171,0.011730530002961485,0.017204625456673783,0.08615531904680851,3,0.0,none,0.02,0.025604381547053107,0.025604381547053107,0.0,15
simclr_sam,erm,True,0.024821720383429308,0.023599109630921766,0.0005569179753722645,0.013636621237623171,0.011730530002961485,0.017204625456673783,0.08615531904680851,3,0.0,none,0.05,0.025604381547053107,0.025604381547053107,0.0,5
simclr_sam,erm,True,0.024821720383429308,0.023599109630921766,0.0005569179753722645,0.013636621237623171,0.011730530002961485,0.017204625456673783,0.08615531904680851,3,0.0,none,0.1,0.025604381547053107,0.025604381547053107,0.0,3
simclr_sam,erm,True,0.024821720383429308,0.023599109630921766,0.0005569179753722645,0.013636621237623171,0.011730530002961485,0.017204625456673783,0.08615531904680851,3,0.0,none,0.2,0.025604381547053107,0.025604381547053107,0.0,3
simclr_sam,erm,True,0.024821720383429308,0.023599109630921766,0.0005569179753722645,0.013636621237623171,0.011730530002961485,0.017204625456673783,0.08615531904680851,3,0.25,ratio,0.02,0.028048194688580018,0.025604381547053107,0.16666666666666666,33
simclr_sam,erm,True,0.024821720383429308,0.023599109630921766,0.0005569179753722645,0.013636621237623171,0.011730530002961485,0.017204625456673783,0.08615531904680851,3,0.25,ratio,0.05,0.028048194688580018,0.025604381547053107,0.16666666666666666,8
simclr_sam,erm,True,0.024821720383429308,0.023599109630921766,0.0005569179753722645,0.013636621237623171,0.011730530002961485,0.017204625456673783,0.08615531904680851,3,0.25,ratio,0.1,0.028048194688580018,0.025604381547053107,0.16666666666666666,4
simclr_sam,erm,True,0.024821720383429308,0.023599109630921766,0.0005569179753722645,0.013636621237623171,0.011730530002961485,0.017204625456673783,0.08615531904680851,3,0.25,ratio,0.2,0.028048194688580018,0.025604381547053107,0.16666666666666666,3
simclr_sam,erm,True,0.024821720383429308,0.023599109630921766,0.0005569179753722645,0.013636621237623171,0.011730530002961485,0.017204625456673783,0.08615531904680851,3,0.25,design,0.02,0.028048194688580018,0.025604381547053107,0.16666666666666666,
simclr_sam,erm,True,0.024821720383429308,0.023599109630921766,0.0005569179753722645,0.013636621237623171,0.011730530002961485,0.017204625456673783,0.08615531904680851,3,0.25,design,0.05,0.028048194688580018,0.025604381547053107,0.16666666666666666,8
simclr_sam,erm,True,0.024821720383429308,0.023599109630921766,0.0005569179753722645,0.013636621237623171,0.011730530002961485,0.017204625456673783,0.08615531904680851,3,0.25,design,0.1,0.028048194688580018,0.025604381547053107,0.16666666666666666,3
simclr_sam,erm,True,0.024821720383429308,0.023599109630921766,0.0005569179753722645,0.013636621237623171,0.011730530002961485,0.017204625456673783,0.08615531904680851,3,0.25,design,0.2,0.028048194688580018,0.025604381547053107,0.16666666666666666,3
simclr_sam,erm,True,0.024821720383429308,0.023599109630921766,0.0005569179753722645,0.013636621237623171,0.011730530002961485,0.017204625456673783,0.08615531904680851,3,0.5,ratio,0.02,0.031358834984906735,0.025604381547053107,0.3333333333333333,60
simclr_sam,erm,True,0.024821720383429308,0.023599109630921766,0.0005569179753722645,0.013636621237623171,0.011730530002961485,0.017204625456673783,0.08615531904680851,3,0.5,ratio,0.05,0.031358834984906735,0.025604381547053107,0.3333333333333333,12
simclr_sam,erm,True,0.024821720383429308,0.023599109630921766,0.0005569179753722645,0.013636621237623171,0.011730530002961485,0.017204625456673783,0.08615531904680851,3,0.5,ratio,0.1,0.031358834984906735,0.025604381547053107,0.3333333333333333,5
simclr_sam,erm,True,0.024821720383429308,0.023599109630921766,0.0005569179753722645,0.013636621237623171,0.011730530002961485,0.017204625456673783,0.08615531904680851,3,0.5,ratio,0.2,0.031358834984906735,0.025604381547053107,0.3333333333333333,3
simclr_sam,erm,True,0.024821720383429308,0.023599109630921766,0.0005569179753722645,0.013636621237623171,0.011730530002961485,0.017204625456673783,0.08615531904680851,3,0.5,design,0.02,0.031358834984906735,0.025604381547053107,0.3333333333333333,
simclr_sam,erm,True,0.024821720383429308,0.023599109630921766,0.0005569179753722645,0.013636621237623171,0.011730530002961485,0.017204625456673783,0.08615531904680851,3,0.5,design,0.05,0.031358834984906735,0.025604381547053107,0.3333333333333333,
simclr_sam,erm,True,0.024821720383429308,0.023599109630921766,0.0005569179753722645,0.013636621237623171,0.011730530002961485,0.017204625456673783,0.08615531904680851,3,0.5,design,0.1,0.031358834984906735,0.025604381547053107,0.3333333333333333,4
simclr_sam,erm,True,0.024821720383429308,0.023599109630921766,0.0005569179753722645,0.013636621237623171,0.011730530002961485,0.017204625456673783,0.08615531904680851,3,0.5,design,0.2,0.031358834984906735,0.025604381547053107,0.3333333333333333,3
simclr_sam,erm,True,0.024821720383429308,0.023599109630921766,0.0005569179753722645,0.013636621237623171,0.011730530002961485,0.017204625456673783,0.08615531904680851,5,0.0,none,0.02,0.024821720383429308,0.024821720383429308,0.0,15
simclr_sam,erm,True,0.024821720383429308,0.023599109630921766,0.0005569179753722645,0.013636621237623171,0.011730530002961485,0.017204625456673783,0.08615531904680851,5,0.0,none,0.05,0.024821720383429308,0.024821720383429308,0.0,5
simclr_sam,erm,True,0.024821720383429308,0.023599109630921766,0.0005569179753722645,0.013636621237623171,0.011730530002961485,0.017204625456673783,0.08615531904680851,5,0.0,none,0.1,0.024821720383429308,0.024821720383429308,0.0,3
simclr_sam,erm,True,0.024821720383429308,0.023599109630921766,0.0005569179753722645,0.013636621237623171,0.011730530002961485,0.017204625456673783,0.08615531904680851,5,0.0,none,0.2,0.024821720383429308,0.024821720383429308,0.0,3
simclr_sam,erm,True,0.024821720383429308,0.023599109630921766,0.0005569179753722645,0.013636621237623171,0.011730530002961485,0.017204625456673783,0.08615531904680851,5,0.25,ratio,0.02,0.027190832340180025,0.024821720383429308,0.16666666666666666,31
simclr_sam,erm,True,0.024821720383429308,0.023599109630921766,0.0005569179753722645,0.013636621237623171,0.011730530002961485,0.017204625456673783,0.08615531904680851,5,0.25,ratio,0.05,0.027190832340180025,0.024821720383429308,0.16666666666666666,7
simclr_sam,erm,True,0.024821720383429308,0.023599109630921766,0.0005569179753722645,0.013636621237623171,0.011730530002961485,0.017204625456673783,0.08615531904680851,5,0.25,ratio,0.1,0.027190832340180025,0.024821720383429308,0.16666666666666666,4
simclr_sam,erm,True,0.024821720383429308,0.023599109630921766,0.0005569179753722645,0.013636621237623171,0.011730530002961485,0.017204625456673783,0.08615531904680851,5,0.25,ratio,0.2,0.027190832340180025,0.024821720383429308,0.16666666666666666,3
simclr_sam,erm,True,0.024821720383429308,0.023599109630921766,0.0005569179753722645,0.013636621237623171,0.011730530002961485,0.017204625456673783,0.08615531904680851,5,0.25,design,0.02,0.027190832340180025,0.024821720383429308,0.16666666666666666,
simclr_sam,erm,True,0.024821720383429308,0.023599109630921766,0.0005569179753722645,0.013636621237623171,0.011730530002961485,0.017204625456673783,0.08615531904680851,5,0.25,design,0.05,0.027190832340180025,0.024821720383429308,0.16666666666666666,7
simclr_sam,erm,True,0.024821720383429308,0.023599109630921766,0.0005569179753722645,0.013636621237623171,0.011730530002961485,0.017204625456673783,0.08615531904680851,5,0.25,design,0.1,0.027190832340180025,0.024821720383429308,0.16666666666666666,3
simclr_sam,erm,True,0.024821720383429308,0.023599109630921766,0.0005569179753722645,0.013636621237623171,0.011730530002961485,0.017204625456673783,0.08615531904680851,5,0.25,design,0.2,0.027190832340180025,0.024821720383429308,0.16666666666666666,3
simclr_sam,erm,True,0.024821720383429308,0.023599109630921766,0.0005569179753722645,0.013636621237623171,0.011730530002961485,0.017204625456673783,0.08615531904680851,5,0.5,ratio,0.02,0.03040027473872111,0.024821720383429308,0.3333333333333333,57
simclr_sam,erm,True,0.024821720383429308,0.023599109630921766,0.0005569179753722645,0.013636621237623171,0.011730530002961485,0.017204625456673783,0.08615531904680851,5,0.5,ratio,0.05,0.03040027473872111,0.024821720383429308,0.3333333333333333,11
simclr_sam,erm,True,0.024821720383429308,0.023599109630921766,0.0005569179753722645,0.013636621237623171,0.011730530002961485,0.017204625456673783,0.08615531904680851,5,0.5,ratio,0.1,0.03040027473872111,0.024821720383429308,0.3333333333333333,5
simclr_sam,erm,True,0.024821720383429308,0.023599109630921766,0.0005569179753722645,0.013636621237623171,0.011730530002961485,0.017204625456673783,0.08615531904680851,5,0.5,ratio,0.2,0.03040027473872111,0.024821720383429308,0.3333333333333333,3
simclr_sam,erm,True,0.024821720383429308,0.023599109630921766,0.0005569179753722645,0.013636621237623171,0.011730530002961485,0.017204625456673783,0.08615531904680851,5,0.5,design,0.02,0.03040027473872111,0.024821720383429308,0.3333333333333333,
simclr_sam,erm,True,0.024821720383429308,0.023599109630921766,0.0005569179753722645,0.013636621237623171,0.011730530002961485,0.017204625456673783,0.08615531904680851,5,0.5,design,0.05,0.03040027473872111,0.024821720383429308,0.3333333333333333,
simclr_sam,erm,True,0.024821720383429308,0.023599109630921766,0.0005569179753722645,0.013636621237623171,0.011730530002961485,0.017204625456673783,0.08615531904680851,5,0.5,design,0.1,0.03040027473872111,0.024821720383429308,0.3333333333333333,3
simclr_sam,erm,True,0.024821720383429308,0.023599109630921766,0.0005569179753722645,0.013636621237623171,0.011730530002961485,0.017204625456673783,0.08615531904680851,5,0.5,design,0.2,0.03040027473872111,0.024821720383429308,0.3333333333333333,3
simclr_sam,erm,True,0.024821720383429308,0.023599109630921766,0.0005569179753722645,0.013636621237623171,0.011730530002961485,0.017204625456673783,0.08615531904680851,10,0.0,none,0.02,0.024218131411872124,0.024218131411872124,0.0,14
simclr_sam,erm,True,0.024821720383429308,0.023599109630921766,0.0005569179753722645,0.013636621237623171,0.011730530002961485,0.017204625456673783,0.08615531904680851,10,0.0,none,0.05,0.024218131411872124,0.024218131411872124,0.0,5
simclr_sam,erm,True,0.024821720383429308,0.023599109630921766,0.0005569179753722645,0.013636621237623171,0.011730530002961485,0.017204625456673783,0.08615531904680851,10,0.0,none,0.1,0.024218131411872124,0.024218131411872124,0.0,3
simclr_sam,erm,True,0.024821720383429308,0.023599109630921766,0.0005569179753722645,0.013636621237623171,0.011730530002961485,0.017204625456673783,0.08615531904680851,10,0.0,none,0.2,0.024218131411872124,0.024218131411872124,0.0,3
simclr_sam,erm,True,0.024821720383429308,0.023599109630921766,0.0005569179753722645,0.013636621237623171,0.011730530002961485,0.017204625456673783,0.08615531904680851,10,0.25,ratio,0.02,0.026529633749813597,0.024218131411872124,0.16666666666666666,30
simclr_sam,erm,True,0.024821720383429308,0.023599109630921766,0.0005569179753722645,0.013636621237623171,0.011730530002961485,0.017204625456673783,0.08615531904680851,10,0.25,ratio,0.05,0.026529633749813597,0.024218131411872124,0.16666666666666666,7
simclr_sam,erm,True,0.024821720383429308,0.023599109630921766,0.0005569179753722645,0.013636621237623171,0.011730530002961485,0.017204625456673783,0.08615531904680851,10,0.25,ratio,0.1,0.026529633749813597,0.024218131411872124,0.16666666666666666,4
simclr_sam,erm,True,0.024821720383429308,0.023599109630921766,0.0005569179753722645,0.013636621237623171,0.011730530002961485,0.017204625456673783,0.08615531904680851,10,0.25,ratio,0.2,0.026529633749813597,0.024218131411872124,0.16666666666666666,3
simclr_sam,erm,True,0.024821720383429308,0.023599109630921766,0.0005569179753722645,0.013636621237623171,0.011730530002961485,0.017204625456673783,0.08615531904680851,10,0.25,design,0.02,0.026529633749813597,0.024218131411872124,0.16666666666666666,
simclr_sam,erm,True,0.024821720383429308,0.023599109630921766,0.0005569179753722645,0.013636621237623171,0.011730530002961485,0.017204625456673783,0.08615531904680851,10,0.25,design,0.05,0.026529633749813597,0.024218131411872124,0.16666666666666666,7
simclr_sam,erm,True,0.024821720383429308,0.023599109630921766,0.0005569179753722645,0.013636621237623171,0.011730530002961485,0.017204625456673783,0.08615531904680851,10,0.25,design,0.1,0.026529633749813597,0.024218131411872124,0.16666666666666666,3
simclr_sam,erm,True,0.024821720383429308,0.023599109630921766,0.0005569179753722645,0.013636621237623171,0.011730530002961485,0.017204625456673783,0.08615531904680851,10,0.25,design,0.2,0.026529633749813597,0.024218131411872124,0.16666666666666666,3
simclr_sam,erm,True,0.024821720383429308,0.023599109630921766,0.0005569179753722645,0.013636621237623171,0.011730530002961485,0.017204625456673783,0.08615531904680851,10,0.5,ratio,0.02,0.02966103224137793,0.024218131411872124,0.3333333333333333,54
simclr_sam,erm,True,0.024821720383429308,0.023599109630921766,0.0005569179753722645,0.013636621237623171,0.011730530002961485,0.017204625456673783,0.08615531904680851,10,0.5,ratio,0.05,0.02966103224137793,0.024218131411872124,0.3333333333333333,11
simclr_sam,erm,True,0.024821720383429308,0.023599109630921766,0.0005569179753722645,0.013636621237623171,0.011730530002961485,0.017204625456673783,0.08615531904680851,10,0.5,ratio,0.1,0.02966103224137793,0.024218131411872124,0.3333333333333333,5
simclr_sam,erm,True,0.024821720383429308,0.023599109630921766,0.0005569179753722645,0.013636621237623171,0.011730530002961485,0.017204625456673783,0.08615531904680851,10,0.5,ratio,0.2,0.02966103224137793,0.024218131411872124,0.3333333333333333,3
simclr_sam,erm,True,0.024821720383429308,0.023599109630921766,0.0005569179753722645,0.013636621237623171,0.011730530002961485,0.017204625456673783,0.08615531904680851,10,0.5,design,0.02,0.02966103224137793,0.024218131411872124,0.3333333333333333,
simclr_sam,erm,True,0.024821720383429308,0.023599109630921766,0.0005569179753722645,0.013636621237623171,0.011730530002961485,0.017204625456673783,0.08615531904680851,10,0.5,design,0.05,0.02966103224137793,0.024218131411872124,0.3333333333333333,
simclr_sam,erm,True,0.024821720383429308,0.023599109630921766,0.0005569179753722645,0.013636621237623171,0.011730530002961485,0.017204625456673783,0.08615531904680851,10,0.5,design,0.1,0.02966103224137793,0.024218131411872124,0.3333333333333333,3
simclr_sam,erm,True,0.024821720383429308,0.023599109630921766,0.0005569179753722645,0.013636621237623171,0.011730530002961485,0.017204625456673783,0.08615531904680851,10,0.5,design,0.2,0.02966103224137793,0.024218131411872124,0.3333333333333333,3
tia_style,erm,True,0.024666045306717198,0.024300468549070267,0.0005905127717043532,0.008092548120169947,0.011730530002961485,0.009460713336919264,0.5982814586426055,1,0.0,none,0.02,0.026077152232322362,0.026077152232322362,0.0,16
tia_style,erm,True,0.024666045306717198,0.024300468549070267,0.0005905127717043532,0.008092548120169947,0.011730530002961485,0.009460713336919264,0.5982814586426055,1,0.0,none,0.05,0.026077152232322362,0.026077152232322362,0.0,5
tia_style,erm,True,0.024666045306717198,0.024300468549070267,0.0005905127717043532,0.008092548120169947,0.011730530002961485,0.009460713336919264,0.5982814586426055,1,0.0,none,0.1,0.026077152232322362,0.026077152232322362,0.0,3
tia_style,erm,True,0.024666045306717198,0.024300468549070267,0.0005905127717043532,0.008092548120169947,0.011730530002961485,0.009460713336919264,0.5982814586426055,1,0.0,none,0.2,0.026077152232322362,0.026077152232322362,0.0,3
tia_style,erm,True,0.024666045306717198,0.024300468549070267,0.0005905127717043532,0.008092548120169947,0.011730530002961485,0.009460713336919264,0.5982814586426055,1,0.25,ratio,0.02,0.02856608902627831,0.026077152232322362,0.16666666666666666,34
tia_style,erm,True,0.024666045306717198,0.024300468549070267,0.0005905127717043532,0.008092548120169947,0.011730530002961485,0.009460713336919264,0.5982814586426055,1,0.25,ratio,0.05,0.02856608902627831,0.026077152232322362,0.16666666666666666,8
tia_style,erm,True,0.024666045306717198,0.024300468549070267,0.0005905127717043532,0.008092548120169947,0.011730530002961485,0.009460713336919264,0.5982814586426055,1,0.25,ratio,0.1,0.02856608902627831,0.026077152232322362,0.16666666666666666,4
tia_style,erm,True,0.024666045306717198,0.024300468549070267,0.0005905127717043532,0.008092548120169947,0.011730530002961485,0.009460713336919264,0.5982814586426055,1,0.25,ratio,0.2,0.02856608902627831,0.026077152232322362,0.16666666666666666,3
tia_style,erm,True,0.024666045306717198,0.024300468549070267,0.0005905127717043532,0.008092548120169947,0.011730530002961485,0.009460713336919264,0.5982814586426055,1,0.25,design,0.02,0.02856608902627831,0.026077152232322362,0.16666666666666666,
tia_style,erm,True,0.024666045306717198,0.024300468549070267,0.0005905127717043532,0.008092548120169947,0.011730530002961485,0.009460713336919264,0.5982814586426055,1,0.25,design,0.05,0.02856608902627831,0.026077152232322362,0.16666666666666666,8
tia_style,erm,True,0.024666045306717198,0.024300468549070267,0.0005905127717043532,0.008092548120169947,0.011730530002961485,0.009460713336919264,0.5982814586426055,1,0.25,design,0.1,0.02856608902627831,0.026077152232322362,0.16666666666666666,3
tia_style,erm,True,0.024666045306717198,0.024300468549070267,0.0005905127717043532,0.008092548120169947,0.011730530002961485,0.009460713336919264,0.5982814586426055,1,0.25,design,0.2,0.02856608902627831,0.026077152232322362,0.16666666666666666,3
tia_style,erm,True,0.024666045306717198,0.024300468549070267,0.0005905127717043532,0.008092548120169947,0.011730530002961485,0.009460713336919264,0.5982814586426055,1,0.5,ratio,0.02,0.03193785845703454,0.026077152232322362,0.3333333333333333,62
tia_style,erm,True,0.024666045306717198,0.024300468549070267,0.0005905127717043532,0.008092548120169947,0.011730530002961485,0.009460713336919264,0.5982814586426055,1,0.5,ratio,0.05,0.03193785845703454,0.026077152232322362,0.3333333333333333,12
tia_style,erm,True,0.024666045306717198,0.024300468549070267,0.0005905127717043532,0.008092548120169947,0.011730530002961485,0.009460713336919264,0.5982814586426055,1,0.5,ratio,0.1,0.03193785845703454,0.026077152232322362,0.3333333333333333,5
tia_style,erm,True,0.024666045306717198,0.024300468549070267,0.0005905127717043532,0.008092548120169947,0.011730530002961485,0.009460713336919264,0.5982814586426055,1,0.5,ratio,0.2,0.03193785845703454,0.026077152232322362,0.3333333333333333,3
tia_style,erm,True,0.024666045306717198,0.024300468549070267,0.0005905127717043532,0.008092548120169947,0.011730530002961485,0.009460713336919264,0.5982814586426055,1,0.5,design,0.02,0.03193785845703454,0.026077152232322362,0.3333333333333333,
tia_style,erm,True,0.024666045306717198,0.024300468549070267,0.0005905127717043532,0.008092548120169947,0.011730530002961485,0.009460713336919264,0.5982814586426055,1,0.5,design,0.05,0.03193785845703454,0.026077152232322362,0.3333333333333333,
tia_style,erm,True,0.024666045306717198,0.024300468549070267,0.0005905127717043532,0.008092548120169947,0.011730530002961485,0.009460713336919264,0.5982814586426055,1,0.5,design,0.1,0.03193785845703454,0.026077152232322362,0.3333333333333333,4
tia_style,erm,True,0.024666045306717198,0.024300468549070267,0.0005905127717043532,0.008092548120169947,0.011730530002961485,0.009460713336919264,0.5982814586426055,1,0.5,design,0.2,0.03193785845703454,0.026077152232322362,0.3333333333333333,3
tia_style,erm,True,0.024666045306717198,0.024300468549070267,0.0005905127717043532,0.008092548120169947,0.011730530002961485,0.009460713336919264,0.5982814586426055,3,0.0,none,0.02,0.024906782288876134,0.024906782288876134,0.0,15
tia_style,erm,True,0.024666045306717198,0.024300468549070267,0.0005905127717043532,0.008092548120169947,0.011730530002961485,0.009460713336919264,0.5982814586426055,3,0.0,none,0.05,0.024906782288876134,0.024906782288876134,0.0,5
tia_style,erm,True,0.024666045306717198,0.024300468549070267,0.0005905127717043532,0.008092548120169947,0.011730530002961485,0.009460713336919264,0.5982814586426055,3,0.0,none,0.1,0.024906782288876134,0.024906782288876134,0.0,3
tia_style,erm,True,0.024666045306717198,0.024300468549070267,0.0005905127717043532,0.008092548120169947,0.011730530002961485,0.009460713336919264,0.5982814586426055,3,0.0,none,0.2,0.024906782288876134,0.024906782288876134,0.0,3
tia_style,erm,True,0.024666045306717198,0.024300468549070267,0.0005905127717043532,0.008092548120169947,0.011730530002961485,0.009460713336919264,0.5982814586426055,3,0.25,ratio,0.02,0.02728401298897522,0.024906782288876134,0.16666666666666666,32
tia_style,erm,True,0.024666045306717198,0.024300468549070267,0.0005905127717043532,0.008092548120169947,0.011730530002961485,0.009460713336919264,0.5982814586426055,3,0.25,ratio,0.05,0.02728401298897522,0.024906782288876134,0.16666666666666666,7
tia_style,erm,True,0.024666045306717198,0.024300468549070267,0.0005905127717043532,0.008092548120169947,0.011730530002961485,0.009460713336919264,0.5982814586426055,3,0.25,ratio,0.1,0.02728401298897522,0.024906782288876134,0.16666666666666666,4
tia_style,erm,True,0.024666045306717198,0.024300468549070267,0.0005905127717043532,0.008092548120169947,0.011730530002961485,0.009460713336919264,0.5982814586426055,3,0.25,ratio,0.2,0.02728401298897522,0.024906782288876134,0.16666666666666666,3
tia_style,erm,True,0.024666045306717198,0.024300468549070267,0.0005905127717043532,0.008092548120169947,0.011730530002961485,0.009460713336919264,0.5982814586426055,3,0.25,design,0.02,0.02728401298897522,0.024906782288876134,0.16666666666666666,
tia_style,erm,True,0.024666045306717198,0.024300468549070267,0.0005905127717043532,0.008092548120169947,0.011730530002961485,0.009460713336919264,0.5982814586426055,3,0.25,design,0.05,0.02728401298897522,0.024906782288876134,0.16666666666666666,7
tia_style,erm,True,0.024666045306717198,0.024300468549070267,0.0005905127717043532,0.008092548120169947,0.011730530002961485,0.009460713336919264,0.5982814586426055,3,0.25,design,0.1,0.02728401298897522,0.024906782288876134,0.16666666666666666,3
tia_style,erm,True,0.024666045306717198,0.024300468549070267,0.0005905127717043532,0.008092548120169947,0.011730530002961485,0.009460713336919264,0.5982814586426055,3,0.25,design,0.2,0.02728401298897522,0.024906782288876134,0.16666666666666666,3
tia_style,erm,True,0.024666045306717198,0.024300468549070267,0.0005905127717043532,0.008092548120169947,0.011730530002961485,0.009460713336919264,0.5982814586426055,3,0.5,ratio,0.02,0.03050445387116791,0.024906782288876134,0.3333333333333333,57
tia_style,erm,True,0.024666045306717198,0.024300468549070267,0.0005905127717043532,0.008092548120169947,0.011730530002961485,0.009460713336919264,0.5982814586426055,3,0.5,ratio,0.05,0.03050445387116791,0.024906782288876134,0.3333333333333333,11
tia_style,erm,True,0.024666045306717198,0.024300468549070267,0.0005905127717043532,0.008092548120169947,0.011730530002961485,0.009460713336919264,0.5982814586426055,3,0.5,ratio,0.1,0.03050445387116791,0.024906782288876134,0.3333333333333333,5
tia_style,erm,True,0.024666045306717198,0.024300468549070267,0.0005905127717043532,0.008092548120169947,0.011730530002961485,0.009460713336919264,0.5982814586426055,3,0.5,ratio,0.2,0.03050445387116791,0.024906782288876134,0.3333333333333333,3
tia_style,erm,True,0.024666045306717198,0.024300468549070267,0.0005905127717043532,0.008092548120169947,0.011730530002961485,0.009460713336919264,0.5982814586426055,3,0.5,design,0.02,0.03050445387116791,0.024906782288876134,0.3333333333333333,
tia_style,erm,True,0.024666045306717198,0.024300468549070267,0.0005905127717043532,0.008092548120169947,0.011730530002961485,0.009460713336919264,0.5982814586426055,3,0.5,design,0.05,0.03050445387116791,0.024906782288876134,0.3333333333333333,
tia_style,erm,True,0.024666045306717198,0.024300468549070267,0.0005905127717043532,0.008092548120169947,0.011730530002961485,0.009460713336919264,0.5982814586426055,3,0.5,design,0.1,0.03050445387116791,0.024906782288876134,0.3333333333333333,3
tia_style,erm,True,0.024666045306717198,0.024300468549070267,0.0005905127717043532,0.008092548120169947,0.011730530002961485,0.009460713336919264,0.5982814586426055,3,0.5,design,0.2,0.03050445387116791,0.024906782288876134,0.3333333333333333,3
tia_style,erm,True,0.024666045306717198,0.024300468549070267,0.0005905127717043532,0.008092548120169947,0.011730530002961485,0.009460713336919264,0.5982814586426055,5,0.0,none,0.02,0.024666045306717198,0.024666045306717198,0.0,14
tia_style,erm,True,0.024666045306717198,0.024300468549070267,0.0005905127717043532,0.008092548120169947,0.011730530002961485,0.009460713336919264,0.5982814586426055,5,0.0,none,0.05,0.024666045306717198,0.024666045306717198,0.0,5
tia_style,erm,True,0.024666045306717198,0.024300468549070267,0.0005905127717043532,0.008092548120169947,0.011730530002961485,0.009460713336919264,0.5982814586426055,5,0.0,none,0.1,0.024666045306717198,0.024666045306717198,0.0,3
tia_style,erm,True,0.024666045306717198,0.024300468549070267,0.0005905127717043532,0.008092548120169947,0.011730530002961485,0.009460713336919264,0.5982814586426055,5,0.0,none,0.2,0.024666045306717198,0.024666045306717198,0.0,3
tia_style,erm,True,0.024666045306717198,0.024300468549070267,0.0005905127717043532,0.008092548120169947,0.011730530002961485,0.009460713336919264,0.5982814586426055,5,0.25,ratio,0.02,0.027020298837866885,0.024666045306717198,0.16666666666666666,31
tia_style,erm,True,0.024666045306717198,0.024300468549070267,0.0005905127717043532,0.008092548120169947,0.011730530002961485,0.009460713336919264,0.5982814586426055,5,0.25,ratio,0.05,0.027020298837866885,0.024666045306717198,0.16666666666666666,7
tia_style,erm,True,0.024666045306717198,0.024300468549070267,0.0005905127717043532,0.008092548120169947,0.011730530002961485,0.009460713336919264,0.5982814586426055,5,0.25,ratio,0.1,0.027020298837866885,0.024666045306717198,0.16666666666666666,4
tia_style,erm,True,0.024666045306717198,0.024300468549070267,0.0005905127717043532,0.008092548120169947,0.011730530002961485,0.009460713336919264,0.5982814586426055,5,0.25,ratio,0.2,0.027020298837866885,0.024666045306717198,0.16666666666666666,3
tia_style,erm,True,0.024666045306717198,0.024300468549070267,0.0005905127717043532,0.008092548120169947,0.011730530002961485,0.009460713336919264,0.5982814586426055,5,0.25,design,0.02,0.027020298837866885,0.024666045306717198,0.16666666666666666,
tia_style,erm,True,0.024666045306717198,0.024300468549070267,0.0005905127717043532,0.008092548120169947,0.011730530002961485,0.009460713336919264,0.5982814586426055,5,0.25,design,0.05,0.027020298837866885,0.024666045306717198,0.16666666666666666,7
tia_style,erm,True,0.024666045306717198,0.024300468549070267,0.0005905127717043532,0.008092548120169947,0.011730530002961485,0.009460713336919264,0.5982814586426055,5,0.25,design,0.1,0.027020298837866885,0.024666045306717198,0.16666666666666666,3
tia_style,erm,True,0.024666045306717198,0.024300468549070267,0.0005905127717043532,0.008092548120169947,0.011730530002961485,0.009460713336919264,0.5982814586426055,5,0.25,design,0.2,0.027020298837866885,0.024666045306717198,0.16666666666666666,3
tia_style,erm,True,0.024666045306717198,0.024300468549070267,0.0005905127717043532,0.008092548120169947,0.011730530002961485,0.009460713336919264,0.5982814586426055,5,0.5,ratio,0.02,0.030209612486914464,0.024666045306717198,0.3333333333333333,56
tia_style,erm,True,0.024666045306717198,0.024300468549070267,0.0005905127717043532,0.008092548120169947,0.011730530002961485,0.009460713336919264,0.5982814586426055,5,0.5,ratio,0.05,0.030209612486914464,0.024666045306717198,0.3333333333333333,11
tia_style,erm,True,0.024666045306717198,0.024300468549070267,0.0005905127717043532,0.008092548120169947,0.011730530002961485,0.009460713336919264,0.5982814586426055,5,0.5,ratio,0.1,0.030209612486914464,0.024666045306717198,0.3333333333333333,5
tia_style,erm,True,0.024666045306717198,0.024300468549070267,0.0005905127717043532,0.008092548120169947,0.011730530002961485,0.009460713336919264,0.5982814586426055,5,0.5,ratio,0.2,0.030209612486914464,0.024666045306717198,0.3333333333333333,3
tia_style,erm,True,0.024666045306717198,0.024300468549070267,0.0005905127717043532,0.008092548120169947,0.011730530002961485,0.009460713336919264,0.5982814586426055,5,0.5,design,0.02,0.030209612486914464,0.024666045306717198,0.3333333333333333,
tia_style,erm,True,0.024666045306717198,0.024300468549070267,0.0005905127717043532,0.008092548120169947,0.011730530002961485,0.009460713336919264,0.5982814586426055,5,0.5,design,0.05,0.030209612486914464,0.024666045306717198,0.3333333333333333,
tia_style,erm,True,0.024666045306717198,0.024300468549070267,0.0005905127717043532,0.008092548120169947,0.011730530002961485,0.009460713336919264,0.5982814586426055,5,0.5,design,0.1,0.030209612486914464,0.024666045306717198,0.3333333333333333,3
tia_style,erm,True,0.024666045306717198,0.024300468549070267,0.0005905127717043532,0.008092548120169947,0.011730530002961485,0.009460713336919264,0.5982814586426055,5,0.5,design,0.2,0.030209612486914464,0.024666045306717198,0.3333333333333333,3
tia_style,erm,True,0.024666045306717198,0.024300468549070267,0.0005905127717043532,0.008092548120169947,0.011730530002961485,0.009460713336919264,0.5982814586426055,10,0.0,none,0.02,0.02448393925390049,0.02448393925390049,0.0,14
tia_style,erm,True,0.024666045306717198,0.024300468549070267,0.0005905127717043532,0.008092548120169947,0.011730530002961485,0.009460713336919264,0.5982814586426055,10,0.0,none,0.05,0.02448393925390049,0.02448393925390049,0.0,5
tia_style,erm,True,0.024666045306717198,0.024300468549070267,0.0005905127717043532,0.008092548120169947,0.011730530002961485,0.009460713336919264,0.5982814586426055,10,0.0,none,0.1,0.02448393925390049,0.02448393925390049,0.0,3
tia_style,erm,True,0.024666045306717198,0.024300468549070267,0.0005905127717043532,0.008092548120169947,0.011730530002961485,0.009460713336919264,0.5982814586426055,10,0.0,none,0.2,0.02448393925390049,0.02448393925390049,0.0,3
tia_style,erm,True,0.024666045306717198,0.024300468549070267,0.0005905127717043532,0.008092548120169947,0.011730530002961485,0.009460713336919264,0.5982814586426055,10,0.25,ratio,0.02,0.02682081165189501,0.02448393925390049,0.16666666666666666,31
tia_style,erm,True,0.024666045306717198,0.024300468549070267,0.0005905127717043532,0.008092548120169947,0.011730530002961485,0.009460713336919264,0.5982814586426055,10,0.25,ratio,0.05,0.02682081165189501,0.02448393925390049,0.16666666666666666,7
tia_style,erm,True,0.024666045306717198,0.024300468549070267,0.0005905127717043532,0.008092548120169947,0.011730530002961485,0.009460713336919264,0.5982814586426055,10,0.25,ratio,0.1,0.02682081165189501,0.02448393925390049,0.16666666666666666,4
tia_style,erm,True,0.024666045306717198,0.024300468549070267,0.0005905127717043532,0.008092548120169947,0.011730530002961485,0.009460713336919264,0.5982814586426055,10,0.25,ratio,0.2,0.02682081165189501,0.02448393925390049,0.16666666666666666,3
tia_style,erm,True,0.024666045306717198,0.024300468549070267,0.0005905127717043532,0.008092548120169947,0.011730530002961485,0.009460713336919264,0.5982814586426055,10,0.25,design,0.02,0.02682081165189501,0.02448393925390049,0.16666666666666666,
tia_style,erm,True,0.024666045306717198,0.024300468549070267,0.0005905127717043532,0.008092548120169947,0.011730530002961485,0.009460713336919264,0.5982814586426055,10,0.25,design,0.05,0.02682081165189501,0.02448393925390049,0.16666666666666666,7
tia_style,erm,True,0.024666045306717198,0.024300468549070267,0.0005905127717043532,0.008092548120169947,0.011730530002961485,0.009460713336919264,0.5982814586426055,10,0.25,design,0.1,0.02682081165189501,0.02448393925390049,0.16666666666666666,3
tia_style,erm,True,0.024666045306717198,0.024300468549070267,0.0005905127717043532,0.008092548120169947,0.011730530002961485,0.009460713336919264,0.5982814586426055,10,0.25,design,0.2,0.02682081165189501,0.02448393925390049,0.16666666666666666,3
tia_style,erm,True,0.024666045306717198,0.024300468549070267,0.0005905127717043532,0.008092548120169947,0.011730530002961485,0.009460713336919264,0.5982814586426055,10,0.5,ratio,0.02,0.029986579032677835,0.02448393925390049,0.3333333333333333,55
tia_style,erm,True,0.024666045306717198,0.024300468549070267,0.0005905127717043532,0.008092548120169947,0.011730530002961485,0.009460713336919264,0.5982814586426055,10,0.5,ratio,0.05,0.029986579032677835,0.02448393925390049,0.3333333333333333,11
tia_style,erm,True,0.024666045306717198,0.024300468549070267,0.0005905127717043532,0.008092548120169947,0.011730530002961485,0.009460713336919264,0.5982814586426055,10,0.5,ratio,0.1,0.029986579032677835,0.02448393925390049,0.3333333333333333,5
tia_style,erm,True,0.024666045306717198,0.024300468549070267,0.0005905127717043532,0.008092548120169947,0.011730530002961485,0.009460713336919264,0.5982814586426055,10,0.5,ratio,0.2,0.029986579032677835,0.02448393925390049,0.3333333333333333,3
tia_style,erm,True,0.024666045306717198,0.024300468549070267,0.0005905127717043532,0.008092548120169947,0.011730530002961485,0.009460713336919264,0.5982814586426055,10,0.5,design,0.02,0.029986579032677835,0.02448393925390049,0.3333333333333333,
tia_style,erm,True,0.024666045306717198,0.024300468549070267,0.0005905127717043532,0.008092548120169947,0.011730530002961485,0.009460713336919264,0.5982814586426055,10,0.5,design,0.05,0.029986579032677835,0.02448393925390049,0.3333333333333333,
tia_style,erm,True,0.024666045306717198,0.024300468549070267,0.0005905127717043532,0.008092548120169947,0.011730530002961485,0.009460713336919264,0.5982814586426055,10,0.5,design,0.1,0.029986579032677835,0.02448393925390049,0.3333333333333333,3
tia_style,erm,True,0.024666045306717198,0.024300468549070267,0.0005905127717043532,0.008092548120169947,0.011730530002961485,0.009460713336919264,0.5982814586426055,10,0.5,design,0.2,0.029986579032677835,0.02448393925390049,0.3333333333333333,3
