arm,ref,paired,sd_d_observed,sigma_dxa,sigma_dxa_raw2,sigma_run_arm,sigma_run_ref,sigma_run_diff,run_corr,seeds,rho,keff_mode,delta,sd_delta,sd_delta_uncorrected,rbar_obs,K_min
augonly,erm,True,0.05495238674162691,0.05070114112859765,0.0025706057117419767,0.02422004288171703,0.04471921438424931,0.04738982469155991,0.1572443552498124,1,0.0,none,0.02,0.06940029680079732,0.06940029680079732,0.0,97
augonly,erm,True,0.05495238674162691,0.05070114112859765,0.0025706057117419767,0.02422004288171703,0.04471921438424931,0.04738982469155991,0.1572443552498124,1,0.0,none,0.05,0.06940029680079732,0.06940029680079732,0.0,18
augonly,erm,True,0.05495238674162691,0.05070114112859765,0.0025706057117419767,0.02422004288171703,0.04471921438424931,0.04738982469155991,0.1572443552498124,1,0.0,none,0.1,0.06940029680079732,0.06940029680079732,0.0,6
augonly,erm,True,0.05495238674162691,0.05070114112859765,0.0025706057117419767,0.02422004288171703,0.04471921438424931,0.04738982469155991,0.1572443552498124,1,0.0,none,0.2,0.06940029680079732,0.06940029680079732,0.0,4
augonly,erm,True,0.05495238674162691,0.05070114112859765,0.0025706057117419767,0.02422004288171703,0.04471921438424931,0.04738982469155991,0.1572443552498124,1,0.25,ratio,0.02,0.07419203804828778,0.06940029680079732,0.125,164
augonly,erm,True,0.05495238674162691,0.05070114112859765,0.0025706057117419767,0.02422004288171703,0.04471921438424931,0.04738982469155991,0.1572443552498124,1,0.25,ratio,0.05,0.07419203804828778,0.06940029680079732,0.125,28
augonly,erm,True,0.05495238674162691,0.05070114112859765,0.0025706057117419767,0.02422004288171703,0.04471921438424931,0.04738982469155991,0.1572443552498124,1,0.25,ratio,0.1,0.07419203804828778,0.06940029680079732,0.125,9
augonly,erm,True,0.05495238674162691,0.05070114112859765,0.0025706057117419767,0.02422004288171703,0.04471921438424931,0.04738982469155991,0.1572443552498124,1,0.25,ratio,0.2,0.07419203804828778,0.06940029680079732,0.125,4
augonly,erm,True,0.05495238674162691,0.05070114112859765,0.0025706057117419767,0.02422004288171703,0.04471921438424931,0.04738982469155991,0.1572443552498124,1,0.25,design,0.02,0.07419203804828778,0.06940029680079732,0.125,
augonly,erm,True,0.05495238674162691,0.05070114112859765,0.0025706057117419767,0.02422004288171703,0.04471921438424931,0.04738982469155991,0.1572443552498124,1,0.25,design,0.05,0.07419203804828778,0.06940029680079732,0.125,
augonly,erm,True,0.05495238674162691,0.05070114112859765,0.0025706057117419767,0.02422004288171703,0.04471921438424931,0.04738982469155991,0.1572443552498124,1,0.25,design,0.1,0.07419203804828778,0.06940029680079732,0.125,
augonly,erm,True,0.05495238674162691,0.05070114112859765,0.0025706057117419767,0.02422004288171703,0.04471921438424931,0.04738982469155991,0.1572443552498124,1,0.25,design,0.2,0.07419203804828778,0.06940029680079732,0.125,4
augonly,erm,True,0.05495238674162691,0.05070114112859765,0.0025706057117419767,0.02422004288171703,0.04471921438424931,0.04738982469155991,0.1572443552498124,1,0.5,ratio,0.02,0.08013656007956052,0.06940029680079732,0.25,254
augonly,erm,True,0.05495238674162691,0.05070114112859765,0.0025706057117419767,0.02422004288171703,0.04471921438424931,0.04738982469155991,0.1572443552498124,1,0.5,ratio,0.05,0.08013656007956052,0.06940029680079732,0.25,43
augonly,erm,True,0.05495238674162691,0.05070114112859765,0.0025706057117419767,0.02422004288171703,0.04471921438424931,0.04738982469155991,0.1572443552498124,1,0.5,ratio,0.1,0.08013656007956052,0.06940029680079732,0.25,13
augonly,erm,True,0.05495238674162691,0.05070114112859765,0.0025706057117419767,0.02422004288171703,0.04471921438424931,0.04738982469155991,0.1572443552498124,1,0.5,ratio,0.2,0.08013656007956052,0.06940029680079732,0.25,5
augonly,erm,True,0.05495238674162691,0.05070114112859765,0.0025706057117419767,0.02422004288171703,0.04471921438424931,0.04738982469155991,0.1572443552498124,1,0.5,design,0.02,0.08013656007956052,0.06940029680079732,0.25,
augonly,erm,True,0.05495238674162691,0.05070114112859765,0.0025706057117419767,0.02422004288171703,0.04471921438424931,0.04738982469155991,0.1572443552498124,1,0.5,design,0.05,0.08013656007956052,0.06940029680079732,0.25,
augonly,erm,True,0.05495238674162691,0.05070114112859765,0.0025706057117419767,0.02422004288171703,0.04471921438424931,0.04738982469155991,0.1572443552498124,1,0.5,design,0.1,0.08013656007956052,0.06940029680079732,0.25,
augonly,erm,True,0.05495238674162691,0.05070114112859765,0.0025706057117419767,0.02422004288171703,0.04471921438424931,0.04738982469155991,0.1572443552498124,1,0.5,design,0.2,0.08013656007956052,0.06940029680079732,0.25,5
augonly,erm,True,0.05495238674162691,0.05070114112859765,0.0025706057117419767,0.02422004288171703,0.04471921438424931,0.04738982469155991,0.1572443552498124,3,0.0,none,0.02,0.05761253515084691,0.05761253515084691,0.0,68
augonly,erm,True,0.05495238674162691,0.05070114112859765,0.0025706057117419767,0.02422004288171703,0.04471921438424931,0.04738982469155991,0.1572443552498124,3,0.0,none,0.05,0.05761253515084691,0.05761253515084691,0.0,13
augonly,erm,True,0.05495238674162691,0.05070114112859765,0.0025706057117419767,0.02422004288171703,0.04471921438424931,0.04738982469155991,0.1572443552498124,3,0.0,none,0.1,0.05761253515084691,0.05761253515084691,0.0,5
augonly,erm,True,0.05495238674162691,0.05070114112859765,0.0025706057117419767,0.02422004288171703,0.04471921438424931,0.04738982469155991,0.1572443552498124,3,0.0,none,0.2,0.05761253515084691,0.05761253515084691,0.0,3
augonly,erm,True,0.05495238674162691,0.05070114112859765,0.0025706057117419767,0.02422004288171703,0.04471921438424931,0.04738982469155991,0.1572443552498124,3,0.25,ratio,0.02,0.0615903907765542,0.05761253515084691,0.125,114
augonly,erm,True,0.05495238674162691,0.05070114112859765,0.0025706057117419767,0.02422004288171703,0.04471921438424931,0.04738982469155991,0.1572443552498124,3,0.25,ratio,0.05,0.0615903907765542,0.05761253515084691,0.125,20
augonly,erm,True,0.05495238674162691,0.05070114112859765,0.0025706057117419767,0.02422004288171703,0.04471921438424931,0.04738982469155991,0.1572443552498124,3,0.25,ratio,0.1,0.0615903907765542,0.05761253515084691,0.125,7
augonly,erm,True,0.05495238674162691,0.05070114112859765,0.0025706057117419767,0.02422004288171703,0.04471921438424931,0.04738982469155991,0.1572443552498124,3,0.25,ratio,0.2,0.0615903907765542,0.05761253515084691,0.125,4
augonly,erm,True,0.05495238674162691,0.05070114112859765,0.0025706057117419767,0.02422004288171703,0.04471921438424931,0.04738982469155991,0.1572443552498124,3,0.25,design,0.02,0.0615903907765542,0.05761253515084691,0.125,
augonly,erm,True,0.05495238674162691,0.05070114112859765,0.0025706057117419767,0.02422004288171703,0.04471921438424931,0.04738982469155991,0.1572443552498124,3,0.25,design,0.05,0.0615903907765542,0.05761253515084691,0.125,
augonly,erm,True,0.05495238674162691,0.05070114112859765,0.0025706057117419767,0.02422004288171703,0.04471921438424931,0.04738982469155991,0.1572443552498124,3,0.25,design,0.1,0.0615903907765542,0.05761253515084691,0.125,12
augonly,erm,True,0.05495238674162691,0.05070114112859765,0.0025706057117419767,0.02422004288171703,0.04471921438424931,0.04738982469155991,0.1572443552498124,3,0.25,design,0.2,0.0615903907765542,0.05761253515084691,0.125,4
augonly,erm,True,0.05495238674162691,0.05070114112859765,0.0025706057117419767,0.02422004288171703,0.04471921438424931,0.04738982469155991,0.1572443552498124,3,0.5,ratio,0.02,0.06652522535607648,0.05761253515084691,0.25,176
augonly,erm,True,0.05495238674162691,0.05070114112859765,0.0025706057117419767,0.02422004288171703,0.04471921438424931,0.04738982469155991,0.1572443552498124,3,0.5,ratio,0.05,0.06652522535607648,0.05761253515084691,0.25,30
augonly,erm,True,0.05495238674162691,0.05070114112859765,0.0025706057117419767,0.02422004288171703,0.04471921438424931,0.04738982469155991,0.1572443552498124,3,0.5,ratio,0.1,0.06652522535607648,0.05761253515084691,0.25,10
augonly,erm,True,0.05495238674162691,0.05070114112859765,0.0025706057117419767,0.02422004288171703,0.04471921438424931,0.04738982469155991,0.1572443552498124,3,0.5,ratio,0.2,0.06652522535607648,0.05761253515084691,0.25,5
augonly,erm,True,0.05495238674162691,0.05070114112859765,0.0025706057117419767,0.02422004288171703,0.04471921438424931,0.04738982469155991,0.1572443552498124,3,0.5,design,0.02,0.06652522535607648,0.05761253515084691,0.25,
augonly,erm,True,0.05495238674162691,0.05070114112859765,0.0025706057117419767,0.02422004288171703,0.04471921438424931,0.04738982469155991,0.1572443552498124,3,0.5,design,0.05,0.06652522535607648,0.05761253515084691,0.25,
augonly,erm,True,0.05495238674162691,0.05070114112859765,0.0025706057117419767,0.02422004288171703,0.04471921438424931,0.04738982469155991,0.1572443552498124,3,0.5,design,0.1,0.06652522535607648,0.05761253515084691,0.25,
augonly,erm,True,0.05495238674162691,0.05070114112859765,0.0025706057117419767,0.02422004288171703,0.04471921438424931,0.04738982469155991,0.1572443552498124,3,0.5,design,0.2,0.06652522535607648,0.05761253515084691,0.25,4
augonly,erm,True,0.05495238674162691,0.05070114112859765,0.0025706057117419767,0.02422004288171703,0.04471921438424931,0.04738982469155991,0.1572443552498124,5,0.0,none,0.02,0.05495238674162691,0.05495238674162691,0.0,62
augonly,erm,True,0.05495238674162691,0.05070114112859765,0.0025706057117419767,0.02422004288171703,0.04471921438424931,0.04738982469155991,0.1572443552498124,5,0.0,none,0.05,0.05495238674162691,0.05495238674162691,0.0,12
augonly,erm,True,0.05495238674162691,0.05070114112859765,0.0025706057117419767,0.02422004288171703,0.04471921438424931,0.04738982469155991,0.1572443552498124,5,0.0,none,0.1,0.05495238674162691,0.05495238674162691,0.0,5
augonly,erm,True,0.05495238674162691,0.05070114112859765,0.0025706057117419767,0.02422004288171703,0.04471921438424931,0.04738982469155991,0.1572443552498124,5,0.0,none,0.2,0.05495238674162691,0.05495238674162691,0.0,3
augonly,erm,True,0.05495238674162691,0.05070114112859765,0.0025706057117419767,0.02422004288171703,0.04471921438424931,0.04738982469155991,0.1572443552498124,5,0.25,ratio,0.02,0.05874657250647621,0.05495238674162691,0.125,104
augonly,erm,True,0.05495238674162691,0.05070114112859765,0.0025706057117419767,0.02422004288171703,0.04471921438424931,0.04738982469155991,0.1572443552498124,5,0.25,ratio,0.05,0.05874657250647621,0.05495238674162691,0.125,19
augonly,erm,True,0.05495238674162691,0.05070114112859765,0.0025706057117419767,0.02422004288171703,0.04471921438424931,0.04738982469155991,0.1572443552498124,5,0.25,ratio,0.1,0.05874657250647621,0.05495238674162691,0.125,7
augonly,erm,True,0.05495238674162691,0.05070114112859765,0.0025706057117419767,0.02422004288171703,0.04471921438424931,0.04738982469155991,0.1572443552498124,5,0.25,ratio,0.2,0.05874657250647621,0.05495238674162691,0.125,4
augonly,erm,True,0.05495238674162691,0.05070114112859765,0.0025706057117419767,0.02422004288171703,0.04471921438424931,0.04738982469155991,0.1572443552498124,5,0.25,design,0.02,0.05874657250647621,0.05495238674162691,0.125,
augonly,erm,True,0.05495238674162691,0.05070114112859765,0.0025706057117419767,0.02422004288171703,0.04471921438424931,0.04738982469155991,0.1572443552498124,5,0.25,design,0.05,0.05874657250647621,0.05495238674162691,0.125,
augonly,erm,True,0.05495238674162691,0.05070114112859765,0.0025706057117419767,0.02422004288171703,0.04471921438424931,0.04738982469155991,0.1572443552498124,5,0.25,design,0.1,0.05874657250647621,0.05495238674162691,0.125,9
augonly,erm,True,0.05495238674162691,0.05070114112859765,0.0025706057117419767,0.02422004288171703,0.04471921438424931,0.04738982469155991,0.1572443552498124,5,0.25,design,0.2,0.05874657250647621,0.05495238674162691,0.125,3
augonly,erm,True,0.05495238674162691,0.05070114112859765,0.0025706057117419767,0.02422004288171703,0.04471921438424931,0.04738982469155991,0.1572443552498124,5,0.5,ratio,0.02,0.06345355055578145,0.05495238674162691,0.25,160
augonly,erm,True,0.05495238674162691,0.05070114112859765,0.0025706057117419767,0.02422004288171703,0.04471921438424931,0.04738982469155991,0.1572443552498124,5,0.5,ratio,0.05,0.06345355055578145,0.05495238674162691,0.25,28
augonly,erm,True,0.05495238674162691,0.05070114112859765,0.0025706057117419767,0.02422004288171703,0.04471921438424931,0.04738982469155991,0.1572443552498124,5,0.5,ratio,0.1,0.06345355055578145,0.05495238674162691,0.25,9
augonly,erm,True,0.05495238674162691,0.05070114112859765,0.0025706057117419767,0.02422004288171703,0.04471921438424931,0.04738982469155991,0.1572443552498124,5,0.5,ratio,0.2,0.06345355055578145,0.05495238674162691,0.25,4
augonly,erm,True,0.05495238674162691,0.05070114112859765,0.0025706057117419767,0.02422004288171703,0.04471921438424931,0.04738982469155991,0.1572443552498124,5,0.5,design,0.02,0.06345355055578145,0.05495238674162691,0.25,
augonly,erm,True,0.05495238674162691,0.05070114112859765,0.0025706057117419767,0.02422004288171703,0.04471921438424931,0.04738982469155991,0.1572443552498124,5,0.5,design,0.05,0.06345355055578145,0.05495238674162691,0.25,
augonly,erm,True,0.05495238674162691,0.05070114112859765,0.0025706057117419767,0.02422004288171703,0.04471921438424931,0.04738982469155991,0.1572443552498124,5,0.5,design,0.1,0.06345355055578145,0.05495238674162691,0.25,
augonly,erm,True,0.05495238674162691,0.05070114112859765,0.0025706057117419767,0.02422004288171703,0.04471921438424931,0.04738982469155991,0.1572443552498124,5,0.5,design,0.2,0.06345355055578145,0.05495238674162691,0.25,4
augonly,erm,True,0.05495238674162691,0.05070114112859765,0.0025706057117419767,0.02422004288171703,0.04471921438424931,0.04738982469155991,0.1572443552498124,10,0.0,none,0.02,0.05286951163167346,0.05286951163167346,0.0,57
augonly,erm,True,0.05495238674162691,0.05070114112859765,0.0025706057117419767,0.02422004288171703,0.04471921438424931,0.04738982469155991,0.1572443552498124,10,0.0,none,0.05,0.05286951163167346,0.05286951163167346,0.0,11
augonly,erm,True,0.05495238674162691,0.05070114112859765,0.0025706057117419767,0.02422004288171703,0.04471921438424931,0.04738982469155991,0.1572443552498124,10,0.0,none,0.1,0.05286951163167346,0.05286951163167346,0.0,5
augonly,erm,True,0.05495238674162691,0.05070114112859765,0.0025706057117419767,0.02422004288171703,0.04471921438424931,0.04738982469155991,0.1572443552498124,10,0.0,none,0.2,0.05286951163167346,0.05286951163167346,0.0,3
augonly,erm,True,0.05495238674162691,0.05070114112859765,0.0025706057117419767,0.02422004288171703,0.04471921438424931,0.04738982469155991,0.1572443552498124,10,0.25,ratio,0.02,0.05651988535193766,0.05286951163167346,0.125,96
augonly,erm,True,0.05495238674162691,0.05070114112859765,0.0025706057117419767,0.02422004288171703,0.04471921438424931,0.04738982469155991,0.1572443552498124,10,0.25,ratio,0.05,0.05651988535193766,0.05286951163167346,0.125,18
augonly,erm,True,0.05495238674162691,0.05070114112859765,0.0025706057117419767,0.02422004288171703,0.04471921438424931,0.04738982469155991,0.1572443552498124,10,0.25,ratio,0.1,0.05651988535193766,0.05286951163167346,0.125,6
augonly,erm,True,0.05495238674162691,0.05070114112859765,0.0025706057117419767,0.02422004288171703,0.04471921438424931,0.04738982469155991,0.1572443552498124,10,0.25,ratio,0.2,0.05651988535193766,0.05286951163167346,0.125,4
augonly,erm,True,0.05495238674162691,0.05070114112859765,0.0025706057117419767,0.02422004288171703,0.04471921438424931,0.04738982469155991,0.1572443552498124,10,0.25,design,0.02,0.05651988535193766,0.05286951163167346,0.125,
augonly,erm,True,0.05495238674162691,0.05070114112859765,0.0025706057117419767,0.02422004288171703,0.04471921438424931,0.04738982469155991,0.1572443552498124,10,0.25,design,0.05,0.05651988535193766,0.05286951163167346,0.125,
augonly,erm,True,0.05495238674162691,0.05070114112859765,0.0025706057117419767,0.02422004288171703,0.04471921438424931,0.04738982469155991,0.1572443552498124,10,0.25,design,0.1,0.05651988535193766,0.05286951163167346,0.125,8
augonly,erm,True,0.05495238674162691,0.05070114112859765,0.0025706057117419767,0.02422004288171703,0.04471921438424931,0.04738982469155991,0.1572443552498124,10,0.25,design,0.2,0.05651988535193766,0.05286951163167346,0.125,3
augonly,erm,True,0.05495238674162691,0.05070114112859765,0.0025706057117419767,0.02422004288171703,0.04471921438424931,0.04738982469155991,0.1572443552498124,10,0.5,ratio,0.02,0.06104845354494145,0.05286951163167346,0.25,149
augonly,erm,True,0.05495238674162691,0.05070114112859765,0.0025706057117419767,0.02422004288171703,0.04471921438424931,0.04738982469155991,0.1572443552498124,10,0.5,ratio,0.05,0.06104845354494145,0.05286951163167346,0.25,26
augonly,erm,True,0.05495238674162691,0.05070114112859765,0.0025706057117419767,0.02422004288171703,0.04471921438424931,0.04738982469155991,0.1572443552498124,10,0.5,ratio,0.1,0.06104845354494145,0.05286951163167346,0.25,8
augonly,erm,True,0.05495238674162691,0.05070114112859765,0.0025706057117419767,0.02422004288171703,0.04471921438424931,0.04738982469155991,0.1572443552498124,10,0.5,ratio,0.2,0.06104845354494145,0.05286951163167346,0.25,4
augonly,erm,True,0.05495238674162691,0.05070114112859765,0.0025706057117419767,0.02422004288171703,0.04471921438424931,0.04738982469155991,0.1572443552498124,10,0.5,design,0.02,0.06104845354494145,0.05286951163167346,0.25,
augonly,erm,True,0.05495238674162691,0.05070114112859765,0.0025706057117419767,0.02422004288171703,0.04471921438424931,0.04738982469155991,0.1572443552498124,10,0.5,design,0.05,0.06104845354494145,0.05286951163167346,0.25,
augonly,erm,True,0.05495238674162691,0.05070114112859765,0.0025706057117419767,0.02422004288171703,0.04471921438424931,0.04738982469155991,0.1572443552498124,10,0.5,design,0.1,0.06104845354494145,0.05286951163167346,0.25,
augonly,erm,True,0.05495238674162691,0.05070114112859765,0.0025706057117419767,0.02422004288171703,0.04471921438424931,0.04738982469155991,0.1572443552498124,10,0.5,design,0.2,0.06104845354494145,0.05286951163167346,0.25,3
compute_matched,erm,True,0.025808048049872526,0.0,-0.00019228538602156068,0.06774079884920078,0.04471921438424931,0.06551109563143062,0.3791154239155561,1,0.0,none,0.02,0.06551109563143062,0.06551109563143062,0.0,87
compute_matched,erm,True,0.025808048049872526,0.0,-0.00019228538602156068,0.06774079884920078,0.04471921438424931,0.06551109563143062,0.3791154239155561,1,0.0,none,0.05,0.06551109563143062,0.06551109563143062,0.0,16
compute_matched,erm,True,0.025808048049872526,0.0,-0.00019228538602156068,0.06774079884920078,0.04471921438424931,0.06551109563143062,0.3791154239155561,1,0.0,none,0.1,0.06551109563143062,0.06551109563143062,0.0,6
compute_matched,erm,True,0.025808048049872526,0.0,-0.00019228538602156068,0.06774079884920078,0.04471921438424931,0.06551109563143062,0.3791154239155561,1,0.0,none,0.2,0.06551109563143062,0.06551109563143062,0.0,4
compute_matched,erm,True,0.025808048049872526,0.0,-0.00019228538602156068,0.06774079884920078,0.04471921438424931,0.06551109563143062,0.3791154239155561,1,0.25,ratio,0.02,0.07003430710999899,0.06551109563143062,0.125,147
compute_matched,erm,True,0.025808048049872526,0.0,-0.00019228538602156068,0.06774079884920078,0.04471921438424931,0.06551109563143062,0.3791154239155561,1,0.25,ratio,0.05,0.07003430710999899,0.06551109563143062,0.125,26
compute_matched,erm,True,0.025808048049872526,0.0,-0.00019228538602156068,0.06774079884920078,0.04471921438424931,0.06551109563143062,0.3791154239155561,1,0.25,ratio,0.1,0.07003430710999899,0.06551109563143062,0.125,8
compute_matched,erm,True,0.025808048049872526,0.0,-0.00019228538602156068,0.06774079884920078,0.04471921438424931,0.06551109563143062,0.3791154239155561,1,0.25,ratio,0.2,0.07003430710999899,0.06551109563143062,0.125,4
compute_matched,erm,True,0.025808048049872526,0.0,-0.00019228538602156068,0.06774079884920078,0.04471921438424931,0.06551109563143062,0.3791154239155561,1,0.25,design,0.02,0.07003430710999899,0.06551109563143062,0.125,
compute_matched,erm,True,0.025808048049872526,0.0,-0.00019228538602156068,0.06774079884920078,0.04471921438424931,0.06551109563143062,0.3791154239155561,1,0.25,design,0.05,0.07003430710999899,0.06551109563143062,0.125,
compute_matched,erm,True,0.025808048049872526,0.0,-0.00019228538602156068,0.06774079884920078,0.04471921438424931,0.06551109563143062,0.3791154239155561,1,0.25,design,0.1,0.07003430710999899,0.06551109563143062,0.125,78
compute_matched,erm,True,0.025808048049872526,0.0,-0.00019228538602156068,0.06774079884920078,0.04471921438424931,0.06551109563143062,0.3791154239155561,1,0.25,design,0.2,0.07003430710999899,0.06551109563143062,0.125,4
compute_matched,erm,True,0.025808048049872526,0.0,-0.00019228538602156068,0.06774079884920078,0.04471921438424931,0.06551109563143062,0.3791154239155561,1,0.5,ratio,0.02,0.07564569739542758,0.06551109563143062,0.25,227
compute_matched,erm,True,0.025808048049872526,0.0,-0.00019228538602156068,0.06774079884920078,0.04471921438424931,0.06551109563143062,0.3791154239155561,1,0.5,ratio,0.05,0.07564569739542758,0.06551109563143062,0.25,38
compute_matched,erm,True,0.025808048049872526,0.0,-0.00019228538602156068,0.06774079884920078,0.04471921438424931,0.06551109563143062,0.3791154239155561,1,0.5,ratio,0.1,0.07564569739542758,0.06551109563143062,0.25,12
compute_matched,erm,True,0.025808048049872526,0.0,-0.00019228538602156068,0.06774079884920078,0.04471921438424931,0.06551109563143062,0.3791154239155561,1,0.5,ratio,0.2,0.07564569739542758,0.06551109563143062,0.25,5
compute_matched,erm,True,0.025808048049872526,0.0,-0.00019228538602156068,0.06774079884920078,0.04471921438424931,0.06551109563143062,0.3791154239155561,1,0.5,design,0.02,0.07564569739542758,0.06551109563143062,0.25,
compute_matched,erm,True,0.025808048049872526,0.0,-0.00019228538602156068,0.06774079884920078,0.04471921438424931,0.06551109563143062,0.3791154239155561,1,0.5,design,0.05,0.07564569739542758,0.06551109563143062,0.25,
compute_matched,erm,True,0.025808048049872526,0.0,-0.00019228538602156068,0.06774079884920078,0.04471921438424931,0.06551109563143062,0.3791154239155561,1,0.5,design,0.1,0.07564569739542758,0.06551109563143062,0.25,
compute_matched,erm,True,0.025808048049872526,0.0,-0.00019228538602156068,0.06774079884920078,0.04471921438424931,0.06551109563143062,0.3791154239155561,1,0.5,design,0.2,0.07564569739542758,0.06551109563143062,0.25,4
compute_matched,erm,True,0.025808048049872526,0.0,-0.00019228538602156068,0.06774079884920078,0.04471921438424931,0.06551109563143062,0.3791154239155561,3,0.0,none,0.02,0.03782284869771379,0.03782284869771379,0.0,31
compute_matched,erm,True,0.025808048049872526,0.0,-0.00019228538602156068,0.06774079884920078,0.04471921438424931,0.06551109563143062,0.3791154239155561,3,0.0,none,0.05,0.03782284869771379,0.03782284869771379,0.0,7
compute_matched,erm,True,0.025808048049872526,0.0,-0.00019228538602156068,0.06774079884920078,0.04471921438424931,0.06551109563143062,0.3791154239155561,3,0.0,none,0.1,0.03782284869771379,0.03782284869771379,0.0,4
compute_matched,erm,True,0.025808048049872526,0.0,-0.00019228538602156068,0.06774079884920078,0.04471921438424931,0.06551109563143062,0.3791154239155561,3,0.0,none,0.2,0.03782284869771379,0.03782284869771379,0.0,3
compute_matched,erm,True,0.025808048049872526,0.0,-0.00019228538602156068,0.06774079884920078,0.04471921438424931,0.06551109563143062,0.3791154239155561,3,0.25,ratio,0.02,0.040434326062466844,0.03782284869771379,0.125,51
compute_matched,erm,True,0.025808048049872526,0.0,-0.00019228538602156068,0.06774079884920078,0.04471921438424931,0.06551109563143062,0.3791154239155561,3,0.25,ratio,0.05,0.040434326062466844,0.03782284869771379,0.125,10
compute_matched,erm,True,0.025808048049872526,0.0,-0.00019228538602156068,0.06774079884920078,0.04471921438424931,0.06551109563143062,0.3791154239155561,3,0.25,ratio,0.1,0.040434326062466844,0.03782284869771379,0.125,5
compute_matched,erm,True,0.025808048049872526,0.0,-0.00019228538602156068,0.06774079884920078,0.04471921438424931,0.06551109563143062,0.3791154239155561,3,0.25,ratio,0.2,0.040434326062466844,0.03782284869771379,0.125,3
compute_matched,erm,True,0.025808048049872526,0.0,-0.00019228538602156068,0.06774079884920078,0.04471921438424931,0.06551109563143062,0.3791154239155561,3,0.25,design,0.02,0.040434326062466844,0.03782284869771379,0.125,
compute_matched,erm,True,0.025808048049872526,0.0,-0.00019228538602156068,0.06774079884920078,0.04471921438424931,0.06551109563143062,0.3791154239155561,3,0.25,design,0.05,0.040434326062466844,0.03782284869771379,0.125,
compute_matched,erm,True,0.025808048049872526,0.0,-0.00019228538602156068,0.06774079884920078,0.04471921438424931,0.06551109563143062,0.3791154239155561,3,0.25,design,0.1,0.040434326062466844,0.03782284869771379,0.125,4
compute_matched,erm,True,0.025808048049872526,0.0,-0.00019228538602156068,0.06774079884920078,0.04471921438424931,0.06551109563143062,0.3791154239155561,3,0.25,design,0.2,0.040434326062466844,0.03782284869771379,0.125,3
compute_matched,erm,True,0.025808048049872526,0.0,-0.00019228538602156068,0.06774079884920078,0.04471921438424931,0.06551109563143062,0.3791154239155561,3,0.5,ratio,0.02,0.04367406375428709,0.03782284869771379,0.25,77
compute_matched,erm,True,0.025808048049872526,0.0,-0.00019228538602156068,0.06774079884920078,0.04471921438424931,0.06551109563143062,0.3791154239155561,3,0.5,ratio,0.05,0.04367406375428709,0.03782284869771379,0.25,15
compute_matched,erm,True,0.025808048049872526,0.0,-0.00019228538602156068,0.06774079884920078,0.04471921438424931,0.06551109563143062,0.3791154239155561,3,0.5,ratio,0.1,0.04367406375428709,0.03782284869771379,0.25,6
compute_matched,erm,True,0.025808048049872526,0.0,-0.00019228538602156068,0.06774079884920078,0.04471921438424931,0.06551109563143062,0.3791154239155561,3,0.5,ratio,0.2,0.04367406375428709,0.03782284869771379,0.25,4
compute_matched,erm,True,0.025808048049872526,0.0,-0.00019228538602156068,0.06774079884920078,0.04471921438424931,0.06551109563143062,0.3791154239155561,3,0.5,design,0.02,0.04367406375428709,0.03782284869771379,0.25,
compute_matched,erm,True,0.025808048049872526,0.0,-0.00019228538602156068,0.06774079884920078,0.04471921438424931,0.06551109563143062,0.3791154239155561,3,0.5,design,0.05,0.04367406375428709,0.03782284869771379,0.25,
compute_matched,erm,True,0.025808048049872526,0.0,-0.00019228538602156068,0.06774079884920078,0.04471921438424931,0.06551109563143062,0.3791154239155561,3,0.5,design,0.1,0.04367406375428709,0.03782284869771379,0.25,6
compute_matched,erm,True,0.025808048049872526,0.0,-0.00019228538602156068,0.06774079884920078,0.04471921438424931,0.06551109563143062,0.3791154239155561,3,0.5,design,0.2,0.04367406375428709,0.03782284869771379,0.25,3
compute_matched,erm,True,0.025808048049872526,0.0,-0.00019228538602156068,0.06774079884920078,0.04471921438424931,0.06551109563143062,0.3791154239155561,5,0.0,none,0.02,0.029297452622473675,0.029297452622473675,0.0,19
compute_matched,erm,True,0.025808048049872526,0.0,-0.00019228538602156068,0.06774079884920078,0.04471921438424931,0.06551109563143062,0.3791154239155561,5,0.0,none,0.05,0.029297452622473675,0.029297452622473675,0.0,5
compute_matched,erm,True,0.025808048049872526,0.0,-0.00019228538602156068,0.06774079884920078,0.04471921438424931,0.06551109563143062,0.3791154239155561,5,0.0,none,0.1,0.029297452622473675,0.029297452622473675,0.0,3
compute_matched,erm,True,0.025808048049872526,0.0,-0.00019228538602156068,0.06774079884920078,0.04471921438424931,0.06551109563143062,0.3791154239155561,5,0.0,none,0.2,0.029297452622473675,0.029297452622473675,0.0,3
compute_matched,erm,True,0.025808048049872526,0.0,-0.00019228538602156068,0.06774079884920078,0.04471921438424931,0.06551109563143062,0.3791154239155561,5,0.25,ratio,0.02,0.031320294291010915,0.029297452622473675,0.125,31
compute_matched,erm,True,0.025808048049872526,0.0,-0.00019228538602156068,0.06774079884920078,0.04471921438424931,0.06551109563143062,0.3791154239155561,5,0.25,ratio,0.05,0.031320294291010915,0.029297452622473675,0.125,7
compute_matched,erm,True,0.025808048049872526,0.0,-0.00019228538602156068,0.06774079884920078,0.04471921438424931,0.06551109563143062,0.3791154239155561,5,0.25,ratio,0.1,0.031320294291010915,0.029297452622473675,0.125,4
compute_matched,erm,True,0.025808048049872526,0.0,-0.00019228538602156068,0.06774079884920078,0.04471921438424931,0.06551109563143062,0.3791154239155561,5,0.25,ratio,0.2,0.031320294291010915,0.029297452622473675,0.125,3
compute_matched,erm,True,0.025808048049872526,0.0,-0.00019228538602156068,0.06774079884920078,0.04471921438424931,0.06551109563143062,0.3791154239155561,5,0.25,design,0.02,0.031320294291010915,0.029297452622473675,0.125,
compute_matched,erm,True,0.025808048049872526,0.0,-0.00019228538602156068,0.06774079884920078,0.04471921438424931,0.06551109563143062,0.3791154239155561,5,0.25,design,0.05,0.031320294291010915,0.029297452622473675,0.125,13
compute_matched,erm,True,0.025808048049872526,0.0,-0.00019228538602156068,0.06774079884920078,0.04471921438424931,0.06551109563143062,0.3791154239155561,5,0.25,design,0.1,0.031320294291010915,0.029297452622473675,0.125,4
compute_matched,erm,True,0.025808048049872526,0.0,-0.00019228538602156068,0.06774079884920078,0.04471921438424931,0.06551109563143062,0.3791154239155561,5,0.25,design,0.2,0.031320294291010915,0.029297452622473675,0.125,3
compute_matched,erm,True,0.025808048049872526,0.0,-0.00019228538602156068,0.06774079884920078,0.04471921438424931,0.06551109563143062,0.3791154239155561,5,0.5,ratio,0.02,0.03382978431631097,0.029297452622473675,0.25,47
compute_matched,erm,True,0.025808048049872526,0.0,-0.00019228538602156068,0.06774079884920078,0.04471921438424931,0.06551109563143062,0.3791154239155561,5,0.5,ratio,0.05,0.03382978431631097,0.029297452622473675,0.25,10
compute_matched,erm,True,0.025808048049872526,0.0,-0.00019228538602156068,0.06774079884920078,0.04471921438424931,0.06551109563143062,0.3791154239155561,5,0.5,ratio,0.1,0.03382978431631097,0.029297452622473675,0.25,5
compute_matched,erm,True,0.025808048049872526,0.0,-0.00019228538602156068,0.06774079884920078,0.04471921438424931,0.06551109563143062,0.3791154239155561,5,0.5,ratio,0.2,0.03382978431631097,0.029297452622473675,0.25,3
compute_matched,erm,True,0.025808048049872526,0.0,-0.00019228538602156068,0.06774079884920078,0.04471921438424931,0.06551109563143062,0.3791154239155561,5,0.5,design,0.02,0.03382978431631097,0.029297452622473675,0.25,
compute_matched,erm,True,0.025808048049872526,0.0,-0.00019228538602156068,0.06774079884920078,0.04471921438424931,0.06551109563143062,0.3791154239155561,5,0.5,design,0.05,0.03382978431631097,0.029297452622473675,0.25,
compute_matched,erm,True,0.025808048049872526,0.0,-0.00019228538602156068,0.06774079884920078,0.04471921438424931,0.06551109563143062,0.3791154239155561,5,0.5,design,0.1,0.03382978431631097,0.029297452622473675,0.25,4
compute_matched,erm,True,0.025808048049872526,0.0,-0.00019228538602156068,0.06774079884920078,0.04471921438424931,0.06551109563143062,0.3791154239155561,5,0.5,design,0.2,0.03382978431631097,0.029297452622473675,0.25,3
compute_matched,erm,True,0.025808048049872526,0.0,-0.00019228538602156068,0.06774079884920078,0.04471921438424931,0.06551109563143062,0.3791154239155561,10,0.0,none,0.02,0.020716427420842738,0.020716427420842738,0.0,11
compute_matched,erm,True,0.025808048049872526,0.0,-0.00019228538602156068,0.06774079884920078,0.04471921438424931,0.06551109563143062,0.3791154239155561,10,0.0,none,0.05,0.020716427420842738,0.020716427420842738,0.0,4
compute_matched,erm,True,0.025808048049872526,0.0,-0.00019228538602156068,0.06774079884920078,0.04471921438424931,0.06551109563143062,0.3791154239155561,10,0.0,none,0.1,0.020716427420842738,0.020716427420842738,0.0,3
compute_matched,erm,True,0.025808048049872526,0.0,-0.00019228538602156068,0.06774079884920078,0.04471921438424931,0.06551109563143062,0.3791154239155561,10,0.0,none,0.2,0.020716427420842738,0.020716427420842738,0.0,3
compute_matched,erm,True,0.025808048049872526,0.0,-0.00019228538602156068,0.06774079884920078,0.04471921438424931,0.06551109563143062,0.3791154239155561,10,0.25,ratio,0.02,0.02214679248193213,0.020716427420842738,0.125,17
compute_matched,erm,True,0.025808048049872526,0.0,-0.00019228538602156068,0.06774079884920078,0.04471921438424931,0.06551109563143062,0.3791154239155561,10,0.25,ratio,0.05,0.02214679248193213,0.020716427420842738,0.125,5
compute_matched,erm,True,0.025808048049872526,0.0,-0.00019228538602156068,0.06774079884920078,0.04471921438424931,0.06551109563143062,0.3791154239155561,10,0.25,ratio,0.1,0.02214679248193213,0.020716427420842738,0.125,3
compute_matched,erm,True,0.025808048049872526,0.0,-0.00019228538602156068,0.06774079884920078,0.04471921438424931,0.06551109563143062,0.3791154239155561,10,0.25,ratio,0.2,0.02214679248193213,0.020716427420842738,0.125,3
compute_matched,erm,True,0.025808048049872526,0.0,-0.00019228538602156068,0.06774079884920078,0.04471921438424931,0.06551109563143062,0.3791154239155561,10,0.25,design,0.02,0.02214679248193213,0.020716427420842738,0.125,
compute_matched,erm,True,0.025808048049872526,0.0,-0.00019228538602156068,0.06774079884920078,0.04471921438424931,0.06551109563143062,0.3791154239155561,10,0.25,design,0.05,0.02214679248193213,0.020716427420842738,0.125,5
compute_matched,erm,True,0.025808048049872526,0.0,-0.00019228538602156068,0.06774079884920078,0.04471921438424931,0.06551109563143062,0.3791154239155561,10,0.25,design,0.1,0.02214679248193213,0.020716427420842738,0.125,3
compute_matched,erm,True,0.025808048049872526,0.0,-0.00019228538602156068,0.06774079884920078,0.04471921438424931,0.06551109563143062,0.3791154239155561,10,0.25,design,0.2,0.02214679248193213,0.020716427420842738,0.125,3
compute_matched,erm,True,0.025808048049872526,0.0,-0.00019228538602156068,0.06774079884920078,0.04471921438424931,0.06551109563143062,0.3791154239155561,10,0.5,ratio,0.02,0.0239212698961418,0.020716427420842738,0.25,25
compute_matched,erm,True,0.025808048049872526,0.0,-0.00019228538602156068,0.06774079884920078,0.04471921438424931,0.06551109563143062,0.3791154239155561,10,0.5,ratio,0.05,0.0239212698961418,0.020716427420842738,0.25,6
compute_matched,erm,True,0.025808048049872526,0.0,-0.00019228538602156068,0.06774079884920078,0.04471921438424931,0.06551109563143062,0.3791154239155561,10,0.5,ratio,0.1,0.0239212698961418,0.020716427420842738,0.25,4
compute_matched,erm,True,0.025808048049872526,0.0,-0.00019228538602156068,0.06774079884920078,0.04471921438424931,0.06551109563143062,0.3791154239155561,10,0.5,ratio,0.2,0.0239212698961418,0.020716427420842738,0.25,3
compute_matched,erm,True,0.025808048049872526,0.0,-0.00019228538602156068,0.06774079884920078,0.04471921438424931,0.06551109563143062,0.3791154239155561,10,0.5,design,0.02,0.0239212698961418,0.020716427420842738,0.25,
compute_matched,erm,True,0.025808048049872526,0.0,-0.00019228538602156068,0.06774079884920078,0.04471921438424931,0.06551109563143062,0.3791154239155561,10,0.5,design,0.05,0.0239212698961418,0.020716427420842738,0.25,12
compute_matched,erm,True,0.025808048049872526,0.0,-0.00019228538602156068,0.06774079884920078,0.04471921438424931,0.06551109563143062,0.3791154239155561,10,0.5,design,0.1,0.0239212698961418,0.020716427420842738,0.25,3
compute_matched,erm,True,0.025808048049872526,0.0,-0.00019228538602156068,0.06774079884920078,0.04471921438424931,0.06551109563143062,0.3791154239155561,10,0.5,design,0.2,0.0239212698961418,0.020716427420842738,0.25,3
coral,erm,True,0.031777827579134665,0.02092977678153755,0.0004380555561249883,0.049230491012087395,0.04471921438424931,0.05346843786404383,0.35533517918694757,1,0.0,none,0.02,0.05741889413552045,0.05741889413552045,0.0,67
coral,erm,True,0.031777827579134665,0.02092977678153755,0.0004380555561249883,0.049230491012087395,0.04471921438424931,0.05346843786404383,0.35533517918694757,1,0.0,none,0.05,0.05741889413552045,0.05741889413552045,0.0,13
coral,erm,True,0.031777827579134665,0.02092977678153755,0.0004380555561249883,0.049230491012087395,0.04471921438424931,0.05346843786404383,0.35533517918694757,1,0.0,none,0.1,0.05741889413552045,0.05741889413552045,0.0,5
coral,erm,True,0.031777827579134665,0.02092977678153755,0.0004380555561249883,0.049230491012087395,0.04471921438424931,0.05346843786404383,0.35533517918694757,1,0.0,none,0.2,0.05741889413552045,0.05741889413552045,0.0,3
coral,erm,True,0.031777827579134665,0.02092977678153755,0.0004380555561249883,0.049230491012087395,0.04471921438424931,0.05346843786404383,0.35533517918694757,1,0.25,ratio,0.02,0.061383379823588866,0.05741889413552045,0.125,113
coral,erm,True,0.031777827579134665,0.02092977678153755,0.0004380555561249883,0.049230491012087395,0.04471921438424931,0.05346843786404383,0.35533517918694757,1,0.25,ratio,0.05,0.061383379823588866,0.05741889413552045,0.125,20
coral,erm,True,0.031777827579134665,0.02092977678153755,0.0004380555561249883,0.049230491012087395,0.04471921438424931,0.05346843786404383,0.35533517918694757,1,0.25,ratio,0.1,0.061383379823588866,0.05741889413552045,0.125,7
coral,erm,True,0.031777827579134665,0.02092977678153755,0.0004380555561249883,0.049230491012087395,0.04471921438424931,0.05346843786404383,0.35533517918694757,1,0.25,ratio,0.2,0.061383379823588866,0.05741889413552045,0.125,4
coral,erm,True,0.031777827579134665,0.02092977678153755,0.0004380555561249883,0.049230491012087395,0.04471921438424931,0.05346843786404383,0.35533517918694757,1,0.25,design,0.02,0.061383379823588866,0.05741889413552045,0.125,
coral,erm,True,0.031777827579134665,0.02092977678153755,0.0004380555561249883,0.049230491012087395,0.04471921438424931,0.05346843786404383,0.35533517918694757,1,0.25,design,0.05,0.061383379823588866,0.05741889413552045,0.125,
coral,erm,True,0.031777827579134665,0.02092977678153755,0.0004380555561249883,0.049230491012087395,0.04471921438424931,0.05346843786404383,0.35533517918694757,1,0.25,design,0.1,0.061383379823588866,0.05741889413552045,0.125,11
coral,erm,True,0.031777827579134665,0.02092977678153755,0.0004380555561249883,0.049230491012087395,0.04471921438424931,0.05346843786404383,0.35533517918694757,1,0.25,design,0.2,0.061383379823588866,0.05741889413552045,0.125,4
coral,erm,True,0.031777827579134665,0.02092977678153755,0.0004380555561249883,0.049230491012087395,0.04471921438424931,0.05346843786404383,0.35533517918694757,1,0.5,ratio,0.02,0.06630162797142672,0.05741889413552045,0.25,175
coral,erm,True,0.031777827579134665,0.02092977678153755,0.0004380555561249883,0.049230491012087395,0.04471921438424931,0.05346843786404383,0.35533517918694757,1,0.5,ratio,0.05,0.06630162797142672,0.05741889413552045,0.25,30
coral,erm,True,0.031777827579134665,0.02092977678153755,0.0004380555561249883,0.049230491012087395,0.04471921438424931,0.05346843786404383,0.35533517918694757,1,0.5,ratio,0.1,0.06630162797142672,0.05741889413552045,0.25,10
coral,erm,True,0.031777827579134665,0.02092977678153755,0.0004380555561249883,0.049230491012087395,0.04471921438424931,0.05346843786404383,0.35533517918694757,1,0.5,ratio,0.2,0.06630162797142672,0.05741889413552045,0.25,4
coral,erm,True,0.031777827579134665,0.02092977678153755,0.0004380555561249883,0.049230491012087395,0.04471921438424931,0.05346843786404383,0.35533517918694757,1,0.5,design,0.02,0.06630162797142672,0.05741889413552045,0.25,
coral,erm,True,0.031777827579134665,0.02092977678153755,0.0004380555561249883,0.049230491012087395,0.04471921438424931,0.05346843786404383,0.35533517918694757,1,0.5,design,0.05,0.06630162797142672,0.05741889413552045,0.25,
coral,erm,True,0.031777827579134665,0.02092977678153755,0.0004380555561249883,0.049230491012087395,0.04471921438424931,0.05346843786404383,0.35533517918694757,1,0.5,design,0.1,0.06630162797142672,0.05741889413552045,0.25,
coral,erm,True,0.031777827579134665,0.02092977678153755,0.0004380555561249883,0.049230491012087395,0.04471921438424931,0.05346843786404383,0.35533517918694757,1,0.5,design,0.2,0.06630162797142672,0.05741889413552045,0.25,4
coral,erm,True,0.031777827579134665,0.02092977678153755,0.0004380555561249883,0.049230491012087395,0.04471921438424931,0.05346843786404383,0.35533517918694757,3,0.0,none,0.02,0.03729629345299647,0.03729629345299647,0.0,30
coral,erm,True,0.031777827579134665,0.02092977678153755,0.0004380555561249883,0.049230491012087395,0.04471921438424931,0.05346843786404383,0.35533517918694757,3,0.0,none,0.05,0.03729629345299647,0.03729629345299647,0.0,7
coral,erm,True,0.031777827579134665,0.02092977678153755,0.0004380555561249883,0.049230491012087395,0.04471921438424931,0.05346843786404383,0.35533517918694757,3,0.0,none,0.1,0.03729629345299647,0.03729629345299647,0.0,4
coral,erm,True,0.031777827579134665,0.02092977678153755,0.0004380555561249883,0.049230491012087395,0.04471921438424931,0.05346843786404383,0.35533517918694757,3,0.0,none,0.2,0.03729629345299647,0.03729629345299647,0.0,3
coral,erm,True,0.031777827579134665,0.02092977678153755,0.0004380555561249883,0.049230491012087395,0.04471921438424931,0.05346843786404383,0.35533517918694757,3,0.25,ratio,0.02,0.03987141482791223,0.03729629345299647,0.125,49
coral,erm,True,0.031777827579134665,0.02092977678153755,0.0004380555561249883,0.049230491012087395,0.04471921438424931,0.05346843786404383,0.35533517918694757,3,0.25,ratio,0.05,0.03987141482791223,0.03729629345299647,0.125,10
coral,erm,True,0.031777827579134665,0.02092977678153755,0.0004380555561249883,0.049230491012087395,0.04471921438424931,0.05346843786404383,0.35533517918694757,3,0.25,ratio,0.1,0.03987141482791223,0.03729629345299647,0.125,5
coral,erm,True,0.031777827579134665,0.02092977678153755,0.0004380555561249883,0.049230491012087395,0.04471921438424931,0.05346843786404383,0.35533517918694757,3,0.25,ratio,0.2,0.03987141482791223,0.03729629345299647,0.125,3
coral,erm,True,0.031777827579134665,0.02092977678153755,0.0004380555561249883,0.049230491012087395,0.04471921438424931,0.05346843786404383,0.35533517918694757,3,0.25,design,0.02,0.03987141482791223,0.03729629345299647,0.125,
coral,erm,True,0.031777827579134665,0.02092977678153755,0.0004380555561249883,0.049230491012087395,0.04471921438424931,0.05346843786404383,0.35533517918694757,3,0.25,design,0.05,0.03987141482791223,0.03729629345299647,0.125,
coral,erm,True,0.031777827579134665,0.02092977678153755,0.0004380555561249883,0.049230491012087395,0.04471921438424931,0.05346843786404383,0.35533517918694757,3,0.25,design,0.1,0.03987141482791223,0.03729629345299647,0.125,4
coral,erm,True,0.031777827579134665,0.02092977678153755,0.0004380555561249883,0.049230491012087395,0.04471921438424931,0.05346843786404383,0.35533517918694757,3,0.25,design,0.2,0.03987141482791223,0.03729629345299647,0.125,3
coral,erm,True,0.031777827579134665,0.02092977678153755,0.0004380555561249883,0.049230491012087395,0.04471921438424931,0.05346843786404383,0.35533517918694757,3,0.5,ratio,0.02,0.04306605012972558,0.03729629345299647,0.25,75
coral,erm,True,0.031777827579134665,0.02092977678153755,0.0004380555561249883,0.049230491012087395,0.04471921438424931,0.05346843786404383,0.35533517918694757,3,0.5,ratio,0.05,0.04306605012972558,0.03729629345299647,0.25,14
coral,erm,True,0.031777827579134665,0.02092977678153755,0.0004380555561249883,0.049230491012087395,0.04471921438424931,0.05346843786404383,0.35533517918694757,3,0.5,ratio,0.1,0.04306605012972558,0.03729629345299647,0.25,6
coral,erm,True,0.031777827579134665,0.02092977678153755,0.0004380555561249883,0.049230491012087395,0.04471921438424931,0.05346843786404383,0.35533517918694757,3,0.5,ratio,0.2,0.04306605012972558,0.03729629345299647,0.25,3
coral,erm,True,0.031777827579134665,0.02092977678153755,0.0004380555561249883,0.049230491012087395,0.04471921438424931,0.05346843786404383,0.35533517918694757,3,0.5,design,0.02,0.04306605012972558,0.03729629345299647,0.25,
coral,erm,True,0.031777827579134665,0.02092977678153755,0.0004380555561249883,0.049230491012087395,0.04471921438424931,0.05346843786404383,0.35533517918694757,3,0.5,design,0.05,0.04306605012972558,0.03729629345299647,0.25,
coral,erm,True,0.031777827579134665,0.02092977678153755,0.0004380555561249883,0.049230491012087395,0.04471921438424931,0.05346843786404383,0.35533517918694757,3,0.5,design,0.1,0.04306605012972558,0.03729629345299647,0.25,6
coral,erm,True,0.031777827579134665,0.02092977678153755,0.0004380555561249883,0.049230491012087395,0.04471921438424931,0.05346843786404383,0.35533517918694757,3,0.5,design,0.2,0.04306605012972558,0.03729629345299647,0.25,3
coral,erm,True,0.031777827579134665,0.02092977678153755,0.0004380555561249883,0.049230491012087395,0.04471921438424931,0.05346843786404383,0.35533517918694757,5,0.0,none,0.02,0.031777827579134665,0.031777827579134665,0.0,22
coral,erm,True,0.031777827579134665,0.02092977678153755,0.0004380555561249883,0.049230491012087395,0.04471921438424931,0.05346843786404383,0.35533517918694757,5,0.0,none,0.05,0.031777827579134665,0.031777827579134665,0.0,6
coral,erm,True,0.031777827579134665,0.02092977678153755,0.0004380555561249883,0.049230491012087395,0.04471921438424931,0.05346843786404383,0.35533517918694757,5,0.0,none,0.1,0.031777827579134665,0.031777827579134665,0.0,4
coral,erm,True,0.031777827579134665,0.02092977678153755,0.0004380555561249883,0.049230491012087395,0.04471921438424931,0.05346843786404383,0.35533517918694757,5,0.0,none,0.2,0.031777827579134665,0.031777827579134665,0.0,3
coral,erm,True,0.031777827579134665,0.02092977678153755,0.0004380555561249883,0.049230491012087395,0.04471921438424931,0.05346843786404383,0.35533517918694757,5,0.25,ratio,0.02,0.03397192665631368,0.031777827579134665,0.125,36
coral,erm,True,0.031777827579134665,0.02092977678153755,0.0004380555561249883,0.049230491012087395,0.04471921438424931,0.05346843786404383,0.35533517918694757,5,0.25,ratio,0.05,0.03397192665631368,0.031777827579134665,0.125,8
coral,erm,True,0.031777827579134665,0.02092977678153755,0.0004380555561249883,0.049230491012087395,0.04471921438424931,0.05346843786404383,0.35533517918694757,5,0.25,ratio,0.1,0.03397192665631368,0.031777827579134665,0.125,4
coral,erm,True,0.031777827579134665,0.02092977678153755,0.0004380555561249883,0.049230491012087395,0.04471921438424931,0.05346843786404383,0.35533517918694757,5,0.25,ratio,0.2,0.03397192665631368,0.031777827579134665,0.125,3
coral,erm,True,0.031777827579134665,0.02092977678153755,0.0004380555561249883,0.049230491012087395,0.04471921438424931,0.05346843786404383,0.35533517918694757,5,0.25,design,0.02,0.03397192665631368,0.031777827579134665,0.125,
coral,erm,True,0.031777827579134665,0.02092977678153755,0.0004380555561249883,0.049230491012087395,0.04471921438424931,0.05346843786404383,0.35533517918694757,5,0.25,design,0.05,0.03397192665631368,0.031777827579134665,0.125,31
coral,erm,True,0.031777827579134665,0.02092977678153755,0.0004380555561249883,0.049230491012087395,0.04471921438424931,0.05346843786404383,0.35533517918694757,5,0.25,design,0.1,0.03397192665631368,0.031777827579134665,0.125,4
coral,erm,True,0.031777827579134665,0.02092977678153755,0.0004380555561249883,0.049230491012087395,0.04471921438424931,0.05346843786404383,0.35533517918694757,5,0.25,design,0.2,0.03397192665631368,0.031777827579134665,0.125,3
coral,erm,True,0.031777827579134665,0.02092977678153755,0.0004380555561249883,0.049230491012087395,0.04471921438424931,0.05346843786404383,0.35533517918694757,5,0.5,ratio,0.02,0.03669387461414983,0.031777827579134665,0.25,55
coral,erm,True,0.031777827579134665,0.02092977678153755,0.0004380555561249883,0.049230491012087395,0.04471921438424931,0.05346843786404383,0.35533517918694757,5,0.5,ratio,0.05,0.03669387461414983,0.031777827579134665,0.25,11
coral,erm,True,0.031777827579134665,0.02092977678153755,0.0004380555561249883,0.049230491012087395,0.04471921438424931,0.05346843786404383,0.35533517918694757,5,0.5,ratio,0.1,0.03669387461414983,0.031777827579134665,0.25,5
coral,erm,True,0.031777827579134665,0.02092977678153755,0.0004380555561249883,0.049230491012087395,0.04471921438424931,0.05346843786404383,0.35533517918694757,5,0.5,ratio,0.2,0.03669387461414983,0.031777827579134665,0.25,3
coral,erm,True,0.031777827579134665,0.02092977678153755,0.0004380555561249883,0.049230491012087395,0.04471921438424931,0.05346843786404383,0.35533517918694757,5,0.5,design,0.02,0.03669387461414983,0.031777827579134665,0.25,
coral,erm,True,0.031777827579134665,0.02092977678153755,0.0004380555561249883,0.049230491012087395,0.04471921438424931,0.05346843786404383,0.35533517918694757,5,0.5,design,0.05,0.03669387461414983,0.031777827579134665,0.25,
coral,erm,True,0.031777827579134665,0.02092977678153755,0.0004380555561249883,0.049230491012087395,0.04471921438424931,0.05346843786404383,0.35533517918694757,5,0.5,design,0.1,0.03669387461414983,0.031777827579134665,0.25,4
coral,erm,True,0.031777827579134665,0.02092977678153755,0.0004380555561249883,0.049230491012087395,0.04471921438424931,0.05346843786404383,0.35533517918694757,5,0.5,design,0.2,0.03669387461414983,0.031777827579134665,0.25,3
coral,erm,True,0.031777827579134665,0.02092977678153755,0.0004380555561249883,0.049230491012087395,0.04471921438424931,0.05346843786404383,0.35533517918694757,10,0.0,none,0.02,0.02690618778064072,0.02690618778064072,0.0,17
coral,erm,True,0.031777827579134665,0.02092977678153755,0.0004380555561249883,0.049230491012087395,0.04471921438424931,0.05346843786404383,0.35533517918694757,10,0.0,none,0.05,0.02690618778064072,0.02690618778064072,0.0,5
coral,erm,True,0.031777827579134665,0.02092977678153755,0.0004380555561249883,0.049230491012087395,0.04471921438424931,0.05346843786404383,0.35533517918694757,10,0.0,none,0.1,0.02690618778064072,0.02690618778064072,0.0,3
coral,erm,True,0.031777827579134665,0.02092977678153755,0.0004380555561249883,0.049230491012087395,0.04471921438424931,0.05346843786404383,0.35533517918694757,10,0.0,none,0.2,0.02690618778064072,0.02690618778064072,0.0,3
coral,erm,True,0.031777827579134665,0.02092977678153755,0.0004380555561249883,0.049230491012087395,0.04471921438424931,0.05346843786404383,0.35533517918694757,10,0.25,ratio,0.02,0.028763924645531746,0.02690618778064072,0.125,27
coral,erm,True,0.031777827579134665,0.02092977678153755,0.0004380555561249883,0.049230491012087395,0.04471921438424931,0.05346843786404383,0.35533517918694757,10,0.25,ratio,0.05,0.028763924645531746,0.02690618778064072,0.125,7
coral,erm,True,0.031777827579134665,0.02092977678153755,0.0004380555561249883,0.049230491012087395,0.04471921438424931,0.05346843786404383,0.35533517918694757,10,0.25,ratio,0.1,0.028763924645531746,0.02690618778064072,0.125,4
coral,erm,True,0.031777827579134665,0.02092977678153755,0.0004380555561249883,0.049230491012087395,0.04471921438424931,0.05346843786404383,0.35533517918694757,10,0.25,ratio,0.2,0.028763924645531746,0.02690618778064072,0.125,3
coral,erm,True,0.031777827579134665,0.02092977678153755,0.0004380555561249883,0.049230491012087395,0.04471921438424931,0.05346843786404383,0.35533517918694757,10,0.25,design,0.02,0.028763924645531746,0.02690618778064072,0.125,
coral,erm,True,0.031777827579134665,0.02092977678153755,0.0004380555561249883,0.049230491012087395,0.04471921438424931,0.05346843786404383,0.35533517918694757,10,0.25,design,0.05,0.028763924645531746,0.02690618778064072,0.125,8
coral,erm,True,0.031777827579134665,0.02092977678153755,0.0004380555561249883,0.049230491012087395,0.04471921438424931,0.05346843786404383,0.35533517918694757,10,0.25,design,0.1,0.028763924645531746,0.02690618778064072,0.125,3
coral,erm,True,0.031777827579134665,0.02092977678153755,0.0004380555561249883,0.049230491012087395,0.04471921438424931,0.05346843786404383,0.35533517918694757,10,0.25,design,0.2,0.028763924645531746,0.02690618778064072,0.125,3
coral,erm,True,0.031777827579134665,0.02092977678153755,0.0004380555561249883,0.049230491012087395,0.04471921438424931,0.05346843786404383,0.35533517918694757,10,0.5,ratio,0.02,0.03106858951603908,0.02690618778064072,0.25,40
coral,erm,True,0.031777827579134665,0.02092977678153755,0.0004380555561249883,0.049230491012087395,0.04471921438424931,0.05346843786404383,0.35533517918694757,10,0.5,ratio,0.05,0.03106858951603908,0.02690618778064072,0.25,9
coral,erm,True,0.031777827579134665,0.02092977678153755,0.0004380555561249883,0.049230491012087395,0.04471921438424931,0.05346843786404383,0.35533517918694757,10,0.5,ratio,0.1,0.03106858951603908,0.02690618778064072,0.25,4
coral,erm,True,0.031777827579134665,0.02092977678153755,0.0004380555561249883,0.049230491012087395,0.04471921438424931,0.05346843786404383,0.35533517918694757,10,0.5,ratio,0.2,0.03106858951603908,0.02690618778064072,0.25,3
coral,erm,True,0.031777827579134665,0.02092977678153755,0.0004380555561249883,0.049230491012087395,0.04471921438424931,0.05346843786404383,0.35533517918694757,10,0.5,design,0.02,0.03106858951603908,0.02690618778064072,0.25,
coral,erm,True,0.031777827579134665,0.02092977678153755,0.0004380555561249883,0.049230491012087395,0.04471921438424931,0.05346843786404383,0.35533517918694757,10,0.5,design,0.05,0.03106858951603908,0.02690618778064072,0.25,
coral,erm,True,0.031777827579134665,0.02092977678153755,0.0004380555561249883,0.049230491012087395,0.04471921438424931,0.05346843786404383,0.35533517918694757,10,0.5,design,0.1,0.03106858951603908,0.02690618778064072,0.25,4
coral,erm,True,0.031777827579134665,0.02092977678153755,0.0004380555561249883,0.049230491012087395,0.04471921438424931,0.05346843786404383,0.35533517918694757,10,0.5,design,0.2,0.03106858951603908,0.02690618778064072,0.25,3
fish,erm,True,0.09294717952019123,0.08746709673403741,0.007650493011081457,0.06676972292672252,0.04471921438424931,0.07030950041342912,0.2536226071176536,1,0.0,none,0.02,0.11222263078126198,0.11222263078126198,0.0,250
fish,erm,True,0.09294717952019123,0.08746709673403741,0.007650493011081457,0.06676972292672252,0.04471921438424931,0.07030950041342912,0.2536226071176536,1,0.0,none,0.05,0.11222263078126198,0.11222263078126198,0.0,42
fish,erm,True,0.09294717952019123,0.08746709673403741,0.007650493011081457,0.06676972292672252,0.04471921438424931,0.07030950041342912,0.2536226071176536,1,0.0,none,0.1,0.11222263078126198,0.11222263078126198,0.0,12
fish,erm,True,0.09294717952019123,0.08746709673403741,0.007650493011081457,0.06676972292672252,0.04471921438424931,0.07030950041342912,0.2536226071176536,1,0.0,none,0.2,0.11222263078126198,0.11222263078126198,0.0,5
fish,erm,True,0.09294717952019123,0.08746709673403741,0.007650493011081457,0.06676972292672252,0.04471921438424931,0.07030950041342912,0.2536226071176536,1,0.25,ratio,0.02,0.11997103869311816,0.11222263078126198,0.125,426
fish,erm,True,0.09294717952019123,0.08746709673403741,0.007650493011081457,0.06676972292672252,0.04471921438424931,0.07030950041342912,0.2536226071176536,1,0.25,ratio,0.05,0.11997103869311816,0.11222263078126198,0.125,70
fish,erm,True,0.09294717952019123,0.08746709673403741,0.007650493011081457,0.06676972292672252,0.04471921438424931,0.07030950041342912,0.2536226071176536,1,0.25,ratio,0.1,0.11997103869311816,0.11222263078126198,0.125,19
fish,erm,True,0.09294717952019123,0.08746709673403741,0.007650493011081457,0.06676972292672252,0.04471921438424931,0.07030950041342912,0.2536226071176536,1,0.25,ratio,0.2,0.11997103869311816,0.11222263078126198,0.125,7
fish,erm,True,0.09294717952019123,0.08746709673403741,0.007650493011081457,0.06676972292672252,0.04471921438424931,0.07030950041342912,0.2536226071176536,1,0.25,design,0.02,0.11997103869311816,0.11222263078126198,0.125,
fish,erm,True,0.09294717952019123,0.08746709673403741,0.007650493011081457,0.06676972292672252,0.04471921438424931,0.07030950041342912,0.2536226071176536,1,0.25,design,0.05,0.11997103869311816,0.11222263078126198,0.125,
fish,erm,True,0.09294717952019123,0.08746709673403741,0.007650493011081457,0.06676972292672252,0.04471921438424931,0.07030950041342912,0.2536226071176536,1,0.25,design,0.1,0.11997103869311816,0.11222263078126198,0.125,
fish,erm,True,0.09294717952019123,0.08746709673403741,0.007650493011081457,0.06676972292672252,0.04471921438424931,0.07030950041342912,0.2536226071176536,1,0.25,design,0.2,0.11997103869311816,0.11222263078126198,0.125,10
fish,erm,True,0.09294717952019123,0.08746709673403741,0.007650493011081457,0.06676972292672252,0.04471921438424931,0.07030950041342912,0.2536226071176536,1,0.5,ratio,0.02,0.12958353218145918,0.11222263078126198,0.25,661
fish,erm,True,0.09294717952019123,0.08746709673403741,0.007650493011081457,0.06676972292672252,0.04471921438424931,0.07030950041342912,0.2536226071176536,1,0.5,ratio,0.05,0.12958353218145918,0.11222263078126198,0.25,108
fish,erm,True,0.09294717952019123,0.08746709673403741,0.007650493011081457,0.06676972292672252,0.04471921438424931,0.07030950041342912,0.2536226071176536,1,0.5,ratio,0.1,0.12958353218145918,0.11222263078126198,0.25,29
fish,erm,True,0.09294717952019123,0.08746709673403741,0.007650493011081457,0.06676972292672252,0.04471921438424931,0.07030950041342912,0.2536226071176536,1,0.5,ratio,0.2,0.12958353218145918,0.11222263078126198,0.25,9
fish,erm,True,0.09294717952019123,0.08746709673403741,0.007650493011081457,0.06676972292672252,0.04471921438424931,0.07030950041342912,0.2536226071176536,1,0.5,design,0.02,0.12958353218145918,0.11222263078126198,0.25,
fish,erm,True,0.09294717952019123,0.08746709673403741,0.007650493011081457,0.06676972292672252,0.04471921438424931,0.07030950041342912,0.2536226071176536,1,0.5,design,0.05,0.12958353218145918,0.11222263078126198,0.25,
fish,erm,True,0.09294717952019123,0.08746709673403741,0.007650493011081457,0.06676972292672252,0.04471921438424931,0.07030950041342912,0.2536226071176536,1,0.5,design,0.1,0.12958353218145918,0.11222263078126198,0.25,
fish,erm,True,0.09294717952019123,0.08746709673403741,0.007650493011081457,0.06676972292672252,0.04471921438424931,0.07030950041342912,0.2536226071176536,1,0.5,design,0.2,0.12958353218145918,0.11222263078126198,0.25,
fish,erm,True,0.09294717952019123,0.08746709673403741,0.007650493011081457,0.06676972292672252,0.04471921438424931,0.07030950041342912,0.2536226071176536,3,0.0,none,0.02,0.09642770155515541,0.09642770155515541,0.0,185
fish,erm,True,0.09294717952019123,0.08746709673403741,0.007650493011081457,0.06676972292672252,0.04471921438424931,0.07030950041342912,0.2536226071176536,3,0.0,none,0.05,0.09642770155515541,0.09642770155515541,0.0,32
fish,erm,True,0.09294717952019123,0.08746709673403741,0.007650493011081457,0.06676972292672252,0.04471921438424931,0.07030950041342912,0.2536226071176536,3,0.0,none,0.1,0.09642770155515541,0.09642770155515541,0.0,10
fish,erm,True,0.09294717952019123,0.08746709673403741,0.007650493011081457,0.06676972292672252,0.04471921438424931,0.07030950041342912,0.2536226071176536,3,0.0,none,0.2,0.09642770155515541,0.09642770155515541,0.0,5
fish,erm,True,0.09294717952019123,0.08746709673403741,0.007650493011081457,0.06676972292672252,0.04471921438424931,0.07030950041342912,0.2536226071176536,3,0.25,ratio,0.02,0.10308554908956581,0.09642770155515541,0.125,315
fish,erm,True,0.09294717952019123,0.08746709673403741,0.007650493011081457,0.06676972292672252,0.04471921438424931,0.07030950041342912,0.2536226071176536,3,0.25,ratio,0.05,0.10308554908956581,0.09642770155515541,0.125,52
fish,erm,True,0.09294717952019123,0.08746709673403741,0.007650493011081457,0.06676972292672252,0.04471921438424931,0.07030950041342912,0.2536226071176536,3,0.25,ratio,0.1,0.10308554908956581,0.09642770155515541,0.125,15
fish,erm,True,0.09294717952019123,0.08746709673403741,0.007650493011081457,0.06676972292672252,0.04471921438424931,0.07030950041342912,0.2536226071176536,3,0.25,ratio,0.2,0.10308554908956581,0.09642770155515541,0.125,6
fish,erm,True,0.09294717952019123,0.08746709673403741,0.007650493011081457,0.06676972292672252,0.04471921438424931,0.07030950041342912,0.2536226071176536,3,0.25,design,0.02,0.10308554908956581,0.09642770155515541,0.125,
fish,erm,True,0.09294717952019123,0.08746709673403741,0.007650493011081457,0.06676972292672252,0.04471921438424931,0.07030950041342912,0.2536226071176536,3,0.25,design,0.05,0.10308554908956581,0.09642770155515541,0.125,
fish,erm,True,0.09294717952019123,0.08746709673403741,0.007650493011081457,0.06676972292672252,0.04471921438424931,0.07030950041342912,0.2536226071176536,3,0.25,design,0.1,0.10308554908956581,0.09642770155515541,0.125,
fish,erm,True,0.09294717952019123,0.08746709673403741,0.007650493011081457,0.06676972292672252,0.04471921438424931,0.07030950041342912,0.2536226071176536,3,0.25,design,0.2,0.10308554908956581,0.09642770155515541,0.125,6
fish,erm,True,0.09294717952019123,0.08746709673403741,0.007650493011081457,0.06676972292672252,0.04471921438424931,0.07030950041342912,0.2536226071176536,3,0.5,ratio,0.02,0.11134511890041175,0.09642770155515541,0.25,489
fish,erm,True,0.09294717952019123,0.08746709673403741,0.007650493011081457,0.06676972292672252,0.04471921438424931,0.07030950041342912,0.2536226071176536,3,0.5,ratio,0.05,0.11134511890041175,0.09642770155515541,0.25,80
fish,erm,True,0.09294717952019123,0.08746709673403741,0.007650493011081457,0.06676972292672252,0.04471921438424931,0.07030950041342912,0.2536226071176536,3,0.5,ratio,0.1,0.11134511890041175,0.09642770155515541,0.25,22
fish,erm,True,0.09294717952019123,0.08746709673403741,0.007650493011081457,0.06676972292672252,0.04471921438424931,0.07030950041342912,0.2536226071176536,3,0.5,ratio,0.2,0.11134511890041175,0.09642770155515541,0.25,8
fish,erm,True,0.09294717952019123,0.08746709673403741,0.007650493011081457,0.06676972292672252,0.04471921438424931,0.07030950041342912,0.2536226071176536,3,0.5,design,0.02,0.11134511890041175,0.09642770155515541,0.25,
fish,erm,True,0.09294717952019123,0.08746709673403741,0.007650493011081457,0.06676972292672252,0.04471921438424931,0.07030950041342912,0.2536226071176536,3,0.5,design,0.05,0.11134511890041175,0.09642770155515541,0.25,
fish,erm,True,0.09294717952019123,0.08746709673403741,0.007650493011081457,0.06676972292672252,0.04471921438424931,0.07030950041342912,0.2536226071176536,3,0.5,design,0.1,0.11134511890041175,0.09642770155515541,0.25,
fish,erm,True,0.09294717952019123,0.08746709673403741,0.007650493011081457,0.06676972292672252,0.04471921438424931,0.07030950041342912,0.2536226071176536,3,0.5,design,0.2,0.11134511890041175,0.09642770155515541,0.25,
fish,erm,True,0.09294717952019123,0.08746709673403741,0.007650493011081457,0.06676972292672252,0.04471921438424931,0.07030950041342912,0.2536226071176536,5,0.0,none,0.02,0.09294717952019123,0.09294717952019123,0.0,172
fish,erm,True,0.09294717952019123,0.08746709673403741,0.007650493011081457,0.06676972292672252,0.04471921438424931,0.07030950041342912,0.2536226071176536,5,0.0,none,0.05,0.09294717952019123,0.09294717952019123,0.0,30
fish,erm,True,0.09294717952019123,0.08746709673403741,0.007650493011081457,0.06676972292672252,0.04471921438424931,0.07030950041342912,0.2536226071176536,5,0.0,none,0.1,0.09294717952019123,0.09294717952019123,0.0,9
fish,erm,True,0.09294717952019123,0.08746709673403741,0.007650493011081457,0.06676972292672252,0.04471921438424931,0.07030950041342912,0.2536226071176536,5,0.0,none,0.2,0.09294717952019123,0.09294717952019123,0.0,4
fish,erm,True,0.09294717952019123,0.08746709673403741,0.007650493011081457,0.06676972292672252,0.04471921438424931,0.07030950041342912,0.2536226071176536,5,0.25,ratio,0.02,0.09936471452329346,0.09294717952019123,0.125,293
fish,erm,True,0.09294717952019123,0.08746709673403741,0.007650493011081457,0.06676972292672252,0.04471921438424931,0.07030950041342912,0.2536226071176536,5,0.25,ratio,0.05,0.09936471452329346,0.09294717952019123,0.125,49
fish,erm,True,0.09294717952019123,0.08746709673403741,0.007650493011081457,0.06676972292672252,0.04471921438424931,0.07030950041342912,0.2536226071176536,5,0.25,ratio,0.1,0.09936471452329346,0.09294717952019123,0.125,14
fish,erm,True,0.09294717952019123,0.08746709673403741,0.007650493011081457,0.06676972292672252,0.04471921438424931,0.07030950041342912,0.2536226071176536,5,0.25,ratio,0.2,0.09936471452329346,0.09294717952019123,0.125,6
fish,erm,True,0.09294717952019123,0.08746709673403741,0.007650493011081457,0.06676972292672252,0.04471921438424931,0.07030950041342912,0.2536226071176536,5,0.25,design,0.02,0.09936471452329346,0.09294717952019123,0.125,
fish,erm,True,0.09294717952019123,0.08746709673403741,0.007650493011081457,0.06676972292672252,0.04471921438424931,0.07030950041342912,0.2536226071176536,5,0.25,design,0.05,0.09936471452329346,0.09294717952019123,0.125,
fish,erm,True,0.09294717952019123,0.08746709673403741,0.007650493011081457,0.06676972292672252,0.04471921438424931,0.07030950041342912,0.2536226071176536,5,0.25,design,0.1,0.09936471452329346,0.09294717952019123,0.125,
fish,erm,True,0.09294717952019123,0.08746709673403741,0.007650493011081457,0.06676972292672252,0.04471921438424931,0.07030950041342912,0.2536226071176536,5,0.25,design,0.2,0.09936471452329346,0.09294717952019123,0.125,6
fish,erm,True,0.09294717952019123,0.08746709673403741,0.007650493011081457,0.06676972292672252,0.04471921438424931,0.07030950041342912,0.2536226071176536,5,0.5,ratio,0.02,0.10732615823279776,0.09294717952019123,0.25,454
fish,erm,True,0.09294717952019123,0.08746709673403741,0.007650493011081457,0.06676972292672252,0.04471921438424931,0.07030950041342912,0.2536226071176536,5,0.5,ratio,0.05,0.10732615823279776,0.09294717952019123,0.25,75
fish,erm,True,0.09294717952019123,0.08746709673403741,0.007650493011081457,0.06676972292672252,0.04471921438424931,0.07030950041342912,0.2536226071176536,5,0.5,ratio,0.1,0.10732615823279776,0.09294717952019123,0.25,21
fish,erm,True,0.09294717952019123,0.08746709673403741,0.007650493011081457,0.06676972292672252,0.04471921438424931,0.07030950041342912,0.2536226071176536,5,0.5,ratio,0.2,0.10732615823279776,0.09294717952019123,0.25,7
fish,erm,True,0.09294717952019123,0.08746709673403741,0.007650493011081457,0.06676972292672252,0.04471921438424931,0.07030950041342912,0.2536226071176536,5,0.5,design,0.02,0.10732615823279776,0.09294717952019123,0.25,
fish,erm,True,0.09294717952019123,0.08746709673403741,0.007650493011081457,0.06676972292672252,0.04471921438424931,0.07030950041342912,0.2536226071176536,5,0.5,design,0.05,0.10732615823279776,0.09294717952019123,0.25,
fish,erm,True,0.09294717952019123,0.08746709673403741,0.007650493011081457,0.06676972292672252,0.04471921438424931,0.07030950041342912,0.2536226071176536,5,0.5,design,0.1,0.10732615823279776,0.09294717952019123,0.25,
fish,erm,True,0.09294717952019123,0.08746709673403741,0.007650493011081457,0.06676972292672252,0.04471921438424931,0.07030950041342912,0.2536226071176536,5,0.5,design,0.2,0.10732615823279776,0.09294717952019123,0.25,
fish,erm,True,0.09294717952019123,0.08746709673403741,0.007650493011081457,0.06676972292672252,0.04471921438424931,0.07030950041342912,0.2536226071176536,10,0.0,none,0.02,0.09024874290492946,0.09024874290492946,0.0,162
fish,erm,True,0.09294717952019123,0.08746709673403741,0.007650493011081457,0.06676972292672252,0.04471921438424931,0.07030950041342912,0.2536226071176536,10,0.0,none,0.05,0.09024874290492946,0.09024874290492946,0.0,28
fish,erm,True,0.09294717952019123,0.08746709673403741,0.007650493011081457,0.06676972292672252,0.04471921438424931,0.07030950041342912,0.2536226071176536,10,0.0,none,0.1,0.09024874290492946,0.09024874290492946,0.0,9
fish,erm,True,0.09294717952019123,0.08746709673403741,0.007650493011081457,0.06676972292672252,0.04471921438424931,0.07030950041342912,0.2536226071176536,10,0.0,none,0.2,0.09024874290492946,0.09024874290492946,0.0,4
fish,erm,True,0.09294717952019123,0.08746709673403741,0.007650493011081457,0.06676972292672252,0.04471921438424931,0.07030950041342912,0.2536226071176536,10,0.25,ratio,0.02,0.09647996443922618,0.09024874290492946,0.125,276
fish,erm,True,0.09294717952019123,0.08746709673403741,0.007650493011081457,0.06676972292672252,0.04471921438424931,0.07030950041342912,0.2536226071176536,10,0.25,ratio,0.05,0.09647996443922618,0.09024874290492946,0.125,46
fish,erm,True,0.09294717952019123,0.08746709673403741,0.007650493011081457,0.06676972292672252,0.04471921438424931,0.07030950041342912,0.2536226071176536,10,0.25,ratio,0.1,0.09647996443922618,0.09024874290492946,0.125,14
fish,erm,True,0.09294717952019123,0.08746709673403741,0.007650493011081457,0.06676972292672252,0.04471921438424931,0.07030950041342912,0.2536226071176536,10,0.25,ratio,0.2,0.09647996443922618,0.09024874290492946,0.125,5
fish,erm,True,0.09294717952019123,0.08746709673403741,0.007650493011081457,0.06676972292672252,0.04471921438424931,0.07030950041342912,0.2536226071176536,10,0.25,design,0.02,0.09647996443922618,0.09024874290492946,0.125,
fish,erm,True,0.09294717952019123,0.08746709673403741,0.007650493011081457,0.06676972292672252,0.04471921438424931,0.07030950041342912,0.2536226071176536,10,0.25,design,0.05,0.09647996443922618,0.09024874290492946,0.125,
fish,erm,True,0.09294717952019123,0.08746709673403741,0.007650493011081457,0.06676972292672252,0.04471921438424931,0.07030950041342912,0.2536226071176536,10,0.25,design,0.1,0.09647996443922618,0.09024874290492946,0.125,
fish,erm,True,0.09294717952019123,0.08746709673403741,0.007650493011081457,0.06676972292672252,0.04471921438424931,0.07030950041342912,0.2536226071176536,10,0.25,design,0.2,0.09647996443922618,0.09024874290492946,0.125,5
fish,erm,True,0.09294717952019123,0.08746709673403741,0.007650493011081457,0.06676972292672252,0.04471921438424931,0.07030950041342912,0.2536226071176536,10,0.5,ratio,0.02,0.10421027202037271,0.09024874290492946,0.25,429
fish,erm,True,0.09294717952019123,0.08746709673403741,0.007650493011081457,0.06676972292672252,0.04471921438424931,0.07030950041342912,0.2536226071176536,10,0.5,ratio,0.05,0.10421027202037271,0.09024874290492946,0.25,71
fish,erm,True,0.09294717952019123,0.08746709673403741,0.007650493011081457,0.06676972292672252,0.04471921438424931,0.07030950041342912,0.2536226071176536,10,0.5,ratio,0.1,0.10421027202037271,0.09024874290492946,0.25,20
fish,erm,True,0.09294717952019123,0.08746709673403741,0.007650493011081457,0.06676972292672252,0.04471921438424931,0.07030950041342912,0.2536226071176536,10,0.5,ratio,0.2,0.10421027202037271,0.09024874290492946,0.25,7
fish,erm,True,0.09294717952019123,0.08746709673403741,0.007650493011081457,0.06676972292672252,0.04471921438424931,0.07030950041342912,0.2536226071176536,10,0.5,design,0.02,0.10421027202037271,0.09024874290492946,0.25,
fish,erm,True,0.09294717952019123,0.08746709673403741,0.007650493011081457,0.06676972292672252,0.04471921438424931,0.07030950041342912,0.2536226071176536,10,0.5,design,0.05,0.10421027202037271,0.09024874290492946,0.25,
fish,erm,True,0.09294717952019123,0.08746709673403741,0.007650493011081457,0.06676972292672252,0.04471921438424931,0.07030950041342912,0.2536226071176536,10,0.5,design,0.1,0.10421027202037271,0.09024874290492946,0.25,
fish,erm,True,0.09294717952019123,0.08746709673403741,0.007650493011081457,0.06676972292672252,0.04471921438424931,0.07030950041342912,0.2536226071176536,10,0.5,design,0.2,0.10421027202037271,0.09024874290492946,0.25,
groupdro,erm,True,0.03223064767190883,0.02640749433912928,0.0006973557572711451,0.040157432571042116,0.04471921438424931,0.04131941989425656,0.5304387156837475,1,0.0,none,0.02,0.04903723297321159,0.04903723297321159,0.0,50
groupdro,erm,True,0.03223064767190883,0.02640749433912928,0.0006973557572711451,0.040157432571042116,0.04471921438424931,0.04131941989425656,0.5304387156837475,1,0.0,none,0.05,0.04903723297321159,0.04903723297321159,0.0,10
groupdro,erm,True,0.03223064767190883,0.02640749433912928,0.0006973557572711451,0.040157432571042116,0.04471921438424931,0.04131941989425656,0.5304387156837475,1,0.0,none,0.1,0.04903723297321159,0.04903723297321159,0.0,5
groupdro,erm,True,0.03223064767190883,0.02640749433912928,0.0006973557572711451,0.040157432571042116,0.04471921438424931,0.04131941989425656,0.5304387156837475,1,0.0,none,0.2,0.04903723297321159,0.04903723297321159,0.0,3
groupdro,erm,True,0.03223064767190883,0.02640749433912928,0.0006973557572711451,0.040157432571042116,0.04471921438424931,0.04131941989425656,0.5304387156837475,1,0.25,ratio,0.02,0.05242300713747766,0.04903723297321159,0.125,83
groupdro,erm,True,0.03223064767190883,0.02640749433912928,0.0006973557572711451,0.040157432571042116,0.04471921438424931,0.04131941989425656,0.5304387156837475,1,0.25,ratio,0.05,0.05242300713747766,0.04903723297321159,0.125,15
groupdro,erm,True,0.03223064767190883,0.02640749433912928,0.0006973557572711451,0.040157432571042116,0.04471921438424931,0.04131941989425656,0.5304387156837475,1,0.25,ratio,0.1,0.05242300713747766,0.04903723297321159,0.125,6
groupdro,erm,True,0.03223064767190883,0.02640749433912928,0.0006973557572711451,0.040157432571042116,0.04471921438424931,0.04131941989425656,0.5304387156837475,1,0.25,ratio,0.2,0.05242300713747766,0.04903723297321159,0.125,4
groupdro,erm,True,0.03223064767190883,0.02640749433912928,0.0006973557572711451,0.040157432571042116,0.04471921438424931,0.04131941989425656,0.5304387156837475,1,0.25,design,0.02,0.05242300713747766,0.04903723297321159,0.125,
groupdro,erm,True,0.03223064767190883,0.02640749433912928,0.0006973557572711451,0.040157432571042116,0.04471921438424931,0.04131941989425656,0.5304387156837475,1,0.25,design,0.05,0.05242300713747766,0.04903723297321159,0.125,
groupdro,erm,True,0.03223064767190883,0.02640749433912928,0.0006973557572711451,0.040157432571042116,0.04471921438424931,0.04131941989425656,0.5304387156837475,1,0.25,design,0.1,0.05242300713747766,0.04903723297321159,0.125,6
groupdro,erm,True,0.03223064767190883,0.02640749433912928,0.0006973557572711451,0.040157432571042116,0.04471921438424931,0.04131941989425656,0.5304387156837475,1,0.25,design,0.2,0.05242300713747766,0.04903723297321159,0.125,3
groupdro,erm,True,0.03223064767190883,0.02640749433912928,0.0006973557572711451,0.040157432571042116,0.04471921438424931,0.04131941989425656,0.5304387156837475,1,0.5,ratio,0.02,0.05662331931479621,0.04903723297321159,0.25,128
groupdro,erm,True,0.03223064767190883,0.02640749433912928,0.0006973557572711451,0.040157432571042116,0.04471921438424931,0.04131941989425656,0.5304387156837475,1,0.5,ratio,0.05,0.05662331931479621,0.04903723297321159,0.25,23
groupdro,erm,True,0.03223064767190883,0.02640749433912928,0.0006973557572711451,0.040157432571042116,0.04471921438424931,0.04131941989425656,0.5304387156837475,1,0.5,ratio,0.1,0.05662331931479621,0.04903723297321159,0.25,8
groupdro,erm,True,0.03223064767190883,0.02640749433912928,0.0006973557572711451,0.040157432571042116,0.04471921438424931,0.04131941989425656,0.5304387156837475,1,0.5,ratio,0.2,0.05662331931479621,0.04903723297321159,0.25,4
groupdro,erm,True,0.03223064767190883,0.02640749433912928,0.0006973557572711451,0.040157432571042116,0.04471921438424931,0.04131941989425656,0.5304387156837475,1,0.5,design,0.02,0.05662331931479621,0.04903723297321159,0.25,
groupdro,erm,True,0.03223064767190883,0.02640749433912928,0.0006973557572711451,0.040157432571042116,0.04471921438424931,0.04131941989425656,0.5304387156837475,1,0.5,design,0.05,0.05662331931479621,0.04903723297321159,0.25,
groupdro,erm,True,0.03223064767190883,0.02640749433912928,0.0006973557572711451,0.040157432571042116,0.04471921438424931,0.04131941989425656,0.5304387156837475,1,0.5,design,0.1,0.05662331931479621,0.04903723297321159,0.25,
groupdro,erm,True,0.03223064767190883,0.02640749433912928,0.0006973557572711451,0.040157432571042116,0.04471921438424931,0.04131941989425656,0.5304387156837475,1,0.5,design,0.2,0.05662331931479621,0.04903723297321159,0.25,3
groupdro,erm,True,0.03223064767190883,0.02640749433912928,0.0006973557572711451,0.040157432571042116,0.04471921438424931,0.04131941989425656,0.5304387156837475,3,0.0,none,0.02,0.035587271751809056,0.035587271751809056,0.0,27
groupdro,erm,True,0.03223064767190883,0.02640749433912928,0.0006973557572711451,0.040157432571042116,0.04471921438424931,0.04131941989425656,0.5304387156837475,3,0.0,none,0.05,0.035587271751809056,0.035587271751809056,0.0,7
groupdro,erm,True,0.03223064767190883,0.02640749433912928,0.0006973557572711451,0.040157432571042116,0.04471921438424931,0.04131941989425656,0.5304387156837475,3,0.0,none,0.1,0.035587271751809056,0.035587271751809056,0.0,4
groupdro,erm,True,0.03223064767190883,0.02640749433912928,0.0006973557572711451,0.040157432571042116,0.04471921438424931,0.04131941989425656,0.5304387156837475,3,0.0,none,0.2,0.035587271751809056,0.035587271751809056,0.0,3
groupdro,erm,True,0.03223064767190883,0.02640749433912928,0.0006973557572711451,0.040157432571042116,0.04471921438424931,0.04131941989425656,0.5304387156837475,3,0.25,ratio,0.02,0.03804439377865371,0.035587271751809056,0.125,45
groupdro,erm,True,0.03223064767190883,0.02640749433912928,0.0006973557572711451,0.040157432571042116,0.04471921438424931,0.04131941989425656,0.5304387156837475,3,0.25,ratio,0.05,0.03804439377865371,0.035587271751809056,0.125,9
groupdro,erm,True,0.03223064767190883,0.02640749433912928,0.0006973557572711451,0.040157432571042116,0.04471921438424931,0.04131941989425656,0.5304387156837475,3,0.25,ratio,0.1,0.03804439377865371,0.035587271751809056,0.125,4
groupdro,erm,True,0.03223064767190883,0.02640749433912928,0.0006973557572711451,0.040157432571042116,0.04471921438424931,0.04131941989425656,0.5304387156837475,3,0.25,ratio,0.2,0.03804439377865371,0.035587271751809056,0.125,3
groupdro,erm,True,0.03223064767190883,0.02640749433912928,0.0006973557572711451,0.040157432571042116,0.04471921438424931,0.04131941989425656,0.5304387156837475,3,0.25,design,0.02,0.03804439377865371,0.035587271751809056,0.125,
groupdro,erm,True,0.03223064767190883,0.02640749433912928,0.0006973557572711451,0.040157432571042116,0.04471921438424931,0.04131941989425656,0.5304387156837475,3,0.25,design,0.05,0.03804439377865371,0.035587271751809056,0.125,
groupdro,erm,True,0.03223064767190883,0.02640749433912928,0.0006973557572711451,0.040157432571042116,0.04471921438424931,0.04131941989425656,0.5304387156837475,3,0.25,design,0.1,0.03804439377865371,0.035587271751809056,0.125,4
groupdro,erm,True,0.03223064767190883,0.02640749433912928,0.0006973557572711451,0.040157432571042116,0.04471921438424931,0.04131941989425656,0.5304387156837475,3,0.25,design,0.2,0.03804439377865371,0.035587271751809056,0.125,3
groupdro,erm,True,0.03223064767190883,0.02640749433912928,0.0006973557572711451,0.040157432571042116,0.04471921438424931,0.04131941989425656,0.5304387156837475,3,0.5,ratio,0.02,0.04109264185126265,0.035587271751809056,0.25,69
groupdro,erm,True,0.03223064767190883,0.02640749433912928,0.0006973557572711451,0.040157432571042116,0.04471921438424931,0.04131941989425656,0.5304387156837475,3,0.5,ratio,0.05,0.04109264185126265,0.035587271751809056,0.25,13
groupdro,erm,True,0.03223064767190883,0.02640749433912928,0.0006973557572711451,0.040157432571042116,0.04471921438424931,0.04131941989425656,0.5304387156837475,3,0.5,ratio,0.1,0.04109264185126265,0.035587271751809056,0.25,5
groupdro,erm,True,0.03223064767190883,0.02640749433912928,0.0006973557572711451,0.040157432571042116,0.04471921438424931,0.04131941989425656,0.5304387156837475,3,0.5,ratio,0.2,0.04109264185126265,0.035587271751809056,0.25,3
groupdro,erm,True,0.03223064767190883,0.02640749433912928,0.0006973557572711451,0.040157432571042116,0.04471921438424931,0.04131941989425656,0.5304387156837475,3,0.5,design,0.02,0.04109264185126265,0.035587271751809056,0.25,
groupdro,erm,True,0.03223064767190883,0.02640749433912928,0.0006973557572711451,0.040157432571042116,0.04471921438424931,0.04131941989425656,0.5304387156837475,3,0.5,design,0.05,0.04109264185126265,0.035587271751809056,0.25,
groupdro,erm,True,0.03223064767190883,0.02640749433912928,0.0006973557572711451,0.040157432571042116,0.04471921438424931,0.04131941989425656,0.5304387156837475,3,0.5,design,0.1,0.04109264185126265,0.035587271751809056,0.25,5
groupdro,erm,True,0.03223064767190883,0.02640749433912928,0.0006973557572711451,0.040157432571042116,0.04471921438424931,0.04131941989425656,0.5304387156837475,3,0.5,design,0.2,0.04109264185126265,0.035587271751809056,0.25,3
groupdro,erm,True,0.03223064767190883,0.02640749433912928,0.0006973557572711451,0.040157432571042116,0.04471921438424931,0.04131941989425656,0.5304387156837475,5,0.0,none,0.02,0.03223064767190883,0.03223064767190883,0.0,23
groupdro,erm,True,0.03223064767190883,0.02640749433912928,0.0006973557572711451,0.040157432571042116,0.04471921438424931,0.04131941989425656,0.5304387156837475,5,0.0,none,0.05,0.03223064767190883,0.03223064767190883,0.0,6
groupdro,erm,True,0.03223064767190883,0.02640749433912928,0.0006973557572711451,0.040157432571042116,0.04471921438424931,0.04131941989425656,0.5304387156837475,5,0.0,none,0.1,0.03223064767190883,0.03223064767190883,0.0,4
groupdro,erm,True,0.03223064767190883,0.02640749433912928,0.0006973557572711451,0.040157432571042116,0.04471921438424931,0.04131941989425656,0.5304387156837475,5,0.0,none,0.2,0.03223064767190883,0.03223064767190883,0.0,3
groupdro,erm,True,0.03223064767190883,0.02640749433912928,0.0006973557572711451,0.040157432571042116,0.04471921438424931,0.04131941989425656,0.5304387156837475,5,0.25,ratio,0.02,0.03445601169774457,0.03223064767190883,0.125,37
groupdro,erm,True,0.03223064767190883,0.02640749433912928,0.0006973557572711451,0.040157432571042116,0.04471921438424931,0.04131941989425656,0.5304387156837475,5,0.25,ratio,0.05,0.03445601169774457,0.03223064767190883,0.125,8
groupdro,erm,True,0.03223064767190883,0.02640749433912928,0.0006973557572711451,0.040157432571042116,0.04471921438424931,0.04131941989425656,0.5304387156837475,5,0.25,ratio,0.1,0.03445601169774457,0.03223064767190883,0.125,4
groupdro,erm,True,0.03223064767190883,0.02640749433912928,0.0006973557572711451,0.040157432571042116,0.04471921438424931,0.04131941989425656,0.5304387156837475,5,0.25,ratio,0.2,0.03445601169774457,0.03223064767190883,0.125,3
groupdro,erm,True,0.03223064767190883,0.02640749433912928,0.0006973557572711451,0.040157432571042116,0.04471921438424931,0.04131941989425656,0.5304387156837475,5,0.25,design,0.02,0.03445601169774457,0.03223064767190883,0.125,
groupdro,erm,True,0.03223064767190883,0.02640749433912928,0.0006973557572711451,0.040157432571042116,0.04471921438424931,0.04131941989425656,0.5304387156837475,5,0.25,design,0.05,0.03445601169774457,0.03223064767190883,0.125,43
groupdro,erm,True,0.03223064767190883,0.02640749433912928,0.0006973557572711451,0.040157432571042116,0.04471921438424931,0.04131941989425656,0.5304387156837475,5,0.25,design,0.1,0.03445601169774457,0.03223064767190883,0.125,4
groupdro,erm,True,0.03223064767190883,0.02640749433912928,0.0006973557572711451,0.040157432571042116,0.04471921438424931,0.04131941989425656,0.5304387156837475,5,0.25,design,0.2,0.03445601169774457,0.03223064767190883,0.125,3
groupdro,erm,True,0.03223064767190883,0.02640749433912928,0.0006973557572711451,0.040157432571042116,0.04471921438424931,0.04131941989425656,0.5304387156837475,5,0.5,ratio,0.02,0.037216746219065094,0.03223064767190883,0.25,57
groupdro,erm,True,0.03223064767190883,0.02640749433912928,0.0006973557572711451,0.040157432571042116,0.04471921438424931,0.04131941989425656,0.5304387156837475,5,0.5,ratio,0.05,0.037216746219065094,0.03223064767190883,0.25,11
groupdro,erm,True,0.03223064767190883,0.02640749433912928,0.0006973557572711451,0.040157432571042116,0.04471921438424931,0.04131941989425656,0.5304387156837475,5,0.5,ratio,0.1,0.037216746219065094,0.03223064767190883,0.25,5
groupdro,erm,True,0.03223064767190883,0.02640749433912928,0.0006973557572711451,0.040157432571042116,0.04471921438424931,0.04131941989425656,0.5304387156837475,5,0.5,ratio,0.2,0.037216746219065094,0.03223064767190883,0.25,3
groupdro,erm,True,0.03223064767190883,0.02640749433912928,0.0006973557572711451,0.040157432571042116,0.04471921438424931,0.04131941989425656,0.5304387156837475,5,0.5,design,0.02,0.037216746219065094,0.03223064767190883,0.25,
groupdro,erm,True,0.03223064767190883,0.02640749433912928,0.0006973557572711451,0.040157432571042116,0.04471921438424931,0.04131941989425656,0.5304387156837475,5,0.5,design,0.05,0.037216746219065094,0.03223064767190883,0.25,
groupdro,erm,True,0.03223064767190883,0.02640749433912928,0.0006973557572711451,0.040157432571042116,0.04471921438424931,0.04131941989425656,0.5304387156837475,5,0.5,design,0.1,0.037216746219065094,0.03223064767190883,0.25,4
groupdro,erm,True,0.03223064767190883,0.02640749433912928,0.0006973557572711451,0.040157432571042116,0.04471921438424931,0.04131941989425656,0.5304387156837475,5,0.5,design,0.2,0.037216746219065094,0.03223064767190883,0.25,3
groupdro,erm,True,0.03223064767190883,0.02640749433912928,0.0006973557572711451,0.040157432571042116,0.04471921438424931,0.04131941989425656,0.5304387156837475,10,0.0,none,0.02,0.029463285684236465,0.029463285684236465,0.0,20
groupdro,erm,True,0.03223064767190883,0.02640749433912928,0.0006973557572711451,0.040157432571042116,0.04471921438424931,0.04131941989425656,0.5304387156837475,10,0.0,none,0.05,0.029463285684236465,0.029463285684236465,0.0,5
groupdro,erm,True,0.03223064767190883,0.02640749433912928,0.0006973557572711451,0.040157432571042116,0.04471921438424931,0.04131941989425656,0.5304387156837475,10,0.0,none,0.1,0.029463285684236465,0.029463285684236465,0.0,3
groupdro,erm,True,0.03223064767190883,0.02640749433912928,0.0006973557572711451,0.040157432571042116,0.04471921438424931,0.04131941989425656,0.5304387156837475,10,0.0,none,0.2,0.029463285684236465,0.029463285684236465,0.0,3
groupdro,erm,True,0.03223064767190883,0.02640749433912928,0.0006973557572711451,0.040157432571042116,0.04471921438424931,0.04131941989425656,0.5304387156837475,10,0.25,ratio,0.02,0.03149757729115837,0.029463285684236465,0.125,32
groupdro,erm,True,0.03223064767190883,0.02640749433912928,0.0006973557572711451,0.040157432571042116,0.04471921438424931,0.04131941989425656,0.5304387156837475,10,0.25,ratio,0.05,0.03149757729115837,0.029463285684236465,0.125,7
groupdro,erm,True,0.03223064767190883,0.02640749433912928,0.0006973557572711451,0.040157432571042116,0.04471921438424931,0.04131941989425656,0.5304387156837475,10,0.25,ratio,0.1,0.03149757729115837,0.029463285684236465,0.125,4
groupdro,erm,True,0.03223064767190883,0.02640749433912928,0.0006973557572711451,0.040157432571042116,0.04471921438424931,0.04131941989425656,0.5304387156837475,10,0.25,ratio,0.2,0.03149757729115837,0.029463285684236465,0.125,3
groupdro,erm,True,0.03223064767190883,0.02640749433912928,0.0006973557572711451,0.040157432571042116,0.04471921438424931,0.04131941989425656,0.5304387156837475,10,0.25,design,0.02,0.03149757729115837,0.029463285684236465,0.125,
groupdro,erm,True,0.03223064767190883,0.02640749433912928,0.0006973557572711451,0.040157432571042116,0.04471921438424931,0.04131941989425656,0.5304387156837475,10,0.25,design,0.05,0.03149757729115837,0.029463285684236465,0.125,13
groupdro,erm,True,0.03223064767190883,0.02640749433912928,0.0006973557572711451,0.040157432571042116,0.04471921438424931,0.04131941989425656,0.5304387156837475,10,0.25,design,0.1,0.03149757729115837,0.029463285684236465,0.125,4
groupdro,erm,True,0.03223064767190883,0.02640749433912928,0.0006973557572711451,0.040157432571042116,0.04471921438424931,0.04131941989425656,0.5304387156837475,10,0.25,design,0.2,0.03149757729115837,0.029463285684236465,0.125,3
groupdro,erm,True,0.03223064767190883,0.02640749433912928,0.0006973557572711451,0.040157432571042116,0.04471921438424931,0.04131941989425656,0.5304387156837475,10,0.5,ratio,0.02,0.034021271842009544,0.029463285684236465,0.25,48
groupdro,erm,True,0.03223064767190883,0.02640749433912928,0.0006973557572711451,0.040157432571042116,0.04471921438424931,0.04131941989425656,0.5304387156837475,10,0.5,ratio,0.05,0.034021271842009544,0.029463285684236465,0.25,10
groupdro,erm,True,0.03223064767190883,0.02640749433912928,0.0006973557572711451,0.040157432571042116,0.04471921438424931,0.04131941989425656,0.5304387156837475,10,0.5,ratio,0.1,0.034021271842009544,0.029463285684236465,0.25,5
groupdro,erm,True,0.03223064767190883,0.02640749433912928,0.0006973557572711451,0.040157432571042116,0.04471921438424931,0.04131941989425656,0.5304387156837475,10,0.5,ratio,0.2,0.034021271842009544,0.029463285684236465,0.25,3
groupdro,erm,True,0.03223064767190883,0.02640749433912928,0.0006973557572711451,0.040157432571042116,0.04471921438424931,0.04131941989425656,0.5304387156837475,10,0.5,design,0.02,0.034021271842009544,0.029463285684236465,0.25,
groupdro,erm,True,0.03223064767190883,0.02640749433912928,0.0006973557572711451,0.040157432571042116,0.04471921438424931,0.04131941989425656,0.5304387156837475,10,0.5,design,0.05,0.034021271842009544,0.029463285684236465,0.25,
groupdro,erm,True,0.03223064767190883,0.02640749433912928,0.0006973557572711451,0.040157432571042116,0.04471921438424931,0.04131941989425656,0.5304387156837475,10,0.5,design,0.1,0.034021271842009544,0.029463285684236465,0.25,4
groupdro,erm,True,0.03223064767190883,0.02640749433912928,0.0006973557572711451,0.040157432571042116,0.04471921438424931,0.04131941989425656,0.5304387156837475,10,0.5,design,0.2,0.034021271842009544,0.029463285684236465,0.25,3
he_jitter,erm,True,0.06675292832990692,0.06358640310063261,0.004043230659276141,0.0157548512908583,0.04471921438424931,0.0454270173653053,0.13087146991127613,1,0.0,none,0.02,0.07814630231804887,0.07814630231804887,0.0,122
he_jitter,erm,True,0.06675292832990692,0.06358640310063261,0.004043230659276141,0.0157548512908583,0.04471921438424931,0.0454270173653053,0.13087146991127613,1,0.0,none,0.05,0.07814630231804887,0.07814630231804887,0.0,22
he_jitter,erm,True,0.06675292832990692,0.06358640310063261,0.004043230659276141,0.0157548512908583,0.04471921438424931,0.0454270173653053,0.13087146991127613,1,0.0,none,0.1,0.07814630231804887,0.07814630231804887,0.0,7
he_jitter,erm,True,0.06675292832990692,0.06358640310063261,0.004043230659276141,0.0157548512908583,0.04471921438424931,0.0454270173653053,0.13087146991127613,1,0.0,none,0.2,0.07814630231804887,0.07814630231804887,0.0,4
he_jitter,erm,True,0.06675292832990692,0.06358640310063261,0.004043230659276141,0.0157548512908583,0.04471921438424931,0.0454270173653053,0.13087146991127613,1,0.25,ratio,0.02,0.08354191123354203,0.07814630231804887,0.125,208
he_jitter,erm,True,0.06675292832990692,0.06358640310063261,0.004043230659276141,0.0157548512908583,0.04471921438424931,0.0454270173653053,0.13087146991127613,1,0.25,ratio,0.05,0.08354191123354203,0.07814630231804887,0.125,35
he_jitter,erm,True,0.06675292832990692,0.06358640310063261,0.004043230659276141,0.0157548512908583,0.04471921438424931,0.0454270173653053,0.13087146991127613,1,0.25,ratio,0.1,0.08354191123354203,0.07814630231804887,0.125,11
he_jitter,erm,True,0.06675292832990692,0.06358640310063261,0.004043230659276141,0.0157548512908583,0.04471921438424931,0.0454270173653053,0.13087146991127613,1,0.25,ratio,0.2,0.08354191123354203,0.07814630231804887,0.125,5
he_jitter,erm,True,0.06675292832990692,0.06358640310063261,0.004043230659276141,0.0157548512908583,0.04471921438424931,0.0454270173653053,0.13087146991127613,1,0.25,design,0.02,0.08354191123354203,0.07814630231804887,0.125,
he_jitter,erm,True,0.06675292832990692,0.06358640310063261,0.004043230659276141,0.0157548512908583,0.04471921438424931,0.0454270173653053,0.13087146991127613,1,0.25,design,0.05,0.08354191123354203,0.07814630231804887,0.125,
he_jitter,erm,True,0.06675292832990692,0.06358640310063261,0.004043230659276141,0.0157548512908583,0.04471921438424931,0.0454270173653053,0.13087146991127613,1,0.25,design,0.1,0.08354191123354203,0.07814630231804887,0.125,
he_jitter,erm,True,0.06675292832990692,0.06358640310063261,0.004043230659276141,0.0157548512908583,0.04471921438424931,0.0454270173653053,0.13087146991127613,1,0.25,design,0.2,0.08354191123354203,0.07814630231804887,0.125,4
he_jitter,erm,True,0.06675292832990692,0.06358640310063261,0.004043230659276141,0.0157548512908583,0.04471921438424931,0.0454270173653053,0.13087146991127613,1,0.5,ratio,0.02,0.09023557735899879,0.07814630231804887,0.25,322
he_jitter,erm,True,0.06675292832990692,0.06358640310063261,0.004043230659276141,0.0157548512908583,0.04471921438424931,0.0454270173653053,0.13087146991127613,1,0.5,ratio,0.05,0.09023557735899879,0.07814630231804887,0.25,54
he_jitter,erm,True,0.06675292832990692,0.06358640310063261,0.004043230659276141,0.0157548512908583,0.04471921438424931,0.0454270173653053,0.13087146991127613,1,0.5,ratio,0.1,0.09023557735899879,0.07814630231804887,0.25,15
he_jitter,erm,True,0.06675292832990692,0.06358640310063261,0.004043230659276141,0.0157548512908583,0.04471921438424931,0.0454270173653053,0.13087146991127613,1,0.5,ratio,0.2,0.09023557735899879,0.07814630231804887,0.25,6
he_jitter,erm,True,0.06675292832990692,0.06358640310063261,0.004043230659276141,0.0157548512908583,0.04471921438424931,0.0454270173653053,0.13087146991127613,1,0.5,design,0.02,0.09023557735899879,0.07814630231804887,0.25,
he_jitter,erm,True,0.06675292832990692,0.06358640310063261,0.004043230659276141,0.0157548512908583,0.04471921438424931,0.0454270173653053,0.13087146991127613,1,0.5,design,0.05,0.09023557735899879,0.07814630231804887,0.25,
he_jitter,erm,True,0.06675292832990692,0.06358640310063261,0.004043230659276141,0.0157548512908583,0.04471921438424931,0.0454270173653053,0.13087146991127613,1,0.5,design,0.1,0.09023557735899879,0.07814630231804887,0.25,
he_jitter,erm,True,0.06675292832990692,0.06358640310063261,0.004043230659276141,0.0157548512908583,0.04471921438424931,0.0454270173653053,0.13087146991127613,1,0.5,design,0.2,0.09023557735899879,0.07814630231804887,0.25,7
he_jitter,erm,True,0.06675292832990692,0.06358640310063261,0.004043230659276141,0.0157548512908583,0.04471921438424931,0.0454270173653053,0.13087146991127613,3,0.0,none,0.02,0.06878300634249754,0.06878300634249754,0.0,95
he_jitter,erm,True,0.06675292832990692,0.06358640310063261,0.004043230659276141,0.0157548512908583,0.04471921438424931,0.0454270173653053,0.13087146991127613,3,0.0,none,0.05,0.06878300634249754,0.06878300634249754,0.0,17
he_jitter,erm,True,0.06675292832990692,0.06358640310063261,0.004043230659276141,0.0157548512908583,0.04471921438424931,0.0454270173653053,0.13087146991127613,3,0.0,none,0.1,0.06878300634249754,0.06878300634249754,0.0,6
he_jitter,erm,True,0.06675292832990692,0.06358640310063261,0.004043230659276141,0.0157548512908583,0.04471921438424931,0.0454270173653053,0.13087146991127613,3,0.0,none,0.2,0.06878300634249754,0.06878300634249754,0.0,4
he_jitter,erm,True,0.06675292832990692,0.06358640310063261,0.004043230659276141,0.0157548512908583,0.04471921438424931,0.0454270173653053,0.13087146991127613,3,0.25,ratio,0.02,0.07353212679026422,0.06878300634249754,0.125,162
he_jitter,erm,True,0.06675292832990692,0.06358640310063261,0.004043230659276141,0.0157548512908583,0.04471921438424931,0.0454270173653053,0.13087146991127613,3,0.25,ratio,0.05,0.07353212679026422,0.06878300634249754,0.125,28
he_jitter,erm,True,0.06675292832990692,0.06358640310063261,0.004043230659276141,0.0157548512908583,0.04471921438424931,0.0454270173653053,0.13087146991127613,3,0.25,ratio,0.1,0.07353212679026422,0.06878300634249754,0.125,9
he_jitter,erm,True,0.06675292832990692,0.06358640310063261,0.004043230659276141,0.0157548512908583,0.04471921438424931,0.0454270173653053,0.13087146991127613,3,0.25,ratio,0.2,0.07353212679026422,0.06878300634249754,0.125,4
he_jitter,erm,True,0.06675292832990692,0.06358640310063261,0.004043230659276141,0.0157548512908583,0.04471921438424931,0.0454270173653053,0.13087146991127613,3,0.25,design,0.02,0.07353212679026422,0.06878300634249754,0.125,
he_jitter,erm,True,0.06675292832990692,0.06358640310063261,0.004043230659276141,0.0157548512908583,0.04471921438424931,0.0454270173653053,0.13087146991127613,3,0.25,design,0.05,0.07353212679026422,0.06878300634249754,0.125,
he_jitter,erm,True,0.06675292832990692,0.06358640310063261,0.004043230659276141,0.0157548512908583,0.04471921438424931,0.0454270173653053,0.13087146991127613,3,0.25,design,0.1,0.07353212679026422,0.06878300634249754,0.125,
he_jitter,erm,True,0.06675292832990692,0.06358640310063261,0.004043230659276141,0.0157548512908583,0.04471921438424931,0.0454270173653053,0.13087146991127613,3,0.25,design,0.2,0.07353212679026422,0.06878300634249754,0.125,4
he_jitter,erm,True,0.06675292832990692,0.06358640310063261,0.004043230659276141,0.0157548512908583,0.04471921438424931,0.0454270173653053,0.13087146991127613,3,0.5,ratio,0.02,0.07942377445502538,0.06878300634249754,0.25,250
he_jitter,erm,True,0.06675292832990692,0.06358640310063261,0.004043230659276141,0.0157548512908583,0.04471921438424931,0.0454270173653053,0.13087146991127613,3,0.5,ratio,0.05,0.07942377445502538,0.06878300634249754,0.25,42
he_jitter,erm,True,0.06675292832990692,0.06358640310063261,0.004043230659276141,0.0157548512908583,0.04471921438424931,0.0454270173653053,0.13087146991127613,3,0.5,ratio,0.1,0.07942377445502538,0.06878300634249754,0.25,12
he_jitter,erm,True,0.06675292832990692,0.06358640310063261,0.004043230659276141,0.0157548512908583,0.04471921438424931,0.0454270173653053,0.13087146991127613,3,0.5,ratio,0.2,0.07942377445502538,0.06878300634249754,0.25,5
he_jitter,erm,True,0.06675292832990692,0.06358640310063261,0.004043230659276141,0.0157548512908583,0.04471921438424931,0.0454270173653053,0.13087146991127613,3,0.5,design,0.02,0.07942377445502538,0.06878300634249754,0.25,
he_jitter,erm,True,0.06675292832990692,0.06358640310063261,0.004043230659276141,0.0157548512908583,0.04471921438424931,0.0454270173653053,0.13087146991127613,3,0.5,design,0.05,0.07942377445502538,0.06878300634249754,0.25,
he_jitter,erm,True,0.06675292832990692,0.06358640310063261,0.004043230659276141,0.0157548512908583,0.04471921438424931,0.0454270173653053,0.13087146991127613,3,0.5,design,0.1,0.07942377445502538,0.06878300634249754,0.25,
he_jitter,erm,True,0.06675292832990692,0.06358640310063261,0.004043230659276141,0.0157548512908583,0.04471921438424931,0.0454270173653053,0.13087146991127613,3,0.5,design,0.2,0.07942377445502538,0.06878300634249754,0.25,5
he_jitter,erm,True,0.06675292832990692,0.06358640310063261,0.004043230659276141,0.0157548512908583,0.04471921438424931,0.0454270173653053,0.13087146991127613,5,0.0,none,0.02,0.06675292832990692,0.06675292832990692,0.0,90
he_jitter,erm,True,0.06675292832990692,0.06358640310063261,0.004043230659276141,0.0157548512908583,0.04471921438424931,0.0454270173653053,0.13087146991127613,5,0.0,none,0.05,0.06675292832990692,0.06675292832990692,0.0,17
he_jitter,erm,True,0.06675292832990692,0.06358640310063261,0.004043230659276141,0.0157548512908583,0.04471921438424931,0.0454270173653053,0.13087146991127613,5,0.0,none,0.1,0.06675292832990692,0.06675292832990692,0.0,6
he_jitter,erm,True,0.06675292832990692,0.06358640310063261,0.004043230659276141,0.0157548512908583,0.04471921438424931,0.0454270173653053,0.13087146991127613,5,0.0,none,0.2,0.06675292832990692,0.06675292832990692,0.0,4
he_jitter,erm,True,0.06675292832990692,0.06358640310063261,0.004043230659276141,0.0157548512908583,0.04471921438424931,0.0454270173653053,0.13087146991127613,5,0.25,ratio,0.02,0.07136188210696792,0.06675292832990692,0.125,152
he_jitter,erm,True,0.06675292832990692,0.06358640310063261,0.004043230659276141,0.0157548512908583,0.04471921438424931,0.0454270173653053,0.13087146991127613,5,0.25,ratio,0.05,0.07136188210696792,0.06675292832990692,0.125,26
he_jitter,erm,True,0.06675292832990692,0.06358640310063261,0.004043230659276141,0.0157548512908583,0.04471921438424931,0.0454270173653053,0.13087146991127613,5,0.25,ratio,0.1,0.07136188210696792,0.06675292832990692,0.125,9
he_jitter,erm,True,0.06675292832990692,0.06358640310063261,0.004043230659276141,0.0157548512908583,0.04471921438424931,0.0454270173653053,0.13087146991127613,5,0.25,ratio,0.2,0.07136188210696792,0.06675292832990692,0.125,4
he_jitter,erm,True,0.06675292832990692,0.06358640310063261,0.004043230659276141,0.0157548512908583,0.04471921438424931,0.0454270173653053,0.13087146991127613,5,0.25,design,0.02,0.07136188210696792,0.06675292832990692,0.125,
he_jitter,erm,True,0.06675292832990692,0.06358640310063261,0.004043230659276141,0.0157548512908583,0.04471921438424931,0.0454270173653053,0.13087146991127613,5,0.25,design,0.05,0.07136188210696792,0.06675292832990692,0.125,
he_jitter,erm,True,0.06675292832990692,0.06358640310063261,0.004043230659276141,0.0157548512908583,0.04471921438424931,0.0454270173653053,0.13087146991127613,5,0.25,design,0.1,0.07136188210696792,0.06675292832990692,0.125,
he_jitter,erm,True,0.06675292832990692,0.06358640310063261,0.004043230659276141,0.0157548512908583,0.04471921438424931,0.0454270173653053,0.13087146991127613,5,0.25,design,0.2,0.07136188210696792,0.06675292832990692,0.125,4
he_jitter,erm,True,0.06675292832990692,0.06358640310063261,0.004043230659276141,0.0157548512908583,0.04471921438424931,0.0454270173653053,0.13087146991127613,5,0.5,ratio,0.02,0.07707964228093513,0.06675292832990692,0.25,236
he_jitter,erm,True,0.06675292832990692,0.06358640310063261,0.004043230659276141,0.0157548512908583,0.04471921438424931,0.0454270173653053,0.13087146991127613,5,0.5,ratio,0.05,0.07707964228093513,0.06675292832990692,0.25,40
he_jitter,erm,True,0.06675292832990692,0.06358640310063261,0.004043230659276141,0.0157548512908583,0.04471921438424931,0.0454270173653053,0.13087146991127613,5,0.5,ratio,0.1,0.07707964228093513,0.06675292832990692,0.25,12
he_jitter,erm,True,0.06675292832990692,0.06358640310063261,0.004043230659276141,0.0157548512908583,0.04471921438424931,0.0454270173653053,0.13087146991127613,5,0.5,ratio,0.2,0.07707964228093513,0.06675292832990692,0.25,5
he_jitter,erm,True,0.06675292832990692,0.06358640310063261,0.004043230659276141,0.0157548512908583,0.04471921438424931,0.0454270173653053,0.13087146991127613,5,0.5,design,0.02,0.07707964228093513,0.06675292832990692,0.25,
he_jitter,erm,True,0.06675292832990692,0.06358640310063261,0.004043230659276141,0.0157548512908583,0.04471921438424931,0.0454270173653053,0.13087146991127613,5,0.5,design,0.05,0.07707964228093513,0.06675292832990692,0.25,
he_jitter,erm,True,0.06675292832990692,0.06358640310063261,0.004043230659276141,0.0157548512908583,0.04471921438424931,0.0454270173653053,0.13087146991127613,5,0.5,design,0.1,0.07707964228093513,0.06675292832990692,0.25,
he_jitter,erm,True,0.06675292832990692,0.06358640310063261,0.004043230659276141,0.0157548512908583,0.04471921438424931,0.0454270173653053,0.13087146991127613,5,0.5,design,0.2,0.07707964228093513,0.06675292832990692,0.25,5
he_jitter,erm,True,0.06675292832990692,0.06358640310063261,0.004043230659276141,0.0157548512908583,0.04471921438424931,0.0454270173653053,0.13087146991127613,10,0.0,none,0.02,0.06518889514286091,0.06518889514286091,0.0,86
he_jitter,erm,True,0.06675292832990692,0.06358640310063261,0.004043230659276141,0.0157548512908583,0.04471921438424931,0.0454270173653053,0.13087146991127613,10,0.0,none,0.05,0.06518889514286091,0.06518889514286091,0.0,16
he_jitter,erm,True,0.06675292832990692,0.06358640310063261,0.004043230659276141,0.0157548512908583,0.04471921438424931,0.0454270173653053,0.13087146991127613,10,0.0,none,0.1,0.06518889514286091,0.06518889514286091,0.0,6
he_jitter,erm,True,0.06675292832990692,0.06358640310063261,0.004043230659276141,0.0157548512908583,0.04471921438424931,0.0454270173653053,0.13087146991127613,10,0.0,none,0.2,0.06518889514286091,0.06518889514286091,0.0,4
he_jitter,erm,True,0.06675292832990692,0.06358640310063261,0.004043230659276141,0.0157548512908583,0.04471921438424931,0.0454270173653053,0.13087146991127613,10,0.25,ratio,0.02,0.06968986029911928,0.06518889514286091,0.125,145
he_jitter,erm,True,0.06675292832990692,0.06358640310063261,0.004043230659276141,0.0157548512908583,0.04471921438424931,0.0454270173653053,0.13087146991127613,10,0.25,ratio,0.05,0.06968986029911928,0.06518889514286091,0.125,25
he_jitter,erm,True,0.06675292832990692,0.06358640310063261,0.004043230659276141,0.0157548512908583,0.04471921438424931,0.0454270173653053,0.13087146991127613,10,0.25,ratio,0.1,0.06968986029911928,0.06518889514286091,0.125,8
he_jitter,erm,True,0.06675292832990692,0.06358640310063261,0.004043230659276141,0.0157548512908583,0.04471921438424931,0.0454270173653053,0.13087146991127613,10,0.25,ratio,0.2,0.06968986029911928,0.06518889514286091,0.125,4
he_jitter,erm,True,0.06675292832990692,0.06358640310063261,0.004043230659276141,0.0157548512908583,0.04471921438424931,0.0454270173653053,0.13087146991127613,10,0.25,design,0.02,0.06968986029911928,0.06518889514286091,0.125,
he_jitter,erm,True,0.06675292832990692,0.06358640310063261,0.004043230659276141,0.0157548512908583,0.04471921438424931,0.0454270173653053,0.13087146991127613,10,0.25,design,0.05,0.06968986029911928,0.06518889514286091,0.125,
he_jitter,erm,True,0.06675292832990692,0.06358640310063261,0.004043230659276141,0.0157548512908583,0.04471921438424931,0.0454270173653053,0.13087146991127613,10,0.25,design,0.1,0.06968986029911928,0.06518889514286091,0.125,62
he_jitter,erm,True,0.06675292832990692,0.06358640310063261,0.004043230659276141,0.0157548512908583,0.04471921438424931,0.0454270173653053,0.13087146991127613,10,0.25,design,0.2,0.06968986029911928,0.06518889514286091,0.125,4
he_jitter,erm,True,0.06675292832990692,0.06358640310063261,0.004043230659276141,0.0157548512908583,0.04471921438424931,0.0454270173653053,0.13087146991127613,10,0.5,ratio,0.02,0.07527365231781008,0.06518889514286091,0.25,225
he_jitter,erm,True,0.06675292832990692,0.06358640310063261,0.004043230659276141,0.0157548512908583,0.04471921438424931,0.0454270173653053,0.13087146991127613,10,0.5,ratio,0.05,0.07527365231781008,0.06518889514286091,0.25,38
he_jitter,erm,True,0.06675292832990692,0.06358640310063261,0.004043230659276141,0.0157548512908583,0.04471921438424931,0.0454270173653053,0.13087146991127613,10,0.5,ratio,0.1,0.07527365231781008,0.06518889514286091,0.25,11
he_jitter,erm,True,0.06675292832990692,0.06358640310063261,0.004043230659276141,0.0157548512908583,0.04471921438424931,0.0454270173653053,0.13087146991127613,10,0.5,ratio,0.2,0.07527365231781008,0.06518889514286091,0.25,5
he_jitter,erm,True,0.06675292832990692,0.06358640310063261,0.004043230659276141,0.0157548512908583,0.04471921438424931,0.0454270173653053,0.13087146991127613,10,0.5,design,0.02,0.07527365231781008,0.06518889514286091,0.25,
he_jitter,erm,True,0.06675292832990692,0.06358640310063261,0.004043230659276141,0.0157548512908583,0.04471921438424931,0.0454270173653053,0.13087146991127613,10,0.5,design,0.05,0.07527365231781008,0.06518889514286091,0.25,
he_jitter,erm,True,0.06675292832990692,0.06358640310063261,0.004043230659276141,0.0157548512908583,0.04471921438424931,0.0454270173653053,0.13087146991127613,10,0.5,design,0.1,0.07527365231781008,0.06518889514286091,0.25,
he_jitter,erm,True,0.06675292832990692,0.06358640310063261,0.004043230659276141,0.0157548512908583,0.04471921438424931,0.0454270173653053,0.13087146991127613,10,0.5,design,0.2,0.07527365231781008,0.06518889514286091,0.25,4
irm,erm,True,0.03479071929466985,0.021698981852666877,0.0004708458134423664,0.06030783720940888,0.04471921438424931,0.06080905917699049,0.35950312435299936,1,0.0,none,0.02,0.06456459936709201,0.06456459936709201,0.0,84
irm,erm,True,0.03479071929466985,0.021698981852666877,0.0004708458134423664,0.06030783720940888,0.04471921438424931,0.06080905917699049,0.35950312435299936,1,0.0,none,0.05,0.06456459936709201,0.06456459936709201,0.0,16
irm,erm,True,0.03479071929466985,0.021698981852666877,0.0004708458134423664,0.06030783720940888,0.04471921438424931,0.06080905917699049,0.35950312435299936,1,0.0,none,0.1,0.06456459936709201,0.06456459936709201,0.0,6
irm,erm,True,0.03479071929466985,0.021698981852666877,0.0004708458134423664,0.06030783720940888,0.04471921438424931,0.06080905917699049,0.35950312435299936,1,0.0,none,0.2,0.06456459936709201,0.06456459936709201,0.0,4
irm,erm,True,0.03479071929466985,0.021698981852666877,0.0004708458134423664,0.06030783720940888,0.04471921438424931,0.06080905917699049,0.35950312435299936,1,0.25,ratio,0.02,0.06902246004170856,0.06456459936709201,0.125,143
irm,erm,True,0.03479071929466985,0.021698981852666877,0.0004708458134423664,0.06030783720940888,0.04471921438424931,0.06080905917699049,0.35950312435299936,1,0.25,ratio,0.05,0.06902246004170856,0.06456459936709201,0.125,25
irm,erm,True,0.03479071929466985,0.021698981852666877,0.0004708458134423664,0.06030783720940888,0.04471921438424931,0.06080905917699049,0.35950312435299936,1,0.25,ratio,0.1,0.06902246004170856,0.06456459936709201,0.125,8
irm,erm,True,0.03479071929466985,0.021698981852666877,0.0004708458134423664,0.06030783720940888,0.04471921438424931,0.06080905917699049,0.35950312435299936,1,0.25,ratio,0.2,0.06902246004170856,0.06456459936709201,0.125,4
irm,erm,True,0.03479071929466985,0.021698981852666877,0.0004708458134423664,0.06030783720940888,0.04471921438424931,0.06080905917699049,0.35950312435299936,1,0.25,design,0.02,0.06902246004170856,0.06456459936709201,0.125,
irm,erm,True,0.03479071929466985,0.021698981852666877,0.0004708458134423664,0.06030783720940888,0.04471921438424931,0.06080905917699049,0.35950312435299936,1,0.25,design,0.05,0.06902246004170856,0.06456459936709201,0.125,
irm,erm,True,0.03479071929466985,0.021698981852666877,0.0004708458134423664,0.06030783720940888,0.04471921438424931,0.06080905917699049,0.35950312435299936,1,0.25,design,0.1,0.06902246004170856,0.06456459936709201,0.125,45
irm,erm,True,0.03479071929466985,0.021698981852666877,0.0004708458134423664,0.06030783720940888,0.04471921438424931,0.06080905917699049,0.35950312435299936,1,0.25,design,0.2,0.06902246004170856,0.06456459936709201,0.125,4
irm,erm,True,0.03479071929466985,0.021698981852666877,0.0004708458134423664,0.06030783720940888,0.04471921438424931,0.06080905917699049,0.35950312435299936,1,0.5,ratio,0.02,0.07455277764942184,0.06456459936709201,0.25,221
irm,erm,True,0.03479071929466985,0.021698981852666877,0.0004708458134423664,0.06030783720940888,0.04471921438424931,0.06080905917699049,0.35950312435299936,1,0.5,ratio,0.05,0.07455277764942184,0.06456459936709201,0.25,37
irm,erm,True,0.03479071929466985,0.021698981852666877,0.0004708458134423664,0.06030783720940888,0.04471921438424931,0.06080905917699049,0.35950312435299936,1,0.5,ratio,0.1,0.07455277764942184,0.06456459936709201,0.25,11
irm,erm,True,0.03479071929466985,0.021698981852666877,0.0004708458134423664,0.06030783720940888,0.04471921438424931,0.06080905917699049,0.35950312435299936,1,0.5,ratio,0.2,0.07455277764942184,0.06456459936709201,0.25,5
irm,erm,True,0.03479071929466985,0.021698981852666877,0.0004708458134423664,0.06030783720940888,0.04471921438424931,0.06080905917699049,0.35950312435299936,1,0.5,design,0.02,0.07455277764942184,0.06456459936709201,0.25,
irm,erm,True,0.03479071929466985,0.021698981852666877,0.0004708458134423664,0.06030783720940888,0.04471921438424931,0.06080905917699049,0.35950312435299936,1,0.5,design,0.05,0.07455277764942184,0.06456459936709201,0.25,
irm,erm,True,0.03479071929466985,0.021698981852666877,0.0004708458134423664,0.06030783720940888,0.04471921438424931,0.06080905917699049,0.35950312435299936,1,0.5,design,0.1,0.07455277764942184,0.06456459936709201,0.25,
irm,erm,True,0.03479071929466985,0.021698981852666877,0.0004708458134423664,0.06030783720940888,0.04471921438424931,0.06080905917699049,0.35950312435299936,1,0.5,design,0.2,0.07455277764942184,0.06456459936709201,0.25,4
irm,erm,True,0.03479071929466985,0.021698981852666877,0.0004708458134423664,0.06030783720940888,0.04471921438424931,0.06080905917699049,0.35950312435299936,3,0.0,none,0.02,0.04127258621376434,0.04127258621376434,0.0,36
irm,erm,True,0.03479071929466985,0.021698981852666877,0.0004708458134423664,0.06030783720940888,0.04471921438424931,0.06080905917699049,0.35950312435299936,3,0.0,none,0.05,0.04127258621376434,0.04127258621376434,0.0,8
irm,erm,True,0.03479071929466985,0.021698981852666877,0.0004708458134423664,0.06030783720940888,0.04471921438424931,0.06080905917699049,0.35950312435299936,3,0.0,none,0.1,0.04127258621376434,0.04127258621376434,0.0,4
irm,erm,True,0.03479071929466985,0.021698981852666877,0.0004708458134423664,0.06030783720940888,0.04471921438424931,0.06080905917699049,0.35950312435299936,3,0.0,none,0.2,0.04127258621376434,0.04127258621376434,0.0,3
irm,erm,True,0.03479071929466985,0.021698981852666877,0.0004708458134423664,0.06030783720940888,0.04471921438424931,0.06080905917699049,0.35950312435299936,3,0.25,ratio,0.02,0.04412225059371305,0.04127258621376434,0.125,60
irm,erm,True,0.03479071929466985,0.021698981852666877,0.0004708458134423664,0.06030783720940888,0.04471921438424931,0.06080905917699049,0.35950312435299936,3,0.25,ratio,0.05,0.04412225059371305,0.04127258621376434,0.125,12
irm,erm,True,0.03479071929466985,0.021698981852666877,0.0004708458134423664,0.06030783720940888,0.04471921438424931,0.06080905917699049,0.35950312435299936,3,0.25,ratio,0.1,0.04412225059371305,0.04127258621376434,0.125,5
irm,erm,True,0.03479071929466985,0.021698981852666877,0.0004708458134423664,0.06030783720940888,0.04471921438424931,0.06080905917699049,0.35950312435299936,3,0.25,ratio,0.2,0.04412225059371305,0.04127258621376434,0.125,3
irm,erm,True,0.03479071929466985,0.021698981852666877,0.0004708458134423664,0.06030783720940888,0.04471921438424931,0.06080905917699049,0.35950312435299936,3,0.25,design,0.02,0.04412225059371305,0.04127258621376434,0.125,
irm,erm,True,0.03479071929466985,0.021698981852666877,0.0004708458134423664,0.06030783720940888,0.04471921438424931,0.06080905917699049,0.35950312435299936,3,0.25,design,0.05,0.04412225059371305,0.04127258621376434,0.125,
irm,erm,True,0.03479071929466985,0.021698981852666877,0.0004708458134423664,0.06030783720940888,0.04471921438424931,0.06080905917699049,0.35950312435299936,3,0.25,design,0.1,0.04412225059371305,0.04127258621376434,0.125,5
irm,erm,True,0.03479071929466985,0.021698981852666877,0.0004708458134423664,0.06030783720940888,0.04471921438424931,0.06080905917699049,0.35950312435299936,3,0.25,design,0.2,0.04412225059371305,0.04127258621376434,0.125,3
irm,erm,True,0.03479071929466985,0.021698981852666877,0.0004708458134423664,0.06030783720940888,0.04471921438424931,0.06080905917699049,0.35950312435299936,3,0.5,ratio,0.02,0.04765747752133776,0.04127258621376434,0.25,92
irm,erm,True,0.03479071929466985,0.021698981852666877,0.0004708458134423664,0.06030783720940888,0.04471921438424931,0.06080905917699049,0.35950312435299936,3,0.5,ratio,0.05,0.04765747752133776,0.04127258621376434,0.25,17
irm,erm,True,0.03479071929466985,0.021698981852666877,0.0004708458134423664,0.06030783720940888,0.04471921438424931,0.06080905917699049,0.35950312435299936,3,0.5,ratio,0.1,0.04765747752133776,0.04127258621376434,0.25,6
irm,erm,True,0.03479071929466985,0.021698981852666877,0.0004708458134423664,0.06030783720940888,0.04471921438424931,0.06080905917699049,0.35950312435299936,3,0.5,ratio,0.2,0.04765747752133776,0.04127258621376434,0.25,4
irm,erm,True,0.03479071929466985,0.021698981852666877,0.0004708458134423664,0.06030783720940888,0.04471921438424931,0.06080905917699049,0.35950312435299936,3,0.5,design,0.02,0.04765747752133776,0.04127258621376434,0.25,
irm,erm,True,0.03479071929466985,0.021698981852666877,0.0004708458134423664,0.06030783720940888,0.04471921438424931,0.06080905917699049,0.35950312435299936,3,0.5,design,0.05,0.04765747752133776,0.04127258621376434,0.25,
irm,erm,True,0.03479071929466985,0.021698981852666877,0.0004708458134423664,0.06030783720940888,0.04471921438424931,0.06080905917699049,0.35950312435299936,3,0.5,design,0.1,0.04765747752133776,0.04127258621376434,0.25,11
irm,erm,True,0.03479071929466985,0.021698981852666877,0.0004708458134423664,0.06030783720940888,0.04471921438424931,0.06080905917699049,0.35950312435299936,3,0.5,design,0.2,0.04765747752133776,0.04127258621376434,0.25,3
irm,erm,True,0.03479071929466985,0.021698981852666877,0.0004708458134423664,0.06030783720940888,0.04471921438424931,0.06080905917699049,0.35950312435299936,5,0.0,none,0.02,0.03479071929466984,0.03479071929466984,0.0,26
irm,erm,True,0.03479071929466985,0.021698981852666877,0.0004708458134423664,0.06030783720940888,0.04471921438424931,0.06080905917699049,0.35950312435299936,5,0.0,none,0.05,0.03479071929466984,0.03479071929466984,0.0,6
irm,erm,True,0.03479071929466985,0.021698981852666877,0.0004708458134423664,0.06030783720940888,0.04471921438424931,0.06080905917699049,0.35950312435299936,5,0.0,none,0.1,0.03479071929466984,0.03479071929466984,0.0,4
irm,erm,True,0.03479071929466985,0.021698981852666877,0.0004708458134423664,0.06030783720940888,0.04471921438424931,0.06080905917699049,0.35950312435299936,5,0.0,none,0.2,0.03479071929466984,0.03479071929466984,0.0,3
irm,erm,True,0.03479071929466985,0.021698981852666877,0.0004708458134423664,0.06030783720940888,0.04471921438424931,0.06080905917699049,0.35950312435299936,5,0.25,ratio,0.02,0.03719284338288003,0.03479071929466984,0.125,43
irm,erm,True,0.03479071929466985,0.021698981852666877,0.0004708458134423664,0.06030783720940888,0.04471921438424931,0.06080905917699049,0.35950312435299936,5,0.25,ratio,0.05,0.03719284338288003,0.03479071929466984,0.125,9
irm,erm,True,0.03479071929466985,0.021698981852666877,0.0004708458134423664,0.06030783720940888,0.04471921438424931,0.06080905917699049,0.35950312435299936,5,0.25,ratio,0.1,0.03719284338288003,0.03479071929466984,0.125,4
irm,erm,True,0.03479071929466985,0.021698981852666877,0.0004708458134423664,0.06030783720940888,0.04471921438424931,0.06080905917699049,0.35950312435299936,5,0.25,ratio,0.2,0.03719284338288003,0.03479071929466984,0.125,3
irm,erm,True,0.03479071929466985,0.021698981852666877,0.0004708458134423664,0.06030783720940888,0.04471921438424931,0.06080905917699049,0.35950312435299936,5,0.25,design,0.02,0.03719284338288003,0.03479071929466984,0.125,
irm,erm,True,0.03479071929466985,0.021698981852666877,0.0004708458134423664,0.06030783720940888,0.04471921438424931,0.06080905917699049,0.35950312435299936,5,0.25,design,0.05,0.03719284338288003,0.03479071929466984,0.125,
irm,erm,True,0.03479071929466985,0.021698981852666877,0.0004708458134423664,0.06030783720940888,0.04471921438424931,0.06080905917699049,0.35950312435299936,5,0.25,design,0.1,0.03719284338288003,0.03479071929466984,0.125,4
irm,erm,True,0.03479071929466985,0.021698981852666877,0.0004708458134423664,0.06030783720940888,0.04471921438424931,0.06080905917699049,0.35950312435299936,5,0.25,design,0.2,0.03719284338288003,0.03479071929466984,0.125,3
irm,erm,True,0.03479071929466985,0.021698981852666877,0.0004708458134423664,0.06030783720940888,0.04471921438424931,0.06080905917699049,0.35950312435299936,5,0.5,ratio,0.02,0.04017286230015668,0.03479071929466984,0.25,66
irm,erm,True,0.03479071929466985,0.021698981852666877,0.0004708458134423664,0.06030783720940888,0.04471921438424931,0.06080905917699049,0.35950312435299936,5,0.5,ratio,0.05,0.04017286230015668,0.03479071929466984,0.25,13
irm,erm,True,0.03479071929466985,0.021698981852666877,0.0004708458134423664,0.06030783720940888,0.04471921438424931,0.06080905917699049,0.35950312435299936,5,0.5,ratio,0.1,0.04017286230015668,0.03479071929466984,0.25,5
irm,erm,True,0.03479071929466985,0.021698981852666877,0.0004708458134423664,0.06030783720940888,0.04471921438424931,0.06080905917699049,0.35950312435299936,5,0.5,ratio,0.2,0.04017286230015668,0.03479071929466984,0.25,3
irm,erm,True,0.03479071929466985,0.021698981852666877,0.0004708458134423664,0.06030783720940888,0.04471921438424931,0.06080905917699049,0.35950312435299936,5,0.5,design,0.02,0.04017286230015668,0.03479071929466984,0.25,
irm,erm,True,0.03479071929466985,0.021698981852666877,0.0004708458134423664,0.06030783720940888,0.04471921438424931,0.06080905917699049,0.35950312435299936,5,0.5,design,0.05,0.04017286230015668,0.03479071929466984,0.25,
irm,erm,True,0.03479071929466985,0.021698981852666877,0.0004708458134423664,0.06030783720940888,0.04471921438424931,0.06080905917699049,0.35950312435299936,5,0.5,design,0.1,0.04017286230015668,0.03479071929466984,0.25,5
irm,erm,True,0.03479071929466985,0.021698981852666877,0.0004708458134423664,0.06030783720940888,0.04471921438424931,0.06080905917699049,0.35950312435299936,5,0.5,design,0.2,0.04017286230015668,0.03479071929466984,0.25,3
irm,erm,True,0.03479071929466985,0.021698981852666877,0.0004708458134423664,0.06030783720940888,0.04471921438424931,0.06080905917699049,0.35950312435299936,10,0.0,none,0.02,0.028993447212110526,0.028993447212110526,0.0,19
irm,erm,True,0.03479071929466985,0.021698981852666877,0.0004708458134423664,0.06030783720940888,0.04471921438424931,0.06080905917699049,0.35950312435299936,10,0.0,none,0.05,0.028993447212110526,0.028993447212110526,0.0,5
irm,erm,True,0.03479071929466985,0.021698981852666877,0.0004708458134423664,0.06030783720940888,0.04471921438424931,0.06080905917699049,0.35950312435299936,10,0.0,none,0.1,0.028993447212110526,0.028993447212110526,0.0,3
irm,erm,True,0.03479071929466985,0.021698981852666877,0.0004708458134423664,0.06030783720940888,0.04471921438424931,0.06080905917699049,0.35950312435299936,10,0.0,none,0.2,0.028993447212110526,0.028993447212110526,0.0,3
irm,erm,True,0.03479071929466985,0.021698981852666877,0.0004708458134423664,0.06030783720940888,0.04471921438424931,0.06080905917699049,0.35950312435299936,10,0.25,ratio,0.02,0.03099529883692391,0.028993447212110526,0.125,31
irm,erm,True,0.03479071929466985,0.021698981852666877,0.0004708458134423664,0.06030783720940888,0.04471921438424931,0.06080905917699049,0.35950312435299936,10,0.25,ratio,0.05,0.03099529883692391,0.028993447212110526,0.125,7
irm,erm,True,0.03479071929466985,0.021698981852666877,0.0004708458134423664,0.06030783720940888,0.04471921438424931,0.06080905917699049,0.35950312435299936,10,0.25,ratio,0.1,0.03099529883692391,0.028993447212110526,0.125,4
irm,erm,True,0.03479071929466985,0.021698981852666877,0.0004708458134423664,0.06030783720940888,0.04471921438424931,0.06080905917699049,0.35950312435299936,10,0.25,ratio,0.2,0.03099529883692391,0.028993447212110526,0.125,3
irm,erm,True,0.03479071929466985,0.021698981852666877,0.0004708458134423664,0.06030783720940888,0.04471921438424931,0.06080905917699049,0.35950312435299936,10,0.25,design,0.02,0.03099529883692391,0.028993447212110526,0.125,
irm,erm,True,0.03479071929466985,0.021698981852666877,0.0004708458134423664,0.06030783720940888,0.04471921438424931,0.06080905917699049,0.35950312435299936,10,0.25,design,0.05,0.03099529883692391,0.028993447212110526,0.125,12
irm,erm,True,0.03479071929466985,0.021698981852666877,0.0004708458134423664,0.06030783720940888,0.04471921438424931,0.06080905917699049,0.35950312435299936,10,0.25,design,0.1,0.03099529883692391,0.028993447212110526,0.125,4
irm,erm,True,0.03479071929466985,0.021698981852666877,0.0004708458134423664,0.06030783720940888,0.04471921438424931,0.06080905917699049,0.35950312435299936,10,0.25,design,0.2,0.03099529883692391,0.028993447212110526,0.125,3
irm,erm,True,0.03479071929466985,0.021698981852666877,0.0004708458134423664,0.06030783720940888,0.04471921438424931,0.06080905917699049,0.35950312435299936,10,0.5,ratio,0.02,0.033478749105294435,0.028993447212110526,0.25,46
irm,erm,True,0.03479071929466985,0.021698981852666877,0.0004708458134423664,0.06030783720940888,0.04471921438424931,0.06080905917699049,0.35950312435299936,10,0.5,ratio,0.05,0.033478749105294435,0.028993447212110526,0.25,10
irm,erm,True,0.03479071929466985,0.021698981852666877,0.0004708458134423664,0.06030783720940888,0.04471921438424931,0.06080905917699049,0.35950312435299936,10,0.5,ratio,0.1,0.033478749105294435,0.028993447212110526,0.25,5
irm,erm,True,0.03479071929466985,0.021698981852666877,0.0004708458134423664,0.06030783720940888,0.04471921438424931,0.06080905917699049,0.35950312435299936,10,0.5,ratio,0.2,0.033478749105294435,0.028993447212110526,0.25,3
irm,erm,True,0.03479071929466985,0.021698981852666877,0.0004708458134423664,0.06030783720940888,0.04471921438424931,0.06080905917699049,0.35950312435299936,10,0.5,design,0.02,0.033478749105294435,0.028993447212110526,0.25,
irm,erm,True,0.03479071929466985,0.021698981852666877,0.0004708458134423664,0.06030783720940888,0.04471921438424931,0.06080905917699049,0.35950312435299936,10,0.5,design,0.05,0.033478749105294435,0.028993447212110526,0.25,
irm,erm,True,0.03479071929466985,0.021698981852666877,0.0004708458134423664,0.06030783720940888,0.04471921438424931,0.06080905917699049,0.35950312435299936,10,0.5,design,0.1,0.033478749105294435,0.028993447212110526,0.25,4
irm,erm,True,0.03479071929466985,0.021698981852666877,0.0004708458134423664,0.06030783720940888,0.04471921438424931,0.06080905917699049,0.35950312435299936,10,0.5,design,0.2,0.033478749105294435,0.028993447212110526,0.25,3
lisa,erm,True,0.08002812971720859,0.07242711524110829,0.00524568702214878,0.054498697145124314,0.04471921438424931,0.07611880595114401,-0.1690827893654765,1,0.0,none,0.02,0.10507026050018481,0.10507026050018481,0.0,219
lisa,erm,True,0.08002812971720859,0.07242711524110829,0.00524568702214878,0.054498697145124314,0.04471921438424931,0.07611880595114401,-0.1690827893654765,1,0.0,none,0.05,0.10507026050018481,0.10507026050018481,0.0,37
lisa,erm,True,0.08002812971720859,0.07242711524110829,0.00524568702214878,0.054498697145124314,0.04471921438424931,0.07611880595114401,-0.1690827893654765,1,0.0,none,0.1,0.10507026050018481,0.10507026050018481,0.0,11
lisa,erm,True,0.08002812971720859,0.07242711524110829,0.00524568702214878,0.054498697145124314,0.04471921438424931,0.07611880595114401,-0.1690827893654765,1,0.0,none,0.2,0.10507026050018481,0.10507026050018481,0.0,5
lisa,erm,True,0.08002812971720859,0.07242711524110829,0.00524568702214878,0.054498697145124314,0.04471921438424931,0.07611880595114401,-0.1690827893654765,1,0.25,ratio,0.02,0.11232483323736536,0.10507026050018481,0.125,374
lisa,erm,True,0.08002812971720859,0.07242711524110829,0.00524568702214878,0.054498697145124314,0.04471921438424931,0.07611880595114401,-0.1690827893654765,1,0.25,ratio,0.05,0.11232483323736536,0.10507026050018481,0.125,62
lisa,erm,True,0.08002812971720859,0.07242711524110829,0.00524568702214878,0.054498697145124314,0.04471921438424931,0.07611880595114401,-0.1690827893654765,1,0.25,ratio,0.1,0.11232483323736536,0.10507026050018481,0.125,17
lisa,erm,True,0.08002812971720859,0.07242711524110829,0.00524568702214878,0.054498697145124314,0.04471921438424931,0.07611880595114401,-0.1690827893654765,1,0.25,ratio,0.2,0.11232483323736536,0.10507026050018481,0.125,6
lisa,erm,True,0.08002812971720859,0.07242711524110829,0.00524568702214878,0.054498697145124314,0.04471921438424931,0.07611880595114401,-0.1690827893654765,1,0.25,design,0.02,0.11232483323736536,0.10507026050018481,0.125,
lisa,erm,True,0.08002812971720859,0.07242711524110829,0.00524568702214878,0.054498697145124314,0.04471921438424931,0.07611880595114401,-0.1690827893654765,1,0.25,design,0.05,0.11232483323736536,0.10507026050018481,0.125,
lisa,erm,True,0.08002812971720859,0.07242711524110829,0.00524568702214878,0.054498697145124314,0.04471921438424931,0.07611880595114401,-0.1690827893654765,1,0.25,design,0.1,0.11232483323736536,0.10507026050018481,0.125,
lisa,erm,True,0.08002812971720859,0.07242711524110829,0.00524568702214878,0.054498697145124314,0.04471921438424931,0.07611880595114401,-0.1690827893654765,1,0.25,design,0.2,0.11232483323736536,0.10507026050018481,0.125,8
lisa,erm,True,0.08002812971720859,0.07242711524110829,0.00524568702214878,0.054498697145124314,0.04471921438424931,0.07611880595114401,-0.1690827893654765,1,0.5,ratio,0.02,0.12132468636721161,0.10507026050018481,0.25,580
lisa,erm,True,0.08002812971720859,0.07242711524110829,0.00524568702214878,0.054498697145124314,0.04471921438424931,0.07611880595114401,-0.1690827893654765,1,0.5,ratio,0.05,0.12132468636721161,0.10507026050018481,0.25,95
lisa,erm,True,0.08002812971720859,0.07242711524110829,0.00524568702214878,0.054498697145124314,0.04471921438424931,0.07611880595114401,-0.1690827893654765,1,0.5,ratio,0.1,0.12132468636721161,0.10507026050018481,0.25,26
lisa,erm,True,0.08002812971720859,0.07242711524110829,0.00524568702214878,0.054498697145124314,0.04471921438424931,0.07611880595114401,-0.1690827893654765,1,0.5,ratio,0.2,0.12132468636721161,0.10507026050018481,0.25,8
lisa,erm,True,0.08002812971720859,0.07242711524110829,0.00524568702214878,0.054498697145124314,0.04471921438424931,0.07611880595114401,-0.1690827893654765,1,0.5,design,0.02,0.12132468636721161,0.10507026050018481,0.25,
lisa,erm,True,0.08002812971720859,0.07242711524110829,0.00524568702214878,0.054498697145124314,0.04471921438424931,0.07611880595114401,-0.1690827893654765,1,0.5,design,0.05,0.12132468636721161,0.10507026050018481,0.25,
lisa,erm,True,0.08002812971720859,0.07242711524110829,0.00524568702214878,0.054498697145124314,0.04471921438424931,0.07611880595114401,-0.1690827893654765,1,0.5,design,0.1,0.12132468636721161,0.10507026050018481,0.25,
lisa,erm,True,0.08002812971720859,0.07242711524110829,0.00524568702214878,0.054498697145124314,0.04471921438424931,0.07611880595114401,-0.1690827893654765,1,0.5,design,0.2,0.12132468636721161,0.10507026050018481,0.25,
lisa,erm,True,0.08002812971720859,0.07242711524110829,0.00524568702214878,0.054498697145124314,0.04471921438424931,0.07611880595114401,-0.1690827893654765,3,0.0,none,0.02,0.08471743953849223,0.08471743953849223,0.0,143
lisa,erm,True,0.08002812971720859,0.07242711524110829,0.00524568702214878,0.054498697145124314,0.04471921438424931,0.07611880595114401,-0.1690827893654765,3,0.0,none,0.05,0.08471743953849223,0.08471743953849223,0.0,25
lisa,erm,True,0.08002812971720859,0.07242711524110829,0.00524568702214878,0.054498697145124314,0.04471921438424931,0.07611880595114401,-0.1690827893654765,3,0.0,none,0.1,0.08471743953849223,0.08471743953849223,0.0,8
lisa,erm,True,0.08002812971720859,0.07242711524110829,0.00524568702214878,0.054498697145124314,0.04471921438424931,0.07611880595114401,-0.1690827893654765,3,0.0,none,0.2,0.08471743953849223,0.08471743953849223,0.0,4
lisa,erm,True,0.08002812971720859,0.07242711524110829,0.00524568702214878,0.054498697145124314,0.04471921438424931,0.07611880595114401,-0.1690827893654765,3,0.25,ratio,0.02,0.09056675241079264,0.08471743953849223,0.125,244
lisa,erm,True,0.08002812971720859,0.07242711524110829,0.00524568702214878,0.054498697145124314,0.04471921438424931,0.07611880595114401,-0.1690827893654765,3,0.25,ratio,0.05,0.09056675241079264,0.08471743953849223,0.125,41
lisa,erm,True,0.08002812971720859,0.07242711524110829,0.00524568702214878,0.054498697145124314,0.04471921438424931,0.07611880595114401,-0.1690827893654765,3,0.25,ratio,0.1,0.09056675241079264,0.08471743953849223,0.125,12
lisa,erm,True,0.08002812971720859,0.07242711524110829,0.00524568702214878,0.054498697145124314,0.04471921438424931,0.07611880595114401,-0.1690827893654765,3,0.25,ratio,0.2,0.09056675241079264,0.08471743953849223,0.125,5
lisa,erm,True,0.08002812971720859,0.07242711524110829,0.00524568702214878,0.054498697145124314,0.04471921438424931,0.07611880595114401,-0.1690827893654765,3,0.25,design,0.02,0.09056675241079264,0.08471743953849223,0.125,
lisa,erm,True,0.08002812971720859,0.07242711524110829,0.00524568702214878,0.054498697145124314,0.04471921438424931,0.07611880595114401,-0.1690827893654765,3,0.25,design,0.05,0.09056675241079264,0.08471743953849223,0.125,
lisa,erm,True,0.08002812971720859,0.07242711524110829,0.00524568702214878,0.054498697145124314,0.04471921438424931,0.07611880595114401,-0.1690827893654765,3,0.25,design,0.1,0.09056675241079264,0.08471743953849223,0.125,
lisa,erm,True,0.08002812971720859,0.07242711524110829,0.00524568702214878,0.054498697145124314,0.04471921438424931,0.07611880595114401,-0.1690827893654765,3,0.25,design,0.2,0.09056675241079264,0.08471743953849223,0.125,5
lisa,erm,True,0.08002812971720859,0.07242711524110829,0.00524568702214878,0.054498697145124314,0.04471921438424931,0.07611880595114401,-0.1690827893654765,3,0.5,ratio,0.02,0.09782327304520867,0.08471743953849223,0.25,378
lisa,erm,True,0.08002812971720859,0.07242711524110829,0.00524568702214878,0.054498697145124314,0.04471921438424931,0.07611880595114401,-0.1690827893654765,3,0.5,ratio,0.05,0.09782327304520867,0.08471743953849223,0.25,63
lisa,erm,True,0.08002812971720859,0.07242711524110829,0.00524568702214878,0.054498697145124314,0.04471921438424931,0.07611880595114401,-0.1690827893654765,3,0.5,ratio,0.1,0.09782327304520867,0.08471743953849223,0.25,18
lisa,erm,True,0.08002812971720859,0.07242711524110829,0.00524568702214878,0.054498697145124314,0.04471921438424931,0.07611880595114401,-0.1690827893654765,3,0.5,ratio,0.2,0.09782327304520867,0.08471743953849223,0.25,6
lisa,erm,True,0.08002812971720859,0.07242711524110829,0.00524568702214878,0.054498697145124314,0.04471921438424931,0.07611880595114401,-0.1690827893654765,3,0.5,design,0.02,0.09782327304520867,0.08471743953849223,0.25,
lisa,erm,True,0.08002812971720859,0.07242711524110829,0.00524568702214878,0.054498697145124314,0.04471921438424931,0.07611880595114401,-0.1690827893654765,3,0.5,design,0.05,0.09782327304520867,0.08471743953849223,0.25,
lisa,erm,True,0.08002812971720859,0.07242711524110829,0.00524568702214878,0.054498697145124314,0.04471921438424931,0.07611880595114401,-0.1690827893654765,3,0.5,design,0.1,0.09782327304520867,0.08471743953849223,0.25,
lisa,erm,True,0.08002812971720859,0.07242711524110829,0.00524568702214878,0.054498697145124314,0.04471921438424931,0.07611880595114401,-0.1690827893654765,3,0.5,design,0.2,0.09782327304520867,0.08471743953849223,0.25,18
lisa,erm,True,0.08002812971720859,0.07242711524110829,0.00524568702214878,0.054498697145124314,0.04471921438424931,0.07611880595114401,-0.1690827893654765,5,0.0,none,0.02,0.08002812971720859,0.08002812971720859,0.0,128
lisa,erm,True,0.08002812971720859,0.07242711524110829,0.00524568702214878,0.054498697145124314,0.04471921438424931,0.07611880595114401,-0.1690827893654765,5,0.0,none,0.05,0.08002812971720859,0.08002812971720859,0.0,23
lisa,erm,True,0.08002812971720859,0.07242711524110829,0.00524568702214878,0.054498697145124314,0.04471921438424931,0.07611880595114401,-0.1690827893654765,5,0.0,none,0.1,0.08002812971720859,0.08002812971720859,0.0,8
lisa,erm,True,0.08002812971720859,0.07242711524110829,0.00524568702214878,0.054498697145124314,0.04471921438424931,0.07611880595114401,-0.1690827893654765,5,0.0,none,0.2,0.08002812971720859,0.08002812971720859,0.0,4
lisa,erm,True,0.08002812971720859,0.07242711524110829,0.00524568702214878,0.054498697145124314,0.04471921438424931,0.07611880595114401,-0.1690827893654765,5,0.25,ratio,0.02,0.08555366934459906,0.08002812971720859,0.125,218
lisa,erm,True,0.08002812971720859,0.07242711524110829,0.00524568702214878,0.054498697145124314,0.04471921438424931,0.07611880595114401,-0.1690827893654765,5,0.25,ratio,0.05,0.08555366934459906,0.08002812971720859,0.125,37
lisa,erm,True,0.08002812971720859,0.07242711524110829,0.00524568702214878,0.054498697145124314,0.04471921438424931,0.07611880595114401,-0.1690827893654765,5,0.25,ratio,0.1,0.08555366934459906,0.08002812971720859,0.125,11
lisa,erm,True,0.08002812971720859,0.07242711524110829,0.00524568702214878,0.054498697145124314,0.04471921438424931,0.07611880595114401,-0.1690827893654765,5,0.25,ratio,0.2,0.08555366934459906,0.08002812971720859,0.125,5
lisa,erm,True,0.08002812971720859,0.07242711524110829,0.00524568702214878,0.054498697145124314,0.04471921438424931,0.07611880595114401,-0.1690827893654765,5,0.25,design,0.02,0.08555366934459906,0.08002812971720859,0.125,
lisa,erm,True,0.08002812971720859,0.07242711524110829,0.00524568702214878,0.054498697145124314,0.04471921438424931,0.07611880595114401,-0.1690827893654765,5,0.25,design,0.05,0.08555366934459906,0.08002812971720859,0.125,
lisa,erm,True,0.08002812971720859,0.07242711524110829,0.00524568702214878,0.054498697145124314,0.04471921438424931,0.07611880595114401,-0.1690827893654765,5,0.25,design,0.1,0.08555366934459906,0.08002812971720859,0.125,
lisa,erm,True,0.08002812971720859,0.07242711524110829,0.00524568702214878,0.054498697145124314,0.04471921438424931,0.07611880595114401,-0.1690827893654765,5,0.25,design,0.2,0.08555366934459906,0.08002812971720859,0.125,5
lisa,erm,True,0.08002812971720859,0.07242711524110829,0.00524568702214878,0.054498697145124314,0.04471921438424931,0.07611880595114401,-0.1690827893654765,5,0.5,ratio,0.02,0.09240852446994534,0.08002812971720859,0.25,338
lisa,erm,True,0.08002812971720859,0.07242711524110829,0.00524568702214878,0.054498697145124314,0.04471921438424931,0.07611880595114401,-0.1690827893654765,5,0.5,ratio,0.05,0.09240852446994534,0.08002812971720859,0.25,56
lisa,erm,True,0.08002812971720859,0.07242711524110829,0.00524568702214878,0.054498697145124314,0.04471921438424931,0.07611880595114401,-0.1690827893654765,5,0.5,ratio,0.1,0.09240852446994534,0.08002812971720859,0.25,16
lisa,erm,True,0.08002812971720859,0.07242711524110829,0.00524568702214878,0.054498697145124314,0.04471921438424931,0.07611880595114401,-0.1690827893654765,5,0.5,ratio,0.2,0.09240852446994534,0.08002812971720859,0.25,6
lisa,erm,True,0.08002812971720859,0.07242711524110829,0.00524568702214878,0.054498697145124314,0.04471921438424931,0.07611880595114401,-0.1690827893654765,5,0.5,design,0.02,0.09240852446994534,0.08002812971720859,0.25,
lisa,erm,True,0.08002812971720859,0.07242711524110829,0.00524568702214878,0.054498697145124314,0.04471921438424931,0.07611880595114401,-0.1690827893654765,5,0.5,design,0.05,0.09240852446994534,0.08002812971720859,0.25,
lisa,erm,True,0.08002812971720859,0.07242711524110829,0.00524568702214878,0.054498697145124314,0.04471921438424931,0.07611880595114401,-0.1690827893654765,5,0.5,design,0.1,0.09240852446994534,0.08002812971720859,0.25,
lisa,erm,True,0.08002812971720859,0.07242711524110829,0.00524568702214878,0.054498697145124314,0.04471921438424931,0.07611880595114401,-0.1690827893654765,5,0.5,design,0.2,0.09240852446994534,0.08002812971720859,0.25,8
lisa,erm,True,0.08002812971720859,0.07242711524110829,0.00524568702214878,0.054498697145124314,0.04471921438424931,0.07611880595114401,-0.1690827893654765,10,0.0,none,0.02,0.07632230528549024,0.07632230528549024,0.0,117
lisa,erm,True,0.08002812971720859,0.07242711524110829,0.00524568702214878,0.054498697145124314,0.04471921438424931,0.07611880595114401,-0.1690827893654765,10,0.0,none,0.05,0.07632230528549024,0.07632230528549024,0.0,21
lisa,erm,True,0.08002812971720859,0.07242711524110829,0.00524568702214878,0.054498697145124314,0.04471921438424931,0.07611880595114401,-0.1690827893654765,10,0.0,none,0.1,0.07632230528549024,0.07632230528549024,0.0,7
lisa,erm,True,0.08002812971720859,0.07242711524110829,0.00524568702214878,0.054498697145124314,0.04471921438424931,0.07611880595114401,-0.1690827893654765,10,0.0,none,0.2,0.07632230528549024,0.07632230528549024,0.0,4
lisa,erm,True,0.08002812971720859,0.07242711524110829,0.00524568702214878,0.054498697145124314,0.04471921438424931,0.07611880595114401,-0.1690827893654765,10,0.25,ratio,0.02,0.08159197638487725,0.07632230528549024,0.125,198
lisa,erm,True,0.08002812971720859,0.07242711524110829,0.00524568702214878,0.054498697145124314,0.04471921438424931,0.07611880595114401,-0.1690827893654765,10,0.25,ratio,0.05,0.08159197638487725,0.07632230528549024,0.125,34
lisa,erm,True,0.08002812971720859,0.07242711524110829,0.00524568702214878,0.054498697145124314,0.04471921438424931,0.07611880595114401,-0.1690827893654765,10,0.25,ratio,0.1,0.08159197638487725,0.07632230528549024,0.125,10
lisa,erm,True,0.08002812971720859,0.07242711524110829,0.00524568702214878,0.054498697145124314,0.04471921438424931,0.07611880595114401,-0.1690827893654765,10,0.25,ratio,0.2,0.08159197638487725,0.07632230528549024,0.125,5
lisa,erm,True,0.08002812971720859,0.07242711524110829,0.00524568702214878,0.054498697145124314,0.04471921438424931,0.07611880595114401,-0.1690827893654765,10,0.25,design,0.02,0.08159197638487725,0.07632230528549024,0.125,
lisa,erm,True,0.08002812971720859,0.07242711524110829,0.00524568702214878,0.054498697145124314,0.04471921438424931,0.07611880595114401,-0.1690827893654765,10,0.25,design,0.05,0.08159197638487725,0.07632230528549024,0.125,
lisa,erm,True,0.08002812971720859,0.07242711524110829,0.00524568702214878,0.054498697145124314,0.04471921438424931,0.07611880595114401,-0.1690827893654765,10,0.25,design,0.1,0.08159197638487725,0.07632230528549024,0.125,
lisa,erm,True,0.08002812971720859,0.07242711524110829,0.00524568702214878,0.054498697145124314,0.04471921438424931,0.07611880595114401,-0.1690827893654765,10,0.25,design,0.2,0.08159197638487725,0.07632230528549024,0.125,4
lisa,erm,True,0.08002812971720859,0.07242711524110829,0.00524568702214878,0.054498697145124314,0.04471921438424931,0.07611880595114401,-0.1690827893654765,10,0.5,ratio,0.02,0.08812940700350118,0.07632230528549024,0.25,307
lisa,erm,True,0.08002812971720859,0.07242711524110829,0.00524568702214878,0.054498697145124314,0.04471921438424931,0.07611880595114401,-0.1690827893654765,10,0.5,ratio,0.05,0.08812940700350118,0.07632230528549024,0.25,51
lisa,erm,True,0.08002812971720859,0.07242711524110829,0.00524568702214878,0.054498697145124314,0.04471921438424931,0.07611880595114401,-0.1690827893654765,10,0.5,ratio,0.1,0.08812940700350118,0.07632230528549024,0.25,15
lisa,erm,True,0.08002812971720859,0.07242711524110829,0.00524568702214878,0.054498697145124314,0.04471921438424931,0.07611880595114401,-0.1690827893654765,10,0.5,ratio,0.2,0.08812940700350118,0.07632230528549024,0.25,6
lisa,erm,True,0.08002812971720859,0.07242711524110829,0.00524568702214878,0.054498697145124314,0.04471921438424931,0.07611880595114401,-0.1690827893654765,10,0.5,design,0.02,0.08812940700350118,0.07632230528549024,0.25,
lisa,erm,True,0.08002812971720859,0.07242711524110829,0.00524568702214878,0.054498697145124314,0.04471921438424931,0.07611880595114401,-0.1690827893654765,10,0.5,design,0.05,0.08812940700350118,0.07632230528549024,0.25,
lisa,erm,True,0.08002812971720859,0.07242711524110829,0.00524568702214878,0.054498697145124314,0.04471921438424931,0.07611880595114401,-0.1690827893654765,10,0.5,design,0.1,0.08812940700350118,0.07632230528549024,0.25,
lisa,erm,True,0.08002812971720859,0.07242711524110829,0.00524568702214878,0.054498697145124314,0.04471921438424931,0.07611880595114401,-0.1690827893654765,10,0.5,design,0.2,0.08812940700350118,0.07632230528549024,0.25,6
macenko,erm,True,0.06425243152270965,0.06019121866930266,0.003622982804895809,0.0337789561460597,0.04471921438424931,0.050268884594979996,0.20319015760137576,1,0.0,none,0.02,0.07842157587883086,0.07842157587883086,0.0,123
macenko,erm,True,0.06425243152270965,0.06019121866930266,0.003622982804895809,0.0337789561460597,0.04471921438424931,0.050268884594979996,0.20319015760137576,1,0.0,none,0.05,0.07842157587883086,0.07842157587883086,0.0,22
macenko,erm,True,0.06425243152270965,0.06019121866930266,0.003622982804895809,0.0337789561460597,0.04471921438424931,0.050268884594979996,0.20319015760137576,1,0.0,none,0.1,0.07842157587883086,0.07842157587883086,0.0,7
macenko,erm,True,0.06425243152270965,0.06019121866930266,0.003622982804895809,0.0337789561460597,0.04471921438424931,0.050268884594979996,0.20319015760137576,1,0.0,none,0.2,0.07842157587883086,0.07842157587883086,0.0,4
macenko,erm,True,0.06425243152270965,0.06019121866930266,0.003622982804895809,0.0337789561460597,0.04471921438424931,0.050268884594979996,0.20319015760137576,1,0.25,ratio,0.02,0.08383619104842305,0.07842157587883086,0.125,209
macenko,erm,True,0.06425243152270965,0.06019121866930266,0.003622982804895809,0.0337789561460597,0.04471921438424931,0.050268884594979996,0.20319015760137576,1,0.25,ratio,0.05,0.08383619104842305,0.07842157587883086,0.125,36
macenko,erm,True,0.06425243152270965,0.06019121866930266,0.003622982804895809,0.0337789561460597,0.04471921438424931,0.050268884594979996,0.20319015760137576,1,0.25,ratio,0.1,0.08383619104842305,0.07842157587883086,0.125,11
macenko,erm,True,0.06425243152270965,0.06019121866930266,0.003622982804895809,0.0337789561460597,0.04471921438424931,0.050268884594979996,0.20319015760137576,1,0.25,ratio,0.2,0.08383619104842305,0.07842157587883086,0.125,5
macenko,erm,True,0.06425243152270965,0.06019121866930266,0.003622982804895809,0.0337789561460597,0.04471921438424931,0.050268884594979996,0.20319015760137576,1,0.25,design,0.02,0.08383619104842305,0.07842157587883086,0.125,
macenko,erm,True,0.06425243152270965,0.06019121866930266,0.003622982804895809,0.0337789561460597,0.04471921438424931,0.050268884594979996,0.20319015760137576,1,0.25,design,0.05,0.08383619104842305,0.07842157587883086,0.125,
macenko,erm,True,0.06425243152270965,0.06019121866930266,0.003622982804895809,0.0337789561460597,0.04471921438424931,0.050268884594979996,0.20319015760137576,1,0.25,design,0.1,0.08383619104842305,0.07842157587883086,0.125,
macenko,erm,True,0.06425243152270965,0.06019121866930266,0.003622982804895809,0.0337789561460597,0.04471921438424931,0.050268884594979996,0.20319015760137576,1,0.25,design,0.2,0.08383619104842305,0.07842157587883086,0.125,4
macenko,erm,True,0.06425243152270965,0.06019121866930266,0.003622982804895809,0.0337789561460597,0.04471921438424931,0.050268884594979996,0.20319015760137576,1,0.5,ratio,0.02,0.09055343588783532,0.07842157587883086,0.25,324
macenko,erm,True,0.06425243152270965,0.06019121866930266,0.003622982804895809,0.0337789561460597,0.04471921438424931,0.050268884594979996,0.20319015760137576,1,0.5,ratio,0.05,0.09055343588783532,0.07842157587883086,0.25,54
macenko,erm,True,0.06425243152270965,0.06019121866930266,0.003622982804895809,0.0337789561460597,0.04471921438424931,0.050268884594979996,0.20319015760137576,1,0.5,ratio,0.1,0.09055343588783532,0.07842157587883086,0.25,15
macenko,erm,True,0.06425243152270965,0.06019121866930266,0.003622982804895809,0.0337789561460597,0.04471921438424931,0.050268884594979996,0.20319015760137576,1,0.5,ratio,0.2,0.09055343588783532,0.07842157587883086,0.25,6
macenko,erm,True,0.06425243152270965,0.06019121866930266,0.003622982804895809,0.0337789561460597,0.04471921438424931,0.050268884594979996,0.20319015760137576,1,0.5,design,0.02,0.09055343588783532,0.07842157587883086,0.25,
macenko,erm,True,0.06425243152270965,0.06019121866930266,0.003622982804895809,0.0337789561460597,0.04471921438424931,0.050268884594979996,0.20319015760137576,1,0.5,design,0.05,0.09055343588783532,0.07842157587883086,0.25,
macenko,erm,True,0.06425243152270965,0.06019121866930266,0.003622982804895809,0.0337789561460597,0.04471921438424931,0.050268884594979996,0.20319015760137576,1,0.5,design,0.1,0.09055343588783532,0.07842157587883086,0.25,
macenko,erm,True,0.06425243152270965,0.06019121866930266,0.003622982804895809,0.0337789561460597,0.04471921438424931,0.050268884594979996,0.20319015760137576,1,0.5,design,0.2,0.09055343588783532,0.07842157587883086,0.25,7
macenko,erm,True,0.06425243152270965,0.06019121866930266,0.003622982804895809,0.0337789561460597,0.04471921438424931,0.050268884594979996,0.20319015760137576,3,0.0,none,0.02,0.06682292314545671,0.06682292314545671,0.0,90
macenko,erm,True,0.06425243152270965,0.06019121866930266,0.003622982804895809,0.0337789561460597,0.04471921438424931,0.050268884594979996,0.20319015760137576,3,0.0,none,0.05,0.06682292314545671,0.06682292314545671,0.0,17
macenko,erm,True,0.06425243152270965,0.06019121866930266,0.003622982804895809,0.0337789561460597,0.04471921438424931,0.050268884594979996,0.20319015760137576,3,0.0,none,0.1,0.06682292314545671,0.06682292314545671,0.0,6
macenko,erm,True,0.06425243152270965,0.06019121866930266,0.003622982804895809,0.0337789561460597,0.04471921438424931,0.050268884594979996,0.20319015760137576,3,0.0,none,0.2,0.06682292314545671,0.06682292314545671,0.0,4
macenko,erm,True,0.06425243152270965,0.06019121866930266,0.003622982804895809,0.0337789561460597,0.04471921438424931,0.050268884594979996,0.20319015760137576,3,0.25,ratio,0.02,0.07143670971229299,0.06682292314545671,0.125,153
macenko,erm,True,0.06425243152270965,0.06019121866930266,0.003622982804895809,0.0337789561460597,0.04471921438424931,0.050268884594979996,0.20319015760137576,3,0.25,ratio,0.05,0.07143670971229299,0.06682292314545671,0.125,27
macenko,erm,True,0.06425243152270965,0.06019121866930266,0.003622982804895809,0.0337789561460597,0.04471921438424931,0.050268884594979996,0.20319015760137576,3,0.25,ratio,0.1,0.07143670971229299,0.06682292314545671,0.125,9
macenko,erm,True,0.06425243152270965,0.06019121866930266,0.003622982804895809,0.0337789561460597,0.04471921438424931,0.050268884594979996,0.20319015760137576,3,0.25,ratio,0.2,0.07143670971229299,0.06682292314545671,0.125,4
macenko,erm,True,0.06425243152270965,0.06019121866930266,0.003622982804895809,0.0337789561460597,0.04471921438424931,0.050268884594979996,0.20319015760137576,3,0.25,design,0.02,0.07143670971229299,0.06682292314545671,0.125,
macenko,erm,True,0.06425243152270965,0.06019121866930266,0.003622982804895809,0.0337789561460597,0.04471921438424931,0.050268884594979996,0.20319015760137576,3,0.25,design,0.05,0.07143670971229299,0.06682292314545671,0.125,
macenko,erm,True,0.06425243152270965,0.06019121866930266,0.003622982804895809,0.0337789561460597,0.04471921438424931,0.050268884594979996,0.20319015760137576,3,0.25,design,0.1,0.07143670971229299,0.06682292314545671,0.125,
macenko,erm,True,0.06425243152270965,0.06019121866930266,0.003622982804895809,0.0337789561460597,0.04471921438424931,0.050268884594979996,0.20319015760137576,3,0.25,design,0.2,0.07143670971229299,0.06682292314545671,0.125,4
macenko,erm,True,0.06425243152270965,0.06019121866930266,0.003622982804895809,0.0337789561460597,0.04471921438424931,0.050268884594979996,0.20319015760137576,3,0.5,ratio,0.02,0.07716046533213422,0.06682292314545671,0.25,236
macenko,erm,True,0.06425243152270965,0.06019121866930266,0.003622982804895809,0.0337789561460597,0.04471921438424931,0.050268884594979996,0.20319015760137576,3,0.5,ratio,0.05,0.07716046533213422,0.06682292314545671,0.25,40
macenko,erm,True,0.06425243152270965,0.06019121866930266,0.003622982804895809,0.0337789561460597,0.04471921438424931,0.050268884594979996,0.20319015760137576,3,0.5,ratio,0.1,0.07716046533213422,0.06682292314545671,0.25,12
macenko,erm,True,0.06425243152270965,0.06019121866930266,0.003622982804895809,0.0337789561460597,0.04471921438424931,0.050268884594979996,0.20319015760137576,3,0.5,ratio,0.2,0.07716046533213422,0.06682292314545671,0.25,5
macenko,erm,True,0.06425243152270965,0.06019121866930266,0.003622982804895809,0.0337789561460597,0.04471921438424931,0.050268884594979996,0.20319015760137576,3,0.5,design,0.02,0.07716046533213422,0.06682292314545671,0.25,
macenko,erm,True,0.06425243152270965,0.06019121866930266,0.003622982804895809,0.0337789561460597,0.04471921438424931,0.050268884594979996,0.20319015760137576,3,0.5,design,0.05,0.07716046533213422,0.06682292314545671,0.25,
macenko,erm,True,0.06425243152270965,0.06019121866930266,0.003622982804895809,0.0337789561460597,0.04471921438424931,0.050268884594979996,0.20319015760137576,3,0.5,design,0.1,0.07716046533213422,0.06682292314545671,0.25,
macenko,erm,True,0.06425243152270965,0.06019121866930266,0.003622982804895809,0.0337789561460597,0.04471921438424931,0.050268884594979996,0.20319015760137576,3,0.5,design,0.2,0.07716046533213422,0.06682292314545671,0.25,5
macenko,erm,True,0.06425243152270965,0.06019121866930266,0.003622982804895809,0.0337789561460597,0.04471921438424931,0.050268884594979996,0.20319015760137576,5,0.0,none,0.02,0.06425243152270965,0.06425243152270965,0.0,83
macenko,erm,True,0.06425243152270965,0.06019121866930266,0.003622982804895809,0.0337789561460597,0.04471921438424931,0.050268884594979996,0.20319015760137576,5,0.0,none,0.05,0.06425243152270965,0.06425243152270965,0.0,15
macenko,erm,True,0.06425243152270965,0.06019121866930266,0.003622982804895809,0.0337789561460597,0.04471921438424931,0.050268884594979996,0.20319015760137576,5,0.0,none,0.1,0.06425243152270965,0.06425243152270965,0.0,6
macenko,erm,True,0.06425243152270965,0.06019121866930266,0.003622982804895809,0.0337789561460597,0.04471921438424931,0.050268884594979996,0.20319015760137576,5,0.0,none,0.2,0.06425243152270965,0.06425243152270965,0.0,4
macenko,erm,True,0.06425243152270965,0.06019121866930266,0.003622982804895809,0.0337789561460597,0.04471921438424931,0.050268884594979996,0.20319015760137576,5,0.25,ratio,0.02,0.06868873857860955,0.06425243152270965,0.125,141
macenko,erm,True,0.06425243152270965,0.06019121866930266,0.003622982804895809,0.0337789561460597,0.04471921438424931,0.050268884594979996,0.20319015760137576,5,0.25,ratio,0.05,0.06868873857860955,0.06425243152270965,0.125,25
macenko,erm,True,0.06425243152270965,0.06019121866930266,0.003622982804895809,0.0337789561460597,0.04471921438424931,0.050268884594979996,0.20319015760137576,5,0.25,ratio,0.1,0.06868873857860955,0.06425243152270965,0.125,8
macenko,erm,True,0.06425243152270965,0.06019121866930266,0.003622982804895809,0.0337789561460597,0.04471921438424931,0.050268884594979996,0.20319015760137576,5,0.25,ratio,0.2,0.06868873857860955,0.06425243152270965,0.125,4
macenko,erm,True,0.06425243152270965,0.06019121866930266,0.003622982804895809,0.0337789561460597,0.04471921438424931,0.050268884594979996,0.20319015760137576,5,0.25,design,0.02,0.06868873857860955,0.06425243152270965,0.125,
macenko,erm,True,0.06425243152270965,0.06019121866930266,0.003622982804895809,0.0337789561460597,0.04471921438424931,0.050268884594979996,0.20319015760137576,5,0.25,design,0.05,0.06868873857860955,0.06425243152270965,0.125,
macenko,erm,True,0.06425243152270965,0.06019121866930266,0.003622982804895809,0.0337789561460597,0.04471921438424931,0.050268884594979996,0.20319015760137576,5,0.25,design,0.1,0.06868873857860955,0.06425243152270965,0.125,39
macenko,erm,True,0.06425243152270965,0.06019121866930266,0.003622982804895809,0.0337789561460597,0.04471921438424931,0.050268884594979996,0.20319015760137576,5,0.25,design,0.2,0.06868873857860955,0.06425243152270965,0.125,4
macenko,erm,True,0.06425243152270965,0.06019121866930266,0.003622982804895809,0.0337789561460597,0.04471921438424931,0.050268884594979996,0.20319015760137576,5,0.5,ratio,0.02,0.07419231727144883,0.06425243152270965,0.25,218
macenko,erm,True,0.06425243152270965,0.06019121866930266,0.003622982804895809,0.0337789561460597,0.04471921438424931,0.050268884594979996,0.20319015760137576,5,0.5,ratio,0.05,0.07419231727144883,0.06425243152270965,0.25,37
macenko,erm,True,0.06425243152270965,0.06019121866930266,0.003622982804895809,0.0337789561460597,0.04471921438424931,0.050268884594979996,0.20319015760137576,5,0.5,ratio,0.1,0.07419231727144883,0.06425243152270965,0.25,11
macenko,erm,True,0.06425243152270965,0.06019121866930266,0.003622982804895809,0.0337789561460597,0.04471921438424931,0.050268884594979996,0.20319015760137576,5,0.5,ratio,0.2,0.07419231727144883,0.06425243152270965,0.25,5
macenko,erm,True,0.06425243152270965,0.06019121866930266,0.003622982804895809,0.0337789561460597,0.04471921438424931,0.050268884594979996,0.20319015760137576,5,0.5,design,0.02,0.07419231727144883,0.06425243152270965,0.25,
macenko,erm,True,0.06425243152270965,0.06019121866930266,0.003622982804895809,0.0337789561460597,0.04471921438424931,0.050268884594979996,0.20319015760137576,5,0.5,design,0.05,0.07419231727144883,0.06425243152270965,0.25,
macenko,erm,True,0.06425243152270965,0.06019121866930266,0.003622982804895809,0.0337789561460597,0.04471921438424931,0.050268884594979996,0.20319015760137576,5,0.5,design,0.1,0.07419231727144883,0.06425243152270965,0.25,
macenko,erm,True,0.06425243152270965,0.06019121866930266,0.003622982804895809,0.0337789561460597,0.04471921438424931,0.050268884594979996,0.20319015760137576,5,0.5,design,0.2,0.07419231727144883,0.06425243152270965,0.25,4
macenko,erm,True,0.06425243152270965,0.06019121866930266,0.003622982804895809,0.0337789561460597,0.04471921438424931,0.050268884594979996,0.20319015760137576,10,0.0,none,0.02,0.062254950652443304,0.062254950652443304,0.0,78
macenko,erm,True,0.06425243152270965,0.06019121866930266,0.003622982804895809,0.0337789561460597,0.04471921438424931,0.050268884594979996,0.20319015760137576,10,0.0,none,0.05,0.062254950652443304,0.062254950652443304,0.0,15
macenko,erm,True,0.06425243152270965,0.06019121866930266,0.003622982804895809,0.0337789561460597,0.04471921438424931,0.050268884594979996,0.20319015760137576,10,0.0,none,0.1,0.062254950652443304,0.062254950652443304,0.0,6
macenko,erm,True,0.06425243152270965,0.06019121866930266,0.003622982804895809,0.0337789561460597,0.04471921438424931,0.050268884594979996,0.20319015760137576,10,0.0,none,0.2,0.062254950652443304,0.062254950652443304,0.0,4
macenko,erm,True,0.06425243152270965,0.06019121866930266,0.003622982804895809,0.0337789561460597,0.04471921438424931,0.050268884594979996,0.20319015760137576,10,0.25,ratio,0.02,0.06655334170627476,0.062254950652443304,0.125,133
macenko,erm,True,0.06425243152270965,0.06019121866930266,0.003622982804895809,0.0337789561460597,0.04471921438424931,0.050268884594979996,0.20319015760137576,10,0.25,ratio,0.05,0.06655334170627476,0.062254950652443304,0.125,23
macenko,erm,True,0.06425243152270965,0.06019121866930266,0.003622982804895809,0.0337789561460597,0.04471921438424931,0.050268884594979996,0.20319015760137576,10,0.25,ratio,0.1,0.06655334170627476,0.062254950652443304,0.125,8
macenko,erm,True,0.06425243152270965,0.06019121866930266,0.003622982804895809,0.0337789561460597,0.04471921438424931,0.050268884594979996,0.20319015760137576,10,0.25,ratio,0.2,0.06655334170627476,0.062254950652443304,0.125,4
macenko,erm,True,0.06425243152270965,0.06019121866930266,0.003622982804895809,0.0337789561460597,0.04471921438424931,0.050268884594979996,0.20319015760137576,10,0.25,design,0.02,0.06655334170627476,0.062254950652443304,0.125,
macenko,erm,True,0.06425243152270965,0.06019121866930266,0.003622982804895809,0.0337789561460597,0.04471921438424931,0.050268884594979996,0.20319015760137576,10,0.25,design,0.05,0.06655334170627476,0.062254950652443304,0.125,
macenko,erm,True,0.06425243152270965,0.06019121866930266,0.003622982804895809,0.0337789561460597,0.04471921438424931,0.050268884594979996,0.20319015760137576,10,0.25,design,0.1,0.06655334170627476,0.062254950652443304,0.125,22
macenko,erm,True,0.06425243152270965,0.06019121866930266,0.003622982804895809,0.0337789561460597,0.04471921438424931,0.050268884594979996,0.20319015760137576,10,0.25,design,0.2,0.06655334170627476,0.062254950652443304,0.125,4
macenko,erm,True,0.06425243152270965,0.06019121866930266,0.003622982804895809,0.0337789561460597,0.04471921438424931,0.050268884594979996,0.20319015760137576,10,0.5,ratio,0.02,0.07188582503515002,0.062254950652443304,0.25,205
macenko,erm,True,0.06425243152270965,0.06019121866930266,0.003622982804895809,0.0337789561460597,0.04471921438424931,0.050268884594979996,0.20319015760137576,10,0.5,ratio,0.05,0.07188582503515002,0.062254950652443304,0.25,35
macenko,erm,True,0.06425243152270965,0.06019121866930266,0.003622982804895809,0.0337789561460597,0.04471921438424931,0.050268884594979996,0.20319015760137576,10,0.5,ratio,0.1,0.07188582503515002,0.062254950652443304,0.25,11
macenko,erm,True,0.06425243152270965,0.06019121866930266,0.003622982804895809,0.0337789561460597,0.04471921438424931,0.050268884594979996,0.20319015760137576,10,0.5,ratio,0.2,0.07188582503515002,0.062254950652443304,0.25,5
macenko,erm,True,0.06425243152270965,0.06019121866930266,0.003622982804895809,0.0337789561460597,0.04471921438424931,0.050268884594979996,0.20319015760137576,10,0.5,design,0.02,0.07188582503515002,0.062254950652443304,0.25,
macenko,erm,True,0.06425243152270965,0.06019121866930266,0.003622982804895809,0.0337789561460597,0.04471921438424931,0.050268884594979996,0.20319015760137576,10,0.5,design,0.05,0.07188582503515002,0.062254950652443304,0.25,
macenko,erm,True,0.06425243152270965,0.06019121866930266,0.003622982804895809,0.0337789561460597,0.04471921438424931,0.050268884594979996,0.20319015760137576,10,0.5,design,0.1,0.07188582503515002,0.062254950652443304,0.25,
macenko,erm,True,0.06425243152270965,0.06019121866930266,0.003622982804895809,0.0337789561460597,0.04471921438424931,0.050268884594979996,0.20319015760137576,10,0.5,design,0.2,0.07188582503515002,0.062254950652443304,0.25,4
macenko_tile,erm,True,0.07331165968669326,0.07064765292937888,0.004991090864429977,0.016765904923837744,0.04471921438424931,0.04378975802556732,0.2423186870222975,1,0.0,none,0.02,0.08311819158504181,0.08311819158504181,0.0,138
macenko_tile,erm,True,0.07331165968669326,0.07064765292937888,0.004991090864429977,0.016765904923837744,0.04471921438424931,0.04378975802556732,0.2423186870222975,1,0.0,none,0.05,0.08311819158504181,0.08311819158504181,0.0,24
macenko_tile,erm,True,0.07331165968669326,0.07064765292937888,0.004991090864429977,0.016765904923837744,0.04471921438424931,0.04378975802556732,0.2423186870222975,1,0.0,none,0.1,0.08311819158504181,0.08311819158504181,0.0,8
macenko_tile,erm,True,0.07331165968669326,0.07064765292937888,0.004991090864429977,0.016765904923837744,0.04471921438424931,0.04378975802556732,0.2423186870222975,1,0.0,none,0.2,0.08311819158504181,0.08311819158504181,0.0,4
macenko_tile,erm,True,0.07331165968669326,0.07064765292937888,0.004991090864429977,0.016765904923837744,0.04471921438424931,0.04378975802556732,0.2423186870222975,1,0.25,ratio,0.02,0.08885708443413239,0.08311819158504181,0.125,235
macenko_tile,erm,True,0.07331165968669326,0.07064765292937888,0.004991090864429977,0.016765904923837744,0.04471921438424931,0.04378975802556732,0.2423186870222975,1,0.25,ratio,0.05,0.08885708443413239,0.08311819158504181,0.125,40
macenko_tile,erm,True,0.07331165968669326,0.07064765292937888,0.004991090864429977,0.016765904923837744,0.04471921438424931,0.04378975802556732,0.2423186870222975,1,0.25,ratio,0.1,0.08885708443413239,0.08311819158504181,0.125,12
macenko_tile,erm,True,0.07331165968669326,0.07064765292937888,0.004991090864429977,0.016765904923837744,0.04471921438424931,0.04378975802556732,0.2423186870222975,1,0.25,ratio,0.2,0.08885708443413239,0.08311819158504181,0.125,5
macenko_tile,erm,True,0.07331165968669326,0.07064765292937888,0.004991090864429977,0.016765904923837744,0.04471921438424931,0.04378975802556732,0.2423186870222975,1,0.25,design,0.02,0.08885708443413239,0.08311819158504181,0.125,
macenko_tile,erm,True,0.07331165968669326,0.07064765292937888,0.004991090864429977,0.016765904923837744,0.04471921438424931,0.04378975802556732,0.2423186870222975,1,0.25,design,0.05,0.08885708443413239,0.08311819158504181,0.125,
macenko_tile,erm,True,0.07331165968669326,0.07064765292937888,0.004991090864429977,0.016765904923837744,0.04471921438424931,0.04378975802556732,0.2423186870222975,1,0.25,design,0.1,0.08885708443413239,0.08311819158504181,0.125,
macenko_tile,erm,True,0.07331165968669326,0.07064765292937888,0.004991090864429977,0.016765904923837744,0.04471921438424931,0.04378975802556732,0.2423186870222975,1,0.25,design,0.2,0.08885708443413239,0.08311819158504181,0.125,5
macenko_tile,erm,True,0.07331165968669326,0.07064765292937888,0.004991090864429977,0.016765904923837744,0.04471921438424931,0.04378975802556732,0.2423186870222975,1,0.5,ratio,0.02,0.09597662057235756,0.08311819158504181,0.25,364
macenko_tile,erm,True,0.07331165968669326,0.07064765292937888,0.004991090864429977,0.016765904923837744,0.04471921438424931,0.04378975802556732,0.2423186870222975,1,0.5,ratio,0.05,0.09597662057235756,0.08311819158504181,0.25,60
macenko_tile,erm,True,0.07331165968669326,0.07064765292937888,0.004991090864429977,0.016765904923837744,0.04471921438424931,0.04378975802556732,0.2423186870222975,1,0.5,ratio,0.1,0.09597662057235756,0.08311819158504181,0.25,17
macenko_tile,erm,True,0.07331165968669326,0.07064765292937888,0.004991090864429977,0.016765904923837744,0.04471921438424931,0.04378975802556732,0.2423186870222975,1,0.5,ratio,0.2,0.09597662057235756,0.08311819158504181,0.25,6
macenko_tile,erm,True,0.07331165968669326,0.07064765292937888,0.004991090864429977,0.016765904923837744,0.04471921438424931,0.04378975802556732,0.2423186870222975,1,0.5,design,0.02,0.09597662057235756,0.08311819158504181,0.25,
macenko_tile,erm,True,0.07331165968669326,0.07064765292937888,0.004991090864429977,0.016765904923837744,0.04471921438424931,0.04378975802556732,0.2423186870222975,1,0.5,design,0.05,0.09597662057235756,0.08311819158504181,0.25,
macenko_tile,erm,True,0.07331165968669326,0.07064765292937888,0.004991090864429977,0.016765904923837744,0.04471921438424931,0.04378975802556732,0.2423186870222975,1,0.5,design,0.1,0.09597662057235756,0.08311819158504181,0.25,
macenko_tile,erm,True,0.07331165968669326,0.07064765292937888,0.004991090864429977,0.016765904923837744,0.04471921438424931,0.04378975802556732,0.2423186870222975,1,0.5,design,0.2,0.09597662057235756,0.08311819158504181,0.25,13
macenko_tile,erm,True,0.07331165968669326,0.07064765292937888,0.004991090864429977,0.016765904923837744,0.04471921438424931,0.04378975802556732,0.2423186870222975,3,0.0,none,0.02,0.0750351373274052,0.0750351373274052,0.0,113
macenko_tile,erm,True,0.07331165968669326,0.07064765292937888,0.004991090864429977,0.016765904923837744,0.04471921438424931,0.04378975802556732,0.2423186870222975,3,0.0,none,0.05,0.0750351373274052,0.0750351373274052,0.0,20
macenko_tile,erm,True,0.07331165968669326,0.07064765292937888,0.004991090864429977,0.016765904923837744,0.04471921438424931,0.04378975802556732,0.2423186870222975,3,0.0,none,0.1,0.0750351373274052,0.0750351373274052,0.0,7
macenko_tile,erm,True,0.07331165968669326,0.07064765292937888,0.004991090864429977,0.016765904923837744,0.04471921438424931,0.04378975802556732,0.2423186870222975,3,0.0,none,0.2,0.0750351373274052,0.0750351373274052,0.0,4
macenko_tile,erm,True,0.07331165968669326,0.07064765292937888,0.004991090864429977,0.016765904923837744,0.04471921438424931,0.04378975802556732,0.2423186870222975,3,0.25,ratio,0.02,0.0802159359567665,0.0750351373274052,0.125,192
macenko_tile,erm,True,0.07331165968669326,0.07064765292937888,0.004991090864429977,0.016765904923837744,0.04471921438424931,0.04378975802556732,0.2423186870222975,3,0.25,ratio,0.05,0.0802159359567665,0.0750351373274052,0.125,33
macenko_tile,erm,True,0.07331165968669326,0.07064765292937888,0.004991090864429977,0.016765904923837744,0.04471921438424931,0.04378975802556732,0.2423186870222975,3,0.25,ratio,0.1,0.0802159359567665,0.0750351373274052,0.125,10
macenko_tile,erm,True,0.07331165968669326,0.07064765292937888,0.004991090864429977,0.016765904923837744,0.04471921438424931,0.04378975802556732,0.2423186870222975,3,0.25,ratio,0.2,0.0802159359567665,0.0750351373274052,0.125,5
macenko_tile,erm,True,0.07331165968669326,0.07064765292937888,0.004991090864429977,0.016765904923837744,0.04471921438424931,0.04378975802556732,0.2423186870222975,3,0.25,design,0.02,0.0802159359567665,0.0750351373274052,0.125,
macenko_tile,erm,True,0.07331165968669326,0.07064765292937888,0.004991090864429977,0.016765904923837744,0.04471921438424931,0.04378975802556732,0.2423186870222975,3,0.25,design,0.05,0.0802159359567665,0.0750351373274052,0.125,
macenko_tile,erm,True,0.07331165968669326,0.07064765292937888,0.004991090864429977,0.016765904923837744,0.04471921438424931,0.04378975802556732,0.2423186870222975,3,0.25,design,0.1,0.0802159359567665,0.0750351373274052,0.125,
macenko_tile,erm,True,0.07331165968669326,0.07064765292937888,0.004991090864429977,0.016765904923837744,0.04471921438424931,0.04378975802556732,0.2423186870222975,3,0.25,design,0.2,0.0802159359567665,0.0750351373274052,0.125,4
macenko_tile,erm,True,0.07331165968669326,0.07064765292937888,0.004991090864429977,0.016765904923837744,0.04471921438424931,0.04378975802556732,0.2423186870222975,3,0.5,ratio,0.02,0.08664311346931586,0.0750351373274052,0.25,297
macenko_tile,erm,True,0.07331165968669326,0.07064765292937888,0.004991090864429977,0.016765904923837744,0.04471921438424931,0.04378975802556732,0.2423186870222975,3,0.5,ratio,0.05,0.08664311346931586,0.0750351373274052,0.25,50
macenko_tile,erm,True,0.07331165968669326,0.07064765292937888,0.004991090864429977,0.016765904923837744,0.04471921438424931,0.04378975802556732,0.2423186870222975,3,0.5,ratio,0.1,0.08664311346931586,0.0750351373274052,0.25,14
macenko_tile,erm,True,0.07331165968669326,0.07064765292937888,0.004991090864429977,0.016765904923837744,0.04471921438424931,0.04378975802556732,0.2423186870222975,3,0.5,ratio,0.2,0.08664311346931586,0.0750351373274052,0.25,6
macenko_tile,erm,True,0.07331165968669326,0.07064765292937888,0.004991090864429977,0.016765904923837744,0.04471921438424931,0.04378975802556732,0.2423186870222975,3,0.5,design,0.02,0.08664311346931586,0.0750351373274052,0.25,
macenko_tile,erm,True,0.07331165968669326,0.07064765292937888,0.004991090864429977,0.016765904923837744,0.04471921438424931,0.04378975802556732,0.2423186870222975,3,0.5,design,0.05,0.08664311346931586,0.0750351373274052,0.25,
macenko_tile,erm,True,0.07331165968669326,0.07064765292937888,0.004991090864429977,0.016765904923837744,0.04471921438424931,0.04378975802556732,0.2423186870222975,3,0.5,design,0.1,0.08664311346931586,0.0750351373274052,0.25,
macenko_tile,erm,True,0.07331165968669326,0.07064765292937888,0.004991090864429977,0.016765904923837744,0.04471921438424931,0.04378975802556732,0.2423186870222975,3,0.5,design,0.2,0.08664311346931586,0.0750351373274052,0.25,6
macenko_tile,erm,True,0.07331165968669326,0.07064765292937888,0.004991090864429977,0.016765904923837744,0.04471921438424931,0.04378975802556732,0.2423186870222975,5,0.0,none,0.02,0.07331165968669326,0.07331165968669326,0.0,108
macenko_tile,erm,True,0.07331165968669326,0.07064765292937888,0.004991090864429977,0.016765904923837744,0.04471921438424931,0.04378975802556732,0.2423186870222975,5,0.0,none,0.05,0.07331165968669326,0.07331165968669326,0.0,19
macenko_tile,erm,True,0.07331165968669326,0.07064765292937888,0.004991090864429977,0.016765904923837744,0.04471921438424931,0.04378975802556732,0.2423186870222975,5,0.0,none,0.1,0.07331165968669326,0.07331165968669326,0.0,7
macenko_tile,erm,True,0.07331165968669326,0.07064765292937888,0.004991090864429977,0.016765904923837744,0.04471921438424931,0.04378975802556732,0.2423186870222975,5,0.0,none,0.2,0.07331165968669326,0.07331165968669326,0.0,4
macenko_tile,erm,True,0.07331165968669326,0.07064765292937888,0.004991090864429977,0.016765904923837744,0.04471921438424931,0.04378975802556732,0.2423186870222975,5,0.25,ratio,0.02,0.07837346085810663,0.07331165968669326,0.125,183
macenko_tile,erm,True,0.07331165968669326,0.07064765292937888,0.004991090864429977,0.016765904923837744,0.04471921438424931,0.04378975802556732,0.2423186870222975,5,0.25,ratio,0.05,0.07837346085810663,0.07331165968669326,0.125,31
macenko_tile,erm,True,0.07331165968669326,0.07064765292937888,0.004991090864429977,0.016765904923837744,0.04471921438424931,0.04378975802556732,0.2423186870222975,5,0.25,ratio,0.1,0.07837346085810663,0.07331165968669326,0.125,10
macenko_tile,erm,True,0.07331165968669326,0.07064765292937888,0.004991090864429977,0.016765904923837744,0.04471921438424931,0.04378975802556732,0.2423186870222975,5,0.25,ratio,0.2,0.07837346085810663,0.07331165968669326,0.125,5
macenko_tile,erm,True,0.07331165968669326,0.07064765292937888,0.004991090864429977,0.016765904923837744,0.04471921438424931,0.04378975802556732,0.2423186870222975,5,0.25,design,0.02,0.07837346085810663,0.07331165968669326,0.125,
macenko_tile,erm,True,0.07331165968669326,0.07064765292937888,0.004991090864429977,0.016765904923837744,0.04471921438424931,0.04378975802556732,0.2423186870222975,5,0.25,design,0.05,0.07837346085810663,0.07331165968669326,0.125,
macenko_tile,erm,True,0.07331165968669326,0.07064765292937888,0.004991090864429977,0.016765904923837744,0.04471921438424931,0.04378975802556732,0.2423186870222975,5,0.25,design,0.1,0.07837346085810663,0.07331165968669326,0.125,
macenko_tile,erm,True,0.07331165968669326,0.07064765292937888,0.004991090864429977,0.016765904923837744,0.04471921438424931,0.04378975802556732,0.2423186870222975,5,0.25,design,0.2,0.07837346085810663,0.07331165968669326,0.125,4
macenko_tile,erm,True,0.07331165968669326,0.07064765292937888,0.004991090864429977,0.016765904923837744,0.04471921438424931,0.04378975802556732,0.2423186870222975,5,0.5,ratio,0.02,0.08465301290970118,0.07331165968669326,0.25,284
macenko_tile,erm,True,0.07331165968669326,0.07064765292937888,0.004991090864429977,0.016765904923837744,0.04471921438424931,0.04378975802556732,0.2423186870222975,5,0.5,ratio,0.05,0.08465301290970118,0.07331165968669326,0.25,47
macenko_tile,erm,True,0.07331165968669326,0.07064765292937888,0.004991090864429977,0.016765904923837744,0.04471921438424931,0.04378975802556732,0.2423186870222975,5,0.5,ratio,0.1,0.08465301290970118,0.07331165968669326,0.25,14
macenko_tile,erm,True,0.07331165968669326,0.07064765292937888,0.004991090864429977,0.016765904923837744,0.04471921438424931,0.04378975802556732,0.2423186870222975,5,0.5,ratio,0.2,0.08465301290970118,0.07331165968669326,0.25,6
macenko_tile,erm,True,0.07331165968669326,0.07064765292937888,0.004991090864429977,0.016765904923837744,0.04471921438424931,0.04378975802556732,0.2423186870222975,5,0.5,design,0.02,0.08465301290970118,0.07331165968669326,0.25,
macenko_tile,erm,True,0.07331165968669326,0.07064765292937888,0.004991090864429977,0.016765904923837744,0.04471921438424931,0.04378975802556732,0.2423186870222975,5,0.5,design,0.05,0.08465301290970118,0.07331165968669326,0.25,
macenko_tile,erm,True,0.07331165968669326,0.07064765292937888,0.004991090864429977,0.016765904923837744,0.04471921438424931,0.04378975802556732,0.2423186870222975,5,0.5,design,0.1,0.08465301290970118,0.07331165968669326,0.25,
macenko_tile,erm,True,0.07331165968669326,0.07064765292937888,0.004991090864429977,0.016765904923837744,0.04471921438424931,0.04378975802556732,0.2423186870222975,5,0.5,design,0.2,0.08465301290970118,0.07331165968669326,0.25,6
macenko_tile,erm,True,0.07331165968669326,0.07064765292937888,0.004991090864429977,0.016765904923837744,0.04471921438424931,0.04378975802556732,0.2423186870222975,10,0.0,none,0.02,0.07199197979791742,0.07199197979791742,0.0,104
macenko_tile,erm,True,0.07331165968669326,0.07064765292937888,0.004991090864429977,0.016765904923837744,0.04471921438424931,0.04378975802556732,0.2423186870222975,10,0.0,none,0.05,0.07199197979791742,0.07199197979791742,0.0,19
macenko_tile,erm,True,0.07331165968669326,0.07064765292937888,0.004991090864429977,0.016765904923837744,0.04471921438424931,0.04378975802556732,0.2423186870222975,10,0.0,none,0.1,0.07199197979791742,0.07199197979791742,0.0,7
macenko_tile,erm,True,0.07331165968669326,0.07064765292937888,0.004991090864429977,0.016765904923837744,0.04471921438424931,0.04378975802556732,0.2423186870222975,10,0.0,none,0.2,0.07199197979791742,0.07199197979791742,0.0,4
macenko_tile,erm,True,0.07331165968669326,0.07064765292937888,0.004991090864429977,0.016765904923837744,0.04471921438424931,0.04378975802556732,0.2423186870222975,10,0.25,ratio,0.02,0.07696266371410232,0.07199197979791742,0.125,177
macenko_tile,erm,True,0.07331165968669326,0.07064765292937888,0.004991090864429977,0.016765904923837744,0.04471921438424931,0.04378975802556732,0.2423186870222975,10,0.25,ratio,0.05,0.07696266371410232,0.07199197979791742,0.125,30
macenko_tile,erm,True,0.07331165968669326,0.07064765292937888,0.004991090864429977,0.016765904923837744,0.04471921438424931,0.04378975802556732,0.2423186870222975,10,0.25,ratio,0.1,0.07696266371410232,0.07199197979791742,0.125,10
macenko_tile,erm,True,0.07331165968669326,0.07064765292937888,0.004991090864429977,0.016765904923837744,0.04471921438424931,0.04378975802556732,0.2423186870222975,10,0.25,ratio,0.2,0.07696266371410232,0.07199197979791742,0.125,5
macenko_tile,erm,True,0.07331165968669326,0.07064765292937888,0.004991090864429977,0.016765904923837744,0.04471921438424931,0.04378975802556732,0.2423186870222975,10,0.25,design,0.02,0.07696266371410232,0.07199197979791742,0.125,
macenko_tile,erm,True,0.07331165968669326,0.07064765292937888,0.004991090864429977,0.016765904923837744,0.04471921438424931,0.04378975802556732,0.2423186870222975,10,0.25,design,0.05,0.07696266371410232,0.07199197979791742,0.125,
macenko_tile,erm,True,0.07331165968669326,0.07064765292937888,0.004991090864429977,0.016765904923837744,0.04471921438424931,0.04378975802556732,0.2423186870222975,10,0.25,design,0.1,0.07696266371410232,0.07199197979791742,0.125,
macenko_tile,erm,True,0.07331165968669326,0.07064765292937888,0.004991090864429977,0.016765904923837744,0.04471921438424931,0.04378975802556732,0.2423186870222975,10,0.25,design,0.2,0.07696266371410232,0.07199197979791742,0.125,4
macenko_tile,erm,True,0.07331165968669326,0.07064765292937888,0.004991090864429977,0.016765904923837744,0.04471921438424931,0.04378975802556732,0.2423186870222975,10,0.5,ratio,0.02,0.08312917783164346,0.07199197979791742,0.25,274
macenko_tile,erm,True,0.07331165968669326,0.07064765292937888,0.004991090864429977,0.016765904923837744,0.04471921438424931,0.04378975802556732,0.2423186870222975,10,0.5,ratio,0.05,0.08312917783164346,0.07199197979791742,0.25,46
macenko_tile,erm,True,0.07331165968669326,0.07064765292937888,0.004991090864429977,0.016765904923837744,0.04471921438424931,0.04378975802556732,0.2423186870222975,10,0.5,ratio,0.1,0.08312917783164346,0.07199197979791742,0.25,13
macenko_tile,erm,True,0.07331165968669326,0.07064765292937888,0.004991090864429977,0.016765904923837744,0.04471921438424931,0.04378975802556732,0.2423186870222975,10,0.5,ratio,0.2,0.08312917783164346,0.07199197979791742,0.25,5
macenko_tile,erm,True,0.07331165968669326,0.07064765292937888,0.004991090864429977,0.016765904923837744,0.04471921438424931,0.04378975802556732,0.2423186870222975,10,0.5,design,0.02,0.08312917783164346,0.07199197979791742,0.25,
macenko_tile,erm,True,0.07331165968669326,0.07064765292937888,0.004991090864429977,0.016765904923837744,0.04471921438424931,0.04378975802556732,0.2423186870222975,10,0.5,design,0.05,0.08312917783164346,0.07199197979791742,0.25,
macenko_tile,erm,True,0.07331165968669326,0.07064765292937888,0.004991090864429977,0.016765904923837744,0.04471921438424931,0.04378975802556732,0.2423186870222975,10,0.5,design,0.1,0.08312917783164346,0.07199197979791742,0.25,
macenko_tile,erm,True,0.07331165968669326,0.07064765292937888,0.004991090864429977,0.016765904923837744,0.04471921438424931,0.04378975802556732,0.2423186870222975,10,0.5,design,0.2,0.08312917783164346,0.07199197979791742,0.25,5
mixstyle,erm,True,0.04656824914228488,0.03531505819761532,0.001247153335500957,0.04280696122667838,0.04471921438424931,0.06787667098042446,-0.2024241129769142,1,0.0,none,0.02,0.07651402354396057,0.07651402354396057,0.0,117
mixstyle,erm,True,0.04656824914228488,0.03531505819761532,0.001247153335500957,0.04280696122667838,0.04471921438424931,0.06787667098042446,-0.2024241129769142,1,0.0,none,0.05,0.07651402354396057,0.07651402354396057,0.0,21
mixstyle,erm,True,0.04656824914228488,0.03531505819761532,0.001247153335500957,0.04280696122667838,0.04471921438424931,0.06787667098042446,-0.2024241129769142,1,0.0,none,0.1,0.07651402354396057,0.07651402354396057,0.0,7
mixstyle,erm,True,0.04656824914228488,0.03531505819761532,0.001247153335500957,0.04280696122667838,0.04471921438424931,0.06787667098042446,-0.2024241129769142,1,0.0,none,0.2,0.07651402354396057,0.07651402354396057,0.0,4
mixstyle,erm,True,0.04656824914228488,0.03531505819761532,0.001247153335500957,0.04280696122667838,0.04471921438424931,0.06787667098042446,-0.2024241129769142,1,0.25,ratio,0.02,0.08179693182430153,0.07651402354396057,0.125,199
mixstyle,erm,True,0.04656824914228488,0.03531505819761532,0.001247153335500957,0.04280696122667838,0.04471921438424931,0.06787667098042446,-0.2024241129769142,1,0.25,ratio,0.05,0.08179693182430153,0.07651402354396057,0.125,34
mixstyle,erm,True,0.04656824914228488,0.03531505819761532,0.001247153335500957,0.04280696122667838,0.04471921438424931,0.06787667098042446,-0.2024241129769142,1,0.25,ratio,0.1,0.08179693182430153,0.07651402354396057,0.125,10
mixstyle,erm,True,0.04656824914228488,0.03531505819761532,0.001247153335500957,0.04280696122667838,0.04471921438424931,0.06787667098042446,-0.2024241129769142,1,0.25,ratio,0.2,0.08179693182430153,0.07651402354396057,0.125,5
mixstyle,erm,True,0.04656824914228488,0.03531505819761532,0.001247153335500957,0.04280696122667838,0.04471921438424931,0.06787667098042446,-0.2024241129769142,1,0.25,design,0.02,0.08179693182430153,0.07651402354396057,0.125,
mixstyle,erm,True,0.04656824914228488,0.03531505819761532,0.001247153335500957,0.04280696122667838,0.04471921438424931,0.06787667098042446,-0.2024241129769142,1,0.25,design,0.05,0.08179693182430153,0.07651402354396057,0.125,
mixstyle,erm,True,0.04656824914228488,0.03531505819761532,0.001247153335500957,0.04280696122667838,0.04471921438424931,0.06787667098042446,-0.2024241129769142,1,0.25,design,0.1,0.08179693182430153,0.07651402354396057,0.125,
mixstyle,erm,True,0.04656824914228488,0.03531505819761532,0.001247153335500957,0.04280696122667838,0.04471921438424931,0.06787667098042446,-0.2024241129769142,1,0.25,design,0.2,0.08179693182430153,0.07651402354396057,0.125,4
mixstyle,erm,True,0.04656824914228488,0.03531505819761532,0.001247153335500957,0.04280696122667838,0.04471921438424931,0.06787667098042446,-0.2024241129769142,1,0.5,ratio,0.02,0.088350784179774,0.07651402354396057,0.25,309
mixstyle,erm,True,0.04656824914228488,0.03531505819761532,0.001247153335500957,0.04280696122667838,0.04471921438424931,0.06787667098042446,-0.2024241129769142,1,0.5,ratio,0.05,0.088350784179774,0.07651402354396057,0.25,51
mixstyle,erm,True,0.04656824914228488,0.03531505819761532,0.001247153335500957,0.04280696122667838,0.04471921438424931,0.06787667098042446,-0.2024241129769142,1,0.5,ratio,0.1,0.088350784179774,0.07651402354396057,0.25,15
mixstyle,erm,True,0.04656824914228488,0.03531505819761532,0.001247153335500957,0.04280696122667838,0.04471921438424931,0.06787667098042446,-0.2024241129769142,1,0.5,ratio,0.2,0.088350784179774,0.07651402354396057,0.25,6
mixstyle,erm,True,0.04656824914228488,0.03531505819761532,0.001247153335500957,0.04280696122667838,0.04471921438424931,0.06787667098042446,-0.2024241129769142,1,0.5,design,0.02,0.088350784179774,0.07651402354396057,0.25,
mixstyle,erm,True,0.04656824914228488,0.03531505819761532,0.001247153335500957,0.04280696122667838,0.04471921438424931,0.06787667098042446,-0.2024241129769142,1,0.5,design,0.05,0.088350784179774,0.07651402354396057,0.25,
mixstyle,erm,True,0.04656824914228488,0.03531505819761532,0.001247153335500957,0.04280696122667838,0.04471921438424931,0.06787667098042446,-0.2024241129769142,1,0.5,design,0.1,0.088350784179774,0.07651402354396057,0.25,
mixstyle,erm,True,0.04656824914228488,0.03531505819761532,0.001247153335500957,0.04280696122667838,0.04471921438424931,0.06787667098042446,-0.2024241129769142,1,0.5,design,0.2,0.088350784179774,0.07651402354396057,0.25,7
mixstyle,erm,True,0.04656824914228488,0.03531505819761532,0.001247153335500957,0.04280696122667838,0.04471921438424931,0.06787667098042446,-0.2024241129769142,3,0.0,none,0.02,0.052753206758413176,0.052753206758413176,0.0,57
mixstyle,erm,True,0.04656824914228488,0.03531505819761532,0.001247153335500957,0.04280696122667838,0.04471921438424931,0.06787667098042446,-0.2024241129769142,3,0.0,none,0.05,0.052753206758413176,0.052753206758413176,0.0,11
mixstyle,erm,True,0.04656824914228488,0.03531505819761532,0.001247153335500957,0.04280696122667838,0.04471921438424931,0.06787667098042446,-0.2024241129769142,3,0.0,none,0.1,0.052753206758413176,0.052753206758413176,0.0,5
mixstyle,erm,True,0.04656824914228488,0.03531505819761532,0.001247153335500957,0.04280696122667838,0.04471921438424931,0.06787667098042446,-0.2024241129769142,3,0.0,none,0.2,0.052753206758413176,0.052753206758413176,0.0,3
mixstyle,erm,True,0.04656824914228488,0.03531505819761532,0.001247153335500957,0.04280696122667838,0.04471921438424931,0.06787667098042446,-0.2024241129769142,3,0.25,ratio,0.02,0.05639555021246562,0.052753206758413176,0.125,96
mixstyle,erm,True,0.04656824914228488,0.03531505819761532,0.001247153335500957,0.04280696122667838,0.04471921438424931,0.06787667098042446,-0.2024241129769142,3,0.25,ratio,0.05,0.05639555021246562,0.052753206758413176,0.125,17
mixstyle,erm,True,0.04656824914228488,0.03531505819761532,0.001247153335500957,0.04280696122667838,0.04471921438424931,0.06787667098042446,-0.2024241129769142,3,0.25,ratio,0.1,0.05639555021246562,0.052753206758413176,0.125,6
mixstyle,erm,True,0.04656824914228488,0.03531505819761532,0.001247153335500957,0.04280696122667838,0.04471921438424931,0.06787667098042446,-0.2024241129769142,3,0.25,ratio,0.2,0.05639555021246562,0.052753206758413176,0.125,4
mixstyle,erm,True,0.04656824914228488,0.03531505819761532,0.001247153335500957,0.04280696122667838,0.04471921438424931,0.06787667098042446,-0.2024241129769142,3,0.25,design,0.02,0.05639555021246562,0.052753206758413176,0.125,
mixstyle,erm,True,0.04656824914228488,0.03531505819761532,0.001247153335500957,0.04280696122667838,0.04471921438424931,0.06787667098042446,-0.2024241129769142,3,0.25,design,0.05,0.05639555021246562,0.052753206758413176,0.125,
mixstyle,erm,True,0.04656824914228488,0.03531505819761532,0.001247153335500957,0.04280696122667838,0.04471921438424931,0.06787667098042446,-0.2024241129769142,3,0.25,design,0.1,0.05639555021246562,0.052753206758413176,0.125,8
mixstyle,erm,True,0.04656824914228488,0.03531505819761532,0.001247153335500957,0.04280696122667838,0.04471921438424931,0.06787667098042446,-0.2024241129769142,3,0.25,design,0.2,0.05639555021246562,0.052753206758413176,0.125,3
mixstyle,erm,True,0.04656824914228488,0.03531505819761532,0.001247153335500957,0.04280696122667838,0.04471921438424931,0.06787667098042446,-0.2024241129769142,3,0.5,ratio,0.02,0.06091415624517167,0.052753206758413176,0.25,148
mixstyle,erm,True,0.04656824914228488,0.03531505819761532,0.001247153335500957,0.04280696122667838,0.04471921438424931,0.06787667098042446,-0.2024241129769142,3,0.5,ratio,0.05,0.06091415624517167,0.052753206758413176,0.25,26
mixstyle,erm,True,0.04656824914228488,0.03531505819761532,0.001247153335500957,0.04280696122667838,0.04471921438424931,0.06787667098042446,-0.2024241129769142,3,0.5,ratio,0.1,0.06091415624517167,0.052753206758413176,0.25,8
mixstyle,erm,True,0.04656824914228488,0.03531505819761532,0.001247153335500957,0.04280696122667838,0.04471921438424931,0.06787667098042446,-0.2024241129769142,3,0.5,ratio,0.2,0.06091415624517167,0.052753206758413176,0.25,4
mixstyle,erm,True,0.04656824914228488,0.03531505819761532,0.001247153335500957,0.04280696122667838,0.04471921438424931,0.06787667098042446,-0.2024241129769142,3,0.5,design,0.02,0.06091415624517167,0.052753206758413176,0.25,
mixstyle,erm,True,0.04656824914228488,0.03531505819761532,0.001247153335500957,0.04280696122667838,0.04471921438424931,0.06787667098042446,-0.2024241129769142,3,0.5,design,0.05,0.06091415624517167,0.052753206758413176,0.25,
mixstyle,erm,True,0.04656824914228488,0.03531505819761532,0.001247153335500957,0.04280696122667838,0.04471921438424931,0.06787667098042446,-0.2024241129769142,3,0.5,design,0.1,0.06091415624517167,0.052753206758413176,0.25,
mixstyle,erm,True,0.04656824914228488,0.03531505819761532,0.001247153335500957,0.04280696122667838,0.04471921438424931,0.06787667098042446,-0.2024241129769142,3,0.5,design,0.2,0.06091415624517167,0.052753206758413176,0.25,3
mixstyle,erm,True,0.04656824914228488,0.03531505819761532,0.001247153335500957,0.04280696122667838,0.04471921438424931,0.06787667098042446,-0.2024241129769142,5,0.0,none,0.02,0.04656824914228488,0.04656824914228488,0.0,45
mixstyle,erm,True,0.04656824914228488,0.03531505819761532,0.001247153335500957,0.04280696122667838,0.04471921438424931,0.06787667098042446,-0.2024241129769142,5,0.0,none,0.05,0.04656824914228488,0.04656824914228488,0.0,9
mixstyle,erm,True,0.04656824914228488,0.03531505819761532,0.001247153335500957,0.04280696122667838,0.04471921438424931,0.06787667098042446,-0.2024241129769142,5,0.0,none,0.1,0.04656824914228488,0.04656824914228488,0.0,4
mixstyle,erm,True,0.04656824914228488,0.03531505819761532,0.001247153335500957,0.04280696122667838,0.04471921438424931,0.06787667098042446,-0.2024241129769142,5,0.0,none,0.2,0.04656824914228488,0.04656824914228488,0.0,3
mixstyle,erm,True,0.04656824914228488,0.03531505819761532,0.001247153335500957,0.04280696122667838,0.04471921438424931,0.06787667098042446,-0.2024241129769142,5,0.25,ratio,0.02,0.04978355239781699,0.04656824914228488,0.125,75
mixstyle,erm,True,0.04656824914228488,0.03531505819761532,0.001247153335500957,0.04280696122667838,0.04471921438424931,0.06787667098042446,-0.2024241129769142,5,0.25,ratio,0.05,0.04978355239781699,0.04656824914228488,0.125,14
mixstyle,erm,True,0.04656824914228488,0.03531505819761532,0.001247153335500957,0.04280696122667838,0.04471921438424931,0.06787667098042446,-0.2024241129769142,5,0.25,ratio,0.1,0.04978355239781699,0.04656824914228488,0.125,6
mixstyle,erm,True,0.04656824914228488,0.03531505819761532,0.001247153335500957,0.04280696122667838,0.04471921438424931,0.06787667098042446,-0.2024241129769142,5,0.25,ratio,0.2,0.04978355239781699,0.04656824914228488,0.125,3
mixstyle,erm,True,0.04656824914228488,0.03531505819761532,0.001247153335500957,0.04280696122667838,0.04471921438424931,0.06787667098042446,-0.2024241129769142,5,0.25,design,0.02,0.04978355239781699,0.04656824914228488,0.125,
mixstyle,erm,True,0.04656824914228488,0.03531505819761532,0.001247153335500957,0.04280696122667838,0.04471921438424931,0.06787667098042446,-0.2024241129769142,5,0.25,design,0.05,0.04978355239781699,0.04656824914228488,0.125,
mixstyle,erm,True,0.04656824914228488,0.03531505819761532,0.001247153335500957,0.04280696122667838,0.04471921438424931,0.06787667098042446,-0.2024241129769142,5,0.25,design,0.1,0.04978355239781699,0.04656824914228488,0.125,6
mixstyle,erm,True,0.04656824914228488,0.03531505819761532,0.001247153335500957,0.04280696122667838,0.04471921438424931,0.06787667098042446,-0.2024241129769142,5,0.25,design,0.2,0.04978355239781699,0.04656824914228488,0.125,3
mixstyle,erm,True,0.04656824914228488,0.03531505819761532,0.001247153335500957,0.04280696122667838,0.04471921438424931,0.06787667098042446,-0.2024241129769142,5,0.5,ratio,0.02,0.05377238235597547,0.04656824914228488,0.25,116
mixstyle,erm,True,0.04656824914228488,0.03531505819761532,0.001247153335500957,0.04280696122667838,0.04471921438424931,0.06787667098042446,-0.2024241129769142,5,0.5,ratio,0.05,0.05377238235597547,0.04656824914228488,0.25,21
mixstyle,erm,True,0.04656824914228488,0.03531505819761532,0.001247153335500957,0.04280696122667838,0.04471921438424931,0.06787667098042446,-0.2024241129769142,5,0.5,ratio,0.1,0.05377238235597547,0.04656824914228488,0.25,7
mixstyle,erm,True,0.04656824914228488,0.03531505819761532,0.001247153335500957,0.04280696122667838,0.04471921438424931,0.06787667098042446,-0.2024241129769142,5,0.5,ratio,0.2,0.05377238235597547,0.04656824914228488,0.25,4
mixstyle,erm,True,0.04656824914228488,0.03531505819761532,0.001247153335500957,0.04280696122667838,0.04471921438424931,0.06787667098042446,-0.2024241129769142,5,0.5,design,0.02,0.05377238235597547,0.04656824914228488,0.25,
mixstyle,erm,True,0.04656824914228488,0.03531505819761532,0.001247153335500957,0.04280696122667838,0.04471921438424931,0.06787667098042446,-0.2024241129769142,5,0.5,design,0.05,0.05377238235597547,0.04656824914228488,0.25,
mixstyle,erm,True,0.04656824914228488,0.03531505819761532,0.001247153335500957,0.04280696122667838,0.04471921438424931,0.06787667098042446,-0.2024241129769142,5,0.5,design,0.1,0.05377238235597547,0.04656824914228488,0.25,
mixstyle,erm,True,0.04656824914228488,0.03531505819761532,0.001247153335500957,0.04280696122667838,0.04471921438424931,0.06787667098042446,-0.2024241129769142,5,0.5,design,0.2,0.05377238235597547,0.04656824914228488,0.25,3
mixstyle,erm,True,0.04656824914228488,0.03531505819761532,0.001247153335500957,0.04280696122667838,0.04471921438424931,0.06787667098042446,-0.2024241129769142,10,0.0,none,0.02,0.04132647555550118,0.04132647555550118,0.0,36
mixstyle,erm,True,0.04656824914228488,0.03531505819761532,0.001247153335500957,0.04280696122667838,0.04471921438424931,0.06787667098042446,-0.2024241129769142,10,0.0,none,0.05,0.04132647555550118,0.04132647555550118,0.0,8
mixstyle,erm,True,0.04656824914228488,0.03531505819761532,0.001247153335500957,0.04280696122667838,0.04471921438424931,0.06787667098042446,-0.2024241129769142,10,0.0,none,0.1,0.04132647555550118,0.04132647555550118,0.0,4
mixstyle,erm,True,0.04656824914228488,0.03531505819761532,0.001247153335500957,0.04280696122667838,0.04471921438424931,0.06787667098042446,-0.2024241129769142,10,0.0,none,0.2,0.04132647555550118,0.04132647555550118,0.0,3
mixstyle,erm,True,0.04656824914228488,0.03531505819761532,0.001247153335500957,0.04280696122667838,0.04471921438424931,0.06787667098042446,-0.2024241129769142,10,0.25,ratio,0.02,0.04417986072330678,0.04132647555550118,0.125,60
mixstyle,erm,True,0.04656824914228488,0.03531505819761532,0.001247153335500957,0.04280696122667838,0.04471921438424931,0.06787667098042446,-0.2024241129769142,10,0.25,ratio,0.05,0.04417986072330678,0.04132647555550118,0.125,12
mixstyle,erm,True,0.04656824914228488,0.03531505819761532,0.001247153335500957,0.04280696122667838,0.04471921438424931,0.06787667098042446,-0.2024241129769142,10,0.25,ratio,0.1,0.04417986072330678,0.04132647555550118,0.125,5
mixstyle,erm,True,0.04656824914228488,0.03531505819761532,0.001247153335500957,0.04280696122667838,0.04471921438424931,0.06787667098042446,-0.2024241129769142,10,0.25,ratio,0.2,0.04417986072330678,0.04132647555550118,0.125,3
mixstyle,erm,True,0.04656824914228488,0.03531505819761532,0.001247153335500957,0.04280696122667838,0.04471921438424931,0.06787667098042446,-0.2024241129769142,10,0.25,design,0.02,0.04417986072330678,0.04132647555550118,0.125,
mixstyle,erm,True,0.04656824914228488,0.03531505819761532,0.001247153335500957,0.04280696122667838,0.04471921438424931,0.06787667098042446,-0.2024241129769142,10,0.25,design,0.05,0.04417986072330678,0.04132647555550118,0.125,
mixstyle,erm,True,0.04656824914228488,0.03531505819761532,0.001247153335500957,0.04280696122667838,0.04471921438424931,0.06787667098042446,-0.2024241129769142,10,0.25,design,0.1,0.04417986072330678,0.04132647555550118,0.125,5
mixstyle,erm,True,0.04656824914228488,0.03531505819761532,0.001247153335500957,0.04280696122667838,0.04471921438424931,0.06787667098042446,-0.2024241129769142,10,0.25,design,0.2,0.04417986072330678,0.04132647555550118,0.125,3
mixstyle,erm,True,0.04656824914228488,0.03531505819761532,0.001247153335500957,0.04280696122667838,0.04471921438424931,0.06787667098042446,-0.2024241129769142,10,0.5,ratio,0.02,0.047719703573254196,0.04132647555550118,0.25,92
mixstyle,erm,True,0.04656824914228488,0.03531505819761532,0.001247153335500957,0.04280696122667838,0.04471921438424931,0.06787667098042446,-0.2024241129769142,10,0.5,ratio,0.05,0.047719703573254196,0.04132647555550118,0.25,17
mixstyle,erm,True,0.04656824914228488,0.03531505819761532,0.001247153335500957,0.04280696122667838,0.04471921438424931,0.06787667098042446,-0.2024241129769142,10,0.5,ratio,0.1,0.047719703573254196,0.04132647555550118,0.25,6
mixstyle,erm,True,0.04656824914228488,0.03531505819761532,0.001247153335500957,0.04280696122667838,0.04471921438424931,0.06787667098042446,-0.2024241129769142,10,0.5,ratio,0.2,0.047719703573254196,0.04132647555550118,0.25,4
mixstyle,erm,True,0.04656824914228488,0.03531505819761532,0.001247153335500957,0.04280696122667838,0.04471921438424931,0.06787667098042446,-0.2024241129769142,10,0.5,design,0.02,0.047719703573254196,0.04132647555550118,0.25,
mixstyle,erm,True,0.04656824914228488,0.03531505819761532,0.001247153335500957,0.04280696122667838,0.04471921438424931,0.06787667098042446,-0.2024241129769142,10,0.5,design,0.05,0.047719703573254196,0.04132647555550118,0.25,
mixstyle,erm,True,0.04656824914228488,0.03531505819761532,0.001247153335500957,0.04280696122667838,0.04471921438424931,0.06787667098042446,-0.2024241129769142,10,0.5,design,0.1,0.047719703573254196,0.04132647555550118,0.25,12
mixstyle,erm,True,0.04656824914228488,0.03531505819761532,0.001247153335500957,0.04280696122667838,0.04471921438424931,0.06787667098042446,-0.2024241129769142,10,0.5,design,0.2,0.047719703573254196,0.04132647555550118,0.25,3
sam,erm,True,0.04395578865138805,0.03540451800238058,0.0012534798949808902,0.04944158820521866,0.04471921438424931,0.058250813770478964,0.23770391503999017,1,0.0,none,0.02,0.06816624677876809,0.06816624677876809,0.0,94
sam,erm,True,0.04395578865138805,0.03540451800238058,0.0012534798949808902,0.04944158820521866,0.04471921438424931,0.058250813770478964,0.23770391503999017,1,0.0,none,0.05,0.06816624677876809,0.06816624677876809,0.0,17
sam,erm,True,0.04395578865138805,0.03540451800238058,0.0012534798949808902,0.04944158820521866,0.04471921438424931,0.058250813770478964,0.23770391503999017,1,0.0,none,0.1,0.06816624677876809,0.06816624677876809,0.0,6
sam,erm,True,0.04395578865138805,0.03540451800238058,0.0012534798949808902,0.04944158820521866,0.04471921438424931,0.058250813770478964,0.23770391503999017,1,0.0,none,0.2,0.06816624677876809,0.06816624677876809,0.0,4
sam,erm,True,0.04395578865138805,0.03540451800238058,0.0012534798949808902,0.04944158820521866,0.04471921438424931,0.058250813770478964,0.23770391503999017,1,0.25,ratio,0.02,0.07287278308240944,0.06816624677876809,0.125,159
sam,erm,True,0.04395578865138805,0.03540451800238058,0.0012534798949808902,0.04944158820521866,0.04471921438424931,0.058250813770478964,0.23770391503999017,1,0.25,ratio,0.05,0.07287278308240944,0.06816624677876809,0.125,27
sam,erm,True,0.04395578865138805,0.03540451800238058,0.0012534798949808902,0.04944158820521866,0.04471921438424931,0.058250813770478964,0.23770391503999017,1,0.25,ratio,0.1,0.07287278308240944,0.06816624677876809,0.125,9
sam,erm,True,0.04395578865138805,0.03540451800238058,0.0012534798949808902,0.04944158820521866,0.04471921438424931,0.058250813770478964,0.23770391503999017,1,0.25,ratio,0.2,0.07287278308240944,0.06816624677876809,0.125,4
sam,erm,True,0.04395578865138805,0.03540451800238058,0.0012534798949808902,0.04944158820521866,0.04471921438424931,0.058250813770478964,0.23770391503999017,1,0.25,design,0.02,0.07287278308240944,0.06816624677876809,0.125,
sam,erm,True,0.04395578865138805,0.03540451800238058,0.0012534798949808902,0.04944158820521866,0.04471921438424931,0.058250813770478964,0.23770391503999017,1,0.25,design,0.05,0.07287278308240944,0.06816624677876809,0.125,
sam,erm,True,0.04395578865138805,0.03540451800238058,0.0012534798949808902,0.04944158820521866,0.04471921438424931,0.058250813770478964,0.23770391503999017,1,0.25,design,0.1,0.07287278308240944,0.06816624677876809,0.125,
sam,erm,True,0.04395578865138805,0.03540451800238058,0.0012534798949808902,0.04944158820521866,0.04471921438424931,0.058250813770478964,0.23770391503999017,1,0.25,design,0.2,0.07287278308240944,0.06816624677876809,0.125,4
sam,erm,True,0.04395578865138805,0.03540451800238058,0.0012534798949808902,0.04944158820521866,0.04471921438424931,0.058250813770478964,0.23770391503999017,1,0.5,ratio,0.02,0.07871160185473644,0.06816624677876809,0.25,246
sam,erm,True,0.04395578865138805,0.03540451800238058,0.0012534798949808902,0.04944158820521866,0.04471921438424931,0.058250813770478964,0.23770391503999017,1,0.5,ratio,0.05,0.07871160185473644,0.06816624677876809,0.25,41
sam,erm,True,0.04395578865138805,0.03540451800238058,0.0012534798949808902,0.04944158820521866,0.04471921438424931,0.058250813770478964,0.23770391503999017,1,0.5,ratio,0.1,0.07871160185473644,0.06816624677876809,0.25,12
sam,erm,True,0.04395578865138805,0.03540451800238058,0.0012534798949808902,0.04944158820521866,0.04471921438424931,0.058250813770478964,0.23770391503999017,1,0.5,ratio,0.2,0.07871160185473644,0.06816624677876809,0.25,5
sam,erm,True,0.04395578865138805,0.03540451800238058,0.0012534798949808902,0.04944158820521866,0.04471921438424931,0.058250813770478964,0.23770391503999017,1,0.5,design,0.02,0.07871160185473644,0.06816624677876809,0.25,
sam,erm,True,0.04395578865138805,0.03540451800238058,0.0012534798949808902,0.04944158820521866,0.04471921438424931,0.058250813770478964,0.23770391503999017,1,0.5,design,0.05,0.07871160185473644,0.06816624677876809,0.25,
sam,erm,True,0.04395578865138805,0.03540451800238058,0.0012534798949808902,0.04944158820521866,0.04471921438424931,0.058250813770478964,0.23770391503999017,1,0.5,design,0.1,0.07871160185473644,0.06816624677876809,0.25,
sam,erm,True,0.04395578865138805,0.03540451800238058,0.0012534798949808902,0.04944158820521866,0.04471921438424931,0.058250813770478964,0.23770391503999017,1,0.5,design,0.2,0.07871160185473644,0.06816624677876809,0.25,5
sam,erm,True,0.04395578865138805,0.03540451800238058,0.0012534798949808902,0.04944158820521866,0.04471921438424931,0.058250813770478964,0.23770391503999017,3,0.0,none,0.02,0.04883167342980609,0.04883167342980609,0.0,49
sam,erm,True,0.04395578865138805,0.03540451800238058,0.0012534798949808902,0.04944158820521866,0.04471921438424931,0.058250813770478964,0.23770391503999017,3,0.0,none,0.05,0.04883167342980609,0.04883167342980609,0.0,10
sam,erm,True,0.04395578865138805,0.03540451800238058,0.0012534798949808902,0.04944158820521866,0.04471921438424931,0.058250813770478964,0.23770391503999017,3,0.0,none,0.1,0.04883167342980609,0.04883167342980609,0.0,5
sam,erm,True,0.04395578865138805,0.03540451800238058,0.0012534798949808902,0.04944158820521866,0.04471921438424931,0.058250813770478964,0.23770391503999017,3,0.0,none,0.2,0.04883167342980609,0.04883167342980609,0.0,3
sam,erm,True,0.04395578865138805,0.03540451800238058,0.0012534798949808902,0.04944158820521866,0.04471921438424931,0.058250813770478964,0.23770391503999017,3,0.25,ratio,0.02,0.05220325474204765,0.04883167342980609,0.125,83
sam,erm,True,0.04395578865138805,0.03540451800238058,0.0012534798949808902,0.04944158820521866,0.04471921438424931,0.058250813770478964,0.23770391503999017,3,0.25,ratio,0.05,0.05220325474204765,0.04883167342980609,0.125,15
sam,erm,True,0.04395578865138805,0.03540451800238058,0.0012534798949808902,0.04944158820521866,0.04471921438424931,0.058250813770478964,0.23770391503999017,3,0.25,ratio,0.1,0.05220325474204765,0.04883167342980609,0.125,6
sam,erm,True,0.04395578865138805,0.03540451800238058,0.0012534798949808902,0.04944158820521866,0.04471921438424931,0.058250813770478964,0.23770391503999017,3,0.25,ratio,0.2,0.05220325474204765,0.04883167342980609,0.125,4
sam,erm,True,0.04395578865138805,0.03540451800238058,0.0012534798949808902,0.04944158820521866,0.04471921438424931,0.058250813770478964,0.23770391503999017,3,0.25,design,0.02,0.05220325474204765,0.04883167342980609,0.125,
sam,erm,True,0.04395578865138805,0.03540451800238058,0.0012534798949808902,0.04944158820521866,0.04471921438424931,0.058250813770478964,0.23770391503999017,3,0.25,design,0.05,0.05220325474204765,0.04883167342980609,0.125,
sam,erm,True,0.04395578865138805,0.03540451800238058,0.0012534798949808902,0.04944158820521866,0.04471921438424931,0.058250813770478964,0.23770391503999017,3,0.25,design,0.1,0.05220325474204765,0.04883167342980609,0.125,6
sam,erm,True,0.04395578865138805,0.03540451800238058,0.0012534798949808902,0.04944158820521866,0.04471921438424931,0.058250813770478964,0.23770391503999017,3,0.25,design,0.2,0.05220325474204765,0.04883167342980609,0.125,3
sam,erm,True,0.04395578865138805,0.03540451800238058,0.0012534798949808902,0.04944158820521866,0.04471921438424931,0.058250813770478964,0.23770391503999017,3,0.5,ratio,0.02,0.05638595959935689,0.04883167342980609,0.25,127
sam,erm,True,0.04395578865138805,0.03540451800238058,0.0012534798949808902,0.04944158820521866,0.04471921438424931,0.058250813770478964,0.23770391503999017,3,0.5,ratio,0.05,0.05638595959935689,0.04883167342980609,0.25,22
sam,erm,True,0.04395578865138805,0.03540451800238058,0.0012534798949808902,0.04944158820521866,0.04471921438424931,0.058250813770478964,0.23770391503999017,3,0.5,ratio,0.1,0.05638595959935689,0.04883167342980609,0.25,8
sam,erm,True,0.04395578865138805,0.03540451800238058,0.0012534798949808902,0.04944158820521866,0.04471921438424931,0.058250813770478964,0.23770391503999017,3,0.5,ratio,0.2,0.05638595959935689,0.04883167342980609,0.25,4
sam,erm,True,0.04395578865138805,0.03540451800238058,0.0012534798949808902,0.04944158820521866,0.04471921438424931,0.058250813770478964,0.23770391503999017,3,0.5,design,0.02,0.05638595959935689,0.04883167342980609,0.25,
sam,erm,True,0.04395578865138805,0.03540451800238058,0.0012534798949808902,0.04944158820521866,0.04471921438424931,0.058250813770478964,0.23770391503999017,3,0.5,design,0.05,0.05638595959935689,0.04883167342980609,0.25,
sam,erm,True,0.04395578865138805,0.03540451800238058,0.0012534798949808902,0.04944158820521866,0.04471921438424931,0.058250813770478964,0.23770391503999017,3,0.5,design,0.1,0.05638595959935689,0.04883167342980609,0.25,
sam,erm,True,0.04395578865138805,0.03540451800238058,0.0012534798949808902,0.04944158820521866,0.04471921438424931,0.058250813770478964,0.23770391503999017,3,0.5,design,0.2,0.05638595959935689,0.04883167342980609,0.25,3
sam,erm,True,0.04395578865138805,0.03540451800238058,0.0012534798949808902,0.04944158820521866,0.04471921438424931,0.058250813770478964,0.23770391503999017,5,0.0,none,0.02,0.04395578865138805,0.04395578865138805,0.0,40
sam,erm,True,0.04395578865138805,0.03540451800238058,0.0012534798949808902,0.04944158820521866,0.04471921438424931,0.058250813770478964,0.23770391503999017,5,0.0,none,0.05,0.04395578865138805,0.04395578865138805,0.0,9
sam,erm,True,0.04395578865138805,0.03540451800238058,0.0012534798949808902,0.04944158820521866,0.04471921438424931,0.058250813770478964,0.23770391503999017,5,0.0,none,0.1,0.04395578865138805,0.04395578865138805,0.0,4
sam,erm,True,0.04395578865138805,0.03540451800238058,0.0012534798949808902,0.04944158820521866,0.04471921438424931,0.058250813770478964,0.23770391503999017,5,0.0,none,0.2,0.04395578865138805,0.04395578865138805,0.0,3
sam,erm,True,0.04395578865138805,0.03540451800238058,0.0012534798949808902,0.04944158820521866,0.04471921438424931,0.058250813770478964,0.23770391503999017,5,0.25,ratio,0.02,0.04699071465684008,0.04395578865138805,0.125,67
sam,erm,True,0.04395578865138805,0.03540451800238058,0.0012534798949808902,0.04944158820521866,0.04471921438424931,0.058250813770478964,0.23770391503999017,5,0.25,ratio,0.05,0.04699071465684008,0.04395578865138805,0.125,13
sam,erm,True,0.04395578865138805,0.03540451800238058,0.0012534798949808902,0.04944158820521866,0.04471921438424931,0.058250813770478964,0.23770391503999017,5,0.25,ratio,0.1,0.04699071465684008,0.04395578865138805,0.125,5
sam,erm,True,0.04395578865138805,0.03540451800238058,0.0012534798949808902,0.04944158820521866,0.04471921438424931,0.058250813770478964,0.23770391503999017,5,0.25,ratio,0.2,0.04699071465684008,0.04395578865138805,0.125,3
sam,erm,True,0.04395578865138805,0.03540451800238058,0.0012534798949808902,0.04944158820521866,0.04471921438424931,0.058250813770478964,0.23770391503999017,5,0.25,design,0.02,0.04699071465684008,0.04395578865138805,0.125,
sam,erm,True,0.04395578865138805,0.03540451800238058,0.0012534798949808902,0.04944158820521866,0.04471921438424931,0.058250813770478964,0.23770391503999017,5,0.25,design,0.05,0.04699071465684008,0.04395578865138805,0.125,
sam,erm,True,0.04395578865138805,0.03540451800238058,0.0012534798949808902,0.04944158820521866,0.04471921438424931,0.058250813770478964,0.23770391503999017,5,0.25,design,0.1,0.04699071465684008,0.04395578865138805,0.125,5
sam,erm,True,0.04395578865138805,0.03540451800238058,0.0012534798949808902,0.04944158820521866,0.04471921438424931,0.058250813770478964,0.23770391503999017,5,0.25,design,0.2,0.04699071465684008,0.04395578865138805,0.125,3
sam,erm,True,0.04395578865138805,0.03540451800238058,0.0012534798949808902,0.04944158820521866,0.04471921438424931,0.058250813770478964,0.23770391503999017,5,0.5,ratio,0.02,0.05075577282064238,0.04395578865138805,0.25,104
sam,erm,True,0.04395578865138805,0.03540451800238058,0.0012534798949808902,0.04944158820521866,0.04471921438424931,0.058250813770478964,0.23770391503999017,5,0.5,ratio,0.05,0.05075577282064238,0.04395578865138805,0.25,19
sam,erm,True,0.04395578865138805,0.03540451800238058,0.0012534798949808902,0.04944158820521866,0.04471921438424931,0.058250813770478964,0.23770391503999017,5,0.5,ratio,0.1,0.05075577282064238,0.04395578865138805,0.25,7
sam,erm,True,0.04395578865138805,0.03540451800238058,0.0012534798949808902,0.04944158820521866,0.04471921438424931,0.058250813770478964,0.23770391503999017,5,0.5,ratio,0.2,0.05075577282064238,0.04395578865138805,0.25,4
sam,erm,True,0.04395578865138805,0.03540451800238058,0.0012534798949808902,0.04944158820521866,0.04471921438424931,0.058250813770478964,0.23770391503999017,5,0.5,design,0.02,0.05075577282064238,0.04395578865138805,0.25,
sam,erm,True,0.04395578865138805,0.03540451800238058,0.0012534798949808902,0.04944158820521866,0.04471921438424931,0.058250813770478964,0.23770391503999017,5,0.5,design,0.05,0.05075577282064238,0.04395578865138805,0.25,
sam,erm,True,0.04395578865138805,0.03540451800238058,0.0012534798949808902,0.04944158820521866,0.04471921438424931,0.058250813770478964,0.23770391503999017,5,0.5,design,0.1,0.05075577282064238,0.04395578865138805,0.25,
sam,erm,True,0.04395578865138805,0.03540451800238058,0.0012534798949808902,0.04944158820521866,0.04471921438424931,0.058250813770478964,0.23770391503999017,5,0.5,design,0.2,0.05075577282064238,0.04395578865138805,0.25,3
sam,erm,True,0.04395578865138805,0.03540451800238058,0.0012534798949808902,0.04944158820521866,0.04471921438424931,0.058250813770478964,0.23770391503999017,10,0.0,none,0.02,0.03990984371647166,0.03990984371647166,0.0,34
sam,erm,True,0.04395578865138805,0.03540451800238058,0.0012534798949808902,0.04944158820521866,0.04471921438424931,0.058250813770478964,0.23770391503999017,10,0.0,none,0.05,0.03990984371647166,0.03990984371647166,0.0,8
sam,erm,True,0.04395578865138805,0.03540451800238058,0.0012534798949808902,0.04944158820521866,0.04471921438424931,0.058250813770478964,0.23770391503999017,10,0.0,none,0.1,0.03990984371647166,0.03990984371647166,0.0,4
sam,erm,True,0.04395578865138805,0.03540451800238058,0.0012534798949808902,0.04944158820521866,0.04471921438424931,0.058250813770478964,0.23770391503999017,10,0.0,none,0.2,0.03990984371647166,0.03990984371647166,0.0,3
sam,erm,True,0.04395578865138805,0.03540451800238058,0.0012534798949808902,0.04944158820521866,0.04471921438424931,0.058250813770478964,0.23770391503999017,10,0.25,ratio,0.02,0.04266541758477993,0.03990984371647166,0.125,56
sam,erm,True,0.04395578865138805,0.03540451800238058,0.0012534798949808902,0.04944158820521866,0.04471921438424931,0.058250813770478964,0.23770391503999017,10,0.25,ratio,0.05,0.04266541758477993,0.03990984371647166,0.125,11
sam,erm,True,0.04395578865138805,0.03540451800238058,0.0012534798949808902,0.04944158820521866,0.04471921438424931,0.058250813770478964,0.23770391503999017,10,0.25,ratio,0.1,0.04266541758477993,0.03990984371647166,0.125,5
sam,erm,True,0.04395578865138805,0.03540451800238058,0.0012534798949808902,0.04944158820521866,0.04471921438424931,0.058250813770478964,0.23770391503999017,10,0.25,ratio,0.2,0.04266541758477993,0.03990984371647166,0.125,3
sam,erm,True,0.04395578865138805,0.03540451800238058,0.0012534798949808902,0.04944158820521866,0.04471921438424931,0.058250813770478964,0.23770391503999017,10,0.25,design,0.02,0.04266541758477993,0.03990984371647166,0.125,
sam,erm,True,0.04395578865138805,0.03540451800238058,0.0012534798949808902,0.04944158820521866,0.04471921438424931,0.058250813770478964,0.23770391503999017,10,0.25,design,0.05,0.04266541758477993,0.03990984371647166,0.125,
sam,erm,True,0.04395578865138805,0.03540451800238058,0.0012534798949808902,0.04944158820521866,0.04471921438424931,0.058250813770478964,0.23770391503999017,10,0.25,design,0.1,0.04266541758477993,0.03990984371647166,0.125,5
sam,erm,True,0.04395578865138805,0.03540451800238058,0.0012534798949808902,0.04944158820521866,0.04471921438424931,0.058250813770478964,0.23770391503999017,10,0.25,design,0.2,0.04266541758477993,0.03990984371647166,0.125,3
sam,erm,True,0.04395578865138805,0.03540451800238058,0.0012534798949808902,0.04944158820521866,0.04471921438424931,0.058250813770478964,0.23770391503999017,10,0.5,ratio,0.02,0.046083918026041615,0.03990984371647166,0.25,86
sam,erm,True,0.04395578865138805,0.03540451800238058,0.0012534798949808902,0.04944158820521866,0.04471921438424931,0.058250813770478964,0.23770391503999017,10,0.5,ratio,0.05,0.046083918026041615,0.03990984371647166,0.25,16
sam,erm,True,0.04395578865138805,0.03540451800238058,0.0012534798949808902,0.04944158820521866,0.04471921438424931,0.058250813770478964,0.23770391503999017,10,0.5,ratio,0.1,0.046083918026041615,0.03990984371647166,0.25,6
sam,erm,True,0.04395578865138805,0.03540451800238058,0.0012534798949808902,0.04944158820521866,0.04471921438424931,0.058250813770478964,0.23770391503999017,10,0.5,ratio,0.2,0.046083918026041615,0.03990984371647166,0.25,4
sam,erm,True,0.04395578865138805,0.03540451800238058,0.0012534798949808902,0.04944158820521866,0.04471921438424931,0.058250813770478964,0.23770391503999017,10,0.5,design,0.02,0.046083918026041615,0.03990984371647166,0.25,
sam,erm,True,0.04395578865138805,0.03540451800238058,0.0012534798949808902,0.04944158820521866,0.04471921438424931,0.058250813770478964,0.23770391503999017,10,0.5,design,0.05,0.046083918026041615,0.03990984371647166,0.25,
sam,erm,True,0.04395578865138805,0.03540451800238058,0.0012534798949808902,0.04944158820521866,0.04471921438424931,0.058250813770478964,0.23770391503999017,10,0.5,design,0.1,0.046083918026041615,0.03990984371647166,0.25,8
sam,erm,True,0.04395578865138805,0.03540451800238058,0.0012534798949808902,0.04944158820521866,0.04471921438424931,0.058250813770478964,0.23770391503999017,10,0.5,design,0.2,0.046083918026041615,0.03990984371647166,0.25,3
simclr,erm,True,0.05943903699923202,0.052759822324086825,0.002783598851669211,0.03946676036558291,0.04471921438424931,0.06121275470548856,-0.05370434900663107,1,0.0,none,0.02,0.08081212898014457,0.08081212898014457,0.0,131
simclr,erm,True,0.05943903699923202,0.052759822324086825,0.002783598851669211,0.03946676036558291,0.04471921438424931,0.06121275470548856,-0.05370434900663107,1,0.0,none,0.05,0.08081212898014457,0.08081212898014457,0.0,23
simclr,erm,True,0.05943903699923202,0.052759822324086825,0.002783598851669211,0.03946676036558291,0.04471921438424931,0.06121275470548856,-0.05370434900663107,1,0.0,none,0.1,0.08081212898014457,0.08081212898014457,0.0,8
simclr,erm,True,0.05943903699923202,0.052759822324086825,0.002783598851669211,0.03946676036558291,0.04471921438424931,0.06121275470548856,-0.05370434900663107,1,0.0,none,0.2,0.08081212898014457,0.08081212898014457,0.0,4
simclr,erm,True,0.05943903699923202,0.052759822324086825,0.002783598851669211,0.03946676036558291,0.04471921438424931,0.06121275470548856,-0.05370434900663107,1,0.25,ratio,0.02,0.08639179981128184,0.08081212898014457,0.125,222
simclr,erm,True,0.05943903699923202,0.052759822324086825,0.002783598851669211,0.03946676036558291,0.04471921438424931,0.06121275470548856,-0.05370434900663107,1,0.25,ratio,0.05,0.08639179981128184,0.08081212898014457,0.125,38
simclr,erm,True,0.05943903699923202,0.052759822324086825,0.002783598851669211,0.03946676036558291,0.04471921438424931,0.06121275470548856,-0.05370434900663107,1,0.25,ratio,0.1,0.08639179981128184,0.08081212898014457,0.125,11
simclr,erm,True,0.05943903699923202,0.052759822324086825,0.002783598851669211,0.03946676036558291,0.04471921438424931,0.06121275470548856,-0.05370434900663107,1,0.25,ratio,0.2,0.08639179981128184,0.08081212898014457,0.125,5
simclr,erm,True,0.05943903699923202,0.052759822324086825,0.002783598851669211,0.03946676036558291,0.04471921438424931,0.06121275470548856,-0.05370434900663107,1,0.25,design,0.02,0.08639179981128184,0.08081212898014457,0.125,
simclr,erm,True,0.05943903699923202,0.052759822324086825,0.002783598851669211,0.03946676036558291,0.04471921438424931,0.06121275470548856,-0.05370434900663107,1,0.25,design,0.05,0.08639179981128184,0.08081212898014457,0.125,
simclr,erm,True,0.05943903699923202,0.052759822324086825,0.002783598851669211,0.03946676036558291,0.04471921438424931,0.06121275470548856,-0.05370434900663107,1,0.25,design,0.1,0.08639179981128184,0.08081212898014457,0.125,
simclr,erm,True,0.05943903699923202,0.052759822324086825,0.002783598851669211,0.03946676036558291,0.04471921438424931,0.06121275470548856,-0.05370434900663107,1,0.25,design,0.2,0.08639179981128184,0.08081212898014457,0.125,5
simclr,erm,True,0.05943903699923202,0.052759822324086825,0.002783598851669211,0.03946676036558291,0.04471921438424931,0.06121275470548856,-0.05370434900663107,1,0.5,ratio,0.02,0.09331380884094646,0.08081212898014457,0.25,344
simclr,erm,True,0.05943903699923202,0.052759822324086825,0.002783598851669211,0.03946676036558291,0.04471921438424931,0.06121275470548856,-0.05370434900663107,1,0.5,ratio,0.05,0.09331380884094646,0.08081212898014457,0.25,57
simclr,erm,True,0.05943903699923202,0.052759822324086825,0.002783598851669211,0.03946676036558291,0.04471921438424931,0.06121275470548856,-0.05370434900663107,1,0.5,ratio,0.1,0.09331380884094646,0.08081212898014457,0.25,16
simclr,erm,True,0.05943903699923202,0.052759822324086825,0.002783598851669211,0.03946676036558291,0.04471921438424931,0.06121275470548856,-0.05370434900663107,1,0.5,ratio,0.2,0.09331380884094646,0.08081212898014457,0.25,6
simclr,erm,True,0.05943903699923202,0.052759822324086825,0.002783598851669211,0.03946676036558291,0.04471921438424931,0.06121275470548856,-0.05370434900663107,1,0.5,design,0.02,0.09331380884094646,0.08081212898014457,0.25,
simclr,erm,True,0.05943903699923202,0.052759822324086825,0.002783598851669211,0.03946676036558291,0.04471921438424931,0.06121275470548856,-0.05370434900663107,1,0.5,design,0.05,0.09331380884094646,0.08081212898014457,0.25,
simclr,erm,True,0.05943903699923202,0.052759822324086825,0.002783598851669211,0.03946676036558291,0.04471921438424931,0.06121275470548856,-0.05370434900663107,1,0.5,design,0.1,0.09331380884094646,0.08081212898014457,0.25,
simclr,erm,True,0.05943903699923202,0.052759822324086825,0.002783598851669211,0.03946676036558291,0.04471921438424931,0.06121275470548856,-0.05370434900663107,1,0.5,design,0.2,0.09331380884094646,0.08081212898014457,0.25,9
simclr,erm,True,0.05943903699923202,0.052759822324086825,0.002783598851669211,0.03946676036558291,0.04471921438424931,0.06121275470548856,-0.05370434900663107,3,0.0,none,0.02,0.06350275031745198,0.06350275031745198,0.0,82
simclr,erm,True,0.05943903699923202,0.052759822324086825,0.002783598851669211,0.03946676036558291,0.04471921438424931,0.06121275470548856,-0.05370434900663107,3,0.0,none,0.05,0.06350275031745198,0.06350275031745198,0.0,15
simclr,erm,True,0.05943903699923202,0.052759822324086825,0.002783598851669211,0.03946676036558291,0.04471921438424931,0.06121275470548856,-0.05370434900663107,3,0.0,none,0.1,0.06350275031745198,0.06350275031745198,0.0,6
simclr,erm,True,0.05943903699923202,0.052759822324086825,0.002783598851669211,0.03946676036558291,0.04471921438424931,0.06121275470548856,-0.05370434900663107,3,0.0,none,0.2,0.06350275031745198,0.06350275031745198,0.0,4
simclr,erm,True,0.05943903699923202,0.052759822324086825,0.002783598851669211,0.03946676036558291,0.04471921438424931,0.06121275470548856,-0.05370434900663107,3,0.25,ratio,0.02,0.06788729565878728,0.06350275031745198,0.125,138
simclr,erm,True,0.05943903699923202,0.052759822324086825,0.002783598851669211,0.03946676036558291,0.04471921438424931,0.06121275470548856,-0.05370434900663107,3,0.25,ratio,0.05,0.06788729565878728,0.06350275031745198,0.125,24
simclr,erm,True,0.05943903699923202,0.052759822324086825,0.002783598851669211,0.03946676036558291,0.04471921438424931,0.06121275470548856,-0.05370434900663107,3,0.25,ratio,0.1,0.06788729565878728,0.06350275031745198,0.125,8
simclr,erm,True,0.05943903699923202,0.052759822324086825,0.002783598851669211,0.03946676036558291,0.04471921438424931,0.06121275470548856,-0.05370434900663107,3,0.25,ratio,0.2,0.06788729565878728,0.06350275031745198,0.125,4
simclr,erm,True,0.05943903699923202,0.052759822324086825,0.002783598851669211,0.03946676036558291,0.04471921438424931,0.06121275470548856,-0.05370434900663107,3,0.25,design,0.02,0.06788729565878728,0.06350275031745198,0.125,
simclr,erm,True,0.05943903699923202,0.052759822324086825,0.002783598851669211,0.03946676036558291,0.04471921438424931,0.06121275470548856,-0.05370434900663107,3,0.25,design,0.05,0.06788729565878728,0.06350275031745198,0.125,
simclr,erm,True,0.05943903699923202,0.052759822324086825,0.002783598851669211,0.03946676036558291,0.04471921438424931,0.06121275470548856,-0.05370434900663107,3,0.25,design,0.1,0.06788729565878728,0.06350275031745198,0.125,31
simclr,erm,True,0.05943903699923202,0.052759822324086825,0.002783598851669211,0.03946676036558291,0.04471921438424931,0.06121275470548856,-0.05370434900663107,3,0.25,design,0.2,0.06788729565878728,0.06350275031745198,0.125,4
simclr,erm,True,0.05943903699923202,0.052759822324086825,0.002783598851669211,0.03946676036558291,0.04471921438424931,0.06121275470548856,-0.05370434900663107,3,0.5,ratio,0.02,0.07332665998012498,0.06350275031745198,0.25,213
simclr,erm,True,0.05943903699923202,0.052759822324086825,0.002783598851669211,0.03946676036558291,0.04471921438424931,0.06121275470548856,-0.05370434900663107,3,0.5,ratio,0.05,0.07332665998012498,0.06350275031745198,0.25,36
simclr,erm,True,0.05943903699923202,0.052759822324086825,0.002783598851669211,0.03946676036558291,0.04471921438424931,0.06121275470548856,-0.05370434900663107,3,0.5,ratio,0.1,0.07332665998012498,0.06350275031745198,0.25,11
simclr,erm,True,0.05943903699923202,0.052759822324086825,0.002783598851669211,0.03946676036558291,0.04471921438424931,0.06121275470548856,-0.05370434900663107,3,0.5,ratio,0.2,0.07332665998012498,0.06350275031745198,0.25,5
simclr,erm,True,0.05943903699923202,0.052759822324086825,0.002783598851669211,0.03946676036558291,0.04471921438424931,0.06121275470548856,-0.05370434900663107,3,0.5,design,0.02,0.07332665998012498,0.06350275031745198,0.25,
simclr,erm,True,0.05943903699923202,0.052759822324086825,0.002783598851669211,0.03946676036558291,0.04471921438424931,0.06121275470548856,-0.05370434900663107,3,0.5,design,0.05,0.07332665998012498,0.06350275031745198,0.25,
simclr,erm,True,0.05943903699923202,0.052759822324086825,0.002783598851669211,0.03946676036558291,0.04471921438424931,0.06121275470548856,-0.05370434900663107,3,0.5,design,0.1,0.07332665998012498,0.06350275031745198,0.25,
simclr,erm,True,0.05943903699923202,0.052759822324086825,0.002783598851669211,0.03946676036558291,0.04471921438424931,0.06121275470548856,-0.05370434900663107,3,0.5,design,0.2,0.07332665998012498,0.06350275031745198,0.25,4
simclr,erm,True,0.05943903699923202,0.052759822324086825,0.002783598851669211,0.03946676036558291,0.04471921438424931,0.06121275470548856,-0.05370434900663107,5,0.0,none,0.02,0.05943903699923202,0.05943903699923202,0.0,72
simclr,erm,True,0.05943903699923202,0.052759822324086825,0.002783598851669211,0.03946676036558291,0.04471921438424931,0.06121275470548856,-0.05370434900663107,5,0.0,none,0.05,0.05943903699923202,0.05943903699923202,0.0,14
simclr,erm,True,0.05943903699923202,0.052759822324086825,0.002783598851669211,0.03946676036558291,0.04471921438424931,0.06121275470548856,-0.05370434900663107,5,0.0,none,0.1,0.05943903699923202,0.05943903699923202,0.0,5
simclr,erm,True,0.05943903699923202,0.052759822324086825,0.002783598851669211,0.03946676036558291,0.04471921438424931,0.06121275470548856,-0.05370434900663107,5,0.0,none,0.2,0.05943903699923202,0.05943903699923202,0.0,3
simclr,erm,True,0.05943903699923202,0.052759822324086825,0.002783598851669211,0.03946676036558291,0.04471921438424931,0.06121275470548856,-0.05370434900663107,5,0.25,ratio,0.02,0.06354300338597317,0.05943903699923202,0.125,121
simclr,erm,True,0.05943903699923202,0.052759822324086825,0.002783598851669211,0.03946676036558291,0.04471921438424931,0.06121275470548856,-0.05370434900663107,5,0.25,ratio,0.05,0.06354300338597317,0.05943903699923202,0.125,22
simclr,erm,True,0.05943903699923202,0.052759822324086825,0.002783598851669211,0.03946676036558291,0.04471921438424931,0.06121275470548856,-0.05370434900663107,5,0.25,ratio,0.1,0.06354300338597317,0.05943903699923202,0.125,7
simclr,erm,True,0.05943903699923202,0.052759822324086825,0.002783598851669211,0.03946676036558291,0.04471921438424931,0.06121275470548856,-0.05370434900663107,5,0.25,ratio,0.2,0.06354300338597317,0.05943903699923202,0.125,4
simclr,erm,True,0.05943903699923202,0.052759822324086825,0.002783598851669211,0.03946676036558291,0.04471921438424931,0.06121275470548856,-0.05370434900663107,5,0.25,design,0.02,0.06354300338597317,0.05943903699923202,0.125,
simclr,erm,True,0.05943903699923202,0.052759822324086825,0.002783598851669211,0.03946676036558291,0.04471921438424931,0.06121275470548856,-0.05370434900663107,5,0.25,design,0.05,0.06354300338597317,0.05943903699923202,0.125,
simclr,erm,True,0.05943903699923202,0.052759822324086825,0.002783598851669211,0.03946676036558291,0.04471921438424931,0.06121275470548856,-0.05370434900663107,5,0.25,design,0.1,0.06354300338597317,0.05943903699923202,0.125,14
simclr,erm,True,0.05943903699923202,0.052759822324086825,0.002783598851669211,0.03946676036558291,0.04471921438424931,0.06121275470548856,-0.05370434900663107,5,0.25,design,0.2,0.06354300338597317,0.05943903699923202,0.125,4
simclr,erm,True,0.05943903699923202,0.052759822324086825,0.002783598851669211,0.03946676036558291,0.04471921438424931,0.06121275470548856,-0.05370434900663107,5,0.5,ratio,0.02,0.06863428802375747,0.05943903699923202,0.25,187
simclr,erm,True,0.05943903699923202,0.052759822324086825,0.002783598851669211,0.03946676036558291,0.04471921438424931,0.06121275470548856,-0.05370434900663107,5,0.5,ratio,0.05,0.06863428802375747,0.05943903699923202,0.25,32
simclr,erm,True,0.05943903699923202,0.052759822324086825,0.002783598851669211,0.03946676036558291,0.04471921438424931,0.06121275470548856,-0.05370434900663107,5,0.5,ratio,0.1,0.06863428802375747,0.05943903699923202,0.25,10
simclr,erm,True,0.05943903699923202,0.052759822324086825,0.002783598851669211,0.03946676036558291,0.04471921438424931,0.06121275470548856,-0.05370434900663107,5,0.5,ratio,0.2,0.06863428802375747,0.05943903699923202,0.25,5
simclr,erm,True,0.05943903699923202,0.052759822324086825,0.002783598851669211,0.03946676036558291,0.04471921438424931,0.06121275470548856,-0.05370434900663107,5,0.5,design,0.02,0.06863428802375747,0.05943903699923202,0.25,
simclr,erm,True,0.05943903699923202,0.052759822324086825,0.002783598851669211,0.03946676036558291,0.04471921438424931,0.06121275470548856,-0.05370434900663107,5,0.5,design,0.05,0.06863428802375747,0.05943903699923202,0.25,
simclr,erm,True,0.05943903699923202,0.052759822324086825,0.002783598851669211,0.03946676036558291,0.04471921438424931,0.06121275470548856,-0.05370434900663107,5,0.5,design,0.1,0.06863428802375747,0.05943903699923202,0.25,
simclr,erm,True,0.05943903699923202,0.052759822324086825,0.002783598851669211,0.03946676036558291,0.04471921438424931,0.06121275470548856,-0.05370434900663107,5,0.5,design,0.2,0.06863428802375747,0.05943903699923202,0.25,4
simclr,erm,True,0.05943903699923202,0.052759822324086825,0.002783598851669211,0.03946676036558291,0.04471921438424931,0.06121275470548856,-0.05370434900663107,10,0.0,none,0.02,0.056198745408884726,0.056198745408884726,0.0,64
simclr,erm,True,0.05943903699923202,0.052759822324086825,0.002783598851669211,0.03946676036558291,0.04471921438424931,0.06121275470548856,-0.05370434900663107,10,0.0,none,0.05,0.056198745408884726,0.056198745408884726,0.0,12
simclr,erm,True,0.05943903699923202,0.052759822324086825,0.002783598851669211,0.03946676036558291,0.04471921438424931,0.06121275470548856,-0.05370434900663107,10,0.0,none,0.1,0.056198745408884726,0.056198745408884726,0.0,5
simclr,erm,True,0.05943903699923202,0.052759822324086825,0.002783598851669211,0.03946676036558291,0.04471921438424931,0.06121275470548856,-0.05370434900663107,10,0.0,none,0.2,0.056198745408884726,0.056198745408884726,0.0,3
simclr,erm,True,0.05943903699923202,0.052759822324086825,0.002783598851669211,0.03946676036558291,0.04471921438424931,0.06121275470548856,-0.05370434900663107,10,0.25,ratio,0.02,0.06007898596759476,0.056198745408884726,0.125,109
simclr,erm,True,0.05943903699923202,0.052759822324086825,0.002783598851669211,0.03946676036558291,0.04471921438424931,0.06121275470548856,-0.05370434900663107,10,0.25,ratio,0.05,0.06007898596759476,0.056198745408884726,0.125,20
simclr,erm,True,0.05943903699923202,0.052759822324086825,0.002783598851669211,0.03946676036558291,0.04471921438424931,0.06121275470548856,-0.05370434900663107,10,0.25,ratio,0.1,0.06007898596759476,0.056198745408884726,0.125,7
simclr,erm,True,0.05943903699923202,0.052759822324086825,0.002783598851669211,0.03946676036558291,0.04471921438424931,0.06121275470548856,-0.05370434900663107,10,0.25,ratio,0.2,0.06007898596759476,0.056198745408884726,0.125,4
simclr,erm,True,0.05943903699923202,0.052759822324086825,0.002783598851669211,0.03946676036558291,0.04471921438424931,0.06121275470548856,-0.05370434900663107,10,0.25,design,0.02,0.06007898596759476,0.056198745408884726,0.125,
simclr,erm,True,0.05943903699923202,0.052759822324086825,0.002783598851669211,0.03946676036558291,0.04471921438424931,0.06121275470548856,-0.05370434900663107,10,0.25,design,0.05,0.06007898596759476,0.056198745408884726,0.125,
simclr,erm,True,0.05943903699923202,0.052759822324086825,0.002783598851669211,0.03946676036558291,0.04471921438424931,0.06121275470548856,-0.05370434900663107,10,0.25,design,0.1,0.06007898596759476,0.056198745408884726,0.125,10
simclr,erm,True,0.05943903699923202,0.052759822324086825,0.002783598851669211,0.03946676036558291,0.04471921438424931,0.06121275470548856,-0.05370434900663107,10,0.25,design,0.2,0.06007898596759476,0.056198745408884726,0.125,3
simclr,erm,True,0.05943903699923202,0.052759822324086825,0.002783598851669211,0.03946676036558291,0.04471921438424931,0.06121275470548856,-0.05370434900663107,10,0.5,ratio,0.02,0.06489272157987769,0.056198745408884726,0.25,168
simclr,erm,True,0.05943903699923202,0.052759822324086825,0.002783598851669211,0.03946676036558291,0.04471921438424931,0.06121275470548856,-0.05370434900663107,10,0.5,ratio,0.05,0.06489272157987769,0.056198745408884726,0.25,29
simclr,erm,True,0.05943903699923202,0.052759822324086825,0.002783598851669211,0.03946676036558291,0.04471921438424931,0.06121275470548856,-0.05370434900663107,10,0.5,ratio,0.1,0.06489272157987769,0.056198745408884726,0.25,9
simclr,erm,True,0.05943903699923202,0.052759822324086825,0.002783598851669211,0.03946676036558291,0.04471921438424931,0.06121275470548856,-0.05370434900663107,10,0.5,ratio,0.2,0.06489272157987769,0.056198745408884726,0.25,4
simclr,erm,True,0.05943903699923202,0.052759822324086825,0.002783598851669211,0.03946676036558291,0.04471921438424931,0.06121275470548856,-0.05370434900663107,10,0.5,design,0.02,0.06489272157987769,0.056198745408884726,0.25,
simclr,erm,True,0.05943903699923202,0.052759822324086825,0.002783598851669211,0.03946676036558291,0.04471921438424931,0.06121275470548856,-0.05370434900663107,10,0.5,design,0.05,0.06489272157987769,0.056198745408884726,0.25,
simclr,erm,True,0.05943903699923202,0.052759822324086825,0.002783598851669211,0.03946676036558291,0.04471921438424931,0.06121275470548856,-0.05370434900663107,10,0.5,design,0.1,0.06489272157987769,0.056198745408884726,0.25,
simclr,erm,True,0.05943903699923202,0.052759822324086825,0.002783598851669211,0.03946676036558291,0.04471921438424931,0.06121275470548856,-0.05370434900663107,10,0.5,design,0.2,0.06489272157987769,0.056198745408884726,0.25,4
simclr_sam,erm,True,0.06221721453989282,0.057089898499981286,0.003259256510738165,0.03507395196048976,0.04471921438424931,0.055304849442200134,0.054627383090289104,1,0.0,none,0.02,0.07948511107473266,0.07948511107473266,0.0,126
simclr_sam,erm,True,0.06221721453989282,0.057089898499981286,0.003259256510738165,0.03507395196048976,0.04471921438424931,0.055304849442200134,0.054627383090289104,1,0.0,none,0.05,0.07948511107473266,0.07948511107473266,0.0,22
simclr_sam,erm,True,0.06221721453989282,0.057089898499981286,0.003259256510738165,0.03507395196048976,0.04471921438424931,0.055304849442200134,0.054627383090289104,1,0.0,none,0.1,0.07948511107473266,0.07948511107473266,0.0,8
simclr_sam,erm,True,0.06221721453989282,0.057089898499981286,0.003259256510738165,0.03507395196048976,0.04471921438424931,0.055304849442200134,0.054627383090289104,1,0.0,none,0.2,0.07948511107473266,0.07948511107473266,0.0,4
simclr_sam,erm,True,0.06221721453989282,0.057089898499981286,0.003259256510738165,0.03507395196048976,0.04471921438424931,0.055304849442200134,0.054627383090289104,1,0.25,ratio,0.02,0.0849731579975202,0.07948511107473266,0.125,215
simclr_sam,erm,True,0.06221721453989282,0.057089898499981286,0.003259256510738165,0.03507395196048976,0.04471921438424931,0.055304849442200134,0.054627383090289104,1,0.25,ratio,0.05,0.0849731579975202,0.07948511107473266,0.125,36
simclr_sam,erm,True,0.06221721453989282,0.057089898499981286,0.003259256510738165,0.03507395196048976,0.04471921438424931,0.055304849442200134,0.054627383090289104,1,0.25,ratio,0.1,0.0849731579975202,0.07948511107473266,0.125,11
simclr_sam,erm,True,0.06221721453989282,0.057089898499981286,0.003259256510738165,0.03507395196048976,0.04471921438424931,0.055304849442200134,0.054627383090289104,1,0.25,ratio,0.2,0.0849731579975202,0.07948511107473266,0.125,5
simclr_sam,erm,True,0.06221721453989282,0.057089898499981286,0.003259256510738165,0.03507395196048976,0.04471921438424931,0.055304849442200134,0.054627383090289104,1,0.25,design,0.02,0.0849731579975202,0.07948511107473266,0.125,
simclr_sam,erm,True,0.06221721453989282,0.057089898499981286,0.003259256510738165,0.03507395196048976,0.04471921438424931,0.055304849442200134,0.054627383090289104,1,0.25,design,0.05,0.0849731579975202,0.07948511107473266,0.125,
simclr_sam,erm,True,0.06221721453989282,0.057089898499981286,0.003259256510738165,0.03507395196048976,0.04471921438424931,0.055304849442200134,0.054627383090289104,1,0.25,design,0.1,0.0849731579975202,0.07948511107473266,0.125,
simclr_sam,erm,True,0.06221721453989282,0.057089898499981286,0.003259256510738165,0.03507395196048976,0.04471921438424931,0.055304849442200134,0.054627383090289104,1,0.25,design,0.2,0.0849731579975202,0.07948511107473266,0.125,5
simclr_sam,erm,True,0.06221721453989282,0.057089898499981286,0.003259256510738165,0.03507395196048976,0.04471921438424931,0.055304849442200134,0.054627383090289104,1,0.5,ratio,0.02,0.09178150055112842,0.07948511107473266,0.25,333
simclr_sam,erm,True,0.06221721453989282,0.057089898499981286,0.003259256510738165,0.03507395196048976,0.04471921438424931,0.055304849442200134,0.054627383090289104,1,0.5,ratio,0.05,0.09178150055112842,0.07948511107473266,0.25,55
simclr_sam,erm,True,0.06221721453989282,0.057089898499981286,0.003259256510738165,0.03507395196048976,0.04471921438424931,0.055304849442200134,0.054627383090289104,1,0.5,ratio,0.1,0.09178150055112842,0.07948511107473266,0.25,16
simclr_sam,erm,True,0.06221721453989282,0.057089898499981286,0.003259256510738165,0.03507395196048976,0.04471921438424931,0.055304849442200134,0.054627383090289104,1,0.5,ratio,0.2,0.09178150055112842,0.07948511107473266,0.25,6
simclr_sam,erm,True,0.06221721453989282,0.057089898499981286,0.003259256510738165,0.03507395196048976,0.04471921438424931,0.055304849442200134,0.054627383090289104,1,0.5,design,0.02,0.09178150055112842,0.07948511107473266,0.25,
simclr_sam,erm,True,0.06221721453989282,0.057089898499981286,0.003259256510738165,0.03507395196048976,0.04471921438424931,0.055304849442200134,0.054627383090289104,1,0.5,design,0.05,0.09178150055112842,0.07948511107473266,0.25,
simclr_sam,erm,True,0.06221721453989282,0.057089898499981286,0.003259256510738165,0.03507395196048976,0.04471921438424931,0.055304849442200134,0.054627383090289104,1,0.5,design,0.1,0.09178150055112842,0.07948511107473266,0.25,
simclr_sam,erm,True,0.06221721453989282,0.057089898499981286,0.003259256510738165,0.03507395196048976,0.04471921438424931,0.055304849442200134,0.054627383090289104,1,0.5,design,0.2,0.09178150055112842,0.07948511107473266,0.25,8
simclr_sam,erm,True,0.06221721453989282,0.057089898499981286,0.003259256510738165,0.03507395196048976,0.04471921438424931,0.055304849442200134,0.054627383090289104,3,0.0,none,0.02,0.06541252658841148,0.06541252658841148,0.0,86
simclr_sam,erm,True,0.06221721453989282,0.057089898499981286,0.003259256510738165,0.03507395196048976,0.04471921438424931,0.055304849442200134,0.054627383090289104,3,0.0,none,0.05,0.06541252658841148,0.06541252658841148,0.0,16
simclr_sam,erm,True,0.06221721453989282,0.057089898499981286,0.003259256510738165,0.03507395196048976,0.04471921438424931,0.055304849442200134,0.054627383090289104,3,0.0,none,0.1,0.06541252658841148,0.06541252658841148,0.0,6
simclr_sam,erm,True,0.06221721453989282,0.057089898499981286,0.003259256510738165,0.03507395196048976,0.04471921438424931,0.055304849442200134,0.054627383090289104,3,0.0,none,0.2,0.06541252658841148,0.06541252658841148,0.0,4
simclr_sam,erm,True,0.06221721453989282,0.057089898499981286,0.003259256510738165,0.03507395196048976,0.04471921438424931,0.055304849442200134,0.054627383090289104,3,0.25,ratio,0.02,0.06992893237059333,0.06541252658841148,0.125,146
simclr_sam,erm,True,0.06221721453989282,0.057089898499981286,0.003259256510738165,0.03507395196048976,0.04471921438424931,0.055304849442200134,0.054627383090289104,3,0.25,ratio,0.05,0.06992893237059333,0.06541252658841148,0.125,26
simclr_sam,erm,True,0.06221721453989282,0.057089898499981286,0.003259256510738165,0.03507395196048976,0.04471921438424931,0.055304849442200134,0.054627383090289104,3,0.25,ratio,0.1,0.06992893237059333,0.06541252658841148,0.125,8
simclr_sam,erm,True,0.06221721453989282,0.057089898499981286,0.003259256510738165,0.03507395196048976,0.04471921438424931,0.055304849442200134,0.054627383090289104,3,0.25,ratio,0.2,0.06992893237059333,0.06541252658841148,0.125,4
simclr_sam,erm,True,0.06221721453989282,0.057089898499981286,0.003259256510738165,0.03507395196048976,0.04471921438424931,0.055304849442200134,0.054627383090289104,3,0.25,design,0.02,0.06992893237059333,0.06541252658841148,0.125,
simclr_sam,erm,True,0.06221721453989282,0.057089898499981286,0.003259256510738165,0.03507395196048976,0.04471921438424931,0.055304849442200134,0.054627383090289104,3,0.25,design,0.05,0.06992893237059333,0.06541252658841148,0.125,
simclr_sam,erm,True,0.06221721453989282,0.057089898499981286,0.003259256510738165,0.03507395196048976,0.04471921438424931,0.055304849442200134,0.054627383090289104,3,0.25,design,0.1,0.06992893237059333,0.06541252658841148,0.125,72
simclr_sam,erm,True,0.06221721453989282,0.057089898499981286,0.003259256510738165,0.03507395196048976,0.04471921438424931,0.055304849442200134,0.054627383090289104,3,0.25,design,0.2,0.06992893237059333,0.06541252658841148,0.125,4
simclr_sam,erm,True,0.06221721453989282,0.057089898499981286,0.003259256510738165,0.03507395196048976,0.04471921438424931,0.055304849442200134,0.054627383090289104,3,0.5,ratio,0.02,0.07553187966838586,0.06541252658841148,0.25,226
simclr_sam,erm,True,0.06221721453989282,0.057089898499981286,0.003259256510738165,0.03507395196048976,0.04471921438424931,0.055304849442200134,0.054627383090289104,3,0.5,ratio,0.05,0.07553187966838586,0.06541252658841148,0.25,38
simclr_sam,erm,True,0.06221721453989282,0.057089898499981286,0.003259256510738165,0.03507395196048976,0.04471921438424931,0.055304849442200134,0.054627383090289104,3,0.5,ratio,0.1,0.07553187966838586,0.06541252658841148,0.25,12
simclr_sam,erm,True,0.06221721453989282,0.057089898499981286,0.003259256510738165,0.03507395196048976,0.04471921438424931,0.055304849442200134,0.054627383090289104,3,0.5,ratio,0.2,0.07553187966838586,0.06541252658841148,0.25,5
simclr_sam,erm,True,0.06221721453989282,0.057089898499981286,0.003259256510738165,0.03507395196048976,0.04471921438424931,0.055304849442200134,0.054627383090289104,3,0.5,design,0.02,0.07553187966838586,0.06541252658841148,0.25,
simclr_sam,erm,True,0.06221721453989282,0.057089898499981286,0.003259256510738165,0.03507395196048976,0.04471921438424931,0.055304849442200134,0.054627383090289104,3,0.5,design,0.05,0.07553187966838586,0.06541252658841148,0.25,
simclr_sam,erm,True,0.06221721453989282,0.057089898499981286,0.003259256510738165,0.03507395196048976,0.04471921438424931,0.055304849442200134,0.054627383090289104,3,0.5,design,0.1,0.07553187966838586,0.06541252658841148,0.25,
simclr_sam,erm,True,0.06221721453989282,0.057089898499981286,0.003259256510738165,0.03507395196048976,0.04471921438424931,0.055304849442200134,0.054627383090289104,3,0.5,design,0.2,0.07553187966838586,0.06541252658841148,0.25,4
simclr_sam,erm,True,0.06221721453989282,0.057089898499981286,0.003259256510738165,0.03507395196048976,0.04471921438424931,0.055304849442200134,0.054627383090289104,5,0.0,none,0.02,0.06221721453989282,0.06221721453989282,0.0,78
simclr_sam,erm,True,0.06221721453989282,0.057089898499981286,0.003259256510738165,0.03507395196048976,0.04471921438424931,0.055304849442200134,0.054627383090289104,5,0.0,none,0.05,0.06221721453989282,0.06221721453989282,0.0,15
simclr_sam,erm,True,0.06221721453989282,0.057089898499981286,0.003259256510738165,0.03507395196048976,0.04471921438424931,0.055304849442200134,0.054627383090289104,5,0.0,none,0.1,0.06221721453989282,0.06221721453989282,0.0,6
simclr_sam,erm,True,0.06221721453989282,0.057089898499981286,0.003259256510738165,0.03507395196048976,0.04471921438424931,0.055304849442200134,0.054627383090289104,5,0.0,none,0.2,0.06221721453989282,0.06221721453989282,0.0,4
simclr_sam,erm,True,0.06221721453989282,0.057089898499981286,0.003259256510738165,0.03507395196048976,0.04471921438424931,0.055304849442200134,0.054627383090289104,5,0.25,ratio,0.02,0.06651300010505401,0.06221721453989282,0.125,133
simclr_sam,erm,True,0.06221721453989282,0.057089898499981286,0.003259256510738165,0.03507395196048976,0.04471921438424931,0.055304849442200134,0.054627383090289104,5,0.25,ratio,0.05,0.06651300010505401,0.06221721453989282,0.125,23
simclr_sam,erm,True,0.06221721453989282,0.057089898499981286,0.003259256510738165,0.03507395196048976,0.04471921438424931,0.055304849442200134,0.054627383090289104,5,0.25,ratio,0.1,0.06651300010505401,0.06221721453989282,0.125,8
simclr_sam,erm,True,0.06221721453989282,0.057089898499981286,0.003259256510738165,0.03507395196048976,0.04471921438424931,0.055304849442200134,0.054627383090289104,5,0.25,ratio,0.2,0.06651300010505401,0.06221721453989282,0.125,4
simclr_sam,erm,True,0.06221721453989282,0.057089898499981286,0.003259256510738165,0.03507395196048976,0.04471921438424931,0.055304849442200134,0.054627383090289104,5,0.25,design,0.02,0.06651300010505401,0.06221721453989282,0.125,
simclr_sam,erm,True,0.06221721453989282,0.057089898499981286,0.003259256510738165,0.03507395196048976,0.04471921438424931,0.055304849442200134,0.054627383090289104,5,0.25,design,0.05,0.06651300010505401,0.06221721453989282,0.125,
simclr_sam,erm,True,0.06221721453989282,0.057089898499981286,0.003259256510738165,0.03507395196048976,0.04471921438424931,0.055304849442200134,0.054627383090289104,5,0.25,design,0.1,0.06651300010505401,0.06221721453989282,0.125,22
simclr_sam,erm,True,0.06221721453989282,0.057089898499981286,0.003259256510738165,0.03507395196048976,0.04471921438424931,0.055304849442200134,0.054627383090289104,5,0.25,design,0.2,0.06651300010505401,0.06221721453989282,0.125,4
simclr_sam,erm,True,0.06221721453989282,0.057089898499981286,0.003259256510738165,0.03507395196048976,0.04471921438424931,0.055304849442200134,0.054627383090289104,5,0.5,ratio,0.02,0.07184225112567164,0.06221721453989282,0.25,205
simclr_sam,erm,True,0.06221721453989282,0.057089898499981286,0.003259256510738165,0.03507395196048976,0.04471921438424931,0.055304849442200134,0.054627383090289104,5,0.5,ratio,0.05,0.07184225112567164,0.06221721453989282,0.25,35
simclr_sam,erm,True,0.06221721453989282,0.057089898499981286,0.003259256510738165,0.03507395196048976,0.04471921438424931,0.055304849442200134,0.054627383090289104,5,0.5,ratio,0.1,0.07184225112567164,0.06221721453989282,0.25,11
simclr_sam,erm,True,0.06221721453989282,0.057089898499981286,0.003259256510738165,0.03507395196048976,0.04471921438424931,0.055304849442200134,0.054627383090289104,5,0.5,ratio,0.2,0.07184225112567164,0.06221721453989282,0.25,5
simclr_sam,erm,True,0.06221721453989282,0.057089898499981286,0.003259256510738165,0.03507395196048976,0.04471921438424931,0.055304849442200134,0.054627383090289104,5,0.5,design,0.02,0.07184225112567164,0.06221721453989282,0.25,
simclr_sam,erm,True,0.06221721453989282,0.057089898499981286,0.003259256510738165,0.03507395196048976,0.04471921438424931,0.055304849442200134,0.054627383090289104,5,0.5,design,0.05,0.07184225112567164,0.06221721453989282,0.25,
simclr_sam,erm,True,0.06221721453989282,0.057089898499981286,0.003259256510738165,0.03507395196048976,0.04471921438424931,0.055304849442200134,0.054627383090289104,5,0.5,design,0.1,0.07184225112567164,0.06221721453989282,0.25,
simclr_sam,erm,True,0.06221721453989282,0.057089898499981286,0.003259256510738165,0.03507395196048976,0.04471921438424931,0.055304849442200134,0.054627383090289104,5,0.5,design,0.2,0.07184225112567164,0.06221721453989282,0.25,4
simclr_sam,erm,True,0.06221721453989282,0.057089898499981286,0.003259256510738165,0.03507395196048976,0.04471921438424931,0.055304849442200134,0.054627383090289104,10,0.0,none,0.02,0.05970861870719007,0.05970861870719007,0.0,72
simclr_sam,erm,True,0.06221721453989282,0.057089898499981286,0.003259256510738165,0.03507395196048976,0.04471921438424931,0.055304849442200134,0.054627383090289104,10,0.0,none,0.05,0.05970861870719007,0.05970861870719007,0.0,14
simclr_sam,erm,True,0.06221721453989282,0.057089898499981286,0.003259256510738165,0.03507395196048976,0.04471921438424931,0.055304849442200134,0.054627383090289104,10,0.0,none,0.1,0.05970861870719007,0.05970861870719007,0.0,6
simclr_sam,erm,True,0.06221721453989282,0.057089898499981286,0.003259256510738165,0.03507395196048976,0.04471921438424931,0.055304849442200134,0.054627383090289104,10,0.0,none,0.2,0.05970861870719007,0.05970861870719007,0.0,3
simclr_sam,erm,True,0.06221721453989282,0.057089898499981286,0.003259256510738165,0.03507395196048976,0.04471921438424931,0.055304849442200134,0.054627383090289104,10,0.25,ratio,0.02,0.06383119835423613,0.05970861870719007,0.125,122
simclr_sam,erm,True,0.06221721453989282,0.057089898499981286,0.003259256510738165,0.03507395196048976,0.04471921438424931,0.055304849442200134,0.054627383090289104,10,0.25,ratio,0.05,0.06383119835423613,0.05970861870719007,0.125,22
simclr_sam,erm,True,0.06221721453989282,0.057089898499981286,0.003259256510738165,0.03507395196048976,0.04471921438424931,0.055304849442200134,0.054627383090289104,10,0.25,ratio,0.1,0.06383119835423613,0.05970861870719007,0.125,7
simclr_sam,erm,True,0.06221721453989282,0.057089898499981286,0.003259256510738165,0.03507395196048976,0.04471921438424931,0.055304849442200134,0.054627383090289104,10,0.25,ratio,0.2,0.06383119835423613,0.05970861870719007,0.125,4
simclr_sam,erm,True,0.06221721453989282,0.057089898499981286,0.003259256510738165,0.03507395196048976,0.04471921438424931,0.055304849442200134,0.054627383090289104,10,0.25,design,0.02,0.06383119835423613,0.05970861870719007,0.125,
simclr_sam,erm,True,0.06221721453989282,0.057089898499981286,0.003259256510738165,0.03507395196048976,0.04471921438424931,0.055304849442200134,0.054627383090289104,10,0.25,design,0.05,0.06383119835423613,0.05970861870719007,0.125,
simclr_sam,erm,True,0.06221721453989282,0.057089898499981286,0.003259256510738165,0.03507395196048976,0.04471921438424931,0.055304849442200134,0.054627383090289104,10,0.25,design,0.1,0.06383119835423613,0.05970861870719007,0.125,15
simclr_sam,erm,True,0.06221721453989282,0.057089898499981286,0.003259256510738165,0.03507395196048976,0.04471921438424931,0.055304849442200134,0.054627383090289104,10,0.25,design,0.2,0.06383119835423613,0.05970861870719007,0.125,4
simclr_sam,erm,True,0.06221721453989282,0.057089898499981286,0.003259256510738165,0.03507395196048976,0.04471921438424931,0.055304849442200134,0.054627383090289104,10,0.5,ratio,0.02,0.06894557416707382,0.05970861870719007,0.25,189
simclr_sam,erm,True,0.06221721453989282,0.057089898499981286,0.003259256510738165,0.03507395196048976,0.04471921438424931,0.055304849442200134,0.054627383090289104,10,0.5,ratio,0.05,0.06894557416707382,0.05970861870719007,0.25,32
simclr_sam,erm,True,0.06221721453989282,0.057089898499981286,0.003259256510738165,0.03507395196048976,0.04471921438424931,0.055304849442200134,0.054627383090289104,10,0.5,ratio,0.1,0.06894557416707382,0.05970861870719007,0.25,10
simclr_sam,erm,True,0.06221721453989282,0.057089898499981286,0.003259256510738165,0.03507395196048976,0.04471921438424931,0.055304849442200134,0.054627383090289104,10,0.5,ratio,0.2,0.06894557416707382,0.05970861870719007,0.25,5
simclr_sam,erm,True,0.06221721453989282,0.057089898499981286,0.003259256510738165,0.03507395196048976,0.04471921438424931,0.055304849442200134,0.054627383090289104,10,0.5,design,0.02,0.06894557416707382,0.05970861870719007,0.25,
simclr_sam,erm,True,0.06221721453989282,0.057089898499981286,0.003259256510738165,0.03507395196048976,0.04471921438424931,0.055304849442200134,0.054627383090289104,10,0.5,design,0.05,0.06894557416707382,0.05970861870719007,0.25,
simclr_sam,erm,True,0.06221721453989282,0.057089898499981286,0.003259256510738165,0.03507395196048976,0.04471921438424931,0.055304849442200134,0.054627383090289104,10,0.5,design,0.1,0.06894557416707382,0.05970861870719007,0.25,
simclr_sam,erm,True,0.06221721453989282,0.057089898499981286,0.003259256510738165,0.03507395196048976,0.04471921438424931,0.055304849442200134,0.054627383090289104,10,0.5,design,0.2,0.06894557416707382,0.05970861870719007,0.25,4
tia_style,erm,True,0.0612899372517839,0.05743331022659539,0.0032985851235843465,0.019249308969201493,0.04471921438424931,0.047847219602776374,0.047041294411477495,1,0.0,none,0.02,0.07475253539045117,0.07475253539045117,0.0,112
tia_style,erm,True,0.0612899372517839,0.05743331022659539,0.0032985851235843465,0.019249308969201493,0.04471921438424931,0.047847219602776374,0.047041294411477495,1,0.0,none,0.05,0.07475253539045117,0.07475253539045117,0.0,20
tia_style,erm,True,0.0612899372517839,0.05743331022659539,0.0032985851235843465,0.019249308969201493,0.04471921438424931,0.047847219602776374,0.047041294411477495,1,0.0,none,0.1,0.07475253539045117,0.07475253539045117,0.0,7
tia_style,erm,True,0.0612899372517839,0.05743331022659539,0.0032985851235843465,0.019249308969201493,0.04471921438424931,0.047847219602776374,0.047041294411477495,1,0.0,none,0.2,0.07475253539045117,0.07475253539045117,0.0,4
tia_style,erm,True,0.0612899372517839,0.05743331022659539,0.0032985851235843465,0.019249308969201493,0.04471921438424931,0.047847219602776374,0.047041294411477495,1,0.25,ratio,0.02,0.07991382177821774,0.07475253539045117,0.125,190
tia_style,erm,True,0.0612899372517839,0.05743331022659539,0.0032985851235843465,0.019249308969201493,0.04471921438424931,0.047847219602776374,0.047041294411477495,1,0.25,ratio,0.05,0.07991382177821774,0.07475253539045117,0.125,33
tia_style,erm,True,0.0612899372517839,0.05743331022659539,0.0032985851235843465,0.019249308969201493,0.04471921438424931,0.047847219602776374,0.047041294411477495,1,0.25,ratio,0.1,0.07991382177821774,0.07475253539045117,0.125,10
tia_style,erm,True,0.0612899372517839,0.05743331022659539,0.0032985851235843465,0.019249308969201493,0.04471921438424931,0.047847219602776374,0.047041294411477495,1,0.25,ratio,0.2,0.07991382177821774,0.07475253539045117,0.125,5
tia_style,erm,True,0.0612899372517839,0.05743331022659539,0.0032985851235843465,0.019249308969201493,0.04471921438424931,0.047847219602776374,0.047041294411477495,1,0.25,design,0.02,0.07991382177821774,0.07475253539045117,0.125,
tia_style,erm,True,0.0612899372517839,0.05743331022659539,0.0032985851235843465,0.019249308969201493,0.04471921438424931,0.047847219602776374,0.047041294411477495,1,0.25,design,0.05,0.07991382177821774,0.07475253539045117,0.125,
tia_style,erm,True,0.0612899372517839,0.05743331022659539,0.0032985851235843465,0.019249308969201493,0.04471921438424931,0.047847219602776374,0.047041294411477495,1,0.25,design,0.1,0.07991382177821774,0.07475253539045117,0.125,
tia_style,erm,True,0.0612899372517839,0.05743331022659539,0.0032985851235843465,0.019249308969201493,0.04471921438424931,0.047847219602776374,0.047041294411477495,1,0.25,design,0.2,0.07991382177821774,0.07475253539045117,0.125,4
tia_style,erm,True,0.0612899372517839,0.05743331022659539,0.0032985851235843465,0.019249308969201493,0.04471921438424931,0.047847219602776374,0.047041294411477495,1,0.5,ratio,0.02,0.08631679286056802,0.07475253539045117,0.25,295
tia_style,erm,True,0.0612899372517839,0.05743331022659539,0.0032985851235843465,0.019249308969201493,0.04471921438424931,0.047847219602776374,0.047041294411477495,1,0.5,ratio,0.05,0.08631679286056802,0.07475253539045117,0.25,49
tia_style,erm,True,0.0612899372517839,0.05743331022659539,0.0032985851235843465,0.019249308969201493,0.04471921438424931,0.047847219602776374,0.047041294411477495,1,0.5,ratio,0.1,0.08631679286056802,0.07475253539045117,0.25,14
tia_style,erm,True,0.0612899372517839,0.05743331022659539,0.0032985851235843465,0.019249308969201493,0.04471921438424931,0.047847219602776374,0.047041294411477495,1,0.5,ratio,0.2,0.08631679286056802,0.07475253539045117,0.25,6
tia_style,erm,True,0.0612899372517839,0.05743331022659539,0.0032985851235843465,0.019249308969201493,0.04471921438424931,0.047847219602776374,0.047041294411477495,1,0.5,design,0.02,0.08631679286056802,0.07475253539045117,0.25,
tia_style,erm,True,0.0612899372517839,0.05743331022659539,0.0032985851235843465,0.019249308969201493,0.04471921438424931,0.047847219602776374,0.047041294411477495,1,0.5,design,0.05,0.08631679286056802,0.07475253539045117,0.25,
tia_style,erm,True,0.0612899372517839,0.05743331022659539,0.0032985851235843465,0.019249308969201493,0.04471921438424931,0.047847219602776374,0.047041294411477495,1,0.5,design,0.1,0.08631679286056802,0.07475253539045117,0.25,
tia_style,erm,True,0.0612899372517839,0.05743331022659539,0.0032985851235843465,0.019249308969201493,0.04471921438424931,0.047847219602776374,0.047041294411477495,1,0.5,design,0.2,0.08631679286056802,0.07475253539045117,0.25,6
tia_style,erm,True,0.0612899372517839,0.05743331022659539,0.0032985851235843465,0.019249308969201493,0.04471921438424931,0.047847219602776374,0.047041294411477495,3,0.0,none,0.02,0.06373149873876953,0.06373149873876953,0.0,82
tia_style,erm,True,0.0612899372517839,0.05743331022659539,0.0032985851235843465,0.019249308969201493,0.04471921438424931,0.047847219602776374,0.047041294411477495,3,0.0,none,0.05,0.06373149873876953,0.06373149873876953,0.0,15
tia_style,erm,True,0.0612899372517839,0.05743331022659539,0.0032985851235843465,0.019249308969201493,0.04471921438424931,0.047847219602776374,0.047041294411477495,3,0.0,none,0.1,0.06373149873876953,0.06373149873876953,0.0,6
tia_style,erm,True,0.0612899372517839,0.05743331022659539,0.0032985851235843465,0.019249308969201493,0.04471921438424931,0.047847219602776374,0.047041294411477495,3,0.0,none,0.2,0.06373149873876953,0.06373149873876953,0.0,4
tia_style,erm,True,0.0612899372517839,0.05743331022659539,0.0032985851235843465,0.019249308969201493,0.04471921438424931,0.047847219602776374,0.047041294411477495,3,0.25,ratio,0.02,0.0681318380074546,0.06373149873876953,0.125,139
tia_style,erm,True,0.0612899372517839,0.05743331022659539,0.0032985851235843465,0.019249308969201493,0.04471921438424931,0.047847219602776374,0.047041294411477495,3,0.25,ratio,0.05,0.0681318380074546,0.06373149873876953,0.125,24
tia_style,erm,True,0.0612899372517839,0.05743331022659539,0.0032985851235843465,0.019249308969201493,0.04471921438424931,0.047847219602776374,0.047041294411477495,3,0.25,ratio,0.1,0.0681318380074546,0.06373149873876953,0.125,8
tia_style,erm,True,0.0612899372517839,0.05743331022659539,0.0032985851235843465,0.019249308969201493,0.04471921438424931,0.047847219602776374,0.047041294411477495,3,0.25,ratio,0.2,0.0681318380074546,0.06373149873876953,0.125,4
tia_style,erm,True,0.0612899372517839,0.05743331022659539,0.0032985851235843465,0.019249308969201493,0.04471921438424931,0.047847219602776374,0.047041294411477495,3,0.25,design,0.02,0.0681318380074546,0.06373149873876953,0.125,
tia_style,erm,True,0.0612899372517839,0.05743331022659539,0.0032985851235843465,0.019249308969201493,0.04471921438424931,0.047847219602776374,0.047041294411477495,3,0.25,design,0.05,0.0681318380074546,0.06373149873876953,0.125,
tia_style,erm,True,0.0612899372517839,0.05743331022659539,0.0032985851235843465,0.019249308969201493,0.04471921438424931,0.047847219602776374,0.047041294411477495,3,0.25,design,0.1,0.0681318380074546,0.06373149873876953,0.125,33
tia_style,erm,True,0.0612899372517839,0.05743331022659539,0.0032985851235843465,0.019249308969201493,0.04471921438424931,0.047847219602776374,0.047041294411477495,3,0.25,design,0.2,0.0681318380074546,0.06373149873876953,0.125,4
tia_style,erm,True,0.0612899372517839,0.05743331022659539,0.0032985851235843465,0.019249308969201493,0.04471921438424931,0.047847219602776374,0.047041294411477495,3,0.5,ratio,0.02,0.07359079590537376,0.06373149873876953,0.25,215
tia_style,erm,True,0.0612899372517839,0.05743331022659539,0.0032985851235843465,0.019249308969201493,0.04471921438424931,0.047847219602776374,0.047041294411477495,3,0.5,ratio,0.05,0.07359079590537376,0.06373149873876953,0.25,36
tia_style,erm,True,0.0612899372517839,0.05743331022659539,0.0032985851235843465,0.019249308969201493,0.04471921438424931,0.047847219602776374,0.047041294411477495,3,0.5,ratio,0.1,0.07359079590537376,0.06373149873876953,0.25,11
tia_style,erm,True,0.0612899372517839,0.05743331022659539,0.0032985851235843465,0.019249308969201493,0.04471921438424931,0.047847219602776374,0.047041294411477495,3,0.5,ratio,0.2,0.07359079590537376,0.06373149873876953,0.25,5
tia_style,erm,True,0.0612899372517839,0.05743331022659539,0.0032985851235843465,0.019249308969201493,0.04471921438424931,0.047847219602776374,0.047041294411477495,3,0.5,design,0.02,0.07359079590537376,0.06373149873876953,0.25,
tia_style,erm,True,0.0612899372517839,0.05743331022659539,0.0032985851235843465,0.019249308969201493,0.04471921438424931,0.047847219602776374,0.047041294411477495,3,0.5,design,0.05,0.07359079590537376,0.06373149873876953,0.25,
tia_style,erm,True,0.0612899372517839,0.05743331022659539,0.0032985851235843465,0.019249308969201493,0.04471921438424931,0.047847219602776374,0.047041294411477495,3,0.5,design,0.1,0.07359079590537376,0.06373149873876953,0.25,
tia_style,erm,True,0.0612899372517839,0.05743331022659539,0.0032985851235843465,0.019249308969201493,0.04471921438424931,0.047847219602776374,0.047041294411477495,3,0.5,design,0.2,0.07359079590537376,0.06373149873876953,0.25,4
tia_style,erm,True,0.0612899372517839,0.05743331022659539,0.0032985851235843465,0.019249308969201493,0.04471921438424931,0.047847219602776374,0.047041294411477495,5,0.0,none,0.02,0.0612899372517839,0.0612899372517839,0.0,76
tia_style,erm,True,0.0612899372517839,0.05743331022659539,0.0032985851235843465,0.019249308969201493,0.04471921438424931,0.047847219602776374,0.047041294411477495,5,0.0,none,0.05,0.0612899372517839,0.0612899372517839,0.0,14
tia_style,erm,True,0.0612899372517839,0.05743331022659539,0.0032985851235843465,0.019249308969201493,0.04471921438424931,0.047847219602776374,0.047041294411477495,5,0.0,none,0.1,0.0612899372517839,0.0612899372517839,0.0,6
tia_style,erm,True,0.0612899372517839,0.05743331022659539,0.0032985851235843465,0.019249308969201493,0.04471921438424931,0.047847219602776374,0.047041294411477495,5,0.0,none,0.2,0.0612899372517839,0.0612899372517839,0.0,4
tia_style,erm,True,0.0612899372517839,0.05743331022659539,0.0032985851235843465,0.019249308969201493,0.04471921438424931,0.047847219602776374,0.047041294411477495,5,0.25,ratio,0.02,0.06552169898658532,0.0612899372517839,0.125,129
tia_style,erm,True,0.0612899372517839,0.05743331022659539,0.0032985851235843465,0.019249308969201493,0.04471921438424931,0.047847219602776374,0.047041294411477495,5,0.25,ratio,0.05,0.06552169898658532,0.0612899372517839,0.125,23
tia_style,erm,True,0.0612899372517839,0.05743331022659539,0.0032985851235843465,0.019249308969201493,0.04471921438424931,0.047847219602776374,0.047041294411477495,5,0.25,ratio,0.1,0.06552169898658532,0.0612899372517839,0.125,8
tia_style,erm,True,0.0612899372517839,0.05743331022659539,0.0032985851235843465,0.019249308969201493,0.04471921438424931,0.047847219602776374,0.047041294411477495,5,0.25,ratio,0.2,0.06552169898658532,0.0612899372517839,0.125,4
tia_style,erm,True,0.0612899372517839,0.05743331022659539,0.0032985851235843465,0.019249308969201493,0.04471921438424931,0.047847219602776374,0.047041294411477495,5,0.25,design,0.02,0.06552169898658532,0.0612899372517839,0.125,
tia_style,erm,True,0.0612899372517839,0.05743331022659539,0.0032985851235843465,0.019249308969201493,0.04471921438424931,0.047847219602776374,0.047041294411477495,5,0.25,design,0.05,0.06552169898658532,0.0612899372517839,0.125,
tia_style,erm,True,0.0612899372517839,0.05743331022659539,0.0032985851235843465,0.019249308969201493,0.04471921438424931,0.047847219602776374,0.047041294411477495,5,0.25,design,0.1,0.06552169898658532,0.0612899372517839,0.125,19
tia_style,erm,True,0.0612899372517839,0.05743331022659539,0.0032985851235843465,0.019249308969201493,0.04471921438424931,0.047847219602776374,0.047041294411477495,5,0.25,design,0.2,0.06552169898658532,0.0612899372517839,0.125,4
tia_style,erm,True,0.0612899372517839,0.05743331022659539,0.0032985851235843465,0.019249308969201493,0.04471921438424931,0.047847219602776374,0.047041294411477495,5,0.5,ratio,0.02,0.07077152354186542,0.0612899372517839,0.25,199
tia_style,erm,True,0.0612899372517839,0.05743331022659539,0.0032985851235843465,0.019249308969201493,0.04471921438424931,0.047847219602776374,0.047041294411477495,5,0.5,ratio,0.05,0.07077152354186542,0.0612899372517839,0.25,34
tia_style,erm,True,0.0612899372517839,0.05743331022659539,0.0032985851235843465,0.019249308969201493,0.04471921438424931,0.047847219602776374,0.047041294411477495,5,0.5,ratio,0.1,0.07077152354186542,0.0612899372517839,0.25,10
tia_style,erm,True,0.0612899372517839,0.05743331022659539,0.0032985851235843465,0.019249308969201493,0.04471921438424931,0.047847219602776374,0.047041294411477495,5,0.5,ratio,0.2,0.07077152354186542,0.0612899372517839,0.25,5
tia_style,erm,True,0.0612899372517839,0.05743331022659539,0.0032985851235843465,0.019249308969201493,0.04471921438424931,0.047847219602776374,0.047041294411477495,5,0.5,design,0.02,0.07077152354186542,0.0612899372517839,0.25,
tia_style,erm,True,0.0612899372517839,0.05743331022659539,0.0032985851235843465,0.019249308969201493,0.04471921438424931,0.047847219602776374,0.047041294411477495,5,0.5,design,0.05,0.07077152354186542,0.0612899372517839,0.25,
tia_style,erm,True,0.0612899372517839,0.05743331022659539,0.0032985851235843465,0.019249308969201493,0.04471921438424931,0.047847219602776374,0.047041294411477495,5,0.5,design,0.1,0.07077152354186542,0.0612899372517839,0.25,
tia_style,erm,True,0.0612899372517839,0.05743331022659539,0.0032985851235843465,0.019249308969201493,0.04471921438424931,0.047847219602776374,0.047041294411477495,5,0.5,design,0.2,0.07077152354186542,0.0612899372517839,0.25,4
tia_style,erm,True,0.0612899372517839,0.05743331022659539,0.0032985851235843465,0.019249308969201493,0.04471921438424931,0.047847219602776374,0.047041294411477495,10,0.0,none,0.02,0.05939293532025486,0.05939293532025486,0.0,72
tia_style,erm,True,0.0612899372517839,0.05743331022659539,0.0032985851235843465,0.019249308969201493,0.04471921438424931,0.047847219602776374,0.047041294411477495,10,0.0,none,0.05,0.05939293532025486,0.05939293532025486,0.0,14
tia_style,erm,True,0.0612899372517839,0.05743331022659539,0.0032985851235843465,0.019249308969201493,0.04471921438424931,0.047847219602776374,0.047041294411477495,10,0.0,none,0.1,0.05939293532025486,0.05939293532025486,0.0,5
tia_style,erm,True,0.0612899372517839,0.05743331022659539,0.0032985851235843465,0.019249308969201493,0.04471921438424931,0.047847219602776374,0.047041294411477495,10,0.0,none,0.2,0.05939293532025486,0.05939293532025486,0.0,3
tia_style,erm,True,0.0612899372517839,0.05743331022659539,0.0032985851235843465,0.019249308969201493,0.04471921438424931,0.047847219602776374,0.047041294411477495,10,0.25,ratio,0.02,0.06349371861806244,0.05939293532025486,0.125,121
tia_style,erm,True,0.0612899372517839,0.05743331022659539,0.0032985851235843465,0.019249308969201493,0.04471921438424931,0.047847219602776374,0.047041294411477495,10,0.25,ratio,0.05,0.06349371861806244,0.05939293532025486,0.125,21
tia_style,erm,True,0.0612899372517839,0.05743331022659539,0.0032985851235843465,0.019249308969201493,0.04471921438424931,0.047847219602776374,0.047041294411477495,10,0.25,ratio,0.1,0.06349371861806244,0.05939293532025486,0.125,7
tia_style,erm,True,0.0612899372517839,0.05743331022659539,0.0032985851235843465,0.019249308969201493,0.04471921438424931,0.047847219602776374,0.047041294411477495,10,0.25,ratio,0.2,0.06349371861806244,0.05939293532025486,0.125,4
tia_style,erm,True,0.0612899372517839,0.05743331022659539,0.0032985851235843465,0.019249308969201493,0.04471921438424931,0.047847219602776374,0.047041294411477495,10,0.25,design,0.02,0.06349371861806244,0.05939293532025486,0.125,
tia_style,erm,True,0.0612899372517839,0.05743331022659539,0.0032985851235843465,0.019249308969201493,0.04471921438424931,0.047847219602776374,0.047041294411477495,10,0.25,design,0.05,0.06349371861806244,0.05939293532025486,0.125,
tia_style,erm,True,0.0612899372517839,0.05743331022659539,0.0032985851235843465,0.019249308969201493,0.04471921438424931,0.047847219602776374,0.047041294411477495,10,0.25,design,0.1,0.06349371861806244,0.05939293532025486,0.125,14
tia_style,erm,True,0.0612899372517839,0.05743331022659539,0.0032985851235843465,0.019249308969201493,0.04471921438424931,0.047847219602776374,0.047041294411477495,10,0.25,design,0.2,0.06349371861806244,0.05939293532025486,0.125,4
tia_style,erm,True,0.0612899372517839,0.05743331022659539,0.0032985851235843465,0.019249308969201493,0.04471921438424931,0.047847219602776374,0.047041294411477495,10,0.5,ratio,0.02,0.06858105439022236,0.05939293532025486,0.25,187
tia_style,erm,True,0.0612899372517839,0.05743331022659539,0.0032985851235843465,0.019249308969201493,0.04471921438424931,0.047847219602776374,0.047041294411477495,10,0.5,ratio,0.05,0.06858105439022236,0.05939293532025486,0.25,32
tia_style,erm,True,0.0612899372517839,0.05743331022659539,0.0032985851235843465,0.019249308969201493,0.04471921438424931,0.047847219602776374,0.047041294411477495,10,0.5,ratio,0.1,0.06858105439022236,0.05939293532025486,0.25,10
tia_style,erm,True,0.0612899372517839,0.05743331022659539,0.0032985851235843465,0.019249308969201493,0.04471921438424931,0.047847219602776374,0.047041294411477495,10,0.5,ratio,0.2,0.06858105439022236,0.05939293532025486,0.25,5
tia_style,erm,True,0.0612899372517839,0.05743331022659539,0.0032985851235843465,0.019249308969201493,0.04471921438424931,0.047847219602776374,0.047041294411477495,10,0.5,design,0.02,0.06858105439022236,0.05939293532025486,0.25,
tia_style,erm,True,0.0612899372517839,0.05743331022659539,0.0032985851235843465,0.019249308969201493,0.04471921438424931,0.047847219602776374,0.047041294411477495,10,0.5,design,0.05,0.06858105439022236,0.05939293532025486,0.25,
tia_style,erm,True,0.0612899372517839,0.05743331022659539,0.0032985851235843465,0.019249308969201493,0.04471921438424931,0.047847219602776374,0.047041294411477495,10,0.5,design,0.1,0.06858105439022236,0.05939293532025486,0.25,
tia_style,erm,True,0.0612899372517839,0.05743331022659539,0.0032985851235843465,0.019249308969201493,0.04471921438424931,0.047847219602776374,0.047041294411477495,10,0.5,design,0.2,0.06858105439022236,0.05939293532025486,0.25,4
