arm,ref,paired,sd_d_observed,sigma_dxa,sigma_dxa_raw2,sigma_run_arm,sigma_run_ref,sigma_run_diff,run_corr,seeds,rho,keff_mode,delta,sd_delta,sd_delta_uncorrected,rbar_obs,K_min
augonly,erm,True,0.12479580533594922,0.12334592089372218,0.015214216201120368,0.022317135717895554,0.040998826417591894,0.042413254315588955,0.20769616771892907,1,0.0,none,0.02,0.13043427595060736,0.13043427595060736,0.0,336
augonly,erm,True,0.12479580533594922,0.12334592089372218,0.015214216201120368,0.022317135717895554,0.040998826417591894,0.042413254315588955,0.20769616771892907,1,0.0,none,0.05,0.13043427595060736,0.13043427595060736,0.0,56
augonly,erm,True,0.12479580533594922,0.12334592089372218,0.015214216201120368,0.022317135717895554,0.040998826417591894,0.042413254315588955,0.20769616771892907,1,0.0,none,0.1,0.13043427595060736,0.13043427595060736,0.0,16
augonly,erm,True,0.12479580533594922,0.12334592089372218,0.015214216201120368,0.022317135717895554,0.040998826417591894,0.042413254315588955,0.20769616771892907,1,0.0,none,0.2,0.13043427595060736,0.13043427595060736,0.0,6
augonly,erm,True,0.12479580533594922,0.12334592089372218,0.015214216201120368,0.022317135717895554,0.040998826417591894,0.042413254315588955,0.20769616771892907,1,0.25,ratio,0.02,0.13944010631402876,0.13043427595060736,0.125,575
augonly,erm,True,0.12479580533594922,0.12334592089372218,0.015214216201120368,0.022317135717895554,0.040998826417591894,0.042413254315588955,0.20769616771892907,1,0.25,ratio,0.05,0.13944010631402876,0.13043427595060736,0.125,94
augonly,erm,True,0.12479580533594922,0.12334592089372218,0.015214216201120368,0.022317135717895554,0.040998826417591894,0.042413254315588955,0.20769616771892907,1,0.25,ratio,0.1,0.13944010631402876,0.13043427595060736,0.125,25
augonly,erm,True,0.12479580533594922,0.12334592089372218,0.015214216201120368,0.022317135717895554,0.040998826417591894,0.042413254315588955,0.20769616771892907,1,0.25,ratio,0.2,0.13944010631402876,0.13043427595060736,0.125,8
augonly,erm,True,0.12479580533594922,0.12334592089372218,0.015214216201120368,0.022317135717895554,0.040998826417591894,0.042413254315588955,0.20769616771892907,1,0.25,design,0.02,0.13944010631402876,0.13043427595060736,0.125,
augonly,erm,True,0.12479580533594922,0.12334592089372218,0.015214216201120368,0.022317135717895554,0.040998826417591894,0.042413254315588955,0.20769616771892907,1,0.25,design,0.05,0.13944010631402876,0.13043427595060736,0.125,
augonly,erm,True,0.12479580533594922,0.12334592089372218,0.015214216201120368,0.022317135717895554,0.040998826417591894,0.042413254315588955,0.20769616771892907,1,0.25,design,0.1,0.13944010631402876,0.13043427595060736,0.125,
augonly,erm,True,0.12479580533594922,0.12334592089372218,0.015214216201120368,0.022317135717895554,0.040998826417591894,0.042413254315588955,0.20769616771892907,1,0.25,design,0.2,0.13944010631402876,0.13043427595060736,0.125,63
augonly,erm,True,0.12479580533594922,0.12334592089372218,0.015214216201120368,0.022317135717895554,0.040998826417591894,0.042413254315588955,0.20769616771892907,1,0.5,ratio,0.02,0.15061252866327418,0.13043427595060736,0.25,893
augonly,erm,True,0.12479580533594922,0.12334592089372218,0.015214216201120368,0.022317135717895554,0.040998826417591894,0.042413254315588955,0.20769616771892907,1,0.5,ratio,0.05,0.15061252866327418,0.13043427595060736,0.25,145
augonly,erm,True,0.12479580533594922,0.12334592089372218,0.015214216201120368,0.022317135717895554,0.040998826417591894,0.042413254315588955,0.20769616771892907,1,0.5,ratio,0.1,0.15061252866327418,0.13043427595060736,0.25,38
augonly,erm,True,0.12479580533594922,0.12334592089372218,0.015214216201120368,0.022317135717895554,0.040998826417591894,0.042413254315588955,0.20769616771892907,1,0.5,ratio,0.2,0.15061252866327418,0.13043427595060736,0.25,11
augonly,erm,True,0.12479580533594922,0.12334592089372218,0.015214216201120368,0.022317135717895554,0.040998826417591894,0.042413254315588955,0.20769616771892907,1,0.5,design,0.02,0.15061252866327418,0.13043427595060736,0.25,
augonly,erm,True,0.12479580533594922,0.12334592089372218,0.015214216201120368,0.022317135717895554,0.040998826417591894,0.042413254315588955,0.20769616771892907,1,0.5,design,0.05,0.15061252866327418,0.13043427595060736,0.25,
augonly,erm,True,0.12479580533594922,0.12334592089372218,0.015214216201120368,0.022317135717895554,0.040998826417591894,0.042413254315588955,0.20769616771892907,1,0.5,design,0.1,0.15061252866327418,0.13043427595060736,0.25,
augonly,erm,True,0.12479580533594922,0.12334592089372218,0.015214216201120368,0.022317135717895554,0.040998826417591894,0.042413254315588955,0.20769616771892907,1,0.5,design,0.2,0.15061252866327418,0.13043427595060736,0.25,
augonly,erm,True,0.12479580533594922,0.12334592089372218,0.015214216201120368,0.022317135717895554,0.040998826417591894,0.042413254315588955,0.20769616771892907,3,0.0,none,0.02,0.12575310830485786,0.12575310830485786,0.0,313
augonly,erm,True,0.12479580533594922,0.12334592089372218,0.015214216201120368,0.022317135717895554,0.040998826417591894,0.042413254315588955,0.20769616771892907,3,0.0,none,0.05,0.12575310830485786,0.12575310830485786,0.0,52
augonly,erm,True,0.12479580533594922,0.12334592089372218,0.015214216201120368,0.022317135717895554,0.040998826417591894,0.042413254315588955,0.20769616771892907,3,0.0,none,0.1,0.12575310830485786,0.12575310830485786,0.0,15
augonly,erm,True,0.12479580533594922,0.12334592089372218,0.015214216201120368,0.022317135717895554,0.040998826417591894,0.042413254315588955,0.20769616771892907,3,0.0,none,0.2,0.12575310830485786,0.12575310830485786,0.0,6
augonly,erm,True,0.12479580533594922,0.12334592089372218,0.015214216201120368,0.022317135717895554,0.040998826417591894,0.042413254315588955,0.20769616771892907,3,0.25,ratio,0.02,0.1344357275996157,0.12575310830485786,0.125,534
augonly,erm,True,0.12479580533594922,0.12334592089372218,0.015214216201120368,0.022317135717895554,0.040998826417591894,0.042413254315588955,0.20769616771892907,3,0.25,ratio,0.05,0.1344357275996157,0.12575310830485786,0.125,88
augonly,erm,True,0.12479580533594922,0.12334592089372218,0.015214216201120368,0.022317135717895554,0.040998826417591894,0.042413254315588955,0.20769616771892907,3,0.25,ratio,0.1,0.1344357275996157,0.12575310830485786,0.125,24
augonly,erm,True,0.12479580533594922,0.12334592089372218,0.015214216201120368,0.022317135717895554,0.040998826417591894,0.042413254315588955,0.20769616771892907,3,0.25,ratio,0.2,0.1344357275996157,0.12575310830485786,0.125,8
augonly,erm,True,0.12479580533594922,0.12334592089372218,0.015214216201120368,0.022317135717895554,0.040998826417591894,0.042413254315588955,0.20769616771892907,3,0.25,design,0.02,0.1344357275996157,0.12575310830485786,0.125,
augonly,erm,True,0.12479580533594922,0.12334592089372218,0.015214216201120368,0.022317135717895554,0.040998826417591894,0.042413254315588955,0.20769616771892907,3,0.25,design,0.05,0.1344357275996157,0.12575310830485786,0.125,
augonly,erm,True,0.12479580533594922,0.12334592089372218,0.015214216201120368,0.022317135717895554,0.040998826417591894,0.042413254315588955,0.20769616771892907,3,0.25,design,0.1,0.1344357275996157,0.12575310830485786,0.125,
augonly,erm,True,0.12479580533594922,0.12334592089372218,0.015214216201120368,0.022317135717895554,0.040998826417591894,0.042413254315588955,0.20769616771892907,3,0.25,design,0.2,0.1344357275996157,0.12575310830485786,0.125,26
augonly,erm,True,0.12479580533594922,0.12334592089372218,0.015214216201120368,0.022317135717895554,0.040998826417591894,0.042413254315588955,0.20769616771892907,3,0.5,ratio,0.02,0.14520718186248371,0.12575310830485786,0.25,830
augonly,erm,True,0.12479580533594922,0.12334592089372218,0.015214216201120368,0.022317135717895554,0.040998826417591894,0.042413254315588955,0.20769616771892907,3,0.5,ratio,0.05,0.14520718186248371,0.12575310830485786,0.25,135
augonly,erm,True,0.12479580533594922,0.12334592089372218,0.015214216201120368,0.022317135717895554,0.040998826417591894,0.042413254315588955,0.20769616771892907,3,0.5,ratio,0.1,0.14520718186248371,0.12575310830485786,0.25,36
augonly,erm,True,0.12479580533594922,0.12334592089372218,0.015214216201120368,0.022317135717895554,0.040998826417591894,0.042413254315588955,0.20769616771892907,3,0.5,ratio,0.2,0.14520718186248371,0.12575310830485786,0.25,11
augonly,erm,True,0.12479580533594922,0.12334592089372218,0.015214216201120368,0.022317135717895554,0.040998826417591894,0.042413254315588955,0.20769616771892907,3,0.5,design,0.02,0.14520718186248371,0.12575310830485786,0.25,
augonly,erm,True,0.12479580533594922,0.12334592089372218,0.015214216201120368,0.022317135717895554,0.040998826417591894,0.042413254315588955,0.20769616771892907,3,0.5,design,0.05,0.14520718186248371,0.12575310830485786,0.25,
augonly,erm,True,0.12479580533594922,0.12334592089372218,0.015214216201120368,0.022317135717895554,0.040998826417591894,0.042413254315588955,0.20769616771892907,3,0.5,design,0.1,0.14520718186248371,0.12575310830485786,0.25,
augonly,erm,True,0.12479580533594922,0.12334592089372218,0.015214216201120368,0.022317135717895554,0.040998826417591894,0.042413254315588955,0.20769616771892907,3,0.5,design,0.2,0.14520718186248371,0.12575310830485786,0.25,
augonly,erm,True,0.12479580533594922,0.12334592089372218,0.015214216201120368,0.022317135717895554,0.040998826417591894,0.042413254315588955,0.20769616771892907,5,0.0,none,0.02,0.12479580533594922,0.12479580533594922,0.0,308
augonly,erm,True,0.12479580533594922,0.12334592089372218,0.015214216201120368,0.022317135717895554,0.040998826417591894,0.042413254315588955,0.20769616771892907,5,0.0,none,0.05,0.12479580533594922,0.12479580533594922,0.0,51
augonly,erm,True,0.12479580533594922,0.12334592089372218,0.015214216201120368,0.022317135717895554,0.040998826417591894,0.042413254315588955,0.20769616771892907,5,0.0,none,0.1,0.12479580533594922,0.12479580533594922,0.0,15
augonly,erm,True,0.12479580533594922,0.12334592089372218,0.015214216201120368,0.022317135717895554,0.040998826417591894,0.042413254315588955,0.20769616771892907,5,0.0,none,0.2,0.12479580533594922,0.12479580533594922,0.0,6
augonly,erm,True,0.12479580533594922,0.12334592089372218,0.015214216201120368,0.022317135717895554,0.040998826417591894,0.042413254315588955,0.20769616771892907,5,0.25,ratio,0.02,0.13341232767818778,0.12479580533594922,0.125,526
augonly,erm,True,0.12479580533594922,0.12334592089372218,0.015214216201120368,0.022317135717895554,0.040998826417591894,0.042413254315588955,0.20769616771892907,5,0.25,ratio,0.05,0.13341232767818778,0.12479580533594922,0.125,86
augonly,erm,True,0.12479580533594922,0.12334592089372218,0.015214216201120368,0.022317135717895554,0.040998826417591894,0.042413254315588955,0.20769616771892907,5,0.25,ratio,0.1,0.13341232767818778,0.12479580533594922,0.125,23
augonly,erm,True,0.12479580533594922,0.12334592089372218,0.015214216201120368,0.022317135717895554,0.040998826417591894,0.042413254315588955,0.20769616771892907,5,0.25,ratio,0.2,0.13341232767818778,0.12479580533594922,0.125,8
augonly,erm,True,0.12479580533594922,0.12334592089372218,0.015214216201120368,0.022317135717895554,0.040998826417591894,0.042413254315588955,0.20769616771892907,5,0.25,design,0.02,0.13341232767818778,0.12479580533594922,0.125,
augonly,erm,True,0.12479580533594922,0.12334592089372218,0.015214216201120368,0.022317135717895554,0.040998826417591894,0.042413254315588955,0.20769616771892907,5,0.25,design,0.05,0.13341232767818778,0.12479580533594922,0.125,
augonly,erm,True,0.12479580533594922,0.12334592089372218,0.015214216201120368,0.022317135717895554,0.040998826417591894,0.042413254315588955,0.20769616771892907,5,0.25,design,0.1,0.13341232767818778,0.12479580533594922,0.125,
augonly,erm,True,0.12479580533594922,0.12334592089372218,0.015214216201120368,0.022317135717895554,0.040998826417591894,0.042413254315588955,0.20769616771892907,5,0.25,design,0.2,0.13341232767818778,0.12479580533594922,0.125,23
augonly,erm,True,0.12479580533594922,0.12334592089372218,0.015214216201120368,0.022317135717895554,0.040998826417591894,0.042413254315588955,0.20769616771892907,5,0.5,ratio,0.02,0.14410178360889284,0.12479580533594922,0.25,817
augonly,erm,True,0.12479580533594922,0.12334592089372218,0.015214216201120368,0.022317135717895554,0.040998826417591894,0.042413254315588955,0.20769616771892907,5,0.5,ratio,0.05,0.14410178360889284,0.12479580533594922,0.25,133
augonly,erm,True,0.12479580533594922,0.12334592089372218,0.015214216201120368,0.022317135717895554,0.040998826417591894,0.042413254315588955,0.20769616771892907,5,0.5,ratio,0.1,0.14410178360889284,0.12479580533594922,0.25,35
augonly,erm,True,0.12479580533594922,0.12334592089372218,0.015214216201120368,0.022317135717895554,0.040998826417591894,0.042413254315588955,0.20769616771892907,5,0.5,ratio,0.2,0.14410178360889284,0.12479580533594922,0.25,11
augonly,erm,True,0.12479580533594922,0.12334592089372218,0.015214216201120368,0.022317135717895554,0.040998826417591894,0.042413254315588955,0.20769616771892907,5,0.5,design,0.02,0.14410178360889284,0.12479580533594922,0.25,
augonly,erm,True,0.12479580533594922,0.12334592089372218,0.015214216201120368,0.022317135717895554,0.040998826417591894,0.042413254315588955,0.20769616771892907,5,0.5,design,0.05,0.14410178360889284,0.12479580533594922,0.25,
augonly,erm,True,0.12479580533594922,0.12334592089372218,0.015214216201120368,0.022317135717895554,0.040998826417591894,0.042413254315588955,0.20769616771892907,5,0.5,design,0.1,0.14410178360889284,0.12479580533594922,0.25,
augonly,erm,True,0.12479580533594922,0.12334592089372218,0.015214216201120368,0.022317135717895554,0.040998826417591894,0.042413254315588955,0.20769616771892907,5,0.5,design,0.2,0.14410178360889284,0.12479580533594922,0.25,
augonly,erm,True,0.12479580533594922,0.12334592089372218,0.015214216201120368,0.022317135717895554,0.040998826417591894,0.042413254315588955,0.20769616771892907,10,0.0,none,0.02,0.12407298100426317,0.12407298100426317,0.0,304
augonly,erm,True,0.12479580533594922,0.12334592089372218,0.015214216201120368,0.022317135717895554,0.040998826417591894,0.042413254315588955,0.20769616771892907,10,0.0,none,0.05,0.12407298100426317,0.12407298100426317,0.0,51
augonly,erm,True,0.12479580533594922,0.12334592089372218,0.015214216201120368,0.022317135717895554,0.040998826417591894,0.042413254315588955,0.20769616771892907,10,0.0,none,0.1,0.12407298100426317,0.12407298100426317,0.0,15
augonly,erm,True,0.12479580533594922,0.12334592089372218,0.015214216201120368,0.022317135717895554,0.040998826417591894,0.042413254315588955,0.20769616771892907,10,0.0,none,0.2,0.12407298100426317,0.12407298100426317,0.0,6
augonly,erm,True,0.12479580533594922,0.12334592089372218,0.015214216201120368,0.022317135717895554,0.040998826417591894,0.042413254315588955,0.20769616771892907,10,0.25,ratio,0.02,0.13263959596390407,0.12407298100426317,0.125,520
augonly,erm,True,0.12479580533594922,0.12334592089372218,0.015214216201120368,0.022317135717895554,0.040998826417591894,0.042413254315588955,0.20769616771892907,10,0.25,ratio,0.05,0.13263959596390407,0.12407298100426317,0.125,85
augonly,erm,True,0.12479580533594922,0.12334592089372218,0.015214216201120368,0.022317135717895554,0.040998826417591894,0.042413254315588955,0.20769616771892907,10,0.25,ratio,0.1,0.13263959596390407,0.12407298100426317,0.125,23
augonly,erm,True,0.12479580533594922,0.12334592089372218,0.015214216201120368,0.022317135717895554,0.040998826417591894,0.042413254315588955,0.20769616771892907,10,0.25,ratio,0.2,0.13263959596390407,0.12407298100426317,0.125,8
augonly,erm,True,0.12479580533594922,0.12334592089372218,0.015214216201120368,0.022317135717895554,0.040998826417591894,0.042413254315588955,0.20769616771892907,10,0.25,design,0.02,0.13263959596390407,0.12407298100426317,0.125,
augonly,erm,True,0.12479580533594922,0.12334592089372218,0.015214216201120368,0.022317135717895554,0.040998826417591894,0.042413254315588955,0.20769616771892907,10,0.25,design,0.05,0.13263959596390407,0.12407298100426317,0.125,
augonly,erm,True,0.12479580533594922,0.12334592089372218,0.015214216201120368,0.022317135717895554,0.040998826417591894,0.042413254315588955,0.20769616771892907,10,0.25,design,0.1,0.13263959596390407,0.12407298100426317,0.125,
augonly,erm,True,0.12479580533594922,0.12334592089372218,0.015214216201120368,0.022317135717895554,0.040998826417591894,0.042413254315588955,0.20769616771892907,10,0.25,design,0.2,0.13263959596390407,0.12407298100426317,0.125,21
augonly,erm,True,0.12479580533594922,0.12334592089372218,0.015214216201120368,0.022317135717895554,0.040998826417591894,0.042413254315588955,0.20769616771892907,10,0.5,ratio,0.02,0.14326713796394133,0.12407298100426317,0.25,808
augonly,erm,True,0.12479580533594922,0.12334592089372218,0.015214216201120368,0.022317135717895554,0.040998826417591894,0.042413254315588955,0.20769616771892907,10,0.5,ratio,0.05,0.14326713796394133,0.12407298100426317,0.25,131
augonly,erm,True,0.12479580533594922,0.12334592089372218,0.015214216201120368,0.022317135717895554,0.040998826417591894,0.042413254315588955,0.20769616771892907,10,0.5,ratio,0.1,0.14326713796394133,0.12407298100426317,0.25,35
augonly,erm,True,0.12479580533594922,0.12334592089372218,0.015214216201120368,0.022317135717895554,0.040998826417591894,0.042413254315588955,0.20769616771892907,10,0.5,ratio,0.2,0.14326713796394133,0.12407298100426317,0.25,11
augonly,erm,True,0.12479580533594922,0.12334592089372218,0.015214216201120368,0.022317135717895554,0.040998826417591894,0.042413254315588955,0.20769616771892907,10,0.5,design,0.02,0.14326713796394133,0.12407298100426317,0.25,
augonly,erm,True,0.12479580533594922,0.12334592089372218,0.015214216201120368,0.022317135717895554,0.040998826417591894,0.042413254315588955,0.20769616771892907,10,0.5,design,0.05,0.14326713796394133,0.12407298100426317,0.25,
augonly,erm,True,0.12479580533594922,0.12334592089372218,0.015214216201120368,0.022317135717895554,0.040998826417591894,0.042413254315588955,0.20769616771892907,10,0.5,design,0.1,0.14326713796394133,0.12407298100426317,0.25,
augonly,erm,True,0.12479580533594922,0.12334592089372218,0.015214216201120368,0.022317135717895554,0.040998826417591894,0.042413254315588955,0.20769616771892907,10,0.5,design,0.2,0.14326713796394133,0.12407298100426317,0.25,
compute_matched,erm,True,0.060608263419840436,0.05839282048204537,0.0034097214838483773,0.03708841674533624,0.040998826417591894,0.036307031751465935,0.5715753482546319,1,0.0,none,0.02,0.06875988684145962,0.06875988684145962,0.0,95
compute_matched,erm,True,0.060608263419840436,0.05839282048204537,0.0034097214838483773,0.03708841674533624,0.040998826417591894,0.036307031751465935,0.5715753482546319,1,0.0,none,0.05,0.06875988684145962,0.06875988684145962,0.0,17
compute_matched,erm,True,0.060608263419840436,0.05839282048204537,0.0034097214838483773,0.03708841674533624,0.040998826417591894,0.036307031751465935,0.5715753482546319,1,0.0,none,0.1,0.06875988684145962,0.06875988684145962,0.0,6
compute_matched,erm,True,0.060608263419840436,0.05839282048204537,0.0034097214838483773,0.03708841674533624,0.040998826417591894,0.036307031751465935,0.5715753482546319,1,0.0,none,0.2,0.06875988684145962,0.06875988684145962,0.0,4
compute_matched,erm,True,0.060608263419840436,0.05839282048204537,0.0034097214838483773,0.03708841674533624,0.040998826417591894,0.036307031751465935,0.5715753482546319,1,0.25,ratio,0.02,0.07350741100402507,0.06875988684145962,0.125,161
compute_matched,erm,True,0.060608263419840436,0.05839282048204537,0.0034097214838483773,0.03708841674533624,0.040998826417591894,0.036307031751465935,0.5715753482546319,1,0.25,ratio,0.05,0.07350741100402507,0.06875988684145962,0.125,28
compute_matched,erm,True,0.060608263419840436,0.05839282048204537,0.0034097214838483773,0.03708841674533624,0.040998826417591894,0.036307031751465935,0.5715753482546319,1,0.25,ratio,0.1,0.07350741100402507,0.06875988684145962,0.125,9
compute_matched,erm,True,0.060608263419840436,0.05839282048204537,0.0034097214838483773,0.03708841674533624,0.040998826417591894,0.036307031751465935,0.5715753482546319,1,0.25,ratio,0.2,0.07350741100402507,0.06875988684145962,0.125,4
compute_matched,erm,True,0.060608263419840436,0.05839282048204537,0.0034097214838483773,0.03708841674533624,0.040998826417591894,0.036307031751465935,0.5715753482546319,1,0.25,design,0.02,0.07350741100402507,0.06875988684145962,0.125,
compute_matched,erm,True,0.060608263419840436,0.05839282048204537,0.0034097214838483773,0.03708841674533624,0.040998826417591894,0.036307031751465935,0.5715753482546319,1,0.25,design,0.05,0.07350741100402507,0.06875988684145962,0.125,
compute_matched,erm,True,0.060608263419840436,0.05839282048204537,0.0034097214838483773,0.03708841674533624,0.040998826417591894,0.036307031751465935,0.5715753482546319,1,0.25,design,0.1,0.07350741100402507,0.06875988684145962,0.125,
compute_matched,erm,True,0.060608263419840436,0.05839282048204537,0.0034097214838483773,0.03708841674533624,0.040998826417591894,0.036307031751465935,0.5715753482546319,1,0.25,design,0.2,0.07350741100402507,0.06875988684145962,0.125,4
compute_matched,erm,True,0.060608263419840436,0.05839282048204537,0.0034097214838483773,0.03708841674533624,0.040998826417591894,0.036307031751465935,0.5715753482546319,1,0.5,ratio,0.02,0.07939707835472984,0.06875988684145962,0.25,250
compute_matched,erm,True,0.060608263419840436,0.05839282048204537,0.0034097214838483773,0.03708841674533624,0.040998826417591894,0.036307031751465935,0.5715753482546319,1,0.5,ratio,0.05,0.07939707835472984,0.06875988684145962,0.25,42
compute_matched,erm,True,0.060608263419840436,0.05839282048204537,0.0034097214838483773,0.03708841674533624,0.040998826417591894,0.036307031751465935,0.5715753482546319,1,0.5,ratio,0.1,0.07939707835472984,0.06875988684145962,0.25,12
compute_matched,erm,True,0.060608263419840436,0.05839282048204537,0.0034097214838483773,0.03708841674533624,0.040998826417591894,0.036307031751465935,0.5715753482546319,1,0.5,ratio,0.2,0.07939707835472984,0.06875988684145962,0.25,5
compute_matched,erm,True,0.060608263419840436,0.05839282048204537,0.0034097214838483773,0.03708841674533624,0.040998826417591894,0.036307031751465935,0.5715753482546319,1,0.5,design,0.02,0.07939707835472984,0.06875988684145962,0.25,
compute_matched,erm,True,0.060608263419840436,0.05839282048204537,0.0034097214838483773,0.03708841674533624,0.040998826417591894,0.036307031751465935,0.5715753482546319,1,0.5,design,0.05,0.07939707835472984,0.06875988684145962,0.25,
compute_matched,erm,True,0.060608263419840436,0.05839282048204537,0.0034097214838483773,0.03708841674533624,0.040998826417591894,0.036307031751465935,0.5715753482546319,1,0.5,design,0.1,0.07939707835472984,0.06875988684145962,0.25,
compute_matched,erm,True,0.060608263419840436,0.05839282048204537,0.0034097214838483773,0.03708841674533624,0.040998826417591894,0.036307031751465935,0.5715753482546319,1,0.5,design,0.2,0.07939707835472984,0.06875988684145962,0.25,5
compute_matched,erm,True,0.060608263419840436,0.05839282048204537,0.0034097214838483773,0.03708841674533624,0.040998826417591894,0.036307031751465935,0.5715753482546319,3,0.0,none,0.02,0.062041290031040586,0.062041290031040586,0.0,78
compute_matched,erm,True,0.060608263419840436,0.05839282048204537,0.0034097214838483773,0.03708841674533624,0.040998826417591894,0.036307031751465935,0.5715753482546319,3,0.0,none,0.05,0.062041290031040586,0.062041290031040586,0.0,15
compute_matched,erm,True,0.060608263419840436,0.05839282048204537,0.0034097214838483773,0.03708841674533624,0.040998826417591894,0.036307031751465935,0.5715753482546319,3,0.0,none,0.1,0.062041290031040586,0.062041290031040586,0.0,6
compute_matched,erm,True,0.060608263419840436,0.05839282048204537,0.0034097214838483773,0.03708841674533624,0.040998826417591894,0.036307031751465935,0.5715753482546319,3,0.0,none,0.2,0.062041290031040586,0.062041290031040586,0.0,4
compute_matched,erm,True,0.060608263419840436,0.05839282048204537,0.0034097214838483773,0.03708841674533624,0.040998826417591894,0.036307031751465935,0.5715753482546319,3,0.25,ratio,0.02,0.06632492889417929,0.062041290031040586,0.125,132
compute_matched,erm,True,0.060608263419840436,0.05839282048204537,0.0034097214838483773,0.03708841674533624,0.040998826417591894,0.036307031751465935,0.5715753482546319,3,0.25,ratio,0.05,0.06632492889417929,0.062041290031040586,0.125,23
compute_matched,erm,True,0.060608263419840436,0.05839282048204537,0.0034097214838483773,0.03708841674533624,0.040998826417591894,0.036307031751465935,0.5715753482546319,3,0.25,ratio,0.1,0.06632492889417929,0.062041290031040586,0.125,8
compute_matched,erm,True,0.060608263419840436,0.05839282048204537,0.0034097214838483773,0.03708841674533624,0.040998826417591894,0.036307031751465935,0.5715753482546319,3,0.25,ratio,0.2,0.06632492889417929,0.062041290031040586,0.125,4
compute_matched,erm,True,0.060608263419840436,0.05839282048204537,0.0034097214838483773,0.03708841674533624,0.040998826417591894,0.036307031751465935,0.5715753482546319,3,0.25,design,0.02,0.06632492889417929,0.062041290031040586,0.125,
compute_matched,erm,True,0.060608263419840436,0.05839282048204537,0.0034097214838483773,0.03708841674533624,0.040998826417591894,0.036307031751465935,0.5715753482546319,3,0.25,design,0.05,0.06632492889417929,0.062041290031040586,0.125,
compute_matched,erm,True,0.060608263419840436,0.05839282048204537,0.0034097214838483773,0.03708841674533624,0.040998826417591894,0.036307031751465935,0.5715753482546319,3,0.25,design,0.1,0.06632492889417929,0.062041290031040586,0.125,21
compute_matched,erm,True,0.060608263419840436,0.05839282048204537,0.0034097214838483773,0.03708841674533624,0.040998826417591894,0.036307031751465935,0.5715753482546319,3,0.25,design,0.2,0.06632492889417929,0.062041290031040586,0.125,4
compute_matched,erm,True,0.060608263419840436,0.05839282048204537,0.0034097214838483773,0.03708841674533624,0.040998826417591894,0.036307031751465935,0.5715753482546319,3,0.5,ratio,0.02,0.07163911100058586,0.062041290031040586,0.25,204
compute_matched,erm,True,0.060608263419840436,0.05839282048204537,0.0034097214838483773,0.03708841674533624,0.040998826417591894,0.036307031751465935,0.5715753482546319,3,0.5,ratio,0.05,0.07163911100058586,0.062041290031040586,0.25,35
compute_matched,erm,True,0.060608263419840436,0.05839282048204537,0.0034097214838483773,0.03708841674533624,0.040998826417591894,0.036307031751465935,0.5715753482546319,3,0.5,ratio,0.1,0.07163911100058586,0.062041290031040586,0.25,11
compute_matched,erm,True,0.060608263419840436,0.05839282048204537,0.0034097214838483773,0.03708841674533624,0.040998826417591894,0.036307031751465935,0.5715753482546319,3,0.5,ratio,0.2,0.07163911100058586,0.062041290031040586,0.25,5
compute_matched,erm,True,0.060608263419840436,0.05839282048204537,0.0034097214838483773,0.03708841674533624,0.040998826417591894,0.036307031751465935,0.5715753482546319,3,0.5,design,0.02,0.07163911100058586,0.062041290031040586,0.25,
compute_matched,erm,True,0.060608263419840436,0.05839282048204537,0.0034097214838483773,0.03708841674533624,0.040998826417591894,0.036307031751465935,0.5715753482546319,3,0.5,design,0.05,0.07163911100058586,0.062041290031040586,0.25,
compute_matched,erm,True,0.060608263419840436,0.05839282048204537,0.0034097214838483773,0.03708841674533624,0.040998826417591894,0.036307031751465935,0.5715753482546319,3,0.5,design,0.1,0.07163911100058586,0.062041290031040586,0.25,
compute_matched,erm,True,0.060608263419840436,0.05839282048204537,0.0034097214838483773,0.03708841674533624,0.040998826417591894,0.036307031751465935,0.5715753482546319,3,0.5,design,0.2,0.07163911100058586,0.062041290031040586,0.25,4
compute_matched,erm,True,0.060608263419840436,0.05839282048204537,0.0034097214838483773,0.03708841674533624,0.040998826417591894,0.036307031751465935,0.5715753482546319,5,0.0,none,0.02,0.060608263419840436,0.060608263419840436,0.0,75
compute_matched,erm,True,0.060608263419840436,0.05839282048204537,0.0034097214838483773,0.03708841674533624,0.040998826417591894,0.036307031751465935,0.5715753482546319,5,0.0,none,0.05,0.060608263419840436,0.060608263419840436,0.0,14
compute_matched,erm,True,0.060608263419840436,0.05839282048204537,0.0034097214838483773,0.03708841674533624,0.040998826417591894,0.036307031751465935,0.5715753482546319,5,0.0,none,0.1,0.060608263419840436,0.060608263419840436,0.0,6
compute_matched,erm,True,0.060608263419840436,0.05839282048204537,0.0034097214838483773,0.03708841674533624,0.040998826417591894,0.036307031751465935,0.5715753482546319,5,0.0,none,0.2,0.060608263419840436,0.060608263419840436,0.0,3
compute_matched,erm,True,0.060608263419840436,0.05839282048204537,0.0034097214838483773,0.03708841674533624,0.040998826417591894,0.036307031751465935,0.5715753482546319,5,0.25,ratio,0.02,0.06479295900696766,0.060608263419840436,0.125,126
compute_matched,erm,True,0.060608263419840436,0.05839282048204537,0.0034097214838483773,0.03708841674533624,0.040998826417591894,0.036307031751465935,0.5715753482546319,5,0.25,ratio,0.05,0.06479295900696766,0.060608263419840436,0.125,22
compute_matched,erm,True,0.060608263419840436,0.05839282048204537,0.0034097214838483773,0.03708841674533624,0.040998826417591894,0.036307031751465935,0.5715753482546319,5,0.25,ratio,0.1,0.06479295900696766,0.060608263419840436,0.125,8
compute_matched,erm,True,0.060608263419840436,0.05839282048204537,0.0034097214838483773,0.03708841674533624,0.040998826417591894,0.036307031751465935,0.5715753482546319,5,0.25,ratio,0.2,0.06479295900696766,0.060608263419840436,0.125,4
compute_matched,erm,True,0.060608263419840436,0.05839282048204537,0.0034097214838483773,0.03708841674533624,0.040998826417591894,0.036307031751465935,0.5715753482546319,5,0.25,design,0.02,0.06479295900696766,0.060608263419840436,0.125,
compute_matched,erm,True,0.060608263419840436,0.05839282048204537,0.0034097214838483773,0.03708841674533624,0.040998826417591894,0.036307031751465935,0.5715753482546319,5,0.25,design,0.05,0.06479295900696766,0.060608263419840436,0.125,
compute_matched,erm,True,0.060608263419840436,0.05839282048204537,0.0034097214838483773,0.03708841674533624,0.040998826417591894,0.036307031751465935,0.5715753482546319,5,0.25,design,0.1,0.06479295900696766,0.060608263419840436,0.125,17
compute_matched,erm,True,0.060608263419840436,0.05839282048204537,0.0034097214838483773,0.03708841674533624,0.040998826417591894,0.036307031751465935,0.5715753482546319,5,0.25,design,0.2,0.06479295900696766,0.060608263419840436,0.125,4
compute_matched,erm,True,0.060608263419840436,0.05839282048204537,0.0034097214838483773,0.03708841674533624,0.040998826417591894,0.036307031751465935,0.5715753482546319,5,0.5,ratio,0.02,0.06998439440112125,0.060608263419840436,0.25,195
compute_matched,erm,True,0.060608263419840436,0.05839282048204537,0.0034097214838483773,0.03708841674533624,0.040998826417591894,0.036307031751465935,0.5715753482546319,5,0.5,ratio,0.05,0.06998439440112125,0.060608263419840436,0.25,33
compute_matched,erm,True,0.060608263419840436,0.05839282048204537,0.0034097214838483773,0.03708841674533624,0.040998826417591894,0.036307031751465935,0.5715753482546319,5,0.5,ratio,0.1,0.06998439440112125,0.060608263419840436,0.25,10
compute_matched,erm,True,0.060608263419840436,0.05839282048204537,0.0034097214838483773,0.03708841674533624,0.040998826417591894,0.036307031751465935,0.5715753482546319,5,0.5,ratio,0.2,0.06998439440112125,0.060608263419840436,0.25,5
compute_matched,erm,True,0.060608263419840436,0.05839282048204537,0.0034097214838483773,0.03708841674533624,0.040998826417591894,0.036307031751465935,0.5715753482546319,5,0.5,design,0.02,0.06998439440112125,0.060608263419840436,0.25,
compute_matched,erm,True,0.060608263419840436,0.05839282048204537,0.0034097214838483773,0.03708841674533624,0.040998826417591894,0.036307031751465935,0.5715753482546319,5,0.5,design,0.05,0.06998439440112125,0.060608263419840436,0.25,
compute_matched,erm,True,0.060608263419840436,0.05839282048204537,0.0034097214838483773,0.03708841674533624,0.040998826417591894,0.036307031751465935,0.5715753482546319,5,0.5,design,0.1,0.06998439440112125,0.060608263419840436,0.25,
compute_matched,erm,True,0.060608263419840436,0.05839282048204537,0.0034097214838483773,0.03708841674533624,0.040998826417591894,0.036307031751465935,0.5715753482546319,5,0.5,design,0.2,0.06998439440112125,0.060608263419840436,0.25,4
compute_matched,erm,True,0.060608263419840436,0.05839282048204537,0.0034097214838483773,0.03708841674533624,0.040998826417591894,0.036307031751465935,0.5715753482546319,10,0.0,none,0.02,0.059510852281819765,0.059510852281819765,0.0,72
compute_matched,erm,True,0.060608263419840436,0.05839282048204537,0.0034097214838483773,0.03708841674533624,0.040998826417591894,0.036307031751465935,0.5715753482546319,10,0.0,none,0.05,0.059510852281819765,0.059510852281819765,0.0,14
compute_matched,erm,True,0.060608263419840436,0.05839282048204537,0.0034097214838483773,0.03708841674533624,0.040998826417591894,0.036307031751465935,0.5715753482546319,10,0.0,none,0.1,0.059510852281819765,0.059510852281819765,0.0,6
compute_matched,erm,True,0.060608263419840436,0.05839282048204537,0.0034097214838483773,0.03708841674533624,0.040998826417591894,0.036307031751465935,0.5715753482546319,10,0.0,none,0.2,0.059510852281819765,0.059510852281819765,0.0,3
compute_matched,erm,True,0.060608263419840436,0.05839282048204537,0.0034097214838483773,0.03708841674533624,0.040998826417591894,0.036307031751465935,0.5715753482546319,10,0.25,ratio,0.02,0.06361977715242394,0.059510852281819765,0.125,122
compute_matched,erm,True,0.060608263419840436,0.05839282048204537,0.0034097214838483773,0.03708841674533624,0.040998826417591894,0.036307031751465935,0.5715753482546319,10,0.25,ratio,0.05,0.06361977715242394,0.059510852281819765,0.125,22
compute_matched,erm,True,0.060608263419840436,0.05839282048204537,0.0034097214838483773,0.03708841674533624,0.040998826417591894,0.036307031751465935,0.5715753482546319,10,0.25,ratio,0.1,0.06361977715242394,0.059510852281819765,0.125,7
compute_matched,erm,True,0.060608263419840436,0.05839282048204537,0.0034097214838483773,0.03708841674533624,0.040998826417591894,0.036307031751465935,0.5715753482546319,10,0.25,ratio,0.2,0.06361977715242394,0.059510852281819765,0.125,4
compute_matched,erm,True,0.060608263419840436,0.05839282048204537,0.0034097214838483773,0.03708841674533624,0.040998826417591894,0.036307031751465935,0.5715753482546319,10,0.25,design,0.02,0.06361977715242394,0.059510852281819765,0.125,
compute_matched,erm,True,0.060608263419840436,0.05839282048204537,0.0034097214838483773,0.03708841674533624,0.040998826417591894,0.036307031751465935,0.5715753482546319,10,0.25,design,0.05,0.06361977715242394,0.059510852281819765,0.125,
compute_matched,erm,True,0.060608263419840436,0.05839282048204537,0.0034097214838483773,0.03708841674533624,0.040998826417591894,0.036307031751465935,0.5715753482546319,10,0.25,design,0.1,0.06361977715242394,0.059510852281819765,0.125,14
compute_matched,erm,True,0.060608263419840436,0.05839282048204537,0.0034097214838483773,0.03708841674533624,0.040998826417591894,0.036307031751465935,0.5715753482546319,10,0.25,design,0.2,0.06361977715242394,0.059510852281819765,0.125,4
compute_matched,erm,True,0.060608263419840436,0.05839282048204537,0.0034097214838483773,0.03708841674533624,0.040998826417591894,0.036307031751465935,0.5715753482546319,10,0.5,ratio,0.02,0.0687172131692254,0.059510852281819765,0.25,188
compute_matched,erm,True,0.060608263419840436,0.05839282048204537,0.0034097214838483773,0.03708841674533624,0.040998826417591894,0.036307031751465935,0.5715753482546319,10,0.5,ratio,0.05,0.0687172131692254,0.059510852281819765,0.25,32
compute_matched,erm,True,0.060608263419840436,0.05839282048204537,0.0034097214838483773,0.03708841674533624,0.040998826417591894,0.036307031751465935,0.5715753482546319,10,0.5,ratio,0.1,0.0687172131692254,0.059510852281819765,0.25,10
compute_matched,erm,True,0.060608263419840436,0.05839282048204537,0.0034097214838483773,0.03708841674533624,0.040998826417591894,0.036307031751465935,0.5715753482546319,10,0.5,ratio,0.2,0.0687172131692254,0.059510852281819765,0.25,5
compute_matched,erm,True,0.060608263419840436,0.05839282048204537,0.0034097214838483773,0.03708841674533624,0.040998826417591894,0.036307031751465935,0.5715753482546319,10,0.5,design,0.02,0.0687172131692254,0.059510852281819765,0.25,
compute_matched,erm,True,0.060608263419840436,0.05839282048204537,0.0034097214838483773,0.03708841674533624,0.040998826417591894,0.036307031751465935,0.5715753482546319,10,0.5,design,0.05,0.0687172131692254,0.059510852281819765,0.25,
compute_matched,erm,True,0.060608263419840436,0.05839282048204537,0.0034097214838483773,0.03708841674533624,0.040998826417591894,0.036307031751465935,0.5715753482546319,10,0.5,design,0.1,0.0687172131692254,0.059510852281819765,0.25,
compute_matched,erm,True,0.060608263419840436,0.05839282048204537,0.0034097214838483773,0.03708841674533624,0.040998826417591894,0.036307031751465935,0.5715753482546319,10,0.5,design,0.2,0.0687172131692254,0.059510852281819765,0.25,4
coral,erm,True,0.029646158883079997,0.015702075582146334,0.00024655517758743616,0.04101663007373442,0.040998826417591894,0.0562289764682493,0.05993276537057529,1,0.0,none,0.02,0.05838024470875717,0.05838024470875717,0.0,69
coral,erm,True,0.029646158883079997,0.015702075582146334,0.00024655517758743616,0.04101663007373442,0.040998826417591894,0.0562289764682493,0.05993276537057529,1,0.0,none,0.05,0.05838024470875717,0.05838024470875717,0.0,13
coral,erm,True,0.029646158883079997,0.015702075582146334,0.00024655517758743616,0.04101663007373442,0.040998826417591894,0.0562289764682493,0.05993276537057529,1,0.0,none,0.1,0.05838024470875717,0.05838024470875717,0.0,5
coral,erm,True,0.029646158883079997,0.015702075582146334,0.00024655517758743616,0.04101663007373442,0.040998826417591894,0.0562289764682493,0.05993276537057529,1,0.0,none,0.2,0.05838024470875717,0.05838024470875717,0.0,3
coral,erm,True,0.029646158883079997,0.015702075582146334,0.00024655517758743616,0.04101663007373442,0.040998826417591894,0.0562289764682493,0.05993276537057529,1,0.25,ratio,0.02,0.06241110681605473,0.05838024470875717,0.125,117
coral,erm,True,0.029646158883079997,0.015702075582146334,0.00024655517758743616,0.04101663007373442,0.040998826417591894,0.0562289764682493,0.05993276537057529,1,0.25,ratio,0.05,0.06241110681605473,0.05838024470875717,0.125,21
coral,erm,True,0.029646158883079997,0.015702075582146334,0.00024655517758743616,0.04101663007373442,0.040998826417591894,0.0562289764682493,0.05993276537057529,1,0.25,ratio,0.1,0.06241110681605473,0.05838024470875717,0.125,7
coral,erm,True,0.029646158883079997,0.015702075582146334,0.00024655517758743616,0.04101663007373442,0.040998826417591894,0.0562289764682493,0.05993276537057529,1,0.25,ratio,0.2,0.06241110681605473,0.05838024470875717,0.125,4
coral,erm,True,0.029646158883079997,0.015702075582146334,0.00024655517758743616,0.04101663007373442,0.040998826417591894,0.0562289764682493,0.05993276537057529,1,0.25,design,0.02,0.06241110681605473,0.05838024470875717,0.125,
coral,erm,True,0.029646158883079997,0.015702075582146334,0.00024655517758743616,0.04101663007373442,0.040998826417591894,0.0562289764682493,0.05993276537057529,1,0.25,design,0.05,0.06241110681605473,0.05838024470875717,0.125,
coral,erm,True,0.029646158883079997,0.015702075582146334,0.00024655517758743616,0.04101663007373442,0.040998826417591894,0.0562289764682493,0.05993276537057529,1,0.25,design,0.1,0.06241110681605473,0.05838024470875717,0.125,12
coral,erm,True,0.029646158883079997,0.015702075582146334,0.00024655517758743616,0.04101663007373442,0.040998826417591894,0.0562289764682493,0.05993276537057529,1,0.25,design,0.2,0.06241110681605473,0.05838024470875717,0.125,4
coral,erm,True,0.029646158883079997,0.015702075582146334,0.00024655517758743616,0.04101663007373442,0.040998826417591894,0.0562289764682493,0.05993276537057529,1,0.5,ratio,0.02,0.06741169999591436,0.05838024470875717,0.25,181
coral,erm,True,0.029646158883079997,0.015702075582146334,0.00024655517758743616,0.04101663007373442,0.040998826417591894,0.0562289764682493,0.05993276537057529,1,0.5,ratio,0.05,0.06741169999591436,0.05838024470875717,0.25,31
coral,erm,True,0.029646158883079997,0.015702075582146334,0.00024655517758743616,0.04101663007373442,0.040998826417591894,0.0562289764682493,0.05993276537057529,1,0.5,ratio,0.1,0.06741169999591436,0.05838024470875717,0.25,10
coral,erm,True,0.029646158883079997,0.015702075582146334,0.00024655517758743616,0.04101663007373442,0.040998826417591894,0.0562289764682493,0.05993276537057529,1,0.5,ratio,0.2,0.06741169999591436,0.05838024470875717,0.25,5
coral,erm,True,0.029646158883079997,0.015702075582146334,0.00024655517758743616,0.04101663007373442,0.040998826417591894,0.0562289764682493,0.05993276537057529,1,0.5,design,0.02,0.06741169999591436,0.05838024470875717,0.25,
coral,erm,True,0.029646158883079997,0.015702075582146334,0.00024655517758743616,0.04101663007373442,0.040998826417591894,0.0562289764682493,0.05993276537057529,1,0.5,design,0.05,0.06741169999591436,0.05838024470875717,0.25,
coral,erm,True,0.029646158883079997,0.015702075582146334,0.00024655517758743616,0.04101663007373442,0.040998826417591894,0.0562289764682493,0.05993276537057529,1,0.5,design,0.1,0.06741169999591436,0.05838024470875717,0.25,
coral,erm,True,0.029646158883079997,0.015702075582146334,0.00024655517758743616,0.04101663007373442,0.040998826417591894,0.0562289764682493,0.05993276537057529,1,0.5,design,0.2,0.06741169999591436,0.05838024470875717,0.25,4
coral,erm,True,0.029646158883079997,0.015702075582146334,0.00024655517758743616,0.04101663007373442,0.040998826417591894,0.0562289764682493,0.05993276537057529,3,0.0,none,0.02,0.03606181418725927,0.03606181418725927,0.0,28
coral,erm,True,0.029646158883079997,0.015702075582146334,0.00024655517758743616,0.04101663007373442,0.040998826417591894,0.0562289764682493,0.05993276537057529,3,0.0,none,0.05,0.03606181418725927,0.03606181418725927,0.0,7
coral,erm,True,0.029646158883079997,0.015702075582146334,0.00024655517758743616,0.04101663007373442,0.040998826417591894,0.0562289764682493,0.05993276537057529,3,0.0,none,0.1,0.03606181418725927,0.03606181418725927,0.0,4
coral,erm,True,0.029646158883079997,0.015702075582146334,0.00024655517758743616,0.04101663007373442,0.040998826417591894,0.0562289764682493,0.05993276537057529,3,0.0,none,0.2,0.03606181418725927,0.03606181418725927,0.0,3
coral,erm,True,0.029646158883079997,0.015702075582146334,0.00024655517758743616,0.04101663007373442,0.040998826417591894,0.0562289764682493,0.05993276537057529,3,0.25,ratio,0.02,0.03855170098120799,0.03606181418725927,0.125,46
coral,erm,True,0.029646158883079997,0.015702075582146334,0.00024655517758743616,0.04101663007373442,0.040998826417591894,0.0562289764682493,0.05993276537057529,3,0.25,ratio,0.05,0.03855170098120799,0.03606181418725927,0.125,10
coral,erm,True,0.029646158883079997,0.015702075582146334,0.00024655517758743616,0.04101663007373442,0.040998826417591894,0.0562289764682493,0.05993276537057529,3,0.25,ratio,0.1,0.03855170098120799,0.03606181418725927,0.125,5
coral,erm,True,0.029646158883079997,0.015702075582146334,0.00024655517758743616,0.04101663007373442,0.040998826417591894,0.0562289764682493,0.05993276537057529,3,0.25,ratio,0.2,0.03855170098120799,0.03606181418725927,0.125,3
coral,erm,True,0.029646158883079997,0.015702075582146334,0.00024655517758743616,0.04101663007373442,0.040998826417591894,0.0562289764682493,0.05993276537057529,3,0.25,design,0.02,0.03855170098120799,0.03606181418725927,0.125,
coral,erm,True,0.029646158883079997,0.015702075582146334,0.00024655517758743616,0.04101663007373442,0.040998826417591894,0.0562289764682493,0.05993276537057529,3,0.25,design,0.05,0.03855170098120799,0.03606181418725927,0.125,
coral,erm,True,0.029646158883079997,0.015702075582146334,0.00024655517758743616,0.04101663007373442,0.040998826417591894,0.0562289764682493,0.05993276537057529,3,0.25,design,0.1,0.03855170098120799,0.03606181418725927,0.125,4
coral,erm,True,0.029646158883079997,0.015702075582146334,0.00024655517758743616,0.04101663007373442,0.040998826417591894,0.0562289764682493,0.05993276537057529,3,0.25,design,0.2,0.03855170098120799,0.03606181418725927,0.125,3
coral,erm,True,0.029646158883079997,0.015702075582146334,0.00024655517758743616,0.04101663007373442,0.040998826417591894,0.0562289764682493,0.05993276537057529,3,0.5,ratio,0.02,0.04164059625696081,0.03606181418725927,0.25,70
coral,erm,True,0.029646158883079997,0.015702075582146334,0.00024655517758743616,0.04101663007373442,0.040998826417591894,0.0562289764682493,0.05993276537057529,3,0.5,ratio,0.05,0.04164059625696081,0.03606181418725927,0.25,13
coral,erm,True,0.029646158883079997,0.015702075582146334,0.00024655517758743616,0.04101663007373442,0.040998826417591894,0.0562289764682493,0.05993276537057529,3,0.5,ratio,0.1,0.04164059625696081,0.03606181418725927,0.25,5
coral,erm,True,0.029646158883079997,0.015702075582146334,0.00024655517758743616,0.04101663007373442,0.040998826417591894,0.0562289764682493,0.05993276537057529,3,0.5,ratio,0.2,0.04164059625696081,0.03606181418725927,0.25,3
coral,erm,True,0.029646158883079997,0.015702075582146334,0.00024655517758743616,0.04101663007373442,0.040998826417591894,0.0562289764682493,0.05993276537057529,3,0.5,design,0.02,0.04164059625696081,0.03606181418725927,0.25,
coral,erm,True,0.029646158883079997,0.015702075582146334,0.00024655517758743616,0.04101663007373442,0.040998826417591894,0.0562289764682493,0.05993276537057529,3,0.5,design,0.05,0.04164059625696081,0.03606181418725927,0.25,
coral,erm,True,0.029646158883079997,0.015702075582146334,0.00024655517758743616,0.04101663007373442,0.040998826417591894,0.0562289764682493,0.05993276537057529,3,0.5,design,0.1,0.04164059625696081,0.03606181418725927,0.25,5
coral,erm,True,0.029646158883079997,0.015702075582146334,0.00024655517758743616,0.04101663007373442,0.040998826417591894,0.0562289764682493,0.05993276537057529,3,0.5,design,0.2,0.04164059625696081,0.03606181418725927,0.25,3
coral,erm,True,0.029646158883079997,0.015702075582146334,0.00024655517758743616,0.04101663007373442,0.040998826417591894,0.0562289764682493,0.05993276537057529,5,0.0,none,0.02,0.029646158883079997,0.029646158883079997,0.0,20
coral,erm,True,0.029646158883079997,0.015702075582146334,0.00024655517758743616,0.04101663007373442,0.040998826417591894,0.0562289764682493,0.05993276537057529,5,0.0,none,0.05,0.029646158883079997,0.029646158883079997,0.0,5
coral,erm,True,0.029646158883079997,0.015702075582146334,0.00024655517758743616,0.04101663007373442,0.040998826417591894,0.0562289764682493,0.05993276537057529,5,0.0,none,0.1,0.029646158883079997,0.029646158883079997,0.0,3
coral,erm,True,0.029646158883079997,0.015702075582146334,0.00024655517758743616,0.04101663007373442,0.040998826417591894,0.0562289764682493,0.05993276537057529,5,0.0,none,0.2,0.029646158883079997,0.029646158883079997,0.0,3
coral,erm,True,0.029646158883079997,0.015702075582146334,0.00024655517758743616,0.04101663007373442,0.040998826417591894,0.0562289764682493,0.05993276537057529,5,0.25,ratio,0.02,0.03169307696410005,0.029646158883079997,0.125,32
coral,erm,True,0.029646158883079997,0.015702075582146334,0.00024655517758743616,0.04101663007373442,0.040998826417591894,0.0562289764682493,0.05993276537057529,5,0.25,ratio,0.05,0.03169307696410005,0.029646158883079997,0.125,7
coral,erm,True,0.029646158883079997,0.015702075582146334,0.00024655517758743616,0.04101663007373442,0.040998826417591894,0.0562289764682493,0.05993276537057529,5,0.25,ratio,0.1,0.03169307696410005,0.029646158883079997,0.125,4
coral,erm,True,0.029646158883079997,0.015702075582146334,0.00024655517758743616,0.04101663007373442,0.040998826417591894,0.0562289764682493,0.05993276537057529,5,0.25,ratio,0.2,0.03169307696410005,0.029646158883079997,0.125,3
coral,erm,True,0.029646158883079997,0.015702075582146334,0.00024655517758743616,0.04101663007373442,0.040998826417591894,0.0562289764682493,0.05993276537057529,5,0.25,design,0.02,0.03169307696410005,0.029646158883079997,0.125,
coral,erm,True,0.029646158883079997,0.015702075582146334,0.00024655517758743616,0.04101663007373442,0.040998826417591894,0.0562289764682493,0.05993276537057529,5,0.25,design,0.05,0.03169307696410005,0.029646158883079997,0.125,14
coral,erm,True,0.029646158883079997,0.015702075582146334,0.00024655517758743616,0.04101663007373442,0.040998826417591894,0.0562289764682493,0.05993276537057529,5,0.25,design,0.1,0.03169307696410005,0.029646158883079997,0.125,4
coral,erm,True,0.029646158883079997,0.015702075582146334,0.00024655517758743616,0.04101663007373442,0.040998826417591894,0.0562289764682493,0.05993276537057529,5,0.25,design,0.2,0.03169307696410005,0.029646158883079997,0.125,3
coral,erm,True,0.029646158883079997,0.015702075582146334,0.00024655517758743616,0.04101663007373442,0.040998826417591894,0.0562289764682493,0.05993276537057529,5,0.5,ratio,0.02,0.034232435623169306,0.029646158883079997,0.25,48
coral,erm,True,0.029646158883079997,0.015702075582146334,0.00024655517758743616,0.04101663007373442,0.040998826417591894,0.0562289764682493,0.05993276537057529,5,0.5,ratio,0.05,0.034232435623169306,0.029646158883079997,0.25,10
coral,erm,True,0.029646158883079997,0.015702075582146334,0.00024655517758743616,0.04101663007373442,0.040998826417591894,0.0562289764682493,0.05993276537057529,5,0.5,ratio,0.1,0.034232435623169306,0.029646158883079997,0.25,5
coral,erm,True,0.029646158883079997,0.015702075582146334,0.00024655517758743616,0.04101663007373442,0.040998826417591894,0.0562289764682493,0.05993276537057529,5,0.5,ratio,0.2,0.034232435623169306,0.029646158883079997,0.25,3
coral,erm,True,0.029646158883079997,0.015702075582146334,0.00024655517758743616,0.04101663007373442,0.040998826417591894,0.0562289764682493,0.05993276537057529,5,0.5,design,0.02,0.034232435623169306,0.029646158883079997,0.25,
coral,erm,True,0.029646158883079997,0.015702075582146334,0.00024655517758743616,0.04101663007373442,0.040998826417591894,0.0562289764682493,0.05993276537057529,5,0.5,design,0.05,0.034232435623169306,0.029646158883079997,0.25,
coral,erm,True,0.029646158883079997,0.015702075582146334,0.00024655517758743616,0.04101663007373442,0.040998826417591894,0.0562289764682493,0.05993276537057529,5,0.5,design,0.1,0.034232435623169306,0.029646158883079997,0.25,4
coral,erm,True,0.029646158883079997,0.015702075582146334,0.00024655517758743616,0.04101663007373442,0.040998826417591894,0.0562289764682493,0.05993276537057529,5,0.5,design,0.2,0.034232435623169306,0.029646158883079997,0.25,3
coral,erm,True,0.029646158883079997,0.015702075582146334,0.00024655517758743616,0.04101663007373442,0.040998826417591894,0.0562289764682493,0.05993276537057529,10,0.0,none,0.02,0.02372182448830885,0.02372182448830885,0.0,14
coral,erm,True,0.029646158883079997,0.015702075582146334,0.00024655517758743616,0.04101663007373442,0.040998826417591894,0.0562289764682493,0.05993276537057529,10,0.0,none,0.05,0.02372182448830885,0.02372182448830885,0.0,5
coral,erm,True,0.029646158883079997,0.015702075582146334,0.00024655517758743616,0.04101663007373442,0.040998826417591894,0.0562289764682493,0.05993276537057529,10,0.0,none,0.1,0.02372182448830885,0.02372182448830885,0.0,3
coral,erm,True,0.029646158883079997,0.015702075582146334,0.00024655517758743616,0.04101663007373442,0.040998826417591894,0.0562289764682493,0.05993276537057529,10,0.0,none,0.2,0.02372182448830885,0.02372182448830885,0.0,3
coral,erm,True,0.029646158883079997,0.015702075582146334,0.00024655517758743616,0.04101663007373442,0.040998826417591894,0.0562289764682493,0.05993276537057529,10,0.25,ratio,0.02,0.025359697092695938,0.02372182448830885,0.125,21
coral,erm,True,0.029646158883079997,0.015702075582146334,0.00024655517758743616,0.04101663007373442,0.040998826417591894,0.0562289764682493,0.05993276537057529,10,0.25,ratio,0.05,0.025359697092695938,0.02372182448830885,0.125,6
coral,erm,True,0.029646158883079997,0.015702075582146334,0.00024655517758743616,0.04101663007373442,0.040998826417591894,0.0562289764682493,0.05993276537057529,10,0.25,ratio,0.1,0.025359697092695938,0.02372182448830885,0.125,4
coral,erm,True,0.029646158883079997,0.015702075582146334,0.00024655517758743616,0.04101663007373442,0.040998826417591894,0.0562289764682493,0.05993276537057529,10,0.25,ratio,0.2,0.025359697092695938,0.02372182448830885,0.125,3
coral,erm,True,0.029646158883079997,0.015702075582146334,0.00024655517758743616,0.04101663007373442,0.040998826417591894,0.0562289764682493,0.05993276537057529,10,0.25,design,0.02,0.025359697092695938,0.02372182448830885,0.125,
coral,erm,True,0.029646158883079997,0.015702075582146334,0.00024655517758743616,0.04101663007373442,0.040998826417591894,0.0562289764682493,0.05993276537057529,10,0.25,design,0.05,0.025359697092695938,0.02372182448830885,0.125,6
coral,erm,True,0.029646158883079997,0.015702075582146334,0.00024655517758743616,0.04101663007373442,0.040998826417591894,0.0562289764682493,0.05993276537057529,10,0.25,design,0.1,0.025359697092695938,0.02372182448830885,0.125,3
coral,erm,True,0.029646158883079997,0.015702075582146334,0.00024655517758743616,0.04101663007373442,0.040998826417591894,0.0562289764682493,0.05993276537057529,10,0.25,design,0.2,0.025359697092695938,0.02372182448830885,0.125,3
coral,erm,True,0.029646158883079997,0.015702075582146334,0.00024655517758743616,0.04101663007373442,0.040998826417591894,0.0562289764682493,0.05993276537057529,10,0.5,ratio,0.02,0.027391603507988343,0.02372182448830885,0.25,32
coral,erm,True,0.029646158883079997,0.015702075582146334,0.00024655517758743616,0.04101663007373442,0.040998826417591894,0.0562289764682493,0.05993276537057529,10,0.5,ratio,0.05,0.027391603507988343,0.02372182448830885,0.25,7
coral,erm,True,0.029646158883079997,0.015702075582146334,0.00024655517758743616,0.04101663007373442,0.040998826417591894,0.0562289764682493,0.05993276537057529,10,0.5,ratio,0.1,0.027391603507988343,0.02372182448830885,0.25,4
coral,erm,True,0.029646158883079997,0.015702075582146334,0.00024655517758743616,0.04101663007373442,0.040998826417591894,0.0562289764682493,0.05993276537057529,10,0.5,ratio,0.2,0.027391603507988343,0.02372182448830885,0.25,3
coral,erm,True,0.029646158883079997,0.015702075582146334,0.00024655517758743616,0.04101663007373442,0.040998826417591894,0.0562289764682493,0.05993276537057529,10,0.5,design,0.02,0.027391603507988343,0.02372182448830885,0.25,
coral,erm,True,0.029646158883079997,0.015702075582146334,0.00024655517758743616,0.04101663007373442,0.040998826417591894,0.0562289764682493,0.05993276537057529,10,0.5,design,0.05,0.027391603507988343,0.02372182448830885,0.25,
coral,erm,True,0.029646158883079997,0.015702075582146334,0.00024655517758743616,0.04101663007373442,0.040998826417591894,0.0562289764682493,0.05993276537057529,10,0.5,design,0.1,0.027391603507988343,0.02372182448830885,0.25,3
coral,erm,True,0.029646158883079997,0.015702075582146334,0.00024655517758743616,0.04101663007373442,0.040998826417591894,0.0562289764682493,0.05993276537057529,10,0.5,design,0.2,0.027391603507988343,0.02372182448830885,0.25,3
fish,erm,True,0.1556172463750277,0.1538861760652888,0.02368095518399706,0.04202386105808979,0.040998826417591894,0.051757713693178505,0.22289013239310948,1,0.0,none,0.02,0.1623570636305735,0.1623570636305735,0.0,520
fish,erm,True,0.1556172463750277,0.1538861760652888,0.02368095518399706,0.04202386105808979,0.040998826417591894,0.051757713693178505,0.22289013239310948,1,0.0,none,0.05,0.1623570636305735,0.1623570636305735,0.0,85
fish,erm,True,0.1556172463750277,0.1538861760652888,0.02368095518399706,0.04202386105808979,0.040998826417591894,0.051757713693178505,0.22289013239310948,1,0.0,none,0.1,0.1623570636305735,0.1623570636305735,0.0,23
fish,erm,True,0.1556172463750277,0.1538861760652888,0.02368095518399706,0.04202386105808979,0.040998826417591894,0.051757713693178505,0.22289013239310948,1,0.0,none,0.2,0.1623570636305735,0.1623570636305735,0.0,8
fish,erm,True,0.1556172463750277,0.1538861760652888,0.02368095518399706,0.04202386105808979,0.040998826417591894,0.051757713693178505,0.22289013239310948,1,0.25,ratio,0.02,0.17356700183664633,0.1623570636305735,0.125,889
fish,erm,True,0.1556172463750277,0.1538861760652888,0.02368095518399706,0.04202386105808979,0.040998826417591894,0.051757713693178505,0.22289013239310948,1,0.25,ratio,0.05,0.17356700183664633,0.1623570636305735,0.125,144
fish,erm,True,0.1556172463750277,0.1538861760652888,0.02368095518399706,0.04202386105808979,0.040998826417591894,0.051757713693178505,0.22289013239310948,1,0.25,ratio,0.1,0.17356700183664633,0.1623570636305735,0.125,38
fish,erm,True,0.1556172463750277,0.1538861760652888,0.02368095518399706,0.04202386105808979,0.040998826417591894,0.051757713693178505,0.22289013239310948,1,0.25,ratio,0.2,0.17356700183664633,0.1623570636305735,0.125,11
fish,erm,True,0.1556172463750277,0.1538861760652888,0.02368095518399706,0.04202386105808979,0.040998826417591894,0.051757713693178505,0.22289013239310948,1,0.25,design,0.02,0.17356700183664633,0.1623570636305735,0.125,
fish,erm,True,0.1556172463750277,0.1538861760652888,0.02368095518399706,0.04202386105808979,0.040998826417591894,0.051757713693178505,0.22289013239310948,1,0.25,design,0.05,0.17356700183664633,0.1623570636305735,0.125,
fish,erm,True,0.1556172463750277,0.1538861760652888,0.02368095518399706,0.04202386105808979,0.040998826417591894,0.051757713693178505,0.22289013239310948,1,0.25,design,0.1,0.17356700183664633,0.1623570636305735,0.125,
fish,erm,True,0.1556172463750277,0.1538861760652888,0.02368095518399706,0.04202386105808979,0.040998826417591894,0.051757713693178505,0.22289013239310948,1,0.25,design,0.2,0.17356700183664633,0.1623570636305735,0.125,
fish,erm,True,0.1556172463750277,0.1538861760652888,0.02368095518399706,0.04202386105808979,0.040998826417591894,0.051757713693178505,0.22289013239310948,1,0.5,ratio,0.02,0.18747378878389764,0.1623570636305735,0.25,
fish,erm,True,0.1556172463750277,0.1538861760652888,0.02368095518399706,0.04202386105808979,0.040998826417591894,0.051757713693178505,0.22289013239310948,1,0.5,ratio,0.05,0.18747378878389764,0.1623570636305735,0.25,223
fish,erm,True,0.1556172463750277,0.1538861760652888,0.02368095518399706,0.04202386105808979,0.040998826417591894,0.051757713693178505,0.22289013239310948,1,0.5,ratio,0.1,0.18747378878389764,0.1623570636305735,0.25,58
fish,erm,True,0.1556172463750277,0.1538861760652888,0.02368095518399706,0.04202386105808979,0.040998826417591894,0.051757713693178505,0.22289013239310948,1,0.5,ratio,0.2,0.18747378878389764,0.1623570636305735,0.25,16
fish,erm,True,0.1556172463750277,0.1538861760652888,0.02368095518399706,0.04202386105808979,0.040998826417591894,0.051757713693178505,0.22289013239310948,1,0.5,design,0.02,0.18747378878389764,0.1623570636305735,0.25,
fish,erm,True,0.1556172463750277,0.1538861760652888,0.02368095518399706,0.04202386105808979,0.040998826417591894,0.051757713693178505,0.22289013239310948,1,0.5,design,0.05,0.18747378878389764,0.1623570636305735,0.25,
fish,erm,True,0.1556172463750277,0.1538861760652888,0.02368095518399706,0.04202386105808979,0.040998826417591894,0.051757713693178505,0.22289013239310948,1,0.5,design,0.1,0.18747378878389764,0.1623570636305735,0.25,
fish,erm,True,0.1556172463750277,0.1538861760652888,0.02368095518399706,0.04202386105808979,0.040998826417591894,0.051757713693178505,0.22289013239310948,1,0.5,design,0.2,0.18747378878389764,0.1623570636305735,0.25,
fish,erm,True,0.1556172463750277,0.1538861760652888,0.02368095518399706,0.04202386105808979,0.040998826417591894,0.051757713693178505,0.22289013239310948,3,0.0,none,0.02,0.1567606737234993,0.1567606737234993,0.0,485
fish,erm,True,0.1556172463750277,0.1538861760652888,0.02368095518399706,0.04202386105808979,0.040998826417591894,0.051757713693178505,0.22289013239310948,3,0.0,none,0.05,0.1567606737234993,0.1567606737234993,0.0,80
fish,erm,True,0.1556172463750277,0.1538861760652888,0.02368095518399706,0.04202386105808979,0.040998826417591894,0.051757713693178505,0.22289013239310948,3,0.0,none,0.1,0.1567606737234993,0.1567606737234993,0.0,22
fish,erm,True,0.1556172463750277,0.1538861760652888,0.02368095518399706,0.04202386105808979,0.040998826417591894,0.051757713693178505,0.22289013239310948,3,0.0,none,0.2,0.1567606737234993,0.1567606737234993,0.0,7
fish,erm,True,0.1556172463750277,0.1538861760652888,0.02368095518399706,0.04202386105808979,0.040998826417591894,0.051757713693178505,0.22289013239310948,3,0.25,ratio,0.02,0.1675842093694831,0.1567606737234993,0.125,829
fish,erm,True,0.1556172463750277,0.1538861760652888,0.02368095518399706,0.04202386105808979,0.040998826417591894,0.051757713693178505,0.22289013239310948,3,0.25,ratio,0.05,0.1675842093694831,0.1567606737234993,0.125,135
fish,erm,True,0.1556172463750277,0.1538861760652888,0.02368095518399706,0.04202386105808979,0.040998826417591894,0.051757713693178505,0.22289013239310948,3,0.25,ratio,0.1,0.1675842093694831,0.1567606737234993,0.125,36
fish,erm,True,0.1556172463750277,0.1538861760652888,0.02368095518399706,0.04202386105808979,0.040998826417591894,0.051757713693178505,0.22289013239310948,3,0.25,ratio,0.2,0.1675842093694831,0.1567606737234993,0.125,11
fish,erm,True,0.1556172463750277,0.1538861760652888,0.02368095518399706,0.04202386105808979,0.040998826417591894,0.051757713693178505,0.22289013239310948,3,0.25,design,0.02,0.1675842093694831,0.1567606737234993,0.125,
fish,erm,True,0.1556172463750277,0.1538861760652888,0.02368095518399706,0.04202386105808979,0.040998826417591894,0.051757713693178505,0.22289013239310948,3,0.25,design,0.05,0.1675842093694831,0.1567606737234993,0.125,
fish,erm,True,0.1556172463750277,0.1538861760652888,0.02368095518399706,0.04202386105808979,0.040998826417591894,0.051757713693178505,0.22289013239310948,3,0.25,design,0.1,0.1675842093694831,0.1567606737234993,0.125,
fish,erm,True,0.1556172463750277,0.1538861760652888,0.02368095518399706,0.04202386105808979,0.040998826417591894,0.051757713693178505,0.22289013239310948,3,0.25,design,0.2,0.1675842093694831,0.1567606737234993,0.125,
fish,erm,True,0.1556172463750277,0.1538861760652888,0.02368095518399706,0.04202386105808979,0.040998826417591894,0.051757713693178505,0.22289013239310948,3,0.5,ratio,0.02,0.18101163434521886,0.1567606737234993,0.25,
fish,erm,True,0.1556172463750277,0.1538861760652888,0.02368095518399706,0.04202386105808979,0.040998826417591894,0.051757713693178505,0.22289013239310948,3,0.5,ratio,0.05,0.18101163434521886,0.1567606737234993,0.25,208
fish,erm,True,0.1556172463750277,0.1538861760652888,0.02368095518399706,0.04202386105808979,0.040998826417591894,0.051757713693178505,0.22289013239310948,3,0.5,ratio,0.1,0.18101163434521886,0.1567606737234993,0.25,54
fish,erm,True,0.1556172463750277,0.1538861760652888,0.02368095518399706,0.04202386105808979,0.040998826417591894,0.051757713693178505,0.22289013239310948,3,0.5,ratio,0.2,0.18101163434521886,0.1567606737234993,0.25,15
fish,erm,True,0.1556172463750277,0.1538861760652888,0.02368095518399706,0.04202386105808979,0.040998826417591894,0.051757713693178505,0.22289013239310948,3,0.5,design,0.02,0.18101163434521886,0.1567606737234993,0.25,
fish,erm,True,0.1556172463750277,0.1538861760652888,0.02368095518399706,0.04202386105808979,0.040998826417591894,0.051757713693178505,0.22289013239310948,3,0.5,design,0.05,0.18101163434521886,0.1567606737234993,0.25,
fish,erm,True,0.1556172463750277,0.1538861760652888,0.02368095518399706,0.04202386105808979,0.040998826417591894,0.051757713693178505,0.22289013239310948,3,0.5,design,0.1,0.18101163434521886,0.1567606737234993,0.25,
fish,erm,True,0.1556172463750277,0.1538861760652888,0.02368095518399706,0.04202386105808979,0.040998826417591894,0.051757713693178505,0.22289013239310948,3,0.5,design,0.2,0.18101163434521886,0.1567606737234993,0.25,
fish,erm,True,0.1556172463750277,0.1538861760652888,0.02368095518399706,0.04202386105808979,0.040998826417591894,0.051757713693178505,0.22289013239310948,5,0.0,none,0.02,0.1556172463750277,0.1556172463750277,0.0,478
fish,erm,True,0.1556172463750277,0.1538861760652888,0.02368095518399706,0.04202386105808979,0.040998826417591894,0.051757713693178505,0.22289013239310948,5,0.0,none,0.05,0.1556172463750277,0.1556172463750277,0.0,78
fish,erm,True,0.1556172463750277,0.1538861760652888,0.02368095518399706,0.04202386105808979,0.040998826417591894,0.051757713693178505,0.22289013239310948,5,0.0,none,0.1,0.1556172463750277,0.1556172463750277,0.0,22
fish,erm,True,0.1556172463750277,0.1538861760652888,0.02368095518399706,0.04202386105808979,0.040998826417591894,0.051757713693178505,0.22289013239310948,5,0.0,none,0.2,0.1556172463750277,0.1556172463750277,0.0,7
fish,erm,True,0.1556172463750277,0.1538861760652888,0.02368095518399706,0.04202386105808979,0.040998826417591894,0.051757713693178505,0.22289013239310948,5,0.25,ratio,0.02,0.1663618341167265,0.1556172463750277,0.125,817
fish,erm,True,0.1556172463750277,0.1538861760652888,0.02368095518399706,0.04202386105808979,0.040998826417591894,0.051757713693178505,0.22289013239310948,5,0.25,ratio,0.05,0.1663618341167265,0.1556172463750277,0.125,133
fish,erm,True,0.1556172463750277,0.1538861760652888,0.02368095518399706,0.04202386105808979,0.040998826417591894,0.051757713693178505,0.22289013239310948,5,0.25,ratio,0.1,0.1663618341167265,0.1556172463750277,0.125,35
fish,erm,True,0.1556172463750277,0.1538861760652888,0.02368095518399706,0.04202386105808979,0.040998826417591894,0.051757713693178505,0.22289013239310948,5,0.25,ratio,0.2,0.1663618341167265,0.1556172463750277,0.125,11
fish,erm,True,0.1556172463750277,0.1538861760652888,0.02368095518399706,0.04202386105808979,0.040998826417591894,0.051757713693178505,0.22289013239310948,5,0.25,design,0.02,0.1663618341167265,0.1556172463750277,0.125,
fish,erm,True,0.1556172463750277,0.1538861760652888,0.02368095518399706,0.04202386105808979,0.040998826417591894,0.051757713693178505,0.22289013239310948,5,0.25,design,0.05,0.1663618341167265,0.1556172463750277,0.125,
fish,erm,True,0.1556172463750277,0.1538861760652888,0.02368095518399706,0.04202386105808979,0.040998826417591894,0.051757713693178505,0.22289013239310948,5,0.25,design,0.1,0.1663618341167265,0.1556172463750277,0.125,
fish,erm,True,0.1556172463750277,0.1538861760652888,0.02368095518399706,0.04202386105808979,0.040998826417591894,0.051757713693178505,0.22289013239310948,5,0.25,design,0.2,0.1663618341167265,0.1556172463750277,0.125,
fish,erm,True,0.1556172463750277,0.1538861760652888,0.02368095518399706,0.04202386105808979,0.040998826417591894,0.051757713693178505,0.22289013239310948,5,0.5,ratio,0.02,0.17969131817034112,0.1556172463750277,0.25,
fish,erm,True,0.1556172463750277,0.1538861760652888,0.02368095518399706,0.04202386105808979,0.040998826417591894,0.051757713693178505,0.22289013239310948,5,0.5,ratio,0.05,0.17969131817034112,0.1556172463750277,0.25,205
fish,erm,True,0.1556172463750277,0.1538861760652888,0.02368095518399706,0.04202386105808979,0.040998826417591894,0.051757713693178505,0.22289013239310948,5,0.5,ratio,0.1,0.17969131817034112,0.1556172463750277,0.25,53
fish,erm,True,0.1556172463750277,0.1538861760652888,0.02368095518399706,0.04202386105808979,0.040998826417591894,0.051757713693178505,0.22289013239310948,5,0.5,ratio,0.2,0.17969131817034112,0.1556172463750277,0.25,15
fish,erm,True,0.1556172463750277,0.1538861760652888,0.02368095518399706,0.04202386105808979,0.040998826417591894,0.051757713693178505,0.22289013239310948,5,0.5,design,0.02,0.17969131817034112,0.1556172463750277,0.25,
fish,erm,True,0.1556172463750277,0.1538861760652888,0.02368095518399706,0.04202386105808979,0.040998826417591894,0.051757713693178505,0.22289013239310948,5,0.5,design,0.05,0.17969131817034112,0.1556172463750277,0.25,
fish,erm,True,0.1556172463750277,0.1538861760652888,0.02368095518399706,0.04202386105808979,0.040998826417591894,0.051757713693178505,0.22289013239310948,5,0.5,design,0.1,0.17969131817034112,0.1556172463750277,0.25,
fish,erm,True,0.1556172463750277,0.1538861760652888,0.02368095518399706,0.04202386105808979,0.040998826417591894,0.051757713693178505,0.22289013239310948,5,0.5,design,0.2,0.17969131817034112,0.1556172463750277,0.25,
fish,erm,True,0.1556172463750277,0.1538861760652888,0.02368095518399706,0.04202386105808979,0.040998826417591894,0.051757713693178505,0.22289013239310948,10,0.0,none,0.02,0.15475413169499405,0.15475413169499405,0.0,472
fish,erm,True,0.1556172463750277,0.1538861760652888,0.02368095518399706,0.04202386105808979,0.040998826417591894,0.051757713693178505,0.22289013239310948,10,0.0,none,0.05,0.15475413169499405,0.15475413169499405,0.0,78
fish,erm,True,0.1556172463750277,0.1538861760652888,0.02368095518399706,0.04202386105808979,0.040998826417591894,0.051757713693178505,0.22289013239310948,10,0.0,none,0.1,0.15475413169499405,0.15475413169499405,0.0,21
fish,erm,True,0.1556172463750277,0.1538861760652888,0.02368095518399706,0.04202386105808979,0.040998826417591894,0.051757713693178505,0.22289013239310948,10,0.0,none,0.2,0.15475413169499405,0.15475413169499405,0.0,7
fish,erm,True,0.1556172463750277,0.1538861760652888,0.02368095518399706,0.04202386105808979,0.040998826417591894,0.051757713693178505,0.22289013239310948,10,0.25,ratio,0.02,0.16543912571153196,0.15475413169499405,0.125,808
fish,erm,True,0.1556172463750277,0.1538861760652888,0.02368095518399706,0.04202386105808979,0.040998826417591894,0.051757713693178505,0.22289013239310948,10,0.25,ratio,0.05,0.16543912571153196,0.15475413169499405,0.125,131
fish,erm,True,0.1556172463750277,0.1538861760652888,0.02368095518399706,0.04202386105808979,0.040998826417591894,0.051757713693178505,0.22289013239310948,10,0.25,ratio,0.1,0.16543912571153196,0.15475413169499405,0.125,35
fish,erm,True,0.1556172463750277,0.1538861760652888,0.02368095518399706,0.04202386105808979,0.040998826417591894,0.051757713693178505,0.22289013239310948,10,0.25,ratio,0.2,0.16543912571153196,0.15475413169499405,0.125,11
fish,erm,True,0.1556172463750277,0.1538861760652888,0.02368095518399706,0.04202386105808979,0.040998826417591894,0.051757713693178505,0.22289013239310948,10,0.25,design,0.02,0.16543912571153196,0.15475413169499405,0.125,
fish,erm,True,0.1556172463750277,0.1538861760652888,0.02368095518399706,0.04202386105808979,0.040998826417591894,0.051757713693178505,0.22289013239310948,10,0.25,design,0.05,0.16543912571153196,0.15475413169499405,0.125,
fish,erm,True,0.1556172463750277,0.1538861760652888,0.02368095518399706,0.04202386105808979,0.040998826417591894,0.051757713693178505,0.22289013239310948,10,0.25,design,0.1,0.16543912571153196,0.15475413169499405,0.125,
fish,erm,True,0.1556172463750277,0.1538861760652888,0.02368095518399706,0.04202386105808979,0.040998826417591894,0.051757713693178505,0.22289013239310948,10,0.25,design,0.2,0.16543912571153196,0.15475413169499405,0.125,
fish,erm,True,0.1556172463750277,0.1538861760652888,0.02368095518399706,0.04202386105808979,0.040998826417591894,0.051757713693178505,0.22289013239310948,10,0.5,ratio,0.02,0.17869467918462323,0.15475413169499405,0.25,
fish,erm,True,0.1556172463750277,0.1538861760652888,0.02368095518399706,0.04202386105808979,0.040998826417591894,0.051757713693178505,0.22289013239310948,10,0.5,ratio,0.05,0.17869467918462323,0.15475413169499405,0.25,203
fish,erm,True,0.1556172463750277,0.1538861760652888,0.02368095518399706,0.04202386105808979,0.040998826417591894,0.051757713693178505,0.22289013239310948,10,0.5,ratio,0.1,0.17869467918462323,0.15475413169499405,0.25,53
fish,erm,True,0.1556172463750277,0.1538861760652888,0.02368095518399706,0.04202386105808979,0.040998826417591894,0.051757713693178505,0.22289013239310948,10,0.5,ratio,0.2,0.17869467918462323,0.15475413169499405,0.25,15
fish,erm,True,0.1556172463750277,0.1538861760652888,0.02368095518399706,0.04202386105808979,0.040998826417591894,0.051757713693178505,0.22289013239310948,10,0.5,design,0.02,0.17869467918462323,0.15475413169499405,0.25,
fish,erm,True,0.1556172463750277,0.1538861760652888,0.02368095518399706,0.04202386105808979,0.040998826417591894,0.051757713693178505,0.22289013239310948,10,0.5,design,0.05,0.17869467918462323,0.15475413169499405,0.25,
fish,erm,True,0.1556172463750277,0.1538861760652888,0.02368095518399706,0.04202386105808979,0.040998826417591894,0.051757713693178505,0.22289013239310948,10,0.5,design,0.1,0.17869467918462323,0.15475413169499405,0.25,
fish,erm,True,0.1556172463750277,0.1538861760652888,0.02368095518399706,0.04202386105808979,0.040998826417591894,0.051757713693178505,0.22289013239310948,10,0.5,design,0.2,0.17869467918462323,0.15475413169499405,0.25,
groupdro,erm,True,0.010293402804282422,0.0,-4.55433004432925e-05,0.048883998731395505,0.040998826417591894,0.027522485510442344,0.8265352952456653,1,0.0,none,0.02,0.027522485510442344,0.027522485510442344,0.0,17
groupdro,erm,True,0.010293402804282422,0.0,-4.55433004432925e-05,0.048883998731395505,0.040998826417591894,0.027522485510442344,0.8265352952456653,1,0.0,none,0.05,0.027522485510442344,0.027522485510442344,0.0,5
groupdro,erm,True,0.010293402804282422,0.0,-4.55433004432925e-05,0.048883998731395505,0.040998826417591894,0.027522485510442344,0.8265352952456653,1,0.0,none,0.1,0.027522485510442344,0.027522485510442344,0.0,3
groupdro,erm,True,0.010293402804282422,0.0,-4.55433004432925e-05,0.048883998731395505,0.040998826417591894,0.027522485510442344,0.8265352952456653,1,0.0,none,0.2,0.027522485510442344,0.027522485510442344,0.0,3
groupdro,erm,True,0.010293402804282422,0.0,-4.55433004432925e-05,0.048883998731395505,0.040998826417591894,0.027522485510442344,0.8265352952456653,1,0.25,ratio,0.02,0.029422774632150105,0.027522485510442344,0.125,28
groupdro,erm,True,0.010293402804282422,0.0,-4.55433004432925e-05,0.048883998731395505,0.040998826417591894,0.027522485510442344,0.8265352952456653,1,0.25,ratio,0.05,0.029422774632150105,0.027522485510442344,0.125,7
groupdro,erm,True,0.010293402804282422,0.0,-4.55433004432925e-05,0.048883998731395505,0.040998826417591894,0.027522485510442344,0.8265352952456653,1,0.25,ratio,0.1,0.029422774632150105,0.027522485510442344,0.125,4
groupdro,erm,True,0.010293402804282422,0.0,-4.55433004432925e-05,0.048883998731395505,0.040998826417591894,0.027522485510442344,0.8265352952456653,1,0.25,ratio,0.2,0.029422774632150105,0.027522485510442344,0.125,3
groupdro,erm,True,0.010293402804282422,0.0,-4.55433004432925e-05,0.048883998731395505,0.040998826417591894,0.027522485510442344,0.8265352952456653,1,0.25,design,0.02,0.029422774632150105,0.027522485510442344,0.125,
groupdro,erm,True,0.010293402804282422,0.0,-4.55433004432925e-05,0.048883998731395505,0.040998826417591894,0.027522485510442344,0.8265352952456653,1,0.25,design,0.05,0.029422774632150105,0.027522485510442344,0.125,9
groupdro,erm,True,0.010293402804282422,0.0,-4.55433004432925e-05,0.048883998731395505,0.040998826417591894,0.027522485510442344,0.8265352952456653,1,0.25,design,0.1,0.029422774632150105,0.027522485510442344,0.125,3
groupdro,erm,True,0.010293402804282422,0.0,-4.55433004432925e-05,0.048883998731395505,0.040998826417591894,0.027522485510442344,0.8265352952456653,1,0.25,design,0.2,0.029422774632150105,0.027522485510442344,0.125,3
groupdro,erm,True,0.010293402804282422,0.0,-4.55433004432925e-05,0.048883998731395505,0.040998826417591894,0.027522485510442344,0.8265352952456653,1,0.5,ratio,0.02,0.03178022883644292,0.027522485510442344,0.25,42
groupdro,erm,True,0.010293402804282422,0.0,-4.55433004432925e-05,0.048883998731395505,0.040998826417591894,0.027522485510442344,0.8265352952456653,1,0.5,ratio,0.05,0.03178022883644292,0.027522485510442344,0.25,9
groupdro,erm,True,0.010293402804282422,0.0,-4.55433004432925e-05,0.048883998731395505,0.040998826417591894,0.027522485510442344,0.8265352952456653,1,0.5,ratio,0.1,0.03178022883644292,0.027522485510442344,0.25,4
groupdro,erm,True,0.010293402804282422,0.0,-4.55433004432925e-05,0.048883998731395505,0.040998826417591894,0.027522485510442344,0.8265352952456653,1,0.5,ratio,0.2,0.03178022883644292,0.027522485510442344,0.25,3
groupdro,erm,True,0.010293402804282422,0.0,-4.55433004432925e-05,0.048883998731395505,0.040998826417591894,0.027522485510442344,0.8265352952456653,1,0.5,design,0.02,0.03178022883644292,0.027522485510442344,0.25,
groupdro,erm,True,0.010293402804282422,0.0,-4.55433004432925e-05,0.048883998731395505,0.040998826417591894,0.027522485510442344,0.8265352952456653,1,0.5,design,0.05,0.03178022883644292,0.027522485510442344,0.25,
groupdro,erm,True,0.010293402804282422,0.0,-4.55433004432925e-05,0.048883998731395505,0.040998826417591894,0.027522485510442344,0.8265352952456653,1,0.5,design,0.1,0.03178022883644292,0.027522485510442344,0.25,4
groupdro,erm,True,0.010293402804282422,0.0,-4.55433004432925e-05,0.048883998731395505,0.040998826417591894,0.027522485510442344,0.8265352952456653,1,0.5,design,0.2,0.03178022883644292,0.027522485510442344,0.25,3
groupdro,erm,True,0.010293402804282422,0.0,-4.55433004432925e-05,0.048883998731395505,0.040998826417591894,0.027522485510442344,0.8265352952456653,3,0.0,none,0.02,0.01589011441822146,0.01589011441822146,0.0,8
groupdro,erm,True,0.010293402804282422,0.0,-4.55433004432925e-05,0.048883998731395505,0.040998826417591894,0.027522485510442344,0.8265352952456653,3,0.0,none,0.05,0.01589011441822146,0.01589011441822146,0.0,4
groupdro,erm,True,0.010293402804282422,0.0,-4.55433004432925e-05,0.048883998731395505,0.040998826417591894,0.027522485510442344,0.8265352952456653,3,0.0,none,0.1,0.01589011441822146,0.01589011441822146,0.0,3
groupdro,erm,True,0.010293402804282422,0.0,-4.55433004432925e-05,0.048883998731395505,0.040998826417591894,0.027522485510442344,0.8265352952456653,3,0.0,none,0.2,0.01589011441822146,0.01589011441822146,0.0,2
groupdro,erm,True,0.010293402804282422,0.0,-4.55433004432925e-05,0.048883998731395505,0.040998826417591894,0.027522485510442344,0.8265352952456653,3,0.25,ratio,0.02,0.016987246854177556,0.01589011441822146,0.125,11
groupdro,erm,True,0.010293402804282422,0.0,-4.55433004432925e-05,0.048883998731395505,0.040998826417591894,0.027522485510442344,0.8265352952456653,3,0.25,ratio,0.05,0.016987246854177556,0.01589011441822146,0.125,4
groupdro,erm,True,0.010293402804282422,0.0,-4.55433004432925e-05,0.048883998731395505,0.040998826417591894,0.027522485510442344,0.8265352952456653,3,0.25,ratio,0.1,0.016987246854177556,0.01589011441822146,0.125,3
groupdro,erm,True,0.010293402804282422,0.0,-4.55433004432925e-05,0.048883998731395505,0.040998826417591894,0.027522485510442344,0.8265352952456653,3,0.25,ratio,0.2,0.016987246854177556,0.01589011441822146,0.125,3
groupdro,erm,True,0.010293402804282422,0.0,-4.55433004432925e-05,0.048883998731395505,0.040998826417591894,0.027522485510442344,0.8265352952456653,3,0.25,design,0.02,0.016987246854177556,0.01589011441822146,0.125,
groupdro,erm,True,0.010293402804282422,0.0,-4.55433004432925e-05,0.048883998731395505,0.040998826417591894,0.027522485510442344,0.8265352952456653,3,0.25,design,0.05,0.016987246854177556,0.01589011441822146,0.125,4
groupdro,erm,True,0.010293402804282422,0.0,-4.55433004432925e-05,0.048883998731395505,0.040998826417591894,0.027522485510442344,0.8265352952456653,3,0.25,design,0.1,0.016987246854177556,0.01589011441822146,0.125,3
groupdro,erm,True,0.010293402804282422,0.0,-4.55433004432925e-05,0.048883998731395505,0.040998826417591894,0.027522485510442344,0.8265352952456653,3,0.25,design,0.2,0.016987246854177556,0.01589011441822146,0.125,3
groupdro,erm,True,0.010293402804282422,0.0,-4.55433004432925e-05,0.048883998731395505,0.040998826417591894,0.027522485510442344,0.8265352952456653,3,0.5,ratio,0.02,0.01834832367362823,0.01589011441822146,0.25,16
groupdro,erm,True,0.010293402804282422,0.0,-4.55433004432925e-05,0.048883998731395505,0.040998826417591894,0.027522485510442344,0.8265352952456653,3,0.5,ratio,0.05,0.01834832367362823,0.01589011441822146,0.25,5
groupdro,erm,True,0.010293402804282422,0.0,-4.55433004432925e-05,0.048883998731395505,0.040998826417591894,0.027522485510442344,0.8265352952456653,3,0.5,ratio,0.1,0.01834832367362823,0.01589011441822146,0.25,3
groupdro,erm,True,0.010293402804282422,0.0,-4.55433004432925e-05,0.048883998731395505,0.040998826417591894,0.027522485510442344,0.8265352952456653,3,0.5,ratio,0.2,0.01834832367362823,0.01589011441822146,0.25,3
groupdro,erm,True,0.010293402804282422,0.0,-4.55433004432925e-05,0.048883998731395505,0.040998826417591894,0.027522485510442344,0.8265352952456653,3,0.5,design,0.02,0.01834832367362823,0.01589011441822146,0.25,
groupdro,erm,True,0.010293402804282422,0.0,-4.55433004432925e-05,0.048883998731395505,0.040998826417591894,0.027522485510442344,0.8265352952456653,3,0.5,design,0.05,0.01834832367362823,0.01589011441822146,0.25,4
groupdro,erm,True,0.010293402804282422,0.0,-4.55433004432925e-05,0.048883998731395505,0.040998826417591894,0.027522485510442344,0.8265352952456653,3,0.5,design,0.1,0.01834832367362823,0.01589011441822146,0.25,3
groupdro,erm,True,0.010293402804282422,0.0,-4.55433004432925e-05,0.048883998731395505,0.040998826417591894,0.027522485510442344,0.8265352952456653,3,0.5,design,0.2,0.01834832367362823,0.01589011441822146,0.25,3
groupdro,erm,True,0.010293402804282422,0.0,-4.55433004432925e-05,0.048883998731395505,0.040998826417591894,0.027522485510442344,0.8265352952456653,5,0.0,none,0.02,0.012308429702220415,0.012308429702220415,0.0,6
groupdro,erm,True,0.010293402804282422,0.0,-4.55433004432925e-05,0.048883998731395505,0.040998826417591894,0.027522485510442344,0.8265352952456653,5,0.0,none,0.05,0.012308429702220415,0.012308429702220415,0.0,3
groupdro,erm,True,0.010293402804282422,0.0,-4.55433004432925e-05,0.048883998731395505,0.040998826417591894,0.027522485510442344,0.8265352952456653,5,0.0,none,0.1,0.012308429702220415,0.012308429702220415,0.0,3
groupdro,erm,True,0.010293402804282422,0.0,-4.55433004432925e-05,0.048883998731395505,0.040998826417591894,0.027522485510442344,0.8265352952456653,5,0.0,none,0.2,0.012308429702220415,0.012308429702220415,0.0,2
groupdro,erm,True,0.010293402804282422,0.0,-4.55433004432925e-05,0.048883998731395505,0.040998826417591894,0.027522485510442344,0.8265352952456653,5,0.25,ratio,0.02,0.0131582648328288,0.012308429702220415,0.125,8
groupdro,erm,True,0.010293402804282422,0.0,-4.55433004432925e-05,0.048883998731395505,0.040998826417591894,0.027522485510442344,0.8265352952456653,5,0.25,ratio,0.05,0.0131582648328288,0.012308429702220415,0.125,4
groupdro,erm,True,0.010293402804282422,0.0,-4.55433004432925e-05,0.048883998731395505,0.040998826417591894,0.027522485510442344,0.8265352952456653,5,0.25,ratio,0.1,0.0131582648328288,0.012308429702220415,0.125,3
groupdro,erm,True,0.010293402804282422,0.0,-4.55433004432925e-05,0.048883998731395505,0.040998826417591894,0.027522485510442344,0.8265352952456653,5,0.25,ratio,0.2,0.0131582648328288,0.012308429702220415,0.125,2
groupdro,erm,True,0.010293402804282422,0.0,-4.55433004432925e-05,0.048883998731395505,0.040998826417591894,0.027522485510442344,0.8265352952456653,5,0.25,design,0.02,0.0131582648328288,0.012308429702220415,0.125,19
groupdro,erm,True,0.010293402804282422,0.0,-4.55433004432925e-05,0.048883998731395505,0.040998826417591894,0.027522485510442344,0.8265352952456653,5,0.25,design,0.05,0.0131582648328288,0.012308429702220415,0.125,3
groupdro,erm,True,0.010293402804282422,0.0,-4.55433004432925e-05,0.048883998731395505,0.040998826417591894,0.027522485510442344,0.8265352952456653,5,0.25,design,0.1,0.0131582648328288,0.012308429702220415,0.125,3
groupdro,erm,True,0.010293402804282422,0.0,-4.55433004432925e-05,0.048883998731395505,0.040998826417591894,0.027522485510442344,0.8265352952456653,5,0.25,design,0.2,0.0131582648328288,0.012308429702220415,0.125,3
groupdro,erm,True,0.010293402804282422,0.0,-4.55433004432925e-05,0.048883998731395505,0.040998826417591894,0.027522485510442344,0.8265352952456653,5,0.5,ratio,0.02,0.014212550403757084,0.012308429702220415,0.25,11
groupdro,erm,True,0.010293402804282422,0.0,-4.55433004432925e-05,0.048883998731395505,0.040998826417591894,0.027522485510442344,0.8265352952456653,5,0.5,ratio,0.05,0.014212550403757084,0.012308429702220415,0.25,4
groupdro,erm,True,0.010293402804282422,0.0,-4.55433004432925e-05,0.048883998731395505,0.040998826417591894,0.027522485510442344,0.8265352952456653,5,0.5,ratio,0.1,0.014212550403757084,0.012308429702220415,0.25,3
groupdro,erm,True,0.010293402804282422,0.0,-4.55433004432925e-05,0.048883998731395505,0.040998826417591894,0.027522485510442344,0.8265352952456653,5,0.5,ratio,0.2,0.014212550403757084,0.012308429702220415,0.25,3
groupdro,erm,True,0.010293402804282422,0.0,-4.55433004432925e-05,0.048883998731395505,0.040998826417591894,0.027522485510442344,0.8265352952456653,5,0.5,design,0.02,0.014212550403757084,0.012308429702220415,0.25,
groupdro,erm,True,0.010293402804282422,0.0,-4.55433004432925e-05,0.048883998731395505,0.040998826417591894,0.027522485510442344,0.8265352952456653,5,0.5,design,0.05,0.014212550403757084,0.012308429702220415,0.25,3
groupdro,erm,True,0.010293402804282422,0.0,-4.55433004432925e-05,0.048883998731395505,0.040998826417591894,0.027522485510442344,0.8265352952456653,5,0.5,design,0.1,0.014212550403757084,0.012308429702220415,0.25,3
groupdro,erm,True,0.010293402804282422,0.0,-4.55433004432925e-05,0.048883998731395505,0.040998826417591894,0.027522485510442344,0.8265352952456653,5,0.5,design,0.2,0.014212550403757084,0.012308429702220415,0.25,3
groupdro,erm,True,0.010293402804282422,0.0,-4.55433004432925e-05,0.048883998731395505,0.040998826417591894,0.027522485510442344,0.8265352952456653,10,0.0,none,0.02,0.008703374108197973,0.008703374108197973,0.0,4
groupdro,erm,True,0.010293402804282422,0.0,-4.55433004432925e-05,0.048883998731395505,0.040998826417591894,0.027522485510442344,0.8265352952456653,10,0.0,none,0.05,0.008703374108197973,0.008703374108197973,0.0,3
groupdro,erm,True,0.010293402804282422,0.0,-4.55433004432925e-05,0.048883998731395505,0.040998826417591894,0.027522485510442344,0.8265352952456653,10,0.0,none,0.1,0.008703374108197973,0.008703374108197973,0.0,3
groupdro,erm,True,0.010293402804282422,0.0,-4.55433004432925e-05,0.048883998731395505,0.040998826417591894,0.027522485510442344,0.8265352952456653,10,0.0,none,0.2,0.008703374108197973,0.008703374108197973,0.0,2
groupdro,erm,True,0.010293402804282422,0.0,-4.55433004432925e-05,0.048883998731395505,0.040998826417591894,0.027522485510442344,0.8265352952456653,10,0.25,ratio,0.02,0.009304298291941718,0.008703374108197973,0.125,5
groupdro,erm,True,0.010293402804282422,0.0,-4.55433004432925e-05,0.048883998731395505,0.040998826417591894,0.027522485510442344,0.8265352952456653,10,0.25,ratio,0.05,0.009304298291941718,0.008703374108197973,0.125,3
groupdro,erm,True,0.010293402804282422,0.0,-4.55433004432925e-05,0.048883998731395505,0.040998826417591894,0.027522485510442344,0.8265352952456653,10,0.25,ratio,0.1,0.009304298291941718,0.008703374108197973,0.125,3
groupdro,erm,True,0.010293402804282422,0.0,-4.55433004432925e-05,0.048883998731395505,0.040998826417591894,0.027522485510442344,0.8265352952456653,10,0.25,ratio,0.2,0.009304298291941718,0.008703374108197973,0.125,2
groupdro,erm,True,0.010293402804282422,0.0,-4.55433004432925e-05,0.048883998731395505,0.040998826417591894,0.027522485510442344,0.8265352952456653,10,0.25,design,0.02,0.009304298291941718,0.008703374108197973,0.125,5
groupdro,erm,True,0.010293402804282422,0.0,-4.55433004432925e-05,0.048883998731395505,0.040998826417591894,0.027522485510442344,0.8265352952456653,10,0.25,design,0.05,0.009304298291941718,0.008703374108197973,0.125,3
groupdro,erm,True,0.010293402804282422,0.0,-4.55433004432925e-05,0.048883998731395505,0.040998826417591894,0.027522485510442344,0.8265352952456653,10,0.25,design,0.1,0.009304298291941718,0.008703374108197973,0.125,3
groupdro,erm,True,0.010293402804282422,0.0,-4.55433004432925e-05,0.048883998731395505,0.040998826417591894,0.027522485510442344,0.8265352952456653,10,0.25,design,0.2,0.009304298291941718,0.008703374108197973,0.125,3
groupdro,erm,True,0.010293402804282422,0.0,-4.55433004432925e-05,0.048883998731395505,0.040998826417591894,0.027522485510442344,0.8265352952456653,10,0.5,ratio,0.02,0.010049790768452239,0.008703374108197973,0.25,7
groupdro,erm,True,0.010293402804282422,0.0,-4.55433004432925e-05,0.048883998731395505,0.040998826417591894,0.027522485510442344,0.8265352952456653,10,0.5,ratio,0.05,0.010049790768452239,0.008703374108197973,0.25,3
groupdro,erm,True,0.010293402804282422,0.0,-4.55433004432925e-05,0.048883998731395505,0.040998826417591894,0.027522485510442344,0.8265352952456653,10,0.5,ratio,0.1,0.010049790768452239,0.008703374108197973,0.25,3
groupdro,erm,True,0.010293402804282422,0.0,-4.55433004432925e-05,0.048883998731395505,0.040998826417591894,0.027522485510442344,0.8265352952456653,10,0.5,ratio,0.2,0.010049790768452239,0.008703374108197973,0.25,2
groupdro,erm,True,0.010293402804282422,0.0,-4.55433004432925e-05,0.048883998731395505,0.040998826417591894,0.027522485510442344,0.8265352952456653,10,0.5,design,0.02,0.010049790768452239,0.008703374108197973,0.25,104
groupdro,erm,True,0.010293402804282422,0.0,-4.55433004432925e-05,0.048883998731395505,0.040998826417591894,0.027522485510442344,0.8265352952456653,10,0.5,design,0.05,0.010049790768452239,0.008703374108197973,0.25,3
groupdro,erm,True,0.010293402804282422,0.0,-4.55433004432925e-05,0.048883998731395505,0.040998826417591894,0.027522485510442344,0.8265352952456653,10,0.5,design,0.1,0.010049790768452239,0.008703374108197973,0.25,3
groupdro,erm,True,0.010293402804282422,0.0,-4.55433004432925e-05,0.048883998731395505,0.040998826417591894,0.027522485510442344,0.8265352952456653,10,0.5,design,0.2,0.010049790768452239,0.008703374108197973,0.25,3
he_jitter,erm,True,0.15696341220298832,0.15592193554855885,0.024311649985208936,0.012335619913805818,0.040998826417591894,0.04036476094294943,0.20144240847252978,1,0.0,none,0.02,0.1610619877910067,0.1610619877910067,0.0,511
he_jitter,erm,True,0.15696341220298832,0.15592193554855885,0.024311649985208936,0.012335619913805818,0.040998826417591894,0.04036476094294943,0.20144240847252978,1,0.0,none,0.05,0.1610619877910067,0.1610619877910067,0.0,84
he_jitter,erm,True,0.15696341220298832,0.15592193554855885,0.024311649985208936,0.012335619913805818,0.040998826417591894,0.04036476094294943,0.20144240847252978,1,0.0,none,0.1,0.1610619877910067,0.1610619877910067,0.0,23
he_jitter,erm,True,0.15696341220298832,0.15592193554855885,0.024311649985208936,0.012335619913805818,0.040998826417591894,0.04036476094294943,0.20144240847252978,1,0.0,none,0.2,0.1610619877910067,0.1610619877910067,0.0,8
he_jitter,erm,True,0.15696341220298832,0.15592193554855885,0.024311649985208936,0.012335619913805818,0.040998826417591894,0.04036476094294943,0.20144240847252978,1,0.25,ratio,0.02,0.17218250752763273,0.1610619877910067,0.125,875
he_jitter,erm,True,0.15696341220298832,0.15592193554855885,0.024311649985208936,0.012335619913805818,0.040998826417591894,0.04036476094294943,0.20144240847252978,1,0.25,ratio,0.05,0.17218250752763273,0.1610619877910067,0.125,142
he_jitter,erm,True,0.15696341220298832,0.15592193554855885,0.024311649985208936,0.012335619913805818,0.040998826417591894,0.04036476094294943,0.20144240847252978,1,0.25,ratio,0.1,0.17218250752763273,0.1610619877910067,0.125,37
he_jitter,erm,True,0.15696341220298832,0.15592193554855885,0.024311649985208936,0.012335619913805818,0.040998826417591894,0.04036476094294943,0.20144240847252978,1,0.25,ratio,0.2,0.17218250752763273,0.1610619877910067,0.125,11
he_jitter,erm,True,0.15696341220298832,0.15592193554855885,0.024311649985208936,0.012335619913805818,0.040998826417591894,0.04036476094294943,0.20144240847252978,1,0.25,design,0.02,0.17218250752763273,0.1610619877910067,0.125,
he_jitter,erm,True,0.15696341220298832,0.15592193554855885,0.024311649985208936,0.012335619913805818,0.040998826417591894,0.04036476094294943,0.20144240847252978,1,0.25,design,0.05,0.17218250752763273,0.1610619877910067,0.125,
he_jitter,erm,True,0.15696341220298832,0.15592193554855885,0.024311649985208936,0.012335619913805818,0.040998826417591894,0.04036476094294943,0.20144240847252978,1,0.25,design,0.1,0.17218250752763273,0.1610619877910067,0.125,
he_jitter,erm,True,0.15696341220298832,0.15592193554855885,0.024311649985208936,0.012335619913805818,0.040998826417591894,0.04036476094294943,0.20144240847252978,1,0.25,design,0.2,0.17218250752763273,0.1610619877910067,0.125,
he_jitter,erm,True,0.15696341220298832,0.15592193554855885,0.024311649985208936,0.012335619913805818,0.040998826417591894,0.04036476094294943,0.20144240847252978,1,0.5,ratio,0.02,0.18597836401470788,0.1610619877910067,0.25,
he_jitter,erm,True,0.15696341220298832,0.15592193554855885,0.024311649985208936,0.012335619913805818,0.040998826417591894,0.04036476094294943,0.20144240847252978,1,0.5,ratio,0.05,0.18597836401470788,0.1610619877910067,0.25,220
he_jitter,erm,True,0.15696341220298832,0.15592193554855885,0.024311649985208936,0.012335619913805818,0.040998826417591894,0.04036476094294943,0.20144240847252978,1,0.5,ratio,0.1,0.18597836401470788,0.1610619877910067,0.25,57
he_jitter,erm,True,0.15696341220298832,0.15592193554855885,0.024311649985208936,0.012335619913805818,0.040998826417591894,0.04036476094294943,0.20144240847252978,1,0.5,ratio,0.2,0.18597836401470788,0.1610619877910067,0.25,16
he_jitter,erm,True,0.15696341220298832,0.15592193554855885,0.024311649985208936,0.012335619913805818,0.040998826417591894,0.04036476094294943,0.20144240847252978,1,0.5,design,0.02,0.18597836401470788,0.1610619877910067,0.25,
he_jitter,erm,True,0.15696341220298832,0.15592193554855885,0.024311649985208936,0.012335619913805818,0.040998826417591894,0.04036476094294943,0.20144240847252978,1,0.5,design,0.05,0.18597836401470788,0.1610619877910067,0.25,
he_jitter,erm,True,0.15696341220298832,0.15592193554855885,0.024311649985208936,0.012335619913805818,0.040998826417591894,0.04036476094294943,0.20144240847252978,1,0.5,design,0.1,0.18597836401470788,0.1610619877910067,0.25,
he_jitter,erm,True,0.15696341220298832,0.15592193554855885,0.024311649985208936,0.012335619913805818,0.040998826417591894,0.04036476094294943,0.20144240847252978,1,0.5,design,0.2,0.18597836401470788,0.1610619877910067,0.25,
he_jitter,erm,True,0.15696341220298832,0.15592193554855885,0.024311649985208936,0.012335619913805818,0.040998826417591894,0.04036476094294943,0.20144240847252978,3,0.0,none,0.02,0.15765390774479,0.15765390774479,0.0,490
he_jitter,erm,True,0.15696341220298832,0.15592193554855885,0.024311649985208936,0.012335619913805818,0.040998826417591894,0.04036476094294943,0.20144240847252978,3,0.0,none,0.05,0.15765390774479,0.15765390774479,0.0,80
he_jitter,erm,True,0.15696341220298832,0.15592193554855885,0.024311649985208936,0.012335619913805818,0.040998826417591894,0.04036476094294943,0.20144240847252978,3,0.0,none,0.1,0.15765390774479,0.15765390774479,0.0,22
he_jitter,erm,True,0.15696341220298832,0.15592193554855885,0.024311649985208936,0.012335619913805818,0.040998826417591894,0.04036476094294943,0.20144240847252978,3,0.0,none,0.2,0.15765390774479,0.15765390774479,0.0,8
he_jitter,erm,True,0.15696341220298832,0.15592193554855885,0.024311649985208936,0.012335619913805818,0.040998826417591894,0.04036476094294943,0.20144240847252978,3,0.25,ratio,0.02,0.16853911670487742,0.15765390774479,0.125,838
he_jitter,erm,True,0.15696341220298832,0.15592193554855885,0.024311649985208936,0.012335619913805818,0.040998826417591894,0.04036476094294943,0.20144240847252978,3,0.25,ratio,0.05,0.16853911670487742,0.15765390774479,0.125,136
he_jitter,erm,True,0.15696341220298832,0.15592193554855885,0.024311649985208936,0.012335619913805818,0.040998826417591894,0.04036476094294943,0.20144240847252978,3,0.25,ratio,0.1,0.16853911670487742,0.15765390774479,0.125,36
he_jitter,erm,True,0.15696341220298832,0.15592193554855885,0.024311649985208936,0.012335619913805818,0.040998826417591894,0.04036476094294943,0.20144240847252978,3,0.25,ratio,0.2,0.16853911670487742,0.15765390774479,0.125,11
he_jitter,erm,True,0.15696341220298832,0.15592193554855885,0.024311649985208936,0.012335619913805818,0.040998826417591894,0.04036476094294943,0.20144240847252978,3,0.25,design,0.02,0.16853911670487742,0.15765390774479,0.125,
he_jitter,erm,True,0.15696341220298832,0.15592193554855885,0.024311649985208936,0.012335619913805818,0.040998826417591894,0.04036476094294943,0.20144240847252978,3,0.25,design,0.05,0.16853911670487742,0.15765390774479,0.125,
he_jitter,erm,True,0.15696341220298832,0.15592193554855885,0.024311649985208936,0.012335619913805818,0.040998826417591894,0.04036476094294943,0.20144240847252978,3,0.25,design,0.1,0.16853911670487742,0.15765390774479,0.125,
he_jitter,erm,True,0.15696341220298832,0.15592193554855885,0.024311649985208936,0.012335619913805818,0.040998826417591894,0.04036476094294943,0.20144240847252978,3,0.25,design,0.2,0.16853911670487742,0.15765390774479,0.125,
he_jitter,erm,True,0.15696341220298832,0.15592193554855885,0.024311649985208936,0.012335619913805818,0.040998826417591894,0.04036476094294943,0.20144240847252978,3,0.5,ratio,0.02,0.18204305215050187,0.15765390774479,0.25,
he_jitter,erm,True,0.15696341220298832,0.15592193554855885,0.024311649985208936,0.012335619913805818,0.040998826417591894,0.04036476094294943,0.20144240847252978,3,0.5,ratio,0.05,0.18204305215050187,0.15765390774479,0.25,211
he_jitter,erm,True,0.15696341220298832,0.15592193554855885,0.024311649985208936,0.012335619913805818,0.040998826417591894,0.04036476094294943,0.20144240847252978,3,0.5,ratio,0.1,0.18204305215050187,0.15765390774479,0.25,54
he_jitter,erm,True,0.15696341220298832,0.15592193554855885,0.024311649985208936,0.012335619913805818,0.040998826417591894,0.04036476094294943,0.20144240847252978,3,0.5,ratio,0.2,0.18204305215050187,0.15765390774479,0.25,16
he_jitter,erm,True,0.15696341220298832,0.15592193554855885,0.024311649985208936,0.012335619913805818,0.040998826417591894,0.04036476094294943,0.20144240847252978,3,0.5,design,0.02,0.18204305215050187,0.15765390774479,0.25,
he_jitter,erm,True,0.15696341220298832,0.15592193554855885,0.024311649985208936,0.012335619913805818,0.040998826417591894,0.04036476094294943,0.20144240847252978,3,0.5,design,0.05,0.18204305215050187,0.15765390774479,0.25,
he_jitter,erm,True,0.15696341220298832,0.15592193554855885,0.024311649985208936,0.012335619913805818,0.040998826417591894,0.04036476094294943,0.20144240847252978,3,0.5,design,0.1,0.18204305215050187,0.15765390774479,0.25,
he_jitter,erm,True,0.15696341220298832,0.15592193554855885,0.024311649985208936,0.012335619913805818,0.040998826417591894,0.04036476094294943,0.20144240847252978,3,0.5,design,0.2,0.18204305215050187,0.15765390774479,0.25,
he_jitter,erm,True,0.15696341220298832,0.15592193554855885,0.024311649985208936,0.012335619913805818,0.040998826417591894,0.04036476094294943,0.20144240847252978,5,0.0,none,0.02,0.15696341220298832,0.15696341220298832,0.0,486
he_jitter,erm,True,0.15696341220298832,0.15592193554855885,0.024311649985208936,0.012335619913805818,0.040998826417591894,0.04036476094294943,0.20144240847252978,5,0.0,none,0.05,0.15696341220298832,0.15696341220298832,0.0,80
he_jitter,erm,True,0.15696341220298832,0.15592193554855885,0.024311649985208936,0.012335619913805818,0.040998826417591894,0.04036476094294943,0.20144240847252978,5,0.0,none,0.1,0.15696341220298832,0.15696341220298832,0.0,22
he_jitter,erm,True,0.15696341220298832,0.15592193554855885,0.024311649985208936,0.012335619913805818,0.040998826417591894,0.04036476094294943,0.20144240847252978,5,0.0,none,0.2,0.15696341220298832,0.15696341220298832,0.0,7
he_jitter,erm,True,0.15696341220298832,0.15592193554855885,0.024311649985208936,0.012335619913805818,0.040998826417591894,0.04036476094294943,0.20144240847252978,5,0.25,ratio,0.02,0.16780094592072978,0.15696341220298832,0.125,831
he_jitter,erm,True,0.15696341220298832,0.15592193554855885,0.024311649985208936,0.012335619913805818,0.040998826417591894,0.04036476094294943,0.20144240847252978,5,0.25,ratio,0.05,0.16780094592072978,0.15696341220298832,0.125,135
he_jitter,erm,True,0.15696341220298832,0.15592193554855885,0.024311649985208936,0.012335619913805818,0.040998826417591894,0.04036476094294943,0.20144240847252978,5,0.25,ratio,0.1,0.16780094592072978,0.15696341220298832,0.125,36
he_jitter,erm,True,0.15696341220298832,0.15592193554855885,0.024311649985208936,0.012335619913805818,0.040998826417591894,0.04036476094294943,0.20144240847252978,5,0.25,ratio,0.2,0.16780094592072978,0.15696341220298832,0.125,11
he_jitter,erm,True,0.15696341220298832,0.15592193554855885,0.024311649985208936,0.012335619913805818,0.040998826417591894,0.04036476094294943,0.20144240847252978,5,0.25,design,0.02,0.16780094592072978,0.15696341220298832,0.125,
he_jitter,erm,True,0.15696341220298832,0.15592193554855885,0.024311649985208936,0.012335619913805818,0.040998826417591894,0.04036476094294943,0.20144240847252978,5,0.25,design,0.05,0.16780094592072978,0.15696341220298832,0.125,
he_jitter,erm,True,0.15696341220298832,0.15592193554855885,0.024311649985208936,0.012335619913805818,0.040998826417591894,0.04036476094294943,0.20144240847252978,5,0.25,design,0.1,0.16780094592072978,0.15696341220298832,0.125,
he_jitter,erm,True,0.15696341220298832,0.15592193554855885,0.024311649985208936,0.012335619913805818,0.040998826417591894,0.04036476094294943,0.20144240847252978,5,0.25,design,0.2,0.16780094592072978,0.15696341220298832,0.125,
he_jitter,erm,True,0.15696341220298832,0.15592193554855885,0.024311649985208936,0.012335619913805818,0.040998826417591894,0.04036476094294943,0.20144240847252978,5,0.5,ratio,0.02,0.181245736576635,0.15696341220298832,0.25,
he_jitter,erm,True,0.15696341220298832,0.15592193554855885,0.024311649985208936,0.012335619913805818,0.040998826417591894,0.04036476094294943,0.20144240847252978,5,0.5,ratio,0.05,0.181245736576635,0.15696341220298832,0.25,209
he_jitter,erm,True,0.15696341220298832,0.15592193554855885,0.024311649985208936,0.012335619913805818,0.040998826417591894,0.04036476094294943,0.20144240847252978,5,0.5,ratio,0.1,0.181245736576635,0.15696341220298832,0.25,54
he_jitter,erm,True,0.15696341220298832,0.15592193554855885,0.024311649985208936,0.012335619913805818,0.040998826417591894,0.04036476094294943,0.20144240847252978,5,0.5,ratio,0.2,0.181245736576635,0.15696341220298832,0.25,15
he_jitter,erm,True,0.15696341220298832,0.15592193554855885,0.024311649985208936,0.012335619913805818,0.040998826417591894,0.04036476094294943,0.20144240847252978,5,0.5,design,0.02,0.181245736576635,0.15696341220298832,0.25,
he_jitter,erm,True,0.15696341220298832,0.15592193554855885,0.024311649985208936,0.012335619913805818,0.040998826417591894,0.04036476094294943,0.20144240847252978,5,0.5,design,0.05,0.181245736576635,0.15696341220298832,0.25,
he_jitter,erm,True,0.15696341220298832,0.15592193554855885,0.024311649985208936,0.012335619913805818,0.040998826417591894,0.04036476094294943,0.20144240847252978,5,0.5,design,0.1,0.181245736576635,0.15696341220298832,0.25,
he_jitter,erm,True,0.15696341220298832,0.15592193554855885,0.024311649985208936,0.012335619913805818,0.040998826417591894,0.04036476094294943,0.20144240847252978,5,0.5,design,0.2,0.181245736576635,0.15696341220298832,0.25,
he_jitter,erm,True,0.15696341220298832,0.15592193554855885,0.024311649985208936,0.012335619913805818,0.040998826417591894,0.04036476094294943,0.20144240847252978,10,0.0,none,0.02,0.15644354054356824,0.15644354054356824,0.0,483
he_jitter,erm,True,0.15696341220298832,0.15592193554855885,0.024311649985208936,0.012335619913805818,0.040998826417591894,0.04036476094294943,0.20144240847252978,10,0.0,none,0.05,0.15644354054356824,0.15644354054356824,0.0,79
he_jitter,erm,True,0.15696341220298832,0.15592193554855885,0.024311649985208936,0.012335619913805818,0.040998826417591894,0.04036476094294943,0.20144240847252978,10,0.0,none,0.1,0.15644354054356824,0.15644354054356824,0.0,22
he_jitter,erm,True,0.15696341220298832,0.15592193554855885,0.024311649985208936,0.012335619913805818,0.040998826417591894,0.04036476094294943,0.20144240847252978,10,0.0,none,0.2,0.15644354054356824,0.15644354054356824,0.0,7
he_jitter,erm,True,0.15696341220298832,0.15592193554855885,0.024311649985208936,0.012335619913805818,0.040998826417591894,0.04036476094294943,0.20144240847252978,10,0.25,ratio,0.02,0.16724517973940306,0.15644354054356824,0.125,826
he_jitter,erm,True,0.15696341220298832,0.15592193554855885,0.024311649985208936,0.012335619913805818,0.040998826417591894,0.04036476094294943,0.20144240847252978,10,0.25,ratio,0.05,0.16724517973940306,0.15644354054356824,0.125,134
he_jitter,erm,True,0.15696341220298832,0.15592193554855885,0.024311649985208936,0.012335619913805818,0.040998826417591894,0.04036476094294943,0.20144240847252978,10,0.25,ratio,0.1,0.16724517973940306,0.15644354054356824,0.125,35
he_jitter,erm,True,0.15696341220298832,0.15592193554855885,0.024311649985208936,0.012335619913805818,0.040998826417591894,0.04036476094294943,0.20144240847252978,10,0.25,ratio,0.2,0.16724517973940306,0.15644354054356824,0.125,11
he_jitter,erm,True,0.15696341220298832,0.15592193554855885,0.024311649985208936,0.012335619913805818,0.040998826417591894,0.04036476094294943,0.20144240847252978,10,0.25,design,0.02,0.16724517973940306,0.15644354054356824,0.125,
he_jitter,erm,True,0.15696341220298832,0.15592193554855885,0.024311649985208936,0.012335619913805818,0.040998826417591894,0.04036476094294943,0.20144240847252978,10,0.25,design,0.05,0.16724517973940306,0.15644354054356824,0.125,
he_jitter,erm,True,0.15696341220298832,0.15592193554855885,0.024311649985208936,0.012335619913805818,0.040998826417591894,0.04036476094294943,0.20144240847252978,10,0.25,design,0.1,0.16724517973940306,0.15644354054356824,0.125,
he_jitter,erm,True,0.15696341220298832,0.15592193554855885,0.024311649985208936,0.012335619913805818,0.040998826417591894,0.04036476094294943,0.20144240847252978,10,0.25,design,0.2,0.16724517973940306,0.15644354054356824,0.125,
he_jitter,erm,True,0.15696341220298832,0.15592193554855885,0.024311649985208936,0.012335619913805818,0.040998826417591894,0.04036476094294943,0.20144240847252978,10,0.5,ratio,0.02,0.18064544049161452,0.15644354054356824,0.25,
he_jitter,erm,True,0.15696341220298832,0.15592193554855885,0.024311649985208936,0.012335619913805818,0.040998826417591894,0.04036476094294943,0.20144240847252978,10,0.5,ratio,0.05,0.18064544049161452,0.15644354054356824,0.25,207
he_jitter,erm,True,0.15696341220298832,0.15592193554855885,0.024311649985208936,0.012335619913805818,0.040998826417591894,0.04036476094294943,0.20144240847252978,10,0.5,ratio,0.1,0.18064544049161452,0.15644354054356824,0.25,54
he_jitter,erm,True,0.15696341220298832,0.15592193554855885,0.024311649985208936,0.012335619913805818,0.040998826417591894,0.04036476094294943,0.20144240847252978,10,0.5,ratio,0.2,0.18064544049161452,0.15644354054356824,0.25,15
he_jitter,erm,True,0.15696341220298832,0.15592193554855885,0.024311649985208936,0.012335619913805818,0.040998826417591894,0.04036476094294943,0.20144240847252978,10,0.5,design,0.02,0.18064544049161452,0.15644354054356824,0.25,
he_jitter,erm,True,0.15696341220298832,0.15592193554855885,0.024311649985208936,0.012335619913805818,0.040998826417591894,0.04036476094294943,0.20144240847252978,10,0.5,design,0.05,0.18064544049161452,0.15644354054356824,0.25,
he_jitter,erm,True,0.15696341220298832,0.15592193554855885,0.024311649985208936,0.012335619913805818,0.040998826417591894,0.04036476094294943,0.20144240847252978,10,0.5,design,0.1,0.18064544049161452,0.15644354054356824,0.25,
he_jitter,erm,True,0.15696341220298832,0.15592193554855885,0.024311649985208936,0.012335619913805818,0.040998826417591894,0.04036476094294943,0.20144240847252978,10,0.5,design,0.2,0.18064544049161452,0.15644354054356824,0.25,
irm,erm,True,0.01317935796921607,0.0,-9.068552831209144e-05,0.05802911913968669,0.040998826417591894,0.036358011826338264,0.7831400590008156,1,0.0,none,0.02,0.036358011826338264,0.036358011826338264,0.0,28
irm,erm,True,0.01317935796921607,0.0,-9.068552831209144e-05,0.05802911913968669,0.040998826417591894,0.036358011826338264,0.7831400590008156,1,0.0,none,0.05,0.036358011826338264,0.036358011826338264,0.0,7
irm,erm,True,0.01317935796921607,0.0,-9.068552831209144e-05,0.05802911913968669,0.040998826417591894,0.036358011826338264,0.7831400590008156,1,0.0,none,0.1,0.036358011826338264,0.036358011826338264,0.0,4
irm,erm,True,0.01317935796921607,0.0,-9.068552831209144e-05,0.05802911913968669,0.040998826417591894,0.036358011826338264,0.7831400590008156,1,0.0,none,0.2,0.036358011826338264,0.036358011826338264,0.0,3
irm,erm,True,0.01317935796921607,0.0,-9.068552831209144e-05,0.05802911913968669,0.040998826417591894,0.036358011826338264,0.7831400590008156,1,0.25,ratio,0.02,0.03886834957669511,0.036358011826338264,0.125,47
irm,erm,True,0.01317935796921607,0.0,-9.068552831209144e-05,0.05802911913968669,0.040998826417591894,0.036358011826338264,0.7831400590008156,1,0.25,ratio,0.05,0.03886834957669511,0.036358011826338264,0.125,10
irm,erm,True,0.01317935796921607,0.0,-9.068552831209144e-05,0.05802911913968669,0.040998826417591894,0.036358011826338264,0.7831400590008156,1,0.25,ratio,0.1,0.03886834957669511,0.036358011826338264,0.125,5
irm,erm,True,0.01317935796921607,0.0,-9.068552831209144e-05,0.05802911913968669,0.040998826417591894,0.036358011826338264,0.7831400590008156,1,0.25,ratio,0.2,0.03886834957669511,0.036358011826338264,0.125,3
irm,erm,True,0.01317935796921607,0.0,-9.068552831209144e-05,0.05802911913968669,0.040998826417591894,0.036358011826338264,0.7831400590008156,1,0.25,design,0.02,0.03886834957669511,0.036358011826338264,0.125,
irm,erm,True,0.01317935796921607,0.0,-9.068552831209144e-05,0.05802911913968669,0.040998826417591894,0.036358011826338264,0.7831400590008156,1,0.25,design,0.05,0.03886834957669511,0.036358011826338264,0.125,
irm,erm,True,0.01317935796921607,0.0,-9.068552831209144e-05,0.05802911913968669,0.040998826417591894,0.036358011826338264,0.7831400590008156,1,0.25,design,0.1,0.03886834957669511,0.036358011826338264,0.125,4
irm,erm,True,0.01317935796921607,0.0,-9.068552831209144e-05,0.05802911913968669,0.040998826417591894,0.036358011826338264,0.7831400590008156,1,0.25,design,0.2,0.03886834957669511,0.036358011826338264,0.125,3
irm,erm,True,0.01317935796921607,0.0,-9.068552831209144e-05,0.05802911913968669,0.040998826417591894,0.036358011826338264,0.7831400590008156,1,0.5,ratio,0.02,0.04198261583027199,0.036358011826338264,0.25,72
irm,erm,True,0.01317935796921607,0.0,-9.068552831209144e-05,0.05802911913968669,0.040998826417591894,0.036358011826338264,0.7831400590008156,1,0.5,ratio,0.05,0.04198261583027199,0.036358011826338264,0.25,14
irm,erm,True,0.01317935796921607,0.0,-9.068552831209144e-05,0.05802911913968669,0.040998826417591894,0.036358011826338264,0.7831400590008156,1,0.5,ratio,0.1,0.04198261583027199,0.036358011826338264,0.25,5
irm,erm,True,0.01317935796921607,0.0,-9.068552831209144e-05,0.05802911913968669,0.040998826417591894,0.036358011826338264,0.7831400590008156,1,0.5,ratio,0.2,0.04198261583027199,0.036358011826338264,0.25,3
irm,erm,True,0.01317935796921607,0.0,-9.068552831209144e-05,0.05802911913968669,0.040998826417591894,0.036358011826338264,0.7831400590008156,1,0.5,design,0.02,0.04198261583027199,0.036358011826338264,0.25,
irm,erm,True,0.01317935796921607,0.0,-9.068552831209144e-05,0.05802911913968669,0.040998826417591894,0.036358011826338264,0.7831400590008156,1,0.5,design,0.05,0.04198261583027199,0.036358011826338264,0.25,
irm,erm,True,0.01317935796921607,0.0,-9.068552831209144e-05,0.05802911913968669,0.040998826417591894,0.036358011826338264,0.7831400590008156,1,0.5,design,0.1,0.04198261583027199,0.036358011826338264,0.25,5
irm,erm,True,0.01317935796921607,0.0,-9.068552831209144e-05,0.05802911913968669,0.040998826417591894,0.036358011826338264,0.7831400590008156,1,0.5,design,0.2,0.04198261583027199,0.036358011826338264,0.25,3
irm,erm,True,0.01317935796921607,0.0,-9.068552831209144e-05,0.05802911913968669,0.040998826417591894,0.036358011826338264,0.7831400590008156,3,0.0,none,0.02,0.020991307915135992,0.020991307915135992,0.0,11
irm,erm,True,0.01317935796921607,0.0,-9.068552831209144e-05,0.05802911913968669,0.040998826417591894,0.036358011826338264,0.7831400590008156,3,0.0,none,0.05,0.020991307915135992,0.020991307915135992,0.0,4
irm,erm,True,0.01317935796921607,0.0,-9.068552831209144e-05,0.05802911913968669,0.040998826417591894,0.036358011826338264,0.7831400590008156,3,0.0,none,0.1,0.020991307915135992,0.020991307915135992,0.0,3
irm,erm,True,0.01317935796921607,0.0,-9.068552831209144e-05,0.05802911913968669,0.040998826417591894,0.036358011826338264,0.7831400590008156,3,0.0,none,0.2,0.020991307915135992,0.020991307915135992,0.0,3
irm,erm,True,0.01317935796921607,0.0,-9.068552831209144e-05,0.05802911913968669,0.040998826417591894,0.036358011826338264,0.7831400590008156,3,0.25,ratio,0.02,0.022440652091061396,0.020991307915135992,0.125,17
irm,erm,True,0.01317935796921607,0.0,-9.068552831209144e-05,0.05802911913968669,0.040998826417591894,0.036358011826338264,0.7831400590008156,3,0.25,ratio,0.05,0.022440652091061396,0.020991307915135992,0.125,5
irm,erm,True,0.01317935796921607,0.0,-9.068552831209144e-05,0.05802911913968669,0.040998826417591894,0.036358011826338264,0.7831400590008156,3,0.25,ratio,0.1,0.022440652091061396,0.020991307915135992,0.125,3
irm,erm,True,0.01317935796921607,0.0,-9.068552831209144e-05,0.05802911913968669,0.040998826417591894,0.036358011826338264,0.7831400590008156,3,0.25,ratio,0.2,0.022440652091061396,0.020991307915135992,0.125,3
irm,erm,True,0.01317935796921607,0.0,-9.068552831209144e-05,0.05802911913968669,0.040998826417591894,0.036358011826338264,0.7831400590008156,3,0.25,design,0.02,0.022440652091061396,0.020991307915135992,0.125,
irm,erm,True,0.01317935796921607,0.0,-9.068552831209144e-05,0.05802911913968669,0.040998826417591894,0.036358011826338264,0.7831400590008156,3,0.25,design,0.05,0.022440652091061396,0.020991307915135992,0.125,5
irm,erm,True,0.01317935796921607,0.0,-9.068552831209144e-05,0.05802911913968669,0.040998826417591894,0.036358011826338264,0.7831400590008156,3,0.25,design,0.1,0.022440652091061396,0.020991307915135992,0.125,3
irm,erm,True,0.01317935796921607,0.0,-9.068552831209144e-05,0.05802911913968669,0.040998826417591894,0.036358011826338264,0.7831400590008156,3,0.25,design,0.2,0.022440652091061396,0.020991307915135992,0.125,3
irm,erm,True,0.01317935796921607,0.0,-9.068552831209144e-05,0.05802911913968669,0.040998826417591894,0.036358011826338264,0.7831400590008156,3,0.5,ratio,0.02,0.024238674550892174,0.020991307915135992,0.25,26
irm,erm,True,0.01317935796921607,0.0,-9.068552831209144e-05,0.05802911913968669,0.040998826417591894,0.036358011826338264,0.7831400590008156,3,0.5,ratio,0.05,0.024238674550892174,0.020991307915135992,0.25,6
irm,erm,True,0.01317935796921607,0.0,-9.068552831209144e-05,0.05802911913968669,0.040998826417591894,0.036358011826338264,0.7831400590008156,3,0.5,ratio,0.1,0.024238674550892174,0.020991307915135992,0.25,4
irm,erm,True,0.01317935796921607,0.0,-9.068552831209144e-05,0.05802911913968669,0.040998826417591894,0.036358011826338264,0.7831400590008156,3,0.5,ratio,0.2,0.024238674550892174,0.020991307915135992,0.25,3
irm,erm,True,0.01317935796921607,0.0,-9.068552831209144e-05,0.05802911913968669,0.040998826417591894,0.036358011826338264,0.7831400590008156,3,0.5,design,0.02,0.024238674550892174,0.020991307915135992,0.25,
irm,erm,True,0.01317935796921607,0.0,-9.068552831209144e-05,0.05802911913968669,0.040998826417591894,0.036358011826338264,0.7831400590008156,3,0.5,design,0.05,0.024238674550892174,0.020991307915135992,0.25,15
irm,erm,True,0.01317935796921607,0.0,-9.068552831209144e-05,0.05802911913968669,0.040998826417591894,0.036358011826338264,0.7831400590008156,3,0.5,design,0.1,0.024238674550892174,0.020991307915135992,0.25,3
irm,erm,True,0.01317935796921607,0.0,-9.068552831209144e-05,0.05802911913968669,0.040998826417591894,0.036358011826338264,0.7831400590008156,3,0.5,design,0.2,0.024238674550892174,0.020991307915135992,0.25,3
irm,erm,True,0.01317935796921607,0.0,-9.068552831209144e-05,0.05802911913968669,0.040998826417591894,0.036358011826338264,0.7831400590008156,5,0.0,none,0.02,0.016259797194086725,0.016259797194086725,0.0,8
irm,erm,True,0.01317935796921607,0.0,-9.068552831209144e-05,0.05802911913968669,0.040998826417591894,0.036358011826338264,0.7831400590008156,5,0.0,none,0.05,0.016259797194086725,0.016259797194086725,0.0,4
irm,erm,True,0.01317935796921607,0.0,-9.068552831209144e-05,0.05802911913968669,0.040998826417591894,0.036358011826338264,0.7831400590008156,5,0.0,none,0.1,0.016259797194086725,0.016259797194086725,0.0,3
irm,erm,True,0.01317935796921607,0.0,-9.068552831209144e-05,0.05802911913968669,0.040998826417591894,0.036358011826338264,0.7831400590008156,5,0.0,none,0.2,0.016259797194086725,0.016259797194086725,0.0,2
irm,erm,True,0.01317935796921607,0.0,-9.068552831209144e-05,0.05802911913968669,0.040998826417591894,0.036358011826338264,0.7831400590008156,5,0.25,ratio,0.02,0.017382454365343088,0.016259797194086725,0.125,11
irm,erm,True,0.01317935796921607,0.0,-9.068552831209144e-05,0.05802911913968669,0.040998826417591894,0.036358011826338264,0.7831400590008156,5,0.25,ratio,0.05,0.017382454365343088,0.016259797194086725,0.125,4
irm,erm,True,0.01317935796921607,0.0,-9.068552831209144e-05,0.05802911913968669,0.040998826417591894,0.036358011826338264,0.7831400590008156,5,0.25,ratio,0.1,0.017382454365343088,0.016259797194086725,0.125,3
irm,erm,True,0.01317935796921607,0.0,-9.068552831209144e-05,0.05802911913968669,0.040998826417591894,0.036358011826338264,0.7831400590008156,5,0.25,ratio,0.2,0.017382454365343088,0.016259797194086725,0.125,3
irm,erm,True,0.01317935796921607,0.0,-9.068552831209144e-05,0.05802911913968669,0.040998826417591894,0.036358011826338264,0.7831400590008156,5,0.25,design,0.02,0.017382454365343088,0.016259797194086725,0.125,
irm,erm,True,0.01317935796921607,0.0,-9.068552831209144e-05,0.05802911913968669,0.040998826417591894,0.036358011826338264,0.7831400590008156,5,0.25,design,0.05,0.017382454365343088,0.016259797194086725,0.125,4
irm,erm,True,0.01317935796921607,0.0,-9.068552831209144e-05,0.05802911913968669,0.040998826417591894,0.036358011826338264,0.7831400590008156,5,0.25,design,0.1,0.017382454365343088,0.016259797194086725,0.125,3
irm,erm,True,0.01317935796921607,0.0,-9.068552831209144e-05,0.05802911913968669,0.040998826417591894,0.036358011826338264,0.7831400590008156,5,0.25,design,0.2,0.017382454365343088,0.016259797194086725,0.125,3
irm,erm,True,0.01317935796921607,0.0,-9.068552831209144e-05,0.05802911913968669,0.040998826417591894,0.036358011826338264,0.7831400590008156,5,0.5,ratio,0.02,0.018775196573949385,0.016259797194086725,0.25,16
irm,erm,True,0.01317935796921607,0.0,-9.068552831209144e-05,0.05802911913968669,0.040998826417591894,0.036358011826338264,0.7831400590008156,5,0.5,ratio,0.05,0.018775196573949385,0.016259797194086725,0.25,5
irm,erm,True,0.01317935796921607,0.0,-9.068552831209144e-05,0.05802911913968669,0.040998826417591894,0.036358011826338264,0.7831400590008156,5,0.5,ratio,0.1,0.018775196573949385,0.016259797194086725,0.25,3
irm,erm,True,0.01317935796921607,0.0,-9.068552831209144e-05,0.05802911913968669,0.040998826417591894,0.036358011826338264,0.7831400590008156,5,0.5,ratio,0.2,0.018775196573949385,0.016259797194086725,0.25,3
irm,erm,True,0.01317935796921607,0.0,-9.068552831209144e-05,0.05802911913968669,0.040998826417591894,0.036358011826338264,0.7831400590008156,5,0.5,design,0.02,0.018775196573949385,0.016259797194086725,0.25,
irm,erm,True,0.01317935796921607,0.0,-9.068552831209144e-05,0.05802911913968669,0.040998826417591894,0.036358011826338264,0.7831400590008156,5,0.5,design,0.05,0.018775196573949385,0.016259797194086725,0.25,4
irm,erm,True,0.01317935796921607,0.0,-9.068552831209144e-05,0.05802911913968669,0.040998826417591894,0.036358011826338264,0.7831400590008156,5,0.5,design,0.1,0.018775196573949385,0.016259797194086725,0.25,3
irm,erm,True,0.01317935796921607,0.0,-9.068552831209144e-05,0.05802911913968669,0.040998826417591894,0.036358011826338264,0.7831400590008156,5,0.5,design,0.2,0.018775196573949385,0.016259797194086725,0.25,3
irm,erm,True,0.01317935796921607,0.0,-9.068552831209144e-05,0.05802911913968669,0.040998826417591894,0.036358011826338264,0.7831400590008156,10,0.0,none,0.02,0.011497412856656722,0.011497412856656722,0.0,5
irm,erm,True,0.01317935796921607,0.0,-9.068552831209144e-05,0.05802911913968669,0.040998826417591894,0.036358011826338264,0.7831400590008156,10,0.0,none,0.05,0.011497412856656722,0.011497412856656722,0.0,3
irm,erm,True,0.01317935796921607,0.0,-9.068552831209144e-05,0.05802911913968669,0.040998826417591894,0.036358011826338264,0.7831400590008156,10,0.0,none,0.1,0.011497412856656722,0.011497412856656722,0.0,3
irm,erm,True,0.01317935796921607,0.0,-9.068552831209144e-05,0.05802911913968669,0.040998826417591894,0.036358011826338264,0.7831400590008156,10,0.0,none,0.2,0.011497412856656722,0.011497412856656722,0.0,2
irm,erm,True,0.01317935796921607,0.0,-9.068552831209144e-05,0.05802911913968669,0.040998826417591894,0.036358011826338264,0.7831400590008156,10,0.25,ratio,0.02,0.012291251355399801,0.011497412856656722,0.125,7
irm,erm,True,0.01317935796921607,0.0,-9.068552831209144e-05,0.05802911913968669,0.040998826417591894,0.036358011826338264,0.7831400590008156,10,0.25,ratio,0.05,0.012291251355399801,0.011497412856656722,0.125,3
irm,erm,True,0.01317935796921607,0.0,-9.068552831209144e-05,0.05802911913968669,0.040998826417591894,0.036358011826338264,0.7831400590008156,10,0.25,ratio,0.1,0.012291251355399801,0.011497412856656722,0.125,3
irm,erm,True,0.01317935796921607,0.0,-9.068552831209144e-05,0.05802911913968669,0.040998826417591894,0.036358011826338264,0.7831400590008156,10,0.25,ratio,0.2,0.012291251355399801,0.011497412856656722,0.125,2
irm,erm,True,0.01317935796921607,0.0,-9.068552831209144e-05,0.05802911913968669,0.040998826417591894,0.036358011826338264,0.7831400590008156,10,0.25,design,0.02,0.012291251355399801,0.011497412856656722,0.125,11
irm,erm,True,0.01317935796921607,0.0,-9.068552831209144e-05,0.05802911913968669,0.040998826417591894,0.036358011826338264,0.7831400590008156,10,0.25,design,0.05,0.012291251355399801,0.011497412856656722,0.125,3
irm,erm,True,0.01317935796921607,0.0,-9.068552831209144e-05,0.05802911913968669,0.040998826417591894,0.036358011826338264,0.7831400590008156,10,0.25,design,0.1,0.012291251355399801,0.011497412856656722,0.125,3
irm,erm,True,0.01317935796921607,0.0,-9.068552831209144e-05,0.05802911913968669,0.040998826417591894,0.036358011826338264,0.7831400590008156,10,0.25,design,0.2,0.012291251355399801,0.011497412856656722,0.125,3
irm,erm,True,0.01317935796921607,0.0,-9.068552831209144e-05,0.05802911913968669,0.040998826417591894,0.036358011826338264,0.7831400590008156,10,0.5,ratio,0.02,0.013276068815550046,0.011497412856656722,0.25,10
irm,erm,True,0.01317935796921607,0.0,-9.068552831209144e-05,0.05802911913968669,0.040998826417591894,0.036358011826338264,0.7831400590008156,10,0.5,ratio,0.05,0.013276068815550046,0.011497412856656722,0.25,4
irm,erm,True,0.01317935796921607,0.0,-9.068552831209144e-05,0.05802911913968669,0.040998826417591894,0.036358011826338264,0.7831400590008156,10,0.5,ratio,0.1,0.013276068815550046,0.011497412856656722,0.25,3
irm,erm,True,0.01317935796921607,0.0,-9.068552831209144e-05,0.05802911913968669,0.040998826417591894,0.036358011826338264,0.7831400590008156,10,0.5,ratio,0.2,0.013276068815550046,0.011497412856656722,0.25,3
irm,erm,True,0.01317935796921607,0.0,-9.068552831209144e-05,0.05802911913968669,0.040998826417591894,0.036358011826338264,0.7831400590008156,10,0.5,design,0.02,0.013276068815550046,0.011497412856656722,0.25,
irm,erm,True,0.01317935796921607,0.0,-9.068552831209144e-05,0.05802911913968669,0.040998826417591894,0.036358011826338264,0.7831400590008156,10,0.5,design,0.05,0.013276068815550046,0.011497412856656722,0.25,3
irm,erm,True,0.01317935796921607,0.0,-9.068552831209144e-05,0.05802911913968669,0.040998826417591894,0.036358011826338264,0.7831400590008156,10,0.5,design,0.1,0.013276068815550046,0.011497412856656722,0.25,3
irm,erm,True,0.01317935796921607,0.0,-9.068552831209144e-05,0.05802911913968669,0.040998826417591894,0.036358011826338264,0.7831400590008156,10,0.5,design,0.2,0.013276068815550046,0.011497412856656722,0.25,3
lisa,erm,True,0.11471937983793196,0.11267420983299112,0.012695477561488913,0.03346501908902024,0.040998826417591894,0.0482212893290296,0.17329057517540825,1,0.0,none,0.02,0.12255925222537423,0.12255925222537423,0.0,297
lisa,erm,True,0.11471937983793196,0.11267420983299112,0.012695477561488913,0.03346501908902024,0.040998826417591894,0.0482212893290296,0.17329057517540825,1,0.0,none,0.05,0.12255925222537423,0.12255925222537423,0.0,50
lisa,erm,True,0.11471937983793196,0.11267420983299112,0.012695477561488913,0.03346501908902024,0.040998826417591894,0.0482212893290296,0.17329057517540825,1,0.0,none,0.1,0.12255925222537423,0.12255925222537423,0.0,14
lisa,erm,True,0.11471937983793196,0.11267420983299112,0.012695477561488913,0.03346501908902024,0.040998826417591894,0.0482212893290296,0.17329057517540825,1,0.0,none,0.2,0.12255925222537423,0.12255925222537423,0.0,6
lisa,erm,True,0.11471937983793196,0.11267420983299112,0.012695477561488913,0.03346501908902024,0.040998826417591894,0.0482212893290296,0.17329057517540825,1,0.25,ratio,0.02,0.1310213518304463,0.12255925222537423,0.125,508
lisa,erm,True,0.11471937983793196,0.11267420983299112,0.012695477561488913,0.03346501908902024,0.040998826417591894,0.0482212893290296,0.17329057517540825,1,0.25,ratio,0.05,0.1310213518304463,0.12255925222537423,0.125,83
lisa,erm,True,0.11471937983793196,0.11267420983299112,0.012695477561488913,0.03346501908902024,0.040998826417591894,0.0482212893290296,0.17329057517540825,1,0.25,ratio,0.1,0.1310213518304463,0.12255925222537423,0.125,23
lisa,erm,True,0.11471937983793196,0.11267420983299112,0.012695477561488913,0.03346501908902024,0.040998826417591894,0.0482212893290296,0.17329057517540825,1,0.25,ratio,0.2,0.1310213518304463,0.12255925222537423,0.125,8
lisa,erm,True,0.11471937983793196,0.11267420983299112,0.012695477561488913,0.03346501908902024,0.040998826417591894,0.0482212893290296,0.17329057517540825,1,0.25,design,0.02,0.1310213518304463,0.12255925222537423,0.125,
lisa,erm,True,0.11471937983793196,0.11267420983299112,0.012695477561488913,0.03346501908902024,0.040998826417591894,0.0482212893290296,0.17329057517540825,1,0.25,design,0.05,0.1310213518304463,0.12255925222537423,0.125,
lisa,erm,True,0.11471937983793196,0.11267420983299112,0.012695477561488913,0.03346501908902024,0.040998826417591894,0.0482212893290296,0.17329057517540825,1,0.25,design,0.1,0.1310213518304463,0.12255925222537423,0.125,
lisa,erm,True,0.11471937983793196,0.11267420983299112,0.012695477561488913,0.03346501908902024,0.040998826417591894,0.0482212893290296,0.17329057517540825,1,0.25,design,0.2,0.1310213518304463,0.12255925222537423,0.125,19
lisa,erm,True,0.11471937983793196,0.11267420983299112,0.012695477561488913,0.03346501908902024,0.040998826417591894,0.0482212893290296,0.17329057517540825,1,0.5,ratio,0.02,0.1415192345279981,0.12255925222537423,0.25,788
lisa,erm,True,0.11471937983793196,0.11267420983299112,0.012695477561488913,0.03346501908902024,0.040998826417591894,0.0482212893290296,0.17329057517540825,1,0.5,ratio,0.05,0.1415192345279981,0.12255925222537423,0.25,128
lisa,erm,True,0.11471937983793196,0.11267420983299112,0.012695477561488913,0.03346501908902024,0.040998826417591894,0.0482212893290296,0.17329057517540825,1,0.5,ratio,0.1,0.1415192345279981,0.12255925222537423,0.25,34
lisa,erm,True,0.11471937983793196,0.11267420983299112,0.012695477561488913,0.03346501908902024,0.040998826417591894,0.0482212893290296,0.17329057517540825,1,0.5,ratio,0.2,0.1415192345279981,0.12255925222537423,0.25,10
lisa,erm,True,0.11471937983793196,0.11267420983299112,0.012695477561488913,0.03346501908902024,0.040998826417591894,0.0482212893290296,0.17329057517540825,1,0.5,design,0.02,0.1415192345279981,0.12255925222537423,0.25,
lisa,erm,True,0.11471937983793196,0.11267420983299112,0.012695477561488913,0.03346501908902024,0.040998826417591894,0.0482212893290296,0.17329057517540825,1,0.5,design,0.05,0.1415192345279981,0.12255925222537423,0.25,
lisa,erm,True,0.11471937983793196,0.11267420983299112,0.012695477561488913,0.03346501908902024,0.040998826417591894,0.0482212893290296,0.17329057517540825,1,0.5,design,0.1,0.1415192345279981,0.12255925222537423,0.25,
lisa,erm,True,0.11471937983793196,0.11267420983299112,0.012695477561488913,0.03346501908902024,0.040998826417591894,0.0482212893290296,0.17329057517540825,1,0.5,design,0.2,0.1415192345279981,0.12255925222537423,0.25,
lisa,erm,True,0.11471937983793196,0.11267420983299112,0.012695477561488913,0.03346501908902024,0.040998826417591894,0.0482212893290296,0.17329057517540825,3,0.0,none,0.02,0.11606280688923092,0.11606280688923092,0.0,267
lisa,erm,True,0.11471937983793196,0.11267420983299112,0.012695477561488913,0.03346501908902024,0.040998826417591894,0.0482212893290296,0.17329057517540825,3,0.0,none,0.05,0.11606280688923092,0.11606280688923092,0.0,45
lisa,erm,True,0.11471937983793196,0.11267420983299112,0.012695477561488913,0.03346501908902024,0.040998826417591894,0.0482212893290296,0.17329057517540825,3,0.0,none,0.1,0.11606280688923092,0.11606280688923092,0.0,13
lisa,erm,True,0.11471937983793196,0.11267420983299112,0.012695477561488913,0.03346501908902024,0.040998826417591894,0.0482212893290296,0.17329057517540825,3,0.0,none,0.2,0.11606280688923092,0.11606280688923092,0.0,5
lisa,erm,True,0.11471937983793196,0.11267420983299112,0.012695477561488913,0.03346501908902024,0.040998826417591894,0.0482212893290296,0.17329057517540825,3,0.25,ratio,0.02,0.12407635963623095,0.11606280688923092,0.125,456
lisa,erm,True,0.11471937983793196,0.11267420983299112,0.012695477561488913,0.03346501908902024,0.040998826417591894,0.0482212893290296,0.17329057517540825,3,0.25,ratio,0.05,0.12407635963623095,0.11606280688923092,0.125,75
lisa,erm,True,0.11471937983793196,0.11267420983299112,0.012695477561488913,0.03346501908902024,0.040998826417591894,0.0482212893290296,0.17329057517540825,3,0.25,ratio,0.1,0.12407635963623095,0.11606280688923092,0.125,21
lisa,erm,True,0.11471937983793196,0.11267420983299112,0.012695477561488913,0.03346501908902024,0.040998826417591894,0.0482212893290296,0.17329057517540825,3,0.25,ratio,0.2,0.12407635963623095,0.11606280688923092,0.125,7
lisa,erm,True,0.11471937983793196,0.11267420983299112,0.012695477561488913,0.03346501908902024,0.040998826417591894,0.0482212893290296,0.17329057517540825,3,0.25,design,0.02,0.12407635963623095,0.11606280688923092,0.125,
lisa,erm,True,0.11471937983793196,0.11267420983299112,0.012695477561488913,0.03346501908902024,0.040998826417591894,0.0482212893290296,0.17329057517540825,3,0.25,design,0.05,0.12407635963623095,0.11606280688923092,0.125,
lisa,erm,True,0.11471937983793196,0.11267420983299112,0.012695477561488913,0.03346501908902024,0.040998826417591894,0.0482212893290296,0.17329057517540825,3,0.25,design,0.1,0.12407635963623095,0.11606280688923092,0.125,
lisa,erm,True,0.11471937983793196,0.11267420983299112,0.012695477561488913,0.03346501908902024,0.040998826417591894,0.0482212893290296,0.17329057517540825,3,0.25,design,0.2,0.12407635963623095,0.11606280688923092,0.125,12
lisa,erm,True,0.11471937983793196,0.11267420983299112,0.012695477561488913,0.03346501908902024,0.040998826417591894,0.0482212893290296,0.17329057517540825,3,0.5,ratio,0.02,0.13401778560080205,0.11606280688923092,0.25,707
lisa,erm,True,0.11471937983793196,0.11267420983299112,0.012695477561488913,0.03346501908902024,0.040998826417591894,0.0482212893290296,0.17329057517540825,3,0.5,ratio,0.05,0.13401778560080205,0.11606280688923092,0.25,115
lisa,erm,True,0.11471937983793196,0.11267420983299112,0.012695477561488913,0.03346501908902024,0.040998826417591894,0.0482212893290296,0.17329057517540825,3,0.5,ratio,0.1,0.13401778560080205,0.11606280688923092,0.25,31
lisa,erm,True,0.11471937983793196,0.11267420983299112,0.012695477561488913,0.03346501908902024,0.040998826417591894,0.0482212893290296,0.17329057517540825,3,0.5,ratio,0.2,0.13401778560080205,0.11606280688923092,0.25,10
lisa,erm,True,0.11471937983793196,0.11267420983299112,0.012695477561488913,0.03346501908902024,0.040998826417591894,0.0482212893290296,0.17329057517540825,3,0.5,design,0.02,0.13401778560080205,0.11606280688923092,0.25,
lisa,erm,True,0.11471937983793196,0.11267420983299112,0.012695477561488913,0.03346501908902024,0.040998826417591894,0.0482212893290296,0.17329057517540825,3,0.5,design,0.05,0.13401778560080205,0.11606280688923092,0.25,
lisa,erm,True,0.11471937983793196,0.11267420983299112,0.012695477561488913,0.03346501908902024,0.040998826417591894,0.0482212893290296,0.17329057517540825,3,0.5,design,0.1,0.13401778560080205,0.11606280688923092,0.25,
lisa,erm,True,0.11471937983793196,0.11267420983299112,0.012695477561488913,0.03346501908902024,0.040998826417591894,0.0482212893290296,0.17329057517540825,3,0.5,design,0.2,0.13401778560080205,0.11606280688923092,0.25,
lisa,erm,True,0.11471937983793196,0.11267420983299112,0.012695477561488913,0.03346501908902024,0.040998826417591894,0.0482212893290296,0.17329057517540825,5,0.0,none,0.02,0.11471937983793196,0.11471937983793196,0.0,261
lisa,erm,True,0.11471937983793196,0.11267420983299112,0.012695477561488913,0.03346501908902024,0.040998826417591894,0.0482212893290296,0.17329057517540825,5,0.0,none,0.05,0.11471937983793196,0.11471937983793196,0.0,44
lisa,erm,True,0.11471937983793196,0.11267420983299112,0.012695477561488913,0.03346501908902024,0.040998826417591894,0.0482212893290296,0.17329057517540825,5,0.0,none,0.1,0.11471937983793196,0.11471937983793196,0.0,13
lisa,erm,True,0.11471937983793196,0.11267420983299112,0.012695477561488913,0.03346501908902024,0.040998826417591894,0.0482212893290296,0.17329057517540825,5,0.0,none,0.2,0.11471937983793196,0.11471937983793196,0.0,5
lisa,erm,True,0.11471937983793196,0.11267420983299112,0.012695477561488913,0.03346501908902024,0.040998826417591894,0.0482212893290296,0.17329057517540825,5,0.25,ratio,0.02,0.12264017570763533,0.11471937983793196,0.125,445
lisa,erm,True,0.11471937983793196,0.11267420983299112,0.012695477561488913,0.03346501908902024,0.040998826417591894,0.0482212893290296,0.17329057517540825,5,0.25,ratio,0.05,0.12264017570763533,0.11471937983793196,0.125,73
lisa,erm,True,0.11471937983793196,0.11267420983299112,0.012695477561488913,0.03346501908902024,0.040998826417591894,0.0482212893290296,0.17329057517540825,5,0.25,ratio,0.1,0.12264017570763533,0.11471937983793196,0.125,20
lisa,erm,True,0.11471937983793196,0.11267420983299112,0.012695477561488913,0.03346501908902024,0.040998826417591894,0.0482212893290296,0.17329057517540825,5,0.25,ratio,0.2,0.12264017570763533,0.11471937983793196,0.125,7
lisa,erm,True,0.11471937983793196,0.11267420983299112,0.012695477561488913,0.03346501908902024,0.040998826417591894,0.0482212893290296,0.17329057517540825,5,0.25,design,0.02,0.12264017570763533,0.11471937983793196,0.125,
lisa,erm,True,0.11471937983793196,0.11267420983299112,0.012695477561488913,0.03346501908902024,0.040998826417591894,0.0482212893290296,0.17329057517540825,5,0.25,design,0.05,0.12264017570763533,0.11471937983793196,0.125,
lisa,erm,True,0.11471937983793196,0.11267420983299112,0.012695477561488913,0.03346501908902024,0.040998826417591894,0.0482212893290296,0.17329057517540825,5,0.25,design,0.1,0.12264017570763533,0.11471937983793196,0.125,
lisa,erm,True,0.11471937983793196,0.11267420983299112,0.012695477561488913,0.03346501908902024,0.040998826417591894,0.0482212893290296,0.17329057517540825,5,0.25,design,0.2,0.12264017570763533,0.11471937983793196,0.125,11
lisa,erm,True,0.11471937983793196,0.11267420983299112,0.012695477561488913,0.03346501908902024,0.040998826417591894,0.0482212893290296,0.17329057517540825,5,0.5,ratio,0.02,0.13246652966139388,0.11471937983793196,0.25,691
lisa,erm,True,0.11471937983793196,0.11267420983299112,0.012695477561488913,0.03346501908902024,0.040998826417591894,0.0482212893290296,0.17329057517540825,5,0.5,ratio,0.05,0.13246652966139388,0.11471937983793196,0.25,113
lisa,erm,True,0.11471937983793196,0.11267420983299112,0.012695477561488913,0.03346501908902024,0.040998826417591894,0.0482212893290296,0.17329057517540825,5,0.5,ratio,0.1,0.13246652966139388,0.11471937983793196,0.25,30
lisa,erm,True,0.11471937983793196,0.11267420983299112,0.012695477561488913,0.03346501908902024,0.040998826417591894,0.0482212893290296,0.17329057517540825,5,0.5,ratio,0.2,0.13246652966139388,0.11471937983793196,0.25,9
lisa,erm,True,0.11471937983793196,0.11267420983299112,0.012695477561488913,0.03346501908902024,0.040998826417591894,0.0482212893290296,0.17329057517540825,5,0.5,design,0.02,0.13246652966139388,0.11471937983793196,0.25,
lisa,erm,True,0.11471937983793196,0.11267420983299112,0.012695477561488913,0.03346501908902024,0.040998826417591894,0.0482212893290296,0.17329057517540825,5,0.5,design,0.05,0.13246652966139388,0.11471937983793196,0.25,
lisa,erm,True,0.11471937983793196,0.11267420983299112,0.012695477561488913,0.03346501908902024,0.040998826417591894,0.0482212893290296,0.17329057517540825,5,0.5,design,0.1,0.13246652966139388,0.11471937983793196,0.25,
lisa,erm,True,0.11471937983793196,0.11267420983299112,0.012695477561488913,0.03346501908902024,0.040998826417591894,0.0482212893290296,0.17329057517540825,5,0.5,design,0.2,0.13246652966139388,0.11471937983793196,0.25,
lisa,erm,True,0.11471937983793196,0.11267420983299112,0.012695477561488913,0.03346501908902024,0.040998826417591894,0.0482212893290296,0.17329057517540825,10,0.0,none,0.02,0.1137013932893714,0.1137013932893714,0.0,256
lisa,erm,True,0.11471937983793196,0.11267420983299112,0.012695477561488913,0.03346501908902024,0.040998826417591894,0.0482212893290296,0.17329057517540825,10,0.0,none,0.05,0.1137013932893714,0.1137013932893714,0.0,43
lisa,erm,True,0.11471937983793196,0.11267420983299112,0.012695477561488913,0.03346501908902024,0.040998826417591894,0.0482212893290296,0.17329057517540825,10,0.0,none,0.1,0.1137013932893714,0.1137013932893714,0.0,13
lisa,erm,True,0.11471937983793196,0.11267420983299112,0.012695477561488913,0.03346501908902024,0.040998826417591894,0.0482212893290296,0.17329057517540825,10,0.0,none,0.2,0.1137013932893714,0.1137013932893714,0.0,5
lisa,erm,True,0.11471937983793196,0.11267420983299112,0.012695477561488913,0.03346501908902024,0.040998826417591894,0.0482212893290296,0.17329057517540825,10,0.25,ratio,0.02,0.12155190231076159,0.1137013932893714,0.125,437
lisa,erm,True,0.11471937983793196,0.11267420983299112,0.012695477561488913,0.03346501908902024,0.040998826417591894,0.0482212893290296,0.17329057517540825,10,0.25,ratio,0.05,0.12155190231076159,0.1137013932893714,0.125,72
lisa,erm,True,0.11471937983793196,0.11267420983299112,0.012695477561488913,0.03346501908902024,0.040998826417591894,0.0482212893290296,0.17329057517540825,10,0.25,ratio,0.1,0.12155190231076159,0.1137013932893714,0.125,20
lisa,erm,True,0.11471937983793196,0.11267420983299112,0.012695477561488913,0.03346501908902024,0.040998826417591894,0.0482212893290296,0.17329057517540825,10,0.25,ratio,0.2,0.12155190231076159,0.1137013932893714,0.125,7
lisa,erm,True,0.11471937983793196,0.11267420983299112,0.012695477561488913,0.03346501908902024,0.040998826417591894,0.0482212893290296,0.17329057517540825,10,0.25,design,0.02,0.12155190231076159,0.1137013932893714,0.125,
lisa,erm,True,0.11471937983793196,0.11267420983299112,0.012695477561488913,0.03346501908902024,0.040998826417591894,0.0482212893290296,0.17329057517540825,10,0.25,design,0.05,0.12155190231076159,0.1137013932893714,0.125,
lisa,erm,True,0.11471937983793196,0.11267420983299112,0.012695477561488913,0.03346501908902024,0.040998826417591894,0.0482212893290296,0.17329057517540825,10,0.25,design,0.1,0.12155190231076159,0.1137013932893714,0.125,
lisa,erm,True,0.11471937983793196,0.11267420983299112,0.012695477561488913,0.03346501908902024,0.040998826417591894,0.0482212893290296,0.17329057517540825,10,0.25,design,0.2,0.12155190231076159,0.1137013932893714,0.125,11
lisa,erm,True,0.11471937983793196,0.11267420983299112,0.012695477561488913,0.03346501908902024,0.040998826417591894,0.0482212893290296,0.17329057517540825,10,0.5,ratio,0.02,0.13129106004570817,0.1137013932893714,0.25,679
lisa,erm,True,0.11471937983793196,0.11267420983299112,0.012695477561488913,0.03346501908902024,0.040998826417591894,0.0482212893290296,0.17329057517540825,10,0.5,ratio,0.05,0.13129106004570817,0.1137013932893714,0.25,111
lisa,erm,True,0.11471937983793196,0.11267420983299112,0.012695477561488913,0.03346501908902024,0.040998826417591894,0.0482212893290296,0.17329057517540825,10,0.5,ratio,0.1,0.13129106004570817,0.1137013932893714,0.25,30
lisa,erm,True,0.11471937983793196,0.11267420983299112,0.012695477561488913,0.03346501908902024,0.040998826417591894,0.0482212893290296,0.17329057517540825,10,0.5,ratio,0.2,0.13129106004570817,0.1137013932893714,0.25,9
lisa,erm,True,0.11471937983793196,0.11267420983299112,0.012695477561488913,0.03346501908902024,0.040998826417591894,0.0482212893290296,0.17329057517540825,10,0.5,design,0.02,0.13129106004570817,0.1137013932893714,0.25,
lisa,erm,True,0.11471937983793196,0.11267420983299112,0.012695477561488913,0.03346501908902024,0.040998826417591894,0.0482212893290296,0.17329057517540825,10,0.5,design,0.05,0.13129106004570817,0.1137013932893714,0.25,
lisa,erm,True,0.11471937983793196,0.11267420983299112,0.012695477561488913,0.03346501908902024,0.040998826417591894,0.0482212893290296,0.17329057517540825,10,0.5,design,0.1,0.13129106004570817,0.1137013932893714,0.25,
lisa,erm,True,0.11471937983793196,0.11267420983299112,0.012695477561488913,0.03346501908902024,0.040998826417591894,0.0482212893290296,0.17329057517540825,10,0.5,design,0.2,0.13129106004570817,0.1137013932893714,0.25,
macenko,erm,True,0.13425983681610518,0.1330772318562342,0.017709549638517917,0.007928606240469543,0.040998826417591894,0.039758907389997336,0.25071381764462247,1,0.0,none,0.02,0.13888959772194712,0.13888959772194712,0.0,381
macenko,erm,True,0.13425983681610518,0.1330772318562342,0.017709549638517917,0.007928606240469543,0.040998826417591894,0.039758907389997336,0.25071381764462247,1,0.0,none,0.05,0.13888959772194712,0.13888959772194712,0.0,63
macenko,erm,True,0.13425983681610518,0.1330772318562342,0.017709549638517917,0.007928606240469543,0.040998826417591894,0.039758907389997336,0.25071381764462247,1,0.0,none,0.1,0.13888959772194712,0.13888959772194712,0.0,18
macenko,erm,True,0.13425983681610518,0.1330772318562342,0.017709549638517917,0.007928606240469543,0.040998826417591894,0.039758907389997336,0.25071381764462247,1,0.0,none,0.2,0.13888959772194712,0.13888959772194712,0.0,6
macenko,erm,True,0.13425983681610518,0.1330772318562342,0.017709549638517917,0.007928606240469543,0.040998826417591894,0.039758907389997336,0.25071381764462247,1,0.25,ratio,0.02,0.14847922550353845,0.13888959772194712,0.125,651
macenko,erm,True,0.13425983681610518,0.1330772318562342,0.017709549638517917,0.007928606240469543,0.040998826417591894,0.039758907389997336,0.25071381764462247,1,0.25,ratio,0.05,0.14847922550353845,0.13888959772194712,0.125,106
macenko,erm,True,0.13425983681610518,0.1330772318562342,0.017709549638517917,0.007928606240469543,0.040998826417591894,0.039758907389997336,0.25071381764462247,1,0.25,ratio,0.1,0.14847922550353845,0.13888959772194712,0.125,28
macenko,erm,True,0.13425983681610518,0.1330772318562342,0.017709549638517917,0.007928606240469543,0.040998826417591894,0.039758907389997336,0.25071381764462247,1,0.25,ratio,0.2,0.14847922550353845,0.13888959772194712,0.125,9
macenko,erm,True,0.13425983681610518,0.1330772318562342,0.017709549638517917,0.007928606240469543,0.040998826417591894,0.039758907389997336,0.25071381764462247,1,0.25,design,0.02,0.14847922550353845,0.13888959772194712,0.125,
macenko,erm,True,0.13425983681610518,0.1330772318562342,0.017709549638517917,0.007928606240469543,0.040998826417591894,0.039758907389997336,0.25071381764462247,1,0.25,design,0.05,0.14847922550353845,0.13888959772194712,0.125,
macenko,erm,True,0.13425983681610518,0.1330772318562342,0.017709549638517917,0.007928606240469543,0.040998826417591894,0.039758907389997336,0.25071381764462247,1,0.25,design,0.1,0.14847922550353845,0.13888959772194712,0.125,
macenko,erm,True,0.13425983681610518,0.1330772318562342,0.017709549638517917,0.007928606240469543,0.040998826417591894,0.039758907389997336,0.25071381764462247,1,0.25,design,0.2,0.14847922550353845,0.13888959772194712,0.125,
macenko,erm,True,0.13425983681610518,0.1330772318562342,0.017709549638517917,0.007928606240469543,0.040998826417591894,0.039758907389997336,0.25071381764462247,1,0.5,ratio,0.02,0.16037589326481,0.13888959772194712,0.25,
macenko,erm,True,0.13425983681610518,0.1330772318562342,0.017709549638517917,0.007928606240469543,0.040998826417591894,0.039758907389997336,0.25071381764462247,1,0.5,ratio,0.05,0.16037589326481,0.13888959772194712,0.25,164
macenko,erm,True,0.13425983681610518,0.1330772318562342,0.017709549638517917,0.007928606240469543,0.040998826417591894,0.039758907389997336,0.25071381764462247,1,0.5,ratio,0.1,0.16037589326481,0.13888959772194712,0.25,43
macenko,erm,True,0.13425983681610518,0.1330772318562342,0.017709549638517917,0.007928606240469543,0.040998826417591894,0.039758907389997336,0.25071381764462247,1,0.5,ratio,0.2,0.16037589326481,0.13888959772194712,0.25,13
macenko,erm,True,0.13425983681610518,0.1330772318562342,0.017709549638517917,0.007928606240469543,0.040998826417591894,0.039758907389997336,0.25071381764462247,1,0.5,design,0.02,0.16037589326481,0.13888959772194712,0.25,
macenko,erm,True,0.13425983681610518,0.1330772318562342,0.017709549638517917,0.007928606240469543,0.040998826417591894,0.039758907389997336,0.25071381764462247,1,0.5,design,0.05,0.16037589326481,0.13888959772194712,0.25,
macenko,erm,True,0.13425983681610518,0.1330772318562342,0.017709549638517917,0.007928606240469543,0.040998826417591894,0.039758907389997336,0.25071381764462247,1,0.5,design,0.1,0.16037589326481,0.13888959772194712,0.25,
macenko,erm,True,0.13425983681610518,0.1330772318562342,0.017709549638517917,0.007928606240469543,0.040998826417591894,0.039758907389997336,0.25071381764462247,1,0.5,design,0.2,0.16037589326481,0.13888959772194712,0.25,
macenko,erm,True,0.13425983681610518,0.1330772318562342,0.017709549638517917,0.007928606240469543,0.040998826417591894,0.039758907389997336,0.25071381764462247,3,0.0,none,0.02,0.13504248668770893,0.13504248668770893,0.0,360
macenko,erm,True,0.13425983681610518,0.1330772318562342,0.017709549638517917,0.007928606240469543,0.040998826417591894,0.039758907389997336,0.25071381764462247,3,0.0,none,0.05,0.13504248668770893,0.13504248668770893,0.0,60
macenko,erm,True,0.13425983681610518,0.1330772318562342,0.017709549638517917,0.007928606240469543,0.040998826417591894,0.039758907389997336,0.25071381764462247,3,0.0,none,0.1,0.13504248668770893,0.13504248668770893,0.0,17
macenko,erm,True,0.13425983681610518,0.1330772318562342,0.017709549638517917,0.007928606240469543,0.040998826417591894,0.039758907389997336,0.25071381764462247,3,0.0,none,0.2,0.13504248668770893,0.13504248668770893,0.0,6
macenko,erm,True,0.13425983681610518,0.1330772318562342,0.017709549638517917,0.007928606240469543,0.040998826417591894,0.039758907389997336,0.25071381764462247,3,0.25,ratio,0.02,0.1443664908123965,0.13504248668770893,0.125,616
macenko,erm,True,0.13425983681610518,0.1330772318562342,0.017709549638517917,0.007928606240469543,0.040998826417591894,0.039758907389997336,0.25071381764462247,3,0.25,ratio,0.05,0.1443664908123965,0.13504248668770893,0.125,101
macenko,erm,True,0.13425983681610518,0.1330772318562342,0.017709549638517917,0.007928606240469543,0.040998826417591894,0.039758907389997336,0.25071381764462247,3,0.25,ratio,0.1,0.1443664908123965,0.13504248668770893,0.125,27
macenko,erm,True,0.13425983681610518,0.1330772318562342,0.017709549638517917,0.007928606240469543,0.040998826417591894,0.039758907389997336,0.25071381764462247,3,0.25,ratio,0.2,0.1443664908123965,0.13504248668770893,0.125,9
macenko,erm,True,0.13425983681610518,0.1330772318562342,0.017709549638517917,0.007928606240469543,0.040998826417591894,0.039758907389997336,0.25071381764462247,3,0.25,design,0.02,0.1443664908123965,0.13504248668770893,0.125,
macenko,erm,True,0.13425983681610518,0.1330772318562342,0.017709549638517917,0.007928606240469543,0.040998826417591894,0.039758907389997336,0.25071381764462247,3,0.25,design,0.05,0.1443664908123965,0.13504248668770893,0.125,
macenko,erm,True,0.13425983681610518,0.1330772318562342,0.017709549638517917,0.007928606240469543,0.040998826417591894,0.039758907389997336,0.25071381764462247,3,0.25,design,0.1,0.1443664908123965,0.13504248668770893,0.125,
macenko,erm,True,0.13425983681610518,0.1330772318562342,0.017709549638517917,0.007928606240469543,0.040998826417591894,0.039758907389997336,0.25071381764462247,3,0.25,design,0.2,0.1443664908123965,0.13504248668770893,0.125,
macenko,erm,True,0.13425983681610518,0.1330772318562342,0.017709549638517917,0.007928606240469543,0.040998826417591894,0.039758907389997336,0.25071381764462247,3,0.5,ratio,0.02,0.15593363208237043,0.13504248668770893,0.25,957
macenko,erm,True,0.13425983681610518,0.1330772318562342,0.017709549638517917,0.007928606240469543,0.040998826417591894,0.039758907389997336,0.25071381764462247,3,0.5,ratio,0.05,0.15593363208237043,0.13504248668770893,0.25,155
macenko,erm,True,0.13425983681610518,0.1330772318562342,0.017709549638517917,0.007928606240469543,0.040998826417591894,0.039758907389997336,0.25071381764462247,3,0.5,ratio,0.1,0.15593363208237043,0.13504248668770893,0.25,41
macenko,erm,True,0.13425983681610518,0.1330772318562342,0.017709549638517917,0.007928606240469543,0.040998826417591894,0.039758907389997336,0.25071381764462247,3,0.5,ratio,0.2,0.15593363208237043,0.13504248668770893,0.25,12
macenko,erm,True,0.13425983681610518,0.1330772318562342,0.017709549638517917,0.007928606240469543,0.040998826417591894,0.039758907389997336,0.25071381764462247,3,0.5,design,0.02,0.15593363208237043,0.13504248668770893,0.25,
macenko,erm,True,0.13425983681610518,0.1330772318562342,0.017709549638517917,0.007928606240469543,0.040998826417591894,0.039758907389997336,0.25071381764462247,3,0.5,design,0.05,0.15593363208237043,0.13504248668770893,0.25,
macenko,erm,True,0.13425983681610518,0.1330772318562342,0.017709549638517917,0.007928606240469543,0.040998826417591894,0.039758907389997336,0.25071381764462247,3,0.5,design,0.1,0.15593363208237043,0.13504248668770893,0.25,
macenko,erm,True,0.13425983681610518,0.1330772318562342,0.017709549638517917,0.007928606240469543,0.040998826417591894,0.039758907389997336,0.25071381764462247,3,0.5,design,0.2,0.15593363208237043,0.13504248668770893,0.25,
macenko,erm,True,0.13425983681610518,0.1330772318562342,0.017709549638517917,0.007928606240469543,0.040998826417591894,0.039758907389997336,0.25071381764462247,5,0.0,none,0.02,0.13425983681610518,0.13425983681610518,0.0,356
macenko,erm,True,0.13425983681610518,0.1330772318562342,0.017709549638517917,0.007928606240469543,0.040998826417591894,0.039758907389997336,0.25071381764462247,5,0.0,none,0.05,0.13425983681610518,0.13425983681610518,0.0,59
macenko,erm,True,0.13425983681610518,0.1330772318562342,0.017709549638517917,0.007928606240469543,0.040998826417591894,0.039758907389997336,0.25071381764462247,5,0.0,none,0.1,0.13425983681610518,0.13425983681610518,0.0,17
macenko,erm,True,0.13425983681610518,0.1330772318562342,0.017709549638517917,0.007928606240469543,0.040998826417591894,0.039758907389997336,0.25071381764462247,5,0.0,none,0.2,0.13425983681610518,0.13425983681610518,0.0,6
macenko,erm,True,0.13425983681610518,0.1330772318562342,0.017709549638517917,0.007928606240469543,0.040998826417591894,0.039758907389997336,0.25071381764462247,5,0.25,ratio,0.02,0.14352980290572684,0.13425983681610518,0.125,609
macenko,erm,True,0.13425983681610518,0.1330772318562342,0.017709549638517917,0.007928606240469543,0.040998826417591894,0.039758907389997336,0.25071381764462247,5,0.25,ratio,0.05,0.14352980290572684,0.13425983681610518,0.125,99
macenko,erm,True,0.13425983681610518,0.1330772318562342,0.017709549638517917,0.007928606240469543,0.040998826417591894,0.039758907389997336,0.25071381764462247,5,0.25,ratio,0.1,0.14352980290572684,0.13425983681610518,0.125,27
macenko,erm,True,0.13425983681610518,0.1330772318562342,0.017709549638517917,0.007928606240469543,0.040998826417591894,0.039758907389997336,0.25071381764462247,5,0.25,ratio,0.2,0.14352980290572684,0.13425983681610518,0.125,9
macenko,erm,True,0.13425983681610518,0.1330772318562342,0.017709549638517917,0.007928606240469543,0.040998826417591894,0.039758907389997336,0.25071381764462247,5,0.25,design,0.02,0.14352980290572684,0.13425983681610518,0.125,
macenko,erm,True,0.13425983681610518,0.1330772318562342,0.017709549638517917,0.007928606240469543,0.040998826417591894,0.039758907389997336,0.25071381764462247,5,0.25,design,0.05,0.14352980290572684,0.13425983681610518,0.125,
macenko,erm,True,0.13425983681610518,0.1330772318562342,0.017709549638517917,0.007928606240469543,0.040998826417591894,0.039758907389997336,0.25071381764462247,5,0.25,design,0.1,0.14352980290572684,0.13425983681610518,0.125,
macenko,erm,True,0.13425983681610518,0.1330772318562342,0.017709549638517917,0.007928606240469543,0.040998826417591894,0.039758907389997336,0.25071381764462247,5,0.25,design,0.2,0.14352980290572684,0.13425983681610518,0.125,
macenko,erm,True,0.13425983681610518,0.1330772318562342,0.017709549638517917,0.007928606240469543,0.040998826417591894,0.039758907389997336,0.25071381764462247,5,0.5,ratio,0.02,0.15502990585426712,0.13425983681610518,0.25,946
macenko,erm,True,0.13425983681610518,0.1330772318562342,0.017709549638517917,0.007928606240469543,0.040998826417591894,0.039758907389997336,0.25071381764462247,5,0.5,ratio,0.05,0.15502990585426712,0.13425983681610518,0.25,153
macenko,erm,True,0.13425983681610518,0.1330772318562342,0.017709549638517917,0.007928606240469543,0.040998826417591894,0.039758907389997336,0.25071381764462247,5,0.5,ratio,0.1,0.15502990585426712,0.13425983681610518,0.25,40
macenko,erm,True,0.13425983681610518,0.1330772318562342,0.017709549638517917,0.007928606240469543,0.040998826417591894,0.039758907389997336,0.25071381764462247,5,0.5,ratio,0.2,0.15502990585426712,0.13425983681610518,0.25,12
macenko,erm,True,0.13425983681610518,0.1330772318562342,0.017709549638517917,0.007928606240469543,0.040998826417591894,0.039758907389997336,0.25071381764462247,5,0.5,design,0.02,0.15502990585426712,0.13425983681610518,0.25,
macenko,erm,True,0.13425983681610518,0.1330772318562342,0.017709549638517917,0.007928606240469543,0.040998826417591894,0.039758907389997336,0.25071381764462247,5,0.5,design,0.05,0.15502990585426712,0.13425983681610518,0.25,
macenko,erm,True,0.13425983681610518,0.1330772318562342,0.017709549638517917,0.007928606240469543,0.040998826417591894,0.039758907389997336,0.25071381764462247,5,0.5,design,0.1,0.15502990585426712,0.13425983681610518,0.25,
macenko,erm,True,0.13425983681610518,0.1330772318562342,0.017709549638517917,0.007928606240469543,0.040998826417591894,0.039758907389997336,0.25071381764462247,5,0.5,design,0.2,0.15502990585426712,0.13425983681610518,0.25,
macenko,erm,True,0.13425983681610518,0.1330772318562342,0.017709549638517917,0.007928606240469543,0.040998826417591894,0.039758907389997336,0.25071381764462247,10,0.0,none,0.02,0.1336698421866449,0.1336698421866449,0.0,353
macenko,erm,True,0.13425983681610518,0.1330772318562342,0.017709549638517917,0.007928606240469543,0.040998826417591894,0.039758907389997336,0.25071381764462247,10,0.0,none,0.05,0.1336698421866449,0.1336698421866449,0.0,59
macenko,erm,True,0.13425983681610518,0.1330772318562342,0.017709549638517917,0.007928606240469543,0.040998826417591894,0.039758907389997336,0.25071381764462247,10,0.0,none,0.1,0.1336698421866449,0.1336698421866449,0.0,17
macenko,erm,True,0.13425983681610518,0.1330772318562342,0.017709549638517917,0.007928606240469543,0.040998826417591894,0.039758907389997336,0.25071381764462247,10,0.0,none,0.2,0.1336698421866449,0.1336698421866449,0.0,6
macenko,erm,True,0.13425983681610518,0.1330772318562342,0.017709549638517917,0.007928606240469543,0.040998826417591894,0.039758907389997336,0.25071381764462247,10,0.25,ratio,0.02,0.14289907211616198,0.1336698421866449,0.125,603
macenko,erm,True,0.13425983681610518,0.1330772318562342,0.017709549638517917,0.007928606240469543,0.040998826417591894,0.039758907389997336,0.25071381764462247,10,0.25,ratio,0.05,0.14289907211616198,0.1336698421866449,0.125,99
macenko,erm,True,0.13425983681610518,0.1330772318562342,0.017709549638517917,0.007928606240469543,0.040998826417591894,0.039758907389997336,0.25071381764462247,10,0.25,ratio,0.1,0.14289907211616198,0.1336698421866449,0.125,27
macenko,erm,True,0.13425983681610518,0.1330772318562342,0.017709549638517917,0.007928606240469543,0.040998826417591894,0.039758907389997336,0.25071381764462247,10,0.25,ratio,0.2,0.14289907211616198,0.1336698421866449,0.125,9
macenko,erm,True,0.13425983681610518,0.1330772318562342,0.017709549638517917,0.007928606240469543,0.040998826417591894,0.039758907389997336,0.25071381764462247,10,0.25,design,0.02,0.14289907211616198,0.1336698421866449,0.125,
macenko,erm,True,0.13425983681610518,0.1330772318562342,0.017709549638517917,0.007928606240469543,0.040998826417591894,0.039758907389997336,0.25071381764462247,10,0.25,design,0.05,0.14289907211616198,0.1336698421866449,0.125,
macenko,erm,True,0.13425983681610518,0.1330772318562342,0.017709549638517917,0.007928606240469543,0.040998826417591894,0.039758907389997336,0.25071381764462247,10,0.25,design,0.1,0.14289907211616198,0.1336698421866449,0.125,
macenko,erm,True,0.13425983681610518,0.1330772318562342,0.017709549638517917,0.007928606240469543,0.040998826417591894,0.039758907389997336,0.25071381764462247,10,0.25,design,0.2,0.14289907211616198,0.1336698421866449,0.125,
macenko,erm,True,0.13425983681610518,0.1330772318562342,0.017709549638517917,0.007928606240469543,0.040998826417591894,0.039758907389997336,0.25071381764462247,10,0.5,ratio,0.02,0.15434863873798846,0.1336698421866449,0.25,937
macenko,erm,True,0.13425983681610518,0.1330772318562342,0.017709549638517917,0.007928606240469543,0.040998826417591894,0.039758907389997336,0.25071381764462247,10,0.5,ratio,0.05,0.15434863873798846,0.1336698421866449,0.25,152
macenko,erm,True,0.13425983681610518,0.1330772318562342,0.017709549638517917,0.007928606240469543,0.040998826417591894,0.039758907389997336,0.25071381764462247,10,0.5,ratio,0.1,0.15434863873798846,0.1336698421866449,0.25,40
macenko,erm,True,0.13425983681610518,0.1330772318562342,0.017709549638517917,0.007928606240469543,0.040998826417591894,0.039758907389997336,0.25071381764462247,10,0.5,ratio,0.2,0.15434863873798846,0.1336698421866449,0.25,12
macenko,erm,True,0.13425983681610518,0.1330772318562342,0.017709549638517917,0.007928606240469543,0.040998826417591894,0.039758907389997336,0.25071381764462247,10,0.5,design,0.02,0.15434863873798846,0.1336698421866449,0.25,
macenko,erm,True,0.13425983681610518,0.1330772318562342,0.017709549638517917,0.007928606240469543,0.040998826417591894,0.039758907389997336,0.25071381764462247,10,0.5,design,0.05,0.15434863873798846,0.1336698421866449,0.25,
macenko,erm,True,0.13425983681610518,0.1330772318562342,0.017709549638517917,0.007928606240469543,0.040998826417591894,0.039758907389997336,0.25071381764462247,10,0.5,design,0.1,0.15434863873798846,0.1336698421866449,0.25,
macenko,erm,True,0.13425983681610518,0.1330772318562342,0.017709549638517917,0.007928606240469543,0.040998826417591894,0.039758907389997336,0.25071381764462247,10,0.5,design,0.2,0.15434863873798846,0.1336698421866449,0.25,
macenko_tile,erm,True,0.15134957557674145,0.15010704344753678,0.022532124492560698,0.009307758592150982,0.040998826417591894,0.043276410127173905,-0.13798159691511447,1,0.0,none,0.02,0.15622090822311865,0.15622090822311865,0.0,481
macenko_tile,erm,True,0.15134957557674145,0.15010704344753678,0.022532124492560698,0.009307758592150982,0.040998826417591894,0.043276410127173905,-0.13798159691511447,1,0.0,none,0.05,0.15622090822311865,0.15622090822311865,0.0,79
macenko_tile,erm,True,0.15134957557674145,0.15010704344753678,0.022532124492560698,0.009307758592150982,0.040998826417591894,0.043276410127173905,-0.13798159691511447,1,0.0,none,0.1,0.15622090822311865,0.15622090822311865,0.0,22
macenko_tile,erm,True,0.15134957557674145,0.15010704344753678,0.022532124492560698,0.009307758592150982,0.040998826417591894,0.043276410127173905,-0.13798159691511447,1,0.0,none,0.2,0.15622090822311865,0.15622090822311865,0.0,7
macenko_tile,erm,True,0.15134957557674145,0.15010704344753678,0.022532124492560698,0.009307758592150982,0.040998826417591894,0.043276410127173905,-0.13798159691511447,1,0.25,ratio,0.02,0.16700717577759025,0.15622090822311865,0.125,823
macenko_tile,erm,True,0.15134957557674145,0.15010704344753678,0.022532124492560698,0.009307758592150982,0.040998826417591894,0.043276410127173905,-0.13798159691511447,1,0.25,ratio,0.05,0.16700717577759025,0.15622090822311865,0.125,134
macenko_tile,erm,True,0.15134957557674145,0.15010704344753678,0.022532124492560698,0.009307758592150982,0.040998826417591894,0.043276410127173905,-0.13798159691511447,1,0.25,ratio,0.1,0.16700717577759025,0.15622090822311865,0.125,35
macenko_tile,erm,True,0.15134957557674145,0.15010704344753678,0.022532124492560698,0.009307758592150982,0.040998826417591894,0.043276410127173905,-0.13798159691511447,1,0.25,ratio,0.2,0.16700717577759025,0.15622090822311865,0.125,11
macenko_tile,erm,True,0.15134957557674145,0.15010704344753678,0.022532124492560698,0.009307758592150982,0.040998826417591894,0.043276410127173905,-0.13798159691511447,1,0.25,design,0.02,0.16700717577759025,0.15622090822311865,0.125,
macenko_tile,erm,True,0.15134957557674145,0.15010704344753678,0.022532124492560698,0.009307758592150982,0.040998826417591894,0.043276410127173905,-0.13798159691511447,1,0.25,design,0.05,0.16700717577759025,0.15622090822311865,0.125,
macenko_tile,erm,True,0.15134957557674145,0.15010704344753678,0.022532124492560698,0.009307758592150982,0.040998826417591894,0.043276410127173905,-0.13798159691511447,1,0.25,design,0.1,0.16700717577759025,0.15622090822311865,0.125,
macenko_tile,erm,True,0.15134957557674145,0.15010704344753678,0.022532124492560698,0.009307758592150982,0.040998826417591894,0.043276410127173905,-0.13798159691511447,1,0.25,design,0.2,0.16700717577759025,0.15622090822311865,0.125,
macenko_tile,erm,True,0.15134957557674145,0.15010704344753678,0.022532124492560698,0.009307758592150982,0.040998826417591894,0.043276410127173905,-0.13798159691511447,1,0.5,ratio,0.02,0.18038836683133078,0.15622090822311865,0.25,
macenko_tile,erm,True,0.15134957557674145,0.15010704344753678,0.022532124492560698,0.009307758592150982,0.040998826417591894,0.043276410127173905,-0.13798159691511447,1,0.5,ratio,0.05,0.18038836683133078,0.15622090822311865,0.25,207
macenko_tile,erm,True,0.15134957557674145,0.15010704344753678,0.022532124492560698,0.009307758592150982,0.040998826417591894,0.043276410127173905,-0.13798159691511447,1,0.5,ratio,0.1,0.18038836683133078,0.15622090822311865,0.25,54
macenko_tile,erm,True,0.15134957557674145,0.15010704344753678,0.022532124492560698,0.009307758592150982,0.040998826417591894,0.043276410127173905,-0.13798159691511447,1,0.5,ratio,0.2,0.18038836683133078,0.15622090822311865,0.25,15
macenko_tile,erm,True,0.15134957557674145,0.15010704344753678,0.022532124492560698,0.009307758592150982,0.040998826417591894,0.043276410127173905,-0.13798159691511447,1,0.5,design,0.02,0.18038836683133078,0.15622090822311865,0.25,
macenko_tile,erm,True,0.15134957557674145,0.15010704344753678,0.022532124492560698,0.009307758592150982,0.040998826417591894,0.043276410127173905,-0.13798159691511447,1,0.5,design,0.05,0.18038836683133078,0.15622090822311865,0.25,
macenko_tile,erm,True,0.15134957557674145,0.15010704344753678,0.022532124492560698,0.009307758592150982,0.040998826417591894,0.043276410127173905,-0.13798159691511447,1,0.5,design,0.1,0.18038836683133078,0.15622090822311865,0.25,
macenko_tile,erm,True,0.15134957557674145,0.15010704344753678,0.022532124492560698,0.009307758592150982,0.040998826417591894,0.043276410127173905,-0.13798159691511447,1,0.5,design,0.2,0.18038836683133078,0.15622090822311865,0.25,
macenko_tile,erm,True,0.15134957557674145,0.15010704344753678,0.022532124492560698,0.009307758592150982,0.040998826417591894,0.043276410127173905,-0.13798159691511447,3,0.0,none,0.02,0.1521722939644155,0.1521722939644155,0.0,457
macenko_tile,erm,True,0.15134957557674145,0.15010704344753678,0.022532124492560698,0.009307758592150982,0.040998826417591894,0.043276410127173905,-0.13798159691511447,3,0.0,none,0.05,0.1521722939644155,0.1521722939644155,0.0,75
macenko_tile,erm,True,0.15134957557674145,0.15010704344753678,0.022532124492560698,0.009307758592150982,0.040998826417591894,0.043276410127173905,-0.13798159691511447,3,0.0,none,0.1,0.1521722939644155,0.1521722939644155,0.0,21
macenko_tile,erm,True,0.15134957557674145,0.15010704344753678,0.022532124492560698,0.009307758592150982,0.040998826417591894,0.043276410127173905,-0.13798159691511447,3,0.0,none,0.2,0.1521722939644155,0.1521722939644155,0.0,7
macenko_tile,erm,True,0.15134957557674145,0.15010704344753678,0.022532124492560698,0.009307758592150982,0.040998826417591894,0.043276410127173905,-0.13798159691511447,3,0.25,ratio,0.02,0.16267902507836884,0.1521722939644155,0.125,781
macenko_tile,erm,True,0.15134957557674145,0.15010704344753678,0.022532124492560698,0.009307758592150982,0.040998826417591894,0.043276410127173905,-0.13798159691511447,3,0.25,ratio,0.05,0.16267902507836884,0.1521722939644155,0.125,127
macenko_tile,erm,True,0.15134957557674145,0.15010704344753678,0.022532124492560698,0.009307758592150982,0.040998826417591894,0.043276410127173905,-0.13798159691511447,3,0.25,ratio,0.1,0.16267902507836884,0.1521722939644155,0.125,34
macenko_tile,erm,True,0.15134957557674145,0.15010704344753678,0.022532124492560698,0.009307758592150982,0.040998826417591894,0.043276410127173905,-0.13798159691511447,3,0.25,ratio,0.2,0.16267902507836884,0.1521722939644155,0.125,10
macenko_tile,erm,True,0.15134957557674145,0.15010704344753678,0.022532124492560698,0.009307758592150982,0.040998826417591894,0.043276410127173905,-0.13798159691511447,3,0.25,design,0.02,0.16267902507836884,0.1521722939644155,0.125,
macenko_tile,erm,True,0.15134957557674145,0.15010704344753678,0.022532124492560698,0.009307758592150982,0.040998826417591894,0.043276410127173905,-0.13798159691511447,3,0.25,design,0.05,0.16267902507836884,0.1521722939644155,0.125,
macenko_tile,erm,True,0.15134957557674145,0.15010704344753678,0.022532124492560698,0.009307758592150982,0.040998826417591894,0.043276410127173905,-0.13798159691511447,3,0.25,design,0.1,0.16267902507836884,0.1521722939644155,0.125,
macenko_tile,erm,True,0.15134957557674145,0.15010704344753678,0.022532124492560698,0.009307758592150982,0.040998826417591894,0.043276410127173905,-0.13798159691511447,3,0.25,design,0.2,0.16267902507836884,0.1521722939644155,0.125,
macenko_tile,erm,True,0.15134957557674145,0.15010704344753678,0.022532124492560698,0.009307758592150982,0.040998826417591894,0.043276410127173905,-0.13798159691511447,3,0.5,ratio,0.02,0.17571342976711632,0.1521722939644155,0.25,
macenko_tile,erm,True,0.15134957557674145,0.15010704344753678,0.022532124492560698,0.009307758592150982,0.040998826417591894,0.043276410127173905,-0.13798159691511447,3,0.5,ratio,0.05,0.17571342976711632,0.1521722939644155,0.25,196
macenko_tile,erm,True,0.15134957557674145,0.15010704344753678,0.022532124492560698,0.009307758592150982,0.040998826417591894,0.043276410127173905,-0.13798159691511447,3,0.5,ratio,0.1,0.17571342976711632,0.1521722939644155,0.25,51
macenko_tile,erm,True,0.15134957557674145,0.15010704344753678,0.022532124492560698,0.009307758592150982,0.040998826417591894,0.043276410127173905,-0.13798159691511447,3,0.5,ratio,0.2,0.17571342976711632,0.1521722939644155,0.25,15
macenko_tile,erm,True,0.15134957557674145,0.15010704344753678,0.022532124492560698,0.009307758592150982,0.040998826417591894,0.043276410127173905,-0.13798159691511447,3,0.5,design,0.02,0.17571342976711632,0.1521722939644155,0.25,
macenko_tile,erm,True,0.15134957557674145,0.15010704344753678,0.022532124492560698,0.009307758592150982,0.040998826417591894,0.043276410127173905,-0.13798159691511447,3,0.5,design,0.05,0.17571342976711632,0.1521722939644155,0.25,
macenko_tile,erm,True,0.15134957557674145,0.15010704344753678,0.022532124492560698,0.009307758592150982,0.040998826417591894,0.043276410127173905,-0.13798159691511447,3,0.5,design,0.1,0.17571342976711632,0.1521722939644155,0.25,
macenko_tile,erm,True,0.15134957557674145,0.15010704344753678,0.022532124492560698,0.009307758592150982,0.040998826417591894,0.043276410127173905,-0.13798159691511447,3,0.5,design,0.2,0.17571342976711632,0.1521722939644155,0.25,
macenko_tile,erm,True,0.15134957557674145,0.15010704344753678,0.022532124492560698,0.009307758592150982,0.040998826417591894,0.043276410127173905,-0.13798159691511447,5,0.0,none,0.02,0.15134957557674145,0.15134957557674145,0.0,452
macenko_tile,erm,True,0.15134957557674145,0.15010704344753678,0.022532124492560698,0.009307758592150982,0.040998826417591894,0.043276410127173905,-0.13798159691511447,5,0.0,none,0.05,0.15134957557674145,0.15134957557674145,0.0,74
macenko_tile,erm,True,0.15134957557674145,0.15010704344753678,0.022532124492560698,0.009307758592150982,0.040998826417591894,0.043276410127173905,-0.13798159691511447,5,0.0,none,0.1,0.15134957557674145,0.15134957557674145,0.0,20
macenko_tile,erm,True,0.15134957557674145,0.15010704344753678,0.022532124492560698,0.009307758592150982,0.040998826417591894,0.043276410127173905,-0.13798159691511447,5,0.0,none,0.2,0.15134957557674145,0.15134957557674145,0.0,7
macenko_tile,erm,True,0.15134957557674145,0.15010704344753678,0.022532124492560698,0.009307758592150982,0.040998826417591894,0.043276410127173905,-0.13798159691511447,5,0.25,ratio,0.02,0.161799502126233,0.15134957557674145,0.125,773
macenko_tile,erm,True,0.15134957557674145,0.15010704344753678,0.022532124492560698,0.009307758592150982,0.040998826417591894,0.043276410127173905,-0.13798159691511447,5,0.25,ratio,0.05,0.161799502126233,0.15134957557674145,0.125,126
macenko_tile,erm,True,0.15134957557674145,0.15010704344753678,0.022532124492560698,0.009307758592150982,0.040998826417591894,0.043276410127173905,-0.13798159691511447,5,0.25,ratio,0.1,0.161799502126233,0.15134957557674145,0.125,33
macenko_tile,erm,True,0.15134957557674145,0.15010704344753678,0.022532124492560698,0.009307758592150982,0.040998826417591894,0.043276410127173905,-0.13798159691511447,5,0.25,ratio,0.2,0.161799502126233,0.15134957557674145,0.125,10
macenko_tile,erm,True,0.15134957557674145,0.15010704344753678,0.022532124492560698,0.009307758592150982,0.040998826417591894,0.043276410127173905,-0.13798159691511447,5,0.25,design,0.02,0.161799502126233,0.15134957557674145,0.125,
macenko_tile,erm,True,0.15134957557674145,0.15010704344753678,0.022532124492560698,0.009307758592150982,0.040998826417591894,0.043276410127173905,-0.13798159691511447,5,0.25,design,0.05,0.161799502126233,0.15134957557674145,0.125,
macenko_tile,erm,True,0.15134957557674145,0.15010704344753678,0.022532124492560698,0.009307758592150982,0.040998826417591894,0.043276410127173905,-0.13798159691511447,5,0.25,design,0.1,0.161799502126233,0.15134957557674145,0.125,
macenko_tile,erm,True,0.15134957557674145,0.15010704344753678,0.022532124492560698,0.009307758592150982,0.040998826417591894,0.043276410127173905,-0.13798159691511447,5,0.25,design,0.2,0.161799502126233,0.15134957557674145,0.125,
macenko_tile,erm,True,0.15134957557674145,0.15010704344753678,0.022532124492560698,0.009307758592150982,0.040998826417591894,0.043276410127173905,-0.13798159691511447,5,0.5,ratio,0.02,0.17476343640193456,0.15134957557674145,0.25,
macenko_tile,erm,True,0.15134957557674145,0.15010704344753678,0.022532124492560698,0.009307758592150982,0.040998826417591894,0.043276410127173905,-0.13798159691511447,5,0.5,ratio,0.05,0.17476343640193456,0.15134957557674145,0.25,194
macenko_tile,erm,True,0.15134957557674145,0.15010704344753678,0.022532124492560698,0.009307758592150982,0.040998826417591894,0.043276410127173905,-0.13798159691511447,5,0.5,ratio,0.1,0.17476343640193456,0.15134957557674145,0.25,50
macenko_tile,erm,True,0.15134957557674145,0.15010704344753678,0.022532124492560698,0.009307758592150982,0.040998826417591894,0.043276410127173905,-0.13798159691511447,5,0.5,ratio,0.2,0.17476343640193456,0.15134957557674145,0.25,15
macenko_tile,erm,True,0.15134957557674145,0.15010704344753678,0.022532124492560698,0.009307758592150982,0.040998826417591894,0.043276410127173905,-0.13798159691511447,5,0.5,design,0.02,0.17476343640193456,0.15134957557674145,0.25,
macenko_tile,erm,True,0.15134957557674145,0.15010704344753678,0.022532124492560698,0.009307758592150982,0.040998826417591894,0.043276410127173905,-0.13798159691511447,5,0.5,design,0.05,0.17476343640193456,0.15134957557674145,0.25,
macenko_tile,erm,True,0.15134957557674145,0.15010704344753678,0.022532124492560698,0.009307758592150982,0.040998826417591894,0.043276410127173905,-0.13798159691511447,5,0.5,design,0.1,0.17476343640193456,0.15134957557674145,0.25,
macenko_tile,erm,True,0.15134957557674145,0.15010704344753678,0.022532124492560698,0.009307758592150982,0.040998826417591894,0.043276410127173905,-0.13798159691511447,5,0.5,design,0.2,0.17476343640193456,0.15134957557674145,0.25,
macenko_tile,erm,True,0.15134957557674145,0.15010704344753678,0.022532124492560698,0.009307758592150982,0.040998826417591894,0.043276410127173905,-0.13798159691511447,10,0.0,none,0.02,0.1507295898618126,0.1507295898618126,0.0,448
macenko_tile,erm,True,0.15134957557674145,0.15010704344753678,0.022532124492560698,0.009307758592150982,0.040998826417591894,0.043276410127173905,-0.13798159691511447,10,0.0,none,0.05,0.1507295898618126,0.1507295898618126,0.0,74
macenko_tile,erm,True,0.15134957557674145,0.15010704344753678,0.022532124492560698,0.009307758592150982,0.040998826417591894,0.043276410127173905,-0.13798159691511447,10,0.0,none,0.1,0.1507295898618126,0.1507295898618126,0.0,20
macenko_tile,erm,True,0.15134957557674145,0.15010704344753678,0.022532124492560698,0.009307758592150982,0.040998826417591894,0.043276410127173905,-0.13798159691511447,10,0.0,none,0.2,0.1507295898618126,0.1507295898618126,0.0,7
macenko_tile,erm,True,0.15134957557674145,0.15010704344753678,0.022532124492560698,0.009307758592150982,0.040998826417591894,0.043276410127173905,-0.13798159691511447,10,0.25,ratio,0.02,0.16113670951767362,0.1507295898618126,0.125,767
macenko_tile,erm,True,0.15134957557674145,0.15010704344753678,0.022532124492560698,0.009307758592150982,0.040998826417591894,0.043276410127173905,-0.13798159691511447,10,0.25,ratio,0.05,0.16113670951767362,0.1507295898618126,0.125,125
macenko_tile,erm,True,0.15134957557674145,0.15010704344753678,0.022532124492560698,0.009307758592150982,0.040998826417591894,0.043276410127173905,-0.13798159691511447,10,0.25,ratio,0.1,0.16113670951767362,0.1507295898618126,0.125,33
macenko_tile,erm,True,0.15134957557674145,0.15010704344753678,0.022532124492560698,0.009307758592150982,0.040998826417591894,0.043276410127173905,-0.13798159691511447,10,0.25,ratio,0.2,0.16113670951767362,0.1507295898618126,0.125,10
macenko_tile,erm,True,0.15134957557674145,0.15010704344753678,0.022532124492560698,0.009307758592150982,0.040998826417591894,0.043276410127173905,-0.13798159691511447,10,0.25,design,0.02,0.16113670951767362,0.1507295898618126,0.125,
macenko_tile,erm,True,0.15134957557674145,0.15010704344753678,0.022532124492560698,0.009307758592150982,0.040998826417591894,0.043276410127173905,-0.13798159691511447,10,0.25,design,0.05,0.16113670951767362,0.1507295898618126,0.125,
macenko_tile,erm,True,0.15134957557674145,0.15010704344753678,0.022532124492560698,0.009307758592150982,0.040998826417591894,0.043276410127173905,-0.13798159691511447,10,0.25,design,0.1,0.16113670951767362,0.1507295898618126,0.125,
macenko_tile,erm,True,0.15134957557674145,0.15010704344753678,0.022532124492560698,0.009307758592150982,0.040998826417591894,0.043276410127173905,-0.13798159691511447,10,0.25,design,0.2,0.16113670951767362,0.1507295898618126,0.125,
macenko_tile,erm,True,0.15134957557674145,0.15010704344753678,0.022532124492560698,0.009307758592150982,0.040998826417591894,0.043276410127173905,-0.13798159691511447,10,0.5,ratio,0.02,0.17404753856311878,0.1507295898618126,0.25,
macenko_tile,erm,True,0.15134957557674145,0.15010704344753678,0.022532124492560698,0.009307758592150982,0.040998826417591894,0.043276410127173905,-0.13798159691511447,10,0.5,ratio,0.05,0.17404753856311878,0.1507295898618126,0.25,193
macenko_tile,erm,True,0.15134957557674145,0.15010704344753678,0.022532124492560698,0.009307758592150982,0.040998826417591894,0.043276410127173905,-0.13798159691511447,10,0.5,ratio,0.1,0.17404753856311878,0.1507295898618126,0.25,50
macenko_tile,erm,True,0.15134957557674145,0.15010704344753678,0.022532124492560698,0.009307758592150982,0.040998826417591894,0.043276410127173905,-0.13798159691511447,10,0.5,ratio,0.2,0.17404753856311878,0.1507295898618126,0.25,14
macenko_tile,erm,True,0.15134957557674145,0.15010704344753678,0.022532124492560698,0.009307758592150982,0.040998826417591894,0.043276410127173905,-0.13798159691511447,10,0.5,design,0.02,0.17404753856311878,0.1507295898618126,0.25,
macenko_tile,erm,True,0.15134957557674145,0.15010704344753678,0.022532124492560698,0.009307758592150982,0.040998826417591894,0.043276410127173905,-0.13798159691511447,10,0.5,design,0.05,0.17404753856311878,0.1507295898618126,0.25,
macenko_tile,erm,True,0.15134957557674145,0.15010704344753678,0.022532124492560698,0.009307758592150982,0.040998826417591894,0.043276410127173905,-0.13798159691511447,10,0.5,design,0.1,0.17404753856311878,0.1507295898618126,0.25,
macenko_tile,erm,True,0.15134957557674145,0.15010704344753678,0.022532124492560698,0.009307758592150982,0.040998826417591894,0.043276410127173905,-0.13798159691511447,10,0.5,design,0.2,0.17404753856311878,0.1507295898618126,0.25,
mixstyle,erm,True,0.062102500273639664,0.059016797759643976,0.0034829824178027186,0.031918954408998536,0.040998826417591894,0.043228354261682,0.317517810391268,1,0.0,none,0.02,0.07315512989514951,0.07315512989514951,0.0,107
mixstyle,erm,True,0.062102500273639664,0.059016797759643976,0.0034829824178027186,0.031918954408998536,0.040998826417591894,0.043228354261682,0.317517810391268,1,0.0,none,0.05,0.07315512989514951,0.07315512989514951,0.0,19
mixstyle,erm,True,0.062102500273639664,0.059016797759643976,0.0034829824178027186,0.031918954408998536,0.040998826417591894,0.043228354261682,0.317517810391268,1,0.0,none,0.1,0.07315512989514951,0.07315512989514951,0.0,7
mixstyle,erm,True,0.062102500273639664,0.059016797759643976,0.0034829824178027186,0.031918954408998536,0.040998826417591894,0.043228354261682,0.317517810391268,1,0.0,none,0.2,0.07315512989514951,0.07315512989514951,0.0,4
mixstyle,erm,True,0.062102500273639664,0.059016797759643976,0.0034829824178027186,0.031918954408998536,0.040998826417591894,0.043228354261682,0.317517810391268,1,0.25,ratio,0.02,0.07820612347216953,0.07315512989514951,0.125,182
mixstyle,erm,True,0.062102500273639664,0.059016797759643976,0.0034829824178027186,0.031918954408998536,0.040998826417591894,0.043228354261682,0.317517810391268,1,0.25,ratio,0.05,0.07820612347216953,0.07315512989514951,0.125,31
mixstyle,erm,True,0.062102500273639664,0.059016797759643976,0.0034829824178027186,0.031918954408998536,0.040998826417591894,0.043228354261682,0.317517810391268,1,0.25,ratio,0.1,0.07820612347216953,0.07315512989514951,0.125,10
mixstyle,erm,True,0.062102500273639664,0.059016797759643976,0.0034829824178027186,0.031918954408998536,0.040998826417591894,0.043228354261682,0.317517810391268,1,0.25,ratio,0.2,0.07820612347216953,0.07315512989514951,0.125,5
mixstyle,erm,True,0.062102500273639664,0.059016797759643976,0.0034829824178027186,0.031918954408998536,0.040998826417591894,0.043228354261682,0.317517810391268,1,0.25,design,0.02,0.07820612347216953,0.07315512989514951,0.125,
mixstyle,erm,True,0.062102500273639664,0.059016797759643976,0.0034829824178027186,0.031918954408998536,0.040998826417591894,0.043228354261682,0.317517810391268,1,0.25,design,0.05,0.07820612347216953,0.07315512989514951,0.125,
mixstyle,erm,True,0.062102500273639664,0.059016797759643976,0.0034829824178027186,0.031918954408998536,0.040998826417591894,0.043228354261682,0.317517810391268,1,0.25,design,0.1,0.07820612347216953,0.07315512989514951,0.125,
mixstyle,erm,True,0.062102500273639664,0.059016797759643976,0.0034829824178027186,0.031918954408998536,0.040998826417591894,0.043228354261682,0.317517810391268,1,0.25,design,0.2,0.07820612347216953,0.07315512989514951,0.125,4
mixstyle,erm,True,0.062102500273639664,0.059016797759643976,0.0034829824178027186,0.031918954408998536,0.040998826417591894,0.043228354261682,0.317517810391268,1,0.5,ratio,0.02,0.08447226787513322,0.07315512989514951,0.25,282
mixstyle,erm,True,0.062102500273639664,0.059016797759643976,0.0034829824178027186,0.031918954408998536,0.040998826417591894,0.043228354261682,0.317517810391268,1,0.5,ratio,0.05,0.08447226787513322,0.07315512989514951,0.25,47
mixstyle,erm,True,0.062102500273639664,0.059016797759643976,0.0034829824178027186,0.031918954408998536,0.040998826417591894,0.043228354261682,0.317517810391268,1,0.5,ratio,0.1,0.08447226787513322,0.07315512989514951,0.25,14
mixstyle,erm,True,0.062102500273639664,0.059016797759643976,0.0034829824178027186,0.031918954408998536,0.040998826417591894,0.043228354261682,0.317517810391268,1,0.5,ratio,0.2,0.08447226787513322,0.07315512989514951,0.25,6
mixstyle,erm,True,0.062102500273639664,0.059016797759643976,0.0034829824178027186,0.031918954408998536,0.040998826417591894,0.043228354261682,0.317517810391268,1,0.5,design,0.02,0.08447226787513322,0.07315512989514951,0.25,
mixstyle,erm,True,0.062102500273639664,0.059016797759643976,0.0034829824178027186,0.031918954408998536,0.040998826417591894,0.043228354261682,0.317517810391268,1,0.5,design,0.05,0.08447226787513322,0.07315512989514951,0.25,
mixstyle,erm,True,0.062102500273639664,0.059016797759643976,0.0034829824178027186,0.031918954408998536,0.040998826417591894,0.043228354261682,0.317517810391268,1,0.5,design,0.1,0.08447226787513322,0.07315512989514951,0.25,
mixstyle,erm,True,0.062102500273639664,0.059016797759643976,0.0034829824178027186,0.031918954408998536,0.040998826417591894,0.043228354261682,0.317517810391268,1,0.5,design,0.2,0.08447226787513322,0.07315512989514951,0.25,6
mixstyle,erm,True,0.062102500273639664,0.059016797759643976,0.0034829824178027186,0.031918954408998536,0.040998826417591894,0.043228354261682,0.317517810391268,3,0.0,none,0.02,0.06407713545818985,0.06407713545818985,0.0,83
mixstyle,erm,True,0.062102500273639664,0.059016797759643976,0.0034829824178027186,0.031918954408998536,0.040998826417591894,0.043228354261682,0.317517810391268,3,0.0,none,0.05,0.06407713545818985,0.06407713545818985,0.0,15
mixstyle,erm,True,0.062102500273639664,0.059016797759643976,0.0034829824178027186,0.031918954408998536,0.040998826417591894,0.043228354261682,0.317517810391268,3,0.0,none,0.1,0.06407713545818985,0.06407713545818985,0.0,6
mixstyle,erm,True,0.062102500273639664,0.059016797759643976,0.0034829824178027186,0.031918954408998536,0.040998826417591894,0.043228354261682,0.317517810391268,3,0.0,none,0.2,0.06407713545818985,0.06407713545818985,0.0,4
mixstyle,erm,True,0.062102500273639664,0.059016797759643976,0.0034829824178027186,0.031918954408998536,0.040998826417591894,0.043228354261682,0.317517810391268,3,0.25,ratio,0.02,0.06850133920298586,0.06407713545818985,0.125,141
mixstyle,erm,True,0.062102500273639664,0.059016797759643976,0.0034829824178027186,0.031918954408998536,0.040998826417591894,0.043228354261682,0.317517810391268,3,0.25,ratio,0.05,0.06850133920298586,0.06407713545818985,0.125,25
mixstyle,erm,True,0.062102500273639664,0.059016797759643976,0.0034829824178027186,0.031918954408998536,0.040998826417591894,0.043228354261682,0.317517810391268,3,0.25,ratio,0.1,0.06850133920298586,0.06407713545818985,0.125,8
mixstyle,erm,True,0.062102500273639664,0.059016797759643976,0.0034829824178027186,0.031918954408998536,0.040998826417591894,0.043228354261682,0.317517810391268,3,0.25,ratio,0.2,0.06850133920298586,0.06407713545818985,0.125,4
mixstyle,erm,True,0.062102500273639664,0.059016797759643976,0.0034829824178027186,0.031918954408998536,0.040998826417591894,0.043228354261682,0.317517810391268,3,0.25,design,0.02,0.06850133920298586,0.06407713545818985,0.125,
mixstyle,erm,True,0.062102500273639664,0.059016797759643976,0.0034829824178027186,0.031918954408998536,0.040998826417591894,0.043228354261682,0.317517810391268,3,0.25,design,0.05,0.06850133920298586,0.06407713545818985,0.125,
mixstyle,erm,True,0.062102500273639664,0.059016797759643976,0.0034829824178027186,0.031918954408998536,0.040998826417591894,0.043228354261682,0.317517810391268,3,0.25,design,0.1,0.06850133920298586,0.06407713545818985,0.125,37
mixstyle,erm,True,0.062102500273639664,0.059016797759643976,0.0034829824178027186,0.031918954408998536,0.040998826417591894,0.043228354261682,0.317517810391268,3,0.25,design,0.2,0.06850133920298586,0.06407713545818985,0.125,4
mixstyle,erm,True,0.062102500273639664,0.059016797759643976,0.0034829824178027186,0.031918954408998536,0.040998826417591894,0.043228354261682,0.317517810391268,3,0.5,ratio,0.02,0.07398990281137206,0.06407713545818985,0.25,217
mixstyle,erm,True,0.062102500273639664,0.059016797759643976,0.0034829824178027186,0.031918954408998536,0.040998826417591894,0.043228354261682,0.317517810391268,3,0.5,ratio,0.05,0.07398990281137206,0.06407713545818985,0.25,37
mixstyle,erm,True,0.062102500273639664,0.059016797759643976,0.0034829824178027186,0.031918954408998536,0.040998826417591894,0.043228354261682,0.317517810391268,3,0.5,ratio,0.1,0.07398990281137206,0.06407713545818985,0.25,11
mixstyle,erm,True,0.062102500273639664,0.059016797759643976,0.0034829824178027186,0.031918954408998536,0.040998826417591894,0.043228354261682,0.317517810391268,3,0.5,ratio,0.2,0.07398990281137206,0.06407713545818985,0.25,5
mixstyle,erm,True,0.062102500273639664,0.059016797759643976,0.0034829824178027186,0.031918954408998536,0.040998826417591894,0.043228354261682,0.317517810391268,3,0.5,design,0.02,0.07398990281137206,0.06407713545818985,0.25,
mixstyle,erm,True,0.062102500273639664,0.059016797759643976,0.0034829824178027186,0.031918954408998536,0.040998826417591894,0.043228354261682,0.317517810391268,3,0.5,design,0.05,0.07398990281137206,0.06407713545818985,0.25,
mixstyle,erm,True,0.062102500273639664,0.059016797759643976,0.0034829824178027186,0.031918954408998536,0.040998826417591894,0.043228354261682,0.317517810391268,3,0.5,design,0.1,0.07398990281137206,0.06407713545818985,0.25,
mixstyle,erm,True,0.062102500273639664,0.059016797759643976,0.0034829824178027186,0.031918954408998536,0.040998826417591894,0.043228354261682,0.317517810391268,3,0.5,design,0.2,0.07398990281137206,0.06407713545818985,0.25,4
mixstyle,erm,True,0.062102500273639664,0.059016797759643976,0.0034829824178027186,0.031918954408998536,0.040998826417591894,0.043228354261682,0.317517810391268,5,0.0,none,0.02,0.062102500273639664,0.062102500273639664,0.0,78
mixstyle,erm,True,0.062102500273639664,0.059016797759643976,0.0034829824178027186,0.031918954408998536,0.040998826417591894,0.043228354261682,0.317517810391268,5,0.0,none,0.05,0.062102500273639664,0.062102500273639664,0.0,15
mixstyle,erm,True,0.062102500273639664,0.059016797759643976,0.0034829824178027186,0.031918954408998536,0.040998826417591894,0.043228354261682,0.317517810391268,5,0.0,none,0.1,0.062102500273639664,0.062102500273639664,0.0,6
mixstyle,erm,True,0.062102500273639664,0.059016797759643976,0.0034829824178027186,0.031918954408998536,0.040998826417591894,0.043228354261682,0.317517810391268,5,0.0,none,0.2,0.062102500273639664,0.062102500273639664,0.0,4
mixstyle,erm,True,0.062102500273639664,0.059016797759643976,0.0034829824178027186,0.031918954408998536,0.040998826417591894,0.043228354261682,0.317517810391268,5,0.25,ratio,0.02,0.06639036539599845,0.062102500273639664,0.125,132
mixstyle,erm,True,0.062102500273639664,0.059016797759643976,0.0034829824178027186,0.031918954408998536,0.040998826417591894,0.043228354261682,0.317517810391268,5,0.25,ratio,0.05,0.06639036539599845,0.062102500273639664,0.125,23
mixstyle,erm,True,0.062102500273639664,0.059016797759643976,0.0034829824178027186,0.031918954408998536,0.040998826417591894,0.043228354261682,0.317517810391268,5,0.25,ratio,0.1,0.06639036539599845,0.062102500273639664,0.125,8
mixstyle,erm,True,0.062102500273639664,0.059016797759643976,0.0034829824178027186,0.031918954408998536,0.040998826417591894,0.043228354261682,0.317517810391268,5,0.25,ratio,0.2,0.06639036539599845,0.062102500273639664,0.125,4
mixstyle,erm,True,0.062102500273639664,0.059016797759643976,0.0034829824178027186,0.031918954408998536,0.040998826417591894,0.043228354261682,0.317517810391268,5,0.25,design,0.02,0.06639036539599845,0.062102500273639664,0.125,
mixstyle,erm,True,0.062102500273639664,0.059016797759643976,0.0034829824178027186,0.031918954408998536,0.040998826417591894,0.043228354261682,0.317517810391268,5,0.25,design,0.05,0.06639036539599845,0.062102500273639664,0.125,
mixstyle,erm,True,0.062102500273639664,0.059016797759643976,0.0034829824178027186,0.031918954408998536,0.040998826417591894,0.043228354261682,0.317517810391268,5,0.25,design,0.1,0.06639036539599845,0.062102500273639664,0.125,22
mixstyle,erm,True,0.062102500273639664,0.059016797759643976,0.0034829824178027186,0.031918954408998536,0.040998826417591894,0.043228354261682,0.317517810391268,5,0.25,design,0.2,0.06639036539599845,0.062102500273639664,0.125,4
mixstyle,erm,True,0.062102500273639664,0.059016797759643976,0.0034829824178027186,0.031918954408998536,0.040998826417591894,0.043228354261682,0.317517810391268,5,0.5,ratio,0.02,0.07170979050066933,0.062102500273639664,0.25,204
mixstyle,erm,True,0.062102500273639664,0.059016797759643976,0.0034829824178027186,0.031918954408998536,0.040998826417591894,0.043228354261682,0.317517810391268,5,0.5,ratio,0.05,0.07170979050066933,0.062102500273639664,0.25,35
mixstyle,erm,True,0.062102500273639664,0.059016797759643976,0.0034829824178027186,0.031918954408998536,0.040998826417591894,0.043228354261682,0.317517810391268,5,0.5,ratio,0.1,0.07170979050066933,0.062102500273639664,0.25,11
mixstyle,erm,True,0.062102500273639664,0.059016797759643976,0.0034829824178027186,0.031918954408998536,0.040998826417591894,0.043228354261682,0.317517810391268,5,0.5,ratio,0.2,0.07170979050066933,0.062102500273639664,0.25,5
mixstyle,erm,True,0.062102500273639664,0.059016797759643976,0.0034829824178027186,0.031918954408998536,0.040998826417591894,0.043228354261682,0.317517810391268,5,0.5,design,0.02,0.07170979050066933,0.062102500273639664,0.25,
mixstyle,erm,True,0.062102500273639664,0.059016797759643976,0.0034829824178027186,0.031918954408998536,0.040998826417591894,0.043228354261682,0.317517810391268,5,0.5,design,0.05,0.07170979050066933,0.062102500273639664,0.25,
mixstyle,erm,True,0.062102500273639664,0.059016797759643976,0.0034829824178027186,0.031918954408998536,0.040998826417591894,0.043228354261682,0.317517810391268,5,0.5,design,0.1,0.07170979050066933,0.062102500273639664,0.25,
mixstyle,erm,True,0.062102500273639664,0.059016797759643976,0.0034829824178027186,0.031918954408998536,0.040998826417591894,0.043228354261682,0.317517810391268,5,0.5,design,0.2,0.07170979050066933,0.062102500273639664,0.25,4
mixstyle,erm,True,0.062102500273639664,0.059016797759643976,0.0034829824178027186,0.031918954408998536,0.040998826417591894,0.043228354261682,0.317517810391268,10,0.0,none,0.02,0.06057929909647409,0.06057929909647409,0.0,74
mixstyle,erm,True,0.062102500273639664,0.059016797759643976,0.0034829824178027186,0.031918954408998536,0.040998826417591894,0.043228354261682,0.317517810391268,10,0.0,none,0.05,0.06057929909647409,0.06057929909647409,0.0,14
mixstyle,erm,True,0.062102500273639664,0.059016797759643976,0.0034829824178027186,0.031918954408998536,0.040998826417591894,0.043228354261682,0.317517810391268,10,0.0,none,0.1,0.06057929909647409,0.06057929909647409,0.0,6
mixstyle,erm,True,0.062102500273639664,0.059016797759643976,0.0034829824178027186,0.031918954408998536,0.040998826417591894,0.043228354261682,0.317517810391268,10,0.0,none,0.2,0.06057929909647409,0.06057929909647409,0.0,3
mixstyle,erm,True,0.062102500273639664,0.059016797759643976,0.0034829824178027186,0.031918954408998536,0.040998826417591894,0.043228354261682,0.317517810391268,10,0.25,ratio,0.02,0.06476199484283149,0.06057929909647409,0.125,126
mixstyle,erm,True,0.062102500273639664,0.059016797759643976,0.0034829824178027186,0.031918954408998536,0.040998826417591894,0.043228354261682,0.317517810391268,10,0.25,ratio,0.05,0.06476199484283149,0.06057929909647409,0.125,22
mixstyle,erm,True,0.062102500273639664,0.059016797759643976,0.0034829824178027186,0.031918954408998536,0.040998826417591894,0.043228354261682,0.317517810391268,10,0.25,ratio,0.1,0.06476199484283149,0.06057929909647409,0.125,8
mixstyle,erm,True,0.062102500273639664,0.059016797759643976,0.0034829824178027186,0.031918954408998536,0.040998826417591894,0.043228354261682,0.317517810391268,10,0.25,ratio,0.2,0.06476199484283149,0.06057929909647409,0.125,4
mixstyle,erm,True,0.062102500273639664,0.059016797759643976,0.0034829824178027186,0.031918954408998536,0.040998826417591894,0.043228354261682,0.317517810391268,10,0.25,design,0.02,0.06476199484283149,0.06057929909647409,0.125,
mixstyle,erm,True,0.062102500273639664,0.059016797759643976,0.0034829824178027186,0.031918954408998536,0.040998826417591894,0.043228354261682,0.317517810391268,10,0.25,design,0.05,0.06476199484283149,0.06057929909647409,0.125,
mixstyle,erm,True,0.062102500273639664,0.059016797759643976,0.0034829824178027186,0.031918954408998536,0.040998826417591894,0.043228354261682,0.317517810391268,10,0.25,design,0.1,0.06476199484283149,0.06057929909647409,0.125,17
mixstyle,erm,True,0.062102500273639664,0.059016797759643976,0.0034829824178027186,0.031918954408998536,0.040998826417591894,0.043228354261682,0.317517810391268,10,0.25,design,0.2,0.06476199484283149,0.06057929909647409,0.125,4
mixstyle,erm,True,0.062102500273639664,0.059016797759643976,0.0034829824178027186,0.031918954408998536,0.040998826417591894,0.043228354261682,0.317517810391268,10,0.5,ratio,0.02,0.06995094928133634,0.06057929909647409,0.25,194
mixstyle,erm,True,0.062102500273639664,0.059016797759643976,0.0034829824178027186,0.031918954408998536,0.040998826417591894,0.043228354261682,0.317517810391268,10,0.5,ratio,0.05,0.06995094928133634,0.06057929909647409,0.25,33
mixstyle,erm,True,0.062102500273639664,0.059016797759643976,0.0034829824178027186,0.031918954408998536,0.040998826417591894,0.043228354261682,0.317517810391268,10,0.5,ratio,0.1,0.06995094928133634,0.06057929909647409,0.25,10
mixstyle,erm,True,0.062102500273639664,0.059016797759643976,0.0034829824178027186,0.031918954408998536,0.040998826417591894,0.043228354261682,0.317517810391268,10,0.5,ratio,0.2,0.06995094928133634,0.06057929909647409,0.25,5
mixstyle,erm,True,0.062102500273639664,0.059016797759643976,0.0034829824178027186,0.031918954408998536,0.040998826417591894,0.043228354261682,0.317517810391268,10,0.5,design,0.02,0.06995094928133634,0.06057929909647409,0.25,
mixstyle,erm,True,0.062102500273639664,0.059016797759643976,0.0034829824178027186,0.031918954408998536,0.040998826417591894,0.043228354261682,0.317517810391268,10,0.5,design,0.05,0.06995094928133634,0.06057929909647409,0.25,
mixstyle,erm,True,0.062102500273639664,0.059016797759643976,0.0034829824178027186,0.031918954408998536,0.040998826417591894,0.043228354261682,0.317517810391268,10,0.5,design,0.1,0.06995094928133634,0.06057929909647409,0.25,
mixstyle,erm,True,0.062102500273639664,0.059016797759643976,0.0034829824178027186,0.031918954408998536,0.040998826417591894,0.043228354261682,0.317517810391268,10,0.5,design,0.2,0.06995094928133634,0.06057929909647409,0.25,4
sam,erm,True,0.04109879900501577,0.0393293460873105,0.0015467974636554456,0.044660646779507374,0.040998826417591894,0.02667525220117326,0.8093535915789806,1,0.0,none,0.02,0.04752227418434059,0.04752227418434059,0.0,47
sam,erm,True,0.04109879900501577,0.0393293460873105,0.0015467974636554456,0.044660646779507374,0.040998826417591894,0.02667525220117326,0.8093535915789806,1,0.0,none,0.05,0.04752227418434059,0.04752227418434059,0.0,10
sam,erm,True,0.04109879900501577,0.0393293460873105,0.0015467974636554456,0.044660646779507374,0.040998826417591894,0.02667525220117326,0.8093535915789806,1,0.0,none,0.1,0.04752227418434059,0.04752227418434059,0.0,5
sam,erm,True,0.04109879900501577,0.0393293460873105,0.0015467974636554456,0.044660646779507374,0.040998826417591894,0.02667525220117326,0.8093535915789806,1,0.0,none,0.2,0.04752227418434059,0.04752227418434059,0.0,3
sam,erm,True,0.04109879900501577,0.0393293460873105,0.0015467974636554456,0.044660646779507374,0.040998826417591894,0.02667525220117326,0.8093535915789806,1,0.25,ratio,0.02,0.050803448068038444,0.04752227418434059,0.125,78
sam,erm,True,0.04109879900501577,0.0393293460873105,0.0015467974636554456,0.044660646779507374,0.040998826417591894,0.02667525220117326,0.8093535915789806,1,0.25,ratio,0.05,0.050803448068038444,0.04752227418434059,0.125,15
sam,erm,True,0.04109879900501577,0.0393293460873105,0.0015467974636554456,0.044660646779507374,0.040998826417591894,0.02667525220117326,0.8093535915789806,1,0.25,ratio,0.1,0.050803448068038444,0.04752227418434059,0.125,6
sam,erm,True,0.04109879900501577,0.0393293460873105,0.0015467974636554456,0.044660646779507374,0.040998826417591894,0.02667525220117326,0.8093535915789806,1,0.25,ratio,0.2,0.050803448068038444,0.04752227418434059,0.125,4
sam,erm,True,0.04109879900501577,0.0393293460873105,0.0015467974636554456,0.044660646779507374,0.040998826417591894,0.02667525220117326,0.8093535915789806,1,0.25,design,0.02,0.050803448068038444,0.04752227418434059,0.125,
sam,erm,True,0.04109879900501577,0.0393293460873105,0.0015467974636554456,0.044660646779507374,0.040998826417591894,0.02667525220117326,0.8093535915789806,1,0.25,design,0.05,0.050803448068038444,0.04752227418434059,0.125,
sam,erm,True,0.04109879900501577,0.0393293460873105,0.0015467974636554456,0.044660646779507374,0.040998826417591894,0.02667525220117326,0.8093535915789806,1,0.25,design,0.1,0.050803448068038444,0.04752227418434059,0.125,6
sam,erm,True,0.04109879900501577,0.0393293460873105,0.0015467974636554456,0.044660646779507374,0.040998826417591894,0.02667525220117326,0.8093535915789806,1,0.25,design,0.2,0.050803448068038444,0.04752227418434059,0.125,3
sam,erm,True,0.04109879900501577,0.0393293460873105,0.0015467974636554456,0.044660646779507374,0.040998826417591894,0.02667525220117326,0.8093535915789806,1,0.5,ratio,0.02,0.054873995585664484,0.04752227418434059,0.25,121
sam,erm,True,0.04109879900501577,0.0393293460873105,0.0015467974636554456,0.044660646779507374,0.040998826417591894,0.02667525220117326,0.8093535915789806,1,0.5,ratio,0.05,0.054873995585664484,0.04752227418434059,0.25,21
sam,erm,True,0.04109879900501577,0.0393293460873105,0.0015467974636554456,0.044660646779507374,0.040998826417591894,0.02667525220117326,0.8093535915789806,1,0.5,ratio,0.1,0.054873995585664484,0.04752227418434059,0.25,7
sam,erm,True,0.04109879900501577,0.0393293460873105,0.0015467974636554456,0.044660646779507374,0.040998826417591894,0.02667525220117326,0.8093535915789806,1,0.5,ratio,0.2,0.054873995585664484,0.04752227418434059,0.25,4
sam,erm,True,0.04109879900501577,0.0393293460873105,0.0015467974636554456,0.044660646779507374,0.040998826417591894,0.02667525220117326,0.8093535915789806,1,0.5,design,0.02,0.054873995585664484,0.04752227418434059,0.25,
sam,erm,True,0.04109879900501577,0.0393293460873105,0.0015467974636554456,0.044660646779507374,0.040998826417591894,0.02667525220117326,0.8093535915789806,1,0.5,design,0.05,0.054873995585664484,0.04752227418434059,0.25,
sam,erm,True,0.04109879900501577,0.0393293460873105,0.0015467974636554456,0.044660646779507374,0.040998826417591894,0.02667525220117326,0.8093535915789806,1,0.5,design,0.1,0.054873995585664484,0.04752227418434059,0.25,
sam,erm,True,0.04109879900501577,0.0393293460873105,0.0015467974636554456,0.044660646779507374,0.040998826417591894,0.02667525220117326,0.8093535915789806,1,0.5,design,0.2,0.054873995585664484,0.04752227418434059,0.25,3
sam,erm,True,0.04109879900501577,0.0393293460873105,0.0015467974636554456,0.044660646779507374,0.040998826417591894,0.02667525220117326,0.8093535915789806,3,0.0,none,0.02,0.042237272130045425,0.042237272130045425,0.0,37
sam,erm,True,0.04109879900501577,0.0393293460873105,0.0015467974636554456,0.044660646779507374,0.040998826417591894,0.02667525220117326,0.8093535915789806,3,0.0,none,0.05,0.042237272130045425,0.042237272130045425,0.0,8
sam,erm,True,0.04109879900501577,0.0393293460873105,0.0015467974636554456,0.044660646779507374,0.040998826417591894,0.02667525220117326,0.8093535915789806,3,0.0,none,0.1,0.042237272130045425,0.042237272130045425,0.0,4
sam,erm,True,0.04109879900501577,0.0393293460873105,0.0015467974636554456,0.044660646779507374,0.040998826417591894,0.02667525220117326,0.8093535915789806,3,0.0,none,0.2,0.042237272130045425,0.042237272130045425,0.0,3
sam,erm,True,0.04109879900501577,0.0393293460873105,0.0015467974636554456,0.044660646779507374,0.040998826417591894,0.02667525220117326,0.8093535915789806,3,0.25,ratio,0.02,0.04515354321787588,0.042237272130045425,0.125,62
sam,erm,True,0.04109879900501577,0.0393293460873105,0.0015467974636554456,0.044660646779507374,0.040998826417591894,0.02667525220117326,0.8093535915789806,3,0.25,ratio,0.05,0.04515354321787588,0.042237272130045425,0.125,12
sam,erm,True,0.04109879900501577,0.0393293460873105,0.0015467974636554456,0.044660646779507374,0.040998826417591894,0.02667525220117326,0.8093535915789806,3,0.25,ratio,0.1,0.04515354321787588,0.042237272130045425,0.125,5
sam,erm,True,0.04109879900501577,0.0393293460873105,0.0015467974636554456,0.044660646779507374,0.040998826417591894,0.02667525220117326,0.8093535915789806,3,0.25,ratio,0.2,0.04515354321787588,0.042237272130045425,0.125,3
sam,erm,True,0.04109879900501577,0.0393293460873105,0.0015467974636554456,0.044660646779507374,0.040998826417591894,0.02667525220117326,0.8093535915789806,3,0.25,design,0.02,0.04515354321787588,0.042237272130045425,0.125,
sam,erm,True,0.04109879900501577,0.0393293460873105,0.0015467974636554456,0.044660646779507374,0.040998826417591894,0.02667525220117326,0.8093535915789806,3,0.25,design,0.05,0.04515354321787588,0.042237272130045425,0.125,
sam,erm,True,0.04109879900501577,0.0393293460873105,0.0015467974636554456,0.044660646779507374,0.040998826417591894,0.02667525220117326,0.8093535915789806,3,0.25,design,0.1,0.04515354321787588,0.042237272130045425,0.125,5
sam,erm,True,0.04109879900501577,0.0393293460873105,0.0015467974636554456,0.044660646779507374,0.040998826417591894,0.02667525220117326,0.8093535915789806,3,0.25,design,0.2,0.04515354321787588,0.042237272130045425,0.125,3
sam,erm,True,0.04109879900501577,0.0393293460873105,0.0015467974636554456,0.044660646779507374,0.040998826417591894,0.02667525220117326,0.8093535915789806,3,0.5,ratio,0.02,0.048771400868234414,0.042237272130045425,0.25,96
sam,erm,True,0.04109879900501577,0.0393293460873105,0.0015467974636554456,0.044660646779507374,0.040998826417591894,0.02667525220117326,0.8093535915789806,3,0.5,ratio,0.05,0.048771400868234414,0.042237272130045425,0.25,17
sam,erm,True,0.04109879900501577,0.0393293460873105,0.0015467974636554456,0.044660646779507374,0.040998826417591894,0.02667525220117326,0.8093535915789806,3,0.5,ratio,0.1,0.048771400868234414,0.042237272130045425,0.25,6
sam,erm,True,0.04109879900501577,0.0393293460873105,0.0015467974636554456,0.044660646779507374,0.040998826417591894,0.02667525220117326,0.8093535915789806,3,0.5,ratio,0.2,0.048771400868234414,0.042237272130045425,0.25,4
sam,erm,True,0.04109879900501577,0.0393293460873105,0.0015467974636554456,0.044660646779507374,0.040998826417591894,0.02667525220117326,0.8093535915789806,3,0.5,design,0.02,0.048771400868234414,0.042237272130045425,0.25,
sam,erm,True,0.04109879900501577,0.0393293460873105,0.0015467974636554456,0.044660646779507374,0.040998826417591894,0.02667525220117326,0.8093535915789806,3,0.5,design,0.05,0.048771400868234414,0.042237272130045425,0.25,
sam,erm,True,0.04109879900501577,0.0393293460873105,0.0015467974636554456,0.044660646779507374,0.040998826417591894,0.02667525220117326,0.8093535915789806,3,0.5,design,0.1,0.048771400868234414,0.042237272130045425,0.25,17
sam,erm,True,0.04109879900501577,0.0393293460873105,0.0015467974636554456,0.044660646779507374,0.040998826417591894,0.02667525220117326,0.8093535915789806,3,0.5,design,0.2,0.048771400868234414,0.042237272130045425,0.25,3
sam,erm,True,0.04109879900501577,0.0393293460873105,0.0015467974636554456,0.044660646779507374,0.040998826417591894,0.02667525220117326,0.8093535915789806,5,0.0,none,0.02,0.04109879900501577,0.04109879900501577,0.0,36
sam,erm,True,0.04109879900501577,0.0393293460873105,0.0015467974636554456,0.044660646779507374,0.040998826417591894,0.02667525220117326,0.8093535915789806,5,0.0,none,0.05,0.04109879900501577,0.04109879900501577,0.0,8
sam,erm,True,0.04109879900501577,0.0393293460873105,0.0015467974636554456,0.044660646779507374,0.040998826417591894,0.02667525220117326,0.8093535915789806,5,0.0,none,0.1,0.04109879900501577,0.04109879900501577,0.0,4
sam,erm,True,0.04109879900501577,0.0393293460873105,0.0015467974636554456,0.044660646779507374,0.040998826417591894,0.02667525220117326,0.8093535915789806,5,0.0,none,0.2,0.04109879900501577,0.04109879900501577,0.0,3
sam,erm,True,0.04109879900501577,0.0393293460873105,0.0015467974636554456,0.044660646779507374,0.040998826417591894,0.02667525220117326,0.8093535915789806,5,0.25,ratio,0.02,0.04393646425275851,0.04109879900501577,0.125,59
sam,erm,True,0.04109879900501577,0.0393293460873105,0.0015467974636554456,0.044660646779507374,0.040998826417591894,0.02667525220117326,0.8093535915789806,5,0.25,ratio,0.05,0.04393646425275851,0.04109879900501577,0.125,12
sam,erm,True,0.04109879900501577,0.0393293460873105,0.0015467974636554456,0.044660646779507374,0.040998826417591894,0.02667525220117326,0.8093535915789806,5,0.25,ratio,0.1,0.04393646425275851,0.04109879900501577,0.125,5
sam,erm,True,0.04109879900501577,0.0393293460873105,0.0015467974636554456,0.044660646779507374,0.040998826417591894,0.02667525220117326,0.8093535915789806,5,0.25,ratio,0.2,0.04393646425275851,0.04109879900501577,0.125,3
sam,erm,True,0.04109879900501577,0.0393293460873105,0.0015467974636554456,0.044660646779507374,0.040998826417591894,0.02667525220117326,0.8093535915789806,5,0.25,design,0.02,0.04393646425275851,0.04109879900501577,0.125,
sam,erm,True,0.04109879900501577,0.0393293460873105,0.0015467974636554456,0.044660646779507374,0.040998826417591894,0.02667525220117326,0.8093535915789806,5,0.25,design,0.05,0.04393646425275851,0.04109879900501577,0.125,
sam,erm,True,0.04109879900501577,0.0393293460873105,0.0015467974636554456,0.044660646779507374,0.040998826417591894,0.02667525220117326,0.8093535915789806,5,0.25,design,0.1,0.04393646425275851,0.04109879900501577,0.125,5
sam,erm,True,0.04109879900501577,0.0393293460873105,0.0015467974636554456,0.044660646779507374,0.040998826417591894,0.02667525220117326,0.8093535915789806,5,0.25,design,0.2,0.04393646425275851,0.04109879900501577,0.125,3
sam,erm,True,0.04109879900501577,0.0393293460873105,0.0015467974636554456,0.044660646779507374,0.040998826417591894,0.02667525220117326,0.8093535915789806,5,0.5,ratio,0.02,0.04745680533783236,0.04109879900501577,0.25,91
sam,erm,True,0.04109879900501577,0.0393293460873105,0.0015467974636554456,0.044660646779507374,0.040998826417591894,0.02667525220117326,0.8093535915789806,5,0.5,ratio,0.05,0.04745680533783236,0.04109879900501577,0.25,17
sam,erm,True,0.04109879900501577,0.0393293460873105,0.0015467974636554456,0.044660646779507374,0.040998826417591894,0.02667525220117326,0.8093535915789806,5,0.5,ratio,0.1,0.04745680533783236,0.04109879900501577,0.25,6
sam,erm,True,0.04109879900501577,0.0393293460873105,0.0015467974636554456,0.044660646779507374,0.040998826417591894,0.02667525220117326,0.8093535915789806,5,0.5,ratio,0.2,0.04745680533783236,0.04109879900501577,0.25,4
sam,erm,True,0.04109879900501577,0.0393293460873105,0.0015467974636554456,0.044660646779507374,0.040998826417591894,0.02667525220117326,0.8093535915789806,5,0.5,design,0.02,0.04745680533783236,0.04109879900501577,0.25,
sam,erm,True,0.04109879900501577,0.0393293460873105,0.0015467974636554456,0.044660646779507374,0.040998826417591894,0.02667525220117326,0.8093535915789806,5,0.5,design,0.05,0.04745680533783236,0.04109879900501577,0.25,
sam,erm,True,0.04109879900501577,0.0393293460873105,0.0015467974636554456,0.044660646779507374,0.040998826417591894,0.02667525220117326,0.8093535915789806,5,0.5,design,0.1,0.04745680533783236,0.04109879900501577,0.25,11
sam,erm,True,0.04109879900501577,0.0393293460873105,0.0015467974636554456,0.044660646779507374,0.040998826417591894,0.02667525220117326,0.8093535915789806,5,0.5,design,0.2,0.04745680533783236,0.04109879900501577,0.25,3
sam,erm,True,0.04109879900501577,0.0393293460873105,0.0015467974636554456,0.044660646779507374,0.040998826417591894,0.02667525220117326,0.8093535915789806,10,0.0,none,0.02,0.04022380354535192,0.04022380354535192,0.0,34
sam,erm,True,0.04109879900501577,0.0393293460873105,0.0015467974636554456,0.044660646779507374,0.040998826417591894,0.02667525220117326,0.8093535915789806,10,0.0,none,0.05,0.04022380354535192,0.04022380354535192,0.0,8
sam,erm,True,0.04109879900501577,0.0393293460873105,0.0015467974636554456,0.044660646779507374,0.040998826417591894,0.02667525220117326,0.8093535915789806,10,0.0,none,0.1,0.04022380354535192,0.04022380354535192,0.0,4
sam,erm,True,0.04109879900501577,0.0393293460873105,0.0015467974636554456,0.044660646779507374,0.040998826417591894,0.02667525220117326,0.8093535915789806,10,0.0,none,0.2,0.04022380354535192,0.04022380354535192,0.0,3
sam,erm,True,0.04109879900501577,0.0393293460873105,0.0015467974636554456,0.044660646779507374,0.040998826417591894,0.02667525220117326,0.8093535915789806,10,0.25,ratio,0.02,0.04300105475988853,0.04022380354535192,0.125,57
sam,erm,True,0.04109879900501577,0.0393293460873105,0.0015467974636554456,0.044660646779507374,0.040998826417591894,0.02667525220117326,0.8093535915789806,10,0.25,ratio,0.05,0.04300105475988853,0.04022380354535192,0.125,11
sam,erm,True,0.04109879900501577,0.0393293460873105,0.0015467974636554456,0.044660646779507374,0.040998826417591894,0.02667525220117326,0.8093535915789806,10,0.25,ratio,0.1,0.04300105475988853,0.04022380354535192,0.125,5
sam,erm,True,0.04109879900501577,0.0393293460873105,0.0015467974636554456,0.044660646779507374,0.040998826417591894,0.02667525220117326,0.8093535915789806,10,0.25,ratio,0.2,0.04300105475988853,0.04022380354535192,0.125,3
sam,erm,True,0.04109879900501577,0.0393293460873105,0.0015467974636554456,0.044660646779507374,0.040998826417591894,0.02667525220117326,0.8093535915789806,10,0.25,design,0.02,0.04300105475988853,0.04022380354535192,0.125,
sam,erm,True,0.04109879900501577,0.0393293460873105,0.0015467974636554456,0.044660646779507374,0.040998826417591894,0.02667525220117326,0.8093535915789806,10,0.25,design,0.05,0.04300105475988853,0.04022380354535192,0.125,
sam,erm,True,0.04109879900501577,0.0393293460873105,0.0015467974636554456,0.044660646779507374,0.040998826417591894,0.02667525220117326,0.8093535915789806,10,0.25,design,0.1,0.04300105475988853,0.04022380354535192,0.125,5
sam,erm,True,0.04109879900501577,0.0393293460873105,0.0015467974636554456,0.044660646779507374,0.040998826417591894,0.02667525220117326,0.8093535915789806,10,0.25,design,0.2,0.04300105475988853,0.04022380354535192,0.125,3
sam,erm,True,0.04109879900501577,0.0393293460873105,0.0015467974636554456,0.044660646779507374,0.040998826417591894,0.02667525220117326,0.8093535915789806,10,0.5,ratio,0.02,0.04644644760947911,0.04022380354535192,0.25,87
sam,erm,True,0.04109879900501577,0.0393293460873105,0.0015467974636554456,0.044660646779507374,0.040998826417591894,0.02667525220117326,0.8093535915789806,10,0.5,ratio,0.05,0.04644644760947911,0.04022380354535192,0.25,16
sam,erm,True,0.04109879900501577,0.0393293460873105,0.0015467974636554456,0.044660646779507374,0.040998826417591894,0.02667525220117326,0.8093535915789806,10,0.5,ratio,0.1,0.04644644760947911,0.04022380354535192,0.25,6
sam,erm,True,0.04109879900501577,0.0393293460873105,0.0015467974636554456,0.044660646779507374,0.040998826417591894,0.02667525220117326,0.8093535915789806,10,0.5,ratio,0.2,0.04644644760947911,0.04022380354535192,0.25,4
sam,erm,True,0.04109879900501577,0.0393293460873105,0.0015467974636554456,0.044660646779507374,0.040998826417591894,0.02667525220117326,0.8093535915789806,10,0.5,design,0.02,0.04644644760947911,0.04022380354535192,0.25,
sam,erm,True,0.04109879900501577,0.0393293460873105,0.0015467974636554456,0.044660646779507374,0.040998826417591894,0.02667525220117326,0.8093535915789806,10,0.5,design,0.05,0.04644644760947911,0.04022380354535192,0.25,
sam,erm,True,0.04109879900501577,0.0393293460873105,0.0015467974636554456,0.044660646779507374,0.040998826417591894,0.02667525220117326,0.8093535915789806,10,0.5,design,0.1,0.04644644760947911,0.04022380354535192,0.25,9
sam,erm,True,0.04109879900501577,0.0393293460873105,0.0015467974636554456,0.044660646779507374,0.040998826417591894,0.02667525220117326,0.8093535915789806,10,0.5,design,0.2,0.04644644760947911,0.04022380354535192,0.25,3
simclr,erm,True,0.09229239855865362,0.08997029606170916,0.008094654173431599,0.023017023032360768,0.040998826417591894,0.0460017748721595,0.050083043941779565,1,0.0,none,0.02,0.10104858962311371,0.10104858962311371,0.0,203
simclr,erm,True,0.09229239855865362,0.08997029606170916,0.008094654173431599,0.023017023032360768,0.040998826417591894,0.0460017748721595,0.050083043941779565,1,0.0,none,0.05,0.10104858962311371,0.10104858962311371,0.0,35
simclr,erm,True,0.09229239855865362,0.08997029606170916,0.008094654173431599,0.023017023032360768,0.040998826417591894,0.0460017748721595,0.050083043941779565,1,0.0,none,0.1,0.10104858962311371,0.10104858962311371,0.0,11
simclr,erm,True,0.09229239855865362,0.08997029606170916,0.008094654173431599,0.023017023032360768,0.040998826417591894,0.0460017748721595,0.050083043941779565,1,0.0,none,0.2,0.10104858962311371,0.10104858962311371,0.0,5
simclr,erm,True,0.09229239855865362,0.08997029606170916,0.008094654173431599,0.023017023032360768,0.040998826417591894,0.0460017748721595,0.050083043941779565,1,0.25,ratio,0.02,0.10802548622468916,0.10104858962311371,0.125,346
simclr,erm,True,0.09229239855865362,0.08997029606170916,0.008094654173431599,0.023017023032360768,0.040998826417591894,0.0460017748721595,0.050083043941779565,1,0.25,ratio,0.05,0.10802548622468916,0.10104858962311371,0.125,57
simclr,erm,True,0.09229239855865362,0.08997029606170916,0.008094654173431599,0.023017023032360768,0.040998826417591894,0.0460017748721595,0.050083043941779565,1,0.25,ratio,0.1,0.10802548622468916,0.10104858962311371,0.125,16
simclr,erm,True,0.09229239855865362,0.08997029606170916,0.008094654173431599,0.023017023032360768,0.040998826417591894,0.0460017748721595,0.050083043941779565,1,0.25,ratio,0.2,0.10802548622468916,0.10104858962311371,0.125,6
simclr,erm,True,0.09229239855865362,0.08997029606170916,0.008094654173431599,0.023017023032360768,0.040998826417591894,0.0460017748721595,0.050083043941779565,1,0.25,design,0.02,0.10802548622468916,0.10104858962311371,0.125,
simclr,erm,True,0.09229239855865362,0.08997029606170916,0.008094654173431599,0.023017023032360768,0.040998826417591894,0.0460017748721595,0.050083043941779565,1,0.25,design,0.05,0.10802548622468916,0.10104858962311371,0.125,
simclr,erm,True,0.09229239855865362,0.08997029606170916,0.008094654173431599,0.023017023032360768,0.040998826417591894,0.0460017748721595,0.050083043941779565,1,0.25,design,0.1,0.10802548622468916,0.10104858962311371,0.125,
simclr,erm,True,0.09229239855865362,0.08997029606170916,0.008094654173431599,0.023017023032360768,0.040998826417591894,0.0460017748721595,0.050083043941779565,1,0.25,design,0.2,0.10802548622468916,0.10104858962311371,0.125,7
simclr,erm,True,0.09229239855865362,0.08997029606170916,0.008094654173431599,0.023017023032360768,0.040998826417591894,0.0460017748721595,0.050083043941779565,1,0.5,ratio,0.02,0.11668086084027346,0.10104858962311371,0.25,537
simclr,erm,True,0.09229239855865362,0.08997029606170916,0.008094654173431599,0.023017023032360768,0.040998826417591894,0.0460017748721595,0.050083043941779565,1,0.5,ratio,0.05,0.11668086084027346,0.10104858962311371,0.25,88
simclr,erm,True,0.09229239855865362,0.08997029606170916,0.008094654173431599,0.023017023032360768,0.040998826417591894,0.0460017748721595,0.050083043941779565,1,0.5,ratio,0.1,0.11668086084027346,0.10104858962311371,0.25,24
simclr,erm,True,0.09229239855865362,0.08997029606170916,0.008094654173431599,0.023017023032360768,0.040998826417591894,0.0460017748721595,0.050083043941779565,1,0.5,ratio,0.2,0.11668086084027346,0.10104858962311371,0.25,8
simclr,erm,True,0.09229239855865362,0.08997029606170916,0.008094654173431599,0.023017023032360768,0.040998826417591894,0.0460017748721595,0.050083043941779565,1,0.5,design,0.02,0.11668086084027346,0.10104858962311371,0.25,
simclr,erm,True,0.09229239855865362,0.08997029606170916,0.008094654173431599,0.023017023032360768,0.040998826417591894,0.0460017748721595,0.050083043941779565,1,0.5,design,0.05,0.11668086084027346,0.10104858962311371,0.25,
simclr,erm,True,0.09229239855865362,0.08997029606170916,0.008094654173431599,0.023017023032360768,0.040998826417591894,0.0460017748721595,0.050083043941779565,1,0.5,design,0.1,0.11668086084027346,0.10104858962311371,0.25,
simclr,erm,True,0.09229239855865362,0.08997029606170916,0.008094654173431599,0.023017023032360768,0.040998826417591894,0.0460017748721595,0.050083043941779565,1,0.5,design,0.2,0.11668086084027346,0.10104858962311371,0.25,
simclr,erm,True,0.09229239855865362,0.08997029606170916,0.008094654173431599,0.023017023032360768,0.040998826417591894,0.0460017748721595,0.050083043941779565,3,0.0,none,0.02,0.09380853872237793,0.09380853872237793,0.0,175
simclr,erm,True,0.09229239855865362,0.08997029606170916,0.008094654173431599,0.023017023032360768,0.040998826417591894,0.0460017748721595,0.050083043941779565,3,0.0,none,0.05,0.09380853872237793,0.09380853872237793,0.0,30
simclr,erm,True,0.09229239855865362,0.08997029606170916,0.008094654173431599,0.023017023032360768,0.040998826417591894,0.0460017748721595,0.050083043941779565,3,0.0,none,0.1,0.09380853872237793,0.09380853872237793,0.0,10
simclr,erm,True,0.09229239855865362,0.08997029606170916,0.008094654173431599,0.023017023032360768,0.040998826417591894,0.0460017748721595,0.050083043941779565,3,0.0,none,0.2,0.09380853872237793,0.09380853872237793,0.0,4
simclr,erm,True,0.09229239855865362,0.08997029606170916,0.008094654173431599,0.023017023032360768,0.040998826417591894,0.0460017748721595,0.050083043941779565,3,0.25,ratio,0.02,0.10028554624372991,0.09380853872237793,0.125,298
simclr,erm,True,0.09229239855865362,0.08997029606170916,0.008094654173431599,0.023017023032360768,0.040998826417591894,0.0460017748721595,0.050083043941779565,3,0.25,ratio,0.05,0.10028554624372991,0.09380853872237793,0.125,50
simclr,erm,True,0.09229239855865362,0.08997029606170916,0.008094654173431599,0.023017023032360768,0.040998826417591894,0.0460017748721595,0.050083043941779565,3,0.25,ratio,0.1,0.10028554624372991,0.09380853872237793,0.125,14
simclr,erm,True,0.09229239855865362,0.08997029606170916,0.008094654173431599,0.023017023032360768,0.040998826417591894,0.0460017748721595,0.050083043941779565,3,0.25,ratio,0.2,0.10028554624372991,0.09380853872237793,0.125,6
simclr,erm,True,0.09229239855865362,0.08997029606170916,0.008094654173431599,0.023017023032360768,0.040998826417591894,0.0460017748721595,0.050083043941779565,3,0.25,design,0.02,0.10028554624372991,0.09380853872237793,0.125,
simclr,erm,True,0.09229239855865362,0.08997029606170916,0.008094654173431599,0.023017023032360768,0.040998826417591894,0.0460017748721595,0.050083043941779565,3,0.25,design,0.05,0.10028554624372991,0.09380853872237793,0.125,
simclr,erm,True,0.09229239855865362,0.08997029606170916,0.008094654173431599,0.023017023032360768,0.040998826417591894,0.0460017748721595,0.050083043941779565,3,0.25,design,0.1,0.10028554624372991,0.09380853872237793,0.125,
simclr,erm,True,0.09229239855865362,0.08997029606170916,0.008094654173431599,0.023017023032360768,0.040998826417591894,0.0460017748721595,0.050083043941779565,3,0.25,design,0.2,0.10028554624372991,0.09380853872237793,0.125,6
simclr,erm,True,0.09229239855865362,0.08997029606170916,0.008094654173431599,0.023017023032360768,0.040998826417591894,0.0460017748721595,0.050083043941779565,3,0.5,ratio,0.02,0.10832077016730067,0.09380853872237793,0.25,463
simclr,erm,True,0.09229239855865362,0.08997029606170916,0.008094654173431599,0.023017023032360768,0.040998826417591894,0.0460017748721595,0.050083043941779565,3,0.5,ratio,0.05,0.10832077016730067,0.09380853872237793,0.25,76
simclr,erm,True,0.09229239855865362,0.08997029606170916,0.008094654173431599,0.023017023032360768,0.040998826417591894,0.0460017748721595,0.050083043941779565,3,0.5,ratio,0.1,0.10832077016730067,0.09380853872237793,0.25,21
simclr,erm,True,0.09229239855865362,0.08997029606170916,0.008094654173431599,0.023017023032360768,0.040998826417591894,0.0460017748721595,0.050083043941779565,3,0.5,ratio,0.2,0.10832077016730067,0.09380853872237793,0.25,7
simclr,erm,True,0.09229239855865362,0.08997029606170916,0.008094654173431599,0.023017023032360768,0.040998826417591894,0.0460017748721595,0.050083043941779565,3,0.5,design,0.02,0.10832077016730067,0.09380853872237793,0.25,
simclr,erm,True,0.09229239855865362,0.08997029606170916,0.008094654173431599,0.023017023032360768,0.040998826417591894,0.0460017748721595,0.050083043941779565,3,0.5,design,0.05,0.10832077016730067,0.09380853872237793,0.25,
simclr,erm,True,0.09229239855865362,0.08997029606170916,0.008094654173431599,0.023017023032360768,0.040998826417591894,0.0460017748721595,0.050083043941779565,3,0.5,design,0.1,0.10832077016730067,0.09380853872237793,0.25,
simclr,erm,True,0.09229239855865362,0.08997029606170916,0.008094654173431599,0.023017023032360768,0.040998826417591894,0.0460017748721595,0.050083043941779565,3,0.5,design,0.2,0.10832077016730067,0.09380853872237793,0.25,
simclr,erm,True,0.09229239855865362,0.08997029606170916,0.008094654173431599,0.023017023032360768,0.040998826417591894,0.0460017748721595,0.050083043941779565,5,0.0,none,0.02,0.09229239855865361,0.09229239855865361,0.0,170
simclr,erm,True,0.09229239855865362,0.08997029606170916,0.008094654173431599,0.023017023032360768,0.040998826417591894,0.0460017748721595,0.050083043941779565,5,0.0,none,0.05,0.09229239855865361,0.09229239855865361,0.0,29
simclr,erm,True,0.09229239855865362,0.08997029606170916,0.008094654173431599,0.023017023032360768,0.040998826417591894,0.0460017748721595,0.050083043941779565,5,0.0,none,0.1,0.09229239855865361,0.09229239855865361,0.0,9
simclr,erm,True,0.09229239855865362,0.08997029606170916,0.008094654173431599,0.023017023032360768,0.040998826417591894,0.0460017748721595,0.050083043941779565,5,0.0,none,0.2,0.09229239855865361,0.09229239855865361,0.0,4
simclr,erm,True,0.09229239855865362,0.08997029606170916,0.008094654173431599,0.023017023032360768,0.040998826417591894,0.0460017748721595,0.050083043941779565,5,0.25,ratio,0.02,0.09866472423144884,0.09229239855865361,0.125,289
simclr,erm,True,0.09229239855865362,0.08997029606170916,0.008094654173431599,0.023017023032360768,0.040998826417591894,0.0460017748721595,0.050083043941779565,5,0.25,ratio,0.05,0.09866472423144884,0.09229239855865361,0.125,48
simclr,erm,True,0.09229239855865362,0.08997029606170916,0.008094654173431599,0.023017023032360768,0.040998826417591894,0.0460017748721595,0.050083043941779565,5,0.25,ratio,0.1,0.09866472423144884,0.09229239855865361,0.125,14
simclr,erm,True,0.09229239855865362,0.08997029606170916,0.008094654173431599,0.023017023032360768,0.040998826417591894,0.0460017748721595,0.050083043941779565,5,0.25,ratio,0.2,0.09866472423144884,0.09229239855865361,0.125,6
simclr,erm,True,0.09229239855865362,0.08997029606170916,0.008094654173431599,0.023017023032360768,0.040998826417591894,0.0460017748721595,0.050083043941779565,5,0.25,design,0.02,0.09866472423144884,0.09229239855865361,0.125,
simclr,erm,True,0.09229239855865362,0.08997029606170916,0.008094654173431599,0.023017023032360768,0.040998826417591894,0.0460017748721595,0.050083043941779565,5,0.25,design,0.05,0.09866472423144884,0.09229239855865361,0.125,
simclr,erm,True,0.09229239855865362,0.08997029606170916,0.008094654173431599,0.023017023032360768,0.040998826417591894,0.0460017748721595,0.050083043941779565,5,0.25,design,0.1,0.09866472423144884,0.09229239855865361,0.125,
simclr,erm,True,0.09229239855865362,0.08997029606170916,0.008094654173431599,0.023017023032360768,0.040998826417591894,0.0460017748721595,0.050083043941779565,5,0.25,design,0.2,0.09866472423144884,0.09229239855865361,0.125,6
simclr,erm,True,0.09229239855865362,0.08997029606170916,0.008094654173431599,0.023017023032360768,0.040998826417591894,0.0460017748721595,0.050083043941779565,5,0.5,ratio,0.02,0.10657008230398979,0.09229239855865361,0.25,448
simclr,erm,True,0.09229239855865362,0.08997029606170916,0.008094654173431599,0.023017023032360768,0.040998826417591894,0.0460017748721595,0.050083043941779565,5,0.5,ratio,0.05,0.10657008230398979,0.09229239855865361,0.25,74
simclr,erm,True,0.09229239855865362,0.08997029606170916,0.008094654173431599,0.023017023032360768,0.040998826417591894,0.0460017748721595,0.050083043941779565,5,0.5,ratio,0.1,0.10657008230398979,0.09229239855865361,0.25,20
simclr,erm,True,0.09229239855865362,0.08997029606170916,0.008094654173431599,0.023017023032360768,0.040998826417591894,0.0460017748721595,0.050083043941779565,5,0.5,ratio,0.2,0.10657008230398979,0.09229239855865361,0.25,7
simclr,erm,True,0.09229239855865362,0.08997029606170916,0.008094654173431599,0.023017023032360768,0.040998826417591894,0.0460017748721595,0.050083043941779565,5,0.5,design,0.02,0.10657008230398979,0.09229239855865361,0.25,
simclr,erm,True,0.09229239855865362,0.08997029606170916,0.008094654173431599,0.023017023032360768,0.040998826417591894,0.0460017748721595,0.050083043941779565,5,0.5,design,0.05,0.10657008230398979,0.09229239855865361,0.25,
simclr,erm,True,0.09229239855865362,0.08997029606170916,0.008094654173431599,0.023017023032360768,0.040998826417591894,0.0460017748721595,0.050083043941779565,5,0.5,design,0.1,0.10657008230398979,0.09229239855865361,0.25,
simclr,erm,True,0.09229239855865362,0.08997029606170916,0.008094654173431599,0.023017023032360768,0.040998826417591894,0.0460017748721595,0.050083043941779565,5,0.5,design,0.2,0.10657008230398979,0.09229239855865361,0.25,
simclr,erm,True,0.09229239855865362,0.08997029606170916,0.008094654173431599,0.023017023032360768,0.040998826417591894,0.0460017748721595,0.050083043941779565,10,0.0,none,0.02,0.09113874314785388,0.09113874314785388,0.0,165
simclr,erm,True,0.09229239855865362,0.08997029606170916,0.008094654173431599,0.023017023032360768,0.040998826417591894,0.0460017748721595,0.050083043941779565,10,0.0,none,0.05,0.09113874314785388,0.09113874314785388,0.0,29
simclr,erm,True,0.09229239855865362,0.08997029606170916,0.008094654173431599,0.023017023032360768,0.040998826417591894,0.0460017748721595,0.050083043941779565,10,0.0,none,0.1,0.09113874314785388,0.09113874314785388,0.0,9
simclr,erm,True,0.09229239855865362,0.08997029606170916,0.008094654173431599,0.023017023032360768,0.040998826417591894,0.0460017748721595,0.050083043941779565,10,0.0,none,0.2,0.09113874314785388,0.09113874314785388,0.0,4
simclr,erm,True,0.09229239855865362,0.08997029606170916,0.008094654173431599,0.023017023032360768,0.040998826417591894,0.0460017748721595,0.050083043941779565,10,0.25,ratio,0.02,0.09743141472013155,0.09113874314785388,0.125,282
simclr,erm,True,0.09229239855865362,0.08997029606170916,0.008094654173431599,0.023017023032360768,0.040998826417591894,0.0460017748721595,0.050083043941779565,10,0.25,ratio,0.05,0.09743141472013155,0.09113874314785388,0.125,47
simclr,erm,True,0.09229239855865362,0.08997029606170916,0.008094654173431599,0.023017023032360768,0.040998826417591894,0.0460017748721595,0.050083043941779565,10,0.25,ratio,0.1,0.09743141472013155,0.09113874314785388,0.125,14
simclr,erm,True,0.09229239855865362,0.08997029606170916,0.008094654173431599,0.023017023032360768,0.040998826417591894,0.0460017748721595,0.050083043941779565,10,0.25,ratio,0.2,0.09743141472013155,0.09113874314785388,0.125,6
simclr,erm,True,0.09229239855865362,0.08997029606170916,0.008094654173431599,0.023017023032360768,0.040998826417591894,0.0460017748721595,0.050083043941779565,10,0.25,design,0.02,0.09743141472013155,0.09113874314785388,0.125,
simclr,erm,True,0.09229239855865362,0.08997029606170916,0.008094654173431599,0.023017023032360768,0.040998826417591894,0.0460017748721595,0.050083043941779565,10,0.25,design,0.05,0.09743141472013155,0.09113874314785388,0.125,
simclr,erm,True,0.09229239855865362,0.08997029606170916,0.008094654173431599,0.023017023032360768,0.040998826417591894,0.0460017748721595,0.050083043941779565,10,0.25,design,0.1,0.09743141472013155,0.09113874314785388,0.125,
simclr,erm,True,0.09229239855865362,0.08997029606170916,0.008094654173431599,0.023017023032360768,0.040998826417591894,0.0460017748721595,0.050083043941779565,10,0.25,design,0.2,0.09743141472013155,0.09113874314785388,0.125,6
simclr,erm,True,0.09229239855865362,0.08997029606170916,0.008094654173431599,0.023017023032360768,0.040998826417591894,0.0460017748721595,0.050083043941779565,10,0.5,ratio,0.02,0.1052379557800352,0.09113874314785388,0.25,437
simclr,erm,True,0.09229239855865362,0.08997029606170916,0.008094654173431599,0.023017023032360768,0.040998826417591894,0.0460017748721595,0.050083043941779565,10,0.5,ratio,0.05,0.1052379557800352,0.09113874314785388,0.25,72
simclr,erm,True,0.09229239855865362,0.08997029606170916,0.008094654173431599,0.023017023032360768,0.040998826417591894,0.0460017748721595,0.050083043941779565,10,0.5,ratio,0.1,0.1052379557800352,0.09113874314785388,0.25,20
simclr,erm,True,0.09229239855865362,0.08997029606170916,0.008094654173431599,0.023017023032360768,0.040998826417591894,0.0460017748721595,0.050083043941779565,10,0.5,ratio,0.2,0.1052379557800352,0.09113874314785388,0.25,7
simclr,erm,True,0.09229239855865362,0.08997029606170916,0.008094654173431599,0.023017023032360768,0.040998826417591894,0.0460017748721595,0.050083043941779565,10,0.5,design,0.02,0.1052379557800352,0.09113874314785388,0.25,
simclr,erm,True,0.09229239855865362,0.08997029606170916,0.008094654173431599,0.023017023032360768,0.040998826417591894,0.0460017748721595,0.050083043941779565,10,0.5,design,0.05,0.1052379557800352,0.09113874314785388,0.25,
simclr,erm,True,0.09229239855865362,0.08997029606170916,0.008094654173431599,0.023017023032360768,0.040998826417591894,0.0460017748721595,0.050083043941779565,10,0.5,design,0.1,0.1052379557800352,0.09113874314785388,0.25,
simclr,erm,True,0.09229239855865362,0.08997029606170916,0.008094654173431599,0.023017023032360768,0.040998826417591894,0.0460017748721595,0.050083043941779565,10,0.5,design,0.2,0.1052379557800352,0.09113874314785388,0.25,
simclr_sam,erm,True,0.09244391499241215,0.09012791754588083,0.008123041521157094,0.022059851007125993,0.040998826417591894,0.04598020758800641,0.029500028807246,1,0.0,none,0.02,0.10117915304544339,0.10117915304544339,0.0,203
simclr_sam,erm,True,0.09244391499241215,0.09012791754588083,0.008123041521157094,0.022059851007125993,0.040998826417591894,0.04598020758800641,0.029500028807246,1,0.0,none,0.05,0.10117915304544339,0.10117915304544339,0.0,35
simclr_sam,erm,True,0.09244391499241215,0.09012791754588083,0.008123041521157094,0.022059851007125993,0.040998826417591894,0.04598020758800641,0.029500028807246,1,0.0,none,0.1,0.10117915304544339,0.10117915304544339,0.0,11
simclr_sam,erm,True,0.09244391499241215,0.09012791754588083,0.008123041521157094,0.022059851007125993,0.040998826417591894,0.04598020758800641,0.029500028807246,1,0.0,none,0.2,0.10117915304544339,0.10117915304544339,0.0,5
simclr_sam,erm,True,0.09244391499241215,0.09012791754588083,0.008123041521157094,0.022059851007125993,0.040998826417591894,0.04598020758800641,0.029500028807246,1,0.25,ratio,0.02,0.10816506439428983,0.10117915304544339,0.125,347
simclr_sam,erm,True,0.09244391499241215,0.09012791754588083,0.008123041521157094,0.022059851007125993,0.040998826417591894,0.04598020758800641,0.029500028807246,1,0.25,ratio,0.05,0.10816506439428983,0.10117915304544339,0.125,58
simclr_sam,erm,True,0.09244391499241215,0.09012791754588083,0.008123041521157094,0.022059851007125993,0.040998826417591894,0.04598020758800641,0.029500028807246,1,0.25,ratio,0.1,0.10816506439428983,0.10117915304544339,0.125,16
simclr_sam,erm,True,0.09244391499241215,0.09012791754588083,0.008123041521157094,0.022059851007125993,0.040998826417591894,0.04598020758800641,0.029500028807246,1,0.25,ratio,0.2,0.10816506439428983,0.10117915304544339,0.125,6
simclr_sam,erm,True,0.09244391499241215,0.09012791754588083,0.008123041521157094,0.022059851007125993,0.040998826417591894,0.04598020758800641,0.029500028807246,1,0.25,design,0.02,0.10816506439428983,0.10117915304544339,0.125,
simclr_sam,erm,True,0.09244391499241215,0.09012791754588083,0.008123041521157094,0.022059851007125993,0.040998826417591894,0.04598020758800641,0.029500028807246,1,0.25,design,0.05,0.10816506439428983,0.10117915304544339,0.125,
simclr_sam,erm,True,0.09244391499241215,0.09012791754588083,0.008123041521157094,0.022059851007125993,0.040998826417591894,0.04598020758800641,0.029500028807246,1,0.25,design,0.1,0.10816506439428983,0.10117915304544339,0.125,
simclr_sam,erm,True,0.09244391499241215,0.09012791754588083,0.008123041521157094,0.022059851007125993,0.040998826417591894,0.04598020758800641,0.029500028807246,1,0.25,design,0.2,0.10816506439428983,0.10117915304544339,0.125,7
simclr_sam,erm,True,0.09244391499241215,0.09012791754588083,0.008123041521157094,0.022059851007125993,0.040998826417591894,0.04598020758800641,0.029500028807246,1,0.5,ratio,0.02,0.11683162249433018,0.10117915304544339,0.25,538
simclr_sam,erm,True,0.09244391499241215,0.09012791754588083,0.008123041521157094,0.022059851007125993,0.040998826417591894,0.04598020758800641,0.029500028807246,1,0.5,ratio,0.05,0.11683162249433018,0.10117915304544339,0.25,88
simclr_sam,erm,True,0.09244391499241215,0.09012791754588083,0.008123041521157094,0.022059851007125993,0.040998826417591894,0.04598020758800641,0.029500028807246,1,0.5,ratio,0.1,0.11683162249433018,0.10117915304544339,0.25,24
simclr_sam,erm,True,0.09244391499241215,0.09012791754588083,0.008123041521157094,0.022059851007125993,0.040998826417591894,0.04598020758800641,0.029500028807246,1,0.5,ratio,0.2,0.11683162249433018,0.10117915304544339,0.25,8
simclr_sam,erm,True,0.09244391499241215,0.09012791754588083,0.008123041521157094,0.022059851007125993,0.040998826417591894,0.04598020758800641,0.029500028807246,1,0.5,design,0.02,0.11683162249433018,0.10117915304544339,0.25,
simclr_sam,erm,True,0.09244391499241215,0.09012791754588083,0.008123041521157094,0.022059851007125993,0.040998826417591894,0.04598020758800641,0.029500028807246,1,0.5,design,0.05,0.11683162249433018,0.10117915304544339,0.25,
simclr_sam,erm,True,0.09244391499241215,0.09012791754588083,0.008123041521157094,0.022059851007125993,0.040998826417591894,0.04598020758800641,0.029500028807246,1,0.5,design,0.1,0.11683162249433018,0.10117915304544339,0.25,
simclr_sam,erm,True,0.09244391499241215,0.09012791754588083,0.008123041521157094,0.022059851007125993,0.040998826417591894,0.04598020758800641,0.029500028807246,1,0.5,design,0.2,0.11683162249433018,0.10117915304544339,0.25,
simclr_sam,erm,True,0.09244391499241215,0.09012791754588083,0.008123041521157094,0.022059851007125993,0.040998826417591894,0.04598020758800641,0.029500028807246,3,0.0,none,0.02,0.09395620265724423,0.09395620265724423,0.0,176
simclr_sam,erm,True,0.09244391499241215,0.09012791754588083,0.008123041521157094,0.022059851007125993,0.040998826417591894,0.04598020758800641,0.029500028807246,3,0.0,none,0.05,0.09395620265724423,0.09395620265724423,0.0,30
simclr_sam,erm,True,0.09244391499241215,0.09012791754588083,0.008123041521157094,0.022059851007125993,0.040998826417591894,0.04598020758800641,0.029500028807246,3,0.0,none,0.1,0.09395620265724423,0.09395620265724423,0.0,10
simclr_sam,erm,True,0.09244391499241215,0.09012791754588083,0.008123041521157094,0.022059851007125993,0.040998826417591894,0.04598020758800641,0.029500028807246,3,0.0,none,0.2,0.09395620265724423,0.09395620265724423,0.0,4
simclr_sam,erm,True,0.09244391499241215,0.09012791754588083,0.008123041521157094,0.022059851007125993,0.040998826417591894,0.04598020758800641,0.029500028807246,3,0.25,ratio,0.02,0.10044340563020208,0.09395620265724423,0.125,299
simclr_sam,erm,True,0.09244391499241215,0.09012791754588083,0.008123041521157094,0.022059851007125993,0.040998826417591894,0.04598020758800641,0.029500028807246,3,0.25,ratio,0.05,0.10044340563020208,0.09395620265724423,0.125,50
simclr_sam,erm,True,0.09244391499241215,0.09012791754588083,0.008123041521157094,0.022059851007125993,0.040998826417591894,0.04598020758800641,0.029500028807246,3,0.25,ratio,0.1,0.10044340563020208,0.09395620265724423,0.125,14
simclr_sam,erm,True,0.09244391499241215,0.09012791754588083,0.008123041521157094,0.022059851007125993,0.040998826417591894,0.04598020758800641,0.029500028807246,3,0.25,ratio,0.2,0.10044340563020208,0.09395620265724423,0.125,6
simclr_sam,erm,True,0.09244391499241215,0.09012791754588083,0.008123041521157094,0.022059851007125993,0.040998826417591894,0.04598020758800641,0.029500028807246,3,0.25,design,0.02,0.10044340563020208,0.09395620265724423,0.125,
simclr_sam,erm,True,0.09244391499241215,0.09012791754588083,0.008123041521157094,0.022059851007125993,0.040998826417591894,0.04598020758800641,0.029500028807246,3,0.25,design,0.05,0.10044340563020208,0.09395620265724423,0.125,
simclr_sam,erm,True,0.09244391499241215,0.09012791754588083,0.008123041521157094,0.022059851007125993,0.040998826417591894,0.04598020758800641,0.029500028807246,3,0.25,design,0.1,0.10044340563020208,0.09395620265724423,0.125,
simclr_sam,erm,True,0.09244391499241215,0.09012791754588083,0.008123041521157094,0.022059851007125993,0.040998826417591894,0.04598020758800641,0.029500028807246,3,0.25,design,0.2,0.10044340563020208,0.09395620265724423,0.125,6
simclr_sam,erm,True,0.09244391499241215,0.09012791754588083,0.008123041521157094,0.022059851007125993,0.040998826417591894,0.04598020758800641,0.029500028807246,3,0.5,ratio,0.02,0.10849127779238998,0.09395620265724423,0.25,464
simclr_sam,erm,True,0.09244391499241215,0.09012791754588083,0.008123041521157094,0.022059851007125993,0.040998826417591894,0.04598020758800641,0.029500028807246,3,0.5,ratio,0.05,0.10849127779238998,0.09395620265724423,0.25,76
simclr_sam,erm,True,0.09244391499241215,0.09012791754588083,0.008123041521157094,0.022059851007125993,0.040998826417591894,0.04598020758800641,0.029500028807246,3,0.5,ratio,0.1,0.10849127779238998,0.09395620265724423,0.25,21
simclr_sam,erm,True,0.09244391499241215,0.09012791754588083,0.008123041521157094,0.022059851007125993,0.040998826417591894,0.04598020758800641,0.029500028807246,3,0.5,ratio,0.2,0.10849127779238998,0.09395620265724423,0.25,7
simclr_sam,erm,True,0.09244391499241215,0.09012791754588083,0.008123041521157094,0.022059851007125993,0.040998826417591894,0.04598020758800641,0.029500028807246,3,0.5,design,0.02,0.10849127779238998,0.09395620265724423,0.25,
simclr_sam,erm,True,0.09244391499241215,0.09012791754588083,0.008123041521157094,0.022059851007125993,0.040998826417591894,0.04598020758800641,0.029500028807246,3,0.5,design,0.05,0.10849127779238998,0.09395620265724423,0.25,
simclr_sam,erm,True,0.09244391499241215,0.09012791754588083,0.008123041521157094,0.022059851007125993,0.040998826417591894,0.04598020758800641,0.029500028807246,3,0.5,design,0.1,0.10849127779238998,0.09395620265724423,0.25,
simclr_sam,erm,True,0.09244391499241215,0.09012791754588083,0.008123041521157094,0.022059851007125993,0.040998826417591894,0.04598020758800641,0.029500028807246,3,0.5,design,0.2,0.10849127779238998,0.09395620265724423,0.25,
simclr_sam,erm,True,0.09244391499241215,0.09012791754588083,0.008123041521157094,0.022059851007125993,0.040998826417591894,0.04598020758800641,0.029500028807246,5,0.0,none,0.02,0.09244391499241215,0.09244391499241215,0.0,170
simclr_sam,erm,True,0.09244391499241215,0.09012791754588083,0.008123041521157094,0.022059851007125993,0.040998826417591894,0.04598020758800641,0.029500028807246,5,0.0,none,0.05,0.09244391499241215,0.09244391499241215,0.0,29
simclr_sam,erm,True,0.09244391499241215,0.09012791754588083,0.008123041521157094,0.022059851007125993,0.040998826417591894,0.04598020758800641,0.029500028807246,5,0.0,none,0.1,0.09244391499241215,0.09244391499241215,0.0,9
simclr_sam,erm,True,0.09244391499241215,0.09012791754588083,0.008123041521157094,0.022059851007125993,0.040998826417591894,0.04598020758800641,0.029500028807246,5,0.0,none,0.2,0.09244391499241215,0.09244391499241215,0.0,4
simclr_sam,erm,True,0.09244391499241215,0.09012791754588083,0.008123041521157094,0.022059851007125993,0.040998826417591894,0.04598020758800641,0.029500028807246,5,0.25,ratio,0.02,0.09882670211247464,0.09244391499241215,0.125,290
simclr_sam,erm,True,0.09244391499241215,0.09012791754588083,0.008123041521157094,0.022059851007125993,0.040998826417591894,0.04598020758800641,0.029500028807246,5,0.25,ratio,0.05,0.09882670211247464,0.09244391499241215,0.125,48
simclr_sam,erm,True,0.09244391499241215,0.09012791754588083,0.008123041521157094,0.022059851007125993,0.040998826417591894,0.04598020758800641,0.029500028807246,5,0.25,ratio,0.1,0.09882670211247464,0.09244391499241215,0.125,14
simclr_sam,erm,True,0.09244391499241215,0.09012791754588083,0.008123041521157094,0.022059851007125993,0.040998826417591894,0.04598020758800641,0.029500028807246,5,0.25,ratio,0.2,0.09882670211247464,0.09244391499241215,0.125,6
simclr_sam,erm,True,0.09244391499241215,0.09012791754588083,0.008123041521157094,0.022059851007125993,0.040998826417591894,0.04598020758800641,0.029500028807246,5,0.25,design,0.02,0.09882670211247464,0.09244391499241215,0.125,
simclr_sam,erm,True,0.09244391499241215,0.09012791754588083,0.008123041521157094,0.022059851007125993,0.040998826417591894,0.04598020758800641,0.029500028807246,5,0.25,design,0.05,0.09882670211247464,0.09244391499241215,0.125,
simclr_sam,erm,True,0.09244391499241215,0.09012791754588083,0.008123041521157094,0.022059851007125993,0.040998826417591894,0.04598020758800641,0.029500028807246,5,0.25,design,0.1,0.09882670211247464,0.09244391499241215,0.125,
simclr_sam,erm,True,0.09244391499241215,0.09012791754588083,0.008123041521157094,0.022059851007125993,0.040998826417591894,0.04598020758800641,0.029500028807246,5,0.25,design,0.2,0.09882670211247464,0.09244391499241215,0.125,6
simclr_sam,erm,True,0.09244391499241215,0.09012791754588083,0.008123041521157094,0.022059851007125993,0.040998826417591894,0.04598020758800641,0.029500028807246,5,0.5,ratio,0.02,0.10674503841162408,0.09244391499241215,0.25,450
simclr_sam,erm,True,0.09244391499241215,0.09012791754588083,0.008123041521157094,0.022059851007125993,0.040998826417591894,0.04598020758800641,0.029500028807246,5,0.5,ratio,0.05,0.10674503841162408,0.09244391499241215,0.25,74
simclr_sam,erm,True,0.09244391499241215,0.09012791754588083,0.008123041521157094,0.022059851007125993,0.040998826417591894,0.04598020758800641,0.029500028807246,5,0.5,ratio,0.1,0.10674503841162408,0.09244391499241215,0.25,20
simclr_sam,erm,True,0.09244391499241215,0.09012791754588083,0.008123041521157094,0.022059851007125993,0.040998826417591894,0.04598020758800641,0.029500028807246,5,0.5,ratio,0.2,0.10674503841162408,0.09244391499241215,0.25,7
simclr_sam,erm,True,0.09244391499241215,0.09012791754588083,0.008123041521157094,0.022059851007125993,0.040998826417591894,0.04598020758800641,0.029500028807246,5,0.5,design,0.02,0.10674503841162408,0.09244391499241215,0.25,
simclr_sam,erm,True,0.09244391499241215,0.09012791754588083,0.008123041521157094,0.022059851007125993,0.040998826417591894,0.04598020758800641,0.029500028807246,5,0.5,design,0.05,0.10674503841162408,0.09244391499241215,0.25,
simclr_sam,erm,True,0.09244391499241215,0.09012791754588083,0.008123041521157094,0.022059851007125993,0.040998826417591894,0.04598020758800641,0.029500028807246,5,0.5,design,0.1,0.10674503841162408,0.09244391499241215,0.25,
simclr_sam,erm,True,0.09244391499241215,0.09012791754588083,0.008123041521157094,0.022059851007125993,0.040998826417591894,0.04598020758800641,0.029500028807246,5,0.5,design,0.2,0.10674503841162408,0.09244391499241215,0.25,
simclr_sam,erm,True,0.09244391499241215,0.09012791754588083,0.008123041521157094,0.022059851007125993,0.040998826417591894,0.04598020758800641,0.029500028807246,10,0.0,none,0.02,0.09129326081448022,0.09129326081448022,0.0,166
simclr_sam,erm,True,0.09244391499241215,0.09012791754588083,0.008123041521157094,0.022059851007125993,0.040998826417591894,0.04598020758800641,0.029500028807246,10,0.0,none,0.05,0.09129326081448022,0.09129326081448022,0.0,29
simclr_sam,erm,True,0.09244391499241215,0.09012791754588083,0.008123041521157094,0.022059851007125993,0.040998826417591894,0.04598020758800641,0.029500028807246,10,0.0,none,0.1,0.09129326081448022,0.09129326081448022,0.0,9
simclr_sam,erm,True,0.09244391499241215,0.09012791754588083,0.008123041521157094,0.022059851007125993,0.040998826417591894,0.04598020758800641,0.029500028807246,10,0.0,none,0.2,0.09129326081448022,0.09129326081448022,0.0,4
simclr_sam,erm,True,0.09244391499241215,0.09012791754588083,0.008123041521157094,0.022059851007125993,0.040998826417591894,0.04598020758800641,0.029500028807246,10,0.25,ratio,0.02,0.09759660105405141,0.09129326081448022,0.125,283
simclr_sam,erm,True,0.09244391499241215,0.09012791754588083,0.008123041521157094,0.022059851007125993,0.040998826417591894,0.04598020758800641,0.029500028807246,10,0.25,ratio,0.05,0.09759660105405141,0.09129326081448022,0.125,47
simclr_sam,erm,True,0.09244391499241215,0.09012791754588083,0.008123041521157094,0.022059851007125993,0.040998826417591894,0.04598020758800641,0.029500028807246,10,0.25,ratio,0.1,0.09759660105405141,0.09129326081448022,0.125,14
simclr_sam,erm,True,0.09244391499241215,0.09012791754588083,0.008123041521157094,0.022059851007125993,0.040998826417591894,0.04598020758800641,0.029500028807246,10,0.25,ratio,0.2,0.09759660105405141,0.09129326081448022,0.125,6
simclr_sam,erm,True,0.09244391499241215,0.09012791754588083,0.008123041521157094,0.022059851007125993,0.040998826417591894,0.04598020758800641,0.029500028807246,10,0.25,design,0.02,0.09759660105405141,0.09129326081448022,0.125,
simclr_sam,erm,True,0.09244391499241215,0.09012791754588083,0.008123041521157094,0.022059851007125993,0.040998826417591894,0.04598020758800641,0.029500028807246,10,0.25,design,0.05,0.09759660105405141,0.09129326081448022,0.125,
simclr_sam,erm,True,0.09244391499241215,0.09012791754588083,0.008123041521157094,0.022059851007125993,0.040998826417591894,0.04598020758800641,0.029500028807246,10,0.25,design,0.1,0.09759660105405141,0.09129326081448022,0.125,
simclr_sam,erm,True,0.09244391499241215,0.09012791754588083,0.008123041521157094,0.022059851007125993,0.040998826417591894,0.04598020758800641,0.029500028807246,10,0.25,design,0.2,0.09759660105405141,0.09129326081448022,0.125,6
simclr_sam,erm,True,0.09244391499241215,0.09012791754588083,0.008123041521157094,0.022059851007125993,0.040998826417591894,0.04598020758800641,0.029500028807246,10,0.5,ratio,0.02,0.10541637741287774,0.09129326081448022,0.25,439
simclr_sam,erm,True,0.09244391499241215,0.09012791754588083,0.008123041521157094,0.022059851007125993,0.040998826417591894,0.04598020758800641,0.029500028807246,10,0.5,ratio,0.05,0.10541637741287774,0.09129326081448022,0.25,72
simclr_sam,erm,True,0.09244391499241215,0.09012791754588083,0.008123041521157094,0.022059851007125993,0.040998826417591894,0.04598020758800641,0.029500028807246,10,0.5,ratio,0.1,0.10541637741287774,0.09129326081448022,0.25,20
simclr_sam,erm,True,0.09244391499241215,0.09012791754588083,0.008123041521157094,0.022059851007125993,0.040998826417591894,0.04598020758800641,0.029500028807246,10,0.5,ratio,0.2,0.10541637741287774,0.09129326081448022,0.25,7
simclr_sam,erm,True,0.09244391499241215,0.09012791754588083,0.008123041521157094,0.022059851007125993,0.040998826417591894,0.04598020758800641,0.029500028807246,10,0.5,design,0.02,0.10541637741287774,0.09129326081448022,0.25,
simclr_sam,erm,True,0.09244391499241215,0.09012791754588083,0.008123041521157094,0.022059851007125993,0.040998826417591894,0.04598020758800641,0.029500028807246,10,0.5,design,0.05,0.10541637741287774,0.09129326081448022,0.25,
simclr_sam,erm,True,0.09244391499241215,0.09012791754588083,0.008123041521157094,0.022059851007125993,0.040998826417591894,0.04598020758800641,0.029500028807246,10,0.5,design,0.1,0.10541637741287774,0.09129326081448022,0.25,
simclr_sam,erm,True,0.09244391499241215,0.09012791754588083,0.008123041521157094,0.022059851007125993,0.040998826417591894,0.04598020758800641,0.029500028807246,10,0.5,design,0.2,0.10541637741287774,0.09129326081448022,0.25,
tia_style,erm,True,0.1469074176863887,0.1455966378165402,0.021198380943480786,0.011159009084301055,0.040998826417591894,0.04378403977491614,-0.12198181030072962,1,0.0,none,0.02,0.15203757128582468,0.15203757128582468,0.0,456
tia_style,erm,True,0.1469074176863887,0.1455966378165402,0.021198380943480786,0.011159009084301055,0.040998826417591894,0.04378403977491614,-0.12198181030072962,1,0.0,none,0.05,0.15203757128582468,0.15203757128582468,0.0,75
tia_style,erm,True,0.1469074176863887,0.1455966378165402,0.021198380943480786,0.011159009084301055,0.040998826417591894,0.04378403977491614,-0.12198181030072962,1,0.0,none,0.1,0.15203757128582468,0.15203757128582468,0.0,21
tia_style,erm,True,0.1469074176863887,0.1455966378165402,0.021198380943480786,0.011159009084301055,0.040998826417591894,0.04378403977491614,-0.12198181030072962,1,0.0,none,0.2,0.15203757128582468,0.15203757128582468,0.0,7
tia_style,erm,True,0.1469074176863887,0.1455966378165402,0.021198380943480786,0.011159009084301055,0.040998826417591894,0.04378403977491614,-0.12198181030072962,1,0.25,ratio,0.02,0.16253500047679303,0.15203757128582468,0.125,780
tia_style,erm,True,0.1469074176863887,0.1455966378165402,0.021198380943480786,0.011159009084301055,0.040998826417591894,0.04378403977491614,-0.12198181030072962,1,0.25,ratio,0.05,0.16253500047679303,0.15203757128582468,0.125,127
tia_style,erm,True,0.1469074176863887,0.1455966378165402,0.021198380943480786,0.011159009084301055,0.040998826417591894,0.04378403977491614,-0.12198181030072962,1,0.25,ratio,0.1,0.16253500047679303,0.15203757128582468,0.125,34
tia_style,erm,True,0.1469074176863887,0.1455966378165402,0.021198380943480786,0.011159009084301055,0.040998826417591894,0.04378403977491614,-0.12198181030072962,1,0.25,ratio,0.2,0.16253500047679303,0.15203757128582468,0.125,10
tia_style,erm,True,0.1469074176863887,0.1455966378165402,0.021198380943480786,0.011159009084301055,0.040998826417591894,0.04378403977491614,-0.12198181030072962,1,0.25,design,0.02,0.16253500047679303,0.15203757128582468,0.125,
tia_style,erm,True,0.1469074176863887,0.1455966378165402,0.021198380943480786,0.011159009084301055,0.040998826417591894,0.04378403977491614,-0.12198181030072962,1,0.25,design,0.05,0.16253500047679303,0.15203757128582468,0.125,
tia_style,erm,True,0.1469074176863887,0.1455966378165402,0.021198380943480786,0.011159009084301055,0.040998826417591894,0.04378403977491614,-0.12198181030072962,1,0.25,design,0.1,0.16253500047679303,0.15203757128582468,0.125,
tia_style,erm,True,0.1469074176863887,0.1455966378165402,0.021198380943480786,0.011159009084301055,0.040998826417591894,0.04378403977491614,-0.12198181030072962,1,0.25,design,0.2,0.16253500047679303,0.15203757128582468,0.125,
tia_style,erm,True,0.1469074176863887,0.1455966378165402,0.021198380943480786,0.011159009084301055,0.040998826417591894,0.04378403977491614,-0.12198181030072962,1,0.5,ratio,0.02,0.1755578654176156,0.15203757128582468,0.25,
tia_style,erm,True,0.1469074176863887,0.1455966378165402,0.021198380943480786,0.011159009084301055,0.040998826417591894,0.04378403977491614,-0.12198181030072962,1,0.5,ratio,0.05,0.1755578654176156,0.15203757128582468,0.25,196
tia_style,erm,True,0.1469074176863887,0.1455966378165402,0.021198380943480786,0.011159009084301055,0.040998826417591894,0.04378403977491614,-0.12198181030072962,1,0.5,ratio,0.1,0.1755578654176156,0.15203757128582468,0.25,51
tia_style,erm,True,0.1469074176863887,0.1455966378165402,0.021198380943480786,0.011159009084301055,0.040998826417591894,0.04378403977491614,-0.12198181030072962,1,0.5,ratio,0.2,0.1755578654176156,0.15203757128582468,0.25,15
tia_style,erm,True,0.1469074176863887,0.1455966378165402,0.021198380943480786,0.011159009084301055,0.040998826417591894,0.04378403977491614,-0.12198181030072962,1,0.5,design,0.02,0.1755578654176156,0.15203757128582468,0.25,
tia_style,erm,True,0.1469074176863887,0.1455966378165402,0.021198380943480786,0.011159009084301055,0.040998826417591894,0.04378403977491614,-0.12198181030072962,1,0.5,design,0.05,0.1755578654176156,0.15203757128582468,0.25,
tia_style,erm,True,0.1469074176863887,0.1455966378165402,0.021198380943480786,0.011159009084301055,0.040998826417591894,0.04378403977491614,-0.12198181030072962,1,0.5,design,0.1,0.1755578654176156,0.15203757128582468,0.25,
tia_style,erm,True,0.1469074176863887,0.1455966378165402,0.021198380943480786,0.011159009084301055,0.040998826417591894,0.04378403977491614,-0.12198181030072962,1,0.5,design,0.2,0.1755578654176156,0.15203757128582468,0.25,
tia_style,erm,True,0.1469074176863887,0.1455966378165402,0.021198380943480786,0.011159009084301055,0.040998826417591894,0.04378403977491614,-0.12198181030072962,3,0.0,none,0.02,0.14777481175700388,0.14777481175700388,0.0,431
tia_style,erm,True,0.1469074176863887,0.1455966378165402,0.021198380943480786,0.011159009084301055,0.040998826417591894,0.04378403977491614,-0.12198181030072962,3,0.0,none,0.05,0.14777481175700388,0.14777481175700388,0.0,71
tia_style,erm,True,0.1469074176863887,0.1455966378165402,0.021198380943480786,0.011159009084301055,0.040998826417591894,0.04378403977491614,-0.12198181030072962,3,0.0,none,0.1,0.14777481175700388,0.14777481175700388,0.0,20
tia_style,erm,True,0.1469074176863887,0.1455966378165402,0.021198380943480786,0.011159009084301055,0.040998826417591894,0.04378403977491614,-0.12198181030072962,3,0.0,none,0.2,0.14777481175700388,0.14777481175700388,0.0,7
tia_style,erm,True,0.1469074176863887,0.1455966378165402,0.021198380943480786,0.011159009084301055,0.040998826417591894,0.04378403977491614,-0.12198181030072962,3,0.25,ratio,0.02,0.15797791885420637,0.14777481175700388,0.125,737
tia_style,erm,True,0.1469074176863887,0.1455966378165402,0.021198380943480786,0.011159009084301055,0.040998826417591894,0.04378403977491614,-0.12198181030072962,3,0.25,ratio,0.05,0.15797791885420637,0.14777481175700388,0.125,120
tia_style,erm,True,0.1469074176863887,0.1455966378165402,0.021198380943480786,0.011159009084301055,0.040998826417591894,0.04378403977491614,-0.12198181030072962,3,0.25,ratio,0.1,0.15797791885420637,0.14777481175700388,0.125,32
tia_style,erm,True,0.1469074176863887,0.1455966378165402,0.021198380943480786,0.011159009084301055,0.040998826417591894,0.04378403977491614,-0.12198181030072962,3,0.25,ratio,0.2,0.15797791885420637,0.14777481175700388,0.125,10
tia_style,erm,True,0.1469074176863887,0.1455966378165402,0.021198380943480786,0.011159009084301055,0.040998826417591894,0.04378403977491614,-0.12198181030072962,3,0.25,design,0.02,0.15797791885420637,0.14777481175700388,0.125,
tia_style,erm,True,0.1469074176863887,0.1455966378165402,0.021198380943480786,0.011159009084301055,0.040998826417591894,0.04378403977491614,-0.12198181030072962,3,0.25,design,0.05,0.15797791885420637,0.14777481175700388,0.125,
tia_style,erm,True,0.1469074176863887,0.1455966378165402,0.021198380943480786,0.011159009084301055,0.040998826417591894,0.04378403977491614,-0.12198181030072962,3,0.25,design,0.1,0.15797791885420637,0.14777481175700388,0.125,
tia_style,erm,True,0.1469074176863887,0.1455966378165402,0.021198380943480786,0.011159009084301055,0.040998826417591894,0.04378403977491614,-0.12198181030072962,3,0.25,design,0.2,0.15797791885420637,0.14777481175700388,0.125,
tia_style,erm,True,0.1469074176863887,0.1455966378165402,0.021198380943480786,0.011159009084301055,0.040998826417591894,0.04378403977491614,-0.12198181030072962,3,0.5,ratio,0.02,0.17063565469470493,0.14777481175700388,0.25,
tia_style,erm,True,0.1469074176863887,0.1455966378165402,0.021198380943480786,0.011159009084301055,0.040998826417591894,0.04378403977491614,-0.12198181030072962,3,0.5,ratio,0.05,0.17063565469470493,0.14777481175700388,0.25,185
tia_style,erm,True,0.1469074176863887,0.1455966378165402,0.021198380943480786,0.011159009084301055,0.040998826417591894,0.04378403977491614,-0.12198181030072962,3,0.5,ratio,0.1,0.17063565469470493,0.14777481175700388,0.25,48
tia_style,erm,True,0.1469074176863887,0.1455966378165402,0.021198380943480786,0.011159009084301055,0.040998826417591894,0.04378403977491614,-0.12198181030072962,3,0.5,ratio,0.2,0.17063565469470493,0.14777481175700388,0.25,14
tia_style,erm,True,0.1469074176863887,0.1455966378165402,0.021198380943480786,0.011159009084301055,0.040998826417591894,0.04378403977491614,-0.12198181030072962,3,0.5,design,0.02,0.17063565469470493,0.14777481175700388,0.25,
tia_style,erm,True,0.1469074176863887,0.1455966378165402,0.021198380943480786,0.011159009084301055,0.040998826417591894,0.04378403977491614,-0.12198181030072962,3,0.5,design,0.05,0.17063565469470493,0.14777481175700388,0.25,
tia_style,erm,True,0.1469074176863887,0.1455966378165402,0.021198380943480786,0.011159009084301055,0.040998826417591894,0.04378403977491614,-0.12198181030072962,3,0.5,design,0.1,0.17063565469470493,0.14777481175700388,0.25,
tia_style,erm,True,0.1469074176863887,0.1455966378165402,0.021198380943480786,0.011159009084301055,0.040998826417591894,0.04378403977491614,-0.12198181030072962,3,0.5,design,0.2,0.17063565469470493,0.14777481175700388,0.25,
tia_style,erm,True,0.1469074176863887,0.1455966378165402,0.021198380943480786,0.011159009084301055,0.040998826417591894,0.04378403977491614,-0.12198181030072962,5,0.0,none,0.02,0.1469074176863887,0.1469074176863887,0.0,426
tia_style,erm,True,0.1469074176863887,0.1455966378165402,0.021198380943480786,0.011159009084301055,0.040998826417591894,0.04378403977491614,-0.12198181030072962,5,0.0,none,0.05,0.1469074176863887,0.1469074176863887,0.0,70
tia_style,erm,True,0.1469074176863887,0.1455966378165402,0.021198380943480786,0.011159009084301055,0.040998826417591894,0.04378403977491614,-0.12198181030072962,5,0.0,none,0.1,0.1469074176863887,0.1469074176863887,0.0,19
tia_style,erm,True,0.1469074176863887,0.1455966378165402,0.021198380943480786,0.011159009084301055,0.040998826417591894,0.04378403977491614,-0.12198181030072962,5,0.0,none,0.2,0.1469074176863887,0.1469074176863887,0.0,7
tia_style,erm,True,0.1469074176863887,0.1455966378165402,0.021198380943480786,0.011159009084301055,0.040998826417591894,0.04378403977491614,-0.12198181030072962,5,0.25,ratio,0.02,0.15705063558804602,0.1469074176863887,0.125,728
tia_style,erm,True,0.1469074176863887,0.1455966378165402,0.021198380943480786,0.011159009084301055,0.040998826417591894,0.04378403977491614,-0.12198181030072962,5,0.25,ratio,0.05,0.15705063558804602,0.1469074176863887,0.125,119
tia_style,erm,True,0.1469074176863887,0.1455966378165402,0.021198380943480786,0.011159009084301055,0.040998826417591894,0.04378403977491614,-0.12198181030072962,5,0.25,ratio,0.1,0.15705063558804602,0.1469074176863887,0.125,32
tia_style,erm,True,0.1469074176863887,0.1455966378165402,0.021198380943480786,0.011159009084301055,0.040998826417591894,0.04378403977491614,-0.12198181030072962,5,0.25,ratio,0.2,0.15705063558804602,0.1469074176863887,0.125,10
tia_style,erm,True,0.1469074176863887,0.1455966378165402,0.021198380943480786,0.011159009084301055,0.040998826417591894,0.04378403977491614,-0.12198181030072962,5,0.25,design,0.02,0.15705063558804602,0.1469074176863887,0.125,
tia_style,erm,True,0.1469074176863887,0.1455966378165402,0.021198380943480786,0.011159009084301055,0.040998826417591894,0.04378403977491614,-0.12198181030072962,5,0.25,design,0.05,0.15705063558804602,0.1469074176863887,0.125,
tia_style,erm,True,0.1469074176863887,0.1455966378165402,0.021198380943480786,0.011159009084301055,0.040998826417591894,0.04378403977491614,-0.12198181030072962,5,0.25,design,0.1,0.15705063558804602,0.1469074176863887,0.125,
tia_style,erm,True,0.1469074176863887,0.1455966378165402,0.021198380943480786,0.011159009084301055,0.040998826417591894,0.04378403977491614,-0.12198181030072962,5,0.25,design,0.2,0.15705063558804602,0.1469074176863887,0.125,
tia_style,erm,True,0.1469074176863887,0.1455966378165402,0.021198380943480786,0.011159009084301055,0.040998826417591894,0.04378403977491614,-0.12198181030072962,5,0.5,ratio,0.02,0.16963407429437863,0.1469074176863887,0.25,
tia_style,erm,True,0.1469074176863887,0.1455966378165402,0.021198380943480786,0.011159009084301055,0.040998826417591894,0.04378403977491614,-0.12198181030072962,5,0.5,ratio,0.05,0.16963407429437863,0.1469074176863887,0.25,183
tia_style,erm,True,0.1469074176863887,0.1455966378165402,0.021198380943480786,0.011159009084301055,0.040998826417591894,0.04378403977491614,-0.12198181030072962,5,0.5,ratio,0.1,0.16963407429437863,0.1469074176863887,0.25,48
tia_style,erm,True,0.1469074176863887,0.1455966378165402,0.021198380943480786,0.011159009084301055,0.040998826417591894,0.04378403977491614,-0.12198181030072962,5,0.5,ratio,0.2,0.16963407429437863,0.1469074176863887,0.25,14
tia_style,erm,True,0.1469074176863887,0.1455966378165402,0.021198380943480786,0.011159009084301055,0.040998826417591894,0.04378403977491614,-0.12198181030072962,5,0.5,design,0.02,0.16963407429437863,0.1469074176863887,0.25,
tia_style,erm,True,0.1469074176863887,0.1455966378165402,0.021198380943480786,0.011159009084301055,0.040998826417591894,0.04378403977491614,-0.12198181030072962,5,0.5,design,0.05,0.16963407429437863,0.1469074176863887,0.25,
tia_style,erm,True,0.1469074176863887,0.1455966378165402,0.021198380943480786,0.011159009084301055,0.040998826417591894,0.04378403977491614,-0.12198181030072962,5,0.5,design,0.1,0.16963407429437863,0.1469074176863887,0.25,
tia_style,erm,True,0.1469074176863887,0.1455966378165402,0.021198380943480786,0.011159009084301055,0.040998826417591894,0.04378403977491614,-0.12198181030072962,5,0.5,design,0.2,0.16963407429437863,0.1469074176863887,0.25,
tia_style,erm,True,0.1469074176863887,0.1455966378165402,0.021198380943480786,0.011159009084301055,0.040998826417591894,0.04378403977491614,-0.12198181030072962,10,0.0,none,0.02,0.14625349622276362,0.14625349622276362,0.0,422
tia_style,erm,True,0.1469074176863887,0.1455966378165402,0.021198380943480786,0.011159009084301055,0.040998826417591894,0.04378403977491614,-0.12198181030072962,10,0.0,none,0.05,0.14625349622276362,0.14625349622276362,0.0,70
tia_style,erm,True,0.1469074176863887,0.1455966378165402,0.021198380943480786,0.011159009084301055,0.040998826417591894,0.04378403977491614,-0.12198181030072962,10,0.0,none,0.1,0.14625349622276362,0.14625349622276362,0.0,19
tia_style,erm,True,0.1469074176863887,0.1455966378165402,0.021198380943480786,0.011159009084301055,0.040998826417591894,0.04378403977491614,-0.12198181030072962,10,0.0,none,0.2,0.14625349622276362,0.14625349622276362,0.0,7
tia_style,erm,True,0.1469074176863887,0.1455966378165402,0.021198380943480786,0.011159009084301055,0.040998826417591894,0.04378403977491614,-0.12198181030072962,10,0.25,ratio,0.02,0.15635156413811951,0.14625349622276362,0.125,722
tia_style,erm,True,0.1469074176863887,0.1455966378165402,0.021198380943480786,0.011159009084301055,0.040998826417591894,0.04378403977491614,-0.12198181030072962,10,0.25,ratio,0.05,0.15635156413811951,0.14625349622276362,0.125,118
tia_style,erm,True,0.1469074176863887,0.1455966378165402,0.021198380943480786,0.011159009084301055,0.040998826417591894,0.04378403977491614,-0.12198181030072962,10,0.25,ratio,0.1,0.15635156413811951,0.14625349622276362,0.125,31
tia_style,erm,True,0.1469074176863887,0.1455966378165402,0.021198380943480786,0.011159009084301055,0.040998826417591894,0.04378403977491614,-0.12198181030072962,10,0.25,ratio,0.2,0.15635156413811951,0.14625349622276362,0.125,10
tia_style,erm,True,0.1469074176863887,0.1455966378165402,0.021198380943480786,0.011159009084301055,0.040998826417591894,0.04378403977491614,-0.12198181030072962,10,0.25,design,0.02,0.15635156413811951,0.14625349622276362,0.125,
tia_style,erm,True,0.1469074176863887,0.1455966378165402,0.021198380943480786,0.011159009084301055,0.040998826417591894,0.04378403977491614,-0.12198181030072962,10,0.25,design,0.05,0.15635156413811951,0.14625349622276362,0.125,
tia_style,erm,True,0.1469074176863887,0.1455966378165402,0.021198380943480786,0.011159009084301055,0.040998826417591894,0.04378403977491614,-0.12198181030072962,10,0.25,design,0.1,0.15635156413811951,0.14625349622276362,0.125,
tia_style,erm,True,0.1469074176863887,0.1455966378165402,0.021198380943480786,0.011159009084301055,0.040998826417591894,0.04378403977491614,-0.12198181030072962,10,0.25,design,0.2,0.15635156413811951,0.14625349622276362,0.125,
tia_style,erm,True,0.1469074176863887,0.1455966378165402,0.021198380943480786,0.011159009084301055,0.040998826417591894,0.04378403977491614,-0.12198181030072962,10,0.5,ratio,0.02,0.16887899082827298,0.14625349622276362,0.25,
tia_style,erm,True,0.1469074176863887,0.1455966378165402,0.021198380943480786,0.011159009084301055,0.040998826417591894,0.04378403977491614,-0.12198181030072962,10,0.5,ratio,0.05,0.16887899082827298,0.14625349622276362,0.25,182
tia_style,erm,True,0.1469074176863887,0.1455966378165402,0.021198380943480786,0.011159009084301055,0.040998826417591894,0.04378403977491614,-0.12198181030072962,10,0.5,ratio,0.1,0.16887899082827298,0.14625349622276362,0.25,47
tia_style,erm,True,0.1469074176863887,0.1455966378165402,0.021198380943480786,0.011159009084301055,0.040998826417591894,0.04378403977491614,-0.12198181030072962,10,0.5,ratio,0.2,0.16887899082827298,0.14625349622276362,0.25,14
tia_style,erm,True,0.1469074176863887,0.1455966378165402,0.021198380943480786,0.011159009084301055,0.040998826417591894,0.04378403977491614,-0.12198181030072962,10,0.5,design,0.02,0.16887899082827298,0.14625349622276362,0.25,
tia_style,erm,True,0.1469074176863887,0.1455966378165402,0.021198380943480786,0.011159009084301055,0.040998826417591894,0.04378403977491614,-0.12198181030072962,10,0.5,design,0.05,0.16887899082827298,0.14625349622276362,0.25,
tia_style,erm,True,0.1469074176863887,0.1455966378165402,0.021198380943480786,0.011159009084301055,0.040998826417591894,0.04378403977491614,-0.12198181030072962,10,0.5,design,0.1,0.16887899082827298,0.14625349622276362,0.25,
tia_style,erm,True,0.1469074176863887,0.1455966378165402,0.021198380943480786,0.011159009084301055,0.040998826417591894,0.04378403977491614,-0.12198181030072962,10,0.5,design,0.2,0.16887899082827298,0.14625349622276362,0.25,
