arm,ref,paired,sd_d_observed,sigma_dxa,sigma_dxa_raw2,sigma_run_arm,sigma_run_ref,sigma_run_diff,run_corr,seeds,rho,keff_mode,delta,sd_delta,sd_delta_uncorrected,rbar_obs,K_min
coral,erm,True,0.011387187787211686,0.009030958877888037,8.155821825410477e-05,0.013814401152476867,0.0095975392468093,0.012013720586952015,0.5227655203875895,1,0.0,none,0.02,0.015029560891638167,0.015029560891638167,0.0,7
coral,erm,True,0.011387187787211686,0.009030958877888037,8.155821825410477e-05,0.013814401152476867,0.0095975392468093,0.012013720586952015,0.5227655203875895,1,0.0,none,0.05,0.015029560891638167,0.015029560891638167,0.0,3
coral,erm,True,0.011387187787211686,0.009030958877888037,8.155821825410477e-05,0.013814401152476867,0.0095975392468093,0.012013720586952015,0.5227655203875895,1,0.0,none,0.1,0.015029560891638167,0.015029560891638167,0.0,3
coral,erm,True,0.011387187787211686,0.009030958877888037,8.155821825410477e-05,0.013814401152476867,0.0095975392468093,0.012013720586952015,0.5227655203875895,1,0.0,none,0.2,0.015029560891638167,0.015029560891638167,0.0,2
coral,erm,True,0.011387187787211686,0.009030958877888037,8.155821825410477e-05,0.013814401152476867,0.0095975392468093,0.012013720586952015,0.5227655203875895,1,0.25,ratio,0.02,0.016067276437190484,0.015029560891638167,0.125,9
coral,erm,True,0.011387187787211686,0.009030958877888037,8.155821825410477e-05,0.013814401152476867,0.0095975392468093,0.012013720586952015,0.5227655203875895,1,0.25,ratio,0.05,0.016067276437190484,0.015029560891638167,0.125,4
coral,erm,True,0.011387187787211686,0.009030958877888037,8.155821825410477e-05,0.013814401152476867,0.0095975392468093,0.012013720586952015,0.5227655203875895,1,0.25,ratio,0.1,0.016067276437190484,0.015029560891638167,0.125,3
coral,erm,True,0.011387187787211686,0.009030958877888037,8.155821825410477e-05,0.013814401152476867,0.0095975392468093,0.012013720586952015,0.5227655203875895,1,0.25,ratio,0.2,0.016067276437190484,0.015029560891638167,0.125,3
coral,erm,True,0.011387187787211686,0.009030958877888037,8.155821825410477e-05,0.013814401152476867,0.0095975392468093,0.012013720586952015,0.5227655203875895,1,0.25,design,0.02,0.016067276437190484,0.015029560891638167,0.125,
coral,erm,True,0.011387187787211686,0.009030958877888037,8.155821825410477e-05,0.013814401152476867,0.0095975392468093,0.012013720586952015,0.5227655203875895,1,0.25,design,0.05,0.016067276437190484,0.015029560891638167,0.125,4
coral,erm,True,0.011387187787211686,0.009030958877888037,8.155821825410477e-05,0.013814401152476867,0.0095975392468093,0.012013720586952015,0.5227655203875895,1,0.25,design,0.1,0.016067276437190484,0.015029560891638167,0.125,3
coral,erm,True,0.011387187787211686,0.009030958877888037,8.155821825410477e-05,0.013814401152476867,0.0095975392468093,0.012013720586952015,0.5227655203875895,1,0.25,design,0.2,0.016067276437190484,0.015029560891638167,0.125,2
coral,erm,True,0.011387187787211686,0.009030958877888037,8.155821825410477e-05,0.013814401152476867,0.0095975392468093,0.012013720586952015,0.5227655203875895,1,0.5,ratio,0.02,0.017354642053178337,0.015029560891638167,0.25,11
coral,erm,True,0.011387187787211686,0.009030958877888037,8.155821825410477e-05,0.013814401152476867,0.0095975392468093,0.012013720586952015,0.5227655203875895,1,0.5,ratio,0.05,0.017354642053178337,0.015029560891638167,0.25,4
coral,erm,True,0.011387187787211686,0.009030958877888037,8.155821825410477e-05,0.013814401152476867,0.0095975392468093,0.012013720586952015,0.5227655203875895,1,0.5,ratio,0.1,0.017354642053178337,0.015029560891638167,0.25,3
coral,erm,True,0.011387187787211686,0.009030958877888037,8.155821825410477e-05,0.013814401152476867,0.0095975392468093,0.012013720586952015,0.5227655203875895,1,0.5,ratio,0.2,0.017354642053178337,0.015029560891638167,0.25,3
coral,erm,True,0.011387187787211686,0.009030958877888037,8.155821825410477e-05,0.013814401152476867,0.0095975392468093,0.012013720586952015,0.5227655203875895,1,0.5,design,0.02,0.017354642053178337,0.015029560891638167,0.25,
coral,erm,True,0.011387187787211686,0.009030958877888037,8.155821825410477e-05,0.013814401152476867,0.0095975392468093,0.012013720586952015,0.5227655203875895,1,0.5,design,0.05,0.017354642053178337,0.015029560891638167,0.25,5
coral,erm,True,0.011387187787211686,0.009030958877888037,8.155821825410477e-05,0.013814401152476867,0.0095975392468093,0.012013720586952015,0.5227655203875895,1,0.5,design,0.1,0.017354642053178337,0.015029560891638167,0.25,3
coral,erm,True,0.011387187787211686,0.009030958877888037,8.155821825410477e-05,0.013814401152476867,0.0095975392468093,0.012013720586952015,0.5227655203875895,1,0.5,design,0.2,0.017354642053178337,0.015029560891638167,0.25,3
coral,erm,True,0.011387187787211686,0.009030958877888037,8.155821825410477e-05,0.013814401152476867,0.0095975392468093,0.012013720586952015,0.5227655203875895,3,0.0,none,0.02,0.011387187787211686,0.011387187787211686,0.0,5
coral,erm,True,0.011387187787211686,0.009030958877888037,8.155821825410477e-05,0.013814401152476867,0.0095975392468093,0.012013720586952015,0.5227655203875895,3,0.0,none,0.05,0.011387187787211686,0.011387187787211686,0.0,3
coral,erm,True,0.011387187787211686,0.009030958877888037,8.155821825410477e-05,0.013814401152476867,0.0095975392468093,0.012013720586952015,0.5227655203875895,3,0.0,none,0.1,0.011387187787211686,0.011387187787211686,0.0,3
coral,erm,True,0.011387187787211686,0.009030958877888037,8.155821825410477e-05,0.013814401152476867,0.0095975392468093,0.012013720586952015,0.5227655203875895,3,0.0,none,0.2,0.011387187787211686,0.011387187787211686,0.0,2
coral,erm,True,0.011387187787211686,0.009030958877888037,8.155821825410477e-05,0.013814401152476867,0.0095975392468093,0.012013720586952015,0.5227655203875895,3,0.25,ratio,0.02,0.012173415799600748,0.011387187787211686,0.125,6
coral,erm,True,0.011387187787211686,0.009030958877888037,8.155821825410477e-05,0.013814401152476867,0.0095975392468093,0.012013720586952015,0.5227655203875895,3,0.25,ratio,0.05,0.012173415799600748,0.011387187787211686,0.125,3
coral,erm,True,0.011387187787211686,0.009030958877888037,8.155821825410477e-05,0.013814401152476867,0.0095975392468093,0.012013720586952015,0.5227655203875895,3,0.25,ratio,0.1,0.012173415799600748,0.011387187787211686,0.125,3
coral,erm,True,0.011387187787211686,0.009030958877888037,8.155821825410477e-05,0.013814401152476867,0.0095975392468093,0.012013720586952015,0.5227655203875895,3,0.25,ratio,0.2,0.012173415799600748,0.011387187787211686,0.125,2
coral,erm,True,0.011387187787211686,0.009030958877888037,8.155821825410477e-05,0.013814401152476867,0.0095975392468093,0.012013720586952015,0.5227655203875895,3,0.25,design,0.02,0.012173415799600748,0.011387187787211686,0.125,13
coral,erm,True,0.011387187787211686,0.009030958877888037,8.155821825410477e-05,0.013814401152476867,0.0095975392468093,0.012013720586952015,0.5227655203875895,3,0.25,design,0.05,0.012173415799600748,0.011387187787211686,0.125,3
coral,erm,True,0.011387187787211686,0.009030958877888037,8.155821825410477e-05,0.013814401152476867,0.0095975392468093,0.012013720586952015,0.5227655203875895,3,0.25,design,0.1,0.012173415799600748,0.011387187787211686,0.125,3
coral,erm,True,0.011387187787211686,0.009030958877888037,8.155821825410477e-05,0.013814401152476867,0.0095975392468093,0.012013720586952015,0.5227655203875895,3,0.25,design,0.2,0.012173415799600748,0.011387187787211686,0.125,2
coral,erm,True,0.011387187787211686,0.009030958877888037,8.155821825410477e-05,0.013814401152476867,0.0095975392468093,0.012013720586952015,0.5227655203875895,3,0.5,ratio,0.02,0.013148791868518974,0.011387187787211686,0.25,8
coral,erm,True,0.011387187787211686,0.009030958877888037,8.155821825410477e-05,0.013814401152476867,0.0095975392468093,0.012013720586952015,0.5227655203875895,3,0.5,ratio,0.05,0.013148791868518974,0.011387187787211686,0.25,4
coral,erm,True,0.011387187787211686,0.009030958877888037,8.155821825410477e-05,0.013814401152476867,0.0095975392468093,0.012013720586952015,0.5227655203875895,3,0.5,ratio,0.1,0.013148791868518974,0.011387187787211686,0.25,3
coral,erm,True,0.011387187787211686,0.009030958877888037,8.155821825410477e-05,0.013814401152476867,0.0095975392468093,0.012013720586952015,0.5227655203875895,3,0.5,ratio,0.2,0.013148791868518974,0.011387187787211686,0.25,2
coral,erm,True,0.011387187787211686,0.009030958877888037,8.155821825410477e-05,0.013814401152476867,0.0095975392468093,0.012013720586952015,0.5227655203875895,3,0.5,design,0.02,0.013148791868518974,0.011387187787211686,0.25,
coral,erm,True,0.011387187787211686,0.009030958877888037,8.155821825410477e-05,0.013814401152476867,0.0095975392468093,0.012013720586952015,0.5227655203875895,3,0.5,design,0.05,0.013148791868518974,0.011387187787211686,0.25,4
coral,erm,True,0.011387187787211686,0.009030958877888037,8.155821825410477e-05,0.013814401152476867,0.0095975392468093,0.012013720586952015,0.5227655203875895,3,0.5,design,0.1,0.013148791868518974,0.011387187787211686,0.25,3
coral,erm,True,0.011387187787211686,0.009030958877888037,8.155821825410477e-05,0.013814401152476867,0.0095975392468093,0.012013720586952015,0.5227655203875895,3,0.5,design,0.2,0.013148791868518974,0.011387187787211686,0.25,2
coral,erm,True,0.011387187787211686,0.009030958877888037,8.155821825410477e-05,0.013814401152476867,0.0095975392468093,0.012013720586952015,0.5227655203875895,5,0.0,none,0.02,0.010508287906332587,0.010508287906332587,0.0,5
coral,erm,True,0.011387187787211686,0.009030958877888037,8.155821825410477e-05,0.013814401152476867,0.0095975392468093,0.012013720586952015,0.5227655203875895,5,0.0,none,0.05,0.010508287906332587,0.010508287906332587,0.0,3
coral,erm,True,0.011387187787211686,0.009030958877888037,8.155821825410477e-05,0.013814401152476867,0.0095975392468093,0.012013720586952015,0.5227655203875895,5,0.0,none,0.1,0.010508287906332587,0.010508287906332587,0.0,3
coral,erm,True,0.011387187787211686,0.009030958877888037,8.155821825410477e-05,0.013814401152476867,0.0095975392468093,0.012013720586952015,0.5227655203875895,5,0.0,none,0.2,0.010508287906332587,0.010508287906332587,0.0,2
coral,erm,True,0.011387187787211686,0.009030958877888037,8.155821825410477e-05,0.013814401152476867,0.0095975392468093,0.012013720586952015,0.5227655203875895,5,0.25,ratio,0.02,0.01123383230487903,0.010508287906332587,0.125,6
coral,erm,True,0.011387187787211686,0.009030958877888037,8.155821825410477e-05,0.013814401152476867,0.0095975392468093,0.012013720586952015,0.5227655203875895,5,0.25,ratio,0.05,0.01123383230487903,0.010508287906332587,0.125,3
coral,erm,True,0.011387187787211686,0.009030958877888037,8.155821825410477e-05,0.013814401152476867,0.0095975392468093,0.012013720586952015,0.5227655203875895,5,0.25,ratio,0.1,0.01123383230487903,0.010508287906332587,0.125,3
coral,erm,True,0.011387187787211686,0.009030958877888037,8.155821825410477e-05,0.013814401152476867,0.0095975392468093,0.012013720586952015,0.5227655203875895,5,0.25,ratio,0.2,0.01123383230487903,0.010508287906332587,0.125,2
coral,erm,True,0.011387187787211686,0.009030958877888037,8.155821825410477e-05,0.013814401152476867,0.0095975392468093,0.012013720586952015,0.5227655203875895,5,0.25,design,0.02,0.01123383230487903,0.010508287906332587,0.125,9
coral,erm,True,0.011387187787211686,0.009030958877888037,8.155821825410477e-05,0.013814401152476867,0.0095975392468093,0.012013720586952015,0.5227655203875895,5,0.25,design,0.05,0.01123383230487903,0.010508287906332587,0.125,3
coral,erm,True,0.011387187787211686,0.009030958877888037,8.155821825410477e-05,0.013814401152476867,0.0095975392468093,0.012013720586952015,0.5227655203875895,5,0.25,design,0.1,0.01123383230487903,0.010508287906332587,0.125,3
coral,erm,True,0.011387187787211686,0.009030958877888037,8.155821825410477e-05,0.013814401152476867,0.0095975392468093,0.012013720586952015,0.5227655203875895,5,0.25,design,0.2,0.01123383230487903,0.010508287906332587,0.125,2
coral,erm,True,0.011387187787211686,0.009030958877888037,8.155821825410477e-05,0.013814401152476867,0.0095975392468093,0.012013720586952015,0.5227655203875895,5,0.5,ratio,0.02,0.012133925702886416,0.010508287906332587,0.25,7
coral,erm,True,0.011387187787211686,0.009030958877888037,8.155821825410477e-05,0.013814401152476867,0.0095975392468093,0.012013720586952015,0.5227655203875895,5,0.5,ratio,0.05,0.012133925702886416,0.010508287906332587,0.25,3
coral,erm,True,0.011387187787211686,0.009030958877888037,8.155821825410477e-05,0.013814401152476867,0.0095975392468093,0.012013720586952015,0.5227655203875895,5,0.5,ratio,0.1,0.012133925702886416,0.010508287906332587,0.25,3
coral,erm,True,0.011387187787211686,0.009030958877888037,8.155821825410477e-05,0.013814401152476867,0.0095975392468093,0.012013720586952015,0.5227655203875895,5,0.5,ratio,0.2,0.012133925702886416,0.010508287906332587,0.25,2
coral,erm,True,0.011387187787211686,0.009030958877888037,8.155821825410477e-05,0.013814401152476867,0.0095975392468093,0.012013720586952015,0.5227655203875895,5,0.5,design,0.02,0.012133925702886416,0.010508287906332587,0.25,
coral,erm,True,0.011387187787211686,0.009030958877888037,8.155821825410477e-05,0.013814401152476867,0.0095975392468093,0.012013720586952015,0.5227655203875895,5,0.5,design,0.05,0.012133925702886416,0.010508287906332587,0.25,3
coral,erm,True,0.011387187787211686,0.009030958877888037,8.155821825410477e-05,0.013814401152476867,0.0095975392468093,0.012013720586952015,0.5227655203875895,5,0.5,design,0.1,0.012133925702886416,0.010508287906332587,0.25,3
coral,erm,True,0.011387187787211686,0.009030958877888037,8.155821825410477e-05,0.013814401152476867,0.0095975392468093,0.012013720586952015,0.5227655203875895,5,0.5,design,0.2,0.012133925702886416,0.010508287906332587,0.25,2
coral,erm,True,0.011387187787211686,0.009030958877888037,8.155821825410477e-05,0.013814401152476867,0.0095975392468093,0.012013720586952015,0.5227655203875895,10,0.0,none,0.02,0.009797508177503106,0.009797508177503106,0.0,5
coral,erm,True,0.011387187787211686,0.009030958877888037,8.155821825410477e-05,0.013814401152476867,0.0095975392468093,0.012013720586952015,0.5227655203875895,10,0.0,none,0.05,0.009797508177503106,0.009797508177503106,0.0,3
coral,erm,True,0.011387187787211686,0.009030958877888037,8.155821825410477e-05,0.013814401152476867,0.0095975392468093,0.012013720586952015,0.5227655203875895,10,0.0,none,0.1,0.009797508177503106,0.009797508177503106,0.0,3
coral,erm,True,0.011387187787211686,0.009030958877888037,8.155821825410477e-05,0.013814401152476867,0.0095975392468093,0.012013720586952015,0.5227655203875895,10,0.0,none,0.2,0.009797508177503106,0.009797508177503106,0.0,2
coral,erm,True,0.011387187787211686,0.009030958877888037,8.155821825410477e-05,0.013814401152476867,0.0095975392468093,0.012013720586952015,0.5227655203875895,10,0.25,ratio,0.02,0.010473976812666454,0.009797508177503106,0.125,5
coral,erm,True,0.011387187787211686,0.009030958877888037,8.155821825410477e-05,0.013814401152476867,0.0095975392468093,0.012013720586952015,0.5227655203875895,10,0.25,ratio,0.05,0.010473976812666454,0.009797508177503106,0.125,3
coral,erm,True,0.011387187787211686,0.009030958877888037,8.155821825410477e-05,0.013814401152476867,0.0095975392468093,0.012013720586952015,0.5227655203875895,10,0.25,ratio,0.1,0.010473976812666454,0.009797508177503106,0.125,3
coral,erm,True,0.011387187787211686,0.009030958877888037,8.155821825410477e-05,0.013814401152476867,0.0095975392468093,0.012013720586952015,0.5227655203875895,10,0.25,ratio,0.2,0.010473976812666454,0.009797508177503106,0.125,2
coral,erm,True,0.011387187787211686,0.009030958877888037,8.155821825410477e-05,0.013814401152476867,0.0095975392468093,0.012013720586952015,0.5227655203875895,10,0.25,design,0.02,0.010473976812666454,0.009797508177503106,0.125,7
coral,erm,True,0.011387187787211686,0.009030958877888037,8.155821825410477e-05,0.013814401152476867,0.0095975392468093,0.012013720586952015,0.5227655203875895,10,0.25,design,0.05,0.010473976812666454,0.009797508177503106,0.125,3
coral,erm,True,0.011387187787211686,0.009030958877888037,8.155821825410477e-05,0.013814401152476867,0.0095975392468093,0.012013720586952015,0.5227655203875895,10,0.25,design,0.1,0.010473976812666454,0.009797508177503106,0.125,3
coral,erm,True,0.011387187787211686,0.009030958877888037,8.155821825410477e-05,0.013814401152476867,0.0095975392468093,0.012013720586952015,0.5227655203875895,10,0.25,design,0.2,0.010473976812666454,0.009797508177503106,0.125,2
coral,erm,True,0.011387187787211686,0.009030958877888037,8.155821825410477e-05,0.013814401152476867,0.0095975392468093,0.012013720586952015,0.5227655203875895,10,0.5,ratio,0.02,0.011313187967337957,0.009797508177503106,0.25,6
coral,erm,True,0.011387187787211686,0.009030958877888037,8.155821825410477e-05,0.013814401152476867,0.0095975392468093,0.012013720586952015,0.5227655203875895,10,0.5,ratio,0.05,0.011313187967337957,0.009797508177503106,0.25,3
coral,erm,True,0.011387187787211686,0.009030958877888037,8.155821825410477e-05,0.013814401152476867,0.0095975392468093,0.012013720586952015,0.5227655203875895,10,0.5,ratio,0.1,0.011313187967337957,0.009797508177503106,0.25,3
coral,erm,True,0.011387187787211686,0.009030958877888037,8.155821825410477e-05,0.013814401152476867,0.0095975392468093,0.012013720586952015,0.5227655203875895,10,0.5,ratio,0.2,0.011313187967337957,0.009797508177503106,0.25,2
coral,erm,True,0.011387187787211686,0.009030958877888037,8.155821825410477e-05,0.013814401152476867,0.0095975392468093,0.012013720586952015,0.5227655203875895,10,0.5,design,0.02,0.011313187967337957,0.009797508177503106,0.25,
coral,erm,True,0.011387187787211686,0.009030958877888037,8.155821825410477e-05,0.013814401152476867,0.0095975392468093,0.012013720586952015,0.5227655203875895,10,0.5,design,0.05,0.011313187967337957,0.009797508177503106,0.25,3
coral,erm,True,0.011387187787211686,0.009030958877888037,8.155821825410477e-05,0.013814401152476867,0.0095975392468093,0.012013720586952015,0.5227655203875895,10,0.5,design,0.1,0.011313187967337957,0.009797508177503106,0.25,3
coral,erm,True,0.011387187787211686,0.009030958877888037,8.155821825410477e-05,0.013814401152476867,0.0095975392468093,0.012013720586952015,0.5227655203875895,10,0.5,design,0.2,0.011313187967337957,0.009797508177503106,0.25,2
erm_lunit_bt,erm,True,0.010819507680518295,0.007995054119970748,6.392089038126123e-05,0.007447815055915748,0.0095975392468093,0.012626265013954025,-0.08281857863938845,1,0.0,none,0.02,0.014944679942503307,0.014944679942503307,0.0,7
erm_lunit_bt,erm,True,0.010819507680518295,0.007995054119970748,6.392089038126123e-05,0.007447815055915748,0.0095975392468093,0.012626265013954025,-0.08281857863938845,1,0.0,none,0.05,0.014944679942503307,0.014944679942503307,0.0,3
erm_lunit_bt,erm,True,0.010819507680518295,0.007995054119970748,6.392089038126123e-05,0.007447815055915748,0.0095975392468093,0.012626265013954025,-0.08281857863938845,1,0.0,none,0.1,0.014944679942503307,0.014944679942503307,0.0,3
erm_lunit_bt,erm,True,0.010819507680518295,0.007995054119970748,6.392089038126123e-05,0.007447815055915748,0.0095975392468093,0.012626265013954025,-0.08281857863938845,1,0.0,none,0.2,0.014944679942503307,0.014944679942503307,0.0,2
erm_lunit_bt,erm,True,0.010819507680518295,0.007995054119970748,6.392089038126123e-05,0.007447815055915748,0.0095975392468093,0.012626265013954025,-0.08281857863938845,1,0.25,ratio,0.02,0.015976534885668532,0.014944679942503307,0.125,9
erm_lunit_bt,erm,True,0.010819507680518295,0.007995054119970748,6.392089038126123e-05,0.007447815055915748,0.0095975392468093,0.012626265013954025,-0.08281857863938845,1,0.25,ratio,0.05,0.015976534885668532,0.014944679942503307,0.125,4
erm_lunit_bt,erm,True,0.010819507680518295,0.007995054119970748,6.392089038126123e-05,0.007447815055915748,0.0095975392468093,0.012626265013954025,-0.08281857863938845,1,0.25,ratio,0.1,0.015976534885668532,0.014944679942503307,0.125,3
erm_lunit_bt,erm,True,0.010819507680518295,0.007995054119970748,6.392089038126123e-05,0.007447815055915748,0.0095975392468093,0.012626265013954025,-0.08281857863938845,1,0.25,ratio,0.2,0.015976534885668532,0.014944679942503307,0.125,3
erm_lunit_bt,erm,True,0.010819507680518295,0.007995054119970748,6.392089038126123e-05,0.007447815055915748,0.0095975392468093,0.012626265013954025,-0.08281857863938845,1,0.25,design,0.02,0.015976534885668532,0.014944679942503307,0.125,
erm_lunit_bt,erm,True,0.010819507680518295,0.007995054119970748,6.392089038126123e-05,0.007447815055915748,0.0095975392468093,0.012626265013954025,-0.08281857863938845,1,0.25,design,0.05,0.015976534885668532,0.014944679942503307,0.125,4
erm_lunit_bt,erm,True,0.010819507680518295,0.007995054119970748,6.392089038126123e-05,0.007447815055915748,0.0095975392468093,0.012626265013954025,-0.08281857863938845,1,0.25,design,0.1,0.015976534885668532,0.014944679942503307,0.125,3
erm_lunit_bt,erm,True,0.010819507680518295,0.007995054119970748,6.392089038126123e-05,0.007447815055915748,0.0095975392468093,0.012626265013954025,-0.08281857863938845,1,0.25,design,0.2,0.015976534885668532,0.014944679942503307,0.125,2
erm_lunit_bt,erm,True,0.010819507680518295,0.007995054119970748,6.392089038126123e-05,0.007447815055915748,0.0095975392468093,0.012626265013954025,-0.08281857863938845,1,0.5,ratio,0.02,0.017256629975514172,0.014944679942503307,0.25,11
erm_lunit_bt,erm,True,0.010819507680518295,0.007995054119970748,6.392089038126123e-05,0.007447815055915748,0.0095975392468093,0.012626265013954025,-0.08281857863938845,1,0.5,ratio,0.05,0.017256629975514172,0.014944679942503307,0.25,4
erm_lunit_bt,erm,True,0.010819507680518295,0.007995054119970748,6.392089038126123e-05,0.007447815055915748,0.0095975392468093,0.012626265013954025,-0.08281857863938845,1,0.5,ratio,0.1,0.017256629975514172,0.014944679942503307,0.25,3
erm_lunit_bt,erm,True,0.010819507680518295,0.007995054119970748,6.392089038126123e-05,0.007447815055915748,0.0095975392468093,0.012626265013954025,-0.08281857863938845,1,0.5,ratio,0.2,0.017256629975514172,0.014944679942503307,0.25,3
erm_lunit_bt,erm,True,0.010819507680518295,0.007995054119970748,6.392089038126123e-05,0.007447815055915748,0.0095975392468093,0.012626265013954025,-0.08281857863938845,1,0.5,design,0.02,0.017256629975514172,0.014944679942503307,0.25,
erm_lunit_bt,erm,True,0.010819507680518295,0.007995054119970748,6.392089038126123e-05,0.007447815055915748,0.0095975392468093,0.012626265013954025,-0.08281857863938845,1,0.5,design,0.05,0.017256629975514172,0.014944679942503307,0.25,5
erm_lunit_bt,erm,True,0.010819507680518295,0.007995054119970748,6.392089038126123e-05,0.007447815055915748,0.0095975392468093,0.012626265013954025,-0.08281857863938845,1,0.5,design,0.1,0.017256629975514172,0.014944679942503307,0.25,3
erm_lunit_bt,erm,True,0.010819507680518295,0.007995054119970748,6.392089038126123e-05,0.007447815055915748,0.0095975392468093,0.012626265013954025,-0.08281857863938845,1,0.5,design,0.2,0.017256629975514172,0.014944679942503307,0.25,2
erm_lunit_bt,erm,True,0.010819507680518295,0.007995054119970748,6.392089038126123e-05,0.007447815055915748,0.0095975392468093,0.012626265013954025,-0.08281857863938845,3,0.0,none,0.02,0.010819507680518295,0.010819507680518295,0.0,5
erm_lunit_bt,erm,True,0.010819507680518295,0.007995054119970748,6.392089038126123e-05,0.007447815055915748,0.0095975392468093,0.012626265013954025,-0.08281857863938845,3,0.0,none,0.05,0.010819507680518295,0.010819507680518295,0.0,3
erm_lunit_bt,erm,True,0.010819507680518295,0.007995054119970748,6.392089038126123e-05,0.007447815055915748,0.0095975392468093,0.012626265013954025,-0.08281857863938845,3,0.0,none,0.1,0.010819507680518295,0.010819507680518295,0.0,3
erm_lunit_bt,erm,True,0.010819507680518295,0.007995054119970748,6.392089038126123e-05,0.007447815055915748,0.0095975392468093,0.012626265013954025,-0.08281857863938845,3,0.0,none,0.2,0.010819507680518295,0.010819507680518295,0.0,2
erm_lunit_bt,erm,True,0.010819507680518295,0.007995054119970748,6.392089038126123e-05,0.007447815055915748,0.0095975392468093,0.012626265013954025,-0.08281857863938845,3,0.25,ratio,0.02,0.011566540238305336,0.010819507680518295,0.125,6
erm_lunit_bt,erm,True,0.010819507680518295,0.007995054119970748,6.392089038126123e-05,0.007447815055915748,0.0095975392468093,0.012626265013954025,-0.08281857863938845,3,0.25,ratio,0.05,0.011566540238305336,0.010819507680518295,0.125,3
erm_lunit_bt,erm,True,0.010819507680518295,0.007995054119970748,6.392089038126123e-05,0.007447815055915748,0.0095975392468093,0.012626265013954025,-0.08281857863938845,3,0.25,ratio,0.1,0.011566540238305336,0.010819507680518295,0.125,3
erm_lunit_bt,erm,True,0.010819507680518295,0.007995054119970748,6.392089038126123e-05,0.007447815055915748,0.0095975392468093,0.012626265013954025,-0.08281857863938845,3,0.25,ratio,0.2,0.011566540238305336,0.010819507680518295,0.125,2
erm_lunit_bt,erm,True,0.010819507680518295,0.007995054119970748,6.392089038126123e-05,0.007447815055915748,0.0095975392468093,0.012626265013954025,-0.08281857863938845,3,0.25,design,0.02,0.011566540238305336,0.010819507680518295,0.125,10
erm_lunit_bt,erm,True,0.010819507680518295,0.007995054119970748,6.392089038126123e-05,0.007447815055915748,0.0095975392468093,0.012626265013954025,-0.08281857863938845,3,0.25,design,0.05,0.011566540238305336,0.010819507680518295,0.125,3
erm_lunit_bt,erm,True,0.010819507680518295,0.007995054119970748,6.392089038126123e-05,0.007447815055915748,0.0095975392468093,0.012626265013954025,-0.08281857863938845,3,0.25,design,0.1,0.011566540238305336,0.010819507680518295,0.125,3
erm_lunit_bt,erm,True,0.010819507680518295,0.007995054119970748,6.392089038126123e-05,0.007447815055915748,0.0095975392468093,0.012626265013954025,-0.08281857863938845,3,0.25,design,0.2,0.011566540238305336,0.010819507680518295,0.125,2
erm_lunit_bt,erm,True,0.010819507680518295,0.007995054119970748,6.392089038126123e-05,0.007447815055915748,0.0095975392468093,0.012626265013954025,-0.08281857863938845,3,0.5,ratio,0.02,0.012493291343692923,0.010819507680518295,0.25,7
erm_lunit_bt,erm,True,0.010819507680518295,0.007995054119970748,6.392089038126123e-05,0.007447815055915748,0.0095975392468093,0.012626265013954025,-0.08281857863938845,3,0.5,ratio,0.05,0.012493291343692923,0.010819507680518295,0.25,3
erm_lunit_bt,erm,True,0.010819507680518295,0.007995054119970748,6.392089038126123e-05,0.007447815055915748,0.0095975392468093,0.012626265013954025,-0.08281857863938845,3,0.5,ratio,0.1,0.012493291343692923,0.010819507680518295,0.25,3
erm_lunit_bt,erm,True,0.010819507680518295,0.007995054119970748,6.392089038126123e-05,0.007447815055915748,0.0095975392468093,0.012626265013954025,-0.08281857863938845,3,0.5,ratio,0.2,0.012493291343692923,0.010819507680518295,0.25,2
erm_lunit_bt,erm,True,0.010819507680518295,0.007995054119970748,6.392089038126123e-05,0.007447815055915748,0.0095975392468093,0.012626265013954025,-0.08281857863938845,3,0.5,design,0.02,0.012493291343692923,0.010819507680518295,0.25,
erm_lunit_bt,erm,True,0.010819507680518295,0.007995054119970748,6.392089038126123e-05,0.007447815055915748,0.0095975392468093,0.012626265013954025,-0.08281857863938845,3,0.5,design,0.05,0.012493291343692923,0.010819507680518295,0.25,3
erm_lunit_bt,erm,True,0.010819507680518295,0.007995054119970748,6.392089038126123e-05,0.007447815055915748,0.0095975392468093,0.012626265013954025,-0.08281857863938845,3,0.5,design,0.1,0.012493291343692923,0.010819507680518295,0.25,3
erm_lunit_bt,erm,True,0.010819507680518295,0.007995054119970748,6.392089038126123e-05,0.007447815055915748,0.0095975392468093,0.012626265013954025,-0.08281857863938845,3,0.5,design,0.2,0.012493291343692923,0.010819507680518295,0.25,2
erm_lunit_bt,erm,True,0.010819507680518295,0.007995054119970748,6.392089038126123e-05,0.007447815055915748,0.0095975392468093,0.012626265013954025,-0.08281857863938845,5,0.0,none,0.02,0.009788023499245449,0.009788023499245449,0.0,5
erm_lunit_bt,erm,True,0.010819507680518295,0.007995054119970748,6.392089038126123e-05,0.007447815055915748,0.0095975392468093,0.012626265013954025,-0.08281857863938845,5,0.0,none,0.05,0.009788023499245449,0.009788023499245449,0.0,3
erm_lunit_bt,erm,True,0.010819507680518295,0.007995054119970748,6.392089038126123e-05,0.007447815055915748,0.0095975392468093,0.012626265013954025,-0.08281857863938845,5,0.0,none,0.1,0.009788023499245449,0.009788023499245449,0.0,3
erm_lunit_bt,erm,True,0.010819507680518295,0.007995054119970748,6.392089038126123e-05,0.007447815055915748,0.0095975392468093,0.012626265013954025,-0.08281857863938845,5,0.0,none,0.2,0.009788023499245449,0.009788023499245449,0.0,2
erm_lunit_bt,erm,True,0.010819507680518295,0.007995054119970748,6.392089038126123e-05,0.007447815055915748,0.0095975392468093,0.012626265013954025,-0.08281857863938845,5,0.25,ratio,0.02,0.01046383726510533,0.009788023499245449,0.125,5
erm_lunit_bt,erm,True,0.010819507680518295,0.007995054119970748,6.392089038126123e-05,0.007447815055915748,0.0095975392468093,0.012626265013954025,-0.08281857863938845,5,0.25,ratio,0.05,0.01046383726510533,0.009788023499245449,0.125,3
erm_lunit_bt,erm,True,0.010819507680518295,0.007995054119970748,6.392089038126123e-05,0.007447815055915748,0.0095975392468093,0.012626265013954025,-0.08281857863938845,5,0.25,ratio,0.1,0.01046383726510533,0.009788023499245449,0.125,3
erm_lunit_bt,erm,True,0.010819507680518295,0.007995054119970748,6.392089038126123e-05,0.007447815055915748,0.0095975392468093,0.012626265013954025,-0.08281857863938845,5,0.25,ratio,0.2,0.01046383726510533,0.009788023499245449,0.125,2
erm_lunit_bt,erm,True,0.010819507680518295,0.007995054119970748,6.392089038126123e-05,0.007447815055915748,0.0095975392468093,0.012626265013954025,-0.08281857863938845,5,0.25,design,0.02,0.01046383726510533,0.009788023499245449,0.125,7
erm_lunit_bt,erm,True,0.010819507680518295,0.007995054119970748,6.392089038126123e-05,0.007447815055915748,0.0095975392468093,0.012626265013954025,-0.08281857863938845,5,0.25,design,0.05,0.01046383726510533,0.009788023499245449,0.125,3
erm_lunit_bt,erm,True,0.010819507680518295,0.007995054119970748,6.392089038126123e-05,0.007447815055915748,0.0095975392468093,0.012626265013954025,-0.08281857863938845,5,0.25,design,0.1,0.01046383726510533,0.009788023499245449,0.125,3
erm_lunit_bt,erm,True,0.010819507680518295,0.007995054119970748,6.392089038126123e-05,0.007447815055915748,0.0095975392468093,0.012626265013954025,-0.08281857863938845,5,0.25,design,0.2,0.01046383726510533,0.009788023499245449,0.125,2
erm_lunit_bt,erm,True,0.010819507680518295,0.007995054119970748,6.392089038126123e-05,0.007447815055915748,0.0095975392468093,0.012626265013954025,-0.08281857863938845,5,0.5,ratio,0.02,0.011302236004247486,0.009788023499245449,0.25,6
erm_lunit_bt,erm,True,0.010819507680518295,0.007995054119970748,6.392089038126123e-05,0.007447815055915748,0.0095975392468093,0.012626265013954025,-0.08281857863938845,5,0.5,ratio,0.05,0.011302236004247486,0.009788023499245449,0.25,3
erm_lunit_bt,erm,True,0.010819507680518295,0.007995054119970748,6.392089038126123e-05,0.007447815055915748,0.0095975392468093,0.012626265013954025,-0.08281857863938845,5,0.5,ratio,0.1,0.011302236004247486,0.009788023499245449,0.25,3
erm_lunit_bt,erm,True,0.010819507680518295,0.007995054119970748,6.392089038126123e-05,0.007447815055915748,0.0095975392468093,0.012626265013954025,-0.08281857863938845,5,0.5,ratio,0.2,0.011302236004247486,0.009788023499245449,0.25,2
erm_lunit_bt,erm,True,0.010819507680518295,0.007995054119970748,6.392089038126123e-05,0.007447815055915748,0.0095975392468093,0.012626265013954025,-0.08281857863938845,5,0.5,design,0.02,0.011302236004247486,0.009788023499245449,0.25,
erm_lunit_bt,erm,True,0.010819507680518295,0.007995054119970748,6.392089038126123e-05,0.007447815055915748,0.0095975392468093,0.012626265013954025,-0.08281857863938845,5,0.5,design,0.05,0.011302236004247486,0.009788023499245449,0.25,3
erm_lunit_bt,erm,True,0.010819507680518295,0.007995054119970748,6.392089038126123e-05,0.007447815055915748,0.0095975392468093,0.012626265013954025,-0.08281857863938845,5,0.5,design,0.1,0.011302236004247486,0.009788023499245449,0.25,3
erm_lunit_bt,erm,True,0.010819507680518295,0.007995054119970748,6.392089038126123e-05,0.007447815055915748,0.0095975392468093,0.012626265013954025,-0.08281857863938845,5,0.5,design,0.2,0.011302236004247486,0.009788023499245449,0.25,2
erm_lunit_bt,erm,True,0.010819507680518295,0.007995054119970748,6.392089038126123e-05,0.007447815055915748,0.0095975392468093,0.012626265013954025,-0.08281857863938845,10,0.0,none,0.02,0.008936618331422752,0.008936618331422752,0.0,4
erm_lunit_bt,erm,True,0.010819507680518295,0.007995054119970748,6.392089038126123e-05,0.007447815055915748,0.0095975392468093,0.012626265013954025,-0.08281857863938845,10,0.0,none,0.05,0.008936618331422752,0.008936618331422752,0.0,3
erm_lunit_bt,erm,True,0.010819507680518295,0.007995054119970748,6.392089038126123e-05,0.007447815055915748,0.0095975392468093,0.012626265013954025,-0.08281857863938845,10,0.0,none,0.1,0.008936618331422752,0.008936618331422752,0.0,3
erm_lunit_bt,erm,True,0.010819507680518295,0.007995054119970748,6.392089038126123e-05,0.007447815055915748,0.0095975392468093,0.012626265013954025,-0.08281857863938845,10,0.0,none,0.2,0.008936618331422752,0.008936618331422752,0.0,2
erm_lunit_bt,erm,True,0.010819507680518295,0.007995054119970748,6.392089038126123e-05,0.007447815055915748,0.0095975392468093,0.012626265013954025,-0.08281857863938845,10,0.25,ratio,0.02,0.009553646855013531,0.008936618331422752,0.125,5
erm_lunit_bt,erm,True,0.010819507680518295,0.007995054119970748,6.392089038126123e-05,0.007447815055915748,0.0095975392468093,0.012626265013954025,-0.08281857863938845,10,0.25,ratio,0.05,0.009553646855013531,0.008936618331422752,0.125,3
erm_lunit_bt,erm,True,0.010819507680518295,0.007995054119970748,6.392089038126123e-05,0.007447815055915748,0.0095975392468093,0.012626265013954025,-0.08281857863938845,10,0.25,ratio,0.1,0.009553646855013531,0.008936618331422752,0.125,3
erm_lunit_bt,erm,True,0.010819507680518295,0.007995054119970748,6.392089038126123e-05,0.007447815055915748,0.0095975392468093,0.012626265013954025,-0.08281857863938845,10,0.25,ratio,0.2,0.009553646855013531,0.008936618331422752,0.125,2
erm_lunit_bt,erm,True,0.010819507680518295,0.007995054119970748,6.392089038126123e-05,0.007447815055915748,0.0095975392468093,0.012626265013954025,-0.08281857863938845,10,0.25,design,0.02,0.009553646855013531,0.008936618331422752,0.125,6
erm_lunit_bt,erm,True,0.010819507680518295,0.007995054119970748,6.392089038126123e-05,0.007447815055915748,0.0095975392468093,0.012626265013954025,-0.08281857863938845,10,0.25,design,0.05,0.009553646855013531,0.008936618331422752,0.125,3
erm_lunit_bt,erm,True,0.010819507680518295,0.007995054119970748,6.392089038126123e-05,0.007447815055915748,0.0095975392468093,0.012626265013954025,-0.08281857863938845,10,0.25,design,0.1,0.009553646855013531,0.008936618331422752,0.125,3
erm_lunit_bt,erm,True,0.010819507680518295,0.007995054119970748,6.392089038126123e-05,0.007447815055915748,0.0095975392468093,0.012626265013954025,-0.08281857863938845,10,0.25,design,0.2,0.009553646855013531,0.008936618331422752,0.125,2
erm_lunit_bt,erm,True,0.010819507680518295,0.007995054119970748,6.392089038126123e-05,0.007447815055915748,0.0095975392468093,0.012626265013954025,-0.08281857863938845,10,0.5,ratio,0.02,0.010319117998583741,0.008936618331422752,0.25,6
erm_lunit_bt,erm,True,0.010819507680518295,0.007995054119970748,6.392089038126123e-05,0.007447815055915748,0.0095975392468093,0.012626265013954025,-0.08281857863938845,10,0.5,ratio,0.05,0.010319117998583741,0.008936618331422752,0.25,3
erm_lunit_bt,erm,True,0.010819507680518295,0.007995054119970748,6.392089038126123e-05,0.007447815055915748,0.0095975392468093,0.012626265013954025,-0.08281857863938845,10,0.5,ratio,0.1,0.010319117998583741,0.008936618331422752,0.25,3
erm_lunit_bt,erm,True,0.010819507680518295,0.007995054119970748,6.392089038126123e-05,0.007447815055915748,0.0095975392468093,0.012626265013954025,-0.08281857863938845,10,0.5,ratio,0.2,0.010319117998583741,0.008936618331422752,0.25,2
erm_lunit_bt,erm,True,0.010819507680518295,0.007995054119970748,6.392089038126123e-05,0.007447815055915748,0.0095975392468093,0.012626265013954025,-0.08281857863938845,10,0.5,design,0.02,0.010319117998583741,0.008936618331422752,0.25,
erm_lunit_bt,erm,True,0.010819507680518295,0.007995054119970748,6.392089038126123e-05,0.007447815055915748,0.0095975392468093,0.012626265013954025,-0.08281857863938845,10,0.5,design,0.05,0.010319117998583741,0.008936618331422752,0.25,3
erm_lunit_bt,erm,True,0.010819507680518295,0.007995054119970748,6.392089038126123e-05,0.007447815055915748,0.0095975392468093,0.012626265013954025,-0.08281857863938845,10,0.5,design,0.1,0.010319117998583741,0.008936618331422752,0.25,3
erm_lunit_bt,erm,True,0.010819507680518295,0.007995054119970748,6.392089038126123e-05,0.007447815055915748,0.0095975392468093,0.012626265013954025,-0.08281857863938845,10,0.5,design,0.2,0.010319117998583741,0.008936618331422752,0.25,2
erm_lunit_dino,erm,True,0.008508719741023123,0.007681923902440494,5.901195484288659e-05,0.008201049270780145,0.0095975392468093,0.006337118459139772,0.7572802793652073,1,0.0,none,0.02,0.00995846500260239,0.00995846500260239,0.0,5
erm_lunit_dino,erm,True,0.008508719741023123,0.007681923902440494,5.901195484288659e-05,0.008201049270780145,0.0095975392468093,0.006337118459139772,0.7572802793652073,1,0.0,none,0.05,0.00995846500260239,0.00995846500260239,0.0,3
erm_lunit_dino,erm,True,0.008508719741023123,0.007681923902440494,5.901195484288659e-05,0.008201049270780145,0.0095975392468093,0.006337118459139772,0.7572802793652073,1,0.0,none,0.1,0.00995846500260239,0.00995846500260239,0.0,3
erm_lunit_dino,erm,True,0.008508719741023123,0.007681923902440494,5.901195484288659e-05,0.008201049270780145,0.0095975392468093,0.006337118459139772,0.7572802793652073,1,0.0,none,0.2,0.00995846500260239,0.00995846500260239,0.0,2
erm_lunit_dino,erm,True,0.008508719741023123,0.007681923902440494,5.901195484288659e-05,0.008201049270780145,0.0095975392468093,0.006337118459139772,0.7572802793652073,1,0.25,ratio,0.02,0.010646046896547717,0.00995846500260239,0.125,6
erm_lunit_dino,erm,True,0.008508719741023123,0.007681923902440494,5.901195484288659e-05,0.008201049270780145,0.0095975392468093,0.006337118459139772,0.7572802793652073,1,0.25,ratio,0.05,0.010646046896547717,0.00995846500260239,0.125,3
erm_lunit_dino,erm,True,0.008508719741023123,0.007681923902440494,5.901195484288659e-05,0.008201049270780145,0.0095975392468093,0.006337118459139772,0.7572802793652073,1,0.25,ratio,0.1,0.010646046896547717,0.00995846500260239,0.125,3
erm_lunit_dino,erm,True,0.008508719741023123,0.007681923902440494,5.901195484288659e-05,0.008201049270780145,0.0095975392468093,0.006337118459139772,0.7572802793652073,1,0.25,ratio,0.2,0.010646046896547717,0.00995846500260239,0.125,2
erm_lunit_dino,erm,True,0.008508719741023123,0.007681923902440494,5.901195484288659e-05,0.008201049270780145,0.0095975392468093,0.006337118459139772,0.7572802793652073,1,0.25,design,0.02,0.010646046896547717,0.00995846500260239,0.125,8
erm_lunit_dino,erm,True,0.008508719741023123,0.007681923902440494,5.901195484288659e-05,0.008201049270780145,0.0095975392468093,0.006337118459139772,0.7572802793652073,1,0.25,design,0.05,0.010646046896547717,0.00995846500260239,0.125,3
erm_lunit_dino,erm,True,0.008508719741023123,0.007681923902440494,5.901195484288659e-05,0.008201049270780145,0.0095975392468093,0.006337118459139772,0.7572802793652073,1,0.25,design,0.1,0.010646046896547717,0.00995846500260239,0.125,3
erm_lunit_dino,erm,True,0.008508719741023123,0.007681923902440494,5.901195484288659e-05,0.008201049270780145,0.0095975392468093,0.006337118459139772,0.7572802793652073,1,0.25,design,0.2,0.010646046896547717,0.00995846500260239,0.125,2
erm_lunit_dino,erm,True,0.008508719741023123,0.007681923902440494,5.901195484288659e-05,0.008201049270780145,0.0095975392468093,0.006337118459139772,0.7572802793652073,1,0.5,ratio,0.02,0.011499044899935916,0.00995846500260239,0.25,7
erm_lunit_dino,erm,True,0.008508719741023123,0.007681923902440494,5.901195484288659e-05,0.008201049270780145,0.0095975392468093,0.006337118459139772,0.7572802793652073,1,0.5,ratio,0.05,0.011499044899935916,0.00995846500260239,0.25,3
erm_lunit_dino,erm,True,0.008508719741023123,0.007681923902440494,5.901195484288659e-05,0.008201049270780145,0.0095975392468093,0.006337118459139772,0.7572802793652073,1,0.5,ratio,0.1,0.011499044899935916,0.00995846500260239,0.25,3
erm_lunit_dino,erm,True,0.008508719741023123,0.007681923902440494,5.901195484288659e-05,0.008201049270780145,0.0095975392468093,0.006337118459139772,0.7572802793652073,1,0.5,ratio,0.2,0.011499044899935916,0.00995846500260239,0.25,2
erm_lunit_dino,erm,True,0.008508719741023123,0.007681923902440494,5.901195484288659e-05,0.008201049270780145,0.0095975392468093,0.006337118459139772,0.7572802793652073,1,0.5,design,0.02,0.011499044899935916,0.00995846500260239,0.25,
erm_lunit_dino,erm,True,0.008508719741023123,0.007681923902440494,5.901195484288659e-05,0.008201049270780145,0.0095975392468093,0.006337118459139772,0.7572802793652073,1,0.5,design,0.05,0.011499044899935916,0.00995846500260239,0.25,3
erm_lunit_dino,erm,True,0.008508719741023123,0.007681923902440494,5.901195484288659e-05,0.008201049270780145,0.0095975392468093,0.006337118459139772,0.7572802793652073,1,0.5,design,0.1,0.011499044899935916,0.00995846500260239,0.25,3
erm_lunit_dino,erm,True,0.008508719741023123,0.007681923902440494,5.901195484288659e-05,0.008201049270780145,0.0095975392468093,0.006337118459139772,0.7572802793652073,1,0.5,design,0.2,0.011499044899935916,0.00995846500260239,0.25,2
erm_lunit_dino,erm,True,0.008508719741023123,0.007681923902440494,5.901195484288659e-05,0.008201049270780145,0.0095975392468093,0.006337118459139772,0.7572802793652073,3,0.0,none,0.02,0.008508719741023123,0.008508719741023123,0.0,4
erm_lunit_dino,erm,True,0.008508719741023123,0.007681923902440494,5.901195484288659e-05,0.008201049270780145,0.0095975392468093,0.006337118459139772,0.7572802793652073,3,0.0,none,0.05,0.008508719741023123,0.008508719741023123,0.0,3
erm_lunit_dino,erm,True,0.008508719741023123,0.007681923902440494,5.901195484288659e-05,0.008201049270780145,0.0095975392468093,0.006337118459139772,0.7572802793652073,3,0.0,none,0.1,0.008508719741023123,0.008508719741023123,0.0,2
erm_lunit_dino,erm,True,0.008508719741023123,0.007681923902440494,5.901195484288659e-05,0.008201049270780145,0.0095975392468093,0.006337118459139772,0.7572802793652073,3,0.0,none,0.2,0.008508719741023123,0.008508719741023123,0.0,2
erm_lunit_dino,erm,True,0.008508719741023123,0.007681923902440494,5.901195484288659e-05,0.008201049270780145,0.0095975392468093,0.006337118459139772,0.7572802793652073,3,0.25,ratio,0.02,0.009096204020282408,0.008508719741023123,0.125,5
erm_lunit_dino,erm,True,0.008508719741023123,0.007681923902440494,5.901195484288659e-05,0.008201049270780145,0.0095975392468093,0.006337118459139772,0.7572802793652073,3,0.25,ratio,0.05,0.009096204020282408,0.008508719741023123,0.125,3
erm_lunit_dino,erm,True,0.008508719741023123,0.007681923902440494,5.901195484288659e-05,0.008201049270780145,0.0095975392468093,0.006337118459139772,0.7572802793652073,3,0.25,ratio,0.1,0.009096204020282408,0.008508719741023123,0.125,3
erm_lunit_dino,erm,True,0.008508719741023123,0.007681923902440494,5.901195484288659e-05,0.008201049270780145,0.0095975392468093,0.006337118459139772,0.7572802793652073,3,0.25,ratio,0.2,0.009096204020282408,0.008508719741023123,0.125,2
erm_lunit_dino,erm,True,0.008508719741023123,0.007681923902440494,5.901195484288659e-05,0.008201049270780145,0.0095975392468093,0.006337118459139772,0.7572802793652073,3,0.25,design,0.02,0.009096204020282408,0.008508719741023123,0.125,6
erm_lunit_dino,erm,True,0.008508719741023123,0.007681923902440494,5.901195484288659e-05,0.008201049270780145,0.0095975392468093,0.006337118459139772,0.7572802793652073,3,0.25,design,0.05,0.009096204020282408,0.008508719741023123,0.125,3
erm_lunit_dino,erm,True,0.008508719741023123,0.007681923902440494,5.901195484288659e-05,0.008201049270780145,0.0095975392468093,0.006337118459139772,0.7572802793652073,3,0.25,design,0.1,0.009096204020282408,0.008508719741023123,0.125,3
erm_lunit_dino,erm,True,0.008508719741023123,0.007681923902440494,5.901195484288659e-05,0.008201049270780145,0.0095975392468093,0.006337118459139772,0.7572802793652073,3,0.25,design,0.2,0.009096204020282408,0.008508719741023123,0.125,2
erm_lunit_dino,erm,True,0.008508719741023123,0.007681923902440494,5.901195484288659e-05,0.008201049270780145,0.0095975392468093,0.006337118459139772,0.7572802793652073,3,0.5,ratio,0.02,0.009825023265877565,0.008508719741023123,0.25,6
erm_lunit_dino,erm,True,0.008508719741023123,0.007681923902440494,5.901195484288659e-05,0.008201049270780145,0.0095975392468093,0.006337118459139772,0.7572802793652073,3,0.5,ratio,0.05,0.009825023265877565,0.008508719741023123,0.25,3
erm_lunit_dino,erm,True,0.008508719741023123,0.007681923902440494,5.901195484288659e-05,0.008201049270780145,0.0095975392468093,0.006337118459139772,0.7572802793652073,3,0.5,ratio,0.1,0.009825023265877565,0.008508719741023123,0.25,3
erm_lunit_dino,erm,True,0.008508719741023123,0.007681923902440494,5.901195484288659e-05,0.008201049270780145,0.0095975392468093,0.006337118459139772,0.7572802793652073,3,0.5,ratio,0.2,0.009825023265877565,0.008508719741023123,0.25,2
erm_lunit_dino,erm,True,0.008508719741023123,0.007681923902440494,5.901195484288659e-05,0.008201049270780145,0.0095975392468093,0.006337118459139772,0.7572802793652073,3,0.5,design,0.02,0.009825023265877565,0.008508719741023123,0.25,38
erm_lunit_dino,erm,True,0.008508719741023123,0.007681923902440494,5.901195484288659e-05,0.008201049270780145,0.0095975392468093,0.006337118459139772,0.7572802793652073,3,0.5,design,0.05,0.009825023265877565,0.008508719741023123,0.25,3
erm_lunit_dino,erm,True,0.008508719741023123,0.007681923902440494,5.901195484288659e-05,0.008201049270780145,0.0095975392468093,0.006337118459139772,0.7572802793652073,3,0.5,design,0.1,0.009825023265877565,0.008508719741023123,0.25,3
erm_lunit_dino,erm,True,0.008508719741023123,0.007681923902440494,5.901195484288659e-05,0.008201049270780145,0.0095975392468093,0.006337118459139772,0.7572802793652073,3,0.5,design,0.2,0.009825023265877565,0.008508719741023123,0.25,2
erm_lunit_dino,erm,True,0.008508719741023123,0.007681923902440494,5.901195484288659e-05,0.008201049270780145,0.0095975392468093,0.006337118459139772,0.7572802793652073,5,0.0,none,0.02,0.00818802594743816,0.00818802594743816,0.0,4
erm_lunit_dino,erm,True,0.008508719741023123,0.007681923902440494,5.901195484288659e-05,0.008201049270780145,0.0095975392468093,0.006337118459139772,0.7572802793652073,5,0.0,none,0.05,0.00818802594743816,0.00818802594743816,0.0,3
erm_lunit_dino,erm,True,0.008508719741023123,0.007681923902440494,5.901195484288659e-05,0.008201049270780145,0.0095975392468093,0.006337118459139772,0.7572802793652073,5,0.0,none,0.1,0.00818802594743816,0.00818802594743816,0.0,2
erm_lunit_dino,erm,True,0.008508719741023123,0.007681923902440494,5.901195484288659e-05,0.008201049270780145,0.0095975392468093,0.006337118459139772,0.7572802793652073,5,0.0,none,0.2,0.00818802594743816,0.00818802594743816,0.0,2
erm_lunit_dino,erm,True,0.008508719741023123,0.007681923902440494,5.901195484288659e-05,0.008201049270780145,0.0095975392468093,0.006337118459139772,0.7572802793652073,5,0.25,ratio,0.02,0.008753367934093913,0.00818802594743816,0.125,5
erm_lunit_dino,erm,True,0.008508719741023123,0.007681923902440494,5.901195484288659e-05,0.008201049270780145,0.0095975392468093,0.006337118459139772,0.7572802793652073,5,0.25,ratio,0.05,0.008753367934093913,0.00818802594743816,0.125,3
erm_lunit_dino,erm,True,0.008508719741023123,0.007681923902440494,5.901195484288659e-05,0.008201049270780145,0.0095975392468093,0.006337118459139772,0.7572802793652073,5,0.25,ratio,0.1,0.008753367934093913,0.00818802594743816,0.125,3
erm_lunit_dino,erm,True,0.008508719741023123,0.007681923902440494,5.901195484288659e-05,0.008201049270780145,0.0095975392468093,0.006337118459139772,0.7572802793652073,5,0.25,ratio,0.2,0.008753367934093913,0.00818802594743816,0.125,2
erm_lunit_dino,erm,True,0.008508719741023123,0.007681923902440494,5.901195484288659e-05,0.008201049270780145,0.0095975392468093,0.006337118459139772,0.7572802793652073,5,0.25,design,0.02,0.008753367934093913,0.00818802594743816,0.125,5
erm_lunit_dino,erm,True,0.008508719741023123,0.007681923902440494,5.901195484288659e-05,0.008201049270780145,0.0095975392468093,0.006337118459139772,0.7572802793652073,5,0.25,design,0.05,0.008753367934093913,0.00818802594743816,0.125,3
erm_lunit_dino,erm,True,0.008508719741023123,0.007681923902440494,5.901195484288659e-05,0.008201049270780145,0.0095975392468093,0.006337118459139772,0.7572802793652073,5,0.25,design,0.1,0.008753367934093913,0.00818802594743816,0.125,3
erm_lunit_dino,erm,True,0.008508719741023123,0.007681923902440494,5.901195484288659e-05,0.008201049270780145,0.0095975392468093,0.006337118459139772,0.7572802793652073,5,0.25,design,0.2,0.008753367934093913,0.00818802594743816,0.125,2
erm_lunit_dino,erm,True,0.008508719741023123,0.007681923902440494,5.901195484288659e-05,0.008201049270780145,0.0095975392468093,0.006337118459139772,0.7572802793652073,5,0.5,ratio,0.02,0.009454717969770127,0.00818802594743816,0.25,5
erm_lunit_dino,erm,True,0.008508719741023123,0.007681923902440494,5.901195484288659e-05,0.008201049270780145,0.0095975392468093,0.006337118459139772,0.7572802793652073,5,0.5,ratio,0.05,0.009454717969770127,0.00818802594743816,0.25,3
erm_lunit_dino,erm,True,0.008508719741023123,0.007681923902440494,5.901195484288659e-05,0.008201049270780145,0.0095975392468093,0.006337118459139772,0.7572802793652073,5,0.5,ratio,0.1,0.009454717969770127,0.00818802594743816,0.25,3
erm_lunit_dino,erm,True,0.008508719741023123,0.007681923902440494,5.901195484288659e-05,0.008201049270780145,0.0095975392468093,0.006337118459139772,0.7572802793652073,5,0.5,ratio,0.2,0.009454717969770127,0.00818802594743816,0.25,2
erm_lunit_dino,erm,True,0.008508719741023123,0.007681923902440494,5.901195484288659e-05,0.008201049270780145,0.0095975392468093,0.006337118459139772,0.7572802793652073,5,0.5,design,0.02,0.009454717969770127,0.00818802594743816,0.25,17
erm_lunit_dino,erm,True,0.008508719741023123,0.007681923902440494,5.901195484288659e-05,0.008201049270780145,0.0095975392468093,0.006337118459139772,0.7572802793652073,5,0.5,design,0.05,0.009454717969770127,0.00818802594743816,0.25,3
erm_lunit_dino,erm,True,0.008508719741023123,0.007681923902440494,5.901195484288659e-05,0.008201049270780145,0.0095975392468093,0.006337118459139772,0.7572802793652073,5,0.5,design,0.1,0.009454717969770127,0.00818802594743816,0.25,3
erm_lunit_dino,erm,True,0.008508719741023123,0.007681923902440494,5.901195484288659e-05,0.008201049270780145,0.0095975392468093,0.006337118459139772,0.7572802793652073,5,0.5,design,0.2,0.009454717969770127,0.00818802594743816,0.25,2
erm_lunit_dino,erm,True,0.008508719741023123,0.007681923902440494,5.901195484288659e-05,0.008201049270780145,0.0095975392468093,0.006337118459139772,0.7572802793652073,10,0.0,none,0.02,0.007939008872611467,0.007939008872611467,0.0,4
erm_lunit_dino,erm,True,0.008508719741023123,0.007681923902440494,5.901195484288659e-05,0.008201049270780145,0.0095975392468093,0.006337118459139772,0.7572802793652073,10,0.0,none,0.05,0.007939008872611467,0.007939008872611467,0.0,3
erm_lunit_dino,erm,True,0.008508719741023123,0.007681923902440494,5.901195484288659e-05,0.008201049270780145,0.0095975392468093,0.006337118459139772,0.7572802793652073,10,0.0,none,0.1,0.007939008872611467,0.007939008872611467,0.0,2
erm_lunit_dino,erm,True,0.008508719741023123,0.007681923902440494,5.901195484288659e-05,0.008201049270780145,0.0095975392468093,0.006337118459139772,0.7572802793652073,10,0.0,none,0.2,0.007939008872611467,0.007939008872611467,0.0,2
erm_lunit_dino,erm,True,0.008508719741023123,0.007681923902440494,5.901195484288659e-05,0.008201049270780145,0.0095975392468093,0.006337118459139772,0.7572802793652073,10,0.25,ratio,0.02,0.008487157483391588,0.007939008872611467,0.125,5
erm_lunit_dino,erm,True,0.008508719741023123,0.007681923902440494,5.901195484288659e-05,0.008201049270780145,0.0095975392468093,0.006337118459139772,0.7572802793652073,10,0.25,ratio,0.05,0.008487157483391588,0.007939008872611467,0.125,3
erm_lunit_dino,erm,True,0.008508719741023123,0.007681923902440494,5.901195484288659e-05,0.008201049270780145,0.0095975392468093,0.006337118459139772,0.7572802793652073,10,0.25,ratio,0.1,0.008487157483391588,0.007939008872611467,0.125,3
erm_lunit_dino,erm,True,0.008508719741023123,0.007681923902440494,5.901195484288659e-05,0.008201049270780145,0.0095975392468093,0.006337118459139772,0.7572802793652073,10,0.25,ratio,0.2,0.008487157483391588,0.007939008872611467,0.125,2
erm_lunit_dino,erm,True,0.008508719741023123,0.007681923902440494,5.901195484288659e-05,0.008201049270780145,0.0095975392468093,0.006337118459139772,0.7572802793652073,10,0.25,design,0.02,0.008487157483391588,0.007939008872611467,0.125,5
erm_lunit_dino,erm,True,0.008508719741023123,0.007681923902440494,5.901195484288659e-05,0.008201049270780145,0.0095975392468093,0.006337118459139772,0.7572802793652073,10,0.25,design,0.05,0.008487157483391588,0.007939008872611467,0.125,3
erm_lunit_dino,erm,True,0.008508719741023123,0.007681923902440494,5.901195484288659e-05,0.008201049270780145,0.0095975392468093,0.006337118459139772,0.7572802793652073,10,0.25,design,0.1,0.008487157483391588,0.007939008872611467,0.125,2
erm_lunit_dino,erm,True,0.008508719741023123,0.007681923902440494,5.901195484288659e-05,0.008201049270780145,0.0095975392468093,0.006337118459139772,0.7572802793652073,10,0.25,design,0.2,0.008487157483391588,0.007939008872611467,0.125,2
erm_lunit_dino,erm,True,0.008508719741023123,0.007681923902440494,5.901195484288659e-05,0.008201049270780145,0.0095975392468093,0.006337118459139772,0.7572802793652073,10,0.5,ratio,0.02,0.009167177819402116,0.007939008872611467,0.25,5
erm_lunit_dino,erm,True,0.008508719741023123,0.007681923902440494,5.901195484288659e-05,0.008201049270780145,0.0095975392468093,0.006337118459139772,0.7572802793652073,10,0.5,ratio,0.05,0.009167177819402116,0.007939008872611467,0.25,3
erm_lunit_dino,erm,True,0.008508719741023123,0.007681923902440494,5.901195484288659e-05,0.008201049270780145,0.0095975392468093,0.006337118459139772,0.7572802793652073,10,0.5,ratio,0.1,0.009167177819402116,0.007939008872611467,0.25,3
erm_lunit_dino,erm,True,0.008508719741023123,0.007681923902440494,5.901195484288659e-05,0.008201049270780145,0.0095975392468093,0.006337118459139772,0.7572802793652073,10,0.5,ratio,0.2,0.009167177819402116,0.007939008872611467,0.25,2
erm_lunit_dino,erm,True,0.008508719741023123,0.007681923902440494,5.901195484288659e-05,0.008201049270780145,0.0095975392468093,0.006337118459139772,0.7572802793652073,10,0.5,design,0.02,0.009167177819402116,0.007939008872611467,0.25,12
erm_lunit_dino,erm,True,0.008508719741023123,0.007681923902440494,5.901195484288659e-05,0.008201049270780145,0.0095975392468093,0.006337118459139772,0.7572802793652073,10,0.5,design,0.05,0.009167177819402116,0.007939008872611467,0.25,3
erm_lunit_dino,erm,True,0.008508719741023123,0.007681923902440494,5.901195484288659e-05,0.008201049270780145,0.0095975392468093,0.006337118459139772,0.7572802793652073,10,0.5,design,0.1,0.009167177819402116,0.007939008872611467,0.25,3
erm_lunit_dino,erm,True,0.008508719741023123,0.007681923902440494,5.901195484288659e-05,0.008201049270780145,0.0095975392468093,0.006337118459139772,0.7572802793652073,10,0.5,design,0.2,0.009167177819402116,0.007939008872611467,0.25,2
fish,erm,True,0.017615466001048297,0.0158572469617526,0.000251452281206012,0.013454241879505268,0.0095975392468093,0.013287478454704241,0.3739413171031371,1,0.0,none,0.02,0.02068838719886694,0.02068838719886694,0.0,11
fish,erm,True,0.017615466001048297,0.0158572469617526,0.000251452281206012,0.013454241879505268,0.0095975392468093,0.013287478454704241,0.3739413171031371,1,0.0,none,0.05,0.02068838719886694,0.02068838719886694,0.0,4
fish,erm,True,0.017615466001048297,0.0158572469617526,0.000251452281206012,0.013454241879505268,0.0095975392468093,0.013287478454704241,0.3739413171031371,1,0.0,none,0.1,0.02068838719886694,0.02068838719886694,0.0,3
fish,erm,True,0.017615466001048297,0.0158572469617526,0.000251452281206012,0.013454241879505268,0.0095975392468093,0.013287478454704241,0.3739413171031371,1,0.0,none,0.2,0.02068838719886694,0.02068838719886694,0.0,3
fish,erm,True,0.017615466001048297,0.0158572469617526,0.000251452281206012,0.013454241879505268,0.0095975392468093,0.013287478454704241,0.3739413171031371,1,0.25,ratio,0.02,0.022116816223737124,0.02068838719886694,0.125,15
fish,erm,True,0.017615466001048297,0.0158572469617526,0.000251452281206012,0.013454241879505268,0.0095975392468093,0.013287478454704241,0.3739413171031371,1,0.25,ratio,0.05,0.022116816223737124,0.02068838719886694,0.125,5
fish,erm,True,0.017615466001048297,0.0158572469617526,0.000251452281206012,0.013454241879505268,0.0095975392468093,0.013287478454704241,0.3739413171031371,1,0.25,ratio,0.1,0.022116816223737124,0.02068838719886694,0.125,3
fish,erm,True,0.017615466001048297,0.0158572469617526,0.000251452281206012,0.013454241879505268,0.0095975392468093,0.013287478454704241,0.3739413171031371,1,0.25,ratio,0.2,0.022116816223737124,0.02068838719886694,0.125,3
fish,erm,True,0.017615466001048297,0.0158572469617526,0.000251452281206012,0.013454241879505268,0.0095975392468093,0.013287478454704241,0.3739413171031371,1,0.25,design,0.02,0.022116816223737124,0.02068838719886694,0.125,
fish,erm,True,0.017615466001048297,0.0158572469617526,0.000251452281206012,0.013454241879505268,0.0095975392468093,0.013287478454704241,0.3739413171031371,1,0.25,design,0.05,0.022116816223737124,0.02068838719886694,0.125,5
fish,erm,True,0.017615466001048297,0.0158572469617526,0.000251452281206012,0.013454241879505268,0.0095975392468093,0.013287478454704241,0.3739413171031371,1,0.25,design,0.1,0.022116816223737124,0.02068838719886694,0.125,3
fish,erm,True,0.017615466001048297,0.0158572469617526,0.000251452281206012,0.013454241879505268,0.0095975392468093,0.013287478454704241,0.3739413171031371,1,0.25,design,0.2,0.022116816223737124,0.02068838719886694,0.125,3
fish,erm,True,0.017615466001048297,0.0158572469617526,0.000251452281206012,0.013454241879505268,0.0095975392468093,0.013287478454704241,0.3739413171031371,1,0.5,ratio,0.02,0.023888891836730073,0.02068838719886694,0.25,19
fish,erm,True,0.017615466001048297,0.0158572469617526,0.000251452281206012,0.013454241879505268,0.0095975392468093,0.013287478454704241,0.3739413171031371,1,0.5,ratio,0.05,0.023888891836730073,0.02068838719886694,0.25,5
fish,erm,True,0.017615466001048297,0.0158572469617526,0.000251452281206012,0.013454241879505268,0.0095975392468093,0.013287478454704241,0.3739413171031371,1,0.5,ratio,0.1,0.023888891836730073,0.02068838719886694,0.25,3
fish,erm,True,0.017615466001048297,0.0158572469617526,0.000251452281206012,0.013454241879505268,0.0095975392468093,0.013287478454704241,0.3739413171031371,1,0.5,ratio,0.2,0.023888891836730073,0.02068838719886694,0.25,3
fish,erm,True,0.017615466001048297,0.0158572469617526,0.000251452281206012,0.013454241879505268,0.0095975392468093,0.013287478454704241,0.3739413171031371,1,0.5,design,0.02,0.023888891836730073,0.02068838719886694,0.25,
fish,erm,True,0.017615466001048297,0.0158572469617526,0.000251452281206012,0.013454241879505268,0.0095975392468093,0.013287478454704241,0.3739413171031371,1,0.5,design,0.05,0.023888891836730073,0.02068838719886694,0.25,20
fish,erm,True,0.017615466001048297,0.0158572469617526,0.000251452281206012,0.013454241879505268,0.0095975392468093,0.013287478454704241,0.3739413171031371,1,0.5,design,0.1,0.023888891836730073,0.02068838719886694,0.25,3
fish,erm,True,0.017615466001048297,0.0158572469617526,0.000251452281206012,0.013454241879505268,0.0095975392468093,0.013287478454704241,0.3739413171031371,1,0.5,design,0.2,0.023888891836730073,0.02068838719886694,0.25,3
fish,erm,True,0.017615466001048297,0.0158572469617526,0.000251452281206012,0.013454241879505268,0.0095975392468093,0.013287478454704241,0.3739413171031371,3,0.0,none,0.02,0.017615466001048297,0.017615466001048297,0.0,9
fish,erm,True,0.017615466001048297,0.0158572469617526,0.000251452281206012,0.013454241879505268,0.0095975392468093,0.013287478454704241,0.3739413171031371,3,0.0,none,0.05,0.017615466001048297,0.017615466001048297,0.0,4
fish,erm,True,0.017615466001048297,0.0158572469617526,0.000251452281206012,0.013454241879505268,0.0095975392468093,0.013287478454704241,0.3739413171031371,3,0.0,none,0.1,0.017615466001048297,0.017615466001048297,0.0,3
fish,erm,True,0.017615466001048297,0.0158572469617526,0.000251452281206012,0.013454241879505268,0.0095975392468093,0.013287478454704241,0.3739413171031371,3,0.0,none,0.2,0.017615466001048297,0.017615466001048297,0.0,3
fish,erm,True,0.017615466001048297,0.0158572469617526,0.000251452281206012,0.013454241879505268,0.0095975392468093,0.013287478454704241,0.3739413171031371,3,0.25,ratio,0.02,0.018831725281225023,0.017615466001048297,0.125,11
fish,erm,True,0.017615466001048297,0.0158572469617526,0.000251452281206012,0.013454241879505268,0.0095975392468093,0.013287478454704241,0.3739413171031371,3,0.25,ratio,0.05,0.018831725281225023,0.017615466001048297,0.125,4
fish,erm,True,0.017615466001048297,0.0158572469617526,0.000251452281206012,0.013454241879505268,0.0095975392468093,0.013287478454704241,0.3739413171031371,3,0.25,ratio,0.1,0.018831725281225023,0.017615466001048297,0.125,3
fish,erm,True,0.017615466001048297,0.0158572469617526,0.000251452281206012,0.013454241879505268,0.0095975392468093,0.013287478454704241,0.3739413171031371,3,0.25,ratio,0.2,0.018831725281225023,0.017615466001048297,0.125,3
fish,erm,True,0.017615466001048297,0.0158572469617526,0.000251452281206012,0.013454241879505268,0.0095975392468093,0.013287478454704241,0.3739413171031371,3,0.25,design,0.02,0.018831725281225023,0.017615466001048297,0.125,
fish,erm,True,0.017615466001048297,0.0158572469617526,0.000251452281206012,0.013454241879505268,0.0095975392468093,0.013287478454704241,0.3739413171031371,3,0.25,design,0.05,0.018831725281225023,0.017615466001048297,0.125,4
fish,erm,True,0.017615466001048297,0.0158572469617526,0.000251452281206012,0.013454241879505268,0.0095975392468093,0.013287478454704241,0.3739413171031371,3,0.25,design,0.1,0.018831725281225023,0.017615466001048297,0.125,3
fish,erm,True,0.017615466001048297,0.0158572469617526,0.000251452281206012,0.013454241879505268,0.0095975392468093,0.013287478454704241,0.3739413171031371,3,0.25,design,0.2,0.018831725281225023,0.017615466001048297,0.125,3
fish,erm,True,0.017615466001048297,0.0158572469617526,0.000251452281206012,0.013454241879505268,0.0095975392468093,0.013287478454704241,0.3739413171031371,3,0.5,ratio,0.02,0.02034058807521187,0.017615466001048297,0.25,15
fish,erm,True,0.017615466001048297,0.0158572469617526,0.000251452281206012,0.013454241879505268,0.0095975392468093,0.013287478454704241,0.3739413171031371,3,0.5,ratio,0.05,0.02034058807521187,0.017615466001048297,0.25,5
fish,erm,True,0.017615466001048297,0.0158572469617526,0.000251452281206012,0.013454241879505268,0.0095975392468093,0.013287478454704241,0.3739413171031371,3,0.5,ratio,0.1,0.02034058807521187,0.017615466001048297,0.25,3
fish,erm,True,0.017615466001048297,0.0158572469617526,0.000251452281206012,0.013454241879505268,0.0095975392468093,0.013287478454704241,0.3739413171031371,3,0.5,ratio,0.2,0.02034058807521187,0.017615466001048297,0.25,3
fish,erm,True,0.017615466001048297,0.0158572469617526,0.000251452281206012,0.013454241879505268,0.0095975392468093,0.013287478454704241,0.3739413171031371,3,0.5,design,0.02,0.02034058807521187,0.017615466001048297,0.25,
fish,erm,True,0.017615466001048297,0.0158572469617526,0.000251452281206012,0.013454241879505268,0.0095975392468093,0.013287478454704241,0.3739413171031371,3,0.5,design,0.05,0.02034058807521187,0.017615466001048297,0.25,7
fish,erm,True,0.017615466001048297,0.0158572469617526,0.000251452281206012,0.013454241879505268,0.0095975392468093,0.013287478454704241,0.3739413171031371,3,0.5,design,0.1,0.02034058807521187,0.017615466001048297,0.25,3
fish,erm,True,0.017615466001048297,0.0158572469617526,0.000251452281206012,0.013454241879505268,0.0095975392468093,0.013287478454704241,0.3739413171031371,3,0.5,design,0.2,0.02034058807521187,0.017615466001048297,0.25,3
fish,erm,True,0.017615466001048297,0.0158572469617526,0.000251452281206012,0.013454241879505268,0.0095975392468093,0.013287478454704241,0.3739413171031371,5,0.0,none,0.02,0.01693409867524274,0.01693409867524274,0.0,8
fish,erm,True,0.017615466001048297,0.0158572469617526,0.000251452281206012,0.013454241879505268,0.0095975392468093,0.013287478454704241,0.3739413171031371,5,0.0,none,0.05,0.01693409867524274,0.01693409867524274,0.0,4
fish,erm,True,0.017615466001048297,0.0158572469617526,0.000251452281206012,0.013454241879505268,0.0095975392468093,0.013287478454704241,0.3739413171031371,5,0.0,none,0.1,0.01693409867524274,0.01693409867524274,0.0,3
fish,erm,True,0.017615466001048297,0.0158572469617526,0.000251452281206012,0.013454241879505268,0.0095975392468093,0.013287478454704241,0.3739413171031371,5,0.0,none,0.2,0.01693409867524274,0.01693409867524274,0.0,2
fish,erm,True,0.017615466001048297,0.0158572469617526,0.000251452281206012,0.013454241879505268,0.0095975392468093,0.013287478454704241,0.3739413171031371,5,0.25,ratio,0.02,0.01810331297045166,0.01693409867524274,0.125,11
fish,erm,True,0.017615466001048297,0.0158572469617526,0.000251452281206012,0.013454241879505268,0.0095975392468093,0.013287478454704241,0.3739413171031371,5,0.25,ratio,0.05,0.01810331297045166,0.01693409867524274,0.125,4
fish,erm,True,0.017615466001048297,0.0158572469617526,0.000251452281206012,0.013454241879505268,0.0095975392468093,0.013287478454704241,0.3739413171031371,5,0.25,ratio,0.1,0.01810331297045166,0.01693409867524274,0.125,3
fish,erm,True,0.017615466001048297,0.0158572469617526,0.000251452281206012,0.013454241879505268,0.0095975392468093,0.013287478454704241,0.3739413171031371,5,0.25,ratio,0.2,0.01810331297045166,0.01693409867524274,0.125,3
fish,erm,True,0.017615466001048297,0.0158572469617526,0.000251452281206012,0.013454241879505268,0.0095975392468093,0.013287478454704241,0.3739413171031371,5,0.25,design,0.02,0.01810331297045166,0.01693409867524274,0.125,
fish,erm,True,0.017615466001048297,0.0158572469617526,0.000251452281206012,0.013454241879505268,0.0095975392468093,0.013287478454704241,0.3739413171031371,5,0.25,design,0.05,0.01810331297045166,0.01693409867524274,0.125,4
fish,erm,True,0.017615466001048297,0.0158572469617526,0.000251452281206012,0.013454241879505268,0.0095975392468093,0.013287478454704241,0.3739413171031371,5,0.25,design,0.1,0.01810331297045166,0.01693409867524274,0.125,3
fish,erm,True,0.017615466001048297,0.0158572469617526,0.000251452281206012,0.013454241879505268,0.0095975392468093,0.013287478454704241,0.3739413171031371,5,0.25,design,0.2,0.01810331297045166,0.01693409867524274,0.125,3
fish,erm,True,0.017615466001048297,0.0158572469617526,0.000251452281206012,0.013454241879505268,0.0095975392468093,0.013287478454704241,0.3739413171031371,5,0.5,ratio,0.02,0.01955381285727016,0.01693409867524274,0.25,14
fish,erm,True,0.017615466001048297,0.0158572469617526,0.000251452281206012,0.013454241879505268,0.0095975392468093,0.013287478454704241,0.3739413171031371,5,0.5,ratio,0.05,0.01955381285727016,0.01693409867524274,0.25,5
fish,erm,True,0.017615466001048297,0.0158572469617526,0.000251452281206012,0.013454241879505268,0.0095975392468093,0.013287478454704241,0.3739413171031371,5,0.5,ratio,0.1,0.01955381285727016,0.01693409867524274,0.25,3
fish,erm,True,0.017615466001048297,0.0158572469617526,0.000251452281206012,0.013454241879505268,0.0095975392468093,0.013287478454704241,0.3739413171031371,5,0.5,ratio,0.2,0.01955381285727016,0.01693409867524274,0.25,3
fish,erm,True,0.017615466001048297,0.0158572469617526,0.000251452281206012,0.013454241879505268,0.0095975392468093,0.013287478454704241,0.3739413171031371,5,0.5,design,0.02,0.01955381285727016,0.01693409867524274,0.25,
fish,erm,True,0.017615466001048297,0.0158572469617526,0.000251452281206012,0.013454241879505268,0.0095975392468093,0.013287478454704241,0.3739413171031371,5,0.5,design,0.05,0.01955381285727016,0.01693409867524274,0.25,6
fish,erm,True,0.017615466001048297,0.0158572469617526,0.000251452281206012,0.013454241879505268,0.0095975392468093,0.013287478454704241,0.3739413171031371,5,0.5,design,0.1,0.01955381285727016,0.01693409867524274,0.25,3
fish,erm,True,0.017615466001048297,0.0158572469617526,0.000251452281206012,0.013454241879505268,0.0095975392468093,0.013287478454704241,0.3739413171031371,5,0.5,design,0.2,0.01955381285727016,0.01693409867524274,0.25,3
fish,erm,True,0.017615466001048297,0.0158572469617526,0.000251452281206012,0.013454241879505268,0.0095975392468093,0.013287478454704241,0.3739413171031371,10,0.0,none,0.02,0.01640451125679869,0.01640451125679869,0.0,8
fish,erm,True,0.017615466001048297,0.0158572469617526,0.000251452281206012,0.013454241879505268,0.0095975392468093,0.013287478454704241,0.3739413171031371,10,0.0,none,0.05,0.01640451125679869,0.01640451125679869,0.0,4
fish,erm,True,0.017615466001048297,0.0158572469617526,0.000251452281206012,0.013454241879505268,0.0095975392468093,0.013287478454704241,0.3739413171031371,10,0.0,none,0.1,0.01640451125679869,0.01640451125679869,0.0,3
fish,erm,True,0.017615466001048297,0.0158572469617526,0.000251452281206012,0.013454241879505268,0.0095975392468093,0.013287478454704241,0.3739413171031371,10,0.0,none,0.2,0.01640451125679869,0.01640451125679869,0.0,2
fish,erm,True,0.017615466001048297,0.0158572469617526,0.000251452281206012,0.013454241879505268,0.0095975392468093,0.013287478454704241,0.3739413171031371,10,0.25,ratio,0.02,0.017537160205833454,0.01640451125679869,0.125,10
fish,erm,True,0.017615466001048297,0.0158572469617526,0.000251452281206012,0.013454241879505268,0.0095975392468093,0.013287478454704241,0.3739413171031371,10,0.25,ratio,0.05,0.017537160205833454,0.01640451125679869,0.125,4
fish,erm,True,0.017615466001048297,0.0158572469617526,0.000251452281206012,0.013454241879505268,0.0095975392468093,0.013287478454704241,0.3739413171031371,10,0.25,ratio,0.1,0.017537160205833454,0.01640451125679869,0.125,3
fish,erm,True,0.017615466001048297,0.0158572469617526,0.000251452281206012,0.013454241879505268,0.0095975392468093,0.013287478454704241,0.3739413171031371,10,0.25,ratio,0.2,0.017537160205833454,0.01640451125679869,0.125,3
fish,erm,True,0.017615466001048297,0.0158572469617526,0.000251452281206012,0.013454241879505268,0.0095975392468093,0.013287478454704241,0.3739413171031371,10,0.25,design,0.02,0.017537160205833454,0.01640451125679869,0.125,
fish,erm,True,0.017615466001048297,0.0158572469617526,0.000251452281206012,0.013454241879505268,0.0095975392468093,0.013287478454704241,0.3739413171031371,10,0.25,design,0.05,0.017537160205833454,0.01640451125679869,0.125,4
fish,erm,True,0.017615466001048297,0.0158572469617526,0.000251452281206012,0.013454241879505268,0.0095975392468093,0.013287478454704241,0.3739413171031371,10,0.25,design,0.1,0.017537160205833454,0.01640451125679869,0.125,3
fish,erm,True,0.017615466001048297,0.0158572469617526,0.000251452281206012,0.013454241879505268,0.0095975392468093,0.013287478454704241,0.3739413171031371,10,0.25,design,0.2,0.017537160205833454,0.01640451125679869,0.125,3
fish,erm,True,0.017615466001048297,0.0158572469617526,0.000251452281206012,0.013454241879505268,0.0095975392468093,0.013287478454704241,0.3739413171031371,10,0.5,ratio,0.02,0.01894229798007394,0.01640451125679869,0.25,13
fish,erm,True,0.017615466001048297,0.0158572469617526,0.000251452281206012,0.013454241879505268,0.0095975392468093,0.013287478454704241,0.3739413171031371,10,0.5,ratio,0.05,0.01894229798007394,0.01640451125679869,0.25,4
fish,erm,True,0.017615466001048297,0.0158572469617526,0.000251452281206012,0.013454241879505268,0.0095975392468093,0.013287478454704241,0.3739413171031371,10,0.5,ratio,0.1,0.01894229798007394,0.01640451125679869,0.25,3
fish,erm,True,0.017615466001048297,0.0158572469617526,0.000251452281206012,0.013454241879505268,0.0095975392468093,0.013287478454704241,0.3739413171031371,10,0.5,ratio,0.2,0.01894229798007394,0.01640451125679869,0.25,3
fish,erm,True,0.017615466001048297,0.0158572469617526,0.000251452281206012,0.013454241879505268,0.0095975392468093,0.013287478454704241,0.3739413171031371,10,0.5,design,0.02,0.01894229798007394,0.01640451125679869,0.25,
fish,erm,True,0.017615466001048297,0.0158572469617526,0.000251452281206012,0.013454241879505268,0.0095975392468093,0.013287478454704241,0.3739413171031371,10,0.5,design,0.05,0.01894229798007394,0.01640451125679869,0.25,6
fish,erm,True,0.017615466001048297,0.0158572469617526,0.000251452281206012,0.013454241879505268,0.0095975392468093,0.013287478454704241,0.3739413171031371,10,0.5,design,0.1,0.01894229798007394,0.01640451125679869,0.25,3
fish,erm,True,0.017615466001048297,0.0158572469617526,0.000251452281206012,0.013454241879505268,0.0095975392468093,0.013287478454704241,0.3739413171031371,10,0.5,design,0.2,0.01894229798007394,0.01640451125679869,0.25,3
groupdro,erm,True,0.0142244148180126,0.010836053381109392,0.00011742005287825228,0.01908048817631519,0.0095975392468093,0.01596063194582008,0.5499937447297966,1,0.0,none,0.02,0.019291496183245733,0.019291496183245733,0.0,10
groupdro,erm,True,0.0142244148180126,0.010836053381109392,0.00011742005287825228,0.01908048817631519,0.0095975392468093,0.01596063194582008,0.5499937447297966,1,0.0,none,0.05,0.019291496183245733,0.019291496183245733,0.0,4
groupdro,erm,True,0.0142244148180126,0.010836053381109392,0.00011742005287825228,0.01908048817631519,0.0095975392468093,0.01596063194582008,0.5499937447297966,1,0.0,none,0.1,0.019291496183245733,0.019291496183245733,0.0,3
groupdro,erm,True,0.0142244148180126,0.010836053381109392,0.00011742005287825228,0.01908048817631519,0.0095975392468093,0.01596063194582008,0.5499937447297966,1,0.0,none,0.2,0.019291496183245733,0.019291496183245733,0.0,3
groupdro,erm,True,0.0142244148180126,0.010836053381109392,0.00011742005287825228,0.01908048817631519,0.0095975392468093,0.01596063194582008,0.5499937447297966,1,0.25,ratio,0.02,0.0206234769131322,0.019291496183245733,0.125,13
groupdro,erm,True,0.0142244148180126,0.010836053381109392,0.00011742005287825228,0.01908048817631519,0.0095975392468093,0.01596063194582008,0.5499937447297966,1,0.25,ratio,0.05,0.0206234769131322,0.019291496183245733,0.125,4
groupdro,erm,True,0.0142244148180126,0.010836053381109392,0.00011742005287825228,0.01908048817631519,0.0095975392468093,0.01596063194582008,0.5499937447297966,1,0.25,ratio,0.1,0.0206234769131322,0.019291496183245733,0.125,3
groupdro,erm,True,0.0142244148180126,0.010836053381109392,0.00011742005287825228,0.01908048817631519,0.0095975392468093,0.01596063194582008,0.5499937447297966,1,0.25,ratio,0.2,0.0206234769131322,0.019291496183245733,0.125,3
groupdro,erm,True,0.0142244148180126,0.010836053381109392,0.00011742005287825228,0.01908048817631519,0.0095975392468093,0.01596063194582008,0.5499937447297966,1,0.25,design,0.02,0.0206234769131322,0.019291496183245733,0.125,
groupdro,erm,True,0.0142244148180126,0.010836053381109392,0.00011742005287825228,0.01908048817631519,0.0095975392468093,0.01596063194582008,0.5499937447297966,1,0.25,design,0.05,0.0206234769131322,0.019291496183245733,0.125,5
groupdro,erm,True,0.0142244148180126,0.010836053381109392,0.00011742005287825228,0.01908048817631519,0.0095975392468093,0.01596063194582008,0.5499937447297966,1,0.25,design,0.1,0.0206234769131322,0.019291496183245733,0.125,3
groupdro,erm,True,0.0142244148180126,0.010836053381109392,0.00011742005287825228,0.01908048817631519,0.0095975392468093,0.01596063194582008,0.5499937447297966,1,0.25,design,0.2,0.0206234769131322,0.019291496183245733,0.125,3
groupdro,erm,True,0.0142244148180126,0.010836053381109392,0.00011742005287825228,0.01908048817631519,0.0095975392468093,0.01596063194582008,0.5499937447297966,1,0.5,ratio,0.02,0.022275901028935126,0.019291496183245733,0.25,17
groupdro,erm,True,0.0142244148180126,0.010836053381109392,0.00011742005287825228,0.01908048817631519,0.0095975392468093,0.01596063194582008,0.5499937447297966,1,0.5,ratio,0.05,0.022275901028935126,0.019291496183245733,0.25,5
groupdro,erm,True,0.0142244148180126,0.010836053381109392,0.00011742005287825228,0.01908048817631519,0.0095975392468093,0.01596063194582008,0.5499937447297966,1,0.5,ratio,0.1,0.022275901028935126,0.019291496183245733,0.25,3
groupdro,erm,True,0.0142244148180126,0.010836053381109392,0.00011742005287825228,0.01908048817631519,0.0095975392468093,0.01596063194582008,0.5499937447297966,1,0.5,ratio,0.2,0.022275901028935126,0.019291496183245733,0.25,3
groupdro,erm,True,0.0142244148180126,0.010836053381109392,0.00011742005287825228,0.01908048817631519,0.0095975392468093,0.01596063194582008,0.5499937447297966,1,0.5,design,0.02,0.022275901028935126,0.019291496183245733,0.25,
groupdro,erm,True,0.0142244148180126,0.010836053381109392,0.00011742005287825228,0.01908048817631519,0.0095975392468093,0.01596063194582008,0.5499937447297966,1,0.5,design,0.05,0.022275901028935126,0.019291496183245733,0.25,10
groupdro,erm,True,0.0142244148180126,0.010836053381109392,0.00011742005287825228,0.01908048817631519,0.0095975392468093,0.01596063194582008,0.5499937447297966,1,0.5,design,0.1,0.022275901028935126,0.019291496183245733,0.25,3
groupdro,erm,True,0.0142244148180126,0.010836053381109392,0.00011742005287825228,0.01908048817631519,0.0095975392468093,0.01596063194582008,0.5499937447297966,1,0.5,design,0.2,0.022275901028935126,0.019291496183245733,0.25,3
groupdro,erm,True,0.0142244148180126,0.010836053381109392,0.00011742005287825228,0.01908048817631519,0.0095975392468093,0.01596063194582008,0.5499937447297966,3,0.0,none,0.02,0.0142244148180126,0.0142244148180126,0.0,7
groupdro,erm,True,0.0142244148180126,0.010836053381109392,0.00011742005287825228,0.01908048817631519,0.0095975392468093,0.01596063194582008,0.5499937447297966,3,0.0,none,0.05,0.0142244148180126,0.0142244148180126,0.0,3
groupdro,erm,True,0.0142244148180126,0.010836053381109392,0.00011742005287825228,0.01908048817631519,0.0095975392468093,0.01596063194582008,0.5499937447297966,3,0.0,none,0.1,0.0142244148180126,0.0142244148180126,0.0,3
groupdro,erm,True,0.0142244148180126,0.010836053381109392,0.00011742005287825228,0.01908048817631519,0.0095975392468093,0.01596063194582008,0.5499937447297966,3,0.0,none,0.2,0.0142244148180126,0.0142244148180126,0.0,2
groupdro,erm,True,0.0142244148180126,0.010836053381109392,0.00011742005287825228,0.01908048817631519,0.0095975392468093,0.01596063194582008,0.5499937447297966,3,0.25,ratio,0.02,0.015206539078958158,0.0142244148180126,0.125,8
groupdro,erm,True,0.0142244148180126,0.010836053381109392,0.00011742005287825228,0.01908048817631519,0.0095975392468093,0.01596063194582008,0.5499937447297966,3,0.25,ratio,0.05,0.015206539078958158,0.0142244148180126,0.125,4
groupdro,erm,True,0.0142244148180126,0.010836053381109392,0.00011742005287825228,0.01908048817631519,0.0095975392468093,0.01596063194582008,0.5499937447297966,3,0.25,ratio,0.1,0.015206539078958158,0.0142244148180126,0.125,3
groupdro,erm,True,0.0142244148180126,0.010836053381109392,0.00011742005287825228,0.01908048817631519,0.0095975392468093,0.01596063194582008,0.5499937447297966,3,0.25,ratio,0.2,0.015206539078958158,0.0142244148180126,0.125,2
groupdro,erm,True,0.0142244148180126,0.010836053381109392,0.00011742005287825228,0.01908048817631519,0.0095975392468093,0.01596063194582008,0.5499937447297966,3,0.25,design,0.02,0.015206539078958158,0.0142244148180126,0.125,
groupdro,erm,True,0.0142244148180126,0.010836053381109392,0.00011742005287825228,0.01908048817631519,0.0095975392468093,0.01596063194582008,0.5499937447297966,3,0.25,design,0.05,0.015206539078958158,0.0142244148180126,0.125,4
groupdro,erm,True,0.0142244148180126,0.010836053381109392,0.00011742005287825228,0.01908048817631519,0.0095975392468093,0.01596063194582008,0.5499937447297966,3,0.25,design,0.1,0.015206539078958158,0.0142244148180126,0.125,3
groupdro,erm,True,0.0142244148180126,0.010836053381109392,0.00011742005287825228,0.01908048817631519,0.0095975392468093,0.01596063194582008,0.5499937447297966,3,0.25,design,0.2,0.015206539078958158,0.0142244148180126,0.125,2
groupdro,erm,True,0.0142244148180126,0.010836053381109392,0.00011742005287825228,0.01908048817631519,0.0095975392468093,0.01596063194582008,0.5499937447297966,3,0.5,ratio,0.02,0.016424939448488954,0.0142244148180126,0.25,11
groupdro,erm,True,0.0142244148180126,0.010836053381109392,0.00011742005287825228,0.01908048817631519,0.0095975392468093,0.01596063194582008,0.5499937447297966,3,0.5,ratio,0.05,0.016424939448488954,0.0142244148180126,0.25,4
groupdro,erm,True,0.0142244148180126,0.010836053381109392,0.00011742005287825228,0.01908048817631519,0.0095975392468093,0.01596063194582008,0.5499937447297966,3,0.5,ratio,0.1,0.016424939448488954,0.0142244148180126,0.25,3
groupdro,erm,True,0.0142244148180126,0.010836053381109392,0.00011742005287825228,0.01908048817631519,0.0095975392468093,0.01596063194582008,0.5499937447297966,3,0.5,ratio,0.2,0.016424939448488954,0.0142244148180126,0.25,3
groupdro,erm,True,0.0142244148180126,0.010836053381109392,0.00011742005287825228,0.01908048817631519,0.0095975392468093,0.01596063194582008,0.5499937447297966,3,0.5,design,0.02,0.016424939448488954,0.0142244148180126,0.25,
groupdro,erm,True,0.0142244148180126,0.010836053381109392,0.00011742005287825228,0.01908048817631519,0.0095975392468093,0.01596063194582008,0.5499937447297966,3,0.5,design,0.05,0.016424939448488954,0.0142244148180126,0.25,4
groupdro,erm,True,0.0142244148180126,0.010836053381109392,0.00011742005287825228,0.01908048817631519,0.0095975392468093,0.01596063194582008,0.5499937447297966,3,0.5,design,0.1,0.016424939448488954,0.0142244148180126,0.25,3
groupdro,erm,True,0.0142244148180126,0.010836053381109392,0.00011742005287825228,0.01908048817631519,0.0095975392468093,0.01596063194582008,0.5499937447297966,3,0.5,design,0.2,0.016424939448488954,0.0142244148180126,0.25,2
groupdro,erm,True,0.0142244148180126,0.010836053381109392,0.00011742005287825228,0.01908048817631519,0.0095975392468093,0.01596063194582008,0.5499937447297966,5,0.0,none,0.02,0.012975685234323419,0.012975685234323419,0.0,6
groupdro,erm,True,0.0142244148180126,0.010836053381109392,0.00011742005287825228,0.01908048817631519,0.0095975392468093,0.01596063194582008,0.5499937447297966,5,0.0,none,0.05,0.012975685234323419,0.012975685234323419,0.0,3
groupdro,erm,True,0.0142244148180126,0.010836053381109392,0.00011742005287825228,0.01908048817631519,0.0095975392468093,0.01596063194582008,0.5499937447297966,5,0.0,none,0.1,0.012975685234323419,0.012975685234323419,0.0,3
groupdro,erm,True,0.0142244148180126,0.010836053381109392,0.00011742005287825228,0.01908048817631519,0.0095975392468093,0.01596063194582008,0.5499937447297966,5,0.0,none,0.2,0.012975685234323419,0.012975685234323419,0.0,2
groupdro,erm,True,0.0142244148180126,0.010836053381109392,0.00011742005287825228,0.01908048817631519,0.0095975392468093,0.01596063194582008,0.5499937447297966,5,0.25,ratio,0.02,0.013871591001559937,0.012975685234323419,0.125,7
groupdro,erm,True,0.0142244148180126,0.010836053381109392,0.00011742005287825228,0.01908048817631519,0.0095975392468093,0.01596063194582008,0.5499937447297966,5,0.25,ratio,0.05,0.013871591001559937,0.012975685234323419,0.125,4
groupdro,erm,True,0.0142244148180126,0.010836053381109392,0.00011742005287825228,0.01908048817631519,0.0095975392468093,0.01596063194582008,0.5499937447297966,5,0.25,ratio,0.1,0.013871591001559937,0.012975685234323419,0.125,3
groupdro,erm,True,0.0142244148180126,0.010836053381109392,0.00011742005287825228,0.01908048817631519,0.0095975392468093,0.01596063194582008,0.5499937447297966,5,0.25,ratio,0.2,0.013871591001559937,0.012975685234323419,0.125,2
groupdro,erm,True,0.0142244148180126,0.010836053381109392,0.00011742005287825228,0.01908048817631519,0.0095975392468093,0.01596063194582008,0.5499937447297966,5,0.25,design,0.02,0.013871591001559937,0.012975685234323419,0.125,69
groupdro,erm,True,0.0142244148180126,0.010836053381109392,0.00011742005287825228,0.01908048817631519,0.0095975392468093,0.01596063194582008,0.5499937447297966,5,0.25,design,0.05,0.013871591001559937,0.012975685234323419,0.125,4
groupdro,erm,True,0.0142244148180126,0.010836053381109392,0.00011742005287825228,0.01908048817631519,0.0095975392468093,0.01596063194582008,0.5499937447297966,5,0.25,design,0.1,0.013871591001559937,0.012975685234323419,0.125,3
groupdro,erm,True,0.0142244148180126,0.010836053381109392,0.00011742005287825228,0.01908048817631519,0.0095975392468093,0.01596063194582008,0.5499937447297966,5,0.25,design,0.2,0.013871591001559937,0.012975685234323419,0.125,2
groupdro,erm,True,0.0142244148180126,0.010836053381109392,0.00011742005287825228,0.01908048817631519,0.0095975392468093,0.01596063194582008,0.5499937447297966,5,0.5,ratio,0.02,0.014983030725912958,0.012975685234323419,0.25,9
groupdro,erm,True,0.0142244148180126,0.010836053381109392,0.00011742005287825228,0.01908048817631519,0.0095975392468093,0.01596063194582008,0.5499937447297966,5,0.5,ratio,0.05,0.014983030725912958,0.012975685234323419,0.25,4
groupdro,erm,True,0.0142244148180126,0.010836053381109392,0.00011742005287825228,0.01908048817631519,0.0095975392468093,0.01596063194582008,0.5499937447297966,5,0.5,ratio,0.1,0.014983030725912958,0.012975685234323419,0.25,3
groupdro,erm,True,0.0142244148180126,0.010836053381109392,0.00011742005287825228,0.01908048817631519,0.0095975392468093,0.01596063194582008,0.5499937447297966,5,0.5,ratio,0.2,0.014983030725912958,0.012975685234323419,0.25,3
groupdro,erm,True,0.0142244148180126,0.010836053381109392,0.00011742005287825228,0.01908048817631519,0.0095975392468093,0.01596063194582008,0.5499937447297966,5,0.5,design,0.02,0.014983030725912958,0.012975685234323419,0.25,
groupdro,erm,True,0.0142244148180126,0.010836053381109392,0.00011742005287825228,0.01908048817631519,0.0095975392468093,0.01596063194582008,0.5499937447297966,5,0.5,design,0.05,0.014983030725912958,0.012975685234323419,0.25,4
groupdro,erm,True,0.0142244148180126,0.010836053381109392,0.00011742005287825228,0.01908048817631519,0.0095975392468093,0.01596063194582008,0.5499937447297966,5,0.5,design,0.1,0.014983030725912958,0.012975685234323419,0.25,3
groupdro,erm,True,0.0142244148180126,0.010836053381109392,0.00011742005287825228,0.01908048817631519,0.0095975392468093,0.01596063194582008,0.5499937447297966,5,0.5,design,0.2,0.014983030725912958,0.012975685234323419,0.25,2
groupdro,erm,True,0.0142244148180126,0.010836053381109392,0.00011742005287825228,0.01908048817631519,0.0095975392468093,0.01596063194582008,0.5499937447297966,10,0.0,none,0.02,0.011953837462892221,0.011953837462892221,0.0,6
groupdro,erm,True,0.0142244148180126,0.010836053381109392,0.00011742005287825228,0.01908048817631519,0.0095975392468093,0.01596063194582008,0.5499937447297966,10,0.0,none,0.05,0.011953837462892221,0.011953837462892221,0.0,3
groupdro,erm,True,0.0142244148180126,0.010836053381109392,0.00011742005287825228,0.01908048817631519,0.0095975392468093,0.01596063194582008,0.5499937447297966,10,0.0,none,0.1,0.011953837462892221,0.011953837462892221,0.0,3
groupdro,erm,True,0.0142244148180126,0.010836053381109392,0.00011742005287825228,0.01908048817631519,0.0095975392468093,0.01596063194582008,0.5499937447297966,10,0.0,none,0.2,0.011953837462892221,0.011953837462892221,0.0,2
groupdro,erm,True,0.0142244148180126,0.010836053381109392,0.00011742005287825228,0.01908048817631519,0.0095975392468093,0.01596063194582008,0.5499937447297966,10,0.25,ratio,0.02,0.012779189783807357,0.011953837462892221,0.125,7
groupdro,erm,True,0.0142244148180126,0.010836053381109392,0.00011742005287825228,0.01908048817631519,0.0095975392468093,0.01596063194582008,0.5499937447297966,10,0.25,ratio,0.05,0.012779189783807357,0.011953837462892221,0.125,3
groupdro,erm,True,0.0142244148180126,0.010836053381109392,0.00011742005287825228,0.01908048817631519,0.0095975392468093,0.01596063194582008,0.5499937447297966,10,0.25,ratio,0.1,0.012779189783807357,0.011953837462892221,0.125,3
groupdro,erm,True,0.0142244148180126,0.010836053381109392,0.00011742005287825228,0.01908048817631519,0.0095975392468093,0.01596063194582008,0.5499937447297966,10,0.25,ratio,0.2,0.012779189783807357,0.011953837462892221,0.125,2
groupdro,erm,True,0.0142244148180126,0.010836053381109392,0.00011742005287825228,0.01908048817631519,0.0095975392468093,0.01596063194582008,0.5499937447297966,10,0.25,design,0.02,0.012779189783807357,0.011953837462892221,0.125,19
groupdro,erm,True,0.0142244148180126,0.010836053381109392,0.00011742005287825228,0.01908048817631519,0.0095975392468093,0.01596063194582008,0.5499937447297966,10,0.25,design,0.05,0.012779189783807357,0.011953837462892221,0.125,3
groupdro,erm,True,0.0142244148180126,0.010836053381109392,0.00011742005287825228,0.01908048817631519,0.0095975392468093,0.01596063194582008,0.5499937447297966,10,0.25,design,0.1,0.012779189783807357,0.011953837462892221,0.125,3
groupdro,erm,True,0.0142244148180126,0.010836053381109392,0.00011742005287825228,0.01908048817631519,0.0095975392468093,0.01596063194582008,0.5499937447297966,10,0.25,design,0.2,0.012779189783807357,0.011953837462892221,0.125,2
groupdro,erm,True,0.0142244148180126,0.010836053381109392,0.00011742005287825228,0.01908048817631519,0.0095975392468093,0.01596063194582008,0.5499937447297966,10,0.5,ratio,0.02,0.013803102554099715,0.011953837462892221,0.25,8
groupdro,erm,True,0.0142244148180126,0.010836053381109392,0.00011742005287825228,0.01908048817631519,0.0095975392468093,0.01596063194582008,0.5499937447297966,10,0.5,ratio,0.05,0.013803102554099715,0.011953837462892221,0.25,4
groupdro,erm,True,0.0142244148180126,0.010836053381109392,0.00011742005287825228,0.01908048817631519,0.0095975392468093,0.01596063194582008,0.5499937447297966,10,0.5,ratio,0.1,0.013803102554099715,0.011953837462892221,0.25,3
groupdro,erm,True,0.0142244148180126,0.010836053381109392,0.00011742005287825228,0.01908048817631519,0.0095975392468093,0.01596063194582008,0.5499937447297966,10,0.5,ratio,0.2,0.013803102554099715,0.011953837462892221,0.25,2
groupdro,erm,True,0.0142244148180126,0.010836053381109392,0.00011742005287825228,0.01908048817631519,0.0095975392468093,0.01596063194582008,0.5499937447297966,10,0.5,design,0.02,0.013803102554099715,0.011953837462892221,0.25,
groupdro,erm,True,0.0142244148180126,0.010836053381109392,0.00011742005287825228,0.01908048817631519,0.0095975392468093,0.01596063194582008,0.5499937447297966,10,0.5,design,0.05,0.013803102554099715,0.011953837462892221,0.25,4
groupdro,erm,True,0.0142244148180126,0.010836053381109392,0.00011742005287825228,0.01908048817631519,0.0095975392468093,0.01596063194582008,0.5499937447297966,10,0.5,design,0.1,0.013803102554099715,0.011953837462892221,0.25,3
groupdro,erm,True,0.0142244148180126,0.010836053381109392,0.00011742005287825228,0.01908048817631519,0.0095975392468093,0.01596063194582008,0.5499937447297966,10,0.5,design,0.2,0.013803102554099715,0.011953837462892221,0.25,2
he_jitter,erm,True,0.01155418915995093,0.01016823172416527,0.000103392936396321,0.00103574125047805,0.0095975392468093,0.009503633633659274,0.14418026669754808,1,0.0,none,0.02,0.0139180454317099,0.0139180454317099,0.0,6
he_jitter,erm,True,0.01155418915995093,0.01016823172416527,0.000103392936396321,0.00103574125047805,0.0095975392468093,0.009503633633659274,0.14418026669754808,1,0.0,none,0.05,0.0139180454317099,0.0139180454317099,0.0,3
he_jitter,erm,True,0.01155418915995093,0.01016823172416527,0.000103392936396321,0.00103574125047805,0.0095975392468093,0.009503633633659274,0.14418026669754808,1,0.0,none,0.1,0.0139180454317099,0.0139180454317099,0.0,3
he_jitter,erm,True,0.01155418915995093,0.01016823172416527,0.000103392936396321,0.00103574125047805,0.0095975392468093,0.009503633633659274,0.14418026669754808,1,0.0,none,0.2,0.0139180454317099,0.0139180454317099,0.0,2
he_jitter,erm,True,0.01155418915995093,0.01016823172416527,0.000103392936396321,0.00103574125047805,0.0095975392468093,0.009503633633659274,0.14418026669754808,1,0.25,ratio,0.02,0.01487901642828933,0.0139180454317099,0.125,8
he_jitter,erm,True,0.01155418915995093,0.01016823172416527,0.000103392936396321,0.00103574125047805,0.0095975392468093,0.009503633633659274,0.14418026669754808,1,0.25,ratio,0.05,0.01487901642828933,0.0139180454317099,0.125,4
he_jitter,erm,True,0.01155418915995093,0.01016823172416527,0.000103392936396321,0.00103574125047805,0.0095975392468093,0.009503633633659274,0.14418026669754808,1,0.25,ratio,0.1,0.01487901642828933,0.0139180454317099,0.125,3
he_jitter,erm,True,0.01155418915995093,0.01016823172416527,0.000103392936396321,0.00103574125047805,0.0095975392468093,0.009503633633659274,0.14418026669754808,1,0.25,ratio,0.2,0.01487901642828933,0.0139180454317099,0.125,2
he_jitter,erm,True,0.01155418915995093,0.01016823172416527,0.000103392936396321,0.00103574125047805,0.0095975392468093,0.009503633633659274,0.14418026669754808,1,0.25,design,0.02,0.01487901642828933,0.0139180454317099,0.125,
he_jitter,erm,True,0.01155418915995093,0.01016823172416527,0.000103392936396321,0.00103574125047805,0.0095975392468093,0.009503633633659274,0.14418026669754808,1,0.25,design,0.05,0.01487901642828933,0.0139180454317099,0.125,4
he_jitter,erm,True,0.01155418915995093,0.01016823172416527,0.000103392936396321,0.00103574125047805,0.0095975392468093,0.009503633633659274,0.14418026669754808,1,0.25,design,0.1,0.01487901642828933,0.0139180454317099,0.125,3
he_jitter,erm,True,0.01155418915995093,0.01016823172416527,0.000103392936396321,0.00103574125047805,0.0095975392468093,0.009503633633659274,0.14418026669754808,1,0.25,design,0.2,0.01487901642828933,0.0139180454317099,0.125,2
he_jitter,erm,True,0.01155418915995093,0.01016823172416527,0.000103392936396321,0.00103574125047805,0.0095975392468093,0.009503633633659274,0.14418026669754808,1,0.5,ratio,0.02,0.016071174553182303,0.0139180454317099,0.25,10
he_jitter,erm,True,0.01155418915995093,0.01016823172416527,0.000103392936396321,0.00103574125047805,0.0095975392468093,0.009503633633659274,0.14418026669754808,1,0.5,ratio,0.05,0.016071174553182303,0.0139180454317099,0.25,4
he_jitter,erm,True,0.01155418915995093,0.01016823172416527,0.000103392936396321,0.00103574125047805,0.0095975392468093,0.009503633633659274,0.14418026669754808,1,0.5,ratio,0.1,0.016071174553182303,0.0139180454317099,0.25,3
he_jitter,erm,True,0.01155418915995093,0.01016823172416527,0.000103392936396321,0.00103574125047805,0.0095975392468093,0.009503633633659274,0.14418026669754808,1,0.5,ratio,0.2,0.016071174553182303,0.0139180454317099,0.25,3
he_jitter,erm,True,0.01155418915995093,0.01016823172416527,0.000103392936396321,0.00103574125047805,0.0095975392468093,0.009503633633659274,0.14418026669754808,1,0.5,design,0.02,0.016071174553182303,0.0139180454317099,0.25,
he_jitter,erm,True,0.01155418915995093,0.01016823172416527,0.000103392936396321,0.00103574125047805,0.0095975392468093,0.009503633633659274,0.14418026669754808,1,0.5,design,0.05,0.016071174553182303,0.0139180454317099,0.25,4
he_jitter,erm,True,0.01155418915995093,0.01016823172416527,0.000103392936396321,0.00103574125047805,0.0095975392468093,0.009503633633659274,0.14418026669754808,1,0.5,design,0.1,0.016071174553182303,0.0139180454317099,0.25,3
he_jitter,erm,True,0.01155418915995093,0.01016823172416527,0.000103392936396321,0.00103574125047805,0.0095975392468093,0.009503633633659274,0.14418026669754808,1,0.5,design,0.2,0.016071174553182303,0.0139180454317099,0.25,2
he_jitter,erm,True,0.01155418915995093,0.01016823172416527,0.000103392936396321,0.00103574125047805,0.0095975392468093,0.009503633633659274,0.14418026669754808,3,0.0,none,0.02,0.01155418915995093,0.01155418915995093,0.0,5
he_jitter,erm,True,0.01155418915995093,0.01016823172416527,0.000103392936396321,0.00103574125047805,0.0095975392468093,0.009503633633659274,0.14418026669754808,3,0.0,none,0.05,0.01155418915995093,0.01155418915995093,0.0,3
he_jitter,erm,True,0.01155418915995093,0.01016823172416527,0.000103392936396321,0.00103574125047805,0.0095975392468093,0.009503633633659274,0.14418026669754808,3,0.0,none,0.1,0.01155418915995093,0.01155418915995093,0.0,3
he_jitter,erm,True,0.01155418915995093,0.01016823172416527,0.000103392936396321,0.00103574125047805,0.0095975392468093,0.009503633633659274,0.14418026669754808,3,0.0,none,0.2,0.01155418915995093,0.01155418915995093,0.0,2
he_jitter,erm,True,0.01155418915995093,0.01016823172416527,0.000103392936396321,0.00103574125047805,0.0095975392468093,0.009503633633659274,0.14418026669754808,3,0.25,ratio,0.02,0.012351947776718228,0.01155418915995093,0.125,6
he_jitter,erm,True,0.01155418915995093,0.01016823172416527,0.000103392936396321,0.00103574125047805,0.0095975392468093,0.009503633633659274,0.14418026669754808,3,0.25,ratio,0.05,0.012351947776718228,0.01155418915995093,0.125,3
he_jitter,erm,True,0.01155418915995093,0.01016823172416527,0.000103392936396321,0.00103574125047805,0.0095975392468093,0.009503633633659274,0.14418026669754808,3,0.25,ratio,0.1,0.012351947776718228,0.01155418915995093,0.125,3
he_jitter,erm,True,0.01155418915995093,0.01016823172416527,0.000103392936396321,0.00103574125047805,0.0095975392468093,0.009503633633659274,0.14418026669754808,3,0.25,ratio,0.2,0.012351947776718228,0.01155418915995093,0.125,2
he_jitter,erm,True,0.01155418915995093,0.01016823172416527,0.000103392936396321,0.00103574125047805,0.0095975392468093,0.009503633633659274,0.14418026669754808,3,0.25,design,0.02,0.012351947776718228,0.01155418915995093,0.125,15
he_jitter,erm,True,0.01155418915995093,0.01016823172416527,0.000103392936396321,0.00103574125047805,0.0095975392468093,0.009503633633659274,0.14418026669754808,3,0.25,design,0.05,0.012351947776718228,0.01155418915995093,0.125,3
he_jitter,erm,True,0.01155418915995093,0.01016823172416527,0.000103392936396321,0.00103574125047805,0.0095975392468093,0.009503633633659274,0.14418026669754808,3,0.25,design,0.1,0.012351947776718228,0.01155418915995093,0.125,3
he_jitter,erm,True,0.01155418915995093,0.01016823172416527,0.000103392936396321,0.00103574125047805,0.0095975392468093,0.009503633633659274,0.14418026669754808,3,0.25,design,0.2,0.012351947776718228,0.01155418915995093,0.125,2
he_jitter,erm,True,0.01155418915995093,0.01016823172416527,0.000103392936396321,0.00103574125047805,0.0095975392468093,0.009503633633659274,0.14418026669754808,3,0.5,ratio,0.02,0.013341628443531052,0.01155418915995093,0.25,8
he_jitter,erm,True,0.01155418915995093,0.01016823172416527,0.000103392936396321,0.00103574125047805,0.0095975392468093,0.009503633633659274,0.14418026669754808,3,0.5,ratio,0.05,0.013341628443531052,0.01155418915995093,0.25,4
he_jitter,erm,True,0.01155418915995093,0.01016823172416527,0.000103392936396321,0.00103574125047805,0.0095975392468093,0.009503633633659274,0.14418026669754808,3,0.5,ratio,0.1,0.013341628443531052,0.01155418915995093,0.25,3
he_jitter,erm,True,0.01155418915995093,0.01016823172416527,0.000103392936396321,0.00103574125047805,0.0095975392468093,0.009503633633659274,0.14418026669754808,3,0.5,ratio,0.2,0.013341628443531052,0.01155418915995093,0.25,2
he_jitter,erm,True,0.01155418915995093,0.01016823172416527,0.000103392936396321,0.00103574125047805,0.0095975392468093,0.009503633633659274,0.14418026669754808,3,0.5,design,0.02,0.013341628443531052,0.01155418915995093,0.25,
he_jitter,erm,True,0.01155418915995093,0.01016823172416527,0.000103392936396321,0.00103574125047805,0.0095975392468093,0.009503633633659274,0.14418026669754808,3,0.5,design,0.05,0.013341628443531052,0.01155418915995093,0.25,4
he_jitter,erm,True,0.01155418915995093,0.01016823172416527,0.000103392936396321,0.00103574125047805,0.0095975392468093,0.009503633633659274,0.14418026669754808,3,0.5,design,0.1,0.013341628443531052,0.01155418915995093,0.25,3
he_jitter,erm,True,0.01155418915995093,0.01016823172416527,0.000103392936396321,0.00103574125047805,0.0095975392468093,0.009503633633659274,0.14418026669754808,3,0.5,design,0.2,0.013341628443531052,0.01155418915995093,0.25,2
he_jitter,erm,True,0.01155418915995093,0.01016823172416527,0.000103392936396321,0.00103574125047805,0.0095975392468093,0.009503633633659274,0.14418026669754808,5,0.0,none,0.02,0.011020741664919152,0.011020741664919152,0.0,5
he_jitter,erm,True,0.01155418915995093,0.01016823172416527,0.000103392936396321,0.00103574125047805,0.0095975392468093,0.009503633633659274,0.14418026669754808,5,0.0,none,0.05,0.011020741664919152,0.011020741664919152,0.0,3
he_jitter,erm,True,0.01155418915995093,0.01016823172416527,0.000103392936396321,0.00103574125047805,0.0095975392468093,0.009503633633659274,0.14418026669754808,5,0.0,none,0.1,0.011020741664919152,0.011020741664919152,0.0,3
he_jitter,erm,True,0.01155418915995093,0.01016823172416527,0.000103392936396321,0.00103574125047805,0.0095975392468093,0.009503633633659274,0.14418026669754808,5,0.0,none,0.2,0.011020741664919152,0.011020741664919152,0.0,2
he_jitter,erm,True,0.01155418915995093,0.01016823172416527,0.000103392936396321,0.00103574125047805,0.0095975392468093,0.009503633633659274,0.14418026669754808,5,0.25,ratio,0.02,0.011781668416649169,0.011020741664919152,0.125,6
he_jitter,erm,True,0.01155418915995093,0.01016823172416527,0.000103392936396321,0.00103574125047805,0.0095975392468093,0.009503633633659274,0.14418026669754808,5,0.25,ratio,0.05,0.011781668416649169,0.011020741664919152,0.125,3
he_jitter,erm,True,0.01155418915995093,0.01016823172416527,0.000103392936396321,0.00103574125047805,0.0095975392468093,0.009503633633659274,0.14418026669754808,5,0.25,ratio,0.1,0.011781668416649169,0.011020741664919152,0.125,3
he_jitter,erm,True,0.01155418915995093,0.01016823172416527,0.000103392936396321,0.00103574125047805,0.0095975392468093,0.009503633633659274,0.14418026669754808,5,0.25,ratio,0.2,0.011781668416649169,0.011020741664919152,0.125,2
he_jitter,erm,True,0.01155418915995093,0.01016823172416527,0.000103392936396321,0.00103574125047805,0.0095975392468093,0.009503633633659274,0.14418026669754808,5,0.25,design,0.02,0.011781668416649169,0.011020741664919152,0.125,11
he_jitter,erm,True,0.01155418915995093,0.01016823172416527,0.000103392936396321,0.00103574125047805,0.0095975392468093,0.009503633633659274,0.14418026669754808,5,0.25,design,0.05,0.011781668416649169,0.011020741664919152,0.125,3
he_jitter,erm,True,0.01155418915995093,0.01016823172416527,0.000103392936396321,0.00103574125047805,0.0095975392468093,0.009503633633659274,0.14418026669754808,5,0.25,design,0.1,0.011781668416649169,0.011020741664919152,0.125,3
he_jitter,erm,True,0.01155418915995093,0.01016823172416527,0.000103392936396321,0.00103574125047805,0.0095975392468093,0.009503633633659274,0.14418026669754808,5,0.25,design,0.2,0.011781668416649169,0.011020741664919152,0.125,2
he_jitter,erm,True,0.01155418915995093,0.01016823172416527,0.000103392936396321,0.00103574125047805,0.0095975392468093,0.009503633633659274,0.14418026669754808,5,0.5,ratio,0.02,0.012725656333820794,0.011020741664919152,0.25,7
he_jitter,erm,True,0.01155418915995093,0.01016823172416527,0.000103392936396321,0.00103574125047805,0.0095975392468093,0.009503633633659274,0.14418026669754808,5,0.5,ratio,0.05,0.012725656333820794,0.011020741664919152,0.25,4
he_jitter,erm,True,0.01155418915995093,0.01016823172416527,0.000103392936396321,0.00103574125047805,0.0095975392468093,0.009503633633659274,0.14418026669754808,5,0.5,ratio,0.1,0.012725656333820794,0.011020741664919152,0.25,3
he_jitter,erm,True,0.01155418915995093,0.01016823172416527,0.000103392936396321,0.00103574125047805,0.0095975392468093,0.009503633633659274,0.14418026669754808,5,0.5,ratio,0.2,0.012725656333820794,0.011020741664919152,0.25,2
he_jitter,erm,True,0.01155418915995093,0.01016823172416527,0.000103392936396321,0.00103574125047805,0.0095975392468093,0.009503633633659274,0.14418026669754808,5,0.5,design,0.02,0.012725656333820794,0.011020741664919152,0.25,
he_jitter,erm,True,0.01155418915995093,0.01016823172416527,0.000103392936396321,0.00103574125047805,0.0095975392468093,0.009503633633659274,0.14418026669754808,5,0.5,design,0.05,0.012725656333820794,0.011020741664919152,0.25,4
he_jitter,erm,True,0.01155418915995093,0.01016823172416527,0.000103392936396321,0.00103574125047805,0.0095975392468093,0.009503633633659274,0.14418026669754808,5,0.5,design,0.1,0.012725656333820794,0.011020741664919152,0.25,3
he_jitter,erm,True,0.01155418915995093,0.01016823172416527,0.000103392936396321,0.00103574125047805,0.0095975392468093,0.009503633633659274,0.14418026669754808,5,0.5,design,0.2,0.012725656333820794,0.011020741664919152,0.25,2
he_jitter,erm,True,0.01155418915995093,0.01016823172416527,0.000103392936396321,0.00103574125047805,0.0095975392468093,0.009503633633659274,0.14418026669754808,10,0.0,none,0.02,0.010603058125871185,0.010603058125871185,0.0,5
he_jitter,erm,True,0.01155418915995093,0.01016823172416527,0.000103392936396321,0.00103574125047805,0.0095975392468093,0.009503633633659274,0.14418026669754808,10,0.0,none,0.05,0.010603058125871185,0.010603058125871185,0.0,3
he_jitter,erm,True,0.01155418915995093,0.01016823172416527,0.000103392936396321,0.00103574125047805,0.0095975392468093,0.009503633633659274,0.14418026669754808,10,0.0,none,0.1,0.010603058125871185,0.010603058125871185,0.0,3
he_jitter,erm,True,0.01155418915995093,0.01016823172416527,0.000103392936396321,0.00103574125047805,0.0095975392468093,0.009503633633659274,0.14418026669754808,10,0.0,none,0.2,0.010603058125871185,0.010603058125871185,0.0,2
he_jitter,erm,True,0.01155418915995093,0.01016823172416527,0.000103392936396321,0.00103574125047805,0.0095975392468093,0.009503633633659274,0.14418026669754808,10,0.25,ratio,0.02,0.011335145931159824,0.010603058125871185,0.125,6
he_jitter,erm,True,0.01155418915995093,0.01016823172416527,0.000103392936396321,0.00103574125047805,0.0095975392468093,0.009503633633659274,0.14418026669754808,10,0.25,ratio,0.05,0.011335145931159824,0.010603058125871185,0.125,3
he_jitter,erm,True,0.01155418915995093,0.01016823172416527,0.000103392936396321,0.00103574125047805,0.0095975392468093,0.009503633633659274,0.14418026669754808,10,0.25,ratio,0.1,0.011335145931159824,0.010603058125871185,0.125,3
he_jitter,erm,True,0.01155418915995093,0.01016823172416527,0.000103392936396321,0.00103574125047805,0.0095975392468093,0.009503633633659274,0.14418026669754808,10,0.25,ratio,0.2,0.011335145931159824,0.010603058125871185,0.125,2
he_jitter,erm,True,0.01155418915995093,0.01016823172416527,0.000103392936396321,0.00103574125047805,0.0095975392468093,0.009503633633659274,0.14418026669754808,10,0.25,design,0.02,0.011335145931159824,0.010603058125871185,0.125,10
he_jitter,erm,True,0.01155418915995093,0.01016823172416527,0.000103392936396321,0.00103574125047805,0.0095975392468093,0.009503633633659274,0.14418026669754808,10,0.25,design,0.05,0.011335145931159824,0.010603058125871185,0.125,3
he_jitter,erm,True,0.01155418915995093,0.01016823172416527,0.000103392936396321,0.00103574125047805,0.0095975392468093,0.009503633633659274,0.14418026669754808,10,0.25,design,0.1,0.011335145931159824,0.010603058125871185,0.125,3
he_jitter,erm,True,0.01155418915995093,0.01016823172416527,0.000103392936396321,0.00103574125047805,0.0095975392468093,0.009503633633659274,0.14418026669754808,10,0.25,design,0.2,0.011335145931159824,0.010603058125871185,0.125,2
he_jitter,erm,True,0.01155418915995093,0.01016823172416527,0.000103392936396321,0.00103574125047805,0.0095975392468093,0.009503633633659274,0.14418026669754808,10,0.5,ratio,0.02,0.012243356926409956,0.010603058125871185,0.25,7
he_jitter,erm,True,0.01155418915995093,0.01016823172416527,0.000103392936396321,0.00103574125047805,0.0095975392468093,0.009503633633659274,0.14418026669754808,10,0.5,ratio,0.05,0.012243356926409956,0.010603058125871185,0.25,3
he_jitter,erm,True,0.01155418915995093,0.01016823172416527,0.000103392936396321,0.00103574125047805,0.0095975392468093,0.009503633633659274,0.14418026669754808,10,0.5,ratio,0.1,0.012243356926409956,0.010603058125871185,0.25,3
he_jitter,erm,True,0.01155418915995093,0.01016823172416527,0.000103392936396321,0.00103574125047805,0.0095975392468093,0.009503633633659274,0.14418026669754808,10,0.5,ratio,0.2,0.012243356926409956,0.010603058125871185,0.25,2
he_jitter,erm,True,0.01155418915995093,0.01016823172416527,0.000103392936396321,0.00103574125047805,0.0095975392468093,0.009503633633659274,0.14418026669754808,10,0.5,design,0.02,0.012243356926409956,0.010603058125871185,0.25,
he_jitter,erm,True,0.01155418915995093,0.01016823172416527,0.000103392936396321,0.00103574125047805,0.0095975392468093,0.009503633633659274,0.14418026669754808,10,0.5,design,0.05,0.012243356926409956,0.010603058125871185,0.25,3
he_jitter,erm,True,0.01155418915995093,0.01016823172416527,0.000103392936396321,0.00103574125047805,0.0095975392468093,0.009503633633659274,0.14418026669754808,10,0.5,design,0.1,0.012243356926409956,0.010603058125871185,0.25,3
he_jitter,erm,True,0.01155418915995093,0.01016823172416527,0.000103392936396321,0.00103574125047805,0.0095975392468093,0.009503633633659274,0.14418026669754808,10,0.5,design,0.2,0.012243356926409956,0.010603058125871185,0.25,2
he_jitter_lunit_bt,erm,True,0.014199956489157286,0.01310586239058738,0.00017176362900101275,0.007293176520103729,0.0095975392468093,0.009467069550755507,0.3977180243202143,1,0.0,none,0.02,0.01616753026531433,0.01616753026531433,0.0,8
he_jitter_lunit_bt,erm,True,0.014199956489157286,0.01310586239058738,0.00017176362900101275,0.007293176520103729,0.0095975392468093,0.009467069550755507,0.3977180243202143,1,0.0,none,0.05,0.01616753026531433,0.01616753026531433,0.0,4
he_jitter_lunit_bt,erm,True,0.014199956489157286,0.01310586239058738,0.00017176362900101275,0.007293176520103729,0.0095975392468093,0.009467069550755507,0.3977180243202143,1,0.0,none,0.1,0.01616753026531433,0.01616753026531433,0.0,3
he_jitter_lunit_bt,erm,True,0.014199956489157286,0.01310586239058738,0.00017176362900101275,0.007293176520103729,0.0095975392468093,0.009467069550755507,0.3977180243202143,1,0.0,none,0.2,0.01616753026531433,0.01616753026531433,0.0,2
he_jitter_lunit_bt,erm,True,0.014199956489157286,0.01310586239058738,0.00017176362900101275,0.007293176520103729,0.0095975392468093,0.009467069550755507,0.3977180243202143,1,0.25,ratio,0.02,0.017283816869458464,0.01616753026531433,0.125,10
he_jitter_lunit_bt,erm,True,0.014199956489157286,0.01310586239058738,0.00017176362900101275,0.007293176520103729,0.0095975392468093,0.009467069550755507,0.3977180243202143,1,0.25,ratio,0.05,0.017283816869458464,0.01616753026531433,0.125,4
he_jitter_lunit_bt,erm,True,0.014199956489157286,0.01310586239058738,0.00017176362900101275,0.007293176520103729,0.0095975392468093,0.009467069550755507,0.3977180243202143,1,0.25,ratio,0.1,0.017283816869458464,0.01616753026531433,0.125,3
he_jitter_lunit_bt,erm,True,0.014199956489157286,0.01310586239058738,0.00017176362900101275,0.007293176520103729,0.0095975392468093,0.009467069550755507,0.3977180243202143,1,0.25,ratio,0.2,0.017283816869458464,0.01616753026531433,0.125,3
he_jitter_lunit_bt,erm,True,0.014199956489157286,0.01310586239058738,0.00017176362900101275,0.007293176520103729,0.0095975392468093,0.009467069550755507,0.3977180243202143,1,0.25,design,0.02,0.017283816869458464,0.01616753026531433,0.125,
he_jitter_lunit_bt,erm,True,0.014199956489157286,0.01310586239058738,0.00017176362900101275,0.007293176520103729,0.0095975392468093,0.009467069550755507,0.3977180243202143,1,0.25,design,0.05,0.017283816869458464,0.01616753026531433,0.125,4
he_jitter_lunit_bt,erm,True,0.014199956489157286,0.01310586239058738,0.00017176362900101275,0.007293176520103729,0.0095975392468093,0.009467069550755507,0.3977180243202143,1,0.25,design,0.1,0.017283816869458464,0.01616753026531433,0.125,3
he_jitter_lunit_bt,erm,True,0.014199956489157286,0.01310586239058738,0.00017176362900101275,0.007293176520103729,0.0095975392468093,0.009467069550755507,0.3977180243202143,1,0.25,design,0.2,0.017283816869458464,0.01616753026531433,0.125,2
he_jitter_lunit_bt,erm,True,0.014199956489157286,0.01310586239058738,0.00017176362900101275,0.007293176520103729,0.0095975392468093,0.009467069550755507,0.3977180243202143,1,0.5,ratio,0.02,0.0186686559016213,0.01616753026531433,0.25,13
he_jitter_lunit_bt,erm,True,0.014199956489157286,0.01310586239058738,0.00017176362900101275,0.007293176520103729,0.0095975392468093,0.009467069550755507,0.3977180243202143,1,0.5,ratio,0.05,0.0186686559016213,0.01616753026531433,0.25,4
he_jitter_lunit_bt,erm,True,0.014199956489157286,0.01310586239058738,0.00017176362900101275,0.007293176520103729,0.0095975392468093,0.009467069550755507,0.3977180243202143,1,0.5,ratio,0.1,0.0186686559016213,0.01616753026531433,0.25,3
he_jitter_lunit_bt,erm,True,0.014199956489157286,0.01310586239058738,0.00017176362900101275,0.007293176520103729,0.0095975392468093,0.009467069550755507,0.3977180243202143,1,0.5,ratio,0.2,0.0186686559016213,0.01616753026531433,0.25,3
he_jitter_lunit_bt,erm,True,0.014199956489157286,0.01310586239058738,0.00017176362900101275,0.007293176520103729,0.0095975392468093,0.009467069550755507,0.3977180243202143,1,0.5,design,0.02,0.0186686559016213,0.01616753026531433,0.25,
he_jitter_lunit_bt,erm,True,0.014199956489157286,0.01310586239058738,0.00017176362900101275,0.007293176520103729,0.0095975392468093,0.009467069550755507,0.3977180243202143,1,0.5,design,0.05,0.0186686559016213,0.01616753026531433,0.25,5
he_jitter_lunit_bt,erm,True,0.014199956489157286,0.01310586239058738,0.00017176362900101275,0.007293176520103729,0.0095975392468093,0.009467069550755507,0.3977180243202143,1,0.5,design,0.1,0.0186686559016213,0.01616753026531433,0.25,3
he_jitter_lunit_bt,erm,True,0.014199956489157286,0.01310586239058738,0.00017176362900101275,0.007293176520103729,0.0095975392468093,0.009467069550755507,0.3977180243202143,1,0.5,design,0.2,0.0186686559016213,0.01616753026531433,0.25,3
he_jitter_lunit_bt,erm,True,0.014199956489157286,0.01310586239058738,0.00017176362900101275,0.007293176520103729,0.0095975392468093,0.009467069550755507,0.3977180243202143,3,0.0,none,0.02,0.014199956489157286,0.014199956489157286,0.0,7
he_jitter_lunit_bt,erm,True,0.014199956489157286,0.01310586239058738,0.00017176362900101275,0.007293176520103729,0.0095975392468093,0.009467069550755507,0.3977180243202143,3,0.0,none,0.05,0.014199956489157286,0.014199956489157286,0.0,3
he_jitter_lunit_bt,erm,True,0.014199956489157286,0.01310586239058738,0.00017176362900101275,0.007293176520103729,0.0095975392468093,0.009467069550755507,0.3977180243202143,3,0.0,none,0.1,0.014199956489157286,0.014199956489157286,0.0,3
he_jitter_lunit_bt,erm,True,0.014199956489157286,0.01310586239058738,0.00017176362900101275,0.007293176520103729,0.0095975392468093,0.009467069550755507,0.3977180243202143,3,0.0,none,0.2,0.014199956489157286,0.014199956489157286,0.0,2
he_jitter_lunit_bt,erm,True,0.014199956489157286,0.01310586239058738,0.00017176362900101275,0.007293176520103729,0.0095975392468093,0.009467069550755507,0.3977180243202143,3,0.25,ratio,0.02,0.015180392025578263,0.014199956489157286,0.125,8
he_jitter_lunit_bt,erm,True,0.014199956489157286,0.01310586239058738,0.00017176362900101275,0.007293176520103729,0.0095975392468093,0.009467069550755507,0.3977180243202143,3,0.25,ratio,0.05,0.015180392025578263,0.014199956489157286,0.125,4
he_jitter_lunit_bt,erm,True,0.014199956489157286,0.01310586239058738,0.00017176362900101275,0.007293176520103729,0.0095975392468093,0.009467069550755507,0.3977180243202143,3,0.25,ratio,0.1,0.015180392025578263,0.014199956489157286,0.125,3
he_jitter_lunit_bt,erm,True,0.014199956489157286,0.01310586239058738,0.00017176362900101275,0.007293176520103729,0.0095975392468093,0.009467069550755507,0.3977180243202143,3,0.25,ratio,0.2,0.015180392025578263,0.014199956489157286,0.125,2
he_jitter_lunit_bt,erm,True,0.014199956489157286,0.01310586239058738,0.00017176362900101275,0.007293176520103729,0.0095975392468093,0.009467069550755507,0.3977180243202143,3,0.25,design,0.02,0.015180392025578263,0.014199956489157286,0.125,
he_jitter_lunit_bt,erm,True,0.014199956489157286,0.01310586239058738,0.00017176362900101275,0.007293176520103729,0.0095975392468093,0.009467069550755507,0.3977180243202143,3,0.25,design,0.05,0.015180392025578263,0.014199956489157286,0.125,4
he_jitter_lunit_bt,erm,True,0.014199956489157286,0.01310586239058738,0.00017176362900101275,0.007293176520103729,0.0095975392468093,0.009467069550755507,0.3977180243202143,3,0.25,design,0.1,0.015180392025578263,0.014199956489157286,0.125,3
he_jitter_lunit_bt,erm,True,0.014199956489157286,0.01310586239058738,0.00017176362900101275,0.007293176520103729,0.0095975392468093,0.009467069550755507,0.3977180243202143,3,0.25,design,0.2,0.015180392025578263,0.014199956489157286,0.125,2
he_jitter_lunit_bt,erm,True,0.014199956489157286,0.01310586239058738,0.00017176362900101275,0.007293176520103729,0.0095975392468093,0.009467069550755507,0.3977180243202143,3,0.5,ratio,0.02,0.016396697402991864,0.014199956489157286,0.25,11
he_jitter_lunit_bt,erm,True,0.014199956489157286,0.01310586239058738,0.00017176362900101275,0.007293176520103729,0.0095975392468093,0.009467069550755507,0.3977180243202143,3,0.5,ratio,0.05,0.016396697402991864,0.014199956489157286,0.25,4
he_jitter_lunit_bt,erm,True,0.014199956489157286,0.01310586239058738,0.00017176362900101275,0.007293176520103729,0.0095975392468093,0.009467069550755507,0.3977180243202143,3,0.5,ratio,0.1,0.016396697402991864,0.014199956489157286,0.25,3
he_jitter_lunit_bt,erm,True,0.014199956489157286,0.01310586239058738,0.00017176362900101275,0.007293176520103729,0.0095975392468093,0.009467069550755507,0.3977180243202143,3,0.5,ratio,0.2,0.016396697402991864,0.014199956489157286,0.25,3
he_jitter_lunit_bt,erm,True,0.014199956489157286,0.01310586239058738,0.00017176362900101275,0.007293176520103729,0.0095975392468093,0.009467069550755507,0.3977180243202143,3,0.5,design,0.02,0.016396697402991864,0.014199956489157286,0.25,
he_jitter_lunit_bt,erm,True,0.014199956489157286,0.01310586239058738,0.00017176362900101275,0.007293176520103729,0.0095975392468093,0.009467069550755507,0.3977180243202143,3,0.5,design,0.05,0.016396697402991864,0.014199956489157286,0.25,4
he_jitter_lunit_bt,erm,True,0.014199956489157286,0.01310586239058738,0.00017176362900101275,0.007293176520103729,0.0095975392468093,0.009467069550755507,0.3977180243202143,3,0.5,design,0.1,0.016396697402991864,0.014199956489157286,0.25,3
he_jitter_lunit_bt,erm,True,0.014199956489157286,0.01310586239058738,0.00017176362900101275,0.007293176520103729,0.0095975392468093,0.009467069550755507,0.3977180243202143,3,0.5,design,0.2,0.016396697402991864,0.014199956489157286,0.25,2
he_jitter_lunit_bt,erm,True,0.014199956489157286,0.01310586239058738,0.00017176362900101275,0.007293176520103729,0.0095975392468093,0.009467069550755507,0.3977180243202143,5,0.0,none,0.02,0.013772752454639601,0.013772752454639601,0.0,6
he_jitter_lunit_bt,erm,True,0.014199956489157286,0.01310586239058738,0.00017176362900101275,0.007293176520103729,0.0095975392468093,0.009467069550755507,0.3977180243202143,5,0.0,none,0.05,0.013772752454639601,0.013772752454639601,0.0,3
he_jitter_lunit_bt,erm,True,0.014199956489157286,0.01310586239058738,0.00017176362900101275,0.007293176520103729,0.0095975392468093,0.009467069550755507,0.3977180243202143,5,0.0,none,0.1,0.013772752454639601,0.013772752454639601,0.0,3
he_jitter_lunit_bt,erm,True,0.014199956489157286,0.01310586239058738,0.00017176362900101275,0.007293176520103729,0.0095975392468093,0.009467069550755507,0.3977180243202143,5,0.0,none,0.2,0.013772752454639601,0.013772752454639601,0.0,2
he_jitter_lunit_bt,erm,True,0.014199956489157286,0.01310586239058738,0.00017176362900101275,0.007293176520103729,0.0095975392468093,0.009467069550755507,0.3977180243202143,5,0.25,ratio,0.02,0.014723691702317484,0.013772752454639601,0.125,8
he_jitter_lunit_bt,erm,True,0.014199956489157286,0.01310586239058738,0.00017176362900101275,0.007293176520103729,0.0095975392468093,0.009467069550755507,0.3977180243202143,5,0.25,ratio,0.05,0.014723691702317484,0.013772752454639601,0.125,4
he_jitter_lunit_bt,erm,True,0.014199956489157286,0.01310586239058738,0.00017176362900101275,0.007293176520103729,0.0095975392468093,0.009467069550755507,0.3977180243202143,5,0.25,ratio,0.1,0.014723691702317484,0.013772752454639601,0.125,3
he_jitter_lunit_bt,erm,True,0.014199956489157286,0.01310586239058738,0.00017176362900101275,0.007293176520103729,0.0095975392468093,0.009467069550755507,0.3977180243202143,5,0.25,ratio,0.2,0.014723691702317484,0.013772752454639601,0.125,2
he_jitter_lunit_bt,erm,True,0.014199956489157286,0.01310586239058738,0.00017176362900101275,0.007293176520103729,0.0095975392468093,0.009467069550755507,0.3977180243202143,5,0.25,design,0.02,0.014723691702317484,0.013772752454639601,0.125,
he_jitter_lunit_bt,erm,True,0.014199956489157286,0.01310586239058738,0.00017176362900101275,0.007293176520103729,0.0095975392468093,0.009467069550755507,0.3977180243202143,5,0.25,design,0.05,0.014723691702317484,0.013772752454639601,0.125,4
he_jitter_lunit_bt,erm,True,0.014199956489157286,0.01310586239058738,0.00017176362900101275,0.007293176520103729,0.0095975392468093,0.009467069550755507,0.3977180243202143,5,0.25,design,0.1,0.014723691702317484,0.013772752454639601,0.125,3
he_jitter_lunit_bt,erm,True,0.014199956489157286,0.01310586239058738,0.00017176362900101275,0.007293176520103729,0.0095975392468093,0.009467069550755507,0.3977180243202143,5,0.25,design,0.2,0.014723691702317484,0.013772752454639601,0.125,2
he_jitter_lunit_bt,erm,True,0.014199956489157286,0.01310586239058738,0.00017176362900101275,0.007293176520103729,0.0095975392468093,0.009467069550755507,0.3977180243202143,5,0.5,ratio,0.02,0.015903404674336506,0.013772752454639601,0.25,10
he_jitter_lunit_bt,erm,True,0.014199956489157286,0.01310586239058738,0.00017176362900101275,0.007293176520103729,0.0095975392468093,0.009467069550755507,0.3977180243202143,5,0.5,ratio,0.05,0.015903404674336506,0.013772752454639601,0.25,4
he_jitter_lunit_bt,erm,True,0.014199956489157286,0.01310586239058738,0.00017176362900101275,0.007293176520103729,0.0095975392468093,0.009467069550755507,0.3977180243202143,5,0.5,ratio,0.1,0.015903404674336506,0.013772752454639601,0.25,3
he_jitter_lunit_bt,erm,True,0.014199956489157286,0.01310586239058738,0.00017176362900101275,0.007293176520103729,0.0095975392468093,0.009467069550755507,0.3977180243202143,5,0.5,ratio,0.2,0.015903404674336506,0.013772752454639601,0.25,3
he_jitter_lunit_bt,erm,True,0.014199956489157286,0.01310586239058738,0.00017176362900101275,0.007293176520103729,0.0095975392468093,0.009467069550755507,0.3977180243202143,5,0.5,design,0.02,0.015903404674336506,0.013772752454639601,0.25,
he_jitter_lunit_bt,erm,True,0.014199956489157286,0.01310586239058738,0.00017176362900101275,0.007293176520103729,0.0095975392468093,0.009467069550755507,0.3977180243202143,5,0.5,design,0.05,0.015903404674336506,0.013772752454639601,0.25,4
he_jitter_lunit_bt,erm,True,0.014199956489157286,0.01310586239058738,0.00017176362900101275,0.007293176520103729,0.0095975392468093,0.009467069550755507,0.3977180243202143,5,0.5,design,0.1,0.015903404674336506,0.013772752454639601,0.25,3
he_jitter_lunit_bt,erm,True,0.014199956489157286,0.01310586239058738,0.00017176362900101275,0.007293176520103729,0.0095975392468093,0.009467069550755507,0.3977180243202143,5,0.5,design,0.2,0.015903404674336506,0.013772752454639601,0.25,2
he_jitter_lunit_bt,erm,True,0.014199956489157286,0.01310586239058738,0.00017176362900101275,0.007293176520103729,0.0095975392468093,0.009467069550755507,0.3977180243202143,10,0.0,none,0.02,0.013443443368010182,0.013443443368010182,0.0,6
he_jitter_lunit_bt,erm,True,0.014199956489157286,0.01310586239058738,0.00017176362900101275,0.007293176520103729,0.0095975392468093,0.009467069550755507,0.3977180243202143,10,0.0,none,0.05,0.013443443368010182,0.013443443368010182,0.0,3
he_jitter_lunit_bt,erm,True,0.014199956489157286,0.01310586239058738,0.00017176362900101275,0.007293176520103729,0.0095975392468093,0.009467069550755507,0.3977180243202143,10,0.0,none,0.1,0.013443443368010182,0.013443443368010182,0.0,3
he_jitter_lunit_bt,erm,True,0.014199956489157286,0.01310586239058738,0.00017176362900101275,0.007293176520103729,0.0095975392468093,0.009467069550755507,0.3977180243202143,10,0.0,none,0.2,0.013443443368010182,0.013443443368010182,0.0,2
he_jitter_lunit_bt,erm,True,0.014199956489157286,0.01310586239058738,0.00017176362900101275,0.007293176520103729,0.0095975392468093,0.009467069550755507,0.3977180243202143,10,0.25,ratio,0.02,0.014371645480454987,0.013443443368010182,0.125,8
he_jitter_lunit_bt,erm,True,0.014199956489157286,0.01310586239058738,0.00017176362900101275,0.007293176520103729,0.0095975392468093,0.009467069550755507,0.3977180243202143,10,0.25,ratio,0.05,0.014371645480454987,0.013443443368010182,0.125,4
he_jitter_lunit_bt,erm,True,0.014199956489157286,0.01310586239058738,0.00017176362900101275,0.007293176520103729,0.0095975392468093,0.009467069550755507,0.3977180243202143,10,0.25,ratio,0.1,0.014371645480454987,0.013443443368010182,0.125,3
he_jitter_lunit_bt,erm,True,0.014199956489157286,0.01310586239058738,0.00017176362900101275,0.007293176520103729,0.0095975392468093,0.009467069550755507,0.3977180243202143,10,0.25,ratio,0.2,0.014371645480454987,0.013443443368010182,0.125,2
he_jitter_lunit_bt,erm,True,0.014199956489157286,0.01310586239058738,0.00017176362900101275,0.007293176520103729,0.0095975392468093,0.009467069550755507,0.3977180243202143,10,0.25,design,0.02,0.014371645480454987,0.013443443368010182,0.125,
he_jitter_lunit_bt,erm,True,0.014199956489157286,0.01310586239058738,0.00017176362900101275,0.007293176520103729,0.0095975392468093,0.009467069550755507,0.3977180243202143,10,0.25,design,0.05,0.014371645480454987,0.013443443368010182,0.125,4
he_jitter_lunit_bt,erm,True,0.014199956489157286,0.01310586239058738,0.00017176362900101275,0.007293176520103729,0.0095975392468093,0.009467069550755507,0.3977180243202143,10,0.25,design,0.1,0.014371645480454987,0.013443443368010182,0.125,3
he_jitter_lunit_bt,erm,True,0.014199956489157286,0.01310586239058738,0.00017176362900101275,0.007293176520103729,0.0095975392468093,0.009467069550755507,0.3977180243202143,10,0.25,design,0.2,0.014371645480454987,0.013443443368010182,0.125,2
he_jitter_lunit_bt,erm,True,0.014199956489157286,0.01310586239058738,0.00017176362900101275,0.007293176520103729,0.0095975392468093,0.009467069550755507,0.3977180243202143,10,0.5,ratio,0.02,0.015523151294712337,0.013443443368010182,0.25,10
he_jitter_lunit_bt,erm,True,0.014199956489157286,0.01310586239058738,0.00017176362900101275,0.007293176520103729,0.0095975392468093,0.009467069550755507,0.3977180243202143,10,0.5,ratio,0.05,0.015523151294712337,0.013443443368010182,0.25,4
he_jitter_lunit_bt,erm,True,0.014199956489157286,0.01310586239058738,0.00017176362900101275,0.007293176520103729,0.0095975392468093,0.009467069550755507,0.3977180243202143,10,0.5,ratio,0.1,0.015523151294712337,0.013443443368010182,0.25,3
he_jitter_lunit_bt,erm,True,0.014199956489157286,0.01310586239058738,0.00017176362900101275,0.007293176520103729,0.0095975392468093,0.009467069550755507,0.3977180243202143,10,0.5,ratio,0.2,0.015523151294712337,0.013443443368010182,0.25,3
he_jitter_lunit_bt,erm,True,0.014199956489157286,0.01310586239058738,0.00017176362900101275,0.007293176520103729,0.0095975392468093,0.009467069550755507,0.3977180243202143,10,0.5,design,0.02,0.015523151294712337,0.013443443368010182,0.25,
he_jitter_lunit_bt,erm,True,0.014199956489157286,0.01310586239058738,0.00017176362900101275,0.007293176520103729,0.0095975392468093,0.009467069550755507,0.3977180243202143,10,0.5,design,0.05,0.015523151294712337,0.013443443368010182,0.25,4
he_jitter_lunit_bt,erm,True,0.014199956489157286,0.01310586239058738,0.00017176362900101275,0.007293176520103729,0.0095975392468093,0.009467069550755507,0.3977180243202143,10,0.5,design,0.1,0.015523151294712337,0.013443443368010182,0.25,3
he_jitter_lunit_bt,erm,True,0.014199956489157286,0.01310586239058738,0.00017176362900101275,0.007293176520103729,0.0095975392468093,0.009467069550755507,0.3977180243202143,10,0.5,design,0.2,0.015523151294712337,0.013443443368010182,0.25,2
he_jitter_lunit_dino,erm,True,0.014195716570280934,0.012923415246671002,0.00016701466163788852,0.007291259467332791,0.0095975392468093,0.010174041572432289,0.29840816708560525,1,0.0,none,0.02,0.01644766802788374,0.01644766802788374,0.0,8
he_jitter_lunit_dino,erm,True,0.014195716570280934,0.012923415246671002,0.00016701466163788852,0.007291259467332791,0.0095975392468093,0.010174041572432289,0.29840816708560525,1,0.0,none,0.05,0.01644766802788374,0.01644766802788374,0.0,4
he_jitter_lunit_dino,erm,True,0.014195716570280934,0.012923415246671002,0.00016701466163788852,0.007291259467332791,0.0095975392468093,0.010174041572432289,0.29840816708560525,1,0.0,none,0.1,0.01644766802788374,0.01644766802788374,0.0,3
he_jitter_lunit_dino,erm,True,0.014195716570280934,0.012923415246671002,0.00016701466163788852,0.007291259467332791,0.0095975392468093,0.010174041572432289,0.29840816708560525,1,0.0,none,0.2,0.01644766802788374,0.01644766802788374,0.0,2
he_jitter_lunit_dino,erm,True,0.014195716570280934,0.012923415246671002,0.00016701466163788852,0.007291259467332791,0.0095975392468093,0.010174041572432289,0.29840816708560525,1,0.25,ratio,0.02,0.017583296734781935,0.01644766802788374,0.125,10
he_jitter_lunit_dino,erm,True,0.014195716570280934,0.012923415246671002,0.00016701466163788852,0.007291259467332791,0.0095975392468093,0.010174041572432289,0.29840816708560525,1,0.25,ratio,0.05,0.017583296734781935,0.01644766802788374,0.125,4
he_jitter_lunit_dino,erm,True,0.014195716570280934,0.012923415246671002,0.00016701466163788852,0.007291259467332791,0.0095975392468093,0.010174041572432289,0.29840816708560525,1,0.25,ratio,0.1,0.017583296734781935,0.01644766802788374,0.125,3
he_jitter_lunit_dino,erm,True,0.014195716570280934,0.012923415246671002,0.00016701466163788852,0.007291259467332791,0.0095975392468093,0.010174041572432289,0.29840816708560525,1,0.25,ratio,0.2,0.017583296734781935,0.01644766802788374,0.125,3
he_jitter_lunit_dino,erm,True,0.014195716570280934,0.012923415246671002,0.00016701466163788852,0.007291259467332791,0.0095975392468093,0.010174041572432289,0.29840816708560525,1,0.25,design,0.02,0.017583296734781935,0.01644766802788374,0.125,
he_jitter_lunit_dino,erm,True,0.014195716570280934,0.012923415246671002,0.00016701466163788852,0.007291259467332791,0.0095975392468093,0.010174041572432289,0.29840816708560525,1,0.25,design,0.05,0.017583296734781935,0.01644766802788374,0.125,4
he_jitter_lunit_dino,erm,True,0.014195716570280934,0.012923415246671002,0.00016701466163788852,0.007291259467332791,0.0095975392468093,0.010174041572432289,0.29840816708560525,1,0.25,design,0.1,0.017583296734781935,0.01644766802788374,0.125,3
he_jitter_lunit_dino,erm,True,0.014195716570280934,0.012923415246671002,0.00016701466163788852,0.007291259467332791,0.0095975392468093,0.010174041572432289,0.29840816708560525,1,0.25,design,0.2,0.017583296734781935,0.01644766802788374,0.125,3
he_jitter_lunit_dino,erm,True,0.014195716570280934,0.012923415246671002,0.00016701466163788852,0.007291259467332791,0.0095975392468093,0.010174041572432289,0.29840816708560525,1,0.5,ratio,0.02,0.018992131126880557,0.01644766802788374,0.25,13
he_jitter_lunit_dino,erm,True,0.014195716570280934,0.012923415246671002,0.00016701466163788852,0.007291259467332791,0.0095975392468093,0.010174041572432289,0.29840816708560525,1,0.5,ratio,0.05,0.018992131126880557,0.01644766802788374,0.25,4
he_jitter_lunit_dino,erm,True,0.014195716570280934,0.012923415246671002,0.00016701466163788852,0.007291259467332791,0.0095975392468093,0.010174041572432289,0.29840816708560525,1,0.5,ratio,0.1,0.018992131126880557,0.01644766802788374,0.25,3
he_jitter_lunit_dino,erm,True,0.014195716570280934,0.012923415246671002,0.00016701466163788852,0.007291259467332791,0.0095975392468093,0.010174041572432289,0.29840816708560525,1,0.5,ratio,0.2,0.018992131126880557,0.01644766802788374,0.25,3
he_jitter_lunit_dino,erm,True,0.014195716570280934,0.012923415246671002,0.00016701466163788852,0.007291259467332791,0.0095975392468093,0.010174041572432289,0.29840816708560525,1,0.5,design,0.02,0.018992131126880557,0.01644766802788374,0.25,
he_jitter_lunit_dino,erm,True,0.014195716570280934,0.012923415246671002,0.00016701466163788852,0.007291259467332791,0.0095975392468093,0.010174041572432289,0.29840816708560525,1,0.5,design,0.05,0.018992131126880557,0.01644766802788374,0.25,6
he_jitter_lunit_dino,erm,True,0.014195716570280934,0.012923415246671002,0.00016701466163788852,0.007291259467332791,0.0095975392468093,0.010174041572432289,0.29840816708560525,1,0.5,design,0.1,0.018992131126880557,0.01644766802788374,0.25,3
he_jitter_lunit_dino,erm,True,0.014195716570280934,0.012923415246671002,0.00016701466163788852,0.007291259467332791,0.0095975392468093,0.010174041572432289,0.29840816708560525,1,0.5,design,0.2,0.018992131126880557,0.01644766802788374,0.25,3
he_jitter_lunit_dino,erm,True,0.014195716570280934,0.012923415246671002,0.00016701466163788852,0.007291259467332791,0.0095975392468093,0.010174041572432289,0.29840816708560525,3,0.0,none,0.02,0.014195716570280934,0.014195716570280934,0.0,7
he_jitter_lunit_dino,erm,True,0.014195716570280934,0.012923415246671002,0.00016701466163788852,0.007291259467332791,0.0095975392468093,0.010174041572432289,0.29840816708560525,3,0.0,none,0.05,0.014195716570280934,0.014195716570280934,0.0,3
he_jitter_lunit_dino,erm,True,0.014195716570280934,0.012923415246671002,0.00016701466163788852,0.007291259467332791,0.0095975392468093,0.010174041572432289,0.29840816708560525,3,0.0,none,0.1,0.014195716570280934,0.014195716570280934,0.0,3
he_jitter_lunit_dino,erm,True,0.014195716570280934,0.012923415246671002,0.00016701466163788852,0.007291259467332791,0.0095975392468093,0.010174041572432289,0.29840816708560525,3,0.0,none,0.2,0.014195716570280934,0.014195716570280934,0.0,2
he_jitter_lunit_dino,erm,True,0.014195716570280934,0.012923415246671002,0.00016701466163788852,0.007291259467332791,0.0095975392468093,0.010174041572432289,0.29840816708560525,3,0.25,ratio,0.02,0.015175859361640258,0.014195716570280934,0.125,8
he_jitter_lunit_dino,erm,True,0.014195716570280934,0.012923415246671002,0.00016701466163788852,0.007291259467332791,0.0095975392468093,0.010174041572432289,0.29840816708560525,3,0.25,ratio,0.05,0.015175859361640258,0.014195716570280934,0.125,4
he_jitter_lunit_dino,erm,True,0.014195716570280934,0.012923415246671002,0.00016701466163788852,0.007291259467332791,0.0095975392468093,0.010174041572432289,0.29840816708560525,3,0.25,ratio,0.1,0.015175859361640258,0.014195716570280934,0.125,3
he_jitter_lunit_dino,erm,True,0.014195716570280934,0.012923415246671002,0.00016701466163788852,0.007291259467332791,0.0095975392468093,0.010174041572432289,0.29840816708560525,3,0.25,ratio,0.2,0.015175859361640258,0.014195716570280934,0.125,2
he_jitter_lunit_dino,erm,True,0.014195716570280934,0.012923415246671002,0.00016701466163788852,0.007291259467332791,0.0095975392468093,0.010174041572432289,0.29840816708560525,3,0.25,design,0.02,0.015175859361640258,0.014195716570280934,0.125,
he_jitter_lunit_dino,erm,True,0.014195716570280934,0.012923415246671002,0.00016701466163788852,0.007291259467332791,0.0095975392468093,0.010174041572432289,0.29840816708560525,3,0.25,design,0.05,0.015175859361640258,0.014195716570280934,0.125,4
he_jitter_lunit_dino,erm,True,0.014195716570280934,0.012923415246671002,0.00016701466163788852,0.007291259467332791,0.0095975392468093,0.010174041572432289,0.29840816708560525,3,0.25,design,0.1,0.015175859361640258,0.014195716570280934,0.125,3
he_jitter_lunit_dino,erm,True,0.014195716570280934,0.012923415246671002,0.00016701466163788852,0.007291259467332791,0.0095975392468093,0.010174041572432289,0.29840816708560525,3,0.25,design,0.2,0.015175859361640258,0.014195716570280934,0.125,2
he_jitter_lunit_dino,erm,True,0.014195716570280934,0.012923415246671002,0.00016701466163788852,0.007291259467332791,0.0095975392468093,0.010174041572432289,0.29840816708560525,3,0.5,ratio,0.02,0.016391801566382657,0.014195716570280934,0.25,10
he_jitter_lunit_dino,erm,True,0.014195716570280934,0.012923415246671002,0.00016701466163788852,0.007291259467332791,0.0095975392468093,0.010174041572432289,0.29840816708560525,3,0.5,ratio,0.05,0.016391801566382657,0.014195716570280934,0.25,4
he_jitter_lunit_dino,erm,True,0.014195716570280934,0.012923415246671002,0.00016701466163788852,0.007291259467332791,0.0095975392468093,0.010174041572432289,0.29840816708560525,3,0.5,ratio,0.1,0.016391801566382657,0.014195716570280934,0.25,3
he_jitter_lunit_dino,erm,True,0.014195716570280934,0.012923415246671002,0.00016701466163788852,0.007291259467332791,0.0095975392468093,0.010174041572432289,0.29840816708560525,3,0.5,ratio,0.2,0.016391801566382657,0.014195716570280934,0.25,3
he_jitter_lunit_dino,erm,True,0.014195716570280934,0.012923415246671002,0.00016701466163788852,0.007291259467332791,0.0095975392468093,0.010174041572432289,0.29840816708560525,3,0.5,design,0.02,0.016391801566382657,0.014195716570280934,0.25,
he_jitter_lunit_dino,erm,True,0.014195716570280934,0.012923415246671002,0.00016701466163788852,0.007291259467332791,0.0095975392468093,0.010174041572432289,0.29840816708560525,3,0.5,design,0.05,0.016391801566382657,0.014195716570280934,0.25,4
he_jitter_lunit_dino,erm,True,0.014195716570280934,0.012923415246671002,0.00016701466163788852,0.007291259467332791,0.0095975392468093,0.010174041572432289,0.29840816708560525,3,0.5,design,0.1,0.016391801566382657,0.014195716570280934,0.25,3
he_jitter_lunit_dino,erm,True,0.014195716570280934,0.012923415246671002,0.00016701466163788852,0.007291259467332791,0.0095975392468093,0.010174041572432289,0.29840816708560525,3,0.5,design,0.2,0.016391801566382657,0.014195716570280934,0.25,2
he_jitter_lunit_dino,erm,True,0.014195716570280934,0.012923415246671002,0.00016701466163788852,0.007291259467332791,0.0095975392468093,0.010174041572432289,0.29840816708560525,5,0.0,none,0.02,0.01370098120651965,0.01370098120651965,0.0,6
he_jitter_lunit_dino,erm,True,0.014195716570280934,0.012923415246671002,0.00016701466163788852,0.007291259467332791,0.0095975392468093,0.010174041572432289,0.29840816708560525,5,0.0,none,0.05,0.01370098120651965,0.01370098120651965,0.0,3
he_jitter_lunit_dino,erm,True,0.014195716570280934,0.012923415246671002,0.00016701466163788852,0.007291259467332791,0.0095975392468093,0.010174041572432289,0.29840816708560525,5,0.0,none,0.1,0.01370098120651965,0.01370098120651965,0.0,3
he_jitter_lunit_dino,erm,True,0.014195716570280934,0.012923415246671002,0.00016701466163788852,0.007291259467332791,0.0095975392468093,0.010174041572432289,0.29840816708560525,5,0.0,none,0.2,0.01370098120651965,0.01370098120651965,0.0,2
he_jitter_lunit_dino,erm,True,0.014195716570280934,0.012923415246671002,0.00016701466163788852,0.007291259467332791,0.0095975392468093,0.010174041572432289,0.29840816708560525,5,0.25,ratio,0.02,0.014646965010692913,0.01370098120651965,0.125,8
he_jitter_lunit_dino,erm,True,0.014195716570280934,0.012923415246671002,0.00016701466163788852,0.007291259467332791,0.0095975392468093,0.010174041572432289,0.29840816708560525,5,0.25,ratio,0.05,0.014646965010692913,0.01370098120651965,0.125,4
he_jitter_lunit_dino,erm,True,0.014195716570280934,0.012923415246671002,0.00016701466163788852,0.007291259467332791,0.0095975392468093,0.010174041572432289,0.29840816708560525,5,0.25,ratio,0.1,0.014646965010692913,0.01370098120651965,0.125,3
he_jitter_lunit_dino,erm,True,0.014195716570280934,0.012923415246671002,0.00016701466163788852,0.007291259467332791,0.0095975392468093,0.010174041572432289,0.29840816708560525,5,0.25,ratio,0.2,0.014646965010692913,0.01370098120651965,0.125,2
he_jitter_lunit_dino,erm,True,0.014195716570280934,0.012923415246671002,0.00016701466163788852,0.007291259467332791,0.0095975392468093,0.010174041572432289,0.29840816708560525,5,0.25,design,0.02,0.014646965010692913,0.01370098120651965,0.125,
he_jitter_lunit_dino,erm,True,0.014195716570280934,0.012923415246671002,0.00016701466163788852,0.007291259467332791,0.0095975392468093,0.010174041572432289,0.29840816708560525,5,0.25,design,0.05,0.014646965010692913,0.01370098120651965,0.125,4
he_jitter_lunit_dino,erm,True,0.014195716570280934,0.012923415246671002,0.00016701466163788852,0.007291259467332791,0.0095975392468093,0.010174041572432289,0.29840816708560525,5,0.25,design,0.1,0.014646965010692913,0.01370098120651965,0.125,3
he_jitter_lunit_dino,erm,True,0.014195716570280934,0.012923415246671002,0.00016701466163788852,0.007291259467332791,0.0095975392468093,0.010174041572432289,0.29840816708560525,5,0.25,design,0.2,0.014646965010692913,0.01370098120651965,0.125,2
he_jitter_lunit_dino,erm,True,0.014195716570280934,0.012923415246671002,0.00016701466163788852,0.007291259467332791,0.0095975392468093,0.010174041572432289,0.29840816708560525,5,0.5,ratio,0.02,0.015820530375492248,0.01370098120651965,0.25,10
he_jitter_lunit_dino,erm,True,0.014195716570280934,0.012923415246671002,0.00016701466163788852,0.007291259467332791,0.0095975392468093,0.010174041572432289,0.29840816708560525,5,0.5,ratio,0.05,0.015820530375492248,0.01370098120651965,0.25,4
he_jitter_lunit_dino,erm,True,0.014195716570280934,0.012923415246671002,0.00016701466163788852,0.007291259467332791,0.0095975392468093,0.010174041572432289,0.29840816708560525,5,0.5,ratio,0.1,0.015820530375492248,0.01370098120651965,0.25,3
he_jitter_lunit_dino,erm,True,0.014195716570280934,0.012923415246671002,0.00016701466163788852,0.007291259467332791,0.0095975392468093,0.010174041572432289,0.29840816708560525,5,0.5,ratio,0.2,0.015820530375492248,0.01370098120651965,0.25,3
he_jitter_lunit_dino,erm,True,0.014195716570280934,0.012923415246671002,0.00016701466163788852,0.007291259467332791,0.0095975392468093,0.010174041572432289,0.29840816708560525,5,0.5,design,0.02,0.015820530375492248,0.01370098120651965,0.25,
he_jitter_lunit_dino,erm,True,0.014195716570280934,0.012923415246671002,0.00016701466163788852,0.007291259467332791,0.0095975392468093,0.010174041572432289,0.29840816708560525,5,0.5,design,0.05,0.015820530375492248,0.01370098120651965,0.25,4
he_jitter_lunit_dino,erm,True,0.014195716570280934,0.012923415246671002,0.00016701466163788852,0.007291259467332791,0.0095975392468093,0.010174041572432289,0.29840816708560525,5,0.5,design,0.1,0.015820530375492248,0.01370098120651965,0.25,3
he_jitter_lunit_dino,erm,True,0.014195716570280934,0.012923415246671002,0.00016701466163788852,0.007291259467332791,0.0095975392468093,0.010174041572432289,0.29840816708560525,5,0.5,design,0.2,0.015820530375492248,0.01370098120651965,0.25,2
he_jitter_lunit_dino,erm,True,0.014195716570280934,0.012923415246671002,0.00016701466163788852,0.007291259467332791,0.0095975392468093,0.010174041572432289,0.29840816708560525,10,0.0,none,0.02,0.013317874223375386,0.013317874223375386,0.0,6
he_jitter_lunit_dino,erm,True,0.014195716570280934,0.012923415246671002,0.00016701466163788852,0.007291259467332791,0.0095975392468093,0.010174041572432289,0.29840816708560525,10,0.0,none,0.05,0.013317874223375386,0.013317874223375386,0.0,3
he_jitter_lunit_dino,erm,True,0.014195716570280934,0.012923415246671002,0.00016701466163788852,0.007291259467332791,0.0095975392468093,0.010174041572432289,0.29840816708560525,10,0.0,none,0.1,0.013317874223375386,0.013317874223375386,0.0,3
he_jitter_lunit_dino,erm,True,0.014195716570280934,0.012923415246671002,0.00016701466163788852,0.007291259467332791,0.0095975392468093,0.010174041572432289,0.29840816708560525,10,0.0,none,0.2,0.013317874223375386,0.013317874223375386,0.0,2
he_jitter_lunit_dino,erm,True,0.014195716570280934,0.012923415246671002,0.00016701466163788852,0.007291259467332791,0.0095975392468093,0.010174041572432289,0.29840816708560525,10,0.25,ratio,0.02,0.01423740641829108,0.013317874223375386,0.125,8
he_jitter_lunit_dino,erm,True,0.014195716570280934,0.012923415246671002,0.00016701466163788852,0.007291259467332791,0.0095975392468093,0.010174041572432289,0.29840816708560525,10,0.25,ratio,0.05,0.01423740641829108,0.013317874223375386,0.125,4
he_jitter_lunit_dino,erm,True,0.014195716570280934,0.012923415246671002,0.00016701466163788852,0.007291259467332791,0.0095975392468093,0.010174041572432289,0.29840816708560525,10,0.25,ratio,0.1,0.01423740641829108,0.013317874223375386,0.125,3
he_jitter_lunit_dino,erm,True,0.014195716570280934,0.012923415246671002,0.00016701466163788852,0.007291259467332791,0.0095975392468093,0.010174041572432289,0.29840816708560525,10,0.25,ratio,0.2,0.01423740641829108,0.013317874223375386,0.125,2
he_jitter_lunit_dino,erm,True,0.014195716570280934,0.012923415246671002,0.00016701466163788852,0.007291259467332791,0.0095975392468093,0.010174041572432289,0.29840816708560525,10,0.25,design,0.02,0.01423740641829108,0.013317874223375386,0.125,695
he_jitter_lunit_dino,erm,True,0.014195716570280934,0.012923415246671002,0.00016701466163788852,0.007291259467332791,0.0095975392468093,0.010174041572432289,0.29840816708560525,10,0.25,design,0.05,0.01423740641829108,0.013317874223375386,0.125,4
he_jitter_lunit_dino,erm,True,0.014195716570280934,0.012923415246671002,0.00016701466163788852,0.007291259467332791,0.0095975392468093,0.010174041572432289,0.29840816708560525,10,0.25,design,0.1,0.01423740641829108,0.013317874223375386,0.125,3
he_jitter_lunit_dino,erm,True,0.014195716570280934,0.012923415246671002,0.00016701466163788852,0.007291259467332791,0.0095975392468093,0.010174041572432289,0.29840816708560525,10,0.25,design,0.2,0.01423740641829108,0.013317874223375386,0.125,2
he_jitter_lunit_dino,erm,True,0.014195716570280934,0.012923415246671002,0.00016701466163788852,0.007291259467332791,0.0095975392468093,0.010174041572432289,0.29840816708560525,10,0.5,ratio,0.02,0.015378156535798717,0.013317874223375386,0.25,10
he_jitter_lunit_dino,erm,True,0.014195716570280934,0.012923415246671002,0.00016701466163788852,0.007291259467332791,0.0095975392468093,0.010174041572432289,0.29840816708560525,10,0.5,ratio,0.05,0.015378156535798717,0.013317874223375386,0.25,4
he_jitter_lunit_dino,erm,True,0.014195716570280934,0.012923415246671002,0.00016701466163788852,0.007291259467332791,0.0095975392468093,0.010174041572432289,0.29840816708560525,10,0.5,ratio,0.1,0.015378156535798717,0.013317874223375386,0.25,3
he_jitter_lunit_dino,erm,True,0.014195716570280934,0.012923415246671002,0.00016701466163788852,0.007291259467332791,0.0095975392468093,0.010174041572432289,0.29840816708560525,10,0.5,ratio,0.2,0.015378156535798717,0.013317874223375386,0.25,3
he_jitter_lunit_dino,erm,True,0.014195716570280934,0.012923415246671002,0.00016701466163788852,0.007291259467332791,0.0095975392468093,0.010174041572432289,0.29840816708560525,10,0.5,design,0.02,0.015378156535798717,0.013317874223375386,0.25,
he_jitter_lunit_dino,erm,True,0.014195716570280934,0.012923415246671002,0.00016701466163788852,0.007291259467332791,0.0095975392468093,0.010174041572432289,0.29840816708560525,10,0.5,design,0.05,0.015378156535798717,0.013317874223375386,0.25,4
he_jitter_lunit_dino,erm,True,0.014195716570280934,0.012923415246671002,0.00016701466163788852,0.007291259467332791,0.0095975392468093,0.010174041572432289,0.29840816708560525,10,0.5,design,0.1,0.015378156535798717,0.013317874223375386,0.25,3
he_jitter_lunit_dino,erm,True,0.014195716570280934,0.012923415246671002,0.00016701466163788852,0.007291259467332791,0.0095975392468093,0.010174041572432289,0.29840816708560525,10,0.5,design,0.2,0.015378156535798717,0.013317874223375386,0.25,2
irm,erm,True,0.06366902184328374,0.0,-0.0010294279643010577,0.12675217869387695,0.0095975392468093,0.1234889344044429,0.3734911273562404,1,0.0,none,0.02,0.1234889344044429,0.1234889344044429,0.0,302
irm,erm,True,0.06366902184328374,0.0,-0.0010294279643010577,0.12675217869387695,0.0095975392468093,0.1234889344044429,0.3734911273562404,1,0.0,none,0.05,0.1234889344044429,0.1234889344044429,0.0,50
irm,erm,True,0.06366902184328374,0.0,-0.0010294279643010577,0.12675217869387695,0.0095975392468093,0.1234889344044429,0.3734911273562404,1,0.0,none,0.1,0.1234889344044429,0.1234889344044429,0.0,15
irm,erm,True,0.06366902184328374,0.0,-0.0010294279643010577,0.12675217869387695,0.0095975392468093,0.1234889344044429,0.3734911273562404,1,0.0,none,0.2,0.1234889344044429,0.1234889344044429,0.0,6
irm,erm,True,0.06366902184328374,0.0,-0.0010294279643010577,0.12675217869387695,0.0095975392468093,0.1234889344044429,0.3734911273562404,1,0.25,ratio,0.02,0.13201522388549328,0.1234889344044429,0.125,430
irm,erm,True,0.06366902184328374,0.0,-0.0010294279643010577,0.12675217869387695,0.0095975392468093,0.1234889344044429,0.3734911273562404,1,0.25,ratio,0.05,0.13201522388549328,0.1234889344044429,0.125,71
irm,erm,True,0.06366902184328374,0.0,-0.0010294279643010577,0.12675217869387695,0.0095975392468093,0.1234889344044429,0.3734911273562404,1,0.25,ratio,0.1,0.13201522388549328,0.1234889344044429,0.125,20
irm,erm,True,0.06366902184328374,0.0,-0.0010294279643010577,0.12675217869387695,0.0095975392468093,0.1234889344044429,0.3734911273562404,1,0.25,ratio,0.2,0.13201522388549328,0.1234889344044429,0.125,7
irm,erm,True,0.06366902184328374,0.0,-0.0010294279643010577,0.12675217869387695,0.0095975392468093,0.1234889344044429,0.3734911273562404,1,0.25,design,0.02,0.13201522388549328,0.1234889344044429,0.125,
irm,erm,True,0.06366902184328374,0.0,-0.0010294279643010577,0.12675217869387695,0.0095975392468093,0.1234889344044429,0.3734911273562404,1,0.25,design,0.05,0.13201522388549328,0.1234889344044429,0.125,
irm,erm,True,0.06366902184328374,0.0,-0.0010294279643010577,0.12675217869387695,0.0095975392468093,0.1234889344044429,0.3734911273562404,1,0.25,design,0.1,0.13201522388549328,0.1234889344044429,0.125,
irm,erm,True,0.06366902184328374,0.0,-0.0010294279643010577,0.12675217869387695,0.0095975392468093,0.1234889344044429,0.3734911273562404,1,0.25,design,0.2,0.13201522388549328,0.1234889344044429,0.125,26
irm,erm,True,0.06366902184328374,0.0,-0.0010294279643010577,0.12675217869387695,0.0095975392468093,0.1234889344044429,0.3734911273562404,1,0.5,ratio,0.02,0.1425927390406903,0.1234889344044429,0.25,601
irm,erm,True,0.06366902184328374,0.0,-0.0010294279643010577,0.12675217869387695,0.0095975392468093,0.1234889344044429,0.3734911273562404,1,0.5,ratio,0.05,0.1425927390406903,0.1234889344044429,0.25,98
irm,erm,True,0.06366902184328374,0.0,-0.0010294279643010577,0.12675217869387695,0.0095975392468093,0.1234889344044429,0.3734911273562404,1,0.5,ratio,0.1,0.1425927390406903,0.1234889344044429,0.25,26
irm,erm,True,0.06366902184328374,0.0,-0.0010294279643010577,0.12675217869387695,0.0095975392468093,0.1234889344044429,0.3734911273562404,1,0.5,ratio,0.2,0.1425927390406903,0.1234889344044429,0.25,9
irm,erm,True,0.06366902184328374,0.0,-0.0010294279643010577,0.12675217869387695,0.0095975392468093,0.1234889344044429,0.3734911273562404,1,0.5,design,0.02,0.1425927390406903,0.1234889344044429,0.25,
irm,erm,True,0.06366902184328374,0.0,-0.0010294279643010577,0.12675217869387695,0.0095975392468093,0.1234889344044429,0.3734911273562404,1,0.5,design,0.05,0.1425927390406903,0.1234889344044429,0.25,
irm,erm,True,0.06366902184328374,0.0,-0.0010294279643010577,0.12675217869387695,0.0095975392468093,0.1234889344044429,0.3734911273562404,1,0.5,design,0.1,0.1425927390406903,0.1234889344044429,0.25,
irm,erm,True,0.06366902184328374,0.0,-0.0010294279643010577,0.12675217869387695,0.0095975392468093,0.1234889344044429,0.3734911273562404,1,0.5,design,0.2,0.1425927390406903,0.1234889344044429,0.25,
irm,erm,True,0.06366902184328374,0.0,-0.0010294279643010577,0.12675217869387695,0.0095975392468093,0.1234889344044429,0.3734911273562404,3,0.0,none,0.02,0.07129636952034515,0.07129636952034515,0.0,102
irm,erm,True,0.06366902184328374,0.0,-0.0010294279643010577,0.12675217869387695,0.0095975392468093,0.1234889344044429,0.3734911273562404,3,0.0,none,0.05,0.07129636952034515,0.07129636952034515,0.0,18
irm,erm,True,0.06366902184328374,0.0,-0.0010294279643010577,0.12675217869387695,0.0095975392468093,0.1234889344044429,0.3734911273562404,3,0.0,none,0.1,0.07129636952034515,0.07129636952034515,0.0,7
irm,erm,True,0.06366902184328374,0.0,-0.0010294279643010577,0.12675217869387695,0.0095975392468093,0.1234889344044429,0.3734911273562404,3,0.0,none,0.2,0.07129636952034515,0.07129636952034515,0.0,4
irm,erm,True,0.06366902184328374,0.0,-0.0010294279643010577,0.12675217869387695,0.0095975392468093,0.1234889344044429,0.3734911273562404,3,0.25,ratio,0.02,0.07621902504741827,0.07129636952034515,0.125,145
irm,erm,True,0.06366902184328374,0.0,-0.0010294279643010577,0.12675217869387695,0.0095975392468093,0.1234889344044429,0.3734911273562404,3,0.25,ratio,0.05,0.07621902504741827,0.07129636952034515,0.125,25
irm,erm,True,0.06366902184328374,0.0,-0.0010294279643010577,0.12675217869387695,0.0095975392468093,0.1234889344044429,0.3734911273562404,3,0.25,ratio,0.1,0.07621902504741827,0.07129636952034515,0.125,8
irm,erm,True,0.06366902184328374,0.0,-0.0010294279643010577,0.12675217869387695,0.0095975392468093,0.1234889344044429,0.3734911273562404,3,0.25,ratio,0.2,0.07621902504741827,0.07129636952034515,0.125,4
irm,erm,True,0.06366902184328374,0.0,-0.0010294279643010577,0.12675217869387695,0.0095975392468093,0.1234889344044429,0.3734911273562404,3,0.25,design,0.02,0.07621902504741827,0.07129636952034515,0.125,
irm,erm,True,0.06366902184328374,0.0,-0.0010294279643010577,0.12675217869387695,0.0095975392468093,0.1234889344044429,0.3734911273562404,3,0.25,design,0.05,0.07621902504741827,0.07129636952034515,0.125,
irm,erm,True,0.06366902184328374,0.0,-0.0010294279643010577,0.12675217869387695,0.0095975392468093,0.1234889344044429,0.3734911273562404,3,0.25,design,0.1,0.07621902504741827,0.07129636952034515,0.125,
irm,erm,True,0.06366902184328374,0.0,-0.0010294279643010577,0.12675217869387695,0.0095975392468093,0.1234889344044429,0.3734911273562404,3,0.25,design,0.2,0.07621902504741827,0.07129636952034515,0.125,4
irm,erm,True,0.06366902184328374,0.0,-0.0010294279643010577,0.12675217869387695,0.0095975392468093,0.1234889344044429,0.3734911273562404,3,0.5,ratio,0.02,0.08232595626962862,0.07129636952034515,0.25,202
irm,erm,True,0.06366902184328374,0.0,-0.0010294279643010577,0.12675217869387695,0.0095975392468093,0.1234889344044429,0.3734911273562404,3,0.5,ratio,0.05,0.08232595626962862,0.07129636952034515,0.25,34
irm,erm,True,0.06366902184328374,0.0,-0.0010294279643010577,0.12675217869387695,0.0095975392468093,0.1234889344044429,0.3734911273562404,3,0.5,ratio,0.1,0.08232595626962862,0.07129636952034515,0.25,11
irm,erm,True,0.06366902184328374,0.0,-0.0010294279643010577,0.12675217869387695,0.0095975392468093,0.1234889344044429,0.3734911273562404,3,0.5,ratio,0.2,0.08232595626962862,0.07129636952034515,0.25,5
irm,erm,True,0.06366902184328374,0.0,-0.0010294279643010577,0.12675217869387695,0.0095975392468093,0.1234889344044429,0.3734911273562404,3,0.5,design,0.02,0.08232595626962862,0.07129636952034515,0.25,
irm,erm,True,0.06366902184328374,0.0,-0.0010294279643010577,0.12675217869387695,0.0095975392468093,0.1234889344044429,0.3734911273562404,3,0.5,design,0.05,0.08232595626962862,0.07129636952034515,0.25,
irm,erm,True,0.06366902184328374,0.0,-0.0010294279643010577,0.12675217869387695,0.0095975392468093,0.1234889344044429,0.3734911273562404,3,0.5,design,0.1,0.08232595626962862,0.07129636952034515,0.25,
irm,erm,True,0.06366902184328374,0.0,-0.0010294279643010577,0.12675217869387695,0.0095975392468093,0.1234889344044429,0.3734911273562404,3,0.5,design,0.2,0.08232595626962862,0.07129636952034515,0.25,7
irm,erm,True,0.06366902184328374,0.0,-0.0010294279643010577,0.12675217869387695,0.0095975392468093,0.1234889344044429,0.3734911273562404,5,0.0,none,0.02,0.05522593035946937,0.05522593035946937,0.0,62
irm,erm,True,0.06366902184328374,0.0,-0.0010294279643010577,0.12675217869387695,0.0095975392468093,0.1234889344044429,0.3734911273562404,5,0.0,none,0.05,0.05522593035946937,0.05522593035946937,0.0,12
irm,erm,True,0.06366902184328374,0.0,-0.0010294279643010577,0.12675217869387695,0.0095975392468093,0.1234889344044429,0.3734911273562404,5,0.0,none,0.1,0.05522593035946937,0.05522593035946937,0.0,5
irm,erm,True,0.06366902184328374,0.0,-0.0010294279643010577,0.12675217869387695,0.0095975392468093,0.1234889344044429,0.3734911273562404,5,0.0,none,0.2,0.05522593035946937,0.05522593035946937,0.0,3
irm,erm,True,0.06366902184328374,0.0,-0.0010294279643010577,0.12675217869387695,0.0095975392468093,0.1234889344044429,0.3734911273562404,5,0.25,ratio,0.02,0.059039002934563385,0.05522593035946937,0.125,88
irm,erm,True,0.06366902184328374,0.0,-0.0010294279643010577,0.12675217869387695,0.0095975392468093,0.1234889344044429,0.3734911273562404,5,0.25,ratio,0.05,0.059039002934563385,0.05522593035946937,0.125,16
irm,erm,True,0.06366902184328374,0.0,-0.0010294279643010577,0.12675217869387695,0.0095975392468093,0.1234889344044429,0.3734911273562404,5,0.25,ratio,0.1,0.059039002934563385,0.05522593035946937,0.125,6
irm,erm,True,0.06366902184328374,0.0,-0.0010294279643010577,0.12675217869387695,0.0095975392468093,0.1234889344044429,0.3734911273562404,5,0.25,ratio,0.2,0.059039002934563385,0.05522593035946937,0.125,4
irm,erm,True,0.06366902184328374,0.0,-0.0010294279643010577,0.12675217869387695,0.0095975392468093,0.1234889344044429,0.3734911273562404,5,0.25,design,0.02,0.059039002934563385,0.05522593035946937,0.125,
irm,erm,True,0.06366902184328374,0.0,-0.0010294279643010577,0.12675217869387695,0.0095975392468093,0.1234889344044429,0.3734911273562404,5,0.25,design,0.05,0.059039002934563385,0.05522593035946937,0.125,
irm,erm,True,0.06366902184328374,0.0,-0.0010294279643010577,0.12675217869387695,0.0095975392468093,0.1234889344044429,0.3734911273562404,5,0.25,design,0.1,0.059039002934563385,0.05522593035946937,0.125,11
irm,erm,True,0.06366902184328374,0.0,-0.0010294279643010577,0.12675217869387695,0.0095975392468093,0.1234889344044429,0.3734911273562404,5,0.25,design,0.2,0.059039002934563385,0.05522593035946937,0.125,4
irm,erm,True,0.06366902184328374,0.0,-0.0010294279643010577,0.12675217869387695,0.0095975392468093,0.1234889344044429,0.3734911273562404,5,0.5,ratio,0.02,0.06376941151857433,0.05522593035946937,0.25,122
irm,erm,True,0.06366902184328374,0.0,-0.0010294279643010577,0.12675217869387695,0.0095975392468093,0.1234889344044429,0.3734911273562404,5,0.5,ratio,0.05,0.06376941151857433,0.05522593035946937,0.25,22
irm,erm,True,0.06366902184328374,0.0,-0.0010294279643010577,0.12675217869387695,0.0095975392468093,0.1234889344044429,0.3734911273562404,5,0.5,ratio,0.1,0.06376941151857433,0.05522593035946937,0.25,7
irm,erm,True,0.06366902184328374,0.0,-0.0010294279643010577,0.12675217869387695,0.0095975392468093,0.1234889344044429,0.3734911273562404,5,0.5,ratio,0.2,0.06376941151857433,0.05522593035946937,0.25,4
irm,erm,True,0.06366902184328374,0.0,-0.0010294279643010577,0.12675217869387695,0.0095975392468093,0.1234889344044429,0.3734911273562404,5,0.5,design,0.02,0.06376941151857433,0.05522593035946937,0.25,
irm,erm,True,0.06366902184328374,0.0,-0.0010294279643010577,0.12675217869387695,0.0095975392468093,0.1234889344044429,0.3734911273562404,5,0.5,design,0.05,0.06376941151857433,0.05522593035946937,0.25,
irm,erm,True,0.06366902184328374,0.0,-0.0010294279643010577,0.12675217869387695,0.0095975392468093,0.1234889344044429,0.3734911273562404,5,0.5,design,0.1,0.06376941151857433,0.05522593035946937,0.25,
irm,erm,True,0.06366902184328374,0.0,-0.0010294279643010577,0.12675217869387695,0.0095975392468093,0.1234889344044429,0.3734911273562404,5,0.5,design,0.2,0.06376941151857433,0.05522593035946937,0.25,4
irm,erm,True,0.06366902184328374,0.0,-0.0010294279643010577,0.12675217869387695,0.0095975392468093,0.1234889344044429,0.3734911273562404,10,0.0,none,0.02,0.03905062985451682,0.03905062985451682,0.0,32
irm,erm,True,0.06366902184328374,0.0,-0.0010294279643010577,0.12675217869387695,0.0095975392468093,0.1234889344044429,0.3734911273562404,10,0.0,none,0.05,0.03905062985451682,0.03905062985451682,0.0,7
irm,erm,True,0.06366902184328374,0.0,-0.0010294279643010577,0.12675217869387695,0.0095975392468093,0.1234889344044429,0.3734911273562404,10,0.0,none,0.1,0.03905062985451682,0.03905062985451682,0.0,4
irm,erm,True,0.06366902184328374,0.0,-0.0010294279643010577,0.12675217869387695,0.0095975392468093,0.1234889344044429,0.3734911273562404,10,0.0,none,0.2,0.03905062985451682,0.03905062985451682,0.0,3
irm,erm,True,0.06366902184328374,0.0,-0.0010294279643010577,0.12675217869387695,0.0095975392468093,0.1234889344044429,0.3734911273562404,10,0.25,ratio,0.02,0.04174687932952225,0.03905062985451682,0.125,45
irm,erm,True,0.06366902184328374,0.0,-0.0010294279643010577,0.12675217869387695,0.0095975392468093,0.1234889344044429,0.3734911273562404,10,0.25,ratio,0.05,0.04174687932952225,0.03905062985451682,0.125,9
irm,erm,True,0.06366902184328374,0.0,-0.0010294279643010577,0.12675217869387695,0.0095975392468093,0.1234889344044429,0.3734911273562404,10,0.25,ratio,0.1,0.04174687932952225,0.03905062985451682,0.125,4
irm,erm,True,0.06366902184328374,0.0,-0.0010294279643010577,0.12675217869387695,0.0095975392468093,0.1234889344044429,0.3734911273562404,10,0.25,ratio,0.2,0.04174687932952225,0.03905062985451682,0.125,3
irm,erm,True,0.06366902184328374,0.0,-0.0010294279643010577,0.12675217869387695,0.0095975392468093,0.1234889344044429,0.3734911273562404,10,0.25,design,0.02,0.04174687932952225,0.03905062985451682,0.125,
irm,erm,True,0.06366902184328374,0.0,-0.0010294279643010577,0.12675217869387695,0.0095975392468093,0.1234889344044429,0.3734911273562404,10,0.25,design,0.05,0.04174687932952225,0.03905062985451682,0.125,
irm,erm,True,0.06366902184328374,0.0,-0.0010294279643010577,0.12675217869387695,0.0095975392468093,0.1234889344044429,0.3734911273562404,10,0.25,design,0.1,0.04174687932952225,0.03905062985451682,0.125,5
irm,erm,True,0.06366902184328374,0.0,-0.0010294279643010577,0.12675217869387695,0.0095975392468093,0.1234889344044429,0.3734911273562404,10,0.25,design,0.2,0.04174687932952225,0.03905062985451682,0.125,3
irm,erm,True,0.06366902184328374,0.0,-0.0010294279643010577,0.12675217869387695,0.0095975392468093,0.1234889344044429,0.3734911273562404,10,0.5,ratio,0.02,0.04509178331705945,0.03905062985451682,0.25,62
irm,erm,True,0.06366902184328374,0.0,-0.0010294279643010577,0.12675217869387695,0.0095975392468093,0.1234889344044429,0.3734911273562404,10,0.5,ratio,0.05,0.04509178331705945,0.03905062985451682,0.25,12
irm,erm,True,0.06366902184328374,0.0,-0.0010294279643010577,0.12675217869387695,0.0095975392468093,0.1234889344044429,0.3734911273562404,10,0.5,ratio,0.1,0.04509178331705945,0.03905062985451682,0.25,5
irm,erm,True,0.06366902184328374,0.0,-0.0010294279643010577,0.12675217869387695,0.0095975392468093,0.1234889344044429,0.3734911273562404,10,0.5,ratio,0.2,0.04509178331705945,0.03905062985451682,0.25,3
irm,erm,True,0.06366902184328374,0.0,-0.0010294279643010577,0.12675217869387695,0.0095975392468093,0.1234889344044429,0.3734911273562404,10,0.5,design,0.02,0.04509178331705945,0.03905062985451682,0.25,
irm,erm,True,0.06366902184328374,0.0,-0.0010294279643010577,0.12675217869387695,0.0095975392468093,0.1234889344044429,0.3734911273562404,10,0.5,design,0.05,0.04509178331705945,0.03905062985451682,0.25,
irm,erm,True,0.06366902184328374,0.0,-0.0010294279643010577,0.12675217869387695,0.0095975392468093,0.1234889344044429,0.3734911273562404,10,0.5,design,0.1,0.04509178331705945,0.03905062985451682,0.25,11
irm,erm,True,0.06366902184328374,0.0,-0.0010294279643010577,0.12675217869387695,0.0095975392468093,0.1234889344044429,0.3734911273562404,10,0.5,design,0.2,0.04509178331705945,0.03905062985451682,0.25,3
lisa,erm,True,0.007207461953224553,0.002843101433642383,8.083225761979373e-06,0.007511414756295127,0.0095975392468093,0.01147139251074604,0.11749900880771962,1,0.0,none,0.02,0.011818463178331594,0.011818463178331594,0.0,5
lisa,erm,True,0.007207461953224553,0.002843101433642383,8.083225761979373e-06,0.007511414756295127,0.0095975392468093,0.01147139251074604,0.11749900880771962,1,0.0,none,0.05,0.011818463178331594,0.011818463178331594,0.0,3
lisa,erm,True,0.007207461953224553,0.002843101433642383,8.083225761979373e-06,0.007511414756295127,0.0095975392468093,0.01147139251074604,0.11749900880771962,1,0.0,none,0.1,0.011818463178331594,0.011818463178331594,0.0,3
lisa,erm,True,0.007207461953224553,0.002843101433642383,8.083225761979373e-06,0.007511414756295127,0.0095975392468093,0.01147139251074604,0.11749900880771962,1,0.0,none,0.2,0.011818463178331594,0.011818463178331594,0.0,2
lisa,erm,True,0.007207461953224553,0.002843101433642383,8.083225761979373e-06,0.007511414756295127,0.0095975392468093,0.01147139251074604,0.11749900880771962,1,0.25,ratio,0.02,0.012634468586148641,0.011818463178331594,0.125,7
lisa,erm,True,0.007207461953224553,0.002843101433642383,8.083225761979373e-06,0.007511414756295127,0.0095975392468093,0.01147139251074604,0.11749900880771962,1,0.25,ratio,0.05,0.012634468586148641,0.011818463178331594,0.125,3
lisa,erm,True,0.007207461953224553,0.002843101433642383,8.083225761979373e-06,0.007511414756295127,0.0095975392468093,0.01147139251074604,0.11749900880771962,1,0.25,ratio,0.1,0.012634468586148641,0.011818463178331594,0.125,3
lisa,erm,True,0.007207461953224553,0.002843101433642383,8.083225761979373e-06,0.007511414756295127,0.0095975392468093,0.01147139251074604,0.11749900880771962,1,0.25,ratio,0.2,0.012634468586148641,0.011818463178331594,0.125,2
lisa,erm,True,0.007207461953224553,0.002843101433642383,8.083225761979373e-06,0.007511414756295127,0.0095975392468093,0.01147139251074604,0.11749900880771962,1,0.25,design,0.02,0.012634468586148641,0.011818463178331594,0.125,17
lisa,erm,True,0.007207461953224553,0.002843101433642383,8.083225761979373e-06,0.007511414756295127,0.0095975392468093,0.01147139251074604,0.11749900880771962,1,0.25,design,0.05,0.012634468586148641,0.011818463178331594,0.125,3
lisa,erm,True,0.007207461953224553,0.002843101433642383,8.083225761979373e-06,0.007511414756295127,0.0095975392468093,0.01147139251074604,0.11749900880771962,1,0.25,design,0.1,0.012634468586148641,0.011818463178331594,0.125,3
lisa,erm,True,0.007207461953224553,0.002843101433642383,8.083225761979373e-06,0.007511414756295127,0.0095975392468093,0.01147139251074604,0.11749900880771962,1,0.25,design,0.2,0.012634468586148641,0.011818463178331594,0.125,2
lisa,erm,True,0.007207461953224553,0.002843101433642383,8.083225761979373e-06,0.007511414756295127,0.0095975392468093,0.01147139251074604,0.11749900880771962,1,0.5,ratio,0.02,0.013646785794834852,0.011818463178331594,0.25,8
lisa,erm,True,0.007207461953224553,0.002843101433642383,8.083225761979373e-06,0.007511414756295127,0.0095975392468093,0.01147139251074604,0.11749900880771962,1,0.5,ratio,0.05,0.013646785794834852,0.011818463178331594,0.25,4
lisa,erm,True,0.007207461953224553,0.002843101433642383,8.083225761979373e-06,0.007511414756295127,0.0095975392468093,0.01147139251074604,0.11749900880771962,1,0.5,ratio,0.1,0.013646785794834852,0.011818463178331594,0.25,3
lisa,erm,True,0.007207461953224553,0.002843101433642383,8.083225761979373e-06,0.007511414756295127,0.0095975392468093,0.01147139251074604,0.11749900880771962,1,0.5,ratio,0.2,0.013646785794834852,0.011818463178331594,0.25,2
lisa,erm,True,0.007207461953224553,0.002843101433642383,8.083225761979373e-06,0.007511414756295127,0.0095975392468093,0.01147139251074604,0.11749900880771962,1,0.5,design,0.02,0.013646785794834852,0.011818463178331594,0.25,
lisa,erm,True,0.007207461953224553,0.002843101433642383,8.083225761979373e-06,0.007511414756295127,0.0095975392468093,0.01147139251074604,0.11749900880771962,1,0.5,design,0.05,0.013646785794834852,0.011818463178331594,0.25,4
lisa,erm,True,0.007207461953224553,0.002843101433642383,8.083225761979373e-06,0.007511414756295127,0.0095975392468093,0.01147139251074604,0.11749900880771962,1,0.5,design,0.1,0.013646785794834852,0.011818463178331594,0.25,3
lisa,erm,True,0.007207461953224553,0.002843101433642383,8.083225761979373e-06,0.007511414756295127,0.0095975392468093,0.01147139251074604,0.11749900880771962,1,0.5,design,0.2,0.013646785794834852,0.011818463178331594,0.25,2
lisa,erm,True,0.007207461953224553,0.002843101433642383,8.083225761979373e-06,0.007511414756295127,0.0095975392468093,0.01147139251074604,0.11749900880771962,3,0.0,none,0.02,0.007207461953224553,0.007207461953224553,0.0,4
lisa,erm,True,0.007207461953224553,0.002843101433642383,8.083225761979373e-06,0.007511414756295127,0.0095975392468093,0.01147139251074604,0.11749900880771962,3,0.0,none,0.05,0.007207461953224553,0.007207461953224553,0.0,3
lisa,erm,True,0.007207461953224553,0.002843101433642383,8.083225761979373e-06,0.007511414756295127,0.0095975392468093,0.01147139251074604,0.11749900880771962,3,0.0,none,0.1,0.007207461953224553,0.007207461953224553,0.0,2
lisa,erm,True,0.007207461953224553,0.002843101433642383,8.083225761979373e-06,0.007511414756295127,0.0095975392468093,0.01147139251074604,0.11749900880771962,3,0.0,none,0.2,0.007207461953224553,0.007207461953224553,0.0,2
lisa,erm,True,0.007207461953224553,0.002843101433642383,8.083225761979373e-06,0.007511414756295127,0.0095975392468093,0.01147139251074604,0.11749900880771962,3,0.25,ratio,0.02,0.0077051009306213685,0.007207461953224553,0.125,4
lisa,erm,True,0.007207461953224553,0.002843101433642383,8.083225761979373e-06,0.007511414756295127,0.0095975392468093,0.01147139251074604,0.11749900880771962,3,0.25,ratio,0.05,0.0077051009306213685,0.007207461953224553,0.125,3
lisa,erm,True,0.007207461953224553,0.002843101433642383,8.083225761979373e-06,0.007511414756295127,0.0095975392468093,0.01147139251074604,0.11749900880771962,3,0.25,ratio,0.1,0.0077051009306213685,0.007207461953224553,0.125,2
lisa,erm,True,0.007207461953224553,0.002843101433642383,8.083225761979373e-06,0.007511414756295127,0.0095975392468093,0.01147139251074604,0.11749900880771962,3,0.25,ratio,0.2,0.0077051009306213685,0.007207461953224553,0.125,2
lisa,erm,True,0.007207461953224553,0.002843101433642383,8.083225761979373e-06,0.007511414756295127,0.0095975392468093,0.01147139251074604,0.11749900880771962,3,0.25,design,0.02,0.0077051009306213685,0.007207461953224553,0.125,5
lisa,erm,True,0.007207461953224553,0.002843101433642383,8.083225761979373e-06,0.007511414756295127,0.0095975392468093,0.01147139251074604,0.11749900880771962,3,0.25,design,0.05,0.0077051009306213685,0.007207461953224553,0.125,3
lisa,erm,True,0.007207461953224553,0.002843101433642383,8.083225761979373e-06,0.007511414756295127,0.0095975392468093,0.01147139251074604,0.11749900880771962,3,0.25,design,0.1,0.0077051009306213685,0.007207461953224553,0.125,2
lisa,erm,True,0.007207461953224553,0.002843101433642383,8.083225761979373e-06,0.007511414756295127,0.0095975392468093,0.01147139251074604,0.11749900880771962,3,0.25,design,0.2,0.0077051009306213685,0.007207461953224553,0.125,2
lisa,erm,True,0.007207461953224553,0.002843101433642383,8.083225761979373e-06,0.007511414756295127,0.0095975392468093,0.01147139251074604,0.11749900880771962,3,0.5,ratio,0.02,0.008322460197736364,0.007207461953224553,0.25,5
lisa,erm,True,0.007207461953224553,0.002843101433642383,8.083225761979373e-06,0.007511414756295127,0.0095975392468093,0.01147139251074604,0.11749900880771962,3,0.5,ratio,0.05,0.008322460197736364,0.007207461953224553,0.25,3
lisa,erm,True,0.007207461953224553,0.002843101433642383,8.083225761979373e-06,0.007511414756295127,0.0095975392468093,0.01147139251074604,0.11749900880771962,3,0.5,ratio,0.1,0.008322460197736364,0.007207461953224553,0.25,3
lisa,erm,True,0.007207461953224553,0.002843101433642383,8.083225761979373e-06,0.007511414756295127,0.0095975392468093,0.01147139251074604,0.11749900880771962,3,0.5,ratio,0.2,0.008322460197736364,0.007207461953224553,0.25,2
lisa,erm,True,0.007207461953224553,0.002843101433642383,8.083225761979373e-06,0.007511414756295127,0.0095975392468093,0.01147139251074604,0.11749900880771962,3,0.5,design,0.02,0.008322460197736364,0.007207461953224553,0.25,7
lisa,erm,True,0.007207461953224553,0.002843101433642383,8.083225761979373e-06,0.007511414756295127,0.0095975392468093,0.01147139251074604,0.11749900880771962,3,0.5,design,0.05,0.008322460197736364,0.007207461953224553,0.25,3
lisa,erm,True,0.007207461953224553,0.002843101433642383,8.083225761979373e-06,0.007511414756295127,0.0095975392468093,0.01147139251074604,0.11749900880771962,3,0.5,design,0.1,0.008322460197736364,0.007207461953224553,0.25,2
lisa,erm,True,0.007207461953224553,0.002843101433642383,8.083225761979373e-06,0.007511414756295127,0.0095975392468093,0.01147139251074604,0.11749900880771962,3,0.5,design,0.2,0.008322460197736364,0.007207461953224553,0.25,2
lisa,erm,True,0.007207461953224553,0.002843101433642383,8.083225761979373e-06,0.007511414756295127,0.0095975392468093,0.01147139251074604,0.11749900880771962,5,0.0,none,0.02,0.005865304339000615,0.005865304339000615,0.0,3
lisa,erm,True,0.007207461953224553,0.002843101433642383,8.083225761979373e-06,0.007511414756295127,0.0095975392468093,0.01147139251074604,0.11749900880771962,5,0.0,none,0.05,0.005865304339000615,0.005865304339000615,0.0,3
lisa,erm,True,0.007207461953224553,0.002843101433642383,8.083225761979373e-06,0.007511414756295127,0.0095975392468093,0.01147139251074604,0.11749900880771962,5,0.0,none,0.1,0.005865304339000615,0.005865304339000615,0.0,2
lisa,erm,True,0.007207461953224553,0.002843101433642383,8.083225761979373e-06,0.007511414756295127,0.0095975392468093,0.01147139251074604,0.11749900880771962,5,0.0,none,0.2,0.005865304339000615,0.005865304339000615,0.0,2
lisa,erm,True,0.007207461953224553,0.002843101433642383,8.083225761979373e-06,0.007511414756295127,0.0095975392468093,0.01147139251074604,0.11749900880771962,5,0.25,ratio,0.02,0.006270274087342543,0.005865304339000615,0.125,4
lisa,erm,True,0.007207461953224553,0.002843101433642383,8.083225761979373e-06,0.007511414756295127,0.0095975392468093,0.01147139251074604,0.11749900880771962,5,0.25,ratio,0.05,0.006270274087342543,0.005865304339000615,0.125,3
lisa,erm,True,0.007207461953224553,0.002843101433642383,8.083225761979373e-06,0.007511414756295127,0.0095975392468093,0.01147139251074604,0.11749900880771962,5,0.25,ratio,0.1,0.006270274087342543,0.005865304339000615,0.125,2
lisa,erm,True,0.007207461953224553,0.002843101433642383,8.083225761979373e-06,0.007511414756295127,0.0095975392468093,0.01147139251074604,0.11749900880771962,5,0.25,ratio,0.2,0.006270274087342543,0.005865304339000615,0.125,2
lisa,erm,True,0.007207461953224553,0.002843101433642383,8.083225761979373e-06,0.007511414756295127,0.0095975392468093,0.01147139251074604,0.11749900880771962,5,0.25,design,0.02,0.006270274087342543,0.005865304339000615,0.125,4
lisa,erm,True,0.007207461953224553,0.002843101433642383,8.083225761979373e-06,0.007511414756295127,0.0095975392468093,0.01147139251074604,0.11749900880771962,5,0.25,design,0.05,0.006270274087342543,0.005865304339000615,0.125,3
lisa,erm,True,0.007207461953224553,0.002843101433642383,8.083225761979373e-06,0.007511414756295127,0.0095975392468093,0.01147139251074604,0.11749900880771962,5,0.25,design,0.1,0.006270274087342543,0.005865304339000615,0.125,2
lisa,erm,True,0.007207461953224553,0.002843101433642383,8.083225761979373e-06,0.007511414756295127,0.0095975392468093,0.01147139251074604,0.11749900880771962,5,0.25,design,0.2,0.006270274087342543,0.005865304339000615,0.125,2
lisa,erm,True,0.007207461953224553,0.002843101433642383,8.083225761979373e-06,0.007511414756295127,0.0095975392468093,0.01147139251074604,0.11749900880771962,5,0.5,ratio,0.02,0.00677267007800217,0.005865304339000615,0.25,4
lisa,erm,True,0.007207461953224553,0.002843101433642383,8.083225761979373e-06,0.007511414756295127,0.0095975392468093,0.01147139251074604,0.11749900880771962,5,0.5,ratio,0.05,0.00677267007800217,0.005865304339000615,0.25,3
lisa,erm,True,0.007207461953224553,0.002843101433642383,8.083225761979373e-06,0.007511414756295127,0.0095975392468093,0.01147139251074604,0.11749900880771962,5,0.5,ratio,0.1,0.00677267007800217,0.005865304339000615,0.25,2
lisa,erm,True,0.007207461953224553,0.002843101433642383,8.083225761979373e-06,0.007511414756295127,0.0095975392468093,0.01147139251074604,0.11749900880771962,5,0.5,ratio,0.2,0.00677267007800217,0.005865304339000615,0.25,2
lisa,erm,True,0.007207461953224553,0.002843101433642383,8.083225761979373e-06,0.007511414756295127,0.0095975392468093,0.01147139251074604,0.11749900880771962,5,0.5,design,0.02,0.00677267007800217,0.005865304339000615,0.25,5
lisa,erm,True,0.007207461953224553,0.002843101433642383,8.083225761979373e-06,0.007511414756295127,0.0095975392468093,0.01147139251074604,0.11749900880771962,5,0.5,design,0.05,0.00677267007800217,0.005865304339000615,0.25,3
lisa,erm,True,0.007207461953224553,0.002843101433642383,8.083225761979373e-06,0.007511414756295127,0.0095975392468093,0.01147139251074604,0.11749900880771962,5,0.5,design,0.1,0.00677267007800217,0.005865304339000615,0.25,2
lisa,erm,True,0.007207461953224553,0.002843101433642383,8.083225761979373e-06,0.007511414756295127,0.0095975392468093,0.01147139251074604,0.11749900880771962,5,0.5,design,0.2,0.00677267007800217,0.005865304339000615,0.25,2
lisa,erm,True,0.007207461953224553,0.002843101433642383,8.083225761979373e-06,0.007511414756295127,0.0095975392468093,0.01147139251074604,0.11749900880771962,10,0.0,none,0.02,0.004608959793222263,0.004608959793222263,0.0,3
lisa,erm,True,0.007207461953224553,0.002843101433642383,8.083225761979373e-06,0.007511414756295127,0.0095975392468093,0.01147139251074604,0.11749900880771962,10,0.0,none,0.05,0.004608959793222263,0.004608959793222263,0.0,3
lisa,erm,True,0.007207461953224553,0.002843101433642383,8.083225761979373e-06,0.007511414756295127,0.0095975392468093,0.01147139251074604,0.11749900880771962,10,0.0,none,0.1,0.004608959793222263,0.004608959793222263,0.0,2
lisa,erm,True,0.007207461953224553,0.002843101433642383,8.083225761979373e-06,0.007511414756295127,0.0095975392468093,0.01147139251074604,0.11749900880771962,10,0.0,none,0.2,0.004608959793222263,0.004608959793222263,0.0,2
lisa,erm,True,0.007207461953224553,0.002843101433642383,8.083225761979373e-06,0.007511414756295127,0.0095975392468093,0.01147139251074604,0.11749900880771962,10,0.25,ratio,0.02,0.0049271852730440515,0.004608959793222263,0.125,3
lisa,erm,True,0.007207461953224553,0.002843101433642383,8.083225761979373e-06,0.007511414756295127,0.0095975392468093,0.01147139251074604,0.11749900880771962,10,0.25,ratio,0.05,0.0049271852730440515,0.004608959793222263,0.125,3
lisa,erm,True,0.007207461953224553,0.002843101433642383,8.083225761979373e-06,0.007511414756295127,0.0095975392468093,0.01147139251074604,0.11749900880771962,10,0.25,ratio,0.1,0.0049271852730440515,0.004608959793222263,0.125,2
lisa,erm,True,0.007207461953224553,0.002843101433642383,8.083225761979373e-06,0.007511414756295127,0.0095975392468093,0.01147139251074604,0.11749900880771962,10,0.25,ratio,0.2,0.0049271852730440515,0.004608959793222263,0.125,2
lisa,erm,True,0.007207461953224553,0.002843101433642383,8.083225761979373e-06,0.007511414756295127,0.0095975392468093,0.01147139251074604,0.11749900880771962,10,0.25,design,0.02,0.0049271852730440515,0.004608959793222263,0.125,3
lisa,erm,True,0.007207461953224553,0.002843101433642383,8.083225761979373e-06,0.007511414756295127,0.0095975392468093,0.01147139251074604,0.11749900880771962,10,0.25,design,0.05,0.0049271852730440515,0.004608959793222263,0.125,3
lisa,erm,True,0.007207461953224553,0.002843101433642383,8.083225761979373e-06,0.007511414756295127,0.0095975392468093,0.01147139251074604,0.11749900880771962,10,0.25,design,0.1,0.0049271852730440515,0.004608959793222263,0.125,2
lisa,erm,True,0.007207461953224553,0.002843101433642383,8.083225761979373e-06,0.007511414756295127,0.0095975392468093,0.01147139251074604,0.11749900880771962,10,0.25,design,0.2,0.0049271852730440515,0.004608959793222263,0.125,2
lisa,erm,True,0.007207461953224553,0.002843101433642383,8.083225761979373e-06,0.007511414756295127,0.0095975392468093,0.01147139251074604,0.11749900880771962,10,0.5,ratio,0.02,0.0053219683546020715,0.004608959793222263,0.25,4
lisa,erm,True,0.007207461953224553,0.002843101433642383,8.083225761979373e-06,0.007511414756295127,0.0095975392468093,0.01147139251074604,0.11749900880771962,10,0.5,ratio,0.05,0.0053219683546020715,0.004608959793222263,0.25,3
lisa,erm,True,0.007207461953224553,0.002843101433642383,8.083225761979373e-06,0.007511414756295127,0.0095975392468093,0.01147139251074604,0.11749900880771962,10,0.5,ratio,0.1,0.0053219683546020715,0.004608959793222263,0.25,2
lisa,erm,True,0.007207461953224553,0.002843101433642383,8.083225761979373e-06,0.007511414756295127,0.0095975392468093,0.01147139251074604,0.11749900880771962,10,0.5,ratio,0.2,0.0053219683546020715,0.004608959793222263,0.25,2
lisa,erm,True,0.007207461953224553,0.002843101433642383,8.083225761979373e-06,0.007511414756295127,0.0095975392468093,0.01147139251074604,0.11749900880771962,10,0.5,design,0.02,0.0053219683546020715,0.004608959793222263,0.25,4
lisa,erm,True,0.007207461953224553,0.002843101433642383,8.083225761979373e-06,0.007511414756295127,0.0095975392468093,0.01147139251074604,0.11749900880771962,10,0.5,design,0.05,0.0053219683546020715,0.004608959793222263,0.25,3
lisa,erm,True,0.007207461953224553,0.002843101433642383,8.083225761979373e-06,0.007511414756295127,0.0095975392468093,0.01147139251074604,0.11749900880771962,10,0.5,design,0.1,0.0053219683546020715,0.004608959793222263,0.25,2
lisa,erm,True,0.007207461953224553,0.002843101433642383,8.083225761979373e-06,0.007511414756295127,0.0095975392468093,0.01147139251074604,0.11749900880771962,10,0.5,design,0.2,0.0053219683546020715,0.004608959793222263,0.25,2
macenko,erm,True,0.010797917685801057,0.008886662613000218,7.897277239729586e-05,0.0034076130206110913,0.0095975392468093,0.010623876969172703,-0.13976853245537765,1,0.0,none,0.02,0.01385061494134517,0.01385061494134517,0.0,6
macenko,erm,True,0.010797917685801057,0.008886662613000218,7.897277239729586e-05,0.0034076130206110913,0.0095975392468093,0.010623876969172703,-0.13976853245537765,1,0.0,none,0.05,0.01385061494134517,0.01385061494134517,0.0,3
macenko,erm,True,0.010797917685801057,0.008886662613000218,7.897277239729586e-05,0.0034076130206110913,0.0095975392468093,0.010623876969172703,-0.13976853245537765,1,0.0,none,0.1,0.01385061494134517,0.01385061494134517,0.0,3
macenko,erm,True,0.010797917685801057,0.008886662613000218,7.897277239729586e-05,0.0034076130206110913,0.0095975392468093,0.010623876969172703,-0.13976853245537765,1,0.0,none,0.2,0.01385061494134517,0.01385061494134517,0.0,2
macenko,erm,True,0.010797917685801057,0.008886662613000218,7.897277239729586e-05,0.0034076130206110913,0.0095975392468093,0.010623876969172703,-0.13976853245537765,1,0.25,ratio,0.02,0.014806930201898764,0.01385061494134517,0.125,8
macenko,erm,True,0.010797917685801057,0.008886662613000218,7.897277239729586e-05,0.0034076130206110913,0.0095975392468093,0.010623876969172703,-0.13976853245537765,1,0.25,ratio,0.05,0.014806930201898764,0.01385061494134517,0.125,4
macenko,erm,True,0.010797917685801057,0.008886662613000218,7.897277239729586e-05,0.0034076130206110913,0.0095975392468093,0.010623876969172703,-0.13976853245537765,1,0.25,ratio,0.1,0.014806930201898764,0.01385061494134517,0.125,3
macenko,erm,True,0.010797917685801057,0.008886662613000218,7.897277239729586e-05,0.0034076130206110913,0.0095975392468093,0.010623876969172703,-0.13976853245537765,1,0.25,ratio,0.2,0.014806930201898764,0.01385061494134517,0.125,2
macenko,erm,True,0.010797917685801057,0.008886662613000218,7.897277239729586e-05,0.0034076130206110913,0.0095975392468093,0.010623876969172703,-0.13976853245537765,1,0.25,design,0.02,0.014806930201898764,0.01385061494134517,0.125,
macenko,erm,True,0.010797917685801057,0.008886662613000218,7.897277239729586e-05,0.0034076130206110913,0.0095975392468093,0.010623876969172703,-0.13976853245537765,1,0.25,design,0.05,0.014806930201898764,0.01385061494134517,0.125,4
macenko,erm,True,0.010797917685801057,0.008886662613000218,7.897277239729586e-05,0.0034076130206110913,0.0095975392468093,0.010623876969172703,-0.13976853245537765,1,0.25,design,0.1,0.014806930201898764,0.01385061494134517,0.125,3
macenko,erm,True,0.010797917685801057,0.008886662613000218,7.897277239729586e-05,0.0034076130206110913,0.0095975392468093,0.010623876969172703,-0.13976853245537765,1,0.25,design,0.2,0.014806930201898764,0.01385061494134517,0.125,2
macenko,erm,True,0.010797917685801057,0.008886662613000218,7.897277239729586e-05,0.0034076130206110913,0.0095975392468093,0.010623876969172703,-0.13976853245537765,1,0.5,ratio,0.02,0.015993312529654972,0.01385061494134517,0.25,10
macenko,erm,True,0.010797917685801057,0.008886662613000218,7.897277239729586e-05,0.0034076130206110913,0.0095975392468093,0.010623876969172703,-0.13976853245537765,1,0.5,ratio,0.05,0.015993312529654972,0.01385061494134517,0.25,4
macenko,erm,True,0.010797917685801057,0.008886662613000218,7.897277239729586e-05,0.0034076130206110913,0.0095975392468093,0.010623876969172703,-0.13976853245537765,1,0.5,ratio,0.1,0.015993312529654972,0.01385061494134517,0.25,3
macenko,erm,True,0.010797917685801057,0.008886662613000218,7.897277239729586e-05,0.0034076130206110913,0.0095975392468093,0.010623876969172703,-0.13976853245537765,1,0.5,ratio,0.2,0.015993312529654972,0.01385061494134517,0.25,3
macenko,erm,True,0.010797917685801057,0.008886662613000218,7.897277239729586e-05,0.0034076130206110913,0.0095975392468093,0.010623876969172703,-0.13976853245537765,1,0.5,design,0.02,0.015993312529654972,0.01385061494134517,0.25,
macenko,erm,True,0.010797917685801057,0.008886662613000218,7.897277239729586e-05,0.0034076130206110913,0.0095975392468093,0.010623876969172703,-0.13976853245537765,1,0.5,design,0.05,0.015993312529654972,0.01385061494134517,0.25,4
macenko,erm,True,0.010797917685801057,0.008886662613000218,7.897277239729586e-05,0.0034076130206110913,0.0095975392468093,0.010623876969172703,-0.13976853245537765,1,0.5,design,0.1,0.015993312529654972,0.01385061494134517,0.25,3
macenko,erm,True,0.010797917685801057,0.008886662613000218,7.897277239729586e-05,0.0034076130206110913,0.0095975392468093,0.010623876969172703,-0.13976853245537765,1,0.5,design,0.2,0.015993312529654972,0.01385061494134517,0.25,2
macenko,erm,True,0.010797917685801057,0.008886662613000218,7.897277239729586e-05,0.0034076130206110913,0.0095975392468093,0.010623876969172703,-0.13976853245537765,3,0.0,none,0.02,0.010797917685801057,0.010797917685801057,0.0,5
macenko,erm,True,0.010797917685801057,0.008886662613000218,7.897277239729586e-05,0.0034076130206110913,0.0095975392468093,0.010623876969172703,-0.13976853245537765,3,0.0,none,0.05,0.010797917685801057,0.010797917685801057,0.0,3
macenko,erm,True,0.010797917685801057,0.008886662613000218,7.897277239729586e-05,0.0034076130206110913,0.0095975392468093,0.010623876969172703,-0.13976853245537765,3,0.0,none,0.1,0.010797917685801057,0.010797917685801057,0.0,3
macenko,erm,True,0.010797917685801057,0.008886662613000218,7.897277239729586e-05,0.0034076130206110913,0.0095975392468093,0.010623876969172703,-0.13976853245537765,3,0.0,none,0.2,0.010797917685801057,0.010797917685801057,0.0,2
macenko,erm,True,0.010797917685801057,0.008886662613000218,7.897277239729586e-05,0.0034076130206110913,0.0095975392468093,0.010623876969172703,-0.13976853245537765,3,0.25,ratio,0.02,0.011543459563101289,0.010797917685801057,0.125,6
macenko,erm,True,0.010797917685801057,0.008886662613000218,7.897277239729586e-05,0.0034076130206110913,0.0095975392468093,0.010623876969172703,-0.13976853245537765,3,0.25,ratio,0.05,0.011543459563101289,0.010797917685801057,0.125,3
macenko,erm,True,0.010797917685801057,0.008886662613000218,7.897277239729586e-05,0.0034076130206110913,0.0095975392468093,0.010623876969172703,-0.13976853245537765,3,0.25,ratio,0.1,0.011543459563101289,0.010797917685801057,0.125,3
macenko,erm,True,0.010797917685801057,0.008886662613000218,7.897277239729586e-05,0.0034076130206110913,0.0095975392468093,0.010623876969172703,-0.13976853245537765,3,0.25,ratio,0.2,0.011543459563101289,0.010797917685801057,0.125,2
macenko,erm,True,0.010797917685801057,0.008886662613000218,7.897277239729586e-05,0.0034076130206110913,0.0095975392468093,0.010623876969172703,-0.13976853245537765,3,0.25,design,0.02,0.011543459563101289,0.010797917685801057,0.125,10
macenko,erm,True,0.010797917685801057,0.008886662613000218,7.897277239729586e-05,0.0034076130206110913,0.0095975392468093,0.010623876969172703,-0.13976853245537765,3,0.25,design,0.05,0.011543459563101289,0.010797917685801057,0.125,3
macenko,erm,True,0.010797917685801057,0.008886662613000218,7.897277239729586e-05,0.0034076130206110913,0.0095975392468093,0.010623876969172703,-0.13976853245537765,3,0.25,design,0.1,0.011543459563101289,0.010797917685801057,0.125,3
macenko,erm,True,0.010797917685801057,0.008886662613000218,7.897277239729586e-05,0.0034076130206110913,0.0095975392468093,0.010623876969172703,-0.13976853245537765,3,0.25,design,0.2,0.011543459563101289,0.010797917685801057,0.125,2
macenko,erm,True,0.010797917685801057,0.008886662613000218,7.897277239729586e-05,0.0034076130206110913,0.0095975392468093,0.010623876969172703,-0.13976853245537765,3,0.5,ratio,0.02,0.012468361365169323,0.010797917685801057,0.25,7
macenko,erm,True,0.010797917685801057,0.008886662613000218,7.897277239729586e-05,0.0034076130206110913,0.0095975392468093,0.010623876969172703,-0.13976853245537765,3,0.5,ratio,0.05,0.012468361365169323,0.010797917685801057,0.25,3
macenko,erm,True,0.010797917685801057,0.008886662613000218,7.897277239729586e-05,0.0034076130206110913,0.0095975392468093,0.010623876969172703,-0.13976853245537765,3,0.5,ratio,0.1,0.012468361365169323,0.010797917685801057,0.25,3
macenko,erm,True,0.010797917685801057,0.008886662613000218,7.897277239729586e-05,0.0034076130206110913,0.0095975392468093,0.010623876969172703,-0.13976853245537765,3,0.5,ratio,0.2,0.012468361365169323,0.010797917685801057,0.25,2
macenko,erm,True,0.010797917685801057,0.008886662613000218,7.897277239729586e-05,0.0034076130206110913,0.0095975392468093,0.010623876969172703,-0.13976853245537765,3,0.5,design,0.02,0.012468361365169323,0.010797917685801057,0.25,
macenko,erm,True,0.010797917685801057,0.008886662613000218,7.897277239729586e-05,0.0034076130206110913,0.0095975392468093,0.010623876969172703,-0.13976853245537765,3,0.5,design,0.05,0.012468361365169323,0.010797917685801057,0.25,3
macenko,erm,True,0.010797917685801057,0.008886662613000218,7.897277239729586e-05,0.0034076130206110913,0.0095975392468093,0.010623876969172703,-0.13976853245537765,3,0.5,design,0.1,0.012468361365169323,0.010797917685801057,0.25,3
macenko,erm,True,0.010797917685801057,0.008886662613000218,7.897277239729586e-05,0.0034076130206110913,0.0095975392468093,0.010623876969172703,-0.13976853245537765,3,0.5,design,0.2,0.012468361365169323,0.010797917685801057,0.25,2
macenko,erm,True,0.010797917685801057,0.008886662613000218,7.897277239729586e-05,0.0034076130206110913,0.0095975392468093,0.010623876969172703,-0.13976853245537765,5,0.0,none,0.02,0.010077009713626335,0.010077009713626335,0.0,5
macenko,erm,True,0.010797917685801057,0.008886662613000218,7.897277239729586e-05,0.0034076130206110913,0.0095975392468093,0.010623876969172703,-0.13976853245537765,5,0.0,none,0.05,0.010077009713626335,0.010077009713626335,0.0,3
macenko,erm,True,0.010797917685801057,0.008886662613000218,7.897277239729586e-05,0.0034076130206110913,0.0095975392468093,0.010623876969172703,-0.13976853245537765,5,0.0,none,0.1,0.010077009713626335,0.010077009713626335,0.0,3
macenko,erm,True,0.010797917685801057,0.008886662613000218,7.897277239729586e-05,0.0034076130206110913,0.0095975392468093,0.010623876969172703,-0.13976853245537765,5,0.0,none,0.2,0.010077009713626335,0.010077009713626335,0.0,2
macenko,erm,True,0.010797917685801057,0.008886662613000218,7.897277239729586e-05,0.0034076130206110913,0.0095975392468093,0.010623876969172703,-0.13976853245537765,5,0.25,ratio,0.02,0.010772776523309354,0.010077009713626335,0.125,6
macenko,erm,True,0.010797917685801057,0.008886662613000218,7.897277239729586e-05,0.0034076130206110913,0.0095975392468093,0.010623876969172703,-0.13976853245537765,5,0.25,ratio,0.05,0.010772776523309354,0.010077009713626335,0.125,3
macenko,erm,True,0.010797917685801057,0.008886662613000218,7.897277239729586e-05,0.0034076130206110913,0.0095975392468093,0.010623876969172703,-0.13976853245537765,5,0.25,ratio,0.1,0.010772776523309354,0.010077009713626335,0.125,3
macenko,erm,True,0.010797917685801057,0.008886662613000218,7.897277239729586e-05,0.0034076130206110913,0.0095975392468093,0.010623876969172703,-0.13976853245537765,5,0.25,ratio,0.2,0.010772776523309354,0.010077009713626335,0.125,2
macenko,erm,True,0.010797917685801057,0.008886662613000218,7.897277239729586e-05,0.0034076130206110913,0.0095975392468093,0.010623876969172703,-0.13976853245537765,5,0.25,design,0.02,0.010772776523309354,0.010077009713626335,0.125,8
macenko,erm,True,0.010797917685801057,0.008886662613000218,7.897277239729586e-05,0.0034076130206110913,0.0095975392468093,0.010623876969172703,-0.13976853245537765,5,0.25,design,0.05,0.010772776523309354,0.010077009713626335,0.125,3
macenko,erm,True,0.010797917685801057,0.008886662613000218,7.897277239729586e-05,0.0034076130206110913,0.0095975392468093,0.010623876969172703,-0.13976853245537765,5,0.25,design,0.1,0.010772776523309354,0.010077009713626335,0.125,3
macenko,erm,True,0.010797917685801057,0.008886662613000218,7.897277239729586e-05,0.0034076130206110913,0.0095975392468093,0.010623876969172703,-0.13976853245537765,5,0.25,design,0.2,0.010772776523309354,0.010077009713626335,0.125,2
macenko,erm,True,0.010797917685801057,0.008886662613000218,7.897277239729586e-05,0.0034076130206110913,0.0095975392468093,0.010623876969172703,-0.13976853245537765,5,0.5,ratio,0.02,0.011635928541577276,0.010077009713626335,0.25,7
macenko,erm,True,0.010797917685801057,0.008886662613000218,7.897277239729586e-05,0.0034076130206110913,0.0095975392468093,0.010623876969172703,-0.13976853245537765,5,0.5,ratio,0.05,0.011635928541577276,0.010077009713626335,0.25,3
macenko,erm,True,0.010797917685801057,0.008886662613000218,7.897277239729586e-05,0.0034076130206110913,0.0095975392468093,0.010623876969172703,-0.13976853245537765,5,0.5,ratio,0.1,0.011635928541577276,0.010077009713626335,0.25,3
macenko,erm,True,0.010797917685801057,0.008886662613000218,7.897277239729586e-05,0.0034076130206110913,0.0095975392468093,0.010623876969172703,-0.13976853245537765,5,0.5,ratio,0.2,0.011635928541577276,0.010077009713626335,0.25,2
macenko,erm,True,0.010797917685801057,0.008886662613000218,7.897277239729586e-05,0.0034076130206110913,0.0095975392468093,0.010623876969172703,-0.13976853245537765,5,0.5,design,0.02,0.011635928541577276,0.010077009713626335,0.25,
macenko,erm,True,0.010797917685801057,0.008886662613000218,7.897277239729586e-05,0.0034076130206110913,0.0095975392468093,0.010623876969172703,-0.13976853245537765,5,0.5,design,0.05,0.011635928541577276,0.010077009713626335,0.25,3
macenko,erm,True,0.010797917685801057,0.008886662613000218,7.897277239729586e-05,0.0034076130206110913,0.0095975392468093,0.010623876969172703,-0.13976853245537765,5,0.5,design,0.1,0.011635928541577276,0.010077009713626335,0.25,3
macenko,erm,True,0.010797917685801057,0.008886662613000218,7.897277239729586e-05,0.0034076130206110913,0.0095975392468093,0.010623876969172703,-0.13976853245537765,5,0.5,design,0.2,0.011635928541577276,0.010077009713626335,0.25,2
macenko,erm,True,0.010797917685801057,0.008886662613000218,7.897277239729586e-05,0.0034076130206110913,0.0095975392468093,0.010623876969172703,-0.13976853245537765,10,0.0,none,0.02,0.009500497280822078,0.009500497280822078,0.0,5
macenko,erm,True,0.010797917685801057,0.008886662613000218,7.897277239729586e-05,0.0034076130206110913,0.0095975392468093,0.010623876969172703,-0.13976853245537765,10,0.0,none,0.05,0.009500497280822078,0.009500497280822078,0.0,3
macenko,erm,True,0.010797917685801057,0.008886662613000218,7.897277239729586e-05,0.0034076130206110913,0.0095975392468093,0.010623876969172703,-0.13976853245537765,10,0.0,none,0.1,0.009500497280822078,0.009500497280822078,0.0,3
macenko,erm,True,0.010797917685801057,0.008886662613000218,7.897277239729586e-05,0.0034076130206110913,0.0095975392468093,0.010623876969172703,-0.13976853245537765,10,0.0,none,0.2,0.009500497280822078,0.009500497280822078,0.0,2
macenko,erm,True,0.010797917685801057,0.008886662613000218,7.897277239729586e-05,0.0034076130206110913,0.0095975392468093,0.010623876969172703,-0.13976853245537765,10,0.25,ratio,0.02,0.010156458808232478,0.009500497280822078,0.125,5
macenko,erm,True,0.010797917685801057,0.008886662613000218,7.897277239729586e-05,0.0034076130206110913,0.0095975392468093,0.010623876969172703,-0.13976853245537765,10,0.25,ratio,0.05,0.010156458808232478,0.009500497280822078,0.125,3
macenko,erm,True,0.010797917685801057,0.008886662613000218,7.897277239729586e-05,0.0034076130206110913,0.0095975392468093,0.010623876969172703,-0.13976853245537765,10,0.25,ratio,0.1,0.010156458808232478,0.009500497280822078,0.125,3
macenko,erm,True,0.010797917685801057,0.008886662613000218,7.897277239729586e-05,0.0034076130206110913,0.0095975392468093,0.010623876969172703,-0.13976853245537765,10,0.25,ratio,0.2,0.010156458808232478,0.009500497280822078,0.125,2
macenko,erm,True,0.010797917685801057,0.008886662613000218,7.897277239729586e-05,0.0034076130206110913,0.0095975392468093,0.010623876969172703,-0.13976853245537765,10,0.25,design,0.02,0.010156458808232478,0.009500497280822078,0.125,7
macenko,erm,True,0.010797917685801057,0.008886662613000218,7.897277239729586e-05,0.0034076130206110913,0.0095975392468093,0.010623876969172703,-0.13976853245537765,10,0.25,design,0.05,0.010156458808232478,0.009500497280822078,0.125,3
macenko,erm,True,0.010797917685801057,0.008886662613000218,7.897277239729586e-05,0.0034076130206110913,0.0095975392468093,0.010623876969172703,-0.13976853245537765,10,0.25,design,0.1,0.010156458808232478,0.009500497280822078,0.125,3
macenko,erm,True,0.010797917685801057,0.008886662613000218,7.897277239729586e-05,0.0034076130206110913,0.0095975392468093,0.010623876969172703,-0.13976853245537765,10,0.25,design,0.2,0.010156458808232478,0.009500497280822078,0.125,2
macenko,erm,True,0.010797917685801057,0.008886662613000218,7.897277239729586e-05,0.0034076130206110913,0.0095975392468093,0.010623876969172703,-0.13976853245537765,10,0.5,ratio,0.02,0.01097022932503587,0.009500497280822078,0.25,6
macenko,erm,True,0.010797917685801057,0.008886662613000218,7.897277239729586e-05,0.0034076130206110913,0.0095975392468093,0.010623876969172703,-0.13976853245537765,10,0.5,ratio,0.05,0.01097022932503587,0.009500497280822078,0.25,3
macenko,erm,True,0.010797917685801057,0.008886662613000218,7.897277239729586e-05,0.0034076130206110913,0.0095975392468093,0.010623876969172703,-0.13976853245537765,10,0.5,ratio,0.1,0.01097022932503587,0.009500497280822078,0.25,3
macenko,erm,True,0.010797917685801057,0.008886662613000218,7.897277239729586e-05,0.0034076130206110913,0.0095975392468093,0.010623876969172703,-0.13976853245537765,10,0.5,ratio,0.2,0.01097022932503587,0.009500497280822078,0.25,2
macenko,erm,True,0.010797917685801057,0.008886662613000218,7.897277239729586e-05,0.0034076130206110913,0.0095975392468093,0.010623876969172703,-0.13976853245537765,10,0.5,design,0.02,0.01097022932503587,0.009500497280822078,0.25,
macenko,erm,True,0.010797917685801057,0.008886662613000218,7.897277239729586e-05,0.0034076130206110913,0.0095975392468093,0.010623876969172703,-0.13976853245537765,10,0.5,design,0.05,0.01097022932503587,0.009500497280822078,0.25,3
macenko,erm,True,0.010797917685801057,0.008886662613000218,7.897277239729586e-05,0.0034076130206110913,0.0095975392468093,0.010623876969172703,-0.13976853245537765,10,0.5,design,0.1,0.01097022932503587,0.009500497280822078,0.25,3
macenko,erm,True,0.010797917685801057,0.008886662613000218,7.897277239729586e-05,0.0034076130206110913,0.0095975392468093,0.010623876969172703,-0.13976853245537765,10,0.5,design,0.2,0.01097022932503587,0.009500497280822078,0.25,2
macenko_tile,erm,True,0.01594174319423535,0.015438445616985798,0.000238345603068628,0.00851756491312245,0.0095975392468093,0.006883365383804899,0.717335196850015,1,0.0,none,0.02,0.016903441131189575,0.016903441131189575,0.0,8
macenko_tile,erm,True,0.01594174319423535,0.015438445616985798,0.000238345603068628,0.00851756491312245,0.0095975392468093,0.006883365383804899,0.717335196850015,1,0.0,none,0.05,0.016903441131189575,0.016903441131189575,0.0,4
macenko_tile,erm,True,0.01594174319423535,0.015438445616985798,0.000238345603068628,0.00851756491312245,0.0095975392468093,0.006883365383804899,0.717335196850015,1,0.0,none,0.1,0.016903441131189575,0.016903441131189575,0.0,3
macenko_tile,erm,True,0.01594174319423535,0.015438445616985798,0.000238345603068628,0.00851756491312245,0.0095975392468093,0.006883365383804899,0.717335196850015,1,0.0,none,0.2,0.016903441131189575,0.016903441131189575,0.0,2
macenko_tile,erm,True,0.01594174319423535,0.015438445616985798,0.000238345603068628,0.00851756491312245,0.0095975392468093,0.006883365383804899,0.717335196850015,1,0.25,ratio,0.02,0.018070538677261126,0.016903441131189575,0.125,11
macenko_tile,erm,True,0.01594174319423535,0.015438445616985798,0.000238345603068628,0.00851756491312245,0.0095975392468093,0.006883365383804899,0.717335196850015,1,0.25,ratio,0.05,0.018070538677261126,0.016903441131189575,0.125,4
macenko_tile,erm,True,0.01594174319423535,0.015438445616985798,0.000238345603068628,0.00851756491312245,0.0095975392468093,0.006883365383804899,0.717335196850015,1,0.25,ratio,0.1,0.018070538677261126,0.016903441131189575,0.125,3
macenko_tile,erm,True,0.01594174319423535,0.015438445616985798,0.000238345603068628,0.00851756491312245,0.0095975392468093,0.006883365383804899,0.717335196850015,1,0.25,ratio,0.2,0.018070538677261126,0.016903441131189575,0.125,3
macenko_tile,erm,True,0.01594174319423535,0.015438445616985798,0.000238345603068628,0.00851756491312245,0.0095975392468093,0.006883365383804899,0.717335196850015,1,0.25,design,0.02,0.018070538677261126,0.016903441131189575,0.125,
macenko_tile,erm,True,0.01594174319423535,0.015438445616985798,0.000238345603068628,0.00851756491312245,0.0095975392468093,0.006883365383804899,0.717335196850015,1,0.25,design,0.05,0.018070538677261126,0.016903441131189575,0.125,4
macenko_tile,erm,True,0.01594174319423535,0.015438445616985798,0.000238345603068628,0.00851756491312245,0.0095975392468093,0.006883365383804899,0.717335196850015,1,0.25,design,0.1,0.018070538677261126,0.016903441131189575,0.125,3
macenko_tile,erm,True,0.01594174319423535,0.015438445616985798,0.000238345603068628,0.00851756491312245,0.0095975392468093,0.006883365383804899,0.717335196850015,1,0.25,design,0.2,0.018070538677261126,0.016903441131189575,0.125,3
macenko_tile,erm,True,0.01594174319423535,0.015438445616985798,0.000238345603068628,0.00851756491312245,0.0095975392468093,0.006883365383804899,0.717335196850015,1,0.5,ratio,0.02,0.019518412574646586,0.016903441131189575,0.25,14
macenko_tile,erm,True,0.01594174319423535,0.015438445616985798,0.000238345603068628,0.00851756491312245,0.0095975392468093,0.006883365383804899,0.717335196850015,1,0.5,ratio,0.05,0.019518412574646586,0.016903441131189575,0.25,5
macenko_tile,erm,True,0.01594174319423535,0.015438445616985798,0.000238345603068628,0.00851756491312245,0.0095975392468093,0.006883365383804899,0.717335196850015,1,0.5,ratio,0.1,0.019518412574646586,0.016903441131189575,0.25,3
macenko_tile,erm,True,0.01594174319423535,0.015438445616985798,0.000238345603068628,0.00851756491312245,0.0095975392468093,0.006883365383804899,0.717335196850015,1,0.5,ratio,0.2,0.019518412574646586,0.016903441131189575,0.25,3
macenko_tile,erm,True,0.01594174319423535,0.015438445616985798,0.000238345603068628,0.00851756491312245,0.0095975392468093,0.006883365383804899,0.717335196850015,1,0.5,design,0.02,0.019518412574646586,0.016903441131189575,0.25,
macenko_tile,erm,True,0.01594174319423535,0.015438445616985798,0.000238345603068628,0.00851756491312245,0.0095975392468093,0.006883365383804899,0.717335196850015,1,0.5,design,0.05,0.019518412574646586,0.016903441131189575,0.25,6
macenko_tile,erm,True,0.01594174319423535,0.015438445616985798,0.000238345603068628,0.00851756491312245,0.0095975392468093,0.006883365383804899,0.717335196850015,1,0.5,design,0.1,0.019518412574646586,0.016903441131189575,0.25,3
macenko_tile,erm,True,0.01594174319423535,0.015438445616985798,0.000238345603068628,0.00851756491312245,0.0095975392468093,0.006883365383804899,0.717335196850015,1,0.5,design,0.2,0.019518412574646586,0.016903441131189575,0.25,3
macenko_tile,erm,True,0.01594174319423535,0.015438445616985798,0.000238345603068628,0.00851756491312245,0.0095975392468093,0.006883365383804899,0.717335196850015,3,0.0,none,0.02,0.01594174319423535,0.01594174319423535,0.0,8
macenko_tile,erm,True,0.01594174319423535,0.015438445616985798,0.000238345603068628,0.00851756491312245,0.0095975392468093,0.006883365383804899,0.717335196850015,3,0.0,none,0.05,0.01594174319423535,0.01594174319423535,0.0,4
macenko_tile,erm,True,0.01594174319423535,0.015438445616985798,0.000238345603068628,0.00851756491312245,0.0095975392468093,0.006883365383804899,0.717335196850015,3,0.0,none,0.1,0.01594174319423535,0.01594174319423535,0.0,3
macenko_tile,erm,True,0.01594174319423535,0.015438445616985798,0.000238345603068628,0.00851756491312245,0.0095975392468093,0.006883365383804899,0.717335196850015,3,0.0,none,0.2,0.01594174319423535,0.01594174319423535,0.0,2
macenko_tile,erm,True,0.01594174319423535,0.015438445616985798,0.000238345603068628,0.00851756491312245,0.0095975392468093,0.006883365383804899,0.717335196850015,3,0.25,ratio,0.02,0.017042440337361117,0.01594174319423535,0.125,10
macenko_tile,erm,True,0.01594174319423535,0.015438445616985798,0.000238345603068628,0.00851756491312245,0.0095975392468093,0.006883365383804899,0.717335196850015,3,0.25,ratio,0.05,0.017042440337361117,0.01594174319423535,0.125,4
macenko_tile,erm,True,0.01594174319423535,0.015438445616985798,0.000238345603068628,0.00851756491312245,0.0095975392468093,0.006883365383804899,0.717335196850015,3,0.25,ratio,0.1,0.017042440337361117,0.01594174319423535,0.125,3
macenko_tile,erm,True,0.01594174319423535,0.015438445616985798,0.000238345603068628,0.00851756491312245,0.0095975392468093,0.006883365383804899,0.717335196850015,3,0.25,ratio,0.2,0.017042440337361117,0.01594174319423535,0.125,3
macenko_tile,erm,True,0.01594174319423535,0.015438445616985798,0.000238345603068628,0.00851756491312245,0.0095975392468093,0.006883365383804899,0.717335196850015,3,0.25,design,0.02,0.017042440337361117,0.01594174319423535,0.125,
macenko_tile,erm,True,0.01594174319423535,0.015438445616985798,0.000238345603068628,0.00851756491312245,0.0095975392468093,0.006883365383804899,0.717335196850015,3,0.25,design,0.05,0.017042440337361117,0.01594174319423535,0.125,4
macenko_tile,erm,True,0.01594174319423535,0.015438445616985798,0.000238345603068628,0.00851756491312245,0.0095975392468093,0.006883365383804899,0.717335196850015,3,0.25,design,0.1,0.017042440337361117,0.01594174319423535,0.125,3
macenko_tile,erm,True,0.01594174319423535,0.015438445616985798,0.000238345603068628,0.00851756491312245,0.0095975392468093,0.006883365383804899,0.717335196850015,3,0.25,design,0.2,0.017042440337361117,0.01594174319423535,0.125,2
macenko_tile,erm,True,0.01594174319423535,0.015438445616985798,0.000238345603068628,0.00851756491312245,0.0095975392468093,0.006883365383804899,0.717335196850015,3,0.5,ratio,0.02,0.01840793944908733,0.01594174319423535,0.25,13
macenko_tile,erm,True,0.01594174319423535,0.015438445616985798,0.000238345603068628,0.00851756491312245,0.0095975392468093,0.006883365383804899,0.717335196850015,3,0.5,ratio,0.05,0.01840793944908733,0.01594174319423535,0.25,4
macenko_tile,erm,True,0.01594174319423535,0.015438445616985798,0.000238345603068628,0.00851756491312245,0.0095975392468093,0.006883365383804899,0.717335196850015,3,0.5,ratio,0.1,0.01840793944908733,0.01594174319423535,0.25,3
macenko_tile,erm,True,0.01594174319423535,0.015438445616985798,0.000238345603068628,0.00851756491312245,0.0095975392468093,0.006883365383804899,0.717335196850015,3,0.5,ratio,0.2,0.01840793944908733,0.01594174319423535,0.25,3
macenko_tile,erm,True,0.01594174319423535,0.015438445616985798,0.000238345603068628,0.00851756491312245,0.0095975392468093,0.006883365383804899,0.717335196850015,3,0.5,design,0.02,0.01840793944908733,0.01594174319423535,0.25,
macenko_tile,erm,True,0.01594174319423535,0.015438445616985798,0.000238345603068628,0.00851756491312245,0.0095975392468093,0.006883365383804899,0.717335196850015,3,0.5,design,0.05,0.01840793944908733,0.01594174319423535,0.25,5
macenko_tile,erm,True,0.01594174319423535,0.015438445616985798,0.000238345603068628,0.00851756491312245,0.0095975392468093,0.006883365383804899,0.717335196850015,3,0.5,design,0.1,0.01840793944908733,0.01594174319423535,0.25,3
macenko_tile,erm,True,0.01594174319423535,0.015438445616985798,0.000238345603068628,0.00851756491312245,0.0095975392468093,0.006883365383804899,0.717335196850015,3,0.5,design,0.2,0.01840793944908733,0.01594174319423535,0.25,3
macenko_tile,erm,True,0.01594174319423535,0.015438445616985798,0.000238345603068628,0.00851756491312245,0.0095975392468093,0.006883365383804899,0.717335196850015,5,0.0,none,0.02,0.015742355188154686,0.015742355188154686,0.0,8
macenko_tile,erm,True,0.01594174319423535,0.015438445616985798,0.000238345603068628,0.00851756491312245,0.0095975392468093,0.006883365383804899,0.717335196850015,5,0.0,none,0.05,0.015742355188154686,0.015742355188154686,0.0,4
macenko_tile,erm,True,0.01594174319423535,0.015438445616985798,0.000238345603068628,0.00851756491312245,0.0095975392468093,0.006883365383804899,0.717335196850015,5,0.0,none,0.1,0.015742355188154686,0.015742355188154686,0.0,3
macenko_tile,erm,True,0.01594174319423535,0.015438445616985798,0.000238345603068628,0.00851756491312245,0.0095975392468093,0.006883365383804899,0.717335196850015,5,0.0,none,0.2,0.015742355188154686,0.015742355188154686,0.0,2
macenko_tile,erm,True,0.01594174319423535,0.015438445616985798,0.000238345603068628,0.00851756491312245,0.0095975392468093,0.006883365383804899,0.717335196850015,5,0.25,ratio,0.02,0.016829285592850875,0.015742355188154686,0.125,10
macenko_tile,erm,True,0.01594174319423535,0.015438445616985798,0.000238345603068628,0.00851756491312245,0.0095975392468093,0.006883365383804899,0.717335196850015,5,0.25,ratio,0.05,0.016829285592850875,0.015742355188154686,0.125,4
macenko_tile,erm,True,0.01594174319423535,0.015438445616985798,0.000238345603068628,0.00851756491312245,0.0095975392468093,0.006883365383804899,0.717335196850015,5,0.25,ratio,0.1,0.016829285592850875,0.015742355188154686,0.125,3
macenko_tile,erm,True,0.01594174319423535,0.015438445616985798,0.000238345603068628,0.00851756491312245,0.0095975392468093,0.006883365383804899,0.717335196850015,5,0.25,ratio,0.2,0.016829285592850875,0.015742355188154686,0.125,3
macenko_tile,erm,True,0.01594174319423535,0.015438445616985798,0.000238345603068628,0.00851756491312245,0.0095975392468093,0.006883365383804899,0.717335196850015,5,0.25,design,0.02,0.016829285592850875,0.015742355188154686,0.125,
macenko_tile,erm,True,0.01594174319423535,0.015438445616985798,0.000238345603068628,0.00851756491312245,0.0095975392468093,0.006883365383804899,0.717335196850015,5,0.25,design,0.05,0.016829285592850875,0.015742355188154686,0.125,4
macenko_tile,erm,True,0.01594174319423535,0.015438445616985798,0.000238345603068628,0.00851756491312245,0.0095975392468093,0.006883365383804899,0.717335196850015,5,0.25,design,0.1,0.016829285592850875,0.015742355188154686,0.125,3
macenko_tile,erm,True,0.01594174319423535,0.015438445616985798,0.000238345603068628,0.00851756491312245,0.0095975392468093,0.006883365383804899,0.717335196850015,5,0.25,design,0.2,0.016829285592850875,0.015742355188154686,0.125,2
macenko_tile,erm,True,0.01594174319423535,0.015438445616985798,0.000238345603068628,0.00851756491312245,0.0095975392468093,0.006883365383804899,0.717335196850015,5,0.5,ratio,0.02,0.01817770601111962,0.015742355188154686,0.25,12
macenko_tile,erm,True,0.01594174319423535,0.015438445616985798,0.000238345603068628,0.00851756491312245,0.0095975392468093,0.006883365383804899,0.717335196850015,5,0.5,ratio,0.05,0.01817770601111962,0.015742355188154686,0.25,4
macenko_tile,erm,True,0.01594174319423535,0.015438445616985798,0.000238345603068628,0.00851756491312245,0.0095975392468093,0.006883365383804899,0.717335196850015,5,0.5,ratio,0.1,0.01817770601111962,0.015742355188154686,0.25,3
macenko_tile,erm,True,0.01594174319423535,0.015438445616985798,0.000238345603068628,0.00851756491312245,0.0095975392468093,0.006883365383804899,0.717335196850015,5,0.5,ratio,0.2,0.01817770601111962,0.015742355188154686,0.25,3
macenko_tile,erm,True,0.01594174319423535,0.015438445616985798,0.000238345603068628,0.00851756491312245,0.0095975392468093,0.006883365383804899,0.717335196850015,5,0.5,design,0.02,0.01817770601111962,0.015742355188154686,0.25,
macenko_tile,erm,True,0.01594174319423535,0.015438445616985798,0.000238345603068628,0.00851756491312245,0.0095975392468093,0.006883365383804899,0.717335196850015,5,0.5,design,0.05,0.01817770601111962,0.015742355188154686,0.25,5
macenko_tile,erm,True,0.01594174319423535,0.015438445616985798,0.000238345603068628,0.00851756491312245,0.0095975392468093,0.006883365383804899,0.717335196850015,5,0.5,design,0.1,0.01817770601111962,0.015742355188154686,0.25,3
macenko_tile,erm,True,0.01594174319423535,0.015438445616985798,0.000238345603068628,0.00851756491312245,0.0095975392468093,0.006883365383804899,0.717335196850015,5,0.5,design,0.2,0.01817770601111962,0.015742355188154686,0.25,3
macenko_tile,erm,True,0.01594174319423535,0.015438445616985798,0.000238345603068628,0.00851756491312245,0.0095975392468093,0.006883365383804899,0.717335196850015,10,0.0,none,0.02,0.015591140913009682,0.015591140913009682,0.0,7
macenko_tile,erm,True,0.01594174319423535,0.015438445616985798,0.000238345603068628,0.00851756491312245,0.0095975392468093,0.006883365383804899,0.717335196850015,10,0.0,none,0.05,0.015591140913009682,0.015591140913009682,0.0,4
macenko_tile,erm,True,0.01594174319423535,0.015438445616985798,0.000238345603068628,0.00851756491312245,0.0095975392468093,0.006883365383804899,0.717335196850015,10,0.0,none,0.1,0.015591140913009682,0.015591140913009682,0.0,3
macenko_tile,erm,True,0.01594174319423535,0.015438445616985798,0.000238345603068628,0.00851756491312245,0.0095975392468093,0.006883365383804899,0.717335196850015,10,0.0,none,0.2,0.015591140913009682,0.015591140913009682,0.0,2
macenko_tile,erm,True,0.01594174319423535,0.015438445616985798,0.000238345603068628,0.00851756491312245,0.0095975392468093,0.006883365383804899,0.717335196850015,10,0.25,ratio,0.02,0.016667630732970312,0.015591140913009682,0.125,9
macenko_tile,erm,True,0.01594174319423535,0.015438445616985798,0.000238345603068628,0.00851756491312245,0.0095975392468093,0.006883365383804899,0.717335196850015,10,0.25,ratio,0.05,0.016667630732970312,0.015591140913009682,0.125,4
macenko_tile,erm,True,0.01594174319423535,0.015438445616985798,0.000238345603068628,0.00851756491312245,0.0095975392468093,0.006883365383804899,0.717335196850015,10,0.25,ratio,0.1,0.016667630732970312,0.015591140913009682,0.125,3
macenko_tile,erm,True,0.01594174319423535,0.015438445616985798,0.000238345603068628,0.00851756491312245,0.0095975392468093,0.006883365383804899,0.717335196850015,10,0.25,ratio,0.2,0.016667630732970312,0.015591140913009682,0.125,3
macenko_tile,erm,True,0.01594174319423535,0.015438445616985798,0.000238345603068628,0.00851756491312245,0.0095975392468093,0.006883365383804899,0.717335196850015,10,0.25,design,0.02,0.016667630732970312,0.015591140913009682,0.125,
macenko_tile,erm,True,0.01594174319423535,0.015438445616985798,0.000238345603068628,0.00851756491312245,0.0095975392468093,0.006883365383804899,0.717335196850015,10,0.25,design,0.05,0.016667630732970312,0.015591140913009682,0.125,4
macenko_tile,erm,True,0.01594174319423535,0.015438445616985798,0.000238345603068628,0.00851756491312245,0.0095975392468093,0.006883365383804899,0.717335196850015,10,0.25,design,0.1,0.016667630732970312,0.015591140913009682,0.125,3
macenko_tile,erm,True,0.01594174319423535,0.015438445616985798,0.000238345603068628,0.00851756491312245,0.0095975392468093,0.006883365383804899,0.717335196850015,10,0.25,design,0.2,0.016667630732970312,0.015591140913009682,0.125,2
macenko_tile,erm,True,0.01594174319423535,0.015438445616985798,0.000238345603068628,0.00851756491312245,0.0095975392468093,0.006883365383804899,0.717335196850015,10,0.5,ratio,0.02,0.018003098806199054,0.015591140913009682,0.25,12
macenko_tile,erm,True,0.01594174319423535,0.015438445616985798,0.000238345603068628,0.00851756491312245,0.0095975392468093,0.006883365383804899,0.717335196850015,10,0.5,ratio,0.05,0.018003098806199054,0.015591140913009682,0.25,4
macenko_tile,erm,True,0.01594174319423535,0.015438445616985798,0.000238345603068628,0.00851756491312245,0.0095975392468093,0.006883365383804899,0.717335196850015,10,0.5,ratio,0.1,0.018003098806199054,0.015591140913009682,0.25,3
macenko_tile,erm,True,0.01594174319423535,0.015438445616985798,0.000238345603068628,0.00851756491312245,0.0095975392468093,0.006883365383804899,0.717335196850015,10,0.5,ratio,0.2,0.018003098806199054,0.015591140913009682,0.25,3
macenko_tile,erm,True,0.01594174319423535,0.015438445616985798,0.000238345603068628,0.00851756491312245,0.0095975392468093,0.006883365383804899,0.717335196850015,10,0.5,design,0.02,0.018003098806199054,0.015591140913009682,0.25,
macenko_tile,erm,True,0.01594174319423535,0.015438445616985798,0.000238345603068628,0.00851756491312245,0.0095975392468093,0.006883365383804899,0.717335196850015,10,0.5,design,0.05,0.018003098806199054,0.015591140913009682,0.25,5
macenko_tile,erm,True,0.01594174319423535,0.015438445616985798,0.000238345603068628,0.00851756491312245,0.0095975392468093,0.006883365383804899,0.717335196850015,10,0.5,design,0.1,0.018003098806199054,0.015591140913009682,0.25,3
macenko_tile,erm,True,0.01594174319423535,0.015438445616985798,0.000238345603068628,0.00851756491312245,0.0095975392468093,0.006883365383804899,0.717335196850015,10,0.5,design,0.2,0.018003098806199054,0.015591140913009682,0.25,3
mixstyle,erm,True,0.020529824230532404,0.01751161293875294,0.0003066565877166993,0.016098602592343955,0.0095975392468093,0.018559398849627873,0.02209116958256389,1,0.0,none,0.02,0.025516815502257872,0.025516815502257872,0.0,15
mixstyle,erm,True,0.020529824230532404,0.01751161293875294,0.0003066565877166993,0.016098602592343955,0.0095975392468093,0.018559398849627873,0.02209116958256389,1,0.0,none,0.05,0.025516815502257872,0.025516815502257872,0.0,5
mixstyle,erm,True,0.020529824230532404,0.01751161293875294,0.0003066565877166993,0.016098602592343955,0.0095975392468093,0.018559398849627873,0.02209116958256389,1,0.0,none,0.1,0.025516815502257872,0.025516815502257872,0.0,3
mixstyle,erm,True,0.020529824230532404,0.01751161293875294,0.0003066565877166993,0.016098602592343955,0.0095975392468093,0.018559398849627873,0.02209116958256389,1,0.0,none,0.2,0.025516815502257872,0.025516815502257872,0.0,3
mixstyle,erm,True,0.020529824230532404,0.01751161293875294,0.0003066565877166993,0.016098602592343955,0.0095975392468093,0.018559398849627873,0.02209116958256389,1,0.25,ratio,0.02,0.027278623203134567,0.025516815502257872,0.125,21
mixstyle,erm,True,0.020529824230532404,0.01751161293875294,0.0003066565877166993,0.016098602592343955,0.0095975392468093,0.018559398849627873,0.02209116958256389,1,0.25,ratio,0.05,0.027278623203134567,0.025516815502257872,0.125,6
mixstyle,erm,True,0.020529824230532404,0.01751161293875294,0.0003066565877166993,0.016098602592343955,0.0095975392468093,0.018559398849627873,0.02209116958256389,1,0.25,ratio,0.1,0.027278623203134567,0.025516815502257872,0.125,3
mixstyle,erm,True,0.020529824230532404,0.01751161293875294,0.0003066565877166993,0.016098602592343955,0.0095975392468093,0.018559398849627873,0.02209116958256389,1,0.25,ratio,0.2,0.027278623203134567,0.025516815502257872,0.125,3
mixstyle,erm,True,0.020529824230532404,0.01751161293875294,0.0003066565877166993,0.016098602592343955,0.0095975392468093,0.018559398849627873,0.02209116958256389,1,0.25,design,0.02,0.027278623203134567,0.025516815502257872,0.125,
mixstyle,erm,True,0.020529824230532404,0.01751161293875294,0.0003066565877166993,0.016098602592343955,0.0095975392468093,0.018559398849627873,0.02209116958256389,1,0.25,design,0.05,0.027278623203134567,0.025516815502257872,0.125,8
mixstyle,erm,True,0.020529824230532404,0.01751161293875294,0.0003066565877166993,0.016098602592343955,0.0095975392468093,0.018559398849627873,0.02209116958256389,1,0.25,design,0.1,0.027278623203134567,0.025516815502257872,0.125,3
mixstyle,erm,True,0.020529824230532404,0.01751161293875294,0.0003066565877166993,0.016098602592343955,0.0095975392468093,0.018559398849627873,0.02209116958256389,1,0.25,design,0.2,0.027278623203134567,0.025516815502257872,0.125,3
mixstyle,erm,True,0.020529824230532404,0.01751161293875294,0.0003066565877166993,0.016098602592343955,0.0095975392468093,0.018559398849627873,0.02209116958256389,1,0.5,ratio,0.02,0.029464280598181198,0.025516815502257872,0.25,28
mixstyle,erm,True,0.020529824230532404,0.01751161293875294,0.0003066565877166993,0.016098602592343955,0.0095975392468093,0.018559398849627873,0.02209116958256389,1,0.5,ratio,0.05,0.029464280598181198,0.025516815502257872,0.25,7
mixstyle,erm,True,0.020529824230532404,0.01751161293875294,0.0003066565877166993,0.016098602592343955,0.0095975392468093,0.018559398849627873,0.02209116958256389,1,0.5,ratio,0.1,0.029464280598181198,0.025516815502257872,0.25,4
mixstyle,erm,True,0.020529824230532404,0.01751161293875294,0.0003066565877166993,0.016098602592343955,0.0095975392468093,0.018559398849627873,0.02209116958256389,1,0.5,ratio,0.2,0.029464280598181198,0.025516815502257872,0.25,3
mixstyle,erm,True,0.020529824230532404,0.01751161293875294,0.0003066565877166993,0.016098602592343955,0.0095975392468093,0.018559398849627873,0.02209116958256389,1,0.5,design,0.02,0.029464280598181198,0.025516815502257872,0.25,
mixstyle,erm,True,0.020529824230532404,0.01751161293875294,0.0003066565877166993,0.016098602592343955,0.0095975392468093,0.018559398849627873,0.02209116958256389,1,0.5,design,0.05,0.029464280598181198,0.025516815502257872,0.25,
mixstyle,erm,True,0.020529824230532404,0.01751161293875294,0.0003066565877166993,0.016098602592343955,0.0095975392468093,0.018559398849627873,0.02209116958256389,1,0.5,design,0.1,0.029464280598181198,0.025516815502257872,0.25,4
mixstyle,erm,True,0.020529824230532404,0.01751161293875294,0.0003066565877166993,0.016098602592343955,0.0095975392468093,0.018559398849627873,0.02209116958256389,1,0.5,design,0.2,0.029464280598181198,0.025516815502257872,0.25,3
mixstyle,erm,True,0.020529824230532404,0.01751161293875294,0.0003066565877166993,0.016098602592343955,0.0095975392468093,0.018559398849627873,0.02209116958256389,3,0.0,none,0.02,0.020529824230532404,0.020529824230532404,0.0,11
mixstyle,erm,True,0.020529824230532404,0.01751161293875294,0.0003066565877166993,0.016098602592343955,0.0095975392468093,0.018559398849627873,0.02209116958256389,3,0.0,none,0.05,0.020529824230532404,0.020529824230532404,0.0,4
mixstyle,erm,True,0.020529824230532404,0.01751161293875294,0.0003066565877166993,0.016098602592343955,0.0095975392468093,0.018559398849627873,0.02209116958256389,3,0.0,none,0.1,0.020529824230532404,0.020529824230532404,0.0,3
mixstyle,erm,True,0.020529824230532404,0.01751161293875294,0.0003066565877166993,0.016098602592343955,0.0095975392468093,0.018559398849627873,0.02209116958256389,3,0.0,none,0.2,0.020529824230532404,0.020529824230532404,0.0,3
mixstyle,erm,True,0.020529824230532404,0.01751161293875294,0.0003066565877166993,0.016098602592343955,0.0095975392468093,0.018559398849627873,0.02209116958256389,3,0.25,ratio,0.02,0.02194730528038349,0.020529824230532404,0.125,14
mixstyle,erm,True,0.020529824230532404,0.01751161293875294,0.0003066565877166993,0.016098602592343955,0.0095975392468093,0.018559398849627873,0.02209116958256389,3,0.25,ratio,0.05,0.02194730528038349,0.020529824230532404,0.125,5
mixstyle,erm,True,0.020529824230532404,0.01751161293875294,0.0003066565877166993,0.016098602592343955,0.0095975392468093,0.018559398849627873,0.02209116958256389,3,0.25,ratio,0.1,0.02194730528038349,0.020529824230532404,0.125,3
mixstyle,erm,True,0.020529824230532404,0.01751161293875294,0.0003066565877166993,0.016098602592343955,0.0095975392468093,0.018559398849627873,0.02209116958256389,3,0.25,ratio,0.2,0.02194730528038349,0.020529824230532404,0.125,3
mixstyle,erm,True,0.020529824230532404,0.01751161293875294,0.0003066565877166993,0.016098602592343955,0.0095975392468093,0.018559398849627873,0.02209116958256389,3,0.25,design,0.02,0.02194730528038349,0.020529824230532404,0.125,
mixstyle,erm,True,0.020529824230532404,0.01751161293875294,0.0003066565877166993,0.016098602592343955,0.0095975392468093,0.018559398849627873,0.02209116958256389,3,0.25,design,0.05,0.02194730528038349,0.020529824230532404,0.125,5
mixstyle,erm,True,0.020529824230532404,0.01751161293875294,0.0003066565877166993,0.016098602592343955,0.0095975392468093,0.018559398849627873,0.02209116958256389,3,0.25,design,0.1,0.02194730528038349,0.020529824230532404,0.125,3
mixstyle,erm,True,0.020529824230532404,0.01751161293875294,0.0003066565877166993,0.016098602592343955,0.0095975392468093,0.018559398849627873,0.02209116958256389,3,0.25,design,0.2,0.02194730528038349,0.020529824230532404,0.125,3
mixstyle,erm,True,0.020529824230532404,0.01751161293875294,0.0003066565877166993,0.016098602592343955,0.0095975392468093,0.018559398849627873,0.02209116958256389,3,0.5,ratio,0.02,0.02370579909182717,0.020529824230532404,0.25,19
mixstyle,erm,True,0.020529824230532404,0.01751161293875294,0.0003066565877166993,0.016098602592343955,0.0095975392468093,0.018559398849627873,0.02209116958256389,3,0.5,ratio,0.05,0.02370579909182717,0.020529824230532404,0.25,5
mixstyle,erm,True,0.020529824230532404,0.01751161293875294,0.0003066565877166993,0.016098602592343955,0.0095975392468093,0.018559398849627873,0.02209116958256389,3,0.5,ratio,0.1,0.02370579909182717,0.020529824230532404,0.25,3
mixstyle,erm,True,0.020529824230532404,0.01751161293875294,0.0003066565877166993,0.016098602592343955,0.0095975392468093,0.018559398849627873,0.02209116958256389,3,0.5,ratio,0.2,0.02370579909182717,0.020529824230532404,0.25,3
mixstyle,erm,True,0.020529824230532404,0.01751161293875294,0.0003066565877166993,0.016098602592343955,0.0095975392468093,0.018559398849627873,0.02209116958256389,3,0.5,design,0.02,0.02370579909182717,0.020529824230532404,0.25,
mixstyle,erm,True,0.020529824230532404,0.01751161293875294,0.0003066565877166993,0.016098602592343955,0.0095975392468093,0.018559398849627873,0.02209116958256389,3,0.5,design,0.05,0.02370579909182717,0.020529824230532404,0.25,18
mixstyle,erm,True,0.020529824230532404,0.01751161293875294,0.0003066565877166993,0.016098602592343955,0.0095975392468093,0.018559398849627873,0.02209116958256389,3,0.5,design,0.1,0.02370579909182717,0.020529824230532404,0.25,3
mixstyle,erm,True,0.020529824230532404,0.01751161293875294,0.0003066565877166993,0.016098602592343955,0.0095975392468093,0.018559398849627873,0.02209116958256389,3,0.5,design,0.2,0.02370579909182717,0.020529824230532404,0.25,3
mixstyle,erm,True,0.020529824230532404,0.01751161293875294,0.0003066565877166993,0.016098602592343955,0.0095975392468093,0.018559398849627873,0.02209116958256389,5,0.0,none,0.02,0.019379031060623567,0.019379031060623567,0.0,10
mixstyle,erm,True,0.020529824230532404,0.01751161293875294,0.0003066565877166993,0.016098602592343955,0.0095975392468093,0.018559398849627873,0.02209116958256389,5,0.0,none,0.05,0.019379031060623567,0.019379031060623567,0.0,4
mixstyle,erm,True,0.020529824230532404,0.01751161293875294,0.0003066565877166993,0.016098602592343955,0.0095975392468093,0.018559398849627873,0.02209116958256389,5,0.0,none,0.1,0.019379031060623567,0.019379031060623567,0.0,3
mixstyle,erm,True,0.020529824230532404,0.01751161293875294,0.0003066565877166993,0.016098602592343955,0.0095975392468093,0.018559398849627873,0.02209116958256389,5,0.0,none,0.2,0.019379031060623567,0.019379031060623567,0.0,3
mixstyle,erm,True,0.020529824230532404,0.01751161293875294,0.0003066565877166993,0.016098602592343955,0.0095975392468093,0.018559398849627873,0.02209116958256389,5,0.25,ratio,0.02,0.020717055633286807,0.019379031060623567,0.125,13
mixstyle,erm,True,0.020529824230532404,0.01751161293875294,0.0003066565877166993,0.016098602592343955,0.0095975392468093,0.018559398849627873,0.02209116958256389,5,0.25,ratio,0.05,0.020717055633286807,0.019379031060623567,0.125,4
mixstyle,erm,True,0.020529824230532404,0.01751161293875294,0.0003066565877166993,0.016098602592343955,0.0095975392468093,0.018559398849627873,0.02209116958256389,5,0.25,ratio,0.1,0.020717055633286807,0.019379031060623567,0.125,3
mixstyle,erm,True,0.020529824230532404,0.01751161293875294,0.0003066565877166993,0.016098602592343955,0.0095975392468093,0.018559398849627873,0.02209116958256389,5,0.25,ratio,0.2,0.020717055633286807,0.019379031060623567,0.125,3
mixstyle,erm,True,0.020529824230532404,0.01751161293875294,0.0003066565877166993,0.016098602592343955,0.0095975392468093,0.018559398849627873,0.02209116958256389,5,0.25,design,0.02,0.020717055633286807,0.019379031060623567,0.125,
mixstyle,erm,True,0.020529824230532404,0.01751161293875294,0.0003066565877166993,0.016098602592343955,0.0095975392468093,0.018559398849627873,0.02209116958256389,5,0.25,design,0.05,0.020717055633286807,0.019379031060623567,0.125,5
mixstyle,erm,True,0.020529824230532404,0.01751161293875294,0.0003066565877166993,0.016098602592343955,0.0095975392468093,0.018559398849627873,0.02209116958256389,5,0.25,design,0.1,0.020717055633286807,0.019379031060623567,0.125,3
mixstyle,erm,True,0.020529824230532404,0.01751161293875294,0.0003066565877166993,0.016098602592343955,0.0095975392468093,0.018559398849627873,0.02209116958256389,5,0.25,design,0.2,0.020717055633286807,0.019379031060623567,0.125,3
mixstyle,erm,True,0.020529824230532404,0.01751161293875294,0.0003066565877166993,0.016098602592343955,0.0095975392468093,0.018559398849627873,0.02209116958256389,5,0.5,ratio,0.02,0.022376977598970272,0.019379031060623567,0.25,17
mixstyle,erm,True,0.020529824230532404,0.01751161293875294,0.0003066565877166993,0.016098602592343955,0.0095975392468093,0.018559398849627873,0.02209116958256389,5,0.5,ratio,0.05,0.022376977598970272,0.019379031060623567,0.25,5
mixstyle,erm,True,0.020529824230532404,0.01751161293875294,0.0003066565877166993,0.016098602592343955,0.0095975392468093,0.018559398849627873,0.02209116958256389,5,0.5,ratio,0.1,0.022376977598970272,0.019379031060623567,0.25,3
mixstyle,erm,True,0.020529824230532404,0.01751161293875294,0.0003066565877166993,0.016098602592343955,0.0095975392468093,0.018559398849627873,0.02209116958256389,5,0.5,ratio,0.2,0.022376977598970272,0.019379031060623567,0.25,3
mixstyle,erm,True,0.020529824230532404,0.01751161293875294,0.0003066565877166993,0.016098602592343955,0.0095975392468093,0.018559398849627873,0.02209116958256389,5,0.5,design,0.02,0.022376977598970272,0.019379031060623567,0.25,
mixstyle,erm,True,0.020529824230532404,0.01751161293875294,0.0003066565877166993,0.016098602592343955,0.0095975392468093,0.018559398849627873,0.02209116958256389,5,0.5,design,0.05,0.022376977598970272,0.019379031060623567,0.25,10
mixstyle,erm,True,0.020529824230532404,0.01751161293875294,0.0003066565877166993,0.016098602592343955,0.0095975392468093,0.018559398849627873,0.02209116958256389,5,0.5,design,0.1,0.022376977598970272,0.019379031060623567,0.25,3
mixstyle,erm,True,0.020529824230532404,0.01751161293875294,0.0003066565877166993,0.016098602592343955,0.0095975392468093,0.018559398849627873,0.02209116958256389,5,0.5,design,0.2,0.022376977598970272,0.019379031060623567,0.25,3
mixstyle,erm,True,0.020529824230532404,0.01751161293875294,0.0003066565877166993,0.016098602592343955,0.0095975392468093,0.018559398849627873,0.02209116958256389,10,0.0,none,0.02,0.018468939230033114,0.018468939230033114,0.0,9
mixstyle,erm,True,0.020529824230532404,0.01751161293875294,0.0003066565877166993,0.016098602592343955,0.0095975392468093,0.018559398849627873,0.02209116958256389,10,0.0,none,0.05,0.018468939230033114,0.018468939230033114,0.0,4
mixstyle,erm,True,0.020529824230532404,0.01751161293875294,0.0003066565877166993,0.016098602592343955,0.0095975392468093,0.018559398849627873,0.02209116958256389,10,0.0,none,0.1,0.018468939230033114,0.018468939230033114,0.0,3
mixstyle,erm,True,0.020529824230532404,0.01751161293875294,0.0003066565877166993,0.016098602592343955,0.0095975392468093,0.018559398849627873,0.02209116958256389,10,0.0,none,0.2,0.018468939230033114,0.018468939230033114,0.0,3
mixstyle,erm,True,0.020529824230532404,0.01751161293875294,0.0003066565877166993,0.016098602592343955,0.0095975392468093,0.018559398849627873,0.02209116958256389,10,0.25,ratio,0.02,0.01974412654169498,0.018468939230033114,0.125,12
mixstyle,erm,True,0.020529824230532404,0.01751161293875294,0.0003066565877166993,0.016098602592343955,0.0095975392468093,0.018559398849627873,0.02209116958256389,10,0.25,ratio,0.05,0.01974412654169498,0.018468939230033114,0.125,4
mixstyle,erm,True,0.020529824230532404,0.01751161293875294,0.0003066565877166993,0.016098602592343955,0.0095975392468093,0.018559398849627873,0.02209116958256389,10,0.25,ratio,0.1,0.01974412654169498,0.018468939230033114,0.125,3
mixstyle,erm,True,0.020529824230532404,0.01751161293875294,0.0003066565877166993,0.016098602592343955,0.0095975392468093,0.018559398849627873,0.02209116958256389,10,0.25,ratio,0.2,0.01974412654169498,0.018468939230033114,0.125,3
mixstyle,erm,True,0.020529824230532404,0.01751161293875294,0.0003066565877166993,0.016098602592343955,0.0095975392468093,0.018559398849627873,0.02209116958256389,10,0.25,design,0.02,0.01974412654169498,0.018468939230033114,0.125,
mixstyle,erm,True,0.020529824230532404,0.01751161293875294,0.0003066565877166993,0.016098602592343955,0.0095975392468093,0.018559398849627873,0.02209116958256389,10,0.25,design,0.05,0.01974412654169498,0.018468939230033114,0.125,5
mixstyle,erm,True,0.020529824230532404,0.01751161293875294,0.0003066565877166993,0.016098602592343955,0.0095975392468093,0.018559398849627873,0.02209116958256389,10,0.25,design,0.1,0.01974412654169498,0.018468939230033114,0.125,3
mixstyle,erm,True,0.020529824230532404,0.01751161293875294,0.0003066565877166993,0.016098602592343955,0.0095975392468093,0.018559398849627873,0.02209116958256389,10,0.25,design,0.2,0.01974412654169498,0.018468939230033114,0.125,3
mixstyle,erm,True,0.020529824230532404,0.01751161293875294,0.0003066565877166993,0.016098602592343955,0.0095975392468093,0.018559398849627873,0.02209116958256389,10,0.5,ratio,0.02,0.021326094072212917,0.018468939230033114,0.25,16
mixstyle,erm,True,0.020529824230532404,0.01751161293875294,0.0003066565877166993,0.016098602592343955,0.0095975392468093,0.018559398849627873,0.02209116958256389,10,0.5,ratio,0.05,0.021326094072212917,0.018468939230033114,0.25,5
mixstyle,erm,True,0.020529824230532404,0.01751161293875294,0.0003066565877166993,0.016098602592343955,0.0095975392468093,0.018559398849627873,0.02209116958256389,10,0.5,ratio,0.1,0.021326094072212917,0.018468939230033114,0.25,3
mixstyle,erm,True,0.020529824230532404,0.01751161293875294,0.0003066565877166993,0.016098602592343955,0.0095975392468093,0.018559398849627873,0.02209116958256389,10,0.5,ratio,0.2,0.021326094072212917,0.018468939230033114,0.25,3
mixstyle,erm,True,0.020529824230532404,0.01751161293875294,0.0003066565877166993,0.016098602592343955,0.0095975392468093,0.018559398849627873,0.02209116958256389,10,0.5,design,0.02,0.021326094072212917,0.018468939230033114,0.25,
mixstyle,erm,True,0.020529824230532404,0.01751161293875294,0.0003066565877166993,0.016098602592343955,0.0095975392468093,0.018559398849627873,0.02209116958256389,10,0.5,design,0.05,0.021326094072212917,0.018468939230033114,0.25,8
mixstyle,erm,True,0.020529824230532404,0.01751161293875294,0.0003066565877166993,0.016098602592343955,0.0095975392468093,0.018559398849627873,0.02209116958256389,10,0.5,design,0.1,0.021326094072212917,0.018468939230033114,0.25,3
mixstyle,erm,True,0.020529824230532404,0.01751161293875294,0.0003066565877166993,0.016098602592343955,0.0095975392468093,0.018559398849627873,0.02209116958256389,10,0.5,design,0.2,0.021326094072212917,0.018468939230033114,0.25,3
probe_resnet50_imagenet,erm,True,0.058041836506670365,0.057766860943021706,0.0033370102232104064,0.0024611184430674885,0.0095975392468093,0.00977413349458349,0.055802329150325895,1,0.0,none,0.02,0.05858791606449529,0.05858791606449529,0.0,70
probe_resnet50_imagenet,erm,True,0.058041836506670365,0.057766860943021706,0.0033370102232104064,0.0024611184430674885,0.0095975392468093,0.00977413349458349,0.055802329150325895,1,0.0,none,0.05,0.05858791606449529,0.05858791606449529,0.0,13
probe_resnet50_imagenet,erm,True,0.058041836506670365,0.057766860943021706,0.0033370102232104064,0.0024611184430674885,0.0095975392468093,0.00977413349458349,0.055802329150325895,1,0.0,none,0.1,0.05858791606449529,0.05858791606449529,0.0,5
probe_resnet50_imagenet,erm,True,0.058041836506670365,0.057766860943021706,0.0033370102232104064,0.0024611184430674885,0.0095975392468093,0.00977413349458349,0.055802329150325895,1,0.0,none,0.2,0.05858791606449529,0.05858791606449529,0.0,3
probe_resnet50_imagenet,erm,True,0.058041836506670365,0.057766860943021706,0.0033370102232104064,0.0024611184430674885,0.0095975392468093,0.00977413349458349,0.055802329150325895,1,0.25,ratio,0.02,0.06263311683383156,0.05858791606449529,0.125,99
probe_resnet50_imagenet,erm,True,0.058041836506670365,0.057766860943021706,0.0033370102232104064,0.0024611184430674885,0.0095975392468093,0.00977413349458349,0.055802329150325895,1,0.25,ratio,0.05,0.06263311683383156,0.05858791606449529,0.125,18
probe_resnet50_imagenet,erm,True,0.058041836506670365,0.057766860943021706,0.0033370102232104064,0.0024611184430674885,0.0095975392468093,0.00977413349458349,0.055802329150325895,1,0.25,ratio,0.1,0.06263311683383156,0.05858791606449529,0.125,7
probe_resnet50_imagenet,erm,True,0.058041836506670365,0.057766860943021706,0.0033370102232104064,0.0024611184430674885,0.0095975392468093,0.00977413349458349,0.055802329150325895,1,0.25,ratio,0.2,0.06263311683383156,0.05858791606449529,0.125,4
probe_resnet50_imagenet,erm,True,0.058041836506670365,0.057766860943021706,0.0033370102232104064,0.0024611184430674885,0.0095975392468093,0.00977413349458349,0.055802329150325895,1,0.25,design,0.02,0.06263311683383156,0.05858791606449529,0.125,
probe_resnet50_imagenet,erm,True,0.058041836506670365,0.057766860943021706,0.0033370102232104064,0.0024611184430674885,0.0095975392468093,0.00977413349458349,0.055802329150325895,1,0.25,design,0.05,0.06263311683383156,0.05858791606449529,0.125,
probe_resnet50_imagenet,erm,True,0.058041836506670365,0.057766860943021706,0.0033370102232104064,0.0024611184430674885,0.0095975392468093,0.00977413349458349,0.055802329150325895,1,0.25,design,0.1,0.06263311683383156,0.05858791606449529,0.125,16
probe_resnet50_imagenet,erm,True,0.058041836506670365,0.057766860943021706,0.0033370102232104064,0.0024611184430674885,0.0095975392468093,0.00977413349458349,0.055802329150325895,1,0.25,design,0.2,0.06263311683383156,0.05858791606449529,0.125,4
probe_resnet50_imagenet,erm,True,0.058041836506670365,0.057766860943021706,0.0033370102232104064,0.0024611184430674885,0.0095975392468093,0.00977413349458349,0.055802329150325895,1,0.5,ratio,0.02,0.06765149822219112,0.05858791606449529,0.25,137
probe_resnet50_imagenet,erm,True,0.058041836506670365,0.057766860943021706,0.0033370102232104064,0.0024611184430674885,0.0095975392468093,0.00977413349458349,0.055802329150325895,1,0.5,ratio,0.05,0.06765149822219112,0.05858791606449529,0.25,24
probe_resnet50_imagenet,erm,True,0.058041836506670365,0.057766860943021706,0.0033370102232104064,0.0024611184430674885,0.0095975392468093,0.00977413349458349,0.055802329150325895,1,0.5,ratio,0.1,0.06765149822219112,0.05858791606449529,0.25,8
probe_resnet50_imagenet,erm,True,0.058041836506670365,0.057766860943021706,0.0033370102232104064,0.0024611184430674885,0.0095975392468093,0.00977413349458349,0.055802329150325895,1,0.5,ratio,0.2,0.06765149822219112,0.05858791606449529,0.25,4
probe_resnet50_imagenet,erm,True,0.058041836506670365,0.057766860943021706,0.0033370102232104064,0.0024611184430674885,0.0095975392468093,0.00977413349458349,0.055802329150325895,1,0.5,design,0.02,0.06765149822219112,0.05858791606449529,0.25,
probe_resnet50_imagenet,erm,True,0.058041836506670365,0.057766860943021706,0.0033370102232104064,0.0024611184430674885,0.0095975392468093,0.00977413349458349,0.055802329150325895,1,0.5,design,0.05,0.06765149822219112,0.05858791606449529,0.25,
probe_resnet50_imagenet,erm,True,0.058041836506670365,0.057766860943021706,0.0033370102232104064,0.0024611184430674885,0.0095975392468093,0.00977413349458349,0.055802329150325895,1,0.5,design,0.1,0.06765149822219112,0.05858791606449529,0.25,
probe_resnet50_imagenet,erm,True,0.058041836506670365,0.057766860943021706,0.0033370102232104064,0.0024611184430674885,0.0095975392468093,0.00977413349458349,0.055802329150325895,1,0.5,design,0.2,0.06765149822219112,0.05858791606449529,0.25,5
probe_resnet50_imagenet,erm,True,0.058041836506670365,0.057766860943021706,0.0033370102232104064,0.0024611184430674885,0.0095975392468093,0.00977413349458349,0.055802329150325895,3,0.0,none,0.02,0.058041836506670365,0.058041836506670365,0.0,69
probe_resnet50_imagenet,erm,True,0.058041836506670365,0.057766860943021706,0.0033370102232104064,0.0024611184430674885,0.0095975392468093,0.00977413349458349,0.055802329150325895,3,0.0,none,0.05,0.058041836506670365,0.058041836506670365,0.0,13
probe_resnet50_imagenet,erm,True,0.058041836506670365,0.057766860943021706,0.0033370102232104064,0.0024611184430674885,0.0095975392468093,0.00977413349458349,0.055802329150325895,3,0.0,none,0.1,0.058041836506670365,0.058041836506670365,0.0,5
probe_resnet50_imagenet,erm,True,0.058041836506670365,0.057766860943021706,0.0033370102232104064,0.0024611184430674885,0.0095975392468093,0.00977413349458349,0.055802329150325895,3,0.0,none,0.2,0.058041836506670365,0.058041836506670365,0.0,3
probe_resnet50_imagenet,erm,True,0.058041836506670365,0.057766860943021706,0.0033370102232104064,0.0024611184430674885,0.0095975392468093,0.00977413349458349,0.055802329150325895,3,0.25,ratio,0.02,0.06204933323060245,0.058041836506670365,0.125,97
probe_resnet50_imagenet,erm,True,0.058041836506670365,0.057766860943021706,0.0033370102232104064,0.0024611184430674885,0.0095975392468093,0.00977413349458349,0.055802329150325895,3,0.25,ratio,0.05,0.06204933323060245,0.058041836506670365,0.125,18
probe_resnet50_imagenet,erm,True,0.058041836506670365,0.057766860943021706,0.0033370102232104064,0.0024611184430674885,0.0095975392468093,0.00977413349458349,0.055802329150325895,3,0.25,ratio,0.1,0.06204933323060245,0.058041836506670365,0.125,6
probe_resnet50_imagenet,erm,True,0.058041836506670365,0.057766860943021706,0.0033370102232104064,0.0024611184430674885,0.0095975392468093,0.00977413349458349,0.055802329150325895,3,0.25,ratio,0.2,0.06204933323060245,0.058041836506670365,0.125,4
probe_resnet50_imagenet,erm,True,0.058041836506670365,0.057766860943021706,0.0033370102232104064,0.0024611184430674885,0.0095975392468093,0.00977413349458349,0.055802329150325895,3,0.25,design,0.02,0.06204933323060245,0.058041836506670365,0.125,
probe_resnet50_imagenet,erm,True,0.058041836506670365,0.057766860943021706,0.0033370102232104064,0.0024611184430674885,0.0095975392468093,0.00977413349458349,0.055802329150325895,3,0.25,design,0.05,0.06204933323060245,0.058041836506670365,0.125,
probe_resnet50_imagenet,erm,True,0.058041836506670365,0.057766860943021706,0.0033370102232104064,0.0024611184430674885,0.0095975392468093,0.00977413349458349,0.055802329150325895,3,0.25,design,0.1,0.06204933323060245,0.058041836506670365,0.125,15
probe_resnet50_imagenet,erm,True,0.058041836506670365,0.057766860943021706,0.0033370102232104064,0.0024611184430674885,0.0095975392468093,0.00977413349458349,0.055802329150325895,3,0.25,design,0.2,0.06204933323060245,0.058041836506670365,0.125,4
probe_resnet50_imagenet,erm,True,0.058041836506670365,0.057766860943021706,0.0033370102232104064,0.0024611184430674885,0.0095975392468093,0.00977413349458349,0.055802329150325895,3,0.5,ratio,0.02,0.06702093986277277,0.058041836506670365,0.25,135
probe_resnet50_imagenet,erm,True,0.058041836506670365,0.057766860943021706,0.0033370102232104064,0.0024611184430674885,0.0095975392468093,0.00977413349458349,0.055802329150325895,3,0.5,ratio,0.05,0.06702093986277277,0.058041836506670365,0.25,24
probe_resnet50_imagenet,erm,True,0.058041836506670365,0.057766860943021706,0.0033370102232104064,0.0024611184430674885,0.0095975392468093,0.00977413349458349,0.055802329150325895,3,0.5,ratio,0.1,0.06702093986277277,0.058041836506670365,0.25,8
probe_resnet50_imagenet,erm,True,0.058041836506670365,0.057766860943021706,0.0033370102232104064,0.0024611184430674885,0.0095975392468093,0.00977413349458349,0.055802329150325895,3,0.5,ratio,0.2,0.06702093986277277,0.058041836506670365,0.25,4
probe_resnet50_imagenet,erm,True,0.058041836506670365,0.057766860943021706,0.0033370102232104064,0.0024611184430674885,0.0095975392468093,0.00977413349458349,0.055802329150325895,3,0.5,design,0.02,0.06702093986277277,0.058041836506670365,0.25,
probe_resnet50_imagenet,erm,True,0.058041836506670365,0.057766860943021706,0.0033370102232104064,0.0024611184430674885,0.0095975392468093,0.00977413349458349,0.055802329150325895,3,0.5,design,0.05,0.06702093986277277,0.058041836506670365,0.25,
probe_resnet50_imagenet,erm,True,0.058041836506670365,0.057766860943021706,0.0033370102232104064,0.0024611184430674885,0.0095975392468093,0.00977413349458349,0.055802329150325895,3,0.5,design,0.1,0.06702093986277277,0.058041836506670365,0.25,
probe_resnet50_imagenet,erm,True,0.058041836506670365,0.057766860943021706,0.0033370102232104064,0.0024611184430674885,0.0095975392468093,0.00977413349458349,0.055802329150325895,3,0.5,design,0.2,0.06702093986277277,0.058041836506670365,0.25,5
probe_resnet50_imagenet,erm,True,0.058041836506670365,0.057766860943021706,0.0033370102232104064,0.0024611184430674885,0.0095975392468093,0.00977413349458349,0.055802329150325895,5,0.0,none,0.02,0.05793200290275138,0.05793200290275138,0.0,68
probe_resnet50_imagenet,erm,True,0.058041836506670365,0.057766860943021706,0.0033370102232104064,0.0024611184430674885,0.0095975392468093,0.00977413349458349,0.055802329150325895,5,0.0,none,0.05,0.05793200290275138,0.05793200290275138,0.0,13
probe_resnet50_imagenet,erm,True,0.058041836506670365,0.057766860943021706,0.0033370102232104064,0.0024611184430674885,0.0095975392468093,0.00977413349458349,0.055802329150325895,5,0.0,none,0.1,0.05793200290275138,0.05793200290275138,0.0,5
probe_resnet50_imagenet,erm,True,0.058041836506670365,0.057766860943021706,0.0033370102232104064,0.0024611184430674885,0.0095975392468093,0.00977413349458349,0.055802329150325895,5,0.0,none,0.2,0.05793200290275138,0.05793200290275138,0.0,3
probe_resnet50_imagenet,erm,True,0.058041836506670365,0.057766860943021706,0.0033370102232104064,0.0024611184430674885,0.0095975392468093,0.00977413349458349,0.055802329150325895,5,0.25,ratio,0.02,0.06193191616905403,0.05793200290275138,0.125,97
probe_resnet50_imagenet,erm,True,0.058041836506670365,0.057766860943021706,0.0033370102232104064,0.0024611184430674885,0.0095975392468093,0.00977413349458349,0.055802329150325895,5,0.25,ratio,0.05,0.06193191616905403,0.05793200290275138,0.125,18
probe_resnet50_imagenet,erm,True,0.058041836506670365,0.057766860943021706,0.0033370102232104064,0.0024611184430674885,0.0095975392468093,0.00977413349458349,0.055802329150325895,5,0.25,ratio,0.1,0.06193191616905403,0.05793200290275138,0.125,6
probe_resnet50_imagenet,erm,True,0.058041836506670365,0.057766860943021706,0.0033370102232104064,0.0024611184430674885,0.0095975392468093,0.00977413349458349,0.055802329150325895,5,0.25,ratio,0.2,0.06193191616905403,0.05793200290275138,0.125,4
probe_resnet50_imagenet,erm,True,0.058041836506670365,0.057766860943021706,0.0033370102232104064,0.0024611184430674885,0.0095975392468093,0.00977413349458349,0.055802329150325895,5,0.25,design,0.02,0.06193191616905403,0.05793200290275138,0.125,
probe_resnet50_imagenet,erm,True,0.058041836506670365,0.057766860943021706,0.0033370102232104064,0.0024611184430674885,0.0095975392468093,0.00977413349458349,0.055802329150325895,5,0.25,design,0.05,0.06193191616905403,0.05793200290275138,0.125,
probe_resnet50_imagenet,erm,True,0.058041836506670365,0.057766860943021706,0.0033370102232104064,0.0024611184430674885,0.0095975392468093,0.00977413349458349,0.055802329150325895,5,0.25,design,0.1,0.06193191616905403,0.05793200290275138,0.125,15
probe_resnet50_imagenet,erm,True,0.058041836506670365,0.057766860943021706,0.0033370102232104064,0.0024611184430674885,0.0095975392468093,0.00977413349458349,0.055802329150325895,5,0.25,design,0.2,0.06193191616905403,0.05793200290275138,0.125,4
probe_resnet50_imagenet,erm,True,0.058041836506670365,0.057766860943021706,0.0033370102232104064,0.0024611184430674885,0.0095975392468093,0.00977413349458349,0.055802329150325895,5,0.5,ratio,0.02,0.06689411494119538,0.05793200290275138,0.25,134
probe_resnet50_imagenet,erm,True,0.058041836506670365,0.057766860943021706,0.0033370102232104064,0.0024611184430674885,0.0095975392468093,0.00977413349458349,0.055802329150325895,5,0.5,ratio,0.05,0.06689411494119538,0.05793200290275138,0.25,24
probe_resnet50_imagenet,erm,True,0.058041836506670365,0.057766860943021706,0.0033370102232104064,0.0024611184430674885,0.0095975392468093,0.00977413349458349,0.055802329150325895,5,0.5,ratio,0.1,0.06689411494119538,0.05793200290275138,0.25,8
probe_resnet50_imagenet,erm,True,0.058041836506670365,0.057766860943021706,0.0033370102232104064,0.0024611184430674885,0.0095975392468093,0.00977413349458349,0.055802329150325895,5,0.5,ratio,0.2,0.06689411494119538,0.05793200290275138,0.25,4
probe_resnet50_imagenet,erm,True,0.058041836506670365,0.057766860943021706,0.0033370102232104064,0.0024611184430674885,0.0095975392468093,0.00977413349458349,0.055802329150325895,5,0.5,design,0.02,0.06689411494119538,0.05793200290275138,0.25,
probe_resnet50_imagenet,erm,True,0.058041836506670365,0.057766860943021706,0.0033370102232104064,0.0024611184430674885,0.0095975392468093,0.00977413349458349,0.055802329150325895,5,0.5,design,0.05,0.06689411494119538,0.05793200290275138,0.25,
probe_resnet50_imagenet,erm,True,0.058041836506670365,0.057766860943021706,0.0033370102232104064,0.0024611184430674885,0.0095975392468093,0.00977413349458349,0.055802329150325895,5,0.5,design,0.1,0.06689411494119538,0.05793200290275138,0.25,
probe_resnet50_imagenet,erm,True,0.058041836506670365,0.057766860943021706,0.0033370102232104064,0.0024611184430674885,0.0095975392468093,0.00977413349458349,0.055802329150325895,5,0.5,design,0.2,0.06689411494119538,0.05793200290275138,0.25,5
probe_resnet50_imagenet,erm,True,0.058041836506670365,0.057766860943021706,0.0033370102232104064,0.0024611184430674885,0.0095975392468093,0.00977413349458349,0.055802329150325895,10,0.0,none,0.02,0.057849490851410265,0.057849490851410265,0.0,68
probe_resnet50_imagenet,erm,True,0.058041836506670365,0.057766860943021706,0.0033370102232104064,0.0024611184430674885,0.0095975392468093,0.00977413349458349,0.055802329150325895,10,0.0,none,0.05,0.057849490851410265,0.057849490851410265,0.0,13
probe_resnet50_imagenet,erm,True,0.058041836506670365,0.057766860943021706,0.0033370102232104064,0.0024611184430674885,0.0095975392468093,0.00977413349458349,0.055802329150325895,10,0.0,none,0.1,0.057849490851410265,0.057849490851410265,0.0,5
probe_resnet50_imagenet,erm,True,0.058041836506670365,0.057766860943021706,0.0033370102232104064,0.0024611184430674885,0.0095975392468093,0.00977413349458349,0.055802329150325895,10,0.0,none,0.2,0.057849490851410265,0.057849490851410265,0.0,3
probe_resnet50_imagenet,erm,True,0.058041836506670365,0.057766860943021706,0.0033370102232104064,0.0024611184430674885,0.0095975392468093,0.00977413349458349,0.055802329150325895,10,0.25,ratio,0.02,0.06184370707579736,0.057849490851410265,0.125,96
probe_resnet50_imagenet,erm,True,0.058041836506670365,0.057766860943021706,0.0033370102232104064,0.0024611184430674885,0.0095975392468093,0.00977413349458349,0.055802329150325895,10,0.25,ratio,0.05,0.06184370707579736,0.057849490851410265,0.125,18
probe_resnet50_imagenet,erm,True,0.058041836506670365,0.057766860943021706,0.0033370102232104064,0.0024611184430674885,0.0095975392468093,0.00977413349458349,0.055802329150325895,10,0.25,ratio,0.1,0.06184370707579736,0.057849490851410265,0.125,6
probe_resnet50_imagenet,erm,True,0.058041836506670365,0.057766860943021706,0.0033370102232104064,0.0024611184430674885,0.0095975392468093,0.00977413349458349,0.055802329150325895,10,0.25,ratio,0.2,0.06184370707579736,0.057849490851410265,0.125,4
probe_resnet50_imagenet,erm,True,0.058041836506670365,0.057766860943021706,0.0033370102232104064,0.0024611184430674885,0.0095975392468093,0.00977413349458349,0.055802329150325895,10,0.25,design,0.02,0.06184370707579736,0.057849490851410265,0.125,
probe_resnet50_imagenet,erm,True,0.058041836506670365,0.057766860943021706,0.0033370102232104064,0.0024611184430674885,0.0095975392468093,0.00977413349458349,0.055802329150325895,10,0.25,design,0.05,0.06184370707579736,0.057849490851410265,0.125,
probe_resnet50_imagenet,erm,True,0.058041836506670365,0.057766860943021706,0.0033370102232104064,0.0024611184430674885,0.0095975392468093,0.00977413349458349,0.055802329150325895,10,0.25,design,0.1,0.06184370707579736,0.057849490851410265,0.125,15
probe_resnet50_imagenet,erm,True,0.058041836506670365,0.057766860943021706,0.0033370102232104064,0.0024611184430674885,0.0095975392468093,0.00977413349458349,0.055802329150325895,10,0.25,design,0.2,0.06184370707579736,0.057849490851410265,0.125,4
probe_resnet50_imagenet,erm,True,0.058041836506670365,0.057766860943021706,0.0033370102232104064,0.0024611184430674885,0.0095975392468093,0.00977413349458349,0.055802329150325895,10,0.5,ratio,0.02,0.06679883823108902,0.057849490851410265,0.25,134
probe_resnet50_imagenet,erm,True,0.058041836506670365,0.057766860943021706,0.0033370102232104064,0.0024611184430674885,0.0095975392468093,0.00977413349458349,0.055802329150325895,10,0.5,ratio,0.05,0.06679883823108902,0.057849490851410265,0.25,24
probe_resnet50_imagenet,erm,True,0.058041836506670365,0.057766860943021706,0.0033370102232104064,0.0024611184430674885,0.0095975392468093,0.00977413349458349,0.055802329150325895,10,0.5,ratio,0.1,0.06679883823108902,0.057849490851410265,0.25,8
probe_resnet50_imagenet,erm,True,0.058041836506670365,0.057766860943021706,0.0033370102232104064,0.0024611184430674885,0.0095975392468093,0.00977413349458349,0.055802329150325895,10,0.5,ratio,0.2,0.06679883823108902,0.057849490851410265,0.25,4
probe_resnet50_imagenet,erm,True,0.058041836506670365,0.057766860943021706,0.0033370102232104064,0.0024611184430674885,0.0095975392468093,0.00977413349458349,0.055802329150325895,10,0.5,design,0.02,0.06679883823108902,0.057849490851410265,0.25,
probe_resnet50_imagenet,erm,True,0.058041836506670365,0.057766860943021706,0.0033370102232104064,0.0024611184430674885,0.0095975392468093,0.00977413349458349,0.055802329150325895,10,0.5,design,0.05,0.06679883823108902,0.057849490851410265,0.25,
probe_resnet50_imagenet,erm,True,0.058041836506670365,0.057766860943021706,0.0033370102232104064,0.0024611184430674885,0.0095975392468093,0.00977413349458349,0.055802329150325895,10,0.5,design,0.1,0.06679883823108902,0.057849490851410265,0.25,
probe_resnet50_imagenet,erm,True,0.058041836506670365,0.057766860943021706,0.0033370102232104064,0.0024611184430674885,0.0095975392468093,0.00977413349458349,0.055802329150325895,10,0.5,design,0.2,0.06679883823108902,0.057849490851410265,0.25,5
probe_resnet50_lunit_bt,erm,True,0.01810303797607847,0.01718503466364552,0.000295325416390698,0.0010508700053320356,0.0095975392468093,0.009858179482943276,-0.1966442265657667,1,0.0,none,0.02,0.019811842900361937,0.019811842900361937,0.0,10
probe_resnet50_lunit_bt,erm,True,0.01810303797607847,0.01718503466364552,0.000295325416390698,0.0010508700053320356,0.0095975392468093,0.009858179482943276,-0.1966442265657667,1,0.0,none,0.05,0.019811842900361937,0.019811842900361937,0.0,4
probe_resnet50_lunit_bt,erm,True,0.01810303797607847,0.01718503466364552,0.000295325416390698,0.0010508700053320356,0.0095975392468093,0.009858179482943276,-0.1966442265657667,1,0.0,none,0.1,0.019811842900361937,0.019811842900361937,0.0,3
probe_resnet50_lunit_bt,erm,True,0.01810303797607847,0.01718503466364552,0.000295325416390698,0.0010508700053320356,0.0095975392468093,0.009858179482943276,-0.1966442265657667,1,0.0,none,0.2,0.019811842900361937,0.019811842900361937,0.0,3
probe_resnet50_lunit_bt,erm,True,0.01810303797607847,0.01718503466364552,0.000295325416390698,0.0010508700053320356,0.0095975392468093,0.009858179482943276,-0.1966442265657667,1,0.25,ratio,0.02,0.021179750952498317,0.019811842900361937,0.125,14
probe_resnet50_lunit_bt,erm,True,0.01810303797607847,0.01718503466364552,0.000295325416390698,0.0010508700053320356,0.0095975392468093,0.009858179482943276,-0.1966442265657667,1,0.25,ratio,0.05,0.021179750952498317,0.019811842900361937,0.125,5
probe_resnet50_lunit_bt,erm,True,0.01810303797607847,0.01718503466364552,0.000295325416390698,0.0010508700053320356,0.0095975392468093,0.009858179482943276,-0.1966442265657667,1,0.25,ratio,0.1,0.021179750952498317,0.019811842900361937,0.125,3
probe_resnet50_lunit_bt,erm,True,0.01810303797607847,0.01718503466364552,0.000295325416390698,0.0010508700053320356,0.0095975392468093,0.009858179482943276,-0.1966442265657667,1,0.25,ratio,0.2,0.021179750952498317,0.019811842900361937,0.125,3
probe_resnet50_lunit_bt,erm,True,0.01810303797607847,0.01718503466364552,0.000295325416390698,0.0010508700053320356,0.0095975392468093,0.009858179482943276,-0.1966442265657667,1,0.25,design,0.02,0.021179750952498317,0.019811842900361937,0.125,
probe_resnet50_lunit_bt,erm,True,0.01810303797607847,0.01718503466364552,0.000295325416390698,0.0010508700053320356,0.0095975392468093,0.009858179482943276,-0.1966442265657667,1,0.25,design,0.05,0.021179750952498317,0.019811842900361937,0.125,5
probe_resnet50_lunit_bt,erm,True,0.01810303797607847,0.01718503466364552,0.000295325416390698,0.0010508700053320356,0.0095975392468093,0.009858179482943276,-0.1966442265657667,1,0.25,design,0.1,0.021179750952498317,0.019811842900361937,0.125,3
probe_resnet50_lunit_bt,erm,True,0.01810303797607847,0.01718503466364552,0.000295325416390698,0.0010508700053320356,0.0095975392468093,0.009858179482943276,-0.1966442265657667,1,0.25,design,0.2,0.021179750952498317,0.019811842900361937,0.125,3
probe_resnet50_lunit_bt,erm,True,0.01810303797607847,0.01718503466364552,0.000295325416390698,0.0010508700053320356,0.0095975392468093,0.009858179482943276,-0.1966442265657667,1,0.5,ratio,0.02,0.022876745663333083,0.019811842900361937,0.25,18
probe_resnet50_lunit_bt,erm,True,0.01810303797607847,0.01718503466364552,0.000295325416390698,0.0010508700053320356,0.0095975392468093,0.009858179482943276,-0.1966442265657667,1,0.5,ratio,0.05,0.022876745663333083,0.019811842900361937,0.25,5
probe_resnet50_lunit_bt,erm,True,0.01810303797607847,0.01718503466364552,0.000295325416390698,0.0010508700053320356,0.0095975392468093,0.009858179482943276,-0.1966442265657667,1,0.5,ratio,0.1,0.022876745663333083,0.019811842900361937,0.25,3
probe_resnet50_lunit_bt,erm,True,0.01810303797607847,0.01718503466364552,0.000295325416390698,0.0010508700053320356,0.0095975392468093,0.009858179482943276,-0.1966442265657667,1,0.5,ratio,0.2,0.022876745663333083,0.019811842900361937,0.25,3
probe_resnet50_lunit_bt,erm,True,0.01810303797607847,0.01718503466364552,0.000295325416390698,0.0010508700053320356,0.0095975392468093,0.009858179482943276,-0.1966442265657667,1,0.5,design,0.02,0.022876745663333083,0.019811842900361937,0.25,
probe_resnet50_lunit_bt,erm,True,0.01810303797607847,0.01718503466364552,0.000295325416390698,0.0010508700053320356,0.0095975392468093,0.009858179482943276,-0.1966442265657667,1,0.5,design,0.05,0.022876745663333083,0.019811842900361937,0.25,12
probe_resnet50_lunit_bt,erm,True,0.01810303797607847,0.01718503466364552,0.000295325416390698,0.0010508700053320356,0.0095975392468093,0.009858179482943276,-0.1966442265657667,1,0.5,design,0.1,0.022876745663333083,0.019811842900361937,0.25,3
probe_resnet50_lunit_bt,erm,True,0.01810303797607847,0.01718503466364552,0.000295325416390698,0.0010508700053320356,0.0095975392468093,0.009858179482943276,-0.1966442265657667,1,0.5,design,0.2,0.022876745663333083,0.019811842900361937,0.25,3
probe_resnet50_lunit_bt,erm,True,0.01810303797607847,0.01718503466364552,0.000295325416390698,0.0010508700053320356,0.0095975392468093,0.009858179482943276,-0.1966442265657667,3,0.0,none,0.02,0.01810303797607847,0.01810303797607847,0.0,9
probe_resnet50_lunit_bt,erm,True,0.01810303797607847,0.01718503466364552,0.000295325416390698,0.0010508700053320356,0.0095975392468093,0.009858179482943276,-0.1966442265657667,3,0.0,none,0.05,0.01810303797607847,0.01810303797607847,0.0,4
probe_resnet50_lunit_bt,erm,True,0.01810303797607847,0.01718503466364552,0.000295325416390698,0.0010508700053320356,0.0095975392468093,0.009858179482943276,-0.1966442265657667,3,0.0,none,0.1,0.01810303797607847,0.01810303797607847,0.0,3
probe_resnet50_lunit_bt,erm,True,0.01810303797607847,0.01718503466364552,0.000295325416390698,0.0010508700053320356,0.0095975392468093,0.009858179482943276,-0.1966442265657667,3,0.0,none,0.2,0.01810303797607847,0.01810303797607847,0.0,3
probe_resnet50_lunit_bt,erm,True,0.01810303797607847,0.01718503466364552,0.000295325416390698,0.0010508700053320356,0.0095975392468093,0.009858179482943276,-0.1966442265657667,3,0.25,ratio,0.02,0.019352961647498054,0.01810303797607847,0.125,12
probe_resnet50_lunit_bt,erm,True,0.01810303797607847,0.01718503466364552,0.000295325416390698,0.0010508700053320356,0.0095975392468093,0.009858179482943276,-0.1966442265657667,3,0.25,ratio,0.05,0.019352961647498054,0.01810303797607847,0.125,4
probe_resnet50_lunit_bt,erm,True,0.01810303797607847,0.01718503466364552,0.000295325416390698,0.0010508700053320356,0.0095975392468093,0.009858179482943276,-0.1966442265657667,3,0.25,ratio,0.1,0.019352961647498054,0.01810303797607847,0.125,3
probe_resnet50_lunit_bt,erm,True,0.01810303797607847,0.01718503466364552,0.000295325416390698,0.0010508700053320356,0.0095975392468093,0.009858179482943276,-0.1966442265657667,3,0.25,ratio,0.2,0.019352961647498054,0.01810303797607847,0.125,3
probe_resnet50_lunit_bt,erm,True,0.01810303797607847,0.01718503466364552,0.000295325416390698,0.0010508700053320356,0.0095975392468093,0.009858179482943276,-0.1966442265657667,3,0.25,design,0.02,0.019352961647498054,0.01810303797607847,0.125,
probe_resnet50_lunit_bt,erm,True,0.01810303797607847,0.01718503466364552,0.000295325416390698,0.0010508700053320356,0.0095975392468093,0.009858179482943276,-0.1966442265657667,3,0.25,design,0.05,0.019352961647498054,0.01810303797607847,0.125,5
probe_resnet50_lunit_bt,erm,True,0.01810303797607847,0.01718503466364552,0.000295325416390698,0.0010508700053320356,0.0095975392468093,0.009858179482943276,-0.1966442265657667,3,0.25,design,0.1,0.019352961647498054,0.01810303797607847,0.125,3
probe_resnet50_lunit_bt,erm,True,0.01810303797607847,0.01718503466364552,0.000295325416390698,0.0010508700053320356,0.0095975392468093,0.009858179482943276,-0.1966442265657667,3,0.25,design,0.2,0.019352961647498054,0.01810303797607847,0.125,3
probe_resnet50_lunit_bt,erm,True,0.01810303797607847,0.01718503466364552,0.000295325416390698,0.0010508700053320356,0.0095975392468093,0.009858179482943276,-0.1966442265657667,3,0.5,ratio,0.02,0.020903587697277848,0.01810303797607847,0.25,15
probe_resnet50_lunit_bt,erm,True,0.01810303797607847,0.01718503466364552,0.000295325416390698,0.0010508700053320356,0.0095975392468093,0.009858179482943276,-0.1966442265657667,3,0.5,ratio,0.05,0.020903587697277848,0.01810303797607847,0.25,5
probe_resnet50_lunit_bt,erm,True,0.01810303797607847,0.01718503466364552,0.000295325416390698,0.0010508700053320356,0.0095975392468093,0.009858179482943276,-0.1966442265657667,3,0.5,ratio,0.1,0.020903587697277848,0.01810303797607847,0.25,3
probe_resnet50_lunit_bt,erm,True,0.01810303797607847,0.01718503466364552,0.000295325416390698,0.0010508700053320356,0.0095975392468093,0.009858179482943276,-0.1966442265657667,3,0.5,ratio,0.2,0.020903587697277848,0.01810303797607847,0.25,3
probe_resnet50_lunit_bt,erm,True,0.01810303797607847,0.01718503466364552,0.000295325416390698,0.0010508700053320356,0.0095975392468093,0.009858179482943276,-0.1966442265657667,3,0.5,design,0.02,0.020903587697277848,0.01810303797607847,0.25,
probe_resnet50_lunit_bt,erm,True,0.01810303797607847,0.01718503466364552,0.000295325416390698,0.0010508700053320356,0.0095975392468093,0.009858179482943276,-0.1966442265657667,3,0.5,design,0.05,0.020903587697277848,0.01810303797607847,0.25,7
probe_resnet50_lunit_bt,erm,True,0.01810303797607847,0.01718503466364552,0.000295325416390698,0.0010508700053320356,0.0095975392468093,0.009858179482943276,-0.1966442265657667,3,0.5,design,0.1,0.020903587697277848,0.01810303797607847,0.25,3
probe_resnet50_lunit_bt,erm,True,0.01810303797607847,0.01718503466364552,0.000295325416390698,0.0010508700053320356,0.0095975392468093,0.009858179482943276,-0.1966442265657667,3,0.5,design,0.2,0.020903587697277848,0.01810303797607847,0.25,3
probe_resnet50_lunit_bt,erm,True,0.01810303797607847,0.01718503466364552,0.000295325416390698,0.0010508700053320356,0.0095975392468093,0.009858179482943276,-0.1966442265657667,5,0.0,none,0.02,0.01774153761471318,0.01774153761471318,0.0,9
probe_resnet50_lunit_bt,erm,True,0.01810303797607847,0.01718503466364552,0.000295325416390698,0.0010508700053320356,0.0095975392468093,0.009858179482943276,-0.1966442265657667,5,0.0,none,0.05,0.01774153761471318,0.01774153761471318,0.0,4
probe_resnet50_lunit_bt,erm,True,0.01810303797607847,0.01718503466364552,0.000295325416390698,0.0010508700053320356,0.0095975392468093,0.009858179482943276,-0.1966442265657667,5,0.0,none,0.1,0.01774153761471318,0.01774153761471318,0.0,3
probe_resnet50_lunit_bt,erm,True,0.01810303797607847,0.01718503466364552,0.000295325416390698,0.0010508700053320356,0.0095975392468093,0.009858179482943276,-0.1966442265657667,5,0.0,none,0.2,0.01774153761471318,0.01774153761471318,0.0,3
probe_resnet50_lunit_bt,erm,True,0.01810303797607847,0.01718503466364552,0.000295325416390698,0.0010508700053320356,0.0095975392468093,0.009858179482943276,-0.1966442265657667,5,0.25,ratio,0.02,0.018966501505376945,0.01774153761471318,0.125,11
probe_resnet50_lunit_bt,erm,True,0.01810303797607847,0.01718503466364552,0.000295325416390698,0.0010508700053320356,0.0095975392468093,0.009858179482943276,-0.1966442265657667,5,0.25,ratio,0.05,0.018966501505376945,0.01774153761471318,0.125,4
probe_resnet50_lunit_bt,erm,True,0.01810303797607847,0.01718503466364552,0.000295325416390698,0.0010508700053320356,0.0095975392468093,0.009858179482943276,-0.1966442265657667,5,0.25,ratio,0.1,0.018966501505376945,0.01774153761471318,0.125,3
probe_resnet50_lunit_bt,erm,True,0.01810303797607847,0.01718503466364552,0.000295325416390698,0.0010508700053320356,0.0095975392468093,0.009858179482943276,-0.1966442265657667,5,0.25,ratio,0.2,0.018966501505376945,0.01774153761471318,0.125,3
probe_resnet50_lunit_bt,erm,True,0.01810303797607847,0.01718503466364552,0.000295325416390698,0.0010508700053320356,0.0095975392468093,0.009858179482943276,-0.1966442265657667,5,0.25,design,0.02,0.018966501505376945,0.01774153761471318,0.125,
probe_resnet50_lunit_bt,erm,True,0.01810303797607847,0.01718503466364552,0.000295325416390698,0.0010508700053320356,0.0095975392468093,0.009858179482943276,-0.1966442265657667,5,0.25,design,0.05,0.018966501505376945,0.01774153761471318,0.125,4
probe_resnet50_lunit_bt,erm,True,0.01810303797607847,0.01718503466364552,0.000295325416390698,0.0010508700053320356,0.0095975392468093,0.009858179482943276,-0.1966442265657667,5,0.25,design,0.1,0.018966501505376945,0.01774153761471318,0.125,3
probe_resnet50_lunit_bt,erm,True,0.01810303797607847,0.01718503466364552,0.000295325416390698,0.0010508700053320356,0.0095975392468093,0.009858179482943276,-0.1966442265657667,5,0.25,design,0.2,0.018966501505376945,0.01774153761471318,0.125,3
probe_resnet50_lunit_bt,erm,True,0.01810303797607847,0.01718503466364552,0.000295325416390698,0.0010508700053320356,0.0095975392468093,0.009858179482943276,-0.1966442265657667,5,0.5,ratio,0.02,0.020486163035385054,0.01774153761471318,0.25,15
probe_resnet50_lunit_bt,erm,True,0.01810303797607847,0.01718503466364552,0.000295325416390698,0.0010508700053320356,0.0095975392468093,0.009858179482943276,-0.1966442265657667,5,0.5,ratio,0.05,0.020486163035385054,0.01774153761471318,0.25,5
probe_resnet50_lunit_bt,erm,True,0.01810303797607847,0.01718503466364552,0.000295325416390698,0.0010508700053320356,0.0095975392468093,0.009858179482943276,-0.1966442265657667,5,0.5,ratio,0.1,0.020486163035385054,0.01774153761471318,0.25,3
probe_resnet50_lunit_bt,erm,True,0.01810303797607847,0.01718503466364552,0.000295325416390698,0.0010508700053320356,0.0095975392468093,0.009858179482943276,-0.1966442265657667,5,0.5,ratio,0.2,0.020486163035385054,0.01774153761471318,0.25,3
probe_resnet50_lunit_bt,erm,True,0.01810303797607847,0.01718503466364552,0.000295325416390698,0.0010508700053320356,0.0095975392468093,0.009858179482943276,-0.1966442265657667,5,0.5,design,0.02,0.020486163035385054,0.01774153761471318,0.25,
probe_resnet50_lunit_bt,erm,True,0.01810303797607847,0.01718503466364552,0.000295325416390698,0.0010508700053320356,0.0095975392468093,0.009858179482943276,-0.1966442265657667,5,0.5,design,0.05,0.020486163035385054,0.01774153761471318,0.25,7
probe_resnet50_lunit_bt,erm,True,0.01810303797607847,0.01718503466364552,0.000295325416390698,0.0010508700053320356,0.0095975392468093,0.009858179482943276,-0.1966442265657667,5,0.5,design,0.1,0.020486163035385054,0.01774153761471318,0.25,3
probe_resnet50_lunit_bt,erm,True,0.01810303797607847,0.01718503466364552,0.000295325416390698,0.0010508700053320356,0.0095975392468093,0.009858179482943276,-0.1966442265657667,5,0.5,design,0.2,0.020486163035385054,0.01774153761471318,0.25,3
probe_resnet50_lunit_bt,erm,True,0.01810303797607847,0.01718503466364552,0.000295325416390698,0.0010508700053320356,0.0095975392468093,0.009858179482943276,-0.1966442265657667,10,0.0,none,0.02,0.017465502760083674,0.017465502760083674,0.0,9
probe_resnet50_lunit_bt,erm,True,0.01810303797607847,0.01718503466364552,0.000295325416390698,0.0010508700053320356,0.0095975392468093,0.009858179482943276,-0.1966442265657667,10,0.0,none,0.05,0.017465502760083674,0.017465502760083674,0.0,4
probe_resnet50_lunit_bt,erm,True,0.01810303797607847,0.01718503466364552,0.000295325416390698,0.0010508700053320356,0.0095975392468093,0.009858179482943276,-0.1966442265657667,10,0.0,none,0.1,0.017465502760083674,0.017465502760083674,0.0,3
probe_resnet50_lunit_bt,erm,True,0.01810303797607847,0.01718503466364552,0.000295325416390698,0.0010508700053320356,0.0095975392468093,0.009858179482943276,-0.1966442265657667,10,0.0,none,0.2,0.017465502760083674,0.017465502760083674,0.0,3
probe_resnet50_lunit_bt,erm,True,0.01810303797607847,0.01718503466364552,0.000295325416390698,0.0010508700053320356,0.0095975392468093,0.009858179482943276,-0.1966442265657667,10,0.25,ratio,0.02,0.018671407833139354,0.017465502760083674,0.125,11
probe_resnet50_lunit_bt,erm,True,0.01810303797607847,0.01718503466364552,0.000295325416390698,0.0010508700053320356,0.0095975392468093,0.009858179482943276,-0.1966442265657667,10,0.25,ratio,0.05,0.018671407833139354,0.017465502760083674,0.125,4
probe_resnet50_lunit_bt,erm,True,0.01810303797607847,0.01718503466364552,0.000295325416390698,0.0010508700053320356,0.0095975392468093,0.009858179482943276,-0.1966442265657667,10,0.25,ratio,0.1,0.018671407833139354,0.017465502760083674,0.125,3
probe_resnet50_lunit_bt,erm,True,0.01810303797607847,0.01718503466364552,0.000295325416390698,0.0010508700053320356,0.0095975392468093,0.009858179482943276,-0.1966442265657667,10,0.25,ratio,0.2,0.018671407833139354,0.017465502760083674,0.125,3
probe_resnet50_lunit_bt,erm,True,0.01810303797607847,0.01718503466364552,0.000295325416390698,0.0010508700053320356,0.0095975392468093,0.009858179482943276,-0.1966442265657667,10,0.25,design,0.02,0.018671407833139354,0.017465502760083674,0.125,
probe_resnet50_lunit_bt,erm,True,0.01810303797607847,0.01718503466364552,0.000295325416390698,0.0010508700053320356,0.0095975392468093,0.009858179482943276,-0.1966442265657667,10,0.25,design,0.05,0.018671407833139354,0.017465502760083674,0.125,4
probe_resnet50_lunit_bt,erm,True,0.01810303797607847,0.01718503466364552,0.000295325416390698,0.0010508700053320356,0.0095975392468093,0.009858179482943276,-0.1966442265657667,10,0.25,design,0.1,0.018671407833139354,0.017465502760083674,0.125,3
probe_resnet50_lunit_bt,erm,True,0.01810303797607847,0.01718503466364552,0.000295325416390698,0.0010508700053320356,0.0095975392468093,0.009858179482943276,-0.1966442265657667,10,0.25,design,0.2,0.018671407833139354,0.017465502760083674,0.125,3
probe_resnet50_lunit_bt,erm,True,0.01810303797607847,0.01718503466364552,0.000295325416390698,0.0010508700053320356,0.0095975392468093,0.009858179482943276,-0.1966442265657667,10,0.5,ratio,0.02,0.020167425440132922,0.017465502760083674,0.25,15
probe_resnet50_lunit_bt,erm,True,0.01810303797607847,0.01718503466364552,0.000295325416390698,0.0010508700053320356,0.0095975392468093,0.009858179482943276,-0.1966442265657667,10,0.5,ratio,0.05,0.020167425440132922,0.017465502760083674,0.25,5
probe_resnet50_lunit_bt,erm,True,0.01810303797607847,0.01718503466364552,0.000295325416390698,0.0010508700053320356,0.0095975392468093,0.009858179482943276,-0.1966442265657667,10,0.5,ratio,0.1,0.020167425440132922,0.017465502760083674,0.25,3
probe_resnet50_lunit_bt,erm,True,0.01810303797607847,0.01718503466364552,0.000295325416390698,0.0010508700053320356,0.0095975392468093,0.009858179482943276,-0.1966442265657667,10,0.5,ratio,0.2,0.020167425440132922,0.017465502760083674,0.25,3
probe_resnet50_lunit_bt,erm,True,0.01810303797607847,0.01718503466364552,0.000295325416390698,0.0010508700053320356,0.0095975392468093,0.009858179482943276,-0.1966442265657667,10,0.5,design,0.02,0.020167425440132922,0.017465502760083674,0.25,
probe_resnet50_lunit_bt,erm,True,0.01810303797607847,0.01718503466364552,0.000295325416390698,0.0010508700053320356,0.0095975392468093,0.009858179482943276,-0.1966442265657667,10,0.5,design,0.05,0.020167425440132922,0.017465502760083674,0.25,7
probe_resnet50_lunit_bt,erm,True,0.01810303797607847,0.01718503466364552,0.000295325416390698,0.0010508700053320356,0.0095975392468093,0.009858179482943276,-0.1966442265657667,10,0.5,design,0.1,0.020167425440132922,0.017465502760083674,0.25,3
probe_resnet50_lunit_bt,erm,True,0.01810303797607847,0.01718503466364552,0.000295325416390698,0.0010508700053320356,0.0095975392468093,0.009858179482943276,-0.1966442265657667,10,0.5,design,0.2,0.020167425440132922,0.017465502760083674,0.25,3
probe_vit_s16_lunit_dino,erm,True,0.020690414512531837,0.020099294401978687,0.0004039816354574118,0.0015450214929969466,0.0095975392468093,0.00850498981356995,0.7473831525231529,1,0.0,none,0.02,0.021824676107249346,0.021824676107249346,0.0,12
probe_vit_s16_lunit_dino,erm,True,0.020690414512531837,0.020099294401978687,0.0004039816354574118,0.0015450214929969466,0.0095975392468093,0.00850498981356995,0.7473831525231529,1,0.0,none,0.05,0.021824676107249346,0.021824676107249346,0.0,4
probe_vit_s16_lunit_dino,erm,True,0.020690414512531837,0.020099294401978687,0.0004039816354574118,0.0015450214929969466,0.0095975392468093,0.00850498981356995,0.7473831525231529,1,0.0,none,0.1,0.021824676107249346,0.021824676107249346,0.0,3
probe_vit_s16_lunit_dino,erm,True,0.020690414512531837,0.020099294401978687,0.0004039816354574118,0.0015450214929969466,0.0095975392468093,0.00850498981356995,0.7473831525231529,1,0.0,none,0.2,0.021824676107249346,0.021824676107249346,0.0,3
probe_vit_s16_lunit_dino,erm,True,0.020690414512531837,0.020099294401978687,0.0004039816354574118,0.0015450214929969466,0.0095975392468093,0.00850498981356995,0.7473831525231529,1,0.25,ratio,0.02,0.023331560163039503,0.021824676107249346,0.125,16
probe_vit_s16_lunit_dino,erm,True,0.020690414512531837,0.020099294401978687,0.0004039816354574118,0.0015450214929969466,0.0095975392468093,0.00850498981356995,0.7473831525231529,1,0.25,ratio,0.05,0.023331560163039503,0.021824676107249346,0.125,5
probe_vit_s16_lunit_dino,erm,True,0.020690414512531837,0.020099294401978687,0.0004039816354574118,0.0015450214929969466,0.0095975392468093,0.00850498981356995,0.7473831525231529,1,0.25,ratio,0.1,0.023331560163039503,0.021824676107249346,0.125,3
probe_vit_s16_lunit_dino,erm,True,0.020690414512531837,0.020099294401978687,0.0004039816354574118,0.0015450214929969466,0.0095975392468093,0.00850498981356995,0.7473831525231529,1,0.25,ratio,0.2,0.023331560163039503,0.021824676107249346,0.125,3
probe_vit_s16_lunit_dino,erm,True,0.020690414512531837,0.020099294401978687,0.0004039816354574118,0.0015450214929969466,0.0095975392468093,0.00850498981356995,0.7473831525231529,1,0.25,design,0.02,0.023331560163039503,0.021824676107249346,0.125,
probe_vit_s16_lunit_dino,erm,True,0.020690414512531837,0.020099294401978687,0.0004039816354574118,0.0015450214929969466,0.0095975392468093,0.00850498981356995,0.7473831525231529,1,0.25,design,0.05,0.023331560163039503,0.021824676107249346,0.125,6
probe_vit_s16_lunit_dino,erm,True,0.020690414512531837,0.020099294401978687,0.0004039816354574118,0.0015450214929969466,0.0095975392468093,0.00850498981356995,0.7473831525231529,1,0.25,design,0.1,0.023331560163039503,0.021824676107249346,0.125,3
probe_vit_s16_lunit_dino,erm,True,0.020690414512531837,0.020099294401978687,0.0004039816354574118,0.0015450214929969466,0.0095975392468093,0.00850498981356995,0.7473831525231529,1,0.25,design,0.2,0.023331560163039503,0.021824676107249346,0.125,3
probe_vit_s16_lunit_dino,erm,True,0.020690414512531837,0.020099294401978687,0.0004039816354574118,0.0015450214929969466,0.0095975392468093,0.00850498981356995,0.7473831525231529,1,0.5,ratio,0.02,0.02520096525099361,0.021824676107249346,0.25,21
probe_vit_s16_lunit_dino,erm,True,0.020690414512531837,0.020099294401978687,0.0004039816354574118,0.0015450214929969466,0.0095975392468093,0.00850498981356995,0.7473831525231529,1,0.5,ratio,0.05,0.02520096525099361,0.021824676107249346,0.25,6
probe_vit_s16_lunit_dino,erm,True,0.020690414512531837,0.020099294401978687,0.0004039816354574118,0.0015450214929969466,0.0095975392468093,0.00850498981356995,0.7473831525231529,1,0.5,ratio,0.1,0.02520096525099361,0.021824676107249346,0.25,4
probe_vit_s16_lunit_dino,erm,True,0.020690414512531837,0.020099294401978687,0.0004039816354574118,0.0015450214929969466,0.0095975392468093,0.00850498981356995,0.7473831525231529,1,0.5,ratio,0.2,0.02520096525099361,0.021824676107249346,0.25,3
probe_vit_s16_lunit_dino,erm,True,0.020690414512531837,0.020099294401978687,0.0004039816354574118,0.0015450214929969466,0.0095975392468093,0.00850498981356995,0.7473831525231529,1,0.5,design,0.02,0.02520096525099361,0.021824676107249346,0.25,
probe_vit_s16_lunit_dino,erm,True,0.020690414512531837,0.020099294401978687,0.0004039816354574118,0.0015450214929969466,0.0095975392468093,0.00850498981356995,0.7473831525231529,1,0.5,design,0.05,0.02520096525099361,0.021824676107249346,0.25,630
probe_vit_s16_lunit_dino,erm,True,0.020690414512531837,0.020099294401978687,0.0004039816354574118,0.0015450214929969466,0.0095975392468093,0.00850498981356995,0.7473831525231529,1,0.5,design,0.1,0.02520096525099361,0.021824676107249346,0.25,4
probe_vit_s16_lunit_dino,erm,True,0.020690414512531837,0.020099294401978687,0.0004039816354574118,0.0015450214929969466,0.0095975392468093,0.00850498981356995,0.7473831525231529,1,0.5,design,0.2,0.02520096525099361,0.021824676107249346,0.25,3
probe_vit_s16_lunit_dino,erm,True,0.020690414512531837,0.020099294401978687,0.0004039816354574118,0.0015450214929969466,0.0095975392468093,0.00850498981356995,0.7473831525231529,3,0.0,none,0.02,0.020690414512531837,0.020690414512531837,0.0,11
probe_vit_s16_lunit_dino,erm,True,0.020690414512531837,0.020099294401978687,0.0004039816354574118,0.0015450214929969466,0.0095975392468093,0.00850498981356995,0.7473831525231529,3,0.0,none,0.05,0.020690414512531837,0.020690414512531837,0.0,4
probe_vit_s16_lunit_dino,erm,True,0.020690414512531837,0.020099294401978687,0.0004039816354574118,0.0015450214929969466,0.0095975392468093,0.00850498981356995,0.7473831525231529,3,0.0,none,0.1,0.020690414512531837,0.020690414512531837,0.0,3
probe_vit_s16_lunit_dino,erm,True,0.020690414512531837,0.020099294401978687,0.0004039816354574118,0.0015450214929969466,0.0095975392468093,0.00850498981356995,0.7473831525231529,3,0.0,none,0.2,0.020690414512531837,0.020690414512531837,0.0,3
probe_vit_s16_lunit_dino,erm,True,0.020690414512531837,0.020099294401978687,0.0004039816354574118,0.0015450214929969466,0.0095975392468093,0.00850498981356995,0.7473831525231529,3,0.25,ratio,0.02,0.02211898351320843,0.020690414512531837,0.125,15
probe_vit_s16_lunit_dino,erm,True,0.020690414512531837,0.020099294401978687,0.0004039816354574118,0.0015450214929969466,0.0095975392468093,0.00850498981356995,0.7473831525231529,3,0.25,ratio,0.05,0.02211898351320843,0.020690414512531837,0.125,5
probe_vit_s16_lunit_dino,erm,True,0.020690414512531837,0.020099294401978687,0.0004039816354574118,0.0015450214929969466,0.0095975392468093,0.00850498981356995,0.7473831525231529,3,0.25,ratio,0.1,0.02211898351320843,0.020690414512531837,0.125,3
probe_vit_s16_lunit_dino,erm,True,0.020690414512531837,0.020099294401978687,0.0004039816354574118,0.0015450214929969466,0.0095975392468093,0.00850498981356995,0.7473831525231529,3,0.25,ratio,0.2,0.02211898351320843,0.020690414512531837,0.125,3
probe_vit_s16_lunit_dino,erm,True,0.020690414512531837,0.020099294401978687,0.0004039816354574118,0.0015450214929969466,0.0095975392468093,0.00850498981356995,0.7473831525231529,3,0.25,design,0.02,0.02211898351320843,0.020690414512531837,0.125,
probe_vit_s16_lunit_dino,erm,True,0.020690414512531837,0.020099294401978687,0.0004039816354574118,0.0015450214929969466,0.0095975392468093,0.00850498981356995,0.7473831525231529,3,0.25,design,0.05,0.02211898351320843,0.020690414512531837,0.125,5
probe_vit_s16_lunit_dino,erm,True,0.020690414512531837,0.020099294401978687,0.0004039816354574118,0.0015450214929969466,0.0095975392468093,0.00850498981356995,0.7473831525231529,3,0.25,design,0.1,0.02211898351320843,0.020690414512531837,0.125,3
probe_vit_s16_lunit_dino,erm,True,0.020690414512531837,0.020099294401978687,0.0004039816354574118,0.0015450214929969466,0.0095975392468093,0.00850498981356995,0.7473831525231529,3,0.25,design,0.2,0.02211898351320843,0.020690414512531837,0.125,3
probe_vit_s16_lunit_dino,erm,True,0.020690414512531837,0.020099294401978687,0.0004039816354574118,0.0015450214929969466,0.0095975392468093,0.00850498981356995,0.7473831525231529,3,0.5,ratio,0.02,0.023891232776910392,0.020690414512531837,0.25,19
probe_vit_s16_lunit_dino,erm,True,0.020690414512531837,0.020099294401978687,0.0004039816354574118,0.0015450214929969466,0.0095975392468093,0.00850498981356995,0.7473831525231529,3,0.5,ratio,0.05,0.023891232776910392,0.020690414512531837,0.25,5
probe_vit_s16_lunit_dino,erm,True,0.020690414512531837,0.020099294401978687,0.0004039816354574118,0.0015450214929969466,0.0095975392468093,0.00850498981356995,0.7473831525231529,3,0.5,ratio,0.1,0.023891232776910392,0.020690414512531837,0.25,3
probe_vit_s16_lunit_dino,erm,True,0.020690414512531837,0.020099294401978687,0.0004039816354574118,0.0015450214929969466,0.0095975392468093,0.00850498981356995,0.7473831525231529,3,0.5,ratio,0.2,0.023891232776910392,0.020690414512531837,0.25,3
probe_vit_s16_lunit_dino,erm,True,0.020690414512531837,0.020099294401978687,0.0004039816354574118,0.0015450214929969466,0.0095975392468093,0.00850498981356995,0.7473831525231529,3,0.5,design,0.02,0.023891232776910392,0.020690414512531837,0.25,
probe_vit_s16_lunit_dino,erm,True,0.020690414512531837,0.020099294401978687,0.0004039816354574118,0.0015450214929969466,0.0095975392468093,0.00850498981356995,0.7473831525231529,3,0.5,design,0.05,0.023891232776910392,0.020690414512531837,0.25,20
probe_vit_s16_lunit_dino,erm,True,0.020690414512531837,0.020099294401978687,0.0004039816354574118,0.0015450214929969466,0.0095975392468093,0.00850498981356995,0.7473831525231529,3,0.5,design,0.1,0.023891232776910392,0.020690414512531837,0.25,3
probe_vit_s16_lunit_dino,erm,True,0.020690414512531837,0.020099294401978687,0.0004039816354574118,0.0015450214929969466,0.0095975392468093,0.00850498981356995,0.7473831525231529,3,0.5,design,0.2,0.023891232776910392,0.020690414512531837,0.25,3
probe_vit_s16_lunit_dino,erm,True,0.020690414512531837,0.020099294401978687,0.0004039816354574118,0.0015450214929969466,0.0095975392468093,0.00850498981356995,0.7473831525231529,5,0.0,none,0.02,0.020456016371796282,0.020456016371796282,0.0,11
probe_vit_s16_lunit_dino,erm,True,0.020690414512531837,0.020099294401978687,0.0004039816354574118,0.0015450214929969466,0.0095975392468093,0.00850498981356995,0.7473831525231529,5,0.0,none,0.05,0.020456016371796282,0.020456016371796282,0.0,4
probe_vit_s16_lunit_dino,erm,True,0.020690414512531837,0.020099294401978687,0.0004039816354574118,0.0015450214929969466,0.0095975392468093,0.00850498981356995,0.7473831525231529,5,0.0,none,0.1,0.020456016371796282,0.020456016371796282,0.0,3
probe_vit_s16_lunit_dino,erm,True,0.020690414512531837,0.020099294401978687,0.0004039816354574118,0.0015450214929969466,0.0095975392468093,0.00850498981356995,0.7473831525231529,5,0.0,none,0.2,0.020456016371796282,0.020456016371796282,0.0,3
probe_vit_s16_lunit_dino,erm,True,0.020690414512531837,0.020099294401978687,0.0004039816354574118,0.0015450214929969466,0.0095975392468093,0.00850498981356995,0.7473831525231529,5,0.25,ratio,0.02,0.02186840136042864,0.020456016371796282,0.125,14
probe_vit_s16_lunit_dino,erm,True,0.020690414512531837,0.020099294401978687,0.0004039816354574118,0.0015450214929969466,0.0095975392468093,0.00850498981356995,0.7473831525231529,5,0.25,ratio,0.05,0.02186840136042864,0.020456016371796282,0.125,5
probe_vit_s16_lunit_dino,erm,True,0.020690414512531837,0.020099294401978687,0.0004039816354574118,0.0015450214929969466,0.0095975392468093,0.00850498981356995,0.7473831525231529,5,0.25,ratio,0.1,0.02186840136042864,0.020456016371796282,0.125,3
probe_vit_s16_lunit_dino,erm,True,0.020690414512531837,0.020099294401978687,0.0004039816354574118,0.0015450214929969466,0.0095975392468093,0.00850498981356995,0.7473831525231529,5,0.25,ratio,0.2,0.02186840136042864,0.020456016371796282,0.125,3
probe_vit_s16_lunit_dino,erm,True,0.020690414512531837,0.020099294401978687,0.0004039816354574118,0.0015450214929969466,0.0095975392468093,0.00850498981356995,0.7473831525231529,5,0.25,design,0.02,0.02186840136042864,0.020456016371796282,0.125,
probe_vit_s16_lunit_dino,erm,True,0.020690414512531837,0.020099294401978687,0.0004039816354574118,0.0015450214929969466,0.0095975392468093,0.00850498981356995,0.7473831525231529,5,0.25,design,0.05,0.02186840136042864,0.020456016371796282,0.125,5
probe_vit_s16_lunit_dino,erm,True,0.020690414512531837,0.020099294401978687,0.0004039816354574118,0.0015450214929969466,0.0095975392468093,0.00850498981356995,0.7473831525231529,5,0.25,design,0.1,0.02186840136042864,0.020456016371796282,0.125,3
probe_vit_s16_lunit_dino,erm,True,0.020690414512531837,0.020099294401978687,0.0004039816354574118,0.0015450214929969466,0.0095975392468093,0.00850498981356995,0.7473831525231529,5,0.25,design,0.2,0.02186840136042864,0.020456016371796282,0.125,3
probe_vit_s16_lunit_dino,erm,True,0.020690414512531837,0.020099294401978687,0.0004039816354574118,0.0015450214929969466,0.0095975392468093,0.00850498981356995,0.7473831525231529,5,0.5,ratio,0.02,0.02362057311760795,0.020456016371796282,0.25,19
probe_vit_s16_lunit_dino,erm,True,0.020690414512531837,0.020099294401978687,0.0004039816354574118,0.0015450214929969466,0.0095975392468093,0.00850498981356995,0.7473831525231529,5,0.5,ratio,0.05,0.02362057311760795,0.020456016371796282,0.25,5
probe_vit_s16_lunit_dino,erm,True,0.020690414512531837,0.020099294401978687,0.0004039816354574118,0.0015450214929969466,0.0095975392468093,0.00850498981356995,0.7473831525231529,5,0.5,ratio,0.1,0.02362057311760795,0.020456016371796282,0.25,3
probe_vit_s16_lunit_dino,erm,True,0.020690414512531837,0.020099294401978687,0.0004039816354574118,0.0015450214929969466,0.0095975392468093,0.00850498981356995,0.7473831525231529,5,0.5,ratio,0.2,0.02362057311760795,0.020456016371796282,0.25,3
probe_vit_s16_lunit_dino,erm,True,0.020690414512531837,0.020099294401978687,0.0004039816354574118,0.0015450214929969466,0.0095975392468093,0.00850498981356995,0.7473831525231529,5,0.5,design,0.02,0.02362057311760795,0.020456016371796282,0.25,
probe_vit_s16_lunit_dino,erm,True,0.020690414512531837,0.020099294401978687,0.0004039816354574118,0.0015450214929969466,0.0095975392468093,0.00850498981356995,0.7473831525231529,5,0.5,design,0.05,0.02362057311760795,0.020456016371796282,0.25,17
probe_vit_s16_lunit_dino,erm,True,0.020690414512531837,0.020099294401978687,0.0004039816354574118,0.0015450214929969466,0.0095975392468093,0.00850498981356995,0.7473831525231529,5,0.5,design,0.1,0.02362057311760795,0.020456016371796282,0.25,3
probe_vit_s16_lunit_dino,erm,True,0.020690414512531837,0.020099294401978687,0.0004039816354574118,0.0015450214929969466,0.0095975392468093,0.00850498981356995,0.7473831525231529,5,0.5,design,0.2,0.02362057311760795,0.020456016371796282,0.25,3
probe_vit_s16_lunit_dino,erm,True,0.020690414512531837,0.020099294401978687,0.0004039816354574118,0.0015450214929969466,0.0095975392468093,0.00850498981356995,0.7473831525231529,10,0.0,none,0.02,0.02027843979773357,0.02027843979773357,0.0,11
probe_vit_s16_lunit_dino,erm,True,0.020690414512531837,0.020099294401978687,0.0004039816354574118,0.0015450214929969466,0.0095975392468093,0.00850498981356995,0.7473831525231529,10,0.0,none,0.05,0.02027843979773357,0.02027843979773357,0.0,4
probe_vit_s16_lunit_dino,erm,True,0.020690414512531837,0.020099294401978687,0.0004039816354574118,0.0015450214929969466,0.0095975392468093,0.00850498981356995,0.7473831525231529,10,0.0,none,0.1,0.02027843979773357,0.02027843979773357,0.0,3
probe_vit_s16_lunit_dino,erm,True,0.020690414512531837,0.020099294401978687,0.0004039816354574118,0.0015450214929969466,0.0095975392468093,0.00850498981356995,0.7473831525231529,10,0.0,none,0.2,0.02027843979773357,0.02027843979773357,0.0,3
probe_vit_s16_lunit_dino,erm,True,0.020690414512531837,0.020099294401978687,0.0004039816354574118,0.0015450214929969466,0.0095975392468093,0.00850498981356995,0.7473831525231529,10,0.25,ratio,0.02,0.021678564017554424,0.02027843979773357,0.125,14
probe_vit_s16_lunit_dino,erm,True,0.020690414512531837,0.020099294401978687,0.0004039816354574118,0.0015450214929969466,0.0095975392468093,0.00850498981356995,0.7473831525231529,10,0.25,ratio,0.05,0.021678564017554424,0.02027843979773357,0.125,5
probe_vit_s16_lunit_dino,erm,True,0.020690414512531837,0.020099294401978687,0.0004039816354574118,0.0015450214929969466,0.0095975392468093,0.00850498981356995,0.7473831525231529,10,0.25,ratio,0.1,0.021678564017554424,0.02027843979773357,0.125,3
probe_vit_s16_lunit_dino,erm,True,0.020690414512531837,0.020099294401978687,0.0004039816354574118,0.0015450214929969466,0.0095975392468093,0.00850498981356995,0.7473831525231529,10,0.25,ratio,0.2,0.021678564017554424,0.02027843979773357,0.125,3
probe_vit_s16_lunit_dino,erm,True,0.020690414512531837,0.020099294401978687,0.0004039816354574118,0.0015450214929969466,0.0095975392468093,0.00850498981356995,0.7473831525231529,10,0.25,design,0.02,0.021678564017554424,0.02027843979773357,0.125,
probe_vit_s16_lunit_dino,erm,True,0.020690414512531837,0.020099294401978687,0.0004039816354574118,0.0015450214929969466,0.0095975392468093,0.00850498981356995,0.7473831525231529,10,0.25,design,0.05,0.021678564017554424,0.02027843979773357,0.125,5
probe_vit_s16_lunit_dino,erm,True,0.020690414512531837,0.020099294401978687,0.0004039816354574118,0.0015450214929969466,0.0095975392468093,0.00850498981356995,0.7473831525231529,10,0.25,design,0.1,0.021678564017554424,0.02027843979773357,0.125,3
probe_vit_s16_lunit_dino,erm,True,0.020690414512531837,0.020099294401978687,0.0004039816354574118,0.0015450214929969466,0.0095975392468093,0.00850498981356995,0.7473831525231529,10,0.25,design,0.2,0.021678564017554424,0.02027843979773357,0.125,3
probe_vit_s16_lunit_dino,erm,True,0.020690414512531837,0.020099294401978687,0.0004039816354574118,0.0015450214929969466,0.0095975392468093,0.00850498981356995,0.7473831525231529,10,0.5,ratio,0.02,0.023415525351934193,0.02027843979773357,0.25,19
probe_vit_s16_lunit_dino,erm,True,0.020690414512531837,0.020099294401978687,0.0004039816354574118,0.0015450214929969466,0.0095975392468093,0.00850498981356995,0.7473831525231529,10,0.5,ratio,0.05,0.023415525351934193,0.02027843979773357,0.25,5
probe_vit_s16_lunit_dino,erm,True,0.020690414512531837,0.020099294401978687,0.0004039816354574118,0.0015450214929969466,0.0095975392468093,0.00850498981356995,0.7473831525231529,10,0.5,ratio,0.1,0.023415525351934193,0.02027843979773357,0.25,3
probe_vit_s16_lunit_dino,erm,True,0.020690414512531837,0.020099294401978687,0.0004039816354574118,0.0015450214929969466,0.0095975392468093,0.00850498981356995,0.7473831525231529,10,0.5,ratio,0.2,0.023415525351934193,0.02027843979773357,0.25,3
probe_vit_s16_lunit_dino,erm,True,0.020690414512531837,0.020099294401978687,0.0004039816354574118,0.0015450214929969466,0.0095975392468093,0.00850498981356995,0.7473831525231529,10,0.5,design,0.02,0.023415525351934193,0.02027843979773357,0.25,
probe_vit_s16_lunit_dino,erm,True,0.020690414512531837,0.020099294401978687,0.0004039816354574118,0.0015450214929969466,0.0095975392468093,0.00850498981356995,0.7473831525231529,10,0.5,design,0.05,0.023415525351934193,0.02027843979773357,0.25,15
probe_vit_s16_lunit_dino,erm,True,0.020690414512531837,0.020099294401978687,0.0004039816354574118,0.0015450214929969466,0.0095975392468093,0.00850498981356995,0.7473831525231529,10,0.5,design,0.1,0.023415525351934193,0.02027843979773357,0.25,3
probe_vit_s16_lunit_dino,erm,True,0.020690414512531837,0.020099294401978687,0.0004039816354574118,0.0015450214929969466,0.0095975392468093,0.00850498981356995,0.7473831525231529,10,0.5,design,0.2,0.023415525351934193,0.02027843979773357,0.25,3
sam,erm,True,0.015405990774636747,0.013903873484930183,0.00019331769788494458,0.0034072290012834624,0.0095975392468093,0.011492630751474784,-0.4336041762214321,1,0.0,none,0.02,0.01803879872593207,0.01803879872593207,0.0,9
sam,erm,True,0.015405990774636747,0.013903873484930183,0.00019331769788494458,0.0034072290012834624,0.0095975392468093,0.011492630751474784,-0.4336041762214321,1,0.0,none,0.05,0.01803879872593207,0.01803879872593207,0.0,4
sam,erm,True,0.015405990774636747,0.013903873484930183,0.00019331769788494458,0.0034072290012834624,0.0095975392468093,0.011492630751474784,-0.4336041762214321,1,0.0,none,0.1,0.01803879872593207,0.01803879872593207,0.0,3
sam,erm,True,0.015405990774636747,0.013903873484930183,0.00019331769788494458,0.0034072290012834624,0.0095975392468093,0.011492630751474784,-0.4336041762214321,1,0.0,none,0.2,0.01803879872593207,0.01803879872593207,0.0,3
sam,erm,True,0.015405990774636747,0.013903873484930183,0.00019331769788494458,0.0034072290012834624,0.0095975392468093,0.011492630751474784,-0.4336041762214321,1,0.25,ratio,0.02,0.019284287000403456,0.01803879872593207,0.125,12
sam,erm,True,0.015405990774636747,0.013903873484930183,0.00019331769788494458,0.0034072290012834624,0.0095975392468093,0.011492630751474784,-0.4336041762214321,1,0.25,ratio,0.05,0.019284287000403456,0.01803879872593207,0.125,4
sam,erm,True,0.015405990774636747,0.013903873484930183,0.00019331769788494458,0.0034072290012834624,0.0095975392468093,0.011492630751474784,-0.4336041762214321,1,0.25,ratio,0.1,0.019284287000403456,0.01803879872593207,0.125,3
sam,erm,True,0.015405990774636747,0.013903873484930183,0.00019331769788494458,0.0034072290012834624,0.0095975392468093,0.011492630751474784,-0.4336041762214321,1,0.25,ratio,0.2,0.019284287000403456,0.01803879872593207,0.125,3
sam,erm,True,0.015405990774636747,0.013903873484930183,0.00019331769788494458,0.0034072290012834624,0.0095975392468093,0.011492630751474784,-0.4336041762214321,1,0.25,design,0.02,0.019284287000403456,0.01803879872593207,0.125,
sam,erm,True,0.015405990774636747,0.013903873484930183,0.00019331769788494458,0.0034072290012834624,0.0095975392468093,0.011492630751474784,-0.4336041762214321,1,0.25,design,0.05,0.019284287000403456,0.01803879872593207,0.125,5
sam,erm,True,0.015405990774636747,0.013903873484930183,0.00019331769788494458,0.0034072290012834624,0.0095975392468093,0.011492630751474784,-0.4336041762214321,1,0.25,design,0.1,0.019284287000403456,0.01803879872593207,0.125,3
sam,erm,True,0.015405990774636747,0.013903873484930183,0.00019331769788494458,0.0034072290012834624,0.0095975392468093,0.011492630751474784,-0.4336041762214321,1,0.25,design,0.2,0.019284287000403456,0.01803879872593207,0.125,3
sam,erm,True,0.015405990774636747,0.013903873484930183,0.00019331769788494458,0.0034072290012834624,0.0095975392468093,0.011492630751474784,-0.4336041762214321,1,0.5,ratio,0.02,0.020829410600548718,0.01803879872593207,0.25,15
sam,erm,True,0.015405990774636747,0.013903873484930183,0.00019331769788494458,0.0034072290012834624,0.0095975392468093,0.011492630751474784,-0.4336041762214321,1,0.5,ratio,0.05,0.020829410600548718,0.01803879872593207,0.25,5
sam,erm,True,0.015405990774636747,0.013903873484930183,0.00019331769788494458,0.0034072290012834624,0.0095975392468093,0.011492630751474784,-0.4336041762214321,1,0.5,ratio,0.1,0.020829410600548718,0.01803879872593207,0.25,3
sam,erm,True,0.015405990774636747,0.013903873484930183,0.00019331769788494458,0.0034072290012834624,0.0095975392468093,0.011492630751474784,-0.4336041762214321,1,0.5,ratio,0.2,0.020829410600548718,0.01803879872593207,0.25,3
sam,erm,True,0.015405990774636747,0.013903873484930183,0.00019331769788494458,0.0034072290012834624,0.0095975392468093,0.011492630751474784,-0.4336041762214321,1,0.5,design,0.02,0.020829410600548718,0.01803879872593207,0.25,
sam,erm,True,0.015405990774636747,0.013903873484930183,0.00019331769788494458,0.0034072290012834624,0.0095975392468093,0.011492630751474784,-0.4336041762214321,1,0.5,design,0.05,0.020829410600548718,0.01803879872593207,0.25,7
sam,erm,True,0.015405990774636747,0.013903873484930183,0.00019331769788494458,0.0034072290012834624,0.0095975392468093,0.011492630751474784,-0.4336041762214321,1,0.5,design,0.1,0.020829410600548718,0.01803879872593207,0.25,3
sam,erm,True,0.015405990774636747,0.013903873484930183,0.00019331769788494458,0.0034072290012834624,0.0095975392468093,0.011492630751474784,-0.4336041762214321,1,0.5,design,0.2,0.020829410600548718,0.01803879872593207,0.25,3
sam,erm,True,0.015405990774636747,0.013903873484930183,0.00019331769788494458,0.0034072290012834624,0.0095975392468093,0.011492630751474784,-0.4336041762214321,3,0.0,none,0.02,0.015405990774636747,0.015405990774636747,0.0,7
sam,erm,True,0.015405990774636747,0.013903873484930183,0.00019331769788494458,0.0034072290012834624,0.0095975392468093,0.011492630751474784,-0.4336041762214321,3,0.0,none,0.05,0.015405990774636747,0.015405990774636747,0.0,4
sam,erm,True,0.015405990774636747,0.013903873484930183,0.00019331769788494458,0.0034072290012834624,0.0095975392468093,0.011492630751474784,-0.4336041762214321,3,0.0,none,0.1,0.015405990774636747,0.015405990774636747,0.0,3
sam,erm,True,0.015405990774636747,0.013903873484930183,0.00019331769788494458,0.0034072290012834624,0.0095975392468093,0.011492630751474784,-0.4336041762214321,3,0.0,none,0.2,0.015405990774636747,0.015405990774636747,0.0,2
sam,erm,True,0.015405990774636747,0.013903873484930183,0.00019331769788494458,0.0034072290012834624,0.0095975392468093,0.011492630751474784,-0.4336041762214321,3,0.25,ratio,0.02,0.01646969690928308,0.015405990774636747,0.125,9
sam,erm,True,0.015405990774636747,0.013903873484930183,0.00019331769788494458,0.0034072290012834624,0.0095975392468093,0.011492630751474784,-0.4336041762214321,3,0.25,ratio,0.05,0.01646969690928308,0.015405990774636747,0.125,4
sam,erm,True,0.015405990774636747,0.013903873484930183,0.00019331769788494458,0.0034072290012834624,0.0095975392468093,0.011492630751474784,-0.4336041762214321,3,0.25,ratio,0.1,0.01646969690928308,0.015405990774636747,0.125,3
sam,erm,True,0.015405990774636747,0.013903873484930183,0.00019331769788494458,0.0034072290012834624,0.0095975392468093,0.011492630751474784,-0.4336041762214321,3,0.25,ratio,0.2,0.01646969690928308,0.015405990774636747,0.125,3
sam,erm,True,0.015405990774636747,0.013903873484930183,0.00019331769788494458,0.0034072290012834624,0.0095975392468093,0.011492630751474784,-0.4336041762214321,3,0.25,design,0.02,0.01646969690928308,0.015405990774636747,0.125,
sam,erm,True,0.015405990774636747,0.013903873484930183,0.00019331769788494458,0.0034072290012834624,0.0095975392468093,0.011492630751474784,-0.4336041762214321,3,0.25,design,0.05,0.01646969690928308,0.015405990774636747,0.125,4
sam,erm,True,0.015405990774636747,0.013903873484930183,0.00019331769788494458,0.0034072290012834624,0.0095975392468093,0.011492630751474784,-0.4336041762214321,3,0.25,design,0.1,0.01646969690928308,0.015405990774636747,0.125,3
sam,erm,True,0.015405990774636747,0.013903873484930183,0.00019331769788494458,0.0034072290012834624,0.0095975392468093,0.011492630751474784,-0.4336041762214321,3,0.25,design,0.2,0.01646969690928308,0.015405990774636747,0.125,2
sam,erm,True,0.015405990774636747,0.013903873484930183,0.00019331769788494458,0.0034072290012834624,0.0095975392468093,0.011492630751474784,-0.4336041762214321,3,0.5,ratio,0.02,0.017789305841738833,0.015405990774636747,0.25,12
sam,erm,True,0.015405990774636747,0.013903873484930183,0.00019331769788494458,0.0034072290012834624,0.0095975392468093,0.011492630751474784,-0.4336041762214321,3,0.5,ratio,0.05,0.017789305841738833,0.015405990774636747,0.25,4
sam,erm,True,0.015405990774636747,0.013903873484930183,0.00019331769788494458,0.0034072290012834624,0.0095975392468093,0.011492630751474784,-0.4336041762214321,3,0.5,ratio,0.1,0.017789305841738833,0.015405990774636747,0.25,3
sam,erm,True,0.015405990774636747,0.013903873484930183,0.00019331769788494458,0.0034072290012834624,0.0095975392468093,0.011492630751474784,-0.4336041762214321,3,0.5,ratio,0.2,0.017789305841738833,0.015405990774636747,0.25,3
sam,erm,True,0.015405990774636747,0.013903873484930183,0.00019331769788494458,0.0034072290012834624,0.0095975392468093,0.011492630751474784,-0.4336041762214321,3,0.5,design,0.02,0.017789305841738833,0.015405990774636747,0.25,
sam,erm,True,0.015405990774636747,0.013903873484930183,0.00019331769788494458,0.0034072290012834624,0.0095975392468093,0.011492630751474784,-0.4336041762214321,3,0.5,design,0.05,0.017789305841738833,0.015405990774636747,0.25,5
sam,erm,True,0.015405990774636747,0.013903873484930183,0.00019331769788494458,0.0034072290012834624,0.0095975392468093,0.011492630751474784,-0.4336041762214321,3,0.5,design,0.1,0.017789305841738833,0.015405990774636747,0.25,3
sam,erm,True,0.015405990774636747,0.013903873484930183,0.00019331769788494458,0.0034072290012834624,0.0095975392468093,0.011492630751474784,-0.4336041762214321,3,0.5,design,0.2,0.017789305841738833,0.015405990774636747,0.25,3
sam,erm,True,0.015405990774636747,0.013903873484930183,0.00019331769788494458,0.0034072290012834624,0.0095975392468093,0.011492630751474784,-0.4336041762214321,5,0.0,none,0.02,0.014823421002012099,0.014823421002012099,0.0,7
sam,erm,True,0.015405990774636747,0.013903873484930183,0.00019331769788494458,0.0034072290012834624,0.0095975392468093,0.011492630751474784,-0.4336041762214321,5,0.0,none,0.05,0.014823421002012099,0.014823421002012099,0.0,3
sam,erm,True,0.015405990774636747,0.013903873484930183,0.00019331769788494458,0.0034072290012834624,0.0095975392468093,0.011492630751474784,-0.4336041762214321,5,0.0,none,0.1,0.014823421002012099,0.014823421002012099,0.0,3
sam,erm,True,0.015405990774636747,0.013903873484930183,0.00019331769788494458,0.0034072290012834624,0.0095975392468093,0.011492630751474784,-0.4336041762214321,5,0.0,none,0.2,0.014823421002012099,0.014823421002012099,0.0,2
sam,erm,True,0.015405990774636747,0.013903873484930183,0.00019331769788494458,0.0034072290012834624,0.0095975392468093,0.011492630751474784,-0.4336041762214321,5,0.25,ratio,0.02,0.01584690362555387,0.014823421002012099,0.125,9
sam,erm,True,0.015405990774636747,0.013903873484930183,0.00019331769788494458,0.0034072290012834624,0.0095975392468093,0.011492630751474784,-0.4336041762214321,5,0.25,ratio,0.05,0.01584690362555387,0.014823421002012099,0.125,4
sam,erm,True,0.015405990774636747,0.013903873484930183,0.00019331769788494458,0.0034072290012834624,0.0095975392468093,0.011492630751474784,-0.4336041762214321,5,0.25,ratio,0.1,0.01584690362555387,0.014823421002012099,0.125,3
sam,erm,True,0.015405990774636747,0.013903873484930183,0.00019331769788494458,0.0034072290012834624,0.0095975392468093,0.011492630751474784,-0.4336041762214321,5,0.25,ratio,0.2,0.01584690362555387,0.014823421002012099,0.125,3
sam,erm,True,0.015405990774636747,0.013903873484930183,0.00019331769788494458,0.0034072290012834624,0.0095975392468093,0.011492630751474784,-0.4336041762214321,5,0.25,design,0.02,0.01584690362555387,0.014823421002012099,0.125,
sam,erm,True,0.015405990774636747,0.013903873484930183,0.00019331769788494458,0.0034072290012834624,0.0095975392468093,0.011492630751474784,-0.4336041762214321,5,0.25,design,0.05,0.01584690362555387,0.014823421002012099,0.125,4
sam,erm,True,0.015405990774636747,0.013903873484930183,0.00019331769788494458,0.0034072290012834624,0.0095975392468093,0.011492630751474784,-0.4336041762214321,5,0.25,design,0.1,0.01584690362555387,0.014823421002012099,0.125,3
sam,erm,True,0.015405990774636747,0.013903873484930183,0.00019331769788494458,0.0034072290012834624,0.0095975392468093,0.011492630751474784,-0.4336041762214321,5,0.25,design,0.2,0.01584690362555387,0.014823421002012099,0.125,2
sam,erm,True,0.015405990774636747,0.013903873484930183,0.00019331769788494458,0.0034072290012834624,0.0095975392468093,0.011492630751474784,-0.4336041762214321,5,0.5,ratio,0.02,0.017116612211645676,0.014823421002012099,0.25,11
sam,erm,True,0.015405990774636747,0.013903873484930183,0.00019331769788494458,0.0034072290012834624,0.0095975392468093,0.011492630751474784,-0.4336041762214321,5,0.5,ratio,0.05,0.017116612211645676,0.014823421002012099,0.25,4
sam,erm,True,0.015405990774636747,0.013903873484930183,0.00019331769788494458,0.0034072290012834624,0.0095975392468093,0.011492630751474784,-0.4336041762214321,5,0.5,ratio,0.1,0.017116612211645676,0.014823421002012099,0.25,3
sam,erm,True,0.015405990774636747,0.013903873484930183,0.00019331769788494458,0.0034072290012834624,0.0095975392468093,0.011492630751474784,-0.4336041762214321,5,0.5,ratio,0.2,0.017116612211645676,0.014823421002012099,0.25,3
sam,erm,True,0.015405990774636747,0.013903873484930183,0.00019331769788494458,0.0034072290012834624,0.0095975392468093,0.011492630751474784,-0.4336041762214321,5,0.5,design,0.02,0.017116612211645676,0.014823421002012099,0.25,
sam,erm,True,0.015405990774636747,0.013903873484930183,0.00019331769788494458,0.0034072290012834624,0.0095975392468093,0.011492630751474784,-0.4336041762214321,5,0.5,design,0.05,0.017116612211645676,0.014823421002012099,0.25,5
sam,erm,True,0.015405990774636747,0.013903873484930183,0.00019331769788494458,0.0034072290012834624,0.0095975392468093,0.011492630751474784,-0.4336041762214321,5,0.5,design,0.1,0.017116612211645676,0.014823421002012099,0.25,3
sam,erm,True,0.015405990774636747,0.013903873484930183,0.00019331769788494458,0.0034072290012834624,0.0095975392468093,0.011492630751474784,-0.4336041762214321,5,0.5,design,0.2,0.017116612211645676,0.014823421002012099,0.25,2
sam,erm,True,0.015405990774636747,0.013903873484930183,0.00019331769788494458,0.0034072290012834624,0.0095975392468093,0.011492630751474784,-0.4336041762214321,10,0.0,none,0.02,0.014371003933056277,0.014371003933056277,0.0,7
sam,erm,True,0.015405990774636747,0.013903873484930183,0.00019331769788494458,0.0034072290012834624,0.0095975392468093,0.011492630751474784,-0.4336041762214321,10,0.0,none,0.05,0.014371003933056277,0.014371003933056277,0.0,3
sam,erm,True,0.015405990774636747,0.013903873484930183,0.00019331769788494458,0.0034072290012834624,0.0095975392468093,0.011492630751474784,-0.4336041762214321,10,0.0,none,0.1,0.014371003933056277,0.014371003933056277,0.0,3
sam,erm,True,0.015405990774636747,0.013903873484930183,0.00019331769788494458,0.0034072290012834624,0.0095975392468093,0.011492630751474784,-0.4336041762214321,10,0.0,none,0.2,0.014371003933056277,0.014371003933056277,0.0,2
sam,erm,True,0.015405990774636747,0.013903873484930183,0.00019331769788494458,0.0034072290012834624,0.0095975392468093,0.011492630751474784,-0.4336041762214321,10,0.25,ratio,0.02,0.015363249434707824,0.014371003933056277,0.125,8
sam,erm,True,0.015405990774636747,0.013903873484930183,0.00019331769788494458,0.0034072290012834624,0.0095975392468093,0.011492630751474784,-0.4336041762214321,10,0.25,ratio,0.05,0.015363249434707824,0.014371003933056277,0.125,4
sam,erm,True,0.015405990774636747,0.013903873484930183,0.00019331769788494458,0.0034072290012834624,0.0095975392468093,0.011492630751474784,-0.4336041762214321,10,0.25,ratio,0.1,0.015363249434707824,0.014371003933056277,0.125,3
sam,erm,True,0.015405990774636747,0.013903873484930183,0.00019331769788494458,0.0034072290012834624,0.0095975392468093,0.011492630751474784,-0.4336041762214321,10,0.25,ratio,0.2,0.015363249434707824,0.014371003933056277,0.125,2
sam,erm,True,0.015405990774636747,0.013903873484930183,0.00019331769788494458,0.0034072290012834624,0.0095975392468093,0.011492630751474784,-0.4336041762214321,10,0.25,design,0.02,0.015363249434707824,0.014371003933056277,0.125,
sam,erm,True,0.015405990774636747,0.013903873484930183,0.00019331769788494458,0.0034072290012834624,0.0095975392468093,0.011492630751474784,-0.4336041762214321,10,0.25,design,0.05,0.015363249434707824,0.014371003933056277,0.125,4
sam,erm,True,0.015405990774636747,0.013903873484930183,0.00019331769788494458,0.0034072290012834624,0.0095975392468093,0.011492630751474784,-0.4336041762214321,10,0.25,design,0.1,0.015363249434707824,0.014371003933056277,0.125,3
sam,erm,True,0.015405990774636747,0.013903873484930183,0.00019331769788494458,0.0034072290012834624,0.0095975392468093,0.011492630751474784,-0.4336041762214321,10,0.25,design,0.2,0.015363249434707824,0.014371003933056277,0.125,2
sam,erm,True,0.015405990774636747,0.013903873484930183,0.00019331769788494458,0.0034072290012834624,0.0095975392468093,0.011492630751474784,-0.4336041762214321,10,0.5,ratio,0.02,0.016594205978550425,0.014371003933056277,0.25,11
sam,erm,True,0.015405990774636747,0.013903873484930183,0.00019331769788494458,0.0034072290012834624,0.0095975392468093,0.011492630751474784,-0.4336041762214321,10,0.5,ratio,0.05,0.016594205978550425,0.014371003933056277,0.25,4
sam,erm,True,0.015405990774636747,0.013903873484930183,0.00019331769788494458,0.0034072290012834624,0.0095975392468093,0.011492630751474784,-0.4336041762214321,10,0.5,ratio,0.1,0.016594205978550425,0.014371003933056277,0.25,3
sam,erm,True,0.015405990774636747,0.013903873484930183,0.00019331769788494458,0.0034072290012834624,0.0095975392468093,0.011492630751474784,-0.4336041762214321,10,0.5,ratio,0.2,0.016594205978550425,0.014371003933056277,0.25,3
sam,erm,True,0.015405990774636747,0.013903873484930183,0.00019331769788494458,0.0034072290012834624,0.0095975392468093,0.011492630751474784,-0.4336041762214321,10,0.5,design,0.02,0.016594205978550425,0.014371003933056277,0.25,
sam,erm,True,0.015405990774636747,0.013903873484930183,0.00019331769788494458,0.0034072290012834624,0.0095975392468093,0.011492630751474784,-0.4336041762214321,10,0.5,design,0.05,0.016594205978550425,0.014371003933056277,0.25,4
sam,erm,True,0.015405990774636747,0.013903873484930183,0.00019331769788494458,0.0034072290012834624,0.0095975392468093,0.011492630751474784,-0.4336041762214321,10,0.5,design,0.1,0.016594205978550425,0.014371003933056277,0.25,3
sam,erm,True,0.015405990774636747,0.013903873484930183,0.00019331769788494458,0.0034072290012834624,0.0095975392468093,0.011492630751474784,-0.4336041762214321,10,0.5,design,0.2,0.016594205978550425,0.014371003933056277,0.25,2
simclr,erm,True,0.005779080654304541,0.0,-6.539961074942452e-05,0.011501411907007578,0.0095975392468093,0.01721604344427443,-0.32611655547412005,1,0.0,none,0.02,0.01721604344427443,0.01721604344427443,0.0,8
simclr,erm,True,0.005779080654304541,0.0,-6.539961074942452e-05,0.011501411907007578,0.0095975392468093,0.01721604344427443,-0.32611655547412005,1,0.0,none,0.05,0.01721604344427443,0.01721604344427443,0.0,4
simclr,erm,True,0.005779080654304541,0.0,-6.539961074942452e-05,0.011501411907007578,0.0095975392468093,0.01721604344427443,-0.32611655547412005,1,0.0,none,0.1,0.01721604344427443,0.01721604344427443,0.0,3
simclr,erm,True,0.005779080654304541,0.0,-6.539961074942452e-05,0.011501411907007578,0.0095975392468093,0.01721604344427443,-0.32611655547412005,1,0.0,none,0.2,0.01721604344427443,0.01721604344427443,0.0,2
simclr,erm,True,0.005779080654304541,0.0,-6.539961074942452e-05,0.011501411907007578,0.0095975392468093,0.01721604344427443,-0.32611655547412005,1,0.25,ratio,0.02,0.018404724606940145,0.01721604344427443,0.125,11
simclr,erm,True,0.005779080654304541,0.0,-6.539961074942452e-05,0.011501411907007578,0.0095975392468093,0.01721604344427443,-0.32611655547412005,1,0.25,ratio,0.05,0.018404724606940145,0.01721604344427443,0.125,4
simclr,erm,True,0.005779080654304541,0.0,-6.539961074942452e-05,0.011501411907007578,0.0095975392468093,0.01721604344427443,-0.32611655547412005,1,0.25,ratio,0.1,0.018404724606940145,0.01721604344427443,0.125,3
simclr,erm,True,0.005779080654304541,0.0,-6.539961074942452e-05,0.011501411907007578,0.0095975392468093,0.01721604344427443,-0.32611655547412005,1,0.25,ratio,0.2,0.018404724606940145,0.01721604344427443,0.125,3
simclr,erm,True,0.005779080654304541,0.0,-6.539961074942452e-05,0.011501411907007578,0.0095975392468093,0.01721604344427443,-0.32611655547412005,1,0.25,design,0.02,0.018404724606940145,0.01721604344427443,0.125,
simclr,erm,True,0.005779080654304541,0.0,-6.539961074942452e-05,0.011501411907007578,0.0095975392468093,0.01721604344427443,-0.32611655547412005,1,0.25,design,0.05,0.018404724606940145,0.01721604344427443,0.125,4
simclr,erm,True,0.005779080654304541,0.0,-6.539961074942452e-05,0.011501411907007578,0.0095975392468093,0.01721604344427443,-0.32611655547412005,1,0.25,design,0.1,0.018404724606940145,0.01721604344427443,0.125,3
simclr,erm,True,0.005779080654304541,0.0,-6.539961074942452e-05,0.011501411907007578,0.0095975392468093,0.01721604344427443,-0.32611655547412005,1,0.25,design,0.2,0.018404724606940145,0.01721604344427443,0.125,3
simclr,erm,True,0.005779080654304541,0.0,-6.539961074942452e-05,0.011501411907007578,0.0095975392468093,0.01721604344427443,-0.32611655547412005,1,0.5,ratio,0.02,0.01987937463386427,0.01721604344427443,0.25,14
simclr,erm,True,0.005779080654304541,0.0,-6.539961074942452e-05,0.011501411907007578,0.0095975392468093,0.01721604344427443,-0.32611655547412005,1,0.5,ratio,0.05,0.01987937463386427,0.01721604344427443,0.25,5
simclr,erm,True,0.005779080654304541,0.0,-6.539961074942452e-05,0.011501411907007578,0.0095975392468093,0.01721604344427443,-0.32611655547412005,1,0.5,ratio,0.1,0.01987937463386427,0.01721604344427443,0.25,3
simclr,erm,True,0.005779080654304541,0.0,-6.539961074942452e-05,0.011501411907007578,0.0095975392468093,0.01721604344427443,-0.32611655547412005,1,0.5,ratio,0.2,0.01987937463386427,0.01721604344427443,0.25,3
simclr,erm,True,0.005779080654304541,0.0,-6.539961074942452e-05,0.011501411907007578,0.0095975392468093,0.01721604344427443,-0.32611655547412005,1,0.5,design,0.02,0.01987937463386427,0.01721604344427443,0.25,
simclr,erm,True,0.005779080654304541,0.0,-6.539961074942452e-05,0.011501411907007578,0.0095975392468093,0.01721604344427443,-0.32611655547412005,1,0.5,design,0.05,0.01987937463386427,0.01721604344427443,0.25,6
simclr,erm,True,0.005779080654304541,0.0,-6.539961074942452e-05,0.011501411907007578,0.0095975392468093,0.01721604344427443,-0.32611655547412005,1,0.5,design,0.1,0.01987937463386427,0.01721604344427443,0.25,3
simclr,erm,True,0.005779080654304541,0.0,-6.539961074942452e-05,0.011501411907007578,0.0095975392468093,0.01721604344427443,-0.32611655547412005,1,0.5,design,0.2,0.01987937463386427,0.01721604344427443,0.25,3
simclr,erm,True,0.005779080654304541,0.0,-6.539961074942452e-05,0.011501411907007578,0.0095975392468093,0.01721604344427443,-0.32611655547412005,3,0.0,none,0.02,0.009939687316932134,0.009939687316932134,0.0,5
simclr,erm,True,0.005779080654304541,0.0,-6.539961074942452e-05,0.011501411907007578,0.0095975392468093,0.01721604344427443,-0.32611655547412005,3,0.0,none,0.05,0.009939687316932134,0.009939687316932134,0.0,3
simclr,erm,True,0.005779080654304541,0.0,-6.539961074942452e-05,0.011501411907007578,0.0095975392468093,0.01721604344427443,-0.32611655547412005,3,0.0,none,0.1,0.009939687316932134,0.009939687316932134,0.0,3
simclr,erm,True,0.005779080654304541,0.0,-6.539961074942452e-05,0.011501411907007578,0.0095975392468093,0.01721604344427443,-0.32611655547412005,3,0.0,none,0.2,0.009939687316932134,0.009939687316932134,0.0,2
simclr,erm,True,0.005779080654304541,0.0,-6.539961074942452e-05,0.011501411907007578,0.0095975392468093,0.01721604344427443,-0.32611655547412005,3,0.25,ratio,0.02,0.010625972706177822,0.009939687316932134,0.125,5
simclr,erm,True,0.005779080654304541,0.0,-6.539961074942452e-05,0.011501411907007578,0.0095975392468093,0.01721604344427443,-0.32611655547412005,3,0.25,ratio,0.05,0.010625972706177822,0.009939687316932134,0.125,3
simclr,erm,True,0.005779080654304541,0.0,-6.539961074942452e-05,0.011501411907007578,0.0095975392468093,0.01721604344427443,-0.32611655547412005,3,0.25,ratio,0.1,0.010625972706177822,0.009939687316932134,0.125,3
simclr,erm,True,0.005779080654304541,0.0,-6.539961074942452e-05,0.011501411907007578,0.0095975392468093,0.01721604344427443,-0.32611655547412005,3,0.25,ratio,0.2,0.010625972706177822,0.009939687316932134,0.125,2
simclr,erm,True,0.005779080654304541,0.0,-6.539961074942452e-05,0.011501411907007578,0.0095975392468093,0.01721604344427443,-0.32611655547412005,3,0.25,design,0.02,0.010625972706177822,0.009939687316932134,0.125,8
simclr,erm,True,0.005779080654304541,0.0,-6.539961074942452e-05,0.011501411907007578,0.0095975392468093,0.01721604344427443,-0.32611655547412005,3,0.25,design,0.05,0.010625972706177822,0.009939687316932134,0.125,3
simclr,erm,True,0.005779080654304541,0.0,-6.539961074942452e-05,0.011501411907007578,0.0095975392468093,0.01721604344427443,-0.32611655547412005,3,0.25,design,0.1,0.010625972706177822,0.009939687316932134,0.125,3
simclr,erm,True,0.005779080654304541,0.0,-6.539961074942452e-05,0.011501411907007578,0.0095975392468093,0.01721604344427443,-0.32611655547412005,3,0.25,design,0.2,0.010625972706177822,0.009939687316932134,0.125,2
simclr,erm,True,0.005779080654304541,0.0,-6.539961074942452e-05,0.011501411907007578,0.0095975392468093,0.01721604344427443,-0.32611655547412005,3,0.5,ratio,0.02,0.011477362296182955,0.009939687316932134,0.25,7
simclr,erm,True,0.005779080654304541,0.0,-6.539961074942452e-05,0.011501411907007578,0.0095975392468093,0.01721604344427443,-0.32611655547412005,3,0.5,ratio,0.05,0.011477362296182955,0.009939687316932134,0.25,3
simclr,erm,True,0.005779080654304541,0.0,-6.539961074942452e-05,0.011501411907007578,0.0095975392468093,0.01721604344427443,-0.32611655547412005,3,0.5,ratio,0.1,0.011477362296182955,0.009939687316932134,0.25,3
simclr,erm,True,0.005779080654304541,0.0,-6.539961074942452e-05,0.011501411907007578,0.0095975392468093,0.01721604344427443,-0.32611655547412005,3,0.5,ratio,0.2,0.011477362296182955,0.009939687316932134,0.25,2
simclr,erm,True,0.005779080654304541,0.0,-6.539961074942452e-05,0.011501411907007578,0.0095975392468093,0.01721604344427443,-0.32611655547412005,3,0.5,design,0.02,0.011477362296182955,0.009939687316932134,0.25,
simclr,erm,True,0.005779080654304541,0.0,-6.539961074942452e-05,0.011501411907007578,0.0095975392468093,0.01721604344427443,-0.32611655547412005,3,0.5,design,0.05,0.011477362296182955,0.009939687316932134,0.25,3
simclr,erm,True,0.005779080654304541,0.0,-6.539961074942452e-05,0.011501411907007578,0.0095975392468093,0.01721604344427443,-0.32611655547412005,3,0.5,design,0.1,0.011477362296182955,0.009939687316932134,0.25,3
simclr,erm,True,0.005779080654304541,0.0,-6.539961074942452e-05,0.011501411907007578,0.0095975392468093,0.01721604344427443,-0.32611655547412005,3,0.5,design,0.2,0.011477362296182955,0.009939687316932134,0.25,2
simclr,erm,True,0.005779080654304541,0.0,-6.539961074942452e-05,0.011501411907007578,0.0095975392468093,0.01721604344427443,-0.32611655547412005,5,0.0,none,0.02,0.007699248688997448,0.007699248688997448,0.0,4
simclr,erm,True,0.005779080654304541,0.0,-6.539961074942452e-05,0.011501411907007578,0.0095975392468093,0.01721604344427443,-0.32611655547412005,5,0.0,none,0.05,0.007699248688997448,0.007699248688997448,0.0,3
simclr,erm,True,0.005779080654304541,0.0,-6.539961074942452e-05,0.011501411907007578,0.0095975392468093,0.01721604344427443,-0.32611655547412005,5,0.0,none,0.1,0.007699248688997448,0.007699248688997448,0.0,2
simclr,erm,True,0.005779080654304541,0.0,-6.539961074942452e-05,0.011501411907007578,0.0095975392468093,0.01721604344427443,-0.32611655547412005,5,0.0,none,0.2,0.007699248688997448,0.007699248688997448,0.0,2
simclr,erm,True,0.005779080654304541,0.0,-6.539961074942452e-05,0.011501411907007578,0.0095975392468093,0.01721604344427443,-0.32611655547412005,5,0.25,ratio,0.02,0.008230843065656253,0.007699248688997448,0.125,4
simclr,erm,True,0.005779080654304541,0.0,-6.539961074942452e-05,0.011501411907007578,0.0095975392468093,0.01721604344427443,-0.32611655547412005,5,0.25,ratio,0.05,0.008230843065656253,0.007699248688997448,0.125,3
simclr,erm,True,0.005779080654304541,0.0,-6.539961074942452e-05,0.011501411907007578,0.0095975392468093,0.01721604344427443,-0.32611655547412005,5,0.25,ratio,0.1,0.008230843065656253,0.007699248688997448,0.125,3
simclr,erm,True,0.005779080654304541,0.0,-6.539961074942452e-05,0.011501411907007578,0.0095975392468093,0.01721604344427443,-0.32611655547412005,5,0.25,ratio,0.2,0.008230843065656253,0.007699248688997448,0.125,2
simclr,erm,True,0.005779080654304541,0.0,-6.539961074942452e-05,0.011501411907007578,0.0095975392468093,0.01721604344427443,-0.32611655547412005,5,0.25,design,0.02,0.008230843065656253,0.007699248688997448,0.125,5
simclr,erm,True,0.005779080654304541,0.0,-6.539961074942452e-05,0.011501411907007578,0.0095975392468093,0.01721604344427443,-0.32611655547412005,5,0.25,design,0.05,0.008230843065656253,0.007699248688997448,0.125,3
simclr,erm,True,0.005779080654304541,0.0,-6.539961074942452e-05,0.011501411907007578,0.0095975392468093,0.01721604344427443,-0.32611655547412005,5,0.25,design,0.1,0.008230843065656253,0.007699248688997448,0.125,2
simclr,erm,True,0.005779080654304541,0.0,-6.539961074942452e-05,0.011501411907007578,0.0095975392468093,0.01721604344427443,-0.32611655547412005,5,0.25,design,0.2,0.008230843065656253,0.007699248688997448,0.125,2
simclr,erm,True,0.005779080654304541,0.0,-6.539961074942452e-05,0.011501411907007578,0.0095975392468093,0.01721604344427443,-0.32611655547412005,5,0.5,ratio,0.02,0.0088903266063011,0.007699248688997448,0.25,5
simclr,erm,True,0.005779080654304541,0.0,-6.539961074942452e-05,0.011501411907007578,0.0095975392468093,0.01721604344427443,-0.32611655547412005,5,0.5,ratio,0.05,0.0088903266063011,0.007699248688997448,0.25,3
simclr,erm,True,0.005779080654304541,0.0,-6.539961074942452e-05,0.011501411907007578,0.0095975392468093,0.01721604344427443,-0.32611655547412005,5,0.5,ratio,0.1,0.0088903266063011,0.007699248688997448,0.25,3
simclr,erm,True,0.005779080654304541,0.0,-6.539961074942452e-05,0.011501411907007578,0.0095975392468093,0.01721604344427443,-0.32611655547412005,5,0.5,ratio,0.2,0.0088903266063011,0.007699248688997448,0.25,2
simclr,erm,True,0.005779080654304541,0.0,-6.539961074942452e-05,0.011501411907007578,0.0095975392468093,0.01721604344427443,-0.32611655547412005,5,0.5,design,0.02,0.0088903266063011,0.007699248688997448,0.25,10
simclr,erm,True,0.005779080654304541,0.0,-6.539961074942452e-05,0.011501411907007578,0.0095975392468093,0.01721604344427443,-0.32611655547412005,5,0.5,design,0.05,0.0088903266063011,0.007699248688997448,0.25,3
simclr,erm,True,0.005779080654304541,0.0,-6.539961074942452e-05,0.011501411907007578,0.0095975392468093,0.01721604344427443,-0.32611655547412005,5,0.5,design,0.1,0.0088903266063011,0.007699248688997448,0.25,3
simclr,erm,True,0.005779080654304541,0.0,-6.539961074942452e-05,0.011501411907007578,0.0095975392468093,0.01721604344427443,-0.32611655547412005,5,0.5,design,0.2,0.0088903266063011,0.007699248688997448,0.25,2
simclr,erm,True,0.005779080654304541,0.0,-6.539961074942452e-05,0.011501411907007578,0.0095975392468093,0.01721604344427443,-0.32611655547412005,10,0.0,none,0.02,0.005444190958031731,0.005444190958031731,0.0,3
simclr,erm,True,0.005779080654304541,0.0,-6.539961074942452e-05,0.011501411907007578,0.0095975392468093,0.01721604344427443,-0.32611655547412005,10,0.0,none,0.05,0.005444190958031731,0.005444190958031731,0.0,3
simclr,erm,True,0.005779080654304541,0.0,-6.539961074942452e-05,0.011501411907007578,0.0095975392468093,0.01721604344427443,-0.32611655547412005,10,0.0,none,0.1,0.005444190958031731,0.005444190958031731,0.0,2
simclr,erm,True,0.005779080654304541,0.0,-6.539961074942452e-05,0.011501411907007578,0.0095975392468093,0.01721604344427443,-0.32611655547412005,10,0.0,none,0.2,0.005444190958031731,0.005444190958031731,0.0,2
simclr,erm,True,0.005779080654304541,0.0,-6.539961074942452e-05,0.011501411907007578,0.0095975392468093,0.01721604344427443,-0.32611655547412005,10,0.25,ratio,0.02,0.0058200849466078074,0.005444190958031731,0.125,4
simclr,erm,True,0.005779080654304541,0.0,-6.539961074942452e-05,0.011501411907007578,0.0095975392468093,0.01721604344427443,-0.32611655547412005,10,0.25,ratio,0.05,0.0058200849466078074,0.005444190958031731,0.125,3
simclr,erm,True,0.005779080654304541,0.0,-6.539961074942452e-05,0.011501411907007578,0.0095975392468093,0.01721604344427443,-0.32611655547412005,10,0.25,ratio,0.1,0.0058200849466078074,0.005444190958031731,0.125,2
simclr,erm,True,0.005779080654304541,0.0,-6.539961074942452e-05,0.011501411907007578,0.0095975392468093,0.01721604344427443,-0.32611655547412005,10,0.25,ratio,0.2,0.0058200849466078074,0.005444190958031731,0.125,2
simclr,erm,True,0.005779080654304541,0.0,-6.539961074942452e-05,0.011501411907007578,0.0095975392468093,0.01721604344427443,-0.32611655547412005,10,0.25,design,0.02,0.0058200849466078074,0.005444190958031731,0.125,4
simclr,erm,True,0.005779080654304541,0.0,-6.539961074942452e-05,0.011501411907007578,0.0095975392468093,0.01721604344427443,-0.32611655547412005,10,0.25,design,0.05,0.0058200849466078074,0.005444190958031731,0.125,3
simclr,erm,True,0.005779080654304541,0.0,-6.539961074942452e-05,0.011501411907007578,0.0095975392468093,0.01721604344427443,-0.32611655547412005,10,0.25,design,0.1,0.0058200849466078074,0.005444190958031731,0.125,2
simclr,erm,True,0.005779080654304541,0.0,-6.539961074942452e-05,0.011501411907007578,0.0095975392468093,0.01721604344427443,-0.32611655547412005,10,0.25,design,0.2,0.0058200849466078074,0.005444190958031731,0.125,2
simclr,erm,True,0.005779080654304541,0.0,-6.539961074942452e-05,0.011501411907007578,0.0095975392468093,0.01721604344427443,-0.32611655547412005,10,0.5,ratio,0.02,0.006286410230278693,0.005444190958031731,0.25,4
simclr,erm,True,0.005779080654304541,0.0,-6.539961074942452e-05,0.011501411907007578,0.0095975392468093,0.01721604344427443,-0.32611655547412005,10,0.5,ratio,0.05,0.006286410230278693,0.005444190958031731,0.25,3
simclr,erm,True,0.005779080654304541,0.0,-6.539961074942452e-05,0.011501411907007578,0.0095975392468093,0.01721604344427443,-0.32611655547412005,10,0.5,ratio,0.1,0.006286410230278693,0.005444190958031731,0.25,2
simclr,erm,True,0.005779080654304541,0.0,-6.539961074942452e-05,0.011501411907007578,0.0095975392468093,0.01721604344427443,-0.32611655547412005,10,0.5,ratio,0.2,0.006286410230278693,0.005444190958031731,0.25,2
simclr,erm,True,0.005779080654304541,0.0,-6.539961074942452e-05,0.011501411907007578,0.0095975392468093,0.01721604344427443,-0.32611655547412005,10,0.5,design,0.02,0.006286410230278693,0.005444190958031731,0.25,4
simclr,erm,True,0.005779080654304541,0.0,-6.539961074942452e-05,0.011501411907007578,0.0095975392468093,0.01721604344427443,-0.32611655547412005,10,0.5,design,0.05,0.006286410230278693,0.005444190958031731,0.25,3
simclr,erm,True,0.005779080654304541,0.0,-6.539961074942452e-05,0.011501411907007578,0.0095975392468093,0.01721604344427443,-0.32611655547412005,10,0.5,design,0.1,0.006286410230278693,0.005444190958031731,0.25,2
simclr,erm,True,0.005779080654304541,0.0,-6.539961074942452e-05,0.011501411907007578,0.0095975392468093,0.01721604344427443,-0.32611655547412005,10,0.5,design,0.2,0.006286410230278693,0.005444190958031731,0.25,2
tia_style,erm,True,0.00967967577301156,0.007131728279180255,5.086154824805936e-05,0.004632727742563204,0.0095975392468093,0.011335948326792196,-0.16787970086340737,1,0.0,none,0.02,0.01339273208556649,0.01339273208556649,0.0,6
tia_style,erm,True,0.00967967577301156,0.007131728279180255,5.086154824805936e-05,0.004632727742563204,0.0095975392468093,0.011335948326792196,-0.16787970086340737,1,0.0,none,0.05,0.01339273208556649,0.01339273208556649,0.0,3
tia_style,erm,True,0.00967967577301156,0.007131728279180255,5.086154824805936e-05,0.004632727742563204,0.0095975392468093,0.011335948326792196,-0.16787970086340737,1,0.0,none,0.1,0.01339273208556649,0.01339273208556649,0.0,3
tia_style,erm,True,0.00967967577301156,0.007131728279180255,5.086154824805936e-05,0.004632727742563204,0.0095975392468093,0.011335948326792196,-0.16787970086340737,1,0.0,none,0.2,0.01339273208556649,0.01339273208556649,0.0,2
tia_style,erm,True,0.00967967577301156,0.007131728279180255,5.086154824805936e-05,0.004632727742563204,0.0095975392468093,0.011335948326792196,-0.16787970086340737,1,0.25,ratio,0.02,0.014317432839155495,0.01339273208556649,0.125,8
tia_style,erm,True,0.00967967577301156,0.007131728279180255,5.086154824805936e-05,0.004632727742563204,0.0095975392468093,0.011335948326792196,-0.16787970086340737,1,0.25,ratio,0.05,0.014317432839155495,0.01339273208556649,0.125,4
tia_style,erm,True,0.00967967577301156,0.007131728279180255,5.086154824805936e-05,0.004632727742563204,0.0095975392468093,0.011335948326792196,-0.16787970086340737,1,0.25,ratio,0.1,0.014317432839155495,0.01339273208556649,0.125,3
tia_style,erm,True,0.00967967577301156,0.007131728279180255,5.086154824805936e-05,0.004632727742563204,0.0095975392468093,0.011335948326792196,-0.16787970086340737,1,0.25,ratio,0.2,0.014317432839155495,0.01339273208556649,0.125,2
tia_style,erm,True,0.00967967577301156,0.007131728279180255,5.086154824805936e-05,0.004632727742563204,0.0095975392468093,0.011335948326792196,-0.16787970086340737,1,0.25,design,0.02,0.014317432839155495,0.01339273208556649,0.125,
tia_style,erm,True,0.00967967577301156,0.007131728279180255,5.086154824805936e-05,0.004632727742563204,0.0095975392468093,0.011335948326792196,-0.16787970086340737,1,0.25,design,0.05,0.014317432839155495,0.01339273208556649,0.125,4
tia_style,erm,True,0.00967967577301156,0.007131728279180255,5.086154824805936e-05,0.004632727742563204,0.0095975392468093,0.011335948326792196,-0.16787970086340737,1,0.25,design,0.1,0.014317432839155495,0.01339273208556649,0.125,3
tia_style,erm,True,0.00967967577301156,0.007131728279180255,5.086154824805936e-05,0.004632727742563204,0.0095975392468093,0.011335948326792196,-0.16787970086340737,1,0.25,design,0.2,0.014317432839155495,0.01339273208556649,0.125,2
tia_style,erm,True,0.00967967577301156,0.007131728279180255,5.086154824805936e-05,0.004632727742563204,0.0095975392468093,0.011335948326792196,-0.16787970086340737,1,0.5,ratio,0.02,0.015464594949572703,0.01339273208556649,0.25,10
tia_style,erm,True,0.00967967577301156,0.007131728279180255,5.086154824805936e-05,0.004632727742563204,0.0095975392468093,0.011335948326792196,-0.16787970086340737,1,0.5,ratio,0.05,0.015464594949572703,0.01339273208556649,0.25,4
tia_style,erm,True,0.00967967577301156,0.007131728279180255,5.086154824805936e-05,0.004632727742563204,0.0095975392468093,0.011335948326792196,-0.16787970086340737,1,0.5,ratio,0.1,0.015464594949572703,0.01339273208556649,0.25,3
tia_style,erm,True,0.00967967577301156,0.007131728279180255,5.086154824805936e-05,0.004632727742563204,0.0095975392468093,0.011335948326792196,-0.16787970086340737,1,0.5,ratio,0.2,0.015464594949572703,0.01339273208556649,0.25,3
tia_style,erm,True,0.00967967577301156,0.007131728279180255,5.086154824805936e-05,0.004632727742563204,0.0095975392468093,0.011335948326792196,-0.16787970086340737,1,0.5,design,0.02,0.015464594949572703,0.01339273208556649,0.25,
tia_style,erm,True,0.00967967577301156,0.007131728279180255,5.086154824805936e-05,0.004632727742563204,0.0095975392468093,0.011335948326792196,-0.16787970086340737,1,0.5,design,0.05,0.015464594949572703,0.01339273208556649,0.25,4
tia_style,erm,True,0.00967967577301156,0.007131728279180255,5.086154824805936e-05,0.004632727742563204,0.0095975392468093,0.011335948326792196,-0.16787970086340737,1,0.5,design,0.1,0.015464594949572703,0.01339273208556649,0.25,3
tia_style,erm,True,0.00967967577301156,0.007131728279180255,5.086154824805936e-05,0.004632727742563204,0.0095975392468093,0.011335948326792196,-0.16787970086340737,1,0.5,design,0.2,0.015464594949572703,0.01339273208556649,0.25,2
tia_style,erm,True,0.00967967577301156,0.007131728279180255,5.086154824805936e-05,0.004632727742563204,0.0095975392468093,0.011335948326792196,-0.16787970086340737,3,0.0,none,0.02,0.00967967577301156,0.00967967577301156,0.0,5
tia_style,erm,True,0.00967967577301156,0.007131728279180255,5.086154824805936e-05,0.004632727742563204,0.0095975392468093,0.011335948326792196,-0.16787970086340737,3,0.0,none,0.05,0.00967967577301156,0.00967967577301156,0.0,3
tia_style,erm,True,0.00967967577301156,0.007131728279180255,5.086154824805936e-05,0.004632727742563204,0.0095975392468093,0.011335948326792196,-0.16787970086340737,3,0.0,none,0.1,0.00967967577301156,0.00967967577301156,0.0,3
tia_style,erm,True,0.00967967577301156,0.007131728279180255,5.086154824805936e-05,0.004632727742563204,0.0095975392468093,0.011335948326792196,-0.16787970086340737,3,0.0,none,0.2,0.00967967577301156,0.00967967577301156,0.0,2
tia_style,erm,True,0.00967967577301156,0.007131728279180255,5.086154824805936e-05,0.004632727742563204,0.0095975392468093,0.011335948326792196,-0.16787970086340737,3,0.25,ratio,0.02,0.010348008673618705,0.00967967577301156,0.125,5
tia_style,erm,True,0.00967967577301156,0.007131728279180255,5.086154824805936e-05,0.004632727742563204,0.0095975392468093,0.011335948326792196,-0.16787970086340737,3,0.25,ratio,0.05,0.010348008673618705,0.00967967577301156,0.125,3
tia_style,erm,True,0.00967967577301156,0.007131728279180255,5.086154824805936e-05,0.004632727742563204,0.0095975392468093,0.011335948326792196,-0.16787970086340737,3,0.25,ratio,0.1,0.010348008673618705,0.00967967577301156,0.125,3
tia_style,erm,True,0.00967967577301156,0.007131728279180255,5.086154824805936e-05,0.004632727742563204,0.0095975392468093,0.011335948326792196,-0.16787970086340737,3,0.25,ratio,0.2,0.010348008673618705,0.00967967577301156,0.125,2
tia_style,erm,True,0.00967967577301156,0.007131728279180255,5.086154824805936e-05,0.004632727742563204,0.0095975392468093,0.011335948326792196,-0.16787970086340737,3,0.25,design,0.02,0.010348008673618705,0.00967967577301156,0.125,7
tia_style,erm,True,0.00967967577301156,0.007131728279180255,5.086154824805936e-05,0.004632727742563204,0.0095975392468093,0.011335948326792196,-0.16787970086340737,3,0.25,design,0.05,0.010348008673618705,0.00967967577301156,0.125,3
tia_style,erm,True,0.00967967577301156,0.007131728279180255,5.086154824805936e-05,0.004632727742563204,0.0095975392468093,0.011335948326792196,-0.16787970086340737,3,0.25,design,0.1,0.010348008673618705,0.00967967577301156,0.125,3
tia_style,erm,True,0.00967967577301156,0.007131728279180255,5.086154824805936e-05,0.004632727742563204,0.0095975392468093,0.011335948326792196,-0.16787970086340737,3,0.25,design,0.2,0.010348008673618705,0.00967967577301156,0.125,2
tia_style,erm,True,0.00967967577301156,0.007131728279180255,5.086154824805936e-05,0.004632727742563204,0.0095975392468093,0.011335948326792196,-0.16787970086340737,3,0.5,ratio,0.02,0.011177126826433046,0.00967967577301156,0.25,6
tia_style,erm,True,0.00967967577301156,0.007131728279180255,5.086154824805936e-05,0.004632727742563204,0.0095975392468093,0.011335948326792196,-0.16787970086340737,3,0.5,ratio,0.05,0.011177126826433046,0.00967967577301156,0.25,3
tia_style,erm,True,0.00967967577301156,0.007131728279180255,5.086154824805936e-05,0.004632727742563204,0.0095975392468093,0.011335948326792196,-0.16787970086340737,3,0.5,ratio,0.1,0.011177126826433046,0.00967967577301156,0.25,3
tia_style,erm,True,0.00967967577301156,0.007131728279180255,5.086154824805936e-05,0.004632727742563204,0.0095975392468093,0.011335948326792196,-0.16787970086340737,3,0.5,ratio,0.2,0.011177126826433046,0.00967967577301156,0.25,2
tia_style,erm,True,0.00967967577301156,0.007131728279180255,5.086154824805936e-05,0.004632727742563204,0.0095975392468093,0.011335948326792196,-0.16787970086340737,3,0.5,design,0.02,0.011177126826433046,0.00967967577301156,0.25,
tia_style,erm,True,0.00967967577301156,0.007131728279180255,5.086154824805936e-05,0.004632727742563204,0.0095975392468093,0.011335948326792196,-0.16787970086340737,3,0.5,design,0.05,0.011177126826433046,0.00967967577301156,0.25,3
tia_style,erm,True,0.00967967577301156,0.007131728279180255,5.086154824805936e-05,0.004632727742563204,0.0095975392468093,0.011335948326792196,-0.16787970086340737,3,0.5,design,0.1,0.011177126826433046,0.00967967577301156,0.25,3
tia_style,erm,True,0.00967967577301156,0.007131728279180255,5.086154824805936e-05,0.004632727742563204,0.0095975392468093,0.011335948326792196,-0.16787970086340737,3,0.5,design,0.2,0.011177126826433046,0.00967967577301156,0.25,2
tia_style,erm,True,0.00967967577301156,0.007131728279180255,5.086154824805936e-05,0.004632727742563204,0.0095975392468093,0.011335948326792196,-0.16787970086340737,5,0.0,none,0.02,0.008749988179512011,0.008749988179512011,0.0,4
tia_style,erm,True,0.00967967577301156,0.007131728279180255,5.086154824805936e-05,0.004632727742563204,0.0095975392468093,0.011335948326792196,-0.16787970086340737,5,0.0,none,0.05,0.008749988179512011,0.008749988179512011,0.0,3
tia_style,erm,True,0.00967967577301156,0.007131728279180255,5.086154824805936e-05,0.004632727742563204,0.0095975392468093,0.011335948326792196,-0.16787970086340737,5,0.0,none,0.1,0.008749988179512011,0.008749988179512011,0.0,3
tia_style,erm,True,0.00967967577301156,0.007131728279180255,5.086154824805936e-05,0.004632727742563204,0.0095975392468093,0.011335948326792196,-0.16787970086340737,5,0.0,none,0.2,0.008749988179512011,0.008749988179512011,0.0,2
tia_style,erm,True,0.00967967577301156,0.007131728279180255,5.086154824805936e-05,0.004632727742563204,0.0095975392468093,0.011335948326792196,-0.16787970086340737,5,0.25,ratio,0.02,0.009354130830301654,0.008749988179512011,0.125,5
tia_style,erm,True,0.00967967577301156,0.007131728279180255,5.086154824805936e-05,0.004632727742563204,0.0095975392468093,0.011335948326792196,-0.16787970086340737,5,0.25,ratio,0.05,0.009354130830301654,0.008749988179512011,0.125,3
tia_style,erm,True,0.00967967577301156,0.007131728279180255,5.086154824805936e-05,0.004632727742563204,0.0095975392468093,0.011335948326792196,-0.16787970086340737,5,0.25,ratio,0.1,0.009354130830301654,0.008749988179512011,0.125,3
tia_style,erm,True,0.00967967577301156,0.007131728279180255,5.086154824805936e-05,0.004632727742563204,0.0095975392468093,0.011335948326792196,-0.16787970086340737,5,0.25,ratio,0.2,0.009354130830301654,0.008749988179512011,0.125,2
tia_style,erm,True,0.00967967577301156,0.007131728279180255,5.086154824805936e-05,0.004632727742563204,0.0095975392468093,0.011335948326792196,-0.16787970086340737,5,0.25,design,0.02,0.009354130830301654,0.008749988179512011,0.125,6
tia_style,erm,True,0.00967967577301156,0.007131728279180255,5.086154824805936e-05,0.004632727742563204,0.0095975392468093,0.011335948326792196,-0.16787970086340737,5,0.25,design,0.05,0.009354130830301654,0.008749988179512011,0.125,3
tia_style,erm,True,0.00967967577301156,0.007131728279180255,5.086154824805936e-05,0.004632727742563204,0.0095975392468093,0.011335948326792196,-0.16787970086340737,5,0.25,design,0.1,0.009354130830301654,0.008749988179512011,0.125,3
tia_style,erm,True,0.00967967577301156,0.007131728279180255,5.086154824805936e-05,0.004632727742563204,0.0095975392468093,0.011335948326792196,-0.16787970086340737,5,0.25,design,0.2,0.009354130830301654,0.008749988179512011,0.125,2
tia_style,erm,True,0.00967967577301156,0.007131728279180255,5.086154824805936e-05,0.004632727742563204,0.0095975392468093,0.011335948326792196,-0.16787970086340737,5,0.5,ratio,0.02,0.010103616061694607,0.008749988179512011,0.25,6
tia_style,erm,True,0.00967967577301156,0.007131728279180255,5.086154824805936e-05,0.004632727742563204,0.0095975392468093,0.011335948326792196,-0.16787970086340737,5,0.5,ratio,0.05,0.010103616061694607,0.008749988179512011,0.25,3
tia_style,erm,True,0.00967967577301156,0.007131728279180255,5.086154824805936e-05,0.004632727742563204,0.0095975392468093,0.011335948326792196,-0.16787970086340737,5,0.5,ratio,0.1,0.010103616061694607,0.008749988179512011,0.25,3
tia_style,erm,True,0.00967967577301156,0.007131728279180255,5.086154824805936e-05,0.004632727742563204,0.0095975392468093,0.011335948326792196,-0.16787970086340737,5,0.5,ratio,0.2,0.010103616061694607,0.008749988179512011,0.25,2
tia_style,erm,True,0.00967967577301156,0.007131728279180255,5.086154824805936e-05,0.004632727742563204,0.0095975392468093,0.011335948326792196,-0.16787970086340737,5,0.5,design,0.02,0.010103616061694607,0.008749988179512011,0.25,
tia_style,erm,True,0.00967967577301156,0.007131728279180255,5.086154824805936e-05,0.004632727742563204,0.0095975392468093,0.011335948326792196,-0.16787970086340737,5,0.5,design,0.05,0.010103616061694607,0.008749988179512011,0.25,3
tia_style,erm,True,0.00967967577301156,0.007131728279180255,5.086154824805936e-05,0.004632727742563204,0.0095975392468093,0.011335948326792196,-0.16787970086340737,5,0.5,design,0.1,0.010103616061694607,0.008749988179512011,0.25,3
tia_style,erm,True,0.00967967577301156,0.007131728279180255,5.086154824805936e-05,0.004632727742563204,0.0095975392468093,0.011335948326792196,-0.16787970086340737,5,0.5,design,0.2,0.010103616061694607,0.008749988179512011,0.25,2
tia_style,erm,True,0.00967967577301156,0.007131728279180255,5.086154824805936e-05,0.004632727742563204,0.0095975392468093,0.011335948326792196,-0.16787970086340737,10,0.0,none,0.02,0.007981974736544186,0.007981974736544186,0.0,4
tia_style,erm,True,0.00967967577301156,0.007131728279180255,5.086154824805936e-05,0.004632727742563204,0.0095975392468093,0.011335948326792196,-0.16787970086340737,10,0.0,none,0.05,0.007981974736544186,0.007981974736544186,0.0,3
tia_style,erm,True,0.00967967577301156,0.007131728279180255,5.086154824805936e-05,0.004632727742563204,0.0095975392468093,0.011335948326792196,-0.16787970086340737,10,0.0,none,0.1,0.007981974736544186,0.007981974736544186,0.0,2
tia_style,erm,True,0.00967967577301156,0.007131728279180255,5.086154824805936e-05,0.004632727742563204,0.0095975392468093,0.011335948326792196,-0.16787970086340737,10,0.0,none,0.2,0.007981974736544186,0.007981974736544186,0.0,2
tia_style,erm,True,0.00967967577301156,0.007131728279180255,5.086154824805936e-05,0.004632727742563204,0.0095975392468093,0.011335948326792196,-0.16787970086340737,10,0.25,ratio,0.02,0.008533089924009583,0.007981974736544186,0.125,5
tia_style,erm,True,0.00967967577301156,0.007131728279180255,5.086154824805936e-05,0.004632727742563204,0.0095975392468093,0.011335948326792196,-0.16787970086340737,10,0.25,ratio,0.05,0.008533089924009583,0.007981974736544186,0.125,3
tia_style,erm,True,0.00967967577301156,0.007131728279180255,5.086154824805936e-05,0.004632727742563204,0.0095975392468093,0.011335948326792196,-0.16787970086340737,10,0.25,ratio,0.1,0.008533089924009583,0.007981974736544186,0.125,3
tia_style,erm,True,0.00967967577301156,0.007131728279180255,5.086154824805936e-05,0.004632727742563204,0.0095975392468093,0.011335948326792196,-0.16787970086340737,10,0.25,ratio,0.2,0.008533089924009583,0.007981974736544186,0.125,2
tia_style,erm,True,0.00967967577301156,0.007131728279180255,5.086154824805936e-05,0.004632727742563204,0.0095975392468093,0.011335948326792196,-0.16787970086340737,10,0.25,design,0.02,0.008533089924009583,0.007981974736544186,0.125,5
tia_style,erm,True,0.00967967577301156,0.007131728279180255,5.086154824805936e-05,0.004632727742563204,0.0095975392468093,0.011335948326792196,-0.16787970086340737,10,0.25,design,0.05,0.008533089924009583,0.007981974736544186,0.125,3
tia_style,erm,True,0.00967967577301156,0.007131728279180255,5.086154824805936e-05,0.004632727742563204,0.0095975392468093,0.011335948326792196,-0.16787970086340737,10,0.25,design,0.1,0.008533089924009583,0.007981974736544186,0.125,2
tia_style,erm,True,0.00967967577301156,0.007131728279180255,5.086154824805936e-05,0.004632727742563204,0.0095975392468093,0.011335948326792196,-0.16787970086340737,10,0.25,design,0.2,0.008533089924009583,0.007981974736544186,0.125,2
tia_style,erm,True,0.00967967577301156,0.007131728279180255,5.086154824805936e-05,0.004632727742563204,0.0095975392468093,0.011335948326792196,-0.16787970086340737,10,0.5,ratio,0.02,0.009216790525617156,0.007981974736544186,0.25,5
tia_style,erm,True,0.00967967577301156,0.007131728279180255,5.086154824805936e-05,0.004632727742563204,0.0095975392468093,0.011335948326792196,-0.16787970086340737,10,0.5,ratio,0.05,0.009216790525617156,0.007981974736544186,0.25,3
tia_style,erm,True,0.00967967577301156,0.007131728279180255,5.086154824805936e-05,0.004632727742563204,0.0095975392468093,0.011335948326792196,-0.16787970086340737,10,0.5,ratio,0.1,0.009216790525617156,0.007981974736544186,0.25,3
tia_style,erm,True,0.00967967577301156,0.007131728279180255,5.086154824805936e-05,0.004632727742563204,0.0095975392468093,0.011335948326792196,-0.16787970086340737,10,0.5,ratio,0.2,0.009216790525617156,0.007981974736544186,0.25,2
tia_style,erm,True,0.00967967577301156,0.007131728279180255,5.086154824805936e-05,0.004632727742563204,0.0095975392468093,0.011335948326792196,-0.16787970086340737,10,0.5,design,0.02,0.009216790525617156,0.007981974736544186,0.25,13
tia_style,erm,True,0.00967967577301156,0.007131728279180255,5.086154824805936e-05,0.004632727742563204,0.0095975392468093,0.011335948326792196,-0.16787970086340737,10,0.5,design,0.05,0.009216790525617156,0.007981974736544186,0.25,3
tia_style,erm,True,0.00967967577301156,0.007131728279180255,5.086154824805936e-05,0.004632727742563204,0.0095975392468093,0.011335948326792196,-0.16787970086340737,10,0.5,design,0.1,0.009216790525617156,0.007981974736544186,0.25,3
tia_style,erm,True,0.00967967577301156,0.007131728279180255,5.086154824805936e-05,0.004632727742563204,0.0095975392468093,0.011335948326792196,-0.16787970086340737,10,0.5,design,0.2,0.009216790525617156,0.007981974736544186,0.25,2
