arm,ref,paired,sd_d_observed,sigma_dxa,sigma_dxa_raw2,sigma_run_arm,sigma_run_ref,sigma_run_diff,run_corr,seeds,rho,keff_mode,delta,sd_delta,sd_delta_uncorrected,rbar_obs,K_min
augonly,erm,True,0.03715665263698569,0.03521924528652869,0.0012403952385526737,0.016324542954161594,0.01979146809101272,0.026478443745143125,-0.06641417792787153,1,0.0,none,0.02,0.04406249223225331,0.04406249223225331,0.0,41
augonly,erm,True,0.03715665263698569,0.03521924528652869,0.0012403952385526737,0.016324542954161594,0.01979146809101272,0.026478443745143125,-0.06641417792787153,1,0.0,none,0.05,0.04406249223225331,0.04406249223225331,0.0,9
augonly,erm,True,0.03715665263698569,0.03521924528652869,0.0012403952385526737,0.016324542954161594,0.01979146809101272,0.026478443745143125,-0.06641417792787153,1,0.0,none,0.1,0.04406249223225331,0.04406249223225331,0.0,4
augonly,erm,True,0.03715665263698569,0.03521924528652869,0.0012403952385526737,0.016324542954161594,0.01979146809101272,0.026478443745143125,-0.06641417792787153,1,0.0,none,0.2,0.04406249223225331,0.04406249223225331,0.0,3
augonly,erm,True,0.03715665263698569,0.03521924528652869,0.0012403952385526737,0.016324542954161594,0.01979146809101272,0.026478443745143125,-0.06641417792787153,1,0.25,ratio,0.02,0.04710478558299429,0.04406249223225331,0.125,57
augonly,erm,True,0.03715665263698569,0.03521924528652869,0.0012403952385526737,0.016324542954161594,0.01979146809101272,0.026478443745143125,-0.06641417792787153,1,0.25,ratio,0.05,0.04710478558299429,0.04406249223225331,0.125,11
augonly,erm,True,0.03715665263698569,0.03521924528652869,0.0012403952385526737,0.016324542954161594,0.01979146809101272,0.026478443745143125,-0.06641417792787153,1,0.25,ratio,0.1,0.04710478558299429,0.04406249223225331,0.125,5
augonly,erm,True,0.03715665263698569,0.03521924528652869,0.0012403952385526737,0.016324542954161594,0.01979146809101272,0.026478443745143125,-0.06641417792787153,1,0.25,ratio,0.2,0.04710478558299429,0.04406249223225331,0.125,3
augonly,erm,True,0.03715665263698569,0.03521924528652869,0.0012403952385526737,0.016324542954161594,0.01979146809101272,0.026478443745143125,-0.06641417792787153,1,0.25,design,0.02,0.04710478558299429,0.04406249223225331,0.125,
augonly,erm,True,0.03715665263698569,0.03521924528652869,0.0012403952385526737,0.016324542954161594,0.01979146809101272,0.026478443745143125,-0.06641417792787153,1,0.25,design,0.05,0.04710478558299429,0.04406249223225331,0.125,
augonly,erm,True,0.03715665263698569,0.03521924528652869,0.0012403952385526737,0.016324542954161594,0.01979146809101272,0.026478443745143125,-0.06641417792787153,1,0.25,design,0.1,0.04710478558299429,0.04406249223225331,0.125,6
augonly,erm,True,0.03715665263698569,0.03521924528652869,0.0012403952385526737,0.016324542954161594,0.01979146809101272,0.026478443745143125,-0.06641417792787153,1,0.25,design,0.2,0.04710478558299429,0.04406249223225331,0.125,3
augonly,erm,True,0.03715665263698569,0.03521924528652869,0.0012403952385526737,0.016324542954161594,0.01979146809101272,0.026478443745143125,-0.06641417792787153,1,0.5,ratio,0.02,0.050878983502914484,0.04406249223225331,0.25,79
augonly,erm,True,0.03715665263698569,0.03521924528652869,0.0012403952385526737,0.016324542954161594,0.01979146809101272,0.026478443745143125,-0.06641417792787153,1,0.5,ratio,0.05,0.050878983502914484,0.04406249223225331,0.25,15
augonly,erm,True,0.03715665263698569,0.03521924528652869,0.0012403952385526737,0.016324542954161594,0.01979146809101272,0.026478443745143125,-0.06641417792787153,1,0.5,ratio,0.1,0.050878983502914484,0.04406249223225331,0.25,6
augonly,erm,True,0.03715665263698569,0.03521924528652869,0.0012403952385526737,0.016324542954161594,0.01979146809101272,0.026478443745143125,-0.06641417792787153,1,0.5,ratio,0.2,0.050878983502914484,0.04406249223225331,0.25,4
augonly,erm,True,0.03715665263698569,0.03521924528652869,0.0012403952385526737,0.016324542954161594,0.01979146809101272,0.026478443745143125,-0.06641417792787153,1,0.5,design,0.02,0.050878983502914484,0.04406249223225331,0.25,
augonly,erm,True,0.03715665263698569,0.03521924528652869,0.0012403952385526737,0.016324542954161594,0.01979146809101272,0.026478443745143125,-0.06641417792787153,1,0.5,design,0.05,0.050878983502914484,0.04406249223225331,0.25,
augonly,erm,True,0.03715665263698569,0.03521924528652869,0.0012403952385526737,0.016324542954161594,0.01979146809101272,0.026478443745143125,-0.06641417792787153,1,0.5,design,0.1,0.050878983502914484,0.04406249223225331,0.25,
augonly,erm,True,0.03715665263698569,0.03521924528652869,0.0012403952385526737,0.016324542954161594,0.01979146809101272,0.026478443745143125,-0.06641417792787153,1,0.5,design,0.2,0.050878983502914484,0.04406249223225331,0.25,4
augonly,erm,True,0.03715665263698569,0.03521924528652869,0.0012403952385526737,0.016324542954161594,0.01979146809101272,0.026478443745143125,-0.06641417792787153,3,0.0,none,0.02,0.038393982596333726,0.038393982596333726,0.0,31
augonly,erm,True,0.03715665263698569,0.03521924528652869,0.0012403952385526737,0.016324542954161594,0.01979146809101272,0.026478443745143125,-0.06641417792787153,3,0.0,none,0.05,0.038393982596333726,0.038393982596333726,0.0,7
augonly,erm,True,0.03715665263698569,0.03521924528652869,0.0012403952385526737,0.016324542954161594,0.01979146809101272,0.026478443745143125,-0.06641417792787153,3,0.0,none,0.1,0.038393982596333726,0.038393982596333726,0.0,4
augonly,erm,True,0.03715665263698569,0.03521924528652869,0.0012403952385526737,0.016324542954161594,0.01979146809101272,0.026478443745143125,-0.06641417792787153,3,0.0,none,0.2,0.038393982596333726,0.038393982596333726,0.0,3
augonly,erm,True,0.03715665263698569,0.03521924528652869,0.0012403952385526737,0.016324542954161594,0.01979146809101272,0.026478443745143125,-0.06641417792787153,3,0.25,ratio,0.02,0.04104489388264064,0.038393982596333726,0.125,44
augonly,erm,True,0.03715665263698569,0.03521924528652869,0.0012403952385526737,0.016324542954161594,0.01979146809101272,0.026478443745143125,-0.06641417792787153,3,0.25,ratio,0.05,0.04104489388264064,0.038393982596333726,0.125,9
augonly,erm,True,0.03715665263698569,0.03521924528652869,0.0012403952385526737,0.016324542954161594,0.01979146809101272,0.026478443745143125,-0.06641417792787153,3,0.25,ratio,0.1,0.04104489388264064,0.038393982596333726,0.125,4
augonly,erm,True,0.03715665263698569,0.03521924528652869,0.0012403952385526737,0.016324542954161594,0.01979146809101272,0.026478443745143125,-0.06641417792787153,3,0.25,ratio,0.2,0.04104489388264064,0.038393982596333726,0.125,3
augonly,erm,True,0.03715665263698569,0.03521924528652869,0.0012403952385526737,0.016324542954161594,0.01979146809101272,0.026478443745143125,-0.06641417792787153,3,0.25,design,0.02,0.04104489388264064,0.038393982596333726,0.125,
augonly,erm,True,0.03715665263698569,0.03521924528652869,0.0012403952385526737,0.016324542954161594,0.01979146809101272,0.026478443745143125,-0.06641417792787153,3,0.25,design,0.05,0.04104489388264064,0.038393982596333726,0.125,
augonly,erm,True,0.03715665263698569,0.03521924528652869,0.0012403952385526737,0.016324542954161594,0.01979146809101272,0.026478443745143125,-0.06641417792787153,3,0.25,design,0.1,0.04104489388264064,0.038393982596333726,0.125,5
augonly,erm,True,0.03715665263698569,0.03521924528652869,0.0012403952385526737,0.016324542954161594,0.01979146809101272,0.026478443745143125,-0.06641417792787153,3,0.25,design,0.2,0.04104489388264064,0.038393982596333726,0.125,3
augonly,erm,True,0.03715665263698569,0.03521924528652869,0.0012403952385526737,0.016324542954161594,0.01979146809101272,0.026478443745143125,-0.06641417792787153,3,0.5,ratio,0.02,0.04433355237451017,0.038393982596333726,0.25,60
augonly,erm,True,0.03715665263698569,0.03521924528652869,0.0012403952385526737,0.016324542954161594,0.01979146809101272,0.026478443745143125,-0.06641417792787153,3,0.5,ratio,0.05,0.04433355237451017,0.038393982596333726,0.25,12
augonly,erm,True,0.03715665263698569,0.03521924528652869,0.0012403952385526737,0.016324542954161594,0.01979146809101272,0.026478443745143125,-0.06641417792787153,3,0.5,ratio,0.1,0.04433355237451017,0.038393982596333726,0.25,5
augonly,erm,True,0.03715665263698569,0.03521924528652869,0.0012403952385526737,0.016324542954161594,0.01979146809101272,0.026478443745143125,-0.06641417792787153,3,0.5,ratio,0.2,0.04433355237451017,0.038393982596333726,0.25,3
augonly,erm,True,0.03715665263698569,0.03521924528652869,0.0012403952385526737,0.016324542954161594,0.01979146809101272,0.026478443745143125,-0.06641417792787153,3,0.5,design,0.02,0.04433355237451017,0.038393982596333726,0.25,
augonly,erm,True,0.03715665263698569,0.03521924528652869,0.0012403952385526737,0.016324542954161594,0.01979146809101272,0.026478443745143125,-0.06641417792787153,3,0.5,design,0.05,0.04433355237451017,0.038393982596333726,0.25,
augonly,erm,True,0.03715665263698569,0.03521924528652869,0.0012403952385526737,0.016324542954161594,0.01979146809101272,0.026478443745143125,-0.06641417792787153,3,0.5,design,0.1,0.04433355237451017,0.038393982596333726,0.25,10
augonly,erm,True,0.03715665263698569,0.03521924528652869,0.0012403952385526737,0.016324542954161594,0.01979146809101272,0.026478443745143125,-0.06641417792787153,3,0.5,design,0.2,0.04433355237451017,0.038393982596333726,0.25,3
augonly,erm,True,0.03715665263698569,0.03521924528652869,0.0012403952385526737,0.016324542954161594,0.01979146809101272,0.026478443745143125,-0.06641417792787153,5,0.0,none,0.02,0.03715665263698569,0.03715665263698569,0.0,30
augonly,erm,True,0.03715665263698569,0.03521924528652869,0.0012403952385526737,0.016324542954161594,0.01979146809101272,0.026478443745143125,-0.06641417792787153,5,0.0,none,0.05,0.03715665263698569,0.03715665263698569,0.0,7
augonly,erm,True,0.03715665263698569,0.03521924528652869,0.0012403952385526737,0.016324542954161594,0.01979146809101272,0.026478443745143125,-0.06641417792787153,5,0.0,none,0.1,0.03715665263698569,0.03715665263698569,0.0,4
augonly,erm,True,0.03715665263698569,0.03521924528652869,0.0012403952385526737,0.016324542954161594,0.01979146809101272,0.026478443745143125,-0.06641417792787153,5,0.0,none,0.2,0.03715665263698569,0.03715665263698569,0.0,3
augonly,erm,True,0.03715665263698569,0.03521924528652869,0.0012403952385526737,0.016324542954161594,0.01979146809101272,0.026478443745143125,-0.06641417792787153,5,0.25,ratio,0.02,0.03972213251627742,0.03715665263698569,0.125,41
augonly,erm,True,0.03715665263698569,0.03521924528652869,0.0012403952385526737,0.016324542954161594,0.01979146809101272,0.026478443745143125,-0.06641417792787153,5,0.25,ratio,0.05,0.03972213251627742,0.03715665263698569,0.125,9
augonly,erm,True,0.03715665263698569,0.03521924528652869,0.0012403952385526737,0.016324542954161594,0.01979146809101272,0.026478443745143125,-0.06641417792787153,5,0.25,ratio,0.1,0.03972213251627742,0.03715665263698569,0.125,4
augonly,erm,True,0.03715665263698569,0.03521924528652869,0.0012403952385526737,0.016324542954161594,0.01979146809101272,0.026478443745143125,-0.06641417792787153,5,0.25,ratio,0.2,0.03972213251627742,0.03715665263698569,0.125,3
augonly,erm,True,0.03715665263698569,0.03521924528652869,0.0012403952385526737,0.016324542954161594,0.01979146809101272,0.026478443745143125,-0.06641417792787153,5,0.25,design,0.02,0.03972213251627742,0.03715665263698569,0.125,
augonly,erm,True,0.03715665263698569,0.03521924528652869,0.0012403952385526737,0.016324542954161594,0.01979146809101272,0.026478443745143125,-0.06641417792787153,5,0.25,design,0.05,0.03972213251627742,0.03715665263698569,0.125,
augonly,erm,True,0.03715665263698569,0.03521924528652869,0.0012403952385526737,0.016324542954161594,0.01979146809101272,0.026478443745143125,-0.06641417792787153,5,0.25,design,0.1,0.03972213251627742,0.03715665263698569,0.125,5
augonly,erm,True,0.03715665263698569,0.03521924528652869,0.0012403952385526737,0.016324542954161594,0.01979146809101272,0.026478443745143125,-0.06641417792787153,5,0.25,design,0.2,0.03972213251627742,0.03715665263698569,0.125,3
augonly,erm,True,0.03715665263698569,0.03521924528652869,0.0012403952385526737,0.016324542954161594,0.01979146809101272,0.026478443745143125,-0.06641417792787153,5,0.5,ratio,0.02,0.042904806804298215,0.03715665263698569,0.25,57
augonly,erm,True,0.03715665263698569,0.03521924528652869,0.0012403952385526737,0.016324542954161594,0.01979146809101272,0.026478443745143125,-0.06641417792787153,5,0.5,ratio,0.05,0.042904806804298215,0.03715665263698569,0.25,11
augonly,erm,True,0.03715665263698569,0.03521924528652869,0.0012403952385526737,0.016324542954161594,0.01979146809101272,0.026478443745143125,-0.06641417792787153,5,0.5,ratio,0.1,0.042904806804298215,0.03715665263698569,0.25,5
augonly,erm,True,0.03715665263698569,0.03521924528652869,0.0012403952385526737,0.016324542954161594,0.01979146809101272,0.026478443745143125,-0.06641417792787153,5,0.5,ratio,0.2,0.042904806804298215,0.03715665263698569,0.25,3
augonly,erm,True,0.03715665263698569,0.03521924528652869,0.0012403952385526737,0.016324542954161594,0.01979146809101272,0.026478443745143125,-0.06641417792787153,5,0.5,design,0.02,0.042904806804298215,0.03715665263698569,0.25,
augonly,erm,True,0.03715665263698569,0.03521924528652869,0.0012403952385526737,0.016324542954161594,0.01979146809101272,0.026478443745143125,-0.06641417792787153,5,0.5,design,0.05,0.042904806804298215,0.03715665263698569,0.25,
augonly,erm,True,0.03715665263698569,0.03521924528652869,0.0012403952385526737,0.016324542954161594,0.01979146809101272,0.026478443745143125,-0.06641417792787153,5,0.5,design,0.1,0.042904806804298215,0.03715665263698569,0.25,8
augonly,erm,True,0.03715665263698569,0.03521924528652869,0.0012403952385526737,0.016324542954161594,0.01979146809101272,0.026478443745143125,-0.06641417792787153,5,0.5,design,0.2,0.042904806804298215,0.03715665263698569,0.25,3
augonly,erm,True,0.03715665263698569,0.03521924528652869,0.0012403952385526737,0.016324542954161594,0.01979146809101272,0.026478443745143125,-0.06641417792787153,10,0.0,none,0.02,0.036200912099961575,0.036200912099961575,0.0,28
augonly,erm,True,0.03715665263698569,0.03521924528652869,0.0012403952385526737,0.016324542954161594,0.01979146809101272,0.026478443745143125,-0.06641417792787153,10,0.0,none,0.05,0.036200912099961575,0.036200912099961575,0.0,7
augonly,erm,True,0.03715665263698569,0.03521924528652869,0.0012403952385526737,0.016324542954161594,0.01979146809101272,0.026478443745143125,-0.06641417792787153,10,0.0,none,0.1,0.036200912099961575,0.036200912099961575,0.0,4
augonly,erm,True,0.03715665263698569,0.03521924528652869,0.0012403952385526737,0.016324542954161594,0.01979146809101272,0.026478443745143125,-0.06641417792787153,10,0.0,none,0.2,0.036200912099961575,0.036200912099961575,0.0,3
augonly,erm,True,0.03715665263698569,0.03521924528652869,0.0012403952385526737,0.016324542954161594,0.01979146809101272,0.026478443745143125,-0.06641417792787153,10,0.25,ratio,0.02,0.038700402904792965,0.036200912099961575,0.125,39
augonly,erm,True,0.03715665263698569,0.03521924528652869,0.0012403952385526737,0.016324542954161594,0.01979146809101272,0.026478443745143125,-0.06641417792787153,10,0.25,ratio,0.05,0.038700402904792965,0.036200912099961575,0.125,9
augonly,erm,True,0.03715665263698569,0.03521924528652869,0.0012403952385526737,0.016324542954161594,0.01979146809101272,0.026478443745143125,-0.06641417792787153,10,0.25,ratio,0.1,0.038700402904792965,0.036200912099961575,0.125,4
augonly,erm,True,0.03715665263698569,0.03521924528652869,0.0012403952385526737,0.016324542954161594,0.01979146809101272,0.026478443745143125,-0.06641417792787153,10,0.25,ratio,0.2,0.038700402904792965,0.036200912099961575,0.125,3
augonly,erm,True,0.03715665263698569,0.03521924528652869,0.0012403952385526737,0.016324542954161594,0.01979146809101272,0.026478443745143125,-0.06641417792787153,10,0.25,design,0.02,0.038700402904792965,0.036200912099961575,0.125,
augonly,erm,True,0.03715665263698569,0.03521924528652869,0.0012403952385526737,0.016324542954161594,0.01979146809101272,0.026478443745143125,-0.06641417792787153,10,0.25,design,0.05,0.038700402904792965,0.036200912099961575,0.125,
augonly,erm,True,0.03715665263698569,0.03521924528652869,0.0012403952385526737,0.016324542954161594,0.01979146809101272,0.026478443745143125,-0.06641417792787153,10,0.25,design,0.1,0.038700402904792965,0.036200912099961575,0.125,5
augonly,erm,True,0.03715665263698569,0.03521924528652869,0.0012403952385526737,0.016324542954161594,0.01979146809101272,0.026478443745143125,-0.06641417792787153,10,0.25,design,0.2,0.038700402904792965,0.036200912099961575,0.125,3
augonly,erm,True,0.03715665263698569,0.03521924528652869,0.0012403952385526737,0.016324542954161594,0.01979146809101272,0.026478443745143125,-0.06641417792787153,10,0.5,ratio,0.02,0.04180121269164559,0.036200912099961575,0.25,54
augonly,erm,True,0.03715665263698569,0.03521924528652869,0.0012403952385526737,0.016324542954161594,0.01979146809101272,0.026478443745143125,-0.06641417792787153,10,0.5,ratio,0.05,0.04180121269164559,0.036200912099961575,0.25,11
augonly,erm,True,0.03715665263698569,0.03521924528652869,0.0012403952385526737,0.016324542954161594,0.01979146809101272,0.026478443745143125,-0.06641417792787153,10,0.5,ratio,0.1,0.04180121269164559,0.036200912099961575,0.25,5
augonly,erm,True,0.03715665263698569,0.03521924528652869,0.0012403952385526737,0.016324542954161594,0.01979146809101272,0.026478443745143125,-0.06641417792787153,10,0.5,ratio,0.2,0.04180121269164559,0.036200912099961575,0.25,3
augonly,erm,True,0.03715665263698569,0.03521924528652869,0.0012403952385526737,0.016324542954161594,0.01979146809101272,0.026478443745143125,-0.06641417792787153,10,0.5,design,0.02,0.04180121269164559,0.036200912099961575,0.25,
augonly,erm,True,0.03715665263698569,0.03521924528652869,0.0012403952385526737,0.016324542954161594,0.01979146809101272,0.026478443745143125,-0.06641417792787153,10,0.5,design,0.05,0.04180121269164559,0.036200912099961575,0.25,
augonly,erm,True,0.03715665263698569,0.03521924528652869,0.0012403952385526737,0.016324542954161594,0.01979146809101272,0.026478443745143125,-0.06641417792787153,10,0.5,design,0.1,0.04180121269164559,0.036200912099961575,0.25,7
augonly,erm,True,0.03715665263698569,0.03521924528652869,0.0012403952385526737,0.016324542954161594,0.01979146809101272,0.026478443745143125,-0.06641417792787153,10,0.5,design,0.2,0.04180121269164559,0.036200912099961575,0.25,3
bnadapt@erm,erm,True,0.03589097430966682,0.03475778963138047,0.0012081039400593,0.005744711830877046,0.01979146809101272,0.020007260786757356,0.10736252248690116,1,0.0,none,0.02,0.040104793033359724,0.040104793033359724,0.0,34
bnadapt@erm,erm,True,0.03589097430966682,0.03475778963138047,0.0012081039400593,0.005744711830877046,0.01979146809101272,0.020007260786757356,0.10736252248690116,1,0.0,none,0.05,0.040104793033359724,0.040104793033359724,0.0,8
bnadapt@erm,erm,True,0.03589097430966682,0.03475778963138047,0.0012081039400593,0.005744711830877046,0.01979146809101272,0.020007260786757356,0.10736252248690116,1,0.0,none,0.1,0.040104793033359724,0.040104793033359724,0.0,4
bnadapt@erm,erm,True,0.03589097430966682,0.03475778963138047,0.0012081039400593,0.005744711830877046,0.01979146809101272,0.020007260786757356,0.10736252248690116,1,0.0,none,0.2,0.040104793033359724,0.040104793033359724,0.0,3
bnadapt@erm,erm,True,0.03589097430966682,0.03475778963138047,0.0012081039400593,0.005744711830877046,0.01979146809101272,0.020007260786757356,0.10736252248690116,1,0.25,ratio,0.02,0.042873827170945865,0.040104793033359724,0.125,48
bnadapt@erm,erm,True,0.03589097430966682,0.03475778963138047,0.0012081039400593,0.005744711830877046,0.01979146809101272,0.020007260786757356,0.10736252248690116,1,0.25,ratio,0.05,0.042873827170945865,0.040104793033359724,0.125,10
bnadapt@erm,erm,True,0.03589097430966682,0.03475778963138047,0.0012081039400593,0.005744711830877046,0.01979146809101272,0.020007260786757356,0.10736252248690116,1,0.25,ratio,0.1,0.042873827170945865,0.040104793033359724,0.125,5
bnadapt@erm,erm,True,0.03589097430966682,0.03475778963138047,0.0012081039400593,0.005744711830877046,0.01979146809101272,0.020007260786757356,0.10736252248690116,1,0.25,ratio,0.2,0.042873827170945865,0.040104793033359724,0.125,3
bnadapt@erm,erm,True,0.03589097430966682,0.03475778963138047,0.0012081039400593,0.005744711830877046,0.01979146809101272,0.020007260786757356,0.10736252248690116,1,0.25,design,0.02,0.042873827170945865,0.040104793033359724,0.125,
bnadapt@erm,erm,True,0.03589097430966682,0.03475778963138047,0.0012081039400593,0.005744711830877046,0.01979146809101272,0.020007260786757356,0.10736252248690116,1,0.25,design,0.05,0.042873827170945865,0.040104793033359724,0.125,
bnadapt@erm,erm,True,0.03589097430966682,0.03475778963138047,0.0012081039400593,0.005744711830877046,0.01979146809101272,0.020007260786757356,0.10736252248690116,1,0.25,design,0.1,0.042873827170945865,0.040104793033359724,0.125,5
bnadapt@erm,erm,True,0.03589097430966682,0.03475778963138047,0.0012081039400593,0.005744711830877046,0.01979146809101272,0.020007260786757356,0.10736252248690116,1,0.25,design,0.2,0.042873827170945865,0.040104793033359724,0.125,3
bnadapt@erm,erm,True,0.03589097430966682,0.03475778963138047,0.0012081039400593,0.005744711830877046,0.01979146809101272,0.020007260786757356,0.10736252248690116,1,0.5,ratio,0.02,0.04630902610720893,0.040104793033359724,0.25,66
bnadapt@erm,erm,True,0.03589097430966682,0.03475778963138047,0.0012081039400593,0.005744711830877046,0.01979146809101272,0.020007260786757356,0.10736252248690116,1,0.5,ratio,0.05,0.04630902610720893,0.040104793033359724,0.25,13
bnadapt@erm,erm,True,0.03589097430966682,0.03475778963138047,0.0012081039400593,0.005744711830877046,0.01979146809101272,0.020007260786757356,0.10736252248690116,1,0.5,ratio,0.1,0.04630902610720893,0.040104793033359724,0.25,5
bnadapt@erm,erm,True,0.03589097430966682,0.03475778963138047,0.0012081039400593,0.005744711830877046,0.01979146809101272,0.020007260786757356,0.10736252248690116,1,0.5,ratio,0.2,0.04630902610720893,0.040104793033359724,0.25,3
bnadapt@erm,erm,True,0.03589097430966682,0.03475778963138047,0.0012081039400593,0.005744711830877046,0.01979146809101272,0.020007260786757356,0.10736252248690116,1,0.5,design,0.02,0.04630902610720893,0.040104793033359724,0.25,
bnadapt@erm,erm,True,0.03589097430966682,0.03475778963138047,0.0012081039400593,0.005744711830877046,0.01979146809101272,0.020007260786757356,0.10736252248690116,1,0.5,design,0.05,0.04630902610720893,0.040104793033359724,0.25,
bnadapt@erm,erm,True,0.03589097430966682,0.03475778963138047,0.0012081039400593,0.005744711830877046,0.01979146809101272,0.020007260786757356,0.10736252248690116,1,0.5,design,0.1,0.04630902610720893,0.040104793033359724,0.25,13
bnadapt@erm,erm,True,0.03589097430966682,0.03475778963138047,0.0012081039400593,0.005744711830877046,0.01979146809101272,0.020007260786757356,0.10736252248690116,1,0.5,design,0.2,0.04630902610720893,0.040104793033359724,0.25,3
bnadapt@erm,erm,True,0.03589097430966682,0.03475778963138047,0.0012081039400593,0.005744711830877046,0.01979146809101272,0.020007260786757356,0.10736252248690116,3,0.0,none,0.02,0.03662695867057132,0.03662695867057132,0.0,29
bnadapt@erm,erm,True,0.03589097430966682,0.03475778963138047,0.0012081039400593,0.005744711830877046,0.01979146809101272,0.020007260786757356,0.10736252248690116,3,0.0,none,0.05,0.03662695867057132,0.03662695867057132,0.0,7
bnadapt@erm,erm,True,0.03589097430966682,0.03475778963138047,0.0012081039400593,0.005744711830877046,0.01979146809101272,0.020007260786757356,0.10736252248690116,3,0.0,none,0.1,0.03662695867057132,0.03662695867057132,0.0,4
bnadapt@erm,erm,True,0.03589097430966682,0.03475778963138047,0.0012081039400593,0.005744711830877046,0.01979146809101272,0.020007260786757356,0.10736252248690116,3,0.0,none,0.2,0.03662695867057132,0.03662695867057132,0.0,3
bnadapt@erm,erm,True,0.03589097430966682,0.03475778963138047,0.0012081039400593,0.005744711830877046,0.01979146809101272,0.020007260786757356,0.10736252248690116,3,0.25,ratio,0.02,0.03915586584708773,0.03662695867057132,0.125,40
bnadapt@erm,erm,True,0.03589097430966682,0.03475778963138047,0.0012081039400593,0.005744711830877046,0.01979146809101272,0.020007260786757356,0.10736252248690116,3,0.25,ratio,0.05,0.03915586584708773,0.03662695867057132,0.125,9
bnadapt@erm,erm,True,0.03589097430966682,0.03475778963138047,0.0012081039400593,0.005744711830877046,0.01979146809101272,0.020007260786757356,0.10736252248690116,3,0.25,ratio,0.1,0.03915586584708773,0.03662695867057132,0.125,4
bnadapt@erm,erm,True,0.03589097430966682,0.03475778963138047,0.0012081039400593,0.005744711830877046,0.01979146809101272,0.020007260786757356,0.10736252248690116,3,0.25,ratio,0.2,0.03915586584708773,0.03662695867057132,0.125,3
bnadapt@erm,erm,True,0.03589097430966682,0.03475778963138047,0.0012081039400593,0.005744711830877046,0.01979146809101272,0.020007260786757356,0.10736252248690116,3,0.25,design,0.02,0.03915586584708773,0.03662695867057132,0.125,
bnadapt@erm,erm,True,0.03589097430966682,0.03475778963138047,0.0012081039400593,0.005744711830877046,0.01979146809101272,0.020007260786757356,0.10736252248690116,3,0.25,design,0.05,0.03915586584708773,0.03662695867057132,0.125,
bnadapt@erm,erm,True,0.03589097430966682,0.03475778963138047,0.0012081039400593,0.005744711830877046,0.01979146809101272,0.020007260786757356,0.10736252248690116,3,0.25,design,0.1,0.03915586584708773,0.03662695867057132,0.125,5
bnadapt@erm,erm,True,0.03589097430966682,0.03475778963138047,0.0012081039400593,0.005744711830877046,0.01979146809101272,0.020007260786757356,0.10736252248690116,3,0.25,design,0.2,0.03915586584708773,0.03662695867057132,0.125,3
bnadapt@erm,erm,True,0.03589097430966682,0.03475778963138047,0.0012081039400593,0.005744711830877046,0.01979146809101272,0.020007260786757356,0.10736252248690116,3,0.5,ratio,0.02,0.0422931688961033,0.03662695867057132,0.25,55
bnadapt@erm,erm,True,0.03589097430966682,0.03475778963138047,0.0012081039400593,0.005744711830877046,0.01979146809101272,0.020007260786757356,0.10736252248690116,3,0.5,ratio,0.05,0.0422931688961033,0.03662695867057132,0.25,11
bnadapt@erm,erm,True,0.03589097430966682,0.03475778963138047,0.0012081039400593,0.005744711830877046,0.01979146809101272,0.020007260786757356,0.10736252248690116,3,0.5,ratio,0.1,0.0422931688961033,0.03662695867057132,0.25,5
bnadapt@erm,erm,True,0.03589097430966682,0.03475778963138047,0.0012081039400593,0.005744711830877046,0.01979146809101272,0.020007260786757356,0.10736252248690116,3,0.5,ratio,0.2,0.0422931688961033,0.03662695867057132,0.25,3
bnadapt@erm,erm,True,0.03589097430966682,0.03475778963138047,0.0012081039400593,0.005744711830877046,0.01979146809101272,0.020007260786757356,0.10736252248690116,3,0.5,design,0.02,0.0422931688961033,0.03662695867057132,0.25,
bnadapt@erm,erm,True,0.03589097430966682,0.03475778963138047,0.0012081039400593,0.005744711830877046,0.01979146809101272,0.020007260786757356,0.10736252248690116,3,0.5,design,0.05,0.0422931688961033,0.03662695867057132,0.25,
bnadapt@erm,erm,True,0.03589097430966682,0.03475778963138047,0.0012081039400593,0.005744711830877046,0.01979146809101272,0.020007260786757356,0.10736252248690116,3,0.5,design,0.1,0.0422931688961033,0.03662695867057132,0.25,8
bnadapt@erm,erm,True,0.03589097430966682,0.03475778963138047,0.0012081039400593,0.005744711830877046,0.01979146809101272,0.020007260786757356,0.10736252248690116,3,0.5,design,0.2,0.0422931688961033,0.03662695867057132,0.25,3
bnadapt@erm,erm,True,0.03589097430966682,0.03475778963138047,0.0012081039400593,0.005744711830877046,0.01979146809101272,0.020007260786757356,0.10736252248690116,5,0.0,none,0.02,0.03589097430966682,0.03589097430966682,0.0,28
bnadapt@erm,erm,True,0.03589097430966682,0.03475778963138047,0.0012081039400593,0.005744711830877046,0.01979146809101272,0.020007260786757356,0.10736252248690116,5,0.0,none,0.05,0.03589097430966682,0.03589097430966682,0.0,7
bnadapt@erm,erm,True,0.03589097430966682,0.03475778963138047,0.0012081039400593,0.005744711830877046,0.01979146809101272,0.020007260786757356,0.10736252248690116,5,0.0,none,0.1,0.03589097430966682,0.03589097430966682,0.0,4
bnadapt@erm,erm,True,0.03589097430966682,0.03475778963138047,0.0012081039400593,0.005744711830877046,0.01979146809101272,0.020007260786757356,0.10736252248690116,5,0.0,none,0.2,0.03589097430966682,0.03589097430966682,0.0,3
bnadapt@erm,erm,True,0.03589097430966682,0.03475778963138047,0.0012081039400593,0.005744711830877046,0.01979146809101272,0.020007260786757356,0.10736252248690116,5,0.25,ratio,0.02,0.03836906546979389,0.03589097430966682,0.125,39
bnadapt@erm,erm,True,0.03589097430966682,0.03475778963138047,0.0012081039400593,0.005744711830877046,0.01979146809101272,0.020007260786757356,0.10736252248690116,5,0.25,ratio,0.05,0.03836906546979389,0.03589097430966682,0.125,8
bnadapt@erm,erm,True,0.03589097430966682,0.03475778963138047,0.0012081039400593,0.005744711830877046,0.01979146809101272,0.020007260786757356,0.10736252248690116,5,0.25,ratio,0.1,0.03836906546979389,0.03589097430966682,0.125,4
bnadapt@erm,erm,True,0.03589097430966682,0.03475778963138047,0.0012081039400593,0.005744711830877046,0.01979146809101272,0.020007260786757356,0.10736252248690116,5,0.25,ratio,0.2,0.03836906546979389,0.03589097430966682,0.125,3
bnadapt@erm,erm,True,0.03589097430966682,0.03475778963138047,0.0012081039400593,0.005744711830877046,0.01979146809101272,0.020007260786757356,0.10736252248690116,5,0.25,design,0.02,0.03836906546979389,0.03589097430966682,0.125,
bnadapt@erm,erm,True,0.03589097430966682,0.03475778963138047,0.0012081039400593,0.005744711830877046,0.01979146809101272,0.020007260786757356,0.10736252248690116,5,0.25,design,0.05,0.03836906546979389,0.03589097430966682,0.125,
bnadapt@erm,erm,True,0.03589097430966682,0.03475778963138047,0.0012081039400593,0.005744711830877046,0.01979146809101272,0.020007260786757356,0.10736252248690116,5,0.25,design,0.1,0.03836906546979389,0.03589097430966682,0.125,4
bnadapt@erm,erm,True,0.03589097430966682,0.03475778963138047,0.0012081039400593,0.005744711830877046,0.01979146809101272,0.020007260786757356,0.10736252248690116,5,0.25,design,0.2,0.03836906546979389,0.03589097430966682,0.125,3
bnadapt@erm,erm,True,0.03589097430966682,0.03475778963138047,0.0012081039400593,0.005744711830877046,0.01979146809101272,0.020007260786757356,0.10736252248690116,5,0.5,ratio,0.02,0.04144332735832816,0.03589097430966682,0.25,53
bnadapt@erm,erm,True,0.03589097430966682,0.03475778963138047,0.0012081039400593,0.005744711830877046,0.01979146809101272,0.020007260786757356,0.10736252248690116,5,0.5,ratio,0.05,0.04144332735832816,0.03589097430966682,0.25,11
bnadapt@erm,erm,True,0.03589097430966682,0.03475778963138047,0.0012081039400593,0.005744711830877046,0.01979146809101272,0.020007260786757356,0.10736252248690116,5,0.5,ratio,0.1,0.04144332735832816,0.03589097430966682,0.25,5
bnadapt@erm,erm,True,0.03589097430966682,0.03475778963138047,0.0012081039400593,0.005744711830877046,0.01979146809101272,0.020007260786757356,0.10736252248690116,5,0.5,ratio,0.2,0.04144332735832816,0.03589097430966682,0.25,3
bnadapt@erm,erm,True,0.03589097430966682,0.03475778963138047,0.0012081039400593,0.005744711830877046,0.01979146809101272,0.020007260786757356,0.10736252248690116,5,0.5,design,0.02,0.04144332735832816,0.03589097430966682,0.25,
bnadapt@erm,erm,True,0.03589097430966682,0.03475778963138047,0.0012081039400593,0.005744711830877046,0.01979146809101272,0.020007260786757356,0.10736252248690116,5,0.5,design,0.05,0.04144332735832816,0.03589097430966682,0.25,
bnadapt@erm,erm,True,0.03589097430966682,0.03475778963138047,0.0012081039400593,0.005744711830877046,0.01979146809101272,0.020007260786757356,0.10736252248690116,5,0.5,design,0.1,0.04144332735832816,0.03589097430966682,0.25,7
bnadapt@erm,erm,True,0.03589097430966682,0.03475778963138047,0.0012081039400593,0.005744711830877046,0.01979146809101272,0.020007260786757356,0.10736252248690116,5,0.5,design,0.2,0.04144332735832816,0.03589097430966682,0.25,3
bnadapt@erm,erm,True,0.03589097430966682,0.03475778963138047,0.0012081039400593,0.005744711830877046,0.01979146809101272,0.020007260786757356,0.10736252248690116,10,0.0,none,0.02,0.03532892566266673,0.03532892566266673,0.0,27
bnadapt@erm,erm,True,0.03589097430966682,0.03475778963138047,0.0012081039400593,0.005744711830877046,0.01979146809101272,0.020007260786757356,0.10736252248690116,10,0.0,none,0.05,0.03532892566266673,0.03532892566266673,0.0,7
bnadapt@erm,erm,True,0.03589097430966682,0.03475778963138047,0.0012081039400593,0.005744711830877046,0.01979146809101272,0.020007260786757356,0.10736252248690116,10,0.0,none,0.1,0.03532892566266673,0.03532892566266673,0.0,4
bnadapt@erm,erm,True,0.03589097430966682,0.03475778963138047,0.0012081039400593,0.005744711830877046,0.01979146809101272,0.020007260786757356,0.10736252248690116,10,0.0,none,0.2,0.03532892566266673,0.03532892566266673,0.0,3
bnadapt@erm,erm,True,0.03589097430966682,0.03475778963138047,0.0012081039400593,0.005744711830877046,0.01979146809101272,0.020007260786757356,0.10736252248690116,10,0.25,ratio,0.02,0.037768210192144124,0.03532892566266673,0.125,37
bnadapt@erm,erm,True,0.03589097430966682,0.03475778963138047,0.0012081039400593,0.005744711830877046,0.01979146809101272,0.020007260786757356,0.10736252248690116,10,0.25,ratio,0.05,0.037768210192144124,0.03532892566266673,0.125,8
bnadapt@erm,erm,True,0.03589097430966682,0.03475778963138047,0.0012081039400593,0.005744711830877046,0.01979146809101272,0.020007260786757356,0.10736252248690116,10,0.25,ratio,0.1,0.037768210192144124,0.03532892566266673,0.125,4
bnadapt@erm,erm,True,0.03589097430966682,0.03475778963138047,0.0012081039400593,0.005744711830877046,0.01979146809101272,0.020007260786757356,0.10736252248690116,10,0.25,ratio,0.2,0.037768210192144124,0.03532892566266673,0.125,3
bnadapt@erm,erm,True,0.03589097430966682,0.03475778963138047,0.0012081039400593,0.005744711830877046,0.01979146809101272,0.020007260786757356,0.10736252248690116,10,0.25,design,0.02,0.037768210192144124,0.03532892566266673,0.125,
bnadapt@erm,erm,True,0.03589097430966682,0.03475778963138047,0.0012081039400593,0.005744711830877046,0.01979146809101272,0.020007260786757356,0.10736252248690116,10,0.25,design,0.05,0.037768210192144124,0.03532892566266673,0.125,
bnadapt@erm,erm,True,0.03589097430966682,0.03475778963138047,0.0012081039400593,0.005744711830877046,0.01979146809101272,0.020007260786757356,0.10736252248690116,10,0.25,design,0.1,0.037768210192144124,0.03532892566266673,0.125,4
bnadapt@erm,erm,True,0.03589097430966682,0.03475778963138047,0.0012081039400593,0.005744711830877046,0.01979146809101272,0.020007260786757356,0.10736252248690116,10,0.25,design,0.2,0.037768210192144124,0.03532892566266673,0.125,3
bnadapt@erm,erm,True,0.03589097430966682,0.03475778963138047,0.0012081039400593,0.005744711830877046,0.01979146809101272,0.020007260786757356,0.10736252248690116,10,0.5,ratio,0.02,0.04079432948304183,0.03532892566266673,0.25,51
bnadapt@erm,erm,True,0.03589097430966682,0.03475778963138047,0.0012081039400593,0.005744711830877046,0.01979146809101272,0.020007260786757356,0.10736252248690116,10,0.5,ratio,0.05,0.04079432948304183,0.03532892566266673,0.25,10
bnadapt@erm,erm,True,0.03589097430966682,0.03475778963138047,0.0012081039400593,0.005744711830877046,0.01979146809101272,0.020007260786757356,0.10736252248690116,10,0.5,ratio,0.1,0.04079432948304183,0.03532892566266673,0.25,5
bnadapt@erm,erm,True,0.03589097430966682,0.03475778963138047,0.0012081039400593,0.005744711830877046,0.01979146809101272,0.020007260786757356,0.10736252248690116,10,0.5,ratio,0.2,0.04079432948304183,0.03532892566266673,0.25,3
bnadapt@erm,erm,True,0.03589097430966682,0.03475778963138047,0.0012081039400593,0.005744711830877046,0.01979146809101272,0.020007260786757356,0.10736252248690116,10,0.5,design,0.02,0.04079432948304183,0.03532892566266673,0.25,
bnadapt@erm,erm,True,0.03589097430966682,0.03475778963138047,0.0012081039400593,0.005744711830877046,0.01979146809101272,0.020007260786757356,0.10736252248690116,10,0.5,design,0.05,0.04079432948304183,0.03532892566266673,0.25,
bnadapt@erm,erm,True,0.03589097430966682,0.03475778963138047,0.0012081039400593,0.005744711830877046,0.01979146809101272,0.020007260786757356,0.10736252248690116,10,0.5,design,0.1,0.04079432948304183,0.03532892566266673,0.25,7
bnadapt@erm,erm,True,0.03589097430966682,0.03475778963138047,0.0012081039400593,0.005744711830877046,0.01979146809101272,0.020007260786757356,0.10736252248690116,10,0.5,design,0.2,0.04079432948304183,0.03532892566266673,0.25,3
bnadapt@he_jitter,erm,True,0.04039107153017918,0.03942029710086693,0.0015539598235206182,0.004831919911316906,0.01979146809101272,0.019682331649912916,0.1445950640649222,1,0.0,none,0.02,0.04406079893394787,0.04406079893394787,0.0,41
bnadapt@he_jitter,erm,True,0.04039107153017918,0.03942029710086693,0.0015539598235206182,0.004831919911316906,0.01979146809101272,0.019682331649912916,0.1445950640649222,1,0.0,none,0.05,0.04406079893394787,0.04406079893394787,0.0,9
bnadapt@he_jitter,erm,True,0.04039107153017918,0.03942029710086693,0.0015539598235206182,0.004831919911316906,0.01979146809101272,0.019682331649912916,0.1445950640649222,1,0.0,none,0.1,0.04406079893394787,0.04406079893394787,0.0,4
bnadapt@he_jitter,erm,True,0.04039107153017918,0.03942029710086693,0.0015539598235206182,0.004831919911316906,0.01979146809101272,0.019682331649912916,0.1445950640649222,1,0.0,none,0.2,0.04406079893394787,0.04406079893394787,0.0,3
bnadapt@he_jitter,erm,True,0.04039107153017918,0.03942029710086693,0.0015539598235206182,0.004831919911316906,0.01979146809101272,0.019682331649912916,0.1445950640649222,1,0.25,ratio,0.02,0.04710297537096213,0.04406079893394787,0.125,57
bnadapt@he_jitter,erm,True,0.04039107153017918,0.03942029710086693,0.0015539598235206182,0.004831919911316906,0.01979146809101272,0.019682331649912916,0.1445950640649222,1,0.25,ratio,0.05,0.04710297537096213,0.04406079893394787,0.125,11
bnadapt@he_jitter,erm,True,0.04039107153017918,0.03942029710086693,0.0015539598235206182,0.004831919911316906,0.01979146809101272,0.019682331649912916,0.1445950640649222,1,0.25,ratio,0.1,0.04710297537096213,0.04406079893394787,0.125,5
bnadapt@he_jitter,erm,True,0.04039107153017918,0.03942029710086693,0.0015539598235206182,0.004831919911316906,0.01979146809101272,0.019682331649912916,0.1445950640649222,1,0.25,ratio,0.2,0.04710297537096213,0.04406079893394787,0.125,3
bnadapt@he_jitter,erm,True,0.04039107153017918,0.03942029710086693,0.0015539598235206182,0.004831919911316906,0.01979146809101272,0.019682331649912916,0.1445950640649222,1,0.25,design,0.02,0.04710297537096213,0.04406079893394787,0.125,
bnadapt@he_jitter,erm,True,0.04039107153017918,0.03942029710086693,0.0015539598235206182,0.004831919911316906,0.01979146809101272,0.019682331649912916,0.1445950640649222,1,0.25,design,0.05,0.04710297537096213,0.04406079893394787,0.125,
bnadapt@he_jitter,erm,True,0.04039107153017918,0.03942029710086693,0.0015539598235206182,0.004831919911316906,0.01979146809101272,0.019682331649912916,0.1445950640649222,1,0.25,design,0.1,0.04710297537096213,0.04406079893394787,0.125,6
bnadapt@he_jitter,erm,True,0.04039107153017918,0.03942029710086693,0.0015539598235206182,0.004831919911316906,0.01979146809101272,0.019682331649912916,0.1445950640649222,1,0.25,design,0.2,0.04710297537096213,0.04406079893394787,0.125,3
bnadapt@he_jitter,erm,True,0.04039107153017918,0.03942029710086693,0.0015539598235206182,0.004831919911316906,0.01979146809101272,0.019682331649912916,0.1445950640649222,1,0.5,ratio,0.02,0.05087702825044956,0.04406079893394787,0.25,79
bnadapt@he_jitter,erm,True,0.04039107153017918,0.03942029710086693,0.0015539598235206182,0.004831919911316906,0.01979146809101272,0.019682331649912916,0.1445950640649222,1,0.5,ratio,0.05,0.05087702825044956,0.04406079893394787,0.25,15
bnadapt@he_jitter,erm,True,0.04039107153017918,0.03942029710086693,0.0015539598235206182,0.004831919911316906,0.01979146809101272,0.019682331649912916,0.1445950640649222,1,0.5,ratio,0.1,0.05087702825044956,0.04406079893394787,0.25,6
bnadapt@he_jitter,erm,True,0.04039107153017918,0.03942029710086693,0.0015539598235206182,0.004831919911316906,0.01979146809101272,0.019682331649912916,0.1445950640649222,1,0.5,ratio,0.2,0.05087702825044956,0.04406079893394787,0.25,4
bnadapt@he_jitter,erm,True,0.04039107153017918,0.03942029710086693,0.0015539598235206182,0.004831919911316906,0.01979146809101272,0.019682331649912916,0.1445950640649222,1,0.5,design,0.02,0.05087702825044956,0.04406079893394787,0.25,
bnadapt@he_jitter,erm,True,0.04039107153017918,0.03942029710086693,0.0015539598235206182,0.004831919911316906,0.01979146809101272,0.019682331649912916,0.1445950640649222,1,0.5,design,0.05,0.05087702825044956,0.04406079893394787,0.25,
bnadapt@he_jitter,erm,True,0.04039107153017918,0.03942029710086693,0.0015539598235206182,0.004831919911316906,0.01979146809101272,0.019682331649912916,0.1445950640649222,1,0.5,design,0.1,0.05087702825044956,0.04406079893394787,0.25,
bnadapt@he_jitter,erm,True,0.04039107153017918,0.03942029710086693,0.0015539598235206182,0.004831919911316906,0.01979146809101272,0.019682331649912916,0.1445950640649222,1,0.5,design,0.2,0.05087702825044956,0.04406079893394787,0.25,4
bnadapt@he_jitter,erm,True,0.04039107153017918,0.03942029710086693,0.0015539598235206182,0.004831919911316906,0.01979146809101272,0.019682331649912916,0.1445950640649222,3,0.0,none,0.02,0.041025494714624376,0.041025494714624376,0.0,35
bnadapt@he_jitter,erm,True,0.04039107153017918,0.03942029710086693,0.0015539598235206182,0.004831919911316906,0.01979146809101272,0.019682331649912916,0.1445950640649222,3,0.0,none,0.05,0.041025494714624376,0.041025494714624376,0.0,8
bnadapt@he_jitter,erm,True,0.04039107153017918,0.03942029710086693,0.0015539598235206182,0.004831919911316906,0.01979146809101272,0.019682331649912916,0.1445950640649222,3,0.0,none,0.1,0.041025494714624376,0.041025494714624376,0.0,4
bnadapt@he_jitter,erm,True,0.04039107153017918,0.03942029710086693,0.0015539598235206182,0.004831919911316906,0.01979146809101272,0.019682331649912916,0.1445950640649222,3,0.0,none,0.2,0.041025494714624376,0.041025494714624376,0.0,3
bnadapt@he_jitter,erm,True,0.04039107153017918,0.03942029710086693,0.0015539598235206182,0.004831919911316906,0.01979146809101272,0.019682331649912916,0.1445950640649222,3,0.25,ratio,0.02,0.04385809867000846,0.041025494714624376,0.125,50
bnadapt@he_jitter,erm,True,0.04039107153017918,0.03942029710086693,0.0015539598235206182,0.004831919911316906,0.01979146809101272,0.019682331649912916,0.1445950640649222,3,0.25,ratio,0.05,0.04385809867000846,0.041025494714624376,0.125,10
bnadapt@he_jitter,erm,True,0.04039107153017918,0.03942029710086693,0.0015539598235206182,0.004831919911316906,0.01979146809101272,0.019682331649912916,0.1445950640649222,3,0.25,ratio,0.1,0.04385809867000846,0.041025494714624376,0.125,5
bnadapt@he_jitter,erm,True,0.04039107153017918,0.03942029710086693,0.0015539598235206182,0.004831919911316906,0.01979146809101272,0.019682331649912916,0.1445950640649222,3,0.25,ratio,0.2,0.04385809867000846,0.041025494714624376,0.125,3
bnadapt@he_jitter,erm,True,0.04039107153017918,0.03942029710086693,0.0015539598235206182,0.004831919911316906,0.01979146809101272,0.019682331649912916,0.1445950640649222,3,0.25,design,0.02,0.04385809867000846,0.041025494714624376,0.125,
bnadapt@he_jitter,erm,True,0.04039107153017918,0.03942029710086693,0.0015539598235206182,0.004831919911316906,0.01979146809101272,0.019682331649912916,0.1445950640649222,3,0.25,design,0.05,0.04385809867000846,0.041025494714624376,0.125,
bnadapt@he_jitter,erm,True,0.04039107153017918,0.03942029710086693,0.0015539598235206182,0.004831919911316906,0.01979146809101272,0.019682331649912916,0.1445950640649222,3,0.25,design,0.1,0.04385809867000846,0.041025494714624376,0.125,5
bnadapt@he_jitter,erm,True,0.04039107153017918,0.03942029710086693,0.0015539598235206182,0.004831919911316906,0.01979146809101272,0.019682331649912916,0.1445950640649222,3,0.25,design,0.2,0.04385809867000846,0.041025494714624376,0.125,3
bnadapt@he_jitter,erm,True,0.04039107153017918,0.03942029710086693,0.0015539598235206182,0.004831919911316906,0.01979146809101272,0.019682331649912916,0.1445950640649222,3,0.5,ratio,0.02,0.04737216083425191,0.041025494714624376,0.25,68
bnadapt@he_jitter,erm,True,0.04039107153017918,0.03942029710086693,0.0015539598235206182,0.004831919911316906,0.01979146809101272,0.019682331649912916,0.1445950640649222,3,0.5,ratio,0.05,0.04737216083425191,0.041025494714624376,0.25,13
bnadapt@he_jitter,erm,True,0.04039107153017918,0.03942029710086693,0.0015539598235206182,0.004831919911316906,0.01979146809101272,0.019682331649912916,0.1445950640649222,3,0.5,ratio,0.1,0.04737216083425191,0.041025494714624376,0.25,5
bnadapt@he_jitter,erm,True,0.04039107153017918,0.03942029710086693,0.0015539598235206182,0.004831919911316906,0.01979146809101272,0.019682331649912916,0.1445950640649222,3,0.5,ratio,0.2,0.04737216083425191,0.041025494714624376,0.25,3
bnadapt@he_jitter,erm,True,0.04039107153017918,0.03942029710086693,0.0015539598235206182,0.004831919911316906,0.01979146809101272,0.019682331649912916,0.1445950640649222,3,0.5,design,0.02,0.04737216083425191,0.041025494714624376,0.25,
bnadapt@he_jitter,erm,True,0.04039107153017918,0.03942029710086693,0.0015539598235206182,0.004831919911316906,0.01979146809101272,0.019682331649912916,0.1445950640649222,3,0.5,design,0.05,0.04737216083425191,0.041025494714624376,0.25,
bnadapt@he_jitter,erm,True,0.04039107153017918,0.03942029710086693,0.0015539598235206182,0.004831919911316906,0.01979146809101272,0.019682331649912916,0.1445950640649222,3,0.5,design,0.1,0.04737216083425191,0.041025494714624376,0.25,17
bnadapt@he_jitter,erm,True,0.04039107153017918,0.03942029710086693,0.0015539598235206182,0.004831919911316906,0.01979146809101272,0.019682331649912916,0.1445950640649222,3,0.5,design,0.2,0.04737216083425191,0.041025494714624376,0.25,3
bnadapt@he_jitter,erm,True,0.04039107153017918,0.03942029710086693,0.0015539598235206182,0.004831919911316906,0.01979146809101272,0.019682331649912916,0.1445950640649222,5,0.0,none,0.02,0.04039107153017918,0.04039107153017918,0.0,34
bnadapt@he_jitter,erm,True,0.04039107153017918,0.03942029710086693,0.0015539598235206182,0.004831919911316906,0.01979146809101272,0.019682331649912916,0.1445950640649222,5,0.0,none,0.05,0.04039107153017918,0.04039107153017918,0.0,8
bnadapt@he_jitter,erm,True,0.04039107153017918,0.03942029710086693,0.0015539598235206182,0.004831919911316906,0.01979146809101272,0.019682331649912916,0.1445950640649222,5,0.0,none,0.1,0.04039107153017918,0.04039107153017918,0.0,4
bnadapt@he_jitter,erm,True,0.04039107153017918,0.03942029710086693,0.0015539598235206182,0.004831919911316906,0.01979146809101272,0.019682331649912916,0.1445950640649222,5,0.0,none,0.2,0.04039107153017918,0.04039107153017918,0.0,3
bnadapt@he_jitter,erm,True,0.04039107153017918,0.03942029710086693,0.0015539598235206182,0.004831919911316906,0.01979146809101272,0.019682331649912916,0.1445950640649222,5,0.25,ratio,0.02,0.04317987175731702,0.04039107153017918,0.125,48
bnadapt@he_jitter,erm,True,0.04039107153017918,0.03942029710086693,0.0015539598235206182,0.004831919911316906,0.01979146809101272,0.019682331649912916,0.1445950640649222,5,0.25,ratio,0.05,0.04317987175731702,0.04039107153017918,0.125,10
bnadapt@he_jitter,erm,True,0.04039107153017918,0.03942029710086693,0.0015539598235206182,0.004831919911316906,0.01979146809101272,0.019682331649912916,0.1445950640649222,5,0.25,ratio,0.1,0.04317987175731702,0.04039107153017918,0.125,5
bnadapt@he_jitter,erm,True,0.04039107153017918,0.03942029710086693,0.0015539598235206182,0.004831919911316906,0.01979146809101272,0.019682331649912916,0.1445950640649222,5,0.25,ratio,0.2,0.04317987175731702,0.04039107153017918,0.125,3
bnadapt@he_jitter,erm,True,0.04039107153017918,0.03942029710086693,0.0015539598235206182,0.004831919911316906,0.01979146809101272,0.019682331649912916,0.1445950640649222,5,0.25,design,0.02,0.04317987175731702,0.04039107153017918,0.125,
bnadapt@he_jitter,erm,True,0.04039107153017918,0.03942029710086693,0.0015539598235206182,0.004831919911316906,0.01979146809101272,0.019682331649912916,0.1445950640649222,5,0.25,design,0.05,0.04317987175731702,0.04039107153017918,0.125,
bnadapt@he_jitter,erm,True,0.04039107153017918,0.03942029710086693,0.0015539598235206182,0.004831919911316906,0.01979146809101272,0.019682331649912916,0.1445950640649222,5,0.25,design,0.1,0.04317987175731702,0.04039107153017918,0.125,5
bnadapt@he_jitter,erm,True,0.04039107153017918,0.03942029710086693,0.0015539598235206182,0.004831919911316906,0.01979146809101272,0.019682331649912916,0.1445950640649222,5,0.25,design,0.2,0.04317987175731702,0.04039107153017918,0.125,3
bnadapt@he_jitter,erm,True,0.04039107153017918,0.03942029710086693,0.0015539598235206182,0.004831919911316906,0.01979146809101272,0.019682331649912916,0.1445950640649222,5,0.5,ratio,0.02,0.04663959204161276,0.04039107153017918,0.25,66
bnadapt@he_jitter,erm,True,0.04039107153017918,0.03942029710086693,0.0015539598235206182,0.004831919911316906,0.01979146809101272,0.019682331649912916,0.1445950640649222,5,0.5,ratio,0.05,0.04663959204161276,0.04039107153017918,0.25,13
bnadapt@he_jitter,erm,True,0.04039107153017918,0.03942029710086693,0.0015539598235206182,0.004831919911316906,0.01979146809101272,0.019682331649912916,0.1445950640649222,5,0.5,ratio,0.1,0.04663959204161276,0.04039107153017918,0.25,5
bnadapt@he_jitter,erm,True,0.04039107153017918,0.03942029710086693,0.0015539598235206182,0.004831919911316906,0.01979146809101272,0.019682331649912916,0.1445950640649222,5,0.5,ratio,0.2,0.04663959204161276,0.04039107153017918,0.25,3
bnadapt@he_jitter,erm,True,0.04039107153017918,0.03942029710086693,0.0015539598235206182,0.004831919911316906,0.01979146809101272,0.019682331649912916,0.1445950640649222,5,0.5,design,0.02,0.04663959204161276,0.04039107153017918,0.25,
bnadapt@he_jitter,erm,True,0.04039107153017918,0.03942029710086693,0.0015539598235206182,0.004831919911316906,0.01979146809101272,0.019682331649912916,0.1445950640649222,5,0.5,design,0.05,0.04663959204161276,0.04039107153017918,0.25,
bnadapt@he_jitter,erm,True,0.04039107153017918,0.03942029710086693,0.0015539598235206182,0.004831919911316906,0.01979146809101272,0.019682331649912916,0.1445950640649222,5,0.5,design,0.1,0.04663959204161276,0.04039107153017918,0.25,14
bnadapt@he_jitter,erm,True,0.04039107153017918,0.03942029710086693,0.0015539598235206182,0.004831919911316906,0.01979146809101272,0.019682331649912916,0.1445950640649222,5,0.5,design,0.2,0.04663959204161276,0.04039107153017918,0.25,3
bnadapt@he_jitter,erm,True,0.04039107153017918,0.03942029710086693,0.0015539598235206182,0.004831919911316906,0.01979146809101272,0.019682331649912916,0.1445950640649222,10,0.0,none,0.02,0.03990863617612527,0.03990863617612527,0.0,34
bnadapt@he_jitter,erm,True,0.04039107153017918,0.03942029710086693,0.0015539598235206182,0.004831919911316906,0.01979146809101272,0.019682331649912916,0.1445950640649222,10,0.0,none,0.05,0.03990863617612527,0.03990863617612527,0.0,8
bnadapt@he_jitter,erm,True,0.04039107153017918,0.03942029710086693,0.0015539598235206182,0.004831919911316906,0.01979146809101272,0.019682331649912916,0.1445950640649222,10,0.0,none,0.1,0.03990863617612527,0.03990863617612527,0.0,4
bnadapt@he_jitter,erm,True,0.04039107153017918,0.03942029710086693,0.0015539598235206182,0.004831919911316906,0.01979146809101272,0.019682331649912916,0.1445950640649222,10,0.0,none,0.2,0.03990863617612527,0.03990863617612527,0.0,3
bnadapt@he_jitter,erm,True,0.04039107153017918,0.03942029710086693,0.0015539598235206182,0.004831919911316906,0.01979146809101272,0.019682331649912916,0.1445950640649222,10,0.25,ratio,0.02,0.04266412666984939,0.03990863617612527,0.125,47
bnadapt@he_jitter,erm,True,0.04039107153017918,0.03942029710086693,0.0015539598235206182,0.004831919911316906,0.01979146809101272,0.019682331649912916,0.1445950640649222,10,0.25,ratio,0.05,0.04266412666984939,0.03990863617612527,0.125,10
bnadapt@he_jitter,erm,True,0.04039107153017918,0.03942029710086693,0.0015539598235206182,0.004831919911316906,0.01979146809101272,0.019682331649912916,0.1445950640649222,10,0.25,ratio,0.1,0.04266412666984939,0.03990863617612527,0.125,5
bnadapt@he_jitter,erm,True,0.04039107153017918,0.03942029710086693,0.0015539598235206182,0.004831919911316906,0.01979146809101272,0.019682331649912916,0.1445950640649222,10,0.25,ratio,0.2,0.04266412666984939,0.03990863617612527,0.125,3
bnadapt@he_jitter,erm,True,0.04039107153017918,0.03942029710086693,0.0015539598235206182,0.004831919911316906,0.01979146809101272,0.019682331649912916,0.1445950640649222,10,0.25,design,0.02,0.04266412666984939,0.03990863617612527,0.125,
bnadapt@he_jitter,erm,True,0.04039107153017918,0.03942029710086693,0.0015539598235206182,0.004831919911316906,0.01979146809101272,0.019682331649912916,0.1445950640649222,10,0.25,design,0.05,0.04266412666984939,0.03990863617612527,0.125,
bnadapt@he_jitter,erm,True,0.04039107153017918,0.03942029710086693,0.0015539598235206182,0.004831919911316906,0.01979146809101272,0.019682331649912916,0.1445950640649222,10,0.25,design,0.1,0.04266412666984939,0.03990863617612527,0.125,5
bnadapt@he_jitter,erm,True,0.04039107153017918,0.03942029710086693,0.0015539598235206182,0.004831919911316906,0.01979146809101272,0.019682331649912916,0.1445950640649222,10,0.25,design,0.2,0.04266412666984939,0.03990863617612527,0.125,3
bnadapt@he_jitter,erm,True,0.04039107153017918,0.03942029710086693,0.0015539598235206182,0.004831919911316906,0.01979146809101272,0.019682331649912916,0.1445950640649222,10,0.5,ratio,0.02,0.046082523678553526,0.03990863617612527,0.25,65
bnadapt@he_jitter,erm,True,0.04039107153017918,0.03942029710086693,0.0015539598235206182,0.004831919911316906,0.01979146809101272,0.019682331649912916,0.1445950640649222,10,0.5,ratio,0.05,0.046082523678553526,0.03990863617612527,0.25,13
bnadapt@he_jitter,erm,True,0.04039107153017918,0.03942029710086693,0.0015539598235206182,0.004831919911316906,0.01979146809101272,0.019682331649912916,0.1445950640649222,10,0.5,ratio,0.1,0.046082523678553526,0.03990863617612527,0.25,5
bnadapt@he_jitter,erm,True,0.04039107153017918,0.03942029710086693,0.0015539598235206182,0.004831919911316906,0.01979146809101272,0.019682331649912916,0.1445950640649222,10,0.5,ratio,0.2,0.046082523678553526,0.03990863617612527,0.25,3
bnadapt@he_jitter,erm,True,0.04039107153017918,0.03942029710086693,0.0015539598235206182,0.004831919911316906,0.01979146809101272,0.019682331649912916,0.1445950640649222,10,0.5,design,0.02,0.046082523678553526,0.03990863617612527,0.25,
bnadapt@he_jitter,erm,True,0.04039107153017918,0.03942029710086693,0.0015539598235206182,0.004831919911316906,0.01979146809101272,0.019682331649912916,0.1445950640649222,10,0.5,design,0.05,0.046082523678553526,0.03990863617612527,0.25,
bnadapt@he_jitter,erm,True,0.04039107153017918,0.03942029710086693,0.0015539598235206182,0.004831919911316906,0.01979146809101272,0.019682331649912916,0.1445950640649222,10,0.5,design,0.1,0.046082523678553526,0.03990863617612527,0.25,13
bnadapt@he_jitter,erm,True,0.04039107153017918,0.03942029710086693,0.0015539598235206182,0.004831919911316906,0.01979146809101272,0.019682331649912916,0.1445950640649222,10,0.5,design,0.2,0.046082523678553526,0.03990863617612527,0.25,3
bnadapt@simclr,erm,True,0.03813077982175447,0.03718397861478058,0.0013826482656244593,0.008483023670071997,0.01979146809101272,0.018882280607842163,0.31902563189935257,1,0.0,none,0.02,0.041703582418993114,0.041703582418993114,0.0,37
bnadapt@simclr,erm,True,0.03813077982175447,0.03718397861478058,0.0013826482656244593,0.008483023670071997,0.01979146809101272,0.018882280607842163,0.31902563189935257,1,0.0,none,0.05,0.041703582418993114,0.041703582418993114,0.0,8
bnadapt@simclr,erm,True,0.03813077982175447,0.03718397861478058,0.0013826482656244593,0.008483023670071997,0.01979146809101272,0.018882280607842163,0.31902563189935257,1,0.0,none,0.1,0.041703582418993114,0.041703582418993114,0.0,4
bnadapt@simclr,erm,True,0.03813077982175447,0.03718397861478058,0.0013826482656244593,0.008483023670071997,0.01979146809101272,0.018882280607842163,0.31902563189935257,1,0.0,none,0.2,0.041703582418993114,0.041703582418993114,0.0,3
bnadapt@simclr,erm,True,0.03813077982175447,0.03718397861478058,0.0013826482656244593,0.008483023670071997,0.01979146809101272,0.018882280607842163,0.31902563189935257,1,0.25,ratio,0.02,0.044583004917988986,0.041703582418993114,0.125,51
bnadapt@simclr,erm,True,0.03813077982175447,0.03718397861478058,0.0013826482656244593,0.008483023670071997,0.01979146809101272,0.018882280607842163,0.31902563189935257,1,0.25,ratio,0.05,0.044583004917988986,0.041703582418993114,0.125,10
bnadapt@simclr,erm,True,0.03813077982175447,0.03718397861478058,0.0013826482656244593,0.008483023670071997,0.01979146809101272,0.018882280607842163,0.31902563189935257,1,0.25,ratio,0.1,0.044583004917988986,0.041703582418993114,0.125,5
bnadapt@simclr,erm,True,0.03813077982175447,0.03718397861478058,0.0013826482656244593,0.008483023670071997,0.01979146809101272,0.018882280607842163,0.31902563189935257,1,0.25,ratio,0.2,0.044583004917988986,0.041703582418993114,0.125,3
bnadapt@simclr,erm,True,0.03813077982175447,0.03718397861478058,0.0013826482656244593,0.008483023670071997,0.01979146809101272,0.018882280607842163,0.31902563189935257,1,0.25,design,0.02,0.044583004917988986,0.041703582418993114,0.125,
bnadapt@simclr,erm,True,0.03813077982175447,0.03718397861478058,0.0013826482656244593,0.008483023670071997,0.01979146809101272,0.018882280607842163,0.31902563189935257,1,0.25,design,0.05,0.044583004917988986,0.041703582418993114,0.125,
bnadapt@simclr,erm,True,0.03813077982175447,0.03718397861478058,0.0013826482656244593,0.008483023670071997,0.01979146809101272,0.018882280607842163,0.31902563189935257,1,0.25,design,0.1,0.044583004917988986,0.041703582418993114,0.125,5
bnadapt@simclr,erm,True,0.03813077982175447,0.03718397861478058,0.0013826482656244593,0.008483023670071997,0.01979146809101272,0.018882280607842163,0.31902563189935257,1,0.25,design,0.2,0.044583004917988986,0.041703582418993114,0.125,3
bnadapt@simclr,erm,True,0.03813077982175447,0.03718397861478058,0.0013826482656244593,0.008483023670071997,0.01979146809101272,0.018882280607842163,0.31902563189935257,1,0.5,ratio,0.02,0.04815514907155484,0.041703582418993114,0.25,71
bnadapt@simclr,erm,True,0.03813077982175447,0.03718397861478058,0.0013826482656244593,0.008483023670071997,0.01979146809101272,0.018882280607842163,0.31902563189935257,1,0.5,ratio,0.05,0.04815514907155484,0.041703582418993114,0.25,13
bnadapt@simclr,erm,True,0.03813077982175447,0.03718397861478058,0.0013826482656244593,0.008483023670071997,0.01979146809101272,0.018882280607842163,0.31902563189935257,1,0.5,ratio,0.1,0.04815514907155484,0.041703582418993114,0.25,5
bnadapt@simclr,erm,True,0.03813077982175447,0.03718397861478058,0.0013826482656244593,0.008483023670071997,0.01979146809101272,0.018882280607842163,0.31902563189935257,1,0.5,ratio,0.2,0.04815514907155484,0.041703582418993114,0.25,3
bnadapt@simclr,erm,True,0.03813077982175447,0.03718397861478058,0.0013826482656244593,0.008483023670071997,0.01979146809101272,0.018882280607842163,0.31902563189935257,1,0.5,design,0.02,0.04815514907155484,0.041703582418993114,0.25,
bnadapt@simclr,erm,True,0.03813077982175447,0.03718397861478058,0.0013826482656244593,0.008483023670071997,0.01979146809101272,0.018882280607842163,0.31902563189935257,1,0.5,design,0.05,0.04815514907155484,0.041703582418993114,0.25,
bnadapt@simclr,erm,True,0.03813077982175447,0.03718397861478058,0.0013826482656244593,0.008483023670071997,0.01979146809101272,0.018882280607842163,0.31902563189935257,1,0.5,design,0.1,0.04815514907155484,0.041703582418993114,0.25,23
bnadapt@simclr,erm,True,0.03813077982175447,0.03718397861478058,0.0013826482656244593,0.008483023670071997,0.01979146809101272,0.018882280607842163,0.31902563189935257,1,0.5,design,0.2,0.04815514907155484,0.041703582418993114,0.25,3
bnadapt@simclr,erm,True,0.03813077982175447,0.03718397861478058,0.0013826482656244593,0.008483023670071997,0.01979146809101272,0.018882280607842163,0.31902563189935257,3,0.0,none,0.02,0.03874913038949679,0.03874913038949679,0.0,32
bnadapt@simclr,erm,True,0.03813077982175447,0.03718397861478058,0.0013826482656244593,0.008483023670071997,0.01979146809101272,0.018882280607842163,0.31902563189935257,3,0.0,none,0.05,0.03874913038949679,0.03874913038949679,0.0,7
bnadapt@simclr,erm,True,0.03813077982175447,0.03718397861478058,0.0013826482656244593,0.008483023670071997,0.01979146809101272,0.018882280607842163,0.31902563189935257,3,0.0,none,0.1,0.03874913038949679,0.03874913038949679,0.0,4
bnadapt@simclr,erm,True,0.03813077982175447,0.03718397861478058,0.0013826482656244593,0.008483023670071997,0.01979146809101272,0.018882280607842163,0.31902563189935257,3,0.0,none,0.2,0.03874913038949679,0.03874913038949679,0.0,3
bnadapt@simclr,erm,True,0.03813077982175447,0.03718397861478058,0.0013826482656244593,0.008483023670071997,0.01979146809101272,0.018882280607842163,0.31902563189935257,3,0.25,ratio,0.02,0.04142456284369351,0.03874913038949679,0.125,45
bnadapt@simclr,erm,True,0.03813077982175447,0.03718397861478058,0.0013826482656244593,0.008483023670071997,0.01979146809101272,0.018882280607842163,0.31902563189935257,3,0.25,ratio,0.05,0.04142456284369351,0.03874913038949679,0.125,9
bnadapt@simclr,erm,True,0.03813077982175447,0.03718397861478058,0.0013826482656244593,0.008483023670071997,0.01979146809101272,0.018882280607842163,0.31902563189935257,3,0.25,ratio,0.1,0.04142456284369351,0.03874913038949679,0.125,4
bnadapt@simclr,erm,True,0.03813077982175447,0.03718397861478058,0.0013826482656244593,0.008483023670071997,0.01979146809101272,0.018882280607842163,0.31902563189935257,3,0.25,ratio,0.2,0.04142456284369351,0.03874913038949679,0.125,3
bnadapt@simclr,erm,True,0.03813077982175447,0.03718397861478058,0.0013826482656244593,0.008483023670071997,0.01979146809101272,0.018882280607842163,0.31902563189935257,3,0.25,design,0.02,0.04142456284369351,0.03874913038949679,0.125,
bnadapt@simclr,erm,True,0.03813077982175447,0.03718397861478058,0.0013826482656244593,0.008483023670071997,0.01979146809101272,0.018882280607842163,0.31902563189935257,3,0.25,design,0.05,0.04142456284369351,0.03874913038949679,0.125,
bnadapt@simclr,erm,True,0.03813077982175447,0.03718397861478058,0.0013826482656244593,0.008483023670071997,0.01979146809101272,0.018882280607842163,0.31902563189935257,3,0.25,design,0.1,0.04142456284369351,0.03874913038949679,0.125,5
bnadapt@simclr,erm,True,0.03813077982175447,0.03718397861478058,0.0013826482656244593,0.008483023670071997,0.01979146809101272,0.018882280607842163,0.31902563189935257,3,0.25,design,0.2,0.04142456284369351,0.03874913038949679,0.125,3
bnadapt@simclr,erm,True,0.03813077982175447,0.03718397861478058,0.0013826482656244593,0.008483023670071997,0.01979146809101272,0.018882280607842163,0.31902563189935257,3,0.5,ratio,0.02,0.044743641722479764,0.03874913038949679,0.25,61
bnadapt@simclr,erm,True,0.03813077982175447,0.03718397861478058,0.0013826482656244593,0.008483023670071997,0.01979146809101272,0.018882280607842163,0.31902563189935257,3,0.5,ratio,0.05,0.044743641722479764,0.03874913038949679,0.25,12
bnadapt@simclr,erm,True,0.03813077982175447,0.03718397861478058,0.0013826482656244593,0.008483023670071997,0.01979146809101272,0.018882280607842163,0.31902563189935257,3,0.5,ratio,0.1,0.044743641722479764,0.03874913038949679,0.25,5
bnadapt@simclr,erm,True,0.03813077982175447,0.03718397861478058,0.0013826482656244593,0.008483023670071997,0.01979146809101272,0.018882280607842163,0.31902563189935257,3,0.5,ratio,0.2,0.044743641722479764,0.03874913038949679,0.25,3
bnadapt@simclr,erm,True,0.03813077982175447,0.03718397861478058,0.0013826482656244593,0.008483023670071997,0.01979146809101272,0.018882280607842163,0.31902563189935257,3,0.5,design,0.02,0.044743641722479764,0.03874913038949679,0.25,
bnadapt@simclr,erm,True,0.03813077982175447,0.03718397861478058,0.0013826482656244593,0.008483023670071997,0.01979146809101272,0.018882280607842163,0.31902563189935257,3,0.5,design,0.05,0.044743641722479764,0.03874913038949679,0.25,
bnadapt@simclr,erm,True,0.03813077982175447,0.03718397861478058,0.0013826482656244593,0.008483023670071997,0.01979146809101272,0.018882280607842163,0.31902563189935257,3,0.5,design,0.1,0.044743641722479764,0.03874913038949679,0.25,10
bnadapt@simclr,erm,True,0.03813077982175447,0.03718397861478058,0.0013826482656244593,0.008483023670071997,0.01979146809101272,0.018882280607842163,0.31902563189935257,3,0.5,design,0.2,0.044743641722479764,0.03874913038949679,0.25,3
bnadapt@simclr,erm,True,0.03813077982175447,0.03718397861478058,0.0013826482656244593,0.008483023670071997,0.01979146809101272,0.018882280607842163,0.31902563189935257,5,0.0,none,0.02,0.03813077982175447,0.03813077982175447,0.0,31
bnadapt@simclr,erm,True,0.03813077982175447,0.03718397861478058,0.0013826482656244593,0.008483023670071997,0.01979146809101272,0.018882280607842163,0.31902563189935257,5,0.0,none,0.05,0.03813077982175447,0.03813077982175447,0.0,7
bnadapt@simclr,erm,True,0.03813077982175447,0.03718397861478058,0.0013826482656244593,0.008483023670071997,0.01979146809101272,0.018882280607842163,0.31902563189935257,5,0.0,none,0.1,0.03813077982175447,0.03813077982175447,0.0,4
bnadapt@simclr,erm,True,0.03813077982175447,0.03718397861478058,0.0013826482656244593,0.008483023670071997,0.01979146809101272,0.018882280607842163,0.31902563189935257,5,0.0,none,0.2,0.03813077982175447,0.03813077982175447,0.0,3
bnadapt@simclr,erm,True,0.03813077982175447,0.03718397861478058,0.0013826482656244593,0.008483023670071997,0.01979146809101272,0.018882280607842163,0.31902563189935257,5,0.25,ratio,0.02,0.040763518281005245,0.03813077982175447,0.125,43
bnadapt@simclr,erm,True,0.03813077982175447,0.03718397861478058,0.0013826482656244593,0.008483023670071997,0.01979146809101272,0.018882280607842163,0.31902563189935257,5,0.25,ratio,0.05,0.040763518281005245,0.03813077982175447,0.125,9
bnadapt@simclr,erm,True,0.03813077982175447,0.03718397861478058,0.0013826482656244593,0.008483023670071997,0.01979146809101272,0.018882280607842163,0.31902563189935257,5,0.25,ratio,0.1,0.040763518281005245,0.03813077982175447,0.125,4
bnadapt@simclr,erm,True,0.03813077982175447,0.03718397861478058,0.0013826482656244593,0.008483023670071997,0.01979146809101272,0.018882280607842163,0.31902563189935257,5,0.25,ratio,0.2,0.040763518281005245,0.03813077982175447,0.125,3
bnadapt@simclr,erm,True,0.03813077982175447,0.03718397861478058,0.0013826482656244593,0.008483023670071997,0.01979146809101272,0.018882280607842163,0.31902563189935257,5,0.25,design,0.02,0.040763518281005245,0.03813077982175447,0.125,
bnadapt@simclr,erm,True,0.03813077982175447,0.03718397861478058,0.0013826482656244593,0.008483023670071997,0.01979146809101272,0.018882280607842163,0.31902563189935257,5,0.25,design,0.05,0.040763518281005245,0.03813077982175447,0.125,
bnadapt@simclr,erm,True,0.03813077982175447,0.03718397861478058,0.0013826482656244593,0.008483023670071997,0.01979146809101272,0.018882280607842163,0.31902563189935257,5,0.25,design,0.1,0.040763518281005245,0.03813077982175447,0.125,5
bnadapt@simclr,erm,True,0.03813077982175447,0.03718397861478058,0.0013826482656244593,0.008483023670071997,0.01979146809101272,0.018882280607842163,0.31902563189935257,5,0.25,design,0.2,0.040763518281005245,0.03813077982175447,0.125,3
bnadapt@simclr,erm,True,0.03813077982175447,0.03718397861478058,0.0013826482656244593,0.008483023670071997,0.01979146809101272,0.018882280607842163,0.31902563189935257,5,0.5,ratio,0.02,0.04402963198900058,0.03813077982175447,0.25,60
bnadapt@simclr,erm,True,0.03813077982175447,0.03718397861478058,0.0013826482656244593,0.008483023670071997,0.01979146809101272,0.018882280607842163,0.31902563189935257,5,0.5,ratio,0.05,0.04402963198900058,0.03813077982175447,0.25,12
bnadapt@simclr,erm,True,0.03813077982175447,0.03718397861478058,0.0013826482656244593,0.008483023670071997,0.01979146809101272,0.018882280607842163,0.31902563189935257,5,0.5,ratio,0.1,0.04402963198900058,0.03813077982175447,0.25,5
bnadapt@simclr,erm,True,0.03813077982175447,0.03718397861478058,0.0013826482656244593,0.008483023670071997,0.01979146809101272,0.018882280607842163,0.31902563189935257,5,0.5,ratio,0.2,0.04402963198900058,0.03813077982175447,0.25,3
bnadapt@simclr,erm,True,0.03813077982175447,0.03718397861478058,0.0013826482656244593,0.008483023670071997,0.01979146809101272,0.018882280607842163,0.31902563189935257,5,0.5,design,0.02,0.04402963198900058,0.03813077982175447,0.25,
bnadapt@simclr,erm,True,0.03813077982175447,0.03718397861478058,0.0013826482656244593,0.008483023670071997,0.01979146809101272,0.018882280607842163,0.31902563189935257,5,0.5,design,0.05,0.04402963198900058,0.03813077982175447,0.25,
bnadapt@simclr,erm,True,0.03813077982175447,0.03718397861478058,0.0013826482656244593,0.008483023670071997,0.01979146809101272,0.018882280607842163,0.31902563189935257,5,0.5,design,0.1,0.04402963198900058,0.03813077982175447,0.25,9
bnadapt@simclr,erm,True,0.03813077982175447,0.03718397861478058,0.0013826482656244593,0.008483023670071997,0.01979146809101272,0.018882280607842163,0.31902563189935257,5,0.5,design,0.2,0.04402963198900058,0.03813077982175447,0.25,3
bnadapt@simclr,erm,True,0.03813077982175447,0.03718397861478058,0.0013826482656244593,0.008483023670071997,0.01979146809101272,0.018882280607842163,0.31902563189935257,10,0.0,none,0.02,0.037660354721109415,0.037660354721109415,0.0,30
bnadapt@simclr,erm,True,0.03813077982175447,0.03718397861478058,0.0013826482656244593,0.008483023670071997,0.01979146809101272,0.018882280607842163,0.31902563189935257,10,0.0,none,0.05,0.037660354721109415,0.037660354721109415,0.0,7
bnadapt@simclr,erm,True,0.03813077982175447,0.03718397861478058,0.0013826482656244593,0.008483023670071997,0.01979146809101272,0.018882280607842163,0.31902563189935257,10,0.0,none,0.1,0.037660354721109415,0.037660354721109415,0.0,4
bnadapt@simclr,erm,True,0.03813077982175447,0.03718397861478058,0.0013826482656244593,0.008483023670071997,0.01979146809101272,0.018882280607842163,0.31902563189935257,10,0.0,none,0.2,0.037660354721109415,0.037660354721109415,0.0,3
bnadapt@simclr,erm,True,0.03813077982175447,0.03718397861478058,0.0013826482656244593,0.008483023670071997,0.01979146809101272,0.018882280607842163,0.31902563189935257,10,0.25,ratio,0.02,0.04026061269450455,0.037660354721109415,0.125,42
bnadapt@simclr,erm,True,0.03813077982175447,0.03718397861478058,0.0013826482656244593,0.008483023670071997,0.01979146809101272,0.018882280607842163,0.31902563189935257,10,0.25,ratio,0.05,0.04026061269450455,0.037660354721109415,0.125,9
bnadapt@simclr,erm,True,0.03813077982175447,0.03718397861478058,0.0013826482656244593,0.008483023670071997,0.01979146809101272,0.018882280607842163,0.31902563189935257,10,0.25,ratio,0.1,0.04026061269450455,0.037660354721109415,0.125,4
bnadapt@simclr,erm,True,0.03813077982175447,0.03718397861478058,0.0013826482656244593,0.008483023670071997,0.01979146809101272,0.018882280607842163,0.31902563189935257,10,0.25,ratio,0.2,0.04026061269450455,0.037660354721109415,0.125,3
bnadapt@simclr,erm,True,0.03813077982175447,0.03718397861478058,0.0013826482656244593,0.008483023670071997,0.01979146809101272,0.018882280607842163,0.31902563189935257,10,0.25,design,0.02,0.04026061269450455,0.037660354721109415,0.125,
bnadapt@simclr,erm,True,0.03813077982175447,0.03718397861478058,0.0013826482656244593,0.008483023670071997,0.01979146809101272,0.018882280607842163,0.31902563189935257,10,0.25,design,0.05,0.04026061269450455,0.037660354721109415,0.125,
bnadapt@simclr,erm,True,0.03813077982175447,0.03718397861478058,0.0013826482656244593,0.008483023670071997,0.01979146809101272,0.018882280607842163,0.31902563189935257,10,0.25,design,0.1,0.04026061269450455,0.037660354721109415,0.125,5
bnadapt@simclr,erm,True,0.03813077982175447,0.03718397861478058,0.0013826482656244593,0.008483023670071997,0.01979146809101272,0.018882280607842163,0.31902563189935257,10,0.25,design,0.2,0.04026061269450455,0.037660354721109415,0.125,3
bnadapt@simclr,erm,True,0.03813077982175447,0.03718397861478058,0.0013826482656244593,0.008483023670071997,0.01979146809101272,0.018882280607842163,0.31902563189935257,10,0.5,ratio,0.02,0.04348643187201863,0.037660354721109415,0.25,58
bnadapt@simclr,erm,True,0.03813077982175447,0.03718397861478058,0.0013826482656244593,0.008483023670071997,0.01979146809101272,0.018882280607842163,0.31902563189935257,10,0.5,ratio,0.05,0.04348643187201863,0.037660354721109415,0.25,11
bnadapt@simclr,erm,True,0.03813077982175447,0.03718397861478058,0.0013826482656244593,0.008483023670071997,0.01979146809101272,0.018882280607842163,0.31902563189935257,10,0.5,ratio,0.1,0.04348643187201863,0.037660354721109415,0.25,5
bnadapt@simclr,erm,True,0.03813077982175447,0.03718397861478058,0.0013826482656244593,0.008483023670071997,0.01979146809101272,0.018882280607842163,0.31902563189935257,10,0.5,ratio,0.2,0.04348643187201863,0.037660354721109415,0.25,3
bnadapt@simclr,erm,True,0.03813077982175447,0.03718397861478058,0.0013826482656244593,0.008483023670071997,0.01979146809101272,0.018882280607842163,0.31902563189935257,10,0.5,design,0.02,0.04348643187201863,0.037660354721109415,0.25,
bnadapt@simclr,erm,True,0.03813077982175447,0.03718397861478058,0.0013826482656244593,0.008483023670071997,0.01979146809101272,0.018882280607842163,0.31902563189935257,10,0.5,design,0.05,0.04348643187201863,0.037660354721109415,0.25,
bnadapt@simclr,erm,True,0.03813077982175447,0.03718397861478058,0.0013826482656244593,0.008483023670071997,0.01979146809101272,0.018882280607842163,0.31902563189935257,10,0.5,design,0.1,0.04348643187201863,0.037660354721109415,0.25,9
bnadapt@simclr,erm,True,0.03813077982175447,0.03718397861478058,0.0013826482656244593,0.008483023670071997,0.01979146809101272,0.018882280607842163,0.31902563189935257,10,0.5,design,0.2,0.04348643187201863,0.037660354721109415,0.25,3
compute_matched,erm,True,0.016794467095701957,0.006588443571527288,4.340758869519925e-05,0.029311713269336032,0.01979146809101272,0.03454320022330129,0.049684444328639756,1,0.0,none,0.02,0.03516589641061751,0.03516589641061751,0.0,27
compute_matched,erm,True,0.016794467095701957,0.006588443571527288,4.340758869519925e-05,0.029311713269336032,0.01979146809101272,0.03454320022330129,0.049684444328639756,1,0.0,none,0.05,0.03516589641061751,0.03516589641061751,0.0,7
compute_matched,erm,True,0.016794467095701957,0.006588443571527288,4.340758869519925e-05,0.029311713269336032,0.01979146809101272,0.03454320022330129,0.049684444328639756,1,0.0,none,0.1,0.03516589641061751,0.03516589641061751,0.0,4
compute_matched,erm,True,0.016794467095701957,0.006588443571527288,4.340758869519925e-05,0.029311713269336032,0.01979146809101272,0.03454320022330129,0.049684444328639756,1,0.0,none,0.2,0.03516589641061751,0.03516589641061751,0.0,3
compute_matched,erm,True,0.016794467095701957,0.006588443571527288,4.340758869519925e-05,0.029311713269336032,0.01979146809101272,0.03454320022330129,0.049684444328639756,1,0.25,ratio,0.02,0.03759392459066121,0.03516589641061751,0.125,37
compute_matched,erm,True,0.016794467095701957,0.006588443571527288,4.340758869519925e-05,0.029311713269336032,0.01979146809101272,0.03454320022330129,0.049684444328639756,1,0.25,ratio,0.05,0.03759392459066121,0.03516589641061751,0.125,8
compute_matched,erm,True,0.016794467095701957,0.006588443571527288,4.340758869519925e-05,0.029311713269336032,0.01979146809101272,0.03454320022330129,0.049684444328639756,1,0.25,ratio,0.1,0.03759392459066121,0.03516589641061751,0.125,4
compute_matched,erm,True,0.016794467095701957,0.006588443571527288,4.340758869519925e-05,0.029311713269336032,0.01979146809101272,0.03454320022330129,0.049684444328639756,1,0.25,ratio,0.2,0.03759392459066121,0.03516589641061751,0.125,3
compute_matched,erm,True,0.016794467095701957,0.006588443571527288,4.340758869519925e-05,0.029311713269336032,0.01979146809101272,0.03454320022330129,0.049684444328639756,1,0.25,design,0.02,0.03759392459066121,0.03516589641061751,0.125,
compute_matched,erm,True,0.016794467095701957,0.006588443571527288,4.340758869519925e-05,0.029311713269336032,0.01979146809101272,0.03454320022330129,0.049684444328639756,1,0.25,design,0.05,0.03759392459066121,0.03516589641061751,0.125,
compute_matched,erm,True,0.016794467095701957,0.006588443571527288,4.340758869519925e-05,0.029311713269336032,0.01979146809101272,0.03454320022330129,0.049684444328639756,1,0.25,design,0.1,0.03759392459066121,0.03516589641061751,0.125,4
compute_matched,erm,True,0.016794467095701957,0.006588443571527288,4.340758869519925e-05,0.029311713269336032,0.01979146809101272,0.03454320022330129,0.049684444328639756,1,0.25,design,0.2,0.03759392459066121,0.03516589641061751,0.125,3
compute_matched,erm,True,0.016794467095701957,0.006588443571527288,4.340758869519925e-05,0.029311713269336032,0.01979146809101272,0.03454320022330129,0.049684444328639756,1,0.5,ratio,0.02,0.04060607951792903,0.03516589641061751,0.25,51
compute_matched,erm,True,0.016794467095701957,0.006588443571527288,4.340758869519925e-05,0.029311713269336032,0.01979146809101272,0.03454320022330129,0.049684444328639756,1,0.5,ratio,0.05,0.04060607951792903,0.03516589641061751,0.25,10
compute_matched,erm,True,0.016794467095701957,0.006588443571527288,4.340758869519925e-05,0.029311713269336032,0.01979146809101272,0.03454320022330129,0.049684444328639756,1,0.5,ratio,0.1,0.04060607951792903,0.03516589641061751,0.25,5
compute_matched,erm,True,0.016794467095701957,0.006588443571527288,4.340758869519925e-05,0.029311713269336032,0.01979146809101272,0.03454320022330129,0.049684444328639756,1,0.5,ratio,0.2,0.04060607951792903,0.03516589641061751,0.25,3
compute_matched,erm,True,0.016794467095701957,0.006588443571527288,4.340758869519925e-05,0.029311713269336032,0.01979146809101272,0.03454320022330129,0.049684444328639756,1,0.5,design,0.02,0.04060607951792903,0.03516589641061751,0.25,
compute_matched,erm,True,0.016794467095701957,0.006588443571527288,4.340758869519925e-05,0.029311713269336032,0.01979146809101272,0.03454320022330129,0.049684444328639756,1,0.5,design,0.05,0.04060607951792903,0.03516589641061751,0.25,
compute_matched,erm,True,0.016794467095701957,0.006588443571527288,4.340758869519925e-05,0.029311713269336032,0.01979146809101272,0.03454320022330129,0.049684444328639756,1,0.5,design,0.1,0.04060607951792903,0.03516589641061751,0.25,7
compute_matched,erm,True,0.016794467095701957,0.006588443571527288,4.340758869519925e-05,0.029311713269336032,0.01979146809101272,0.03454320022330129,0.049684444328639756,1,0.5,design,0.2,0.04060607951792903,0.03516589641061751,0.25,3
compute_matched,erm,True,0.016794467095701957,0.006588443571527288,4.340758869519925e-05,0.029311713269336032,0.01979146809101272,0.03454320022330129,0.049684444328639756,3,0.0,none,0.02,0.021003614353666846,0.021003614353666846,0.0,11
compute_matched,erm,True,0.016794467095701957,0.006588443571527288,4.340758869519925e-05,0.029311713269336032,0.01979146809101272,0.03454320022330129,0.049684444328639756,3,0.0,none,0.05,0.021003614353666846,0.021003614353666846,0.0,4
compute_matched,erm,True,0.016794467095701957,0.006588443571527288,4.340758869519925e-05,0.029311713269336032,0.01979146809101272,0.03454320022330129,0.049684444328639756,3,0.0,none,0.1,0.021003614353666846,0.021003614353666846,0.0,3
compute_matched,erm,True,0.016794467095701957,0.006588443571527288,4.340758869519925e-05,0.029311713269336032,0.01979146809101272,0.03454320022330129,0.049684444328639756,3,0.0,none,0.2,0.021003614353666846,0.021003614353666846,0.0,3
compute_matched,erm,True,0.016794467095701957,0.006588443571527288,4.340758869519925e-05,0.029311713269336032,0.01979146809101272,0.03454320022330129,0.049684444328639756,3,0.25,ratio,0.02,0.022453808227242498,0.021003614353666846,0.125,15
compute_matched,erm,True,0.016794467095701957,0.006588443571527288,4.340758869519925e-05,0.029311713269336032,0.01979146809101272,0.03454320022330129,0.049684444328639756,3,0.25,ratio,0.05,0.022453808227242498,0.021003614353666846,0.125,5
compute_matched,erm,True,0.016794467095701957,0.006588443571527288,4.340758869519925e-05,0.029311713269336032,0.01979146809101272,0.03454320022330129,0.049684444328639756,3,0.25,ratio,0.1,0.022453808227242498,0.021003614353666846,0.125,3
compute_matched,erm,True,0.016794467095701957,0.006588443571527288,4.340758869519925e-05,0.029311713269336032,0.01979146809101272,0.03454320022330129,0.049684444328639756,3,0.25,ratio,0.2,0.022453808227242498,0.021003614353666846,0.125,3
compute_matched,erm,True,0.016794467095701957,0.006588443571527288,4.340758869519925e-05,0.029311713269336032,0.01979146809101272,0.03454320022330129,0.049684444328639756,3,0.25,design,0.02,0.022453808227242498,0.021003614353666846,0.125,
compute_matched,erm,True,0.016794467095701957,0.006588443571527288,4.340758869519925e-05,0.029311713269336032,0.01979146809101272,0.03454320022330129,0.049684444328639756,3,0.25,design,0.05,0.022453808227242498,0.021003614353666846,0.125,5
compute_matched,erm,True,0.016794467095701957,0.006588443571527288,4.340758869519925e-05,0.029311713269336032,0.01979146809101272,0.03454320022330129,0.049684444328639756,3,0.25,design,0.1,0.022453808227242498,0.021003614353666846,0.125,3
compute_matched,erm,True,0.016794467095701957,0.006588443571527288,4.340758869519925e-05,0.029311713269336032,0.01979146809101272,0.03454320022330129,0.049684444328639756,3,0.25,design,0.2,0.022453808227242498,0.021003614353666846,0.125,3
compute_matched,erm,True,0.016794467095701957,0.006588443571527288,4.340758869519925e-05,0.029311713269336032,0.01979146809101272,0.03454320022330129,0.049684444328639756,3,0.5,ratio,0.02,0.024252884802089283,0.021003614353666846,0.25,20
compute_matched,erm,True,0.016794467095701957,0.006588443571527288,4.340758869519925e-05,0.029311713269336032,0.01979146809101272,0.03454320022330129,0.049684444328639756,3,0.5,ratio,0.05,0.024252884802089283,0.021003614353666846,0.25,5
compute_matched,erm,True,0.016794467095701957,0.006588443571527288,4.340758869519925e-05,0.029311713269336032,0.01979146809101272,0.03454320022330129,0.049684444328639756,3,0.5,ratio,0.1,0.024252884802089283,0.021003614353666846,0.25,3
compute_matched,erm,True,0.016794467095701957,0.006588443571527288,4.340758869519925e-05,0.029311713269336032,0.01979146809101272,0.03454320022330129,0.049684444328639756,3,0.5,ratio,0.2,0.024252884802089283,0.021003614353666846,0.25,3
compute_matched,erm,True,0.016794467095701957,0.006588443571527288,4.340758869519925e-05,0.029311713269336032,0.01979146809101272,0.03454320022330129,0.049684444328639756,3,0.5,design,0.02,0.024252884802089283,0.021003614353666846,0.25,
compute_matched,erm,True,0.016794467095701957,0.006588443571527288,4.340758869519925e-05,0.029311713269336032,0.01979146809101272,0.03454320022330129,0.049684444328639756,3,0.5,design,0.05,0.024252884802089283,0.021003614353666846,0.25,26
compute_matched,erm,True,0.016794467095701957,0.006588443571527288,4.340758869519925e-05,0.029311713269336032,0.01979146809101272,0.03454320022330129,0.049684444328639756,3,0.5,design,0.1,0.024252884802089283,0.021003614353666846,0.25,3
compute_matched,erm,True,0.016794467095701957,0.006588443571527288,4.340758869519925e-05,0.029311713269336032,0.01979146809101272,0.03454320022330129,0.049684444328639756,3,0.5,design,0.2,0.024252884802089283,0.021003614353666846,0.25,3
compute_matched,erm,True,0.016794467095701957,0.006588443571527288,4.340758869519925e-05,0.029311713269336032,0.01979146809101272,0.03454320022330129,0.049684444328639756,5,0.0,none,0.02,0.016794467095701957,0.016794467095701957,0.0,8
compute_matched,erm,True,0.016794467095701957,0.006588443571527288,4.340758869519925e-05,0.029311713269336032,0.01979146809101272,0.03454320022330129,0.049684444328639756,5,0.0,none,0.05,0.016794467095701957,0.016794467095701957,0.0,4
compute_matched,erm,True,0.016794467095701957,0.006588443571527288,4.340758869519925e-05,0.029311713269336032,0.01979146809101272,0.03454320022330129,0.049684444328639756,5,0.0,none,0.1,0.016794467095701957,0.016794467095701957,0.0,3
compute_matched,erm,True,0.016794467095701957,0.006588443571527288,4.340758869519925e-05,0.029311713269336032,0.01979146809101272,0.03454320022330129,0.049684444328639756,5,0.0,none,0.2,0.016794467095701957,0.016794467095701957,0.0,2
compute_matched,erm,True,0.016794467095701957,0.006588443571527288,4.340758869519925e-05,0.029311713269336032,0.01979146809101272,0.03454320022330129,0.049684444328639756,5,0.25,ratio,0.02,0.01795404053301861,0.016794467095701957,0.125,10
compute_matched,erm,True,0.016794467095701957,0.006588443571527288,4.340758869519925e-05,0.029311713269336032,0.01979146809101272,0.03454320022330129,0.049684444328639756,5,0.25,ratio,0.05,0.01795404053301861,0.016794467095701957,0.125,4
compute_matched,erm,True,0.016794467095701957,0.006588443571527288,4.340758869519925e-05,0.029311713269336032,0.01979146809101272,0.03454320022330129,0.049684444328639756,5,0.25,ratio,0.1,0.01795404053301861,0.016794467095701957,0.125,3
compute_matched,erm,True,0.016794467095701957,0.006588443571527288,4.340758869519925e-05,0.029311713269336032,0.01979146809101272,0.03454320022330129,0.049684444328639756,5,0.25,ratio,0.2,0.01795404053301861,0.016794467095701957,0.125,3
compute_matched,erm,True,0.016794467095701957,0.006588443571527288,4.340758869519925e-05,0.029311713269336032,0.01979146809101272,0.03454320022330129,0.049684444328639756,5,0.25,design,0.02,0.01795404053301861,0.016794467095701957,0.125,
compute_matched,erm,True,0.016794467095701957,0.006588443571527288,4.340758869519925e-05,0.029311713269336032,0.01979146809101272,0.03454320022330129,0.049684444328639756,5,0.25,design,0.05,0.01795404053301861,0.016794467095701957,0.125,4
compute_matched,erm,True,0.016794467095701957,0.006588443571527288,4.340758869519925e-05,0.029311713269336032,0.01979146809101272,0.03454320022330129,0.049684444328639756,5,0.25,design,0.1,0.01795404053301861,0.016794467095701957,0.125,3
compute_matched,erm,True,0.016794467095701957,0.006588443571527288,4.340758869519925e-05,0.029311713269336032,0.01979146809101272,0.03454320022330129,0.049684444328639756,5,0.25,design,0.2,0.01795404053301861,0.016794467095701957,0.125,3
compute_matched,erm,True,0.016794467095701957,0.006588443571527288,4.340758869519925e-05,0.029311713269336032,0.01979146809101272,0.03454320022330129,0.049684444328639756,5,0.5,ratio,0.02,0.019392580197199676,0.016794467095701957,0.25,14
compute_matched,erm,True,0.016794467095701957,0.006588443571527288,4.340758869519925e-05,0.029311713269336032,0.01979146809101272,0.03454320022330129,0.049684444328639756,5,0.5,ratio,0.05,0.019392580197199676,0.016794467095701957,0.25,5
compute_matched,erm,True,0.016794467095701957,0.006588443571527288,4.340758869519925e-05,0.029311713269336032,0.01979146809101272,0.03454320022330129,0.049684444328639756,5,0.5,ratio,0.1,0.019392580197199676,0.016794467095701957,0.25,3
compute_matched,erm,True,0.016794467095701957,0.006588443571527288,4.340758869519925e-05,0.029311713269336032,0.01979146809101272,0.03454320022330129,0.049684444328639756,5,0.5,ratio,0.2,0.019392580197199676,0.016794467095701957,0.25,3
compute_matched,erm,True,0.016794467095701957,0.006588443571527288,4.340758869519925e-05,0.029311713269336032,0.01979146809101272,0.03454320022330129,0.049684444328639756,5,0.5,design,0.02,0.019392580197199676,0.016794467095701957,0.25,
compute_matched,erm,True,0.016794467095701957,0.006588443571527288,4.340758869519925e-05,0.029311713269336032,0.01979146809101272,0.03454320022330129,0.049684444328639756,5,0.5,design,0.05,0.019392580197199676,0.016794467095701957,0.25,6
compute_matched,erm,True,0.016794467095701957,0.006588443571527288,4.340758869519925e-05,0.029311713269336032,0.01979146809101272,0.03454320022330129,0.049684444328639756,5,0.5,design,0.1,0.019392580197199676,0.016794467095701957,0.25,3
compute_matched,erm,True,0.016794467095701957,0.006588443571527288,4.340758869519925e-05,0.029311713269336032,0.01979146809101272,0.03454320022330129,0.049684444328639756,5,0.5,design,0.2,0.019392580197199676,0.016794467095701957,0.25,3
compute_matched,erm,True,0.016794467095701957,0.006588443571527288,4.340758869519925e-05,0.029311713269336032,0.01979146809101272,0.03454320022330129,0.049684444328639756,10,0.0,none,0.02,0.012756600521373533,0.012756600521373533,0.0,6
compute_matched,erm,True,0.016794467095701957,0.006588443571527288,4.340758869519925e-05,0.029311713269336032,0.01979146809101272,0.03454320022330129,0.049684444328639756,10,0.0,none,0.05,0.012756600521373533,0.012756600521373533,0.0,3
compute_matched,erm,True,0.016794467095701957,0.006588443571527288,4.340758869519925e-05,0.029311713269336032,0.01979146809101272,0.03454320022330129,0.049684444328639756,10,0.0,none,0.1,0.012756600521373533,0.012756600521373533,0.0,3
compute_matched,erm,True,0.016794467095701957,0.006588443571527288,4.340758869519925e-05,0.029311713269336032,0.01979146809101272,0.03454320022330129,0.049684444328639756,10,0.0,none,0.2,0.012756600521373533,0.012756600521373533,0.0,2
compute_matched,erm,True,0.016794467095701957,0.006588443571527288,4.340758869519925e-05,0.029311713269336032,0.01979146809101272,0.03454320022330129,0.049684444328639756,10,0.25,ratio,0.02,0.013637379591691883,0.012756600521373533,0.125,7
compute_matched,erm,True,0.016794467095701957,0.006588443571527288,4.340758869519925e-05,0.029311713269336032,0.01979146809101272,0.03454320022330129,0.049684444328639756,10,0.25,ratio,0.05,0.013637379591691883,0.012756600521373533,0.125,3
compute_matched,erm,True,0.016794467095701957,0.006588443571527288,4.340758869519925e-05,0.029311713269336032,0.01979146809101272,0.03454320022330129,0.049684444328639756,10,0.25,ratio,0.1,0.013637379591691883,0.012756600521373533,0.125,3
compute_matched,erm,True,0.016794467095701957,0.006588443571527288,4.340758869519925e-05,0.029311713269336032,0.01979146809101272,0.03454320022330129,0.049684444328639756,10,0.25,ratio,0.2,0.013637379591691883,0.012756600521373533,0.125,2
compute_matched,erm,True,0.016794467095701957,0.006588443571527288,4.340758869519925e-05,0.029311713269336032,0.01979146809101272,0.03454320022330129,0.049684444328639756,10,0.25,design,0.02,0.013637379591691883,0.012756600521373533,0.125,44
compute_matched,erm,True,0.016794467095701957,0.006588443571527288,4.340758869519925e-05,0.029311713269336032,0.01979146809101272,0.03454320022330129,0.049684444328639756,10,0.25,design,0.05,0.013637379591691883,0.012756600521373533,0.125,3
compute_matched,erm,True,0.016794467095701957,0.006588443571527288,4.340758869519925e-05,0.029311713269336032,0.01979146809101272,0.03454320022330129,0.049684444328639756,10,0.25,design,0.1,0.013637379591691883,0.012756600521373533,0.125,3
compute_matched,erm,True,0.016794467095701957,0.006588443571527288,4.340758869519925e-05,0.029311713269336032,0.01979146809101272,0.03454320022330129,0.049684444328639756,10,0.25,design,0.2,0.013637379591691883,0.012756600521373533,0.125,2
compute_matched,erm,True,0.016794467095701957,0.006588443571527288,4.340758869519925e-05,0.029311713269336032,0.01979146809101272,0.03454320022330129,0.049684444328639756,10,0.5,ratio,0.02,0.01473005348991906,0.012756600521373533,0.25,9
compute_matched,erm,True,0.016794467095701957,0.006588443571527288,4.340758869519925e-05,0.029311713269336032,0.01979146809101272,0.03454320022330129,0.049684444328639756,10,0.5,ratio,0.05,0.01473005348991906,0.012756600521373533,0.25,4
compute_matched,erm,True,0.016794467095701957,0.006588443571527288,4.340758869519925e-05,0.029311713269336032,0.01979146809101272,0.03454320022330129,0.049684444328639756,10,0.5,ratio,0.1,0.01473005348991906,0.012756600521373533,0.25,3
compute_matched,erm,True,0.016794467095701957,0.006588443571527288,4.340758869519925e-05,0.029311713269336032,0.01979146809101272,0.03454320022330129,0.049684444328639756,10,0.5,ratio,0.2,0.01473005348991906,0.012756600521373533,0.25,3
compute_matched,erm,True,0.016794467095701957,0.006588443571527288,4.340758869519925e-05,0.029311713269336032,0.01979146809101272,0.03454320022330129,0.049684444328639756,10,0.5,design,0.02,0.01473005348991906,0.012756600521373533,0.25,
compute_matched,erm,True,0.016794467095701957,0.006588443571527288,4.340758869519925e-05,0.029311713269336032,0.01979146809101272,0.03454320022330129,0.049684444328639756,10,0.5,design,0.05,0.01473005348991906,0.012756600521373533,0.25,4
compute_matched,erm,True,0.016794467095701957,0.006588443571527288,4.340758869519925e-05,0.029311713269336032,0.01979146809101272,0.03454320022330129,0.049684444328639756,10,0.5,design,0.1,0.01473005348991906,0.012756600521373533,0.25,3
compute_matched,erm,True,0.016794467095701957,0.006588443571527288,4.340758869519925e-05,0.029311713269336032,0.01979146809101272,0.03454320022330129,0.049684444328639756,10,0.5,design,0.2,0.01473005348991906,0.012756600521373533,0.25,2
coral,erm,True,0.0025060352995565577,0.0,-0.00015948363280467759,0.023320658185652744,0.01979146809101272,0.028789220702139635,0.115627845689528,1,0.0,none,0.02,0.028789220702139635,0.028789220702139635,0.0,19
coral,erm,True,0.0025060352995565577,0.0,-0.00015948363280467759,0.023320658185652744,0.01979146809101272,0.028789220702139635,0.115627845689528,1,0.0,none,0.05,0.028789220702139635,0.028789220702139635,0.0,5
coral,erm,True,0.0025060352995565577,0.0,-0.00015948363280467759,0.023320658185652744,0.01979146809101272,0.028789220702139635,0.115627845689528,1,0.0,none,0.1,0.028789220702139635,0.028789220702139635,0.0,3
coral,erm,True,0.0025060352995565577,0.0,-0.00015948363280467759,0.023320658185652744,0.01979146809101272,0.028789220702139635,0.115627845689528,1,0.0,none,0.2,0.028789220702139635,0.028789220702139635,0.0,3
coral,erm,True,0.0025060352995565577,0.0,-0.00015948363280467759,0.023320658185652744,0.01979146809101272,0.028789220702139635,0.115627845689528,1,0.25,ratio,0.02,0.03077697151417887,0.028789220702139635,0.125,26
coral,erm,True,0.0025060352995565577,0.0,-0.00015948363280467759,0.023320658185652744,0.01979146809101272,0.028789220702139635,0.115627845689528,1,0.25,ratio,0.05,0.03077697151417887,0.028789220702139635,0.125,6
coral,erm,True,0.0025060352995565577,0.0,-0.00015948363280467759,0.023320658185652744,0.01979146809101272,0.028789220702139635,0.115627845689528,1,0.25,ratio,0.1,0.03077697151417887,0.028789220702139635,0.125,4
coral,erm,True,0.0025060352995565577,0.0,-0.00015948363280467759,0.023320658185652744,0.01979146809101272,0.028789220702139635,0.115627845689528,1,0.25,ratio,0.2,0.03077697151417887,0.028789220702139635,0.125,3
coral,erm,True,0.0025060352995565577,0.0,-0.00015948363280467759,0.023320658185652744,0.01979146809101272,0.028789220702139635,0.115627845689528,1,0.25,design,0.02,0.03077697151417887,0.028789220702139635,0.125,
coral,erm,True,0.0025060352995565577,0.0,-0.00015948363280467759,0.023320658185652744,0.01979146809101272,0.028789220702139635,0.115627845689528,1,0.25,design,0.05,0.03077697151417887,0.028789220702139635,0.125,14
coral,erm,True,0.0025060352995565577,0.0,-0.00015948363280467759,0.023320658185652744,0.01979146809101272,0.028789220702139635,0.115627845689528,1,0.25,design,0.1,0.03077697151417887,0.028789220702139635,0.125,4
coral,erm,True,0.0025060352995565577,0.0,-0.00015948363280467759,0.023320658185652744,0.01979146809101272,0.028789220702139635,0.115627845689528,1,0.25,design,0.2,0.03077697151417887,0.028789220702139635,0.125,3
coral,erm,True,0.0025060352995565577,0.0,-0.00015948363280467759,0.023320658185652744,0.01979146809101272,0.028789220702139635,0.115627845689528,1,0.5,ratio,0.02,0.03324292864427973,0.028789220702139635,0.25,35
coral,erm,True,0.0025060352995565577,0.0,-0.00015948363280467759,0.023320658185652744,0.01979146809101272,0.028789220702139635,0.115627845689528,1,0.5,ratio,0.05,0.03324292864427973,0.028789220702139635,0.25,8
coral,erm,True,0.0025060352995565577,0.0,-0.00015948363280467759,0.023320658185652744,0.01979146809101272,0.028789220702139635,0.115627845689528,1,0.5,ratio,0.1,0.03324292864427973,0.028789220702139635,0.25,4
coral,erm,True,0.0025060352995565577,0.0,-0.00015948363280467759,0.023320658185652744,0.01979146809101272,0.028789220702139635,0.115627845689528,1,0.5,ratio,0.2,0.03324292864427973,0.028789220702139635,0.25,3
coral,erm,True,0.0025060352995565577,0.0,-0.00015948363280467759,0.023320658185652744,0.01979146809101272,0.028789220702139635,0.115627845689528,1,0.5,design,0.02,0.03324292864427973,0.028789220702139635,0.25,
coral,erm,True,0.0025060352995565577,0.0,-0.00015948363280467759,0.023320658185652744,0.01979146809101272,0.028789220702139635,0.115627845689528,1,0.5,design,0.05,0.03324292864427973,0.028789220702139635,0.25,
coral,erm,True,0.0025060352995565577,0.0,-0.00015948363280467759,0.023320658185652744,0.01979146809101272,0.028789220702139635,0.115627845689528,1,0.5,design,0.1,0.03324292864427973,0.028789220702139635,0.25,5
coral,erm,True,0.0025060352995565577,0.0,-0.00015948363280467759,0.023320658185652744,0.01979146809101272,0.028789220702139635,0.115627845689528,1,0.5,design,0.2,0.03324292864427973,0.028789220702139635,0.25,3
coral,erm,True,0.0025060352995565577,0.0,-0.00015948363280467759,0.023320658185652744,0.01979146809101272,0.028789220702139635,0.115627845689528,3,0.0,none,0.02,0.016621464322139866,0.016621464322139866,0.0,8
coral,erm,True,0.0025060352995565577,0.0,-0.00015948363280467759,0.023320658185652744,0.01979146809101272,0.028789220702139635,0.115627845689528,3,0.0,none,0.05,0.016621464322139866,0.016621464322139866,0.0,4
coral,erm,True,0.0025060352995565577,0.0,-0.00015948363280467759,0.023320658185652744,0.01979146809101272,0.028789220702139635,0.115627845689528,3,0.0,none,0.1,0.016621464322139866,0.016621464322139866,0.0,3
coral,erm,True,0.0025060352995565577,0.0,-0.00015948363280467759,0.023320658185652744,0.01979146809101272,0.028789220702139635,0.115627845689528,3,0.0,none,0.2,0.016621464322139866,0.016621464322139866,0.0,2
coral,erm,True,0.0025060352995565577,0.0,-0.00015948363280467759,0.023320658185652744,0.01979146809101272,0.028789220702139635,0.115627845689528,3,0.25,ratio,0.02,0.017769092788552616,0.016621464322139866,0.125,10
coral,erm,True,0.0025060352995565577,0.0,-0.00015948363280467759,0.023320658185652744,0.01979146809101272,0.028789220702139635,0.115627845689528,3,0.25,ratio,0.05,0.017769092788552616,0.016621464322139866,0.125,4
coral,erm,True,0.0025060352995565577,0.0,-0.00015948363280467759,0.023320658185652744,0.01979146809101272,0.028789220702139635,0.115627845689528,3,0.25,ratio,0.1,0.017769092788552616,0.016621464322139866,0.125,3
coral,erm,True,0.0025060352995565577,0.0,-0.00015948363280467759,0.023320658185652744,0.01979146809101272,0.028789220702139635,0.115627845689528,3,0.25,ratio,0.2,0.017769092788552616,0.016621464322139866,0.125,3
coral,erm,True,0.0025060352995565577,0.0,-0.00015948363280467759,0.023320658185652744,0.01979146809101272,0.028789220702139635,0.115627845689528,3,0.25,design,0.02,0.017769092788552616,0.016621464322139866,0.125,
coral,erm,True,0.0025060352995565577,0.0,-0.00015948363280467759,0.023320658185652744,0.01979146809101272,0.028789220702139635,0.115627845689528,3,0.25,design,0.05,0.017769092788552616,0.016621464322139866,0.125,4
coral,erm,True,0.0025060352995565577,0.0,-0.00015948363280467759,0.023320658185652744,0.01979146809101272,0.028789220702139635,0.115627845689528,3,0.25,design,0.1,0.017769092788552616,0.016621464322139866,0.125,3
coral,erm,True,0.0025060352995565577,0.0,-0.00015948363280467759,0.023320658185652744,0.01979146809101272,0.028789220702139635,0.115627845689528,3,0.25,design,0.2,0.017769092788552616,0.016621464322139866,0.125,3
coral,erm,True,0.0025060352995565577,0.0,-0.00015948363280467759,0.023320658185652744,0.01979146809101272,0.028789220702139635,0.115627845689528,3,0.5,ratio,0.02,0.019192813801426425,0.016621464322139866,0.25,13
coral,erm,True,0.0025060352995565577,0.0,-0.00015948363280467759,0.023320658185652744,0.01979146809101272,0.028789220702139635,0.115627845689528,3,0.5,ratio,0.05,0.019192813801426425,0.016621464322139866,0.25,5
coral,erm,True,0.0025060352995565577,0.0,-0.00015948363280467759,0.023320658185652744,0.01979146809101272,0.028789220702139635,0.115627845689528,3,0.5,ratio,0.1,0.019192813801426425,0.016621464322139866,0.25,3
coral,erm,True,0.0025060352995565577,0.0,-0.00015948363280467759,0.023320658185652744,0.01979146809101272,0.028789220702139635,0.115627845689528,3,0.5,ratio,0.2,0.019192813801426425,0.016621464322139866,0.25,3
coral,erm,True,0.0025060352995565577,0.0,-0.00015948363280467759,0.023320658185652744,0.01979146809101272,0.028789220702139635,0.115627845689528,3,0.5,design,0.02,0.019192813801426425,0.016621464322139866,0.25,
coral,erm,True,0.0025060352995565577,0.0,-0.00015948363280467759,0.023320658185652744,0.01979146809101272,0.028789220702139635,0.115627845689528,3,0.5,design,0.05,0.019192813801426425,0.016621464322139866,0.25,6
coral,erm,True,0.0025060352995565577,0.0,-0.00015948363280467759,0.023320658185652744,0.01979146809101272,0.028789220702139635,0.115627845689528,3,0.5,design,0.1,0.019192813801426425,0.016621464322139866,0.25,3
coral,erm,True,0.0025060352995565577,0.0,-0.00015948363280467759,0.023320658185652744,0.01979146809101272,0.028789220702139635,0.115627845689528,3,0.5,design,0.2,0.019192813801426425,0.016621464322139866,0.25,3
coral,erm,True,0.0025060352995565577,0.0,-0.00015948363280467759,0.023320658185652744,0.01979146809101272,0.028789220702139635,0.115627845689528,5,0.0,none,0.02,0.01287493090184569,0.01287493090184569,0.0,6
coral,erm,True,0.0025060352995565577,0.0,-0.00015948363280467759,0.023320658185652744,0.01979146809101272,0.028789220702139635,0.115627845689528,5,0.0,none,0.05,0.01287493090184569,0.01287493090184569,0.0,3
coral,erm,True,0.0025060352995565577,0.0,-0.00015948363280467759,0.023320658185652744,0.01979146809101272,0.028789220702139635,0.115627845689528,5,0.0,none,0.1,0.01287493090184569,0.01287493090184569,0.0,3
coral,erm,True,0.0025060352995565577,0.0,-0.00015948363280467759,0.023320658185652744,0.01979146809101272,0.028789220702139635,0.115627845689528,5,0.0,none,0.2,0.01287493090184569,0.01287493090184569,0.0,2
coral,erm,True,0.0025060352995565577,0.0,-0.00015948363280467759,0.023320658185652744,0.01979146809101272,0.028789220702139635,0.115627845689528,5,0.25,ratio,0.02,0.013763880089455716,0.01287493090184569,0.125,7
coral,erm,True,0.0025060352995565577,0.0,-0.00015948363280467759,0.023320658185652744,0.01979146809101272,0.028789220702139635,0.115627845689528,5,0.25,ratio,0.05,0.013763880089455716,0.01287493090184569,0.125,4
coral,erm,True,0.0025060352995565577,0.0,-0.00015948363280467759,0.023320658185652744,0.01979146809101272,0.028789220702139635,0.115627845689528,5,0.25,ratio,0.1,0.013763880089455716,0.01287493090184569,0.125,3
coral,erm,True,0.0025060352995565577,0.0,-0.00015948363280467759,0.023320658185652744,0.01979146809101272,0.028789220702139635,0.115627845689528,5,0.25,ratio,0.2,0.013763880089455716,0.01287493090184569,0.125,2
coral,erm,True,0.0025060352995565577,0.0,-0.00015948363280467759,0.023320658185652744,0.01979146809101272,0.028789220702139635,0.115627845689528,5,0.25,design,0.02,0.013763880089455716,0.01287493090184569,0.125,54
coral,erm,True,0.0025060352995565577,0.0,-0.00015948363280467759,0.023320658185652744,0.01979146809101272,0.028789220702139635,0.115627845689528,5,0.25,design,0.05,0.013763880089455716,0.01287493090184569,0.125,4
coral,erm,True,0.0025060352995565577,0.0,-0.00015948363280467759,0.023320658185652744,0.01979146809101272,0.028789220702139635,0.115627845689528,5,0.25,design,0.1,0.013763880089455716,0.01287493090184569,0.125,3
coral,erm,True,0.0025060352995565577,0.0,-0.00015948363280467759,0.023320658185652744,0.01979146809101272,0.028789220702139635,0.115627845689528,5,0.25,design,0.2,0.013763880089455716,0.01287493090184569,0.125,2
coral,erm,True,0.0025060352995565577,0.0,-0.00015948363280467759,0.023320658185652744,0.01979146809101272,0.028789220702139635,0.115627845689528,5,0.5,ratio,0.02,0.014866689643956882,0.01287493090184569,0.25,9
coral,erm,True,0.0025060352995565577,0.0,-0.00015948363280467759,0.023320658185652744,0.01979146809101272,0.028789220702139635,0.115627845689528,5,0.5,ratio,0.05,0.014866689643956882,0.01287493090184569,0.25,4
coral,erm,True,0.0025060352995565577,0.0,-0.00015948363280467759,0.023320658185652744,0.01979146809101272,0.028789220702139635,0.115627845689528,5,0.5,ratio,0.1,0.014866689643956882,0.01287493090184569,0.25,3
coral,erm,True,0.0025060352995565577,0.0,-0.00015948363280467759,0.023320658185652744,0.01979146809101272,0.028789220702139635,0.115627845689528,5,0.5,ratio,0.2,0.014866689643956882,0.01287493090184569,0.25,3
coral,erm,True,0.0025060352995565577,0.0,-0.00015948363280467759,0.023320658185652744,0.01979146809101272,0.028789220702139635,0.115627845689528,5,0.5,design,0.02,0.014866689643956882,0.01287493090184569,0.25,
coral,erm,True,0.0025060352995565577,0.0,-0.00015948363280467759,0.023320658185652744,0.01979146809101272,0.028789220702139635,0.115627845689528,5,0.5,design,0.05,0.014866689643956882,0.01287493090184569,0.25,4
coral,erm,True,0.0025060352995565577,0.0,-0.00015948363280467759,0.023320658185652744,0.01979146809101272,0.028789220702139635,0.115627845689528,5,0.5,design,0.1,0.014866689643956882,0.01287493090184569,0.25,3
coral,erm,True,0.0025060352995565577,0.0,-0.00015948363280467759,0.023320658185652744,0.01979146809101272,0.028789220702139635,0.115627845689528,5,0.5,design,0.2,0.014866689643956882,0.01287493090184569,0.25,2
coral,erm,True,0.0025060352995565577,0.0,-0.00015948363280467759,0.023320658185652744,0.01979146809101272,0.028789220702139635,0.115627845689528,10,0.0,none,0.02,0.00910395094800332,0.00910395094800332,0.0,4
coral,erm,True,0.0025060352995565577,0.0,-0.00015948363280467759,0.023320658185652744,0.01979146809101272,0.028789220702139635,0.115627845689528,10,0.0,none,0.05,0.00910395094800332,0.00910395094800332,0.0,3
coral,erm,True,0.0025060352995565577,0.0,-0.00015948363280467759,0.023320658185652744,0.01979146809101272,0.028789220702139635,0.115627845689528,10,0.0,none,0.1,0.00910395094800332,0.00910395094800332,0.0,3
coral,erm,True,0.0025060352995565577,0.0,-0.00015948363280467759,0.023320658185652744,0.01979146809101272,0.028789220702139635,0.115627845689528,10,0.0,none,0.2,0.00910395094800332,0.00910395094800332,0.0,2
coral,erm,True,0.0025060352995565577,0.0,-0.00015948363280467759,0.023320658185652744,0.01979146809101272,0.028789220702139635,0.115627845689528,10,0.25,ratio,0.02,0.009732532946692641,0.00910395094800332,0.125,5
coral,erm,True,0.0025060352995565577,0.0,-0.00015948363280467759,0.023320658185652744,0.01979146809101272,0.028789220702139635,0.115627845689528,10,0.25,ratio,0.05,0.009732532946692641,0.00910395094800332,0.125,3
coral,erm,True,0.0025060352995565577,0.0,-0.00015948363280467759,0.023320658185652744,0.01979146809101272,0.028789220702139635,0.115627845689528,10,0.25,ratio,0.1,0.009732532946692641,0.00910395094800332,0.125,3
coral,erm,True,0.0025060352995565577,0.0,-0.00015948363280467759,0.023320658185652744,0.01979146809101272,0.028789220702139635,0.115627845689528,10,0.25,ratio,0.2,0.009732532946692641,0.00910395094800332,0.125,2
coral,erm,True,0.0025060352995565577,0.0,-0.00015948363280467759,0.023320658185652744,0.01979146809101272,0.028789220702139635,0.115627845689528,10,0.25,design,0.02,0.009732532946692641,0.00910395094800332,0.125,6
coral,erm,True,0.0025060352995565577,0.0,-0.00015948363280467759,0.023320658185652744,0.01979146809101272,0.028789220702139635,0.115627845689528,10,0.25,design,0.05,0.009732532946692641,0.00910395094800332,0.125,3
coral,erm,True,0.0025060352995565577,0.0,-0.00015948363280467759,0.023320658185652744,0.01979146809101272,0.028789220702139635,0.115627845689528,10,0.25,design,0.1,0.009732532946692641,0.00910395094800332,0.125,3
coral,erm,True,0.0025060352995565577,0.0,-0.00015948363280467759,0.023320658185652744,0.01979146809101272,0.028789220702139635,0.115627845689528,10,0.25,design,0.2,0.009732532946692641,0.00910395094800332,0.125,2
coral,erm,True,0.0025060352995565577,0.0,-0.00015948363280467759,0.023320658185652744,0.01979146809101272,0.028789220702139635,0.115627845689528,10,0.5,ratio,0.02,0.01051233706103773,0.00910395094800332,0.25,6
coral,erm,True,0.0025060352995565577,0.0,-0.00015948363280467759,0.023320658185652744,0.01979146809101272,0.028789220702139635,0.115627845689528,10,0.5,ratio,0.05,0.01051233706103773,0.00910395094800332,0.25,3
coral,erm,True,0.0025060352995565577,0.0,-0.00015948363280467759,0.023320658185652744,0.01979146809101272,0.028789220702139635,0.115627845689528,10,0.5,ratio,0.1,0.01051233706103773,0.00910395094800332,0.25,3
coral,erm,True,0.0025060352995565577,0.0,-0.00015948363280467759,0.023320658185652744,0.01979146809101272,0.028789220702139635,0.115627845689528,10,0.5,ratio,0.2,0.01051233706103773,0.00910395094800332,0.25,2
coral,erm,True,0.0025060352995565577,0.0,-0.00015948363280467759,0.023320658185652744,0.01979146809101272,0.028789220702139635,0.115627845689528,10,0.5,design,0.02,0.01051233706103773,0.00910395094800332,0.25,
coral,erm,True,0.0025060352995565577,0.0,-0.00015948363280467759,0.023320658185652744,0.01979146809101272,0.028789220702139635,0.115627845689528,10,0.5,design,0.05,0.01051233706103773,0.00910395094800332,0.25,3
coral,erm,True,0.0025060352995565577,0.0,-0.00015948363280467759,0.023320658185652744,0.01979146809101272,0.028789220702139635,0.115627845689528,10,0.5,design,0.1,0.01051233706103773,0.00910395094800332,0.25,3
coral,erm,True,0.0025060352995565577,0.0,-0.00015948363280467759,0.023320658185652744,0.01979146809101272,0.028789220702139635,0.115627845689528,10,0.5,design,0.2,0.01051233706103773,0.00910395094800332,0.25,2
fish,erm,True,0.060152004055684674,0.057443987530179166,0.0032998117033673797,0.03407891325064406,0.01979146809101272,0.039903125726421816,-0.029048590023525955,1,0.0,none,0.02,0.06994334240015991,0.06994334240015991,0.0,98
fish,erm,True,0.060152004055684674,0.057443987530179166,0.0032998117033673797,0.03407891325064406,0.01979146809101272,0.039903125726421816,-0.029048590023525955,1,0.0,none,0.05,0.06994334240015991,0.06994334240015991,0.0,18
fish,erm,True,0.060152004055684674,0.057443987530179166,0.0032998117033673797,0.03407891325064406,0.01979146809101272,0.039903125726421816,-0.029048590023525955,1,0.0,none,0.1,0.06994334240015991,0.06994334240015991,0.0,7
fish,erm,True,0.060152004055684674,0.057443987530179166,0.0032998117033673797,0.03407891325064406,0.01979146809101272,0.039903125726421816,-0.029048590023525955,1,0.0,none,0.2,0.06994334240015991,0.06994334240015991,0.0,4
fish,erm,True,0.060152004055684674,0.057443987530179166,0.0032998117033673797,0.03407891325064406,0.01979146809101272,0.039903125726421816,-0.029048590023525955,1,0.25,ratio,0.02,0.07477257821349068,0.06994334240015991,0.125,140
fish,erm,True,0.060152004055684674,0.057443987530179166,0.0032998117033673797,0.03407891325064406,0.01979146809101272,0.039903125726421816,-0.029048590023525955,1,0.25,ratio,0.05,0.07477257821349068,0.06994334240015991,0.125,24
fish,erm,True,0.060152004055684674,0.057443987530179166,0.0032998117033673797,0.03407891325064406,0.01979146809101272,0.039903125726421816,-0.029048590023525955,1,0.25,ratio,0.1,0.07477257821349068,0.06994334240015991,0.125,8
fish,erm,True,0.060152004055684674,0.057443987530179166,0.0032998117033673797,0.03407891325064406,0.01979146809101272,0.039903125726421816,-0.029048590023525955,1,0.25,ratio,0.2,0.07477257821349068,0.06994334240015991,0.125,4
fish,erm,True,0.060152004055684674,0.057443987530179166,0.0032998117033673797,0.03407891325064406,0.01979146809101272,0.039903125726421816,-0.029048590023525955,1,0.25,design,0.02,0.07477257821349068,0.06994334240015991,0.125,
fish,erm,True,0.060152004055684674,0.057443987530179166,0.0032998117033673797,0.03407891325064406,0.01979146809101272,0.039903125726421816,-0.029048590023525955,1,0.25,design,0.05,0.07477257821349068,0.06994334240015991,0.125,
fish,erm,True,0.060152004055684674,0.057443987530179166,0.0032998117033673797,0.03407891325064406,0.01979146809101272,0.039903125726421816,-0.029048590023525955,1,0.25,design,0.1,0.07477257821349068,0.06994334240015991,0.125,
fish,erm,True,0.060152004055684674,0.057443987530179166,0.0032998117033673797,0.03407891325064406,0.01979146809101272,0.039903125726421816,-0.029048590023525955,1,0.25,design,0.2,0.07477257821349068,0.06994334240015991,0.125,4
fish,erm,True,0.060152004055684674,0.057443987530179166,0.0032998117033673797,0.03407891325064406,0.01979146809101272,0.039903125726421816,-0.029048590023525955,1,0.5,ratio,0.02,0.08076361512550899,0.06994334240015991,0.25,194
fish,erm,True,0.060152004055684674,0.057443987530179166,0.0032998117033673797,0.03407891325064406,0.01979146809101272,0.039903125726421816,-0.029048590023525955,1,0.5,ratio,0.05,0.08076361512550899,0.06994334240015991,0.25,33
fish,erm,True,0.060152004055684674,0.057443987530179166,0.0032998117033673797,0.03407891325064406,0.01979146809101272,0.039903125726421816,-0.029048590023525955,1,0.5,ratio,0.1,0.08076361512550899,0.06994334240015991,0.25,10
fish,erm,True,0.060152004055684674,0.057443987530179166,0.0032998117033673797,0.03407891325064406,0.01979146809101272,0.039903125726421816,-0.029048590023525955,1,0.5,ratio,0.2,0.08076361512550899,0.06994334240015991,0.25,5
fish,erm,True,0.060152004055684674,0.057443987530179166,0.0032998117033673797,0.03407891325064406,0.01979146809101272,0.039903125726421816,-0.029048590023525955,1,0.5,design,0.02,0.08076361512550899,0.06994334240015991,0.25,
fish,erm,True,0.060152004055684674,0.057443987530179166,0.0032998117033673797,0.03407891325064406,0.01979146809101272,0.039903125726421816,-0.029048590023525955,1,0.5,design,0.05,0.08076361512550899,0.06994334240015991,0.25,
fish,erm,True,0.060152004055684674,0.057443987530179166,0.0032998117033673797,0.03407891325064406,0.01979146809101272,0.039903125726421816,-0.029048590023525955,1,0.5,design,0.1,0.08076361512550899,0.06994334240015991,0.25,
fish,erm,True,0.060152004055684674,0.057443987530179166,0.0032998117033673797,0.03407891325064406,0.01979146809101272,0.039903125726421816,-0.029048590023525955,1,0.5,design,0.2,0.08076361512550899,0.06994334240015991,0.25,7
fish,erm,True,0.060152004055684674,0.057443987530179166,0.0032998117033673797,0.03407891325064406,0.01979146809101272,0.039903125726421816,-0.029048590023525955,3,0.0,none,0.02,0.06189155718631518,0.06189155718631518,0.0,78
fish,erm,True,0.060152004055684674,0.057443987530179166,0.0032998117033673797,0.03407891325064406,0.01979146809101272,0.039903125726421816,-0.029048590023525955,3,0.0,none,0.05,0.06189155718631518,0.06189155718631518,0.0,15
fish,erm,True,0.060152004055684674,0.057443987530179166,0.0032998117033673797,0.03407891325064406,0.01979146809101272,0.039903125726421816,-0.029048590023525955,3,0.0,none,0.1,0.06189155718631518,0.06189155718631518,0.0,6
fish,erm,True,0.060152004055684674,0.057443987530179166,0.0032998117033673797,0.03407891325064406,0.01979146809101272,0.039903125726421816,-0.029048590023525955,3,0.0,none,0.2,0.06189155718631518,0.06189155718631518,0.0,4
fish,erm,True,0.060152004055684674,0.057443987530179166,0.0032998117033673797,0.03407891325064406,0.01979146809101272,0.039903125726421816,-0.029048590023525955,3,0.25,ratio,0.02,0.06616485775003371,0.06189155718631518,0.125,110
fish,erm,True,0.060152004055684674,0.057443987530179166,0.0032998117033673797,0.03407891325064406,0.01979146809101272,0.039903125726421816,-0.029048590023525955,3,0.25,ratio,0.05,0.06616485775003371,0.06189155718631518,0.125,20
fish,erm,True,0.060152004055684674,0.057443987530179166,0.0032998117033673797,0.03407891325064406,0.01979146809101272,0.039903125726421816,-0.029048590023525955,3,0.25,ratio,0.1,0.06616485775003371,0.06189155718631518,0.125,7
fish,erm,True,0.060152004055684674,0.057443987530179166,0.0032998117033673797,0.03407891325064406,0.01979146809101272,0.039903125726421816,-0.029048590023525955,3,0.25,ratio,0.2,0.06616485775003371,0.06189155718631518,0.125,4
fish,erm,True,0.060152004055684674,0.057443987530179166,0.0032998117033673797,0.03407891325064406,0.01979146809101272,0.039903125726421816,-0.029048590023525955,3,0.25,design,0.02,0.06616485775003371,0.06189155718631518,0.125,
fish,erm,True,0.060152004055684674,0.057443987530179166,0.0032998117033673797,0.03407891325064406,0.01979146809101272,0.039903125726421816,-0.029048590023525955,3,0.25,design,0.05,0.06616485775003371,0.06189155718631518,0.125,
fish,erm,True,0.060152004055684674,0.057443987530179166,0.0032998117033673797,0.03407891325064406,0.01979146809101272,0.039903125726421816,-0.029048590023525955,3,0.25,design,0.1,0.06616485775003371,0.06189155718631518,0.125,27
fish,erm,True,0.060152004055684674,0.057443987530179166,0.0032998117033673797,0.03407891325064406,0.01979146809101272,0.039903125726421816,-0.029048590023525955,3,0.25,design,0.2,0.06616485775003371,0.06189155718631518,0.125,4
fish,erm,True,0.060152004055684674,0.057443987530179166,0.0032998117033673797,0.03407891325064406,0.01979146809101272,0.039903125726421816,-0.029048590023525955,3,0.5,ratio,0.02,0.07146621440416838,0.06189155718631518,0.25,153
fish,erm,True,0.060152004055684674,0.057443987530179166,0.0032998117033673797,0.03407891325064406,0.01979146809101272,0.039903125726421816,-0.029048590023525955,3,0.5,ratio,0.05,0.07146621440416838,0.06189155718631518,0.25,27
fish,erm,True,0.060152004055684674,0.057443987530179166,0.0032998117033673797,0.03407891325064406,0.01979146809101272,0.039903125726421816,-0.029048590023525955,3,0.5,ratio,0.1,0.07146621440416838,0.06189155718631518,0.25,9
fish,erm,True,0.060152004055684674,0.057443987530179166,0.0032998117033673797,0.03407891325064406,0.01979146809101272,0.039903125726421816,-0.029048590023525955,3,0.5,ratio,0.2,0.07146621440416838,0.06189155718631518,0.25,4
fish,erm,True,0.060152004055684674,0.057443987530179166,0.0032998117033673797,0.03407891325064406,0.01979146809101272,0.039903125726421816,-0.029048590023525955,3,0.5,design,0.02,0.07146621440416838,0.06189155718631518,0.25,
fish,erm,True,0.060152004055684674,0.057443987530179166,0.0032998117033673797,0.03407891325064406,0.01979146809101272,0.039903125726421816,-0.029048590023525955,3,0.5,design,0.05,0.07146621440416838,0.06189155718631518,0.25,
fish,erm,True,0.060152004055684674,0.057443987530179166,0.0032998117033673797,0.03407891325064406,0.01979146809101272,0.039903125726421816,-0.029048590023525955,3,0.5,design,0.1,0.07146621440416838,0.06189155718631518,0.25,
fish,erm,True,0.060152004055684674,0.057443987530179166,0.0032998117033673797,0.03407891325064406,0.01979146809101272,0.039903125726421816,-0.029048590023525955,3,0.5,design,0.2,0.07146621440416838,0.06189155718631518,0.25,5
fish,erm,True,0.060152004055684674,0.057443987530179166,0.0032998117033673797,0.03407891325064406,0.01979146809101272,0.039903125726421816,-0.029048590023525955,5,0.0,none,0.02,0.060152004055684674,0.060152004055684674,0.0,73
fish,erm,True,0.060152004055684674,0.057443987530179166,0.0032998117033673797,0.03407891325064406,0.01979146809101272,0.039903125726421816,-0.029048590023525955,5,0.0,none,0.05,0.060152004055684674,0.060152004055684674,0.0,14
fish,erm,True,0.060152004055684674,0.057443987530179166,0.0032998117033673797,0.03407891325064406,0.01979146809101272,0.039903125726421816,-0.029048590023525955,5,0.0,none,0.1,0.060152004055684674,0.060152004055684674,0.0,6
fish,erm,True,0.060152004055684674,0.057443987530179166,0.0032998117033673797,0.03407891325064406,0.01979146809101272,0.039903125726421816,-0.029048590023525955,5,0.0,none,0.2,0.060152004055684674,0.060152004055684674,0.0,3
fish,erm,True,0.060152004055684674,0.057443987530179166,0.0032998117033673797,0.03407891325064406,0.01979146809101272,0.039903125726421816,-0.029048590023525955,5,0.25,ratio,0.02,0.0643051972297739,0.060152004055684674,0.125,104
fish,erm,True,0.060152004055684674,0.057443987530179166,0.0032998117033673797,0.03407891325064406,0.01979146809101272,0.039903125726421816,-0.029048590023525955,5,0.25,ratio,0.05,0.0643051972297739,0.060152004055684674,0.125,19
fish,erm,True,0.060152004055684674,0.057443987530179166,0.0032998117033673797,0.03407891325064406,0.01979146809101272,0.039903125726421816,-0.029048590023525955,5,0.25,ratio,0.1,0.0643051972297739,0.060152004055684674,0.125,7
fish,erm,True,0.060152004055684674,0.057443987530179166,0.0032998117033673797,0.03407891325064406,0.01979146809101272,0.039903125726421816,-0.029048590023525955,5,0.25,ratio,0.2,0.0643051972297739,0.060152004055684674,0.125,4
fish,erm,True,0.060152004055684674,0.057443987530179166,0.0032998117033673797,0.03407891325064406,0.01979146809101272,0.039903125726421816,-0.029048590023525955,5,0.25,design,0.02,0.0643051972297739,0.060152004055684674,0.125,
fish,erm,True,0.060152004055684674,0.057443987530179166,0.0032998117033673797,0.03407891325064406,0.01979146809101272,0.039903125726421816,-0.029048590023525955,5,0.25,design,0.05,0.0643051972297739,0.060152004055684674,0.125,
fish,erm,True,0.060152004055684674,0.057443987530179166,0.0032998117033673797,0.03407891325064406,0.01979146809101272,0.039903125726421816,-0.029048590023525955,5,0.25,design,0.1,0.0643051972297739,0.060152004055684674,0.125,20
fish,erm,True,0.060152004055684674,0.057443987530179166,0.0032998117033673797,0.03407891325064406,0.01979146809101272,0.039903125726421816,-0.029048590023525955,5,0.25,design,0.2,0.0643051972297739,0.060152004055684674,0.125,4
fish,erm,True,0.060152004055684674,0.057443987530179166,0.0032998117033673797,0.03407891325064406,0.01979146809101272,0.039903125726421816,-0.029048590023525955,5,0.5,ratio,0.02,0.06945755146769002,0.060152004055684674,0.25,144
fish,erm,True,0.060152004055684674,0.057443987530179166,0.0032998117033673797,0.03407891325064406,0.01979146809101272,0.039903125726421816,-0.029048590023525955,5,0.5,ratio,0.05,0.06945755146769002,0.060152004055684674,0.25,25
fish,erm,True,0.060152004055684674,0.057443987530179166,0.0032998117033673797,0.03407891325064406,0.01979146809101272,0.039903125726421816,-0.029048590023525955,5,0.5,ratio,0.1,0.06945755146769002,0.060152004055684674,0.25,8
fish,erm,True,0.060152004055684674,0.057443987530179166,0.0032998117033673797,0.03407891325064406,0.01979146809101272,0.039903125726421816,-0.029048590023525955,5,0.5,ratio,0.2,0.06945755146769002,0.060152004055684674,0.25,4
fish,erm,True,0.060152004055684674,0.057443987530179166,0.0032998117033673797,0.03407891325064406,0.01979146809101272,0.039903125726421816,-0.029048590023525955,5,0.5,design,0.02,0.06945755146769002,0.060152004055684674,0.25,
fish,erm,True,0.060152004055684674,0.057443987530179166,0.0032998117033673797,0.03407891325064406,0.01979146809101272,0.039903125726421816,-0.029048590023525955,5,0.5,design,0.05,0.06945755146769002,0.060152004055684674,0.25,
fish,erm,True,0.060152004055684674,0.057443987530179166,0.0032998117033673797,0.03407891325064406,0.01979146809101272,0.039903125726421816,-0.029048590023525955,5,0.5,design,0.1,0.06945755146769002,0.060152004055684674,0.25,
fish,erm,True,0.060152004055684674,0.057443987530179166,0.0032998117033673797,0.03407891325064406,0.01979146809101272,0.039903125726421816,-0.029048590023525955,5,0.5,design,0.2,0.06945755146769002,0.060152004055684674,0.25,5
fish,erm,True,0.060152004055684674,0.057443987530179166,0.0032998117033673797,0.03407891325064406,0.01979146809101272,0.039903125726421816,-0.029048590023525955,10,0.0,none,0.02,0.05881358387006561,0.05881358387006561,0.0,70
fish,erm,True,0.060152004055684674,0.057443987530179166,0.0032998117033673797,0.03407891325064406,0.01979146809101272,0.039903125726421816,-0.029048590023525955,10,0.0,none,0.05,0.05881358387006561,0.05881358387006561,0.0,13
fish,erm,True,0.060152004055684674,0.057443987530179166,0.0032998117033673797,0.03407891325064406,0.01979146809101272,0.039903125726421816,-0.029048590023525955,10,0.0,none,0.1,0.05881358387006561,0.05881358387006561,0.0,5
fish,erm,True,0.060152004055684674,0.057443987530179166,0.0032998117033673797,0.03407891325064406,0.01979146809101272,0.039903125726421816,-0.029048590023525955,10,0.0,none,0.2,0.05881358387006561,0.05881358387006561,0.0,3
fish,erm,True,0.060152004055684674,0.057443987530179166,0.0032998117033673797,0.03407891325064406,0.01979146809101272,0.039903125726421816,-0.029048590023525955,10,0.25,ratio,0.02,0.06287436586573707,0.05881358387006561,0.125,99
fish,erm,True,0.060152004055684674,0.057443987530179166,0.0032998117033673797,0.03407891325064406,0.01979146809101272,0.039903125726421816,-0.029048590023525955,10,0.25,ratio,0.05,0.06287436586573707,0.05881358387006561,0.125,18
fish,erm,True,0.060152004055684674,0.057443987530179166,0.0032998117033673797,0.03407891325064406,0.01979146809101272,0.039903125726421816,-0.029048590023525955,10,0.25,ratio,0.1,0.06287436586573707,0.05881358387006561,0.125,7
fish,erm,True,0.060152004055684674,0.057443987530179166,0.0032998117033673797,0.03407891325064406,0.01979146809101272,0.039903125726421816,-0.029048590023525955,10,0.25,ratio,0.2,0.06287436586573707,0.05881358387006561,0.125,4
fish,erm,True,0.060152004055684674,0.057443987530179166,0.0032998117033673797,0.03407891325064406,0.01979146809101272,0.039903125726421816,-0.029048590023525955,10,0.25,design,0.02,0.06287436586573707,0.05881358387006561,0.125,
fish,erm,True,0.060152004055684674,0.057443987530179166,0.0032998117033673797,0.03407891325064406,0.01979146809101272,0.039903125726421816,-0.029048590023525955,10,0.25,design,0.05,0.06287436586573707,0.05881358387006561,0.125,
fish,erm,True,0.060152004055684674,0.057443987530179166,0.0032998117033673797,0.03407891325064406,0.01979146809101272,0.039903125726421816,-0.029048590023525955,10,0.25,design,0.1,0.06287436586573707,0.05881358387006561,0.125,16
fish,erm,True,0.060152004055684674,0.057443987530179166,0.0032998117033673797,0.03407891325064406,0.01979146809101272,0.039903125726421816,-0.029048590023525955,10,0.25,design,0.2,0.06287436586573707,0.05881358387006561,0.125,4
fish,erm,True,0.060152004055684674,0.057443987530179166,0.0032998117033673797,0.03407891325064406,0.01979146809101272,0.039903125726421816,-0.029048590023525955,10,0.5,ratio,0.02,0.06791207695877803,0.05881358387006561,0.25,138
fish,erm,True,0.060152004055684674,0.057443987530179166,0.0032998117033673797,0.03407891325064406,0.01979146809101272,0.039903125726421816,-0.029048590023525955,10,0.5,ratio,0.05,0.06791207695877803,0.05881358387006561,0.25,24
fish,erm,True,0.060152004055684674,0.057443987530179166,0.0032998117033673797,0.03407891325064406,0.01979146809101272,0.039903125726421816,-0.029048590023525955,10,0.5,ratio,0.1,0.06791207695877803,0.05881358387006561,0.25,8
fish,erm,True,0.060152004055684674,0.057443987530179166,0.0032998117033673797,0.03407891325064406,0.01979146809101272,0.039903125726421816,-0.029048590023525955,10,0.5,ratio,0.2,0.06791207695877803,0.05881358387006561,0.25,4
fish,erm,True,0.060152004055684674,0.057443987530179166,0.0032998117033673797,0.03407891325064406,0.01979146809101272,0.039903125726421816,-0.029048590023525955,10,0.5,design,0.02,0.06791207695877803,0.05881358387006561,0.25,
fish,erm,True,0.060152004055684674,0.057443987530179166,0.0032998117033673797,0.03407891325064406,0.01979146809101272,0.039903125726421816,-0.029048590023525955,10,0.5,design,0.05,0.06791207695877803,0.05881358387006561,0.25,
fish,erm,True,0.060152004055684674,0.057443987530179166,0.0032998117033673797,0.03407891325064406,0.01979146809101272,0.039903125726421816,-0.029048590023525955,10,0.5,design,0.1,0.06791207695877803,0.05881358387006561,0.25,
fish,erm,True,0.060152004055684674,0.057443987530179166,0.0032998117033673797,0.03407891325064406,0.01979146809101272,0.039903125726421816,-0.029048590023525955,10,0.5,design,0.2,0.06791207695877803,0.05881358387006561,0.25,5
groupdro,erm,True,0.009747744390814585,0.005022383306407991,2.522433407648566e-05,0.014129771830022725,0.01979146809101272,0.018680763719956892,0.4333678828530542,1,0.0,none,0.02,0.019344127461256643,0.019344127461256643,0.0,10
groupdro,erm,True,0.009747744390814585,0.005022383306407991,2.522433407648566e-05,0.014129771830022725,0.01979146809101272,0.018680763719956892,0.4333678828530542,1,0.0,none,0.05,0.019344127461256643,0.019344127461256643,0.0,4
groupdro,erm,True,0.009747744390814585,0.005022383306407991,2.522433407648566e-05,0.014129771830022725,0.01979146809101272,0.018680763719956892,0.4333678828530542,1,0.0,none,0.1,0.019344127461256643,0.019344127461256643,0.0,3
groupdro,erm,True,0.009747744390814585,0.005022383306407991,2.522433407648566e-05,0.014129771830022725,0.01979146809101272,0.018680763719956892,0.4333678828530542,1,0.0,none,0.2,0.019344127461256643,0.019344127461256643,0.0,3
groupdro,erm,True,0.009747744390814585,0.005022383306407991,2.522433407648566e-05,0.014129771830022725,0.01979146809101272,0.018680763719956892,0.4333678828530542,1,0.25,ratio,0.02,0.020679742116030735,0.019344127461256643,0.125,13
groupdro,erm,True,0.009747744390814585,0.005022383306407991,2.522433407648566e-05,0.014129771830022725,0.01979146809101272,0.018680763719956892,0.4333678828530542,1,0.25,ratio,0.05,0.020679742116030735,0.019344127461256643,0.125,4
groupdro,erm,True,0.009747744390814585,0.005022383306407991,2.522433407648566e-05,0.014129771830022725,0.01979146809101272,0.018680763719956892,0.4333678828530542,1,0.25,ratio,0.1,0.020679742116030735,0.019344127461256643,0.125,3
groupdro,erm,True,0.009747744390814585,0.005022383306407991,2.522433407648566e-05,0.014129771830022725,0.01979146809101272,0.018680763719956892,0.4333678828530542,1,0.25,ratio,0.2,0.020679742116030735,0.019344127461256643,0.125,3
groupdro,erm,True,0.009747744390814585,0.005022383306407991,2.522433407648566e-05,0.014129771830022725,0.01979146809101272,0.018680763719956892,0.4333678828530542,1,0.25,design,0.02,0.020679742116030735,0.019344127461256643,0.125,
groupdro,erm,True,0.009747744390814585,0.005022383306407991,2.522433407648566e-05,0.014129771830022725,0.01979146809101272,0.018680763719956892,0.4333678828530542,1,0.25,design,0.05,0.020679742116030735,0.019344127461256643,0.125,5
groupdro,erm,True,0.009747744390814585,0.005022383306407991,2.522433407648566e-05,0.014129771830022725,0.01979146809101272,0.018680763719956892,0.4333678828530542,1,0.25,design,0.1,0.020679742116030735,0.019344127461256643,0.125,3
groupdro,erm,True,0.009747744390814585,0.005022383306407991,2.522433407648566e-05,0.014129771830022725,0.01979146809101272,0.018680763719956892,0.4333678828530542,1,0.25,design,0.2,0.020679742116030735,0.019344127461256643,0.125,3
groupdro,erm,True,0.009747744390814585,0.005022383306407991,2.522433407648566e-05,0.014129771830022725,0.01979146809101272,0.018680763719956892,0.4333678828530542,1,0.5,ratio,0.02,0.02233667439398991,0.019344127461256643,0.25,17
groupdro,erm,True,0.009747744390814585,0.005022383306407991,2.522433407648566e-05,0.014129771830022725,0.01979146809101272,0.018680763719956892,0.4333678828530542,1,0.5,ratio,0.05,0.02233667439398991,0.019344127461256643,0.25,5
groupdro,erm,True,0.009747744390814585,0.005022383306407991,2.522433407648566e-05,0.014129771830022725,0.01979146809101272,0.018680763719956892,0.4333678828530542,1,0.5,ratio,0.1,0.02233667439398991,0.019344127461256643,0.25,3
groupdro,erm,True,0.009747744390814585,0.005022383306407991,2.522433407648566e-05,0.014129771830022725,0.01979146809101272,0.018680763719956892,0.4333678828530542,1,0.5,ratio,0.2,0.02233667439398991,0.019344127461256643,0.25,3
groupdro,erm,True,0.009747744390814585,0.005022383306407991,2.522433407648566e-05,0.014129771830022725,0.01979146809101272,0.018680763719956892,0.4333678828530542,1,0.5,design,0.02,0.02233667439398991,0.019344127461256643,0.25,
groupdro,erm,True,0.009747744390814585,0.005022383306407991,2.522433407648566e-05,0.014129771830022725,0.01979146809101272,0.018680763719956892,0.4333678828530542,1,0.5,design,0.05,0.02233667439398991,0.019344127461256643,0.25,10
groupdro,erm,True,0.009747744390814585,0.005022383306407991,2.522433407648566e-05,0.014129771830022725,0.01979146809101272,0.018680763719956892,0.4333678828530542,1,0.5,design,0.1,0.02233667439398991,0.019344127461256643,0.25,3
groupdro,erm,True,0.009747744390814585,0.005022383306407991,2.522433407648566e-05,0.014129771830022725,0.01979146809101272,0.018680763719956892,0.4333678828530542,1,0.5,design,0.2,0.02233667439398991,0.019344127461256643,0.25,3
groupdro,erm,True,0.009747744390814585,0.005022383306407991,2.522433407648566e-05,0.014129771830022725,0.01979146809101272,0.018680763719956892,0.4333678828530542,3,0.0,none,0.02,0.011897393767688712,0.011897393767688712,0.0,6
groupdro,erm,True,0.009747744390814585,0.005022383306407991,2.522433407648566e-05,0.014129771830022725,0.01979146809101272,0.018680763719956892,0.4333678828530542,3,0.0,none,0.05,0.011897393767688712,0.011897393767688712,0.0,3
groupdro,erm,True,0.009747744390814585,0.005022383306407991,2.522433407648566e-05,0.014129771830022725,0.01979146809101272,0.018680763719956892,0.4333678828530542,3,0.0,none,0.1,0.011897393767688712,0.011897393767688712,0.0,3
groupdro,erm,True,0.009747744390814585,0.005022383306407991,2.522433407648566e-05,0.014129771830022725,0.01979146809101272,0.018680763719956892,0.4333678828530542,3,0.0,none,0.2,0.011897393767688712,0.011897393767688712,0.0,2
groupdro,erm,True,0.009747744390814585,0.005022383306407991,2.522433407648566e-05,0.014129771830022725,0.01979146809101272,0.018680763719956892,0.4333678828530542,3,0.25,ratio,0.02,0.012718848935494492,0.011897393767688712,0.125,7
groupdro,erm,True,0.009747744390814585,0.005022383306407991,2.522433407648566e-05,0.014129771830022725,0.01979146809101272,0.018680763719956892,0.4333678828530542,3,0.25,ratio,0.05,0.012718848935494492,0.011897393767688712,0.125,3
groupdro,erm,True,0.009747744390814585,0.005022383306407991,2.522433407648566e-05,0.014129771830022725,0.01979146809101272,0.018680763719956892,0.4333678828530542,3,0.25,ratio,0.1,0.012718848935494492,0.011897393767688712,0.125,3
groupdro,erm,True,0.009747744390814585,0.005022383306407991,2.522433407648566e-05,0.014129771830022725,0.01979146809101272,0.018680763719956892,0.4333678828530542,3,0.25,ratio,0.2,0.012718848935494492,0.011897393767688712,0.125,2
groupdro,erm,True,0.009747744390814585,0.005022383306407991,2.522433407648566e-05,0.014129771830022725,0.01979146809101272,0.018680763719956892,0.4333678828530542,3,0.25,design,0.02,0.012718848935494492,0.011897393767688712,0.125,18
groupdro,erm,True,0.009747744390814585,0.005022383306407991,2.522433407648566e-05,0.014129771830022725,0.01979146809101272,0.018680763719956892,0.4333678828530542,3,0.25,design,0.05,0.012718848935494492,0.011897393767688712,0.125,3
groupdro,erm,True,0.009747744390814585,0.005022383306407991,2.522433407648566e-05,0.014129771830022725,0.01979146809101272,0.018680763719956892,0.4333678828530542,3,0.25,design,0.1,0.012718848935494492,0.011897393767688712,0.125,3
groupdro,erm,True,0.009747744390814585,0.005022383306407991,2.522433407648566e-05,0.014129771830022725,0.01979146809101272,0.018680763719956892,0.4333678828530542,3,0.25,design,0.2,0.012718848935494492,0.011897393767688712,0.125,2
groupdro,erm,True,0.009747744390814585,0.005022383306407991,2.522433407648566e-05,0.014129771830022725,0.01979146809101272,0.018680763719956892,0.4333678828530542,3,0.5,ratio,0.02,0.013737926988860108,0.011897393767688712,0.25,8
groupdro,erm,True,0.009747744390814585,0.005022383306407991,2.522433407648566e-05,0.014129771830022725,0.01979146809101272,0.018680763719956892,0.4333678828530542,3,0.5,ratio,0.05,0.013737926988860108,0.011897393767688712,0.25,4
groupdro,erm,True,0.009747744390814585,0.005022383306407991,2.522433407648566e-05,0.014129771830022725,0.01979146809101272,0.018680763719956892,0.4333678828530542,3,0.5,ratio,0.1,0.013737926988860108,0.011897393767688712,0.25,3
groupdro,erm,True,0.009747744390814585,0.005022383306407991,2.522433407648566e-05,0.014129771830022725,0.01979146809101272,0.018680763719956892,0.4333678828530542,3,0.5,ratio,0.2,0.013737926988860108,0.011897393767688712,0.25,2
groupdro,erm,True,0.009747744390814585,0.005022383306407991,2.522433407648566e-05,0.014129771830022725,0.01979146809101272,0.018680763719956892,0.4333678828530542,3,0.5,design,0.02,0.013737926988860108,0.011897393767688712,0.25,
groupdro,erm,True,0.009747744390814585,0.005022383306407991,2.522433407648566e-05,0.014129771830022725,0.01979146809101272,0.018680763719956892,0.4333678828530542,3,0.5,design,0.05,0.013737926988860108,0.011897393767688712,0.25,4
groupdro,erm,True,0.009747744390814585,0.005022383306407991,2.522433407648566e-05,0.014129771830022725,0.01979146809101272,0.018680763719956892,0.4333678828530542,3,0.5,design,0.1,0.013737926988860108,0.011897393767688712,0.25,3
groupdro,erm,True,0.009747744390814585,0.005022383306407991,2.522433407648566e-05,0.014129771830022725,0.01979146809101272,0.018680763719956892,0.4333678828530542,3,0.5,design,0.2,0.013737926988860108,0.011897393767688712,0.25,2
groupdro,erm,True,0.009747744390814585,0.005022383306407991,2.522433407648566e-05,0.014129771830022725,0.01979146809101272,0.018680763719956892,0.4333678828530542,5,0.0,none,0.02,0.009747744390814585,0.009747744390814585,0.0,5
groupdro,erm,True,0.009747744390814585,0.005022383306407991,2.522433407648566e-05,0.014129771830022725,0.01979146809101272,0.018680763719956892,0.4333678828530542,5,0.0,none,0.05,0.009747744390814585,0.009747744390814585,0.0,3
groupdro,erm,True,0.009747744390814585,0.005022383306407991,2.522433407648566e-05,0.014129771830022725,0.01979146809101272,0.018680763719956892,0.4333678828530542,5,0.0,none,0.1,0.009747744390814585,0.009747744390814585,0.0,3
groupdro,erm,True,0.009747744390814585,0.005022383306407991,2.522433407648566e-05,0.014129771830022725,0.01979146809101272,0.018680763719956892,0.4333678828530542,5,0.0,none,0.2,0.009747744390814585,0.009747744390814585,0.0,2
groupdro,erm,True,0.009747744390814585,0.005022383306407991,2.522433407648566e-05,0.014129771830022725,0.01979146809101272,0.018680763719956892,0.4333678828530542,5,0.25,ratio,0.02,0.010420777086935899,0.009747744390814585,0.125,5
groupdro,erm,True,0.009747744390814585,0.005022383306407991,2.522433407648566e-05,0.014129771830022725,0.01979146809101272,0.018680763719956892,0.4333678828530542,5,0.25,ratio,0.05,0.010420777086935899,0.009747744390814585,0.125,3
groupdro,erm,True,0.009747744390814585,0.005022383306407991,2.522433407648566e-05,0.014129771830022725,0.01979146809101272,0.018680763719956892,0.4333678828530542,5,0.25,ratio,0.1,0.010420777086935899,0.009747744390814585,0.125,3
groupdro,erm,True,0.009747744390814585,0.005022383306407991,2.522433407648566e-05,0.014129771830022725,0.01979146809101272,0.018680763719956892,0.4333678828530542,5,0.25,ratio,0.2,0.010420777086935899,0.009747744390814585,0.125,2
groupdro,erm,True,0.009747744390814585,0.005022383306407991,2.522433407648566e-05,0.014129771830022725,0.01979146809101272,0.018680763719956892,0.4333678828530542,5,0.25,design,0.02,0.010420777086935899,0.009747744390814585,0.125,7
groupdro,erm,True,0.009747744390814585,0.005022383306407991,2.522433407648566e-05,0.014129771830022725,0.01979146809101272,0.018680763719956892,0.4333678828530542,5,0.25,design,0.05,0.010420777086935899,0.009747744390814585,0.125,3
groupdro,erm,True,0.009747744390814585,0.005022383306407991,2.522433407648566e-05,0.014129771830022725,0.01979146809101272,0.018680763719956892,0.4333678828530542,5,0.25,design,0.1,0.010420777086935899,0.009747744390814585,0.125,3
groupdro,erm,True,0.009747744390814585,0.005022383306407991,2.522433407648566e-05,0.014129771830022725,0.01979146809101272,0.018680763719956892,0.4333678828530542,5,0.25,design,0.2,0.010420777086935899,0.009747744390814585,0.125,2
groupdro,erm,True,0.009747744390814585,0.005022383306407991,2.522433407648566e-05,0.014129771830022725,0.01979146809101272,0.018680763719956892,0.4333678828530542,5,0.5,ratio,0.02,0.01125572569605693,0.009747744390814585,0.25,6
groupdro,erm,True,0.009747744390814585,0.005022383306407991,2.522433407648566e-05,0.014129771830022725,0.01979146809101272,0.018680763719956892,0.4333678828530542,5,0.5,ratio,0.05,0.01125572569605693,0.009747744390814585,0.25,3
groupdro,erm,True,0.009747744390814585,0.005022383306407991,2.522433407648566e-05,0.014129771830022725,0.01979146809101272,0.018680763719956892,0.4333678828530542,5,0.5,ratio,0.1,0.01125572569605693,0.009747744390814585,0.25,3
groupdro,erm,True,0.009747744390814585,0.005022383306407991,2.522433407648566e-05,0.014129771830022725,0.01979146809101272,0.018680763719956892,0.4333678828530542,5,0.5,ratio,0.2,0.01125572569605693,0.009747744390814585,0.25,2
groupdro,erm,True,0.009747744390814585,0.005022383306407991,2.522433407648566e-05,0.014129771830022725,0.01979146809101272,0.018680763719956892,0.4333678828530542,5,0.5,design,0.02,0.01125572569605693,0.009747744390814585,0.25,
groupdro,erm,True,0.009747744390814585,0.005022383306407991,2.522433407648566e-05,0.014129771830022725,0.01979146809101272,0.018680763719956892,0.4333678828530542,5,0.5,design,0.05,0.01125572569605693,0.009747744390814585,0.25,3
groupdro,erm,True,0.009747744390814585,0.005022383306407991,2.522433407648566e-05,0.014129771830022725,0.01979146809101272,0.018680763719956892,0.4333678828530542,5,0.5,design,0.1,0.01125572569605693,0.009747744390814585,0.25,3
groupdro,erm,True,0.009747744390814585,0.005022383306407991,2.522433407648566e-05,0.014129771830022725,0.01979146809101272,0.018680763719956892,0.4333678828530542,5,0.5,design,0.2,0.01125572569605693,0.009747744390814585,0.25,2
groupdro,erm,True,0.009747744390814585,0.005022383306407991,2.522433407648566e-05,0.014129771830022725,0.01979146809101272,0.018680763719956892,0.4333678828530542,10,0.0,none,0.02,0.007753800835240187,0.007753800835240187,0.0,4
groupdro,erm,True,0.009747744390814585,0.005022383306407991,2.522433407648566e-05,0.014129771830022725,0.01979146809101272,0.018680763719956892,0.4333678828530542,10,0.0,none,0.05,0.007753800835240187,0.007753800835240187,0.0,3
groupdro,erm,True,0.009747744390814585,0.005022383306407991,2.522433407648566e-05,0.014129771830022725,0.01979146809101272,0.018680763719956892,0.4333678828530542,10,0.0,none,0.1,0.007753800835240187,0.007753800835240187,0.0,2
groupdro,erm,True,0.009747744390814585,0.005022383306407991,2.522433407648566e-05,0.014129771830022725,0.01979146809101272,0.018680763719956892,0.4333678828530542,10,0.0,none,0.2,0.007753800835240187,0.007753800835240187,0.0,2
groupdro,erm,True,0.009747744390814585,0.005022383306407991,2.522433407648566e-05,0.014129771830022725,0.01979146809101272,0.018680763719956892,0.4333678828530542,10,0.25,ratio,0.02,0.008289161763071543,0.007753800835240187,0.125,4
groupdro,erm,True,0.009747744390814585,0.005022383306407991,2.522433407648566e-05,0.014129771830022725,0.01979146809101272,0.018680763719956892,0.4333678828530542,10,0.25,ratio,0.05,0.008289161763071543,0.007753800835240187,0.125,3
groupdro,erm,True,0.009747744390814585,0.005022383306407991,2.522433407648566e-05,0.014129771830022725,0.01979146809101272,0.018680763719956892,0.4333678828530542,10,0.25,ratio,0.1,0.008289161763071543,0.007753800835240187,0.125,3
groupdro,erm,True,0.009747744390814585,0.005022383306407991,2.522433407648566e-05,0.014129771830022725,0.01979146809101272,0.018680763719956892,0.4333678828530542,10,0.25,ratio,0.2,0.008289161763071543,0.007753800835240187,0.125,2
groupdro,erm,True,0.009747744390814585,0.005022383306407991,2.522433407648566e-05,0.014129771830022725,0.01979146809101272,0.018680763719956892,0.4333678828530542,10,0.25,design,0.02,0.008289161763071543,0.007753800835240187,0.125,5
groupdro,erm,True,0.009747744390814585,0.005022383306407991,2.522433407648566e-05,0.014129771830022725,0.01979146809101272,0.018680763719956892,0.4333678828530542,10,0.25,design,0.05,0.008289161763071543,0.007753800835240187,0.125,3
groupdro,erm,True,0.009747744390814585,0.005022383306407991,2.522433407648566e-05,0.014129771830022725,0.01979146809101272,0.018680763719956892,0.4333678828530542,10,0.25,design,0.1,0.008289161763071543,0.007753800835240187,0.125,2
groupdro,erm,True,0.009747744390814585,0.005022383306407991,2.522433407648566e-05,0.014129771830022725,0.01979146809101272,0.018680763719956892,0.4333678828530542,10,0.25,design,0.2,0.008289161763071543,0.007753800835240187,0.125,2
groupdro,erm,True,0.009747744390814585,0.005022383306407991,2.522433407648566e-05,0.014129771830022725,0.01979146809101272,0.018680763719956892,0.4333678828530542,10,0.5,ratio,0.02,0.008953317998937334,0.007753800835240187,0.25,5
groupdro,erm,True,0.009747744390814585,0.005022383306407991,2.522433407648566e-05,0.014129771830022725,0.01979146809101272,0.018680763719956892,0.4333678828530542,10,0.5,ratio,0.05,0.008953317998937334,0.007753800835240187,0.25,3
groupdro,erm,True,0.009747744390814585,0.005022383306407991,2.522433407648566e-05,0.014129771830022725,0.01979146809101272,0.018680763719956892,0.4333678828530542,10,0.5,ratio,0.1,0.008953317998937334,0.007753800835240187,0.25,3
groupdro,erm,True,0.009747744390814585,0.005022383306407991,2.522433407648566e-05,0.014129771830022725,0.01979146809101272,0.018680763719956892,0.4333678828530542,10,0.5,ratio,0.2,0.008953317998937334,0.007753800835240187,0.25,2
groupdro,erm,True,0.009747744390814585,0.005022383306407991,2.522433407648566e-05,0.014129771830022725,0.01979146809101272,0.018680763719956892,0.4333678828530542,10,0.5,design,0.02,0.008953317998937334,0.007753800835240187,0.25,10
groupdro,erm,True,0.009747744390814585,0.005022383306407991,2.522433407648566e-05,0.014129771830022725,0.01979146809101272,0.018680763719956892,0.4333678828530542,10,0.5,design,0.05,0.008953317998937334,0.007753800835240187,0.25,3
groupdro,erm,True,0.009747744390814585,0.005022383306407991,2.522433407648566e-05,0.014129771830022725,0.01979146809101272,0.018680763719956892,0.4333678828530542,10,0.5,design,0.1,0.008953317998937334,0.007753800835240187,0.25,3
groupdro,erm,True,0.009747744390814585,0.005022383306407991,2.522433407648566e-05,0.014129771830022725,0.01979146809101272,0.018680763719956892,0.4333678828530542,10,0.5,design,0.2,0.008953317998937334,0.007753800835240187,0.25,2
he_jitter,erm,True,0.03520777745773154,0.0343986149417053,0.0011832647099077108,0.006036628896586775,0.01979146809101272,0.0167813711605218,0.61322542329433,1,0.0,none,0.02,0.03827373940360288,0.03827373940360288,0.0,31
he_jitter,erm,True,0.03520777745773154,0.0343986149417053,0.0011832647099077108,0.006036628896586775,0.01979146809101272,0.0167813711605218,0.61322542329433,1,0.0,none,0.05,0.03827373940360288,0.03827373940360288,0.0,7
he_jitter,erm,True,0.03520777745773154,0.0343986149417053,0.0011832647099077108,0.006036628896586775,0.01979146809101272,0.0167813711605218,0.61322542329433,1,0.0,none,0.1,0.03827373940360288,0.03827373940360288,0.0,4
he_jitter,erm,True,0.03520777745773154,0.0343986149417053,0.0011832647099077108,0.006036628896586775,0.01979146809101272,0.0167813711605218,0.61322542329433,1,0.0,none,0.2,0.03827373940360288,0.03827373940360288,0.0,3
he_jitter,erm,True,0.03520777745773154,0.0343986149417053,0.0011832647099077108,0.006036628896586775,0.01979146809101272,0.0167813711605218,0.61322542329433,1,0.25,ratio,0.02,0.0409163485025576,0.03827373940360288,0.125,44
he_jitter,erm,True,0.03520777745773154,0.0343986149417053,0.0011832647099077108,0.006036628896586775,0.01979146809101272,0.0167813711605218,0.61322542329433,1,0.25,ratio,0.05,0.0409163485025576,0.03827373940360288,0.125,9
he_jitter,erm,True,0.03520777745773154,0.0343986149417053,0.0011832647099077108,0.006036628896586775,0.01979146809101272,0.0167813711605218,0.61322542329433,1,0.25,ratio,0.1,0.0409163485025576,0.03827373940360288,0.125,4
he_jitter,erm,True,0.03520777745773154,0.0343986149417053,0.0011832647099077108,0.006036628896586775,0.01979146809101272,0.0167813711605218,0.61322542329433,1,0.25,ratio,0.2,0.0409163485025576,0.03827373940360288,0.125,3
he_jitter,erm,True,0.03520777745773154,0.0343986149417053,0.0011832647099077108,0.006036628896586775,0.01979146809101272,0.0167813711605218,0.61322542329433,1,0.25,design,0.02,0.0409163485025576,0.03827373940360288,0.125,
he_jitter,erm,True,0.03520777745773154,0.0343986149417053,0.0011832647099077108,0.006036628896586775,0.01979146809101272,0.0167813711605218,0.61322542329433,1,0.25,design,0.05,0.0409163485025576,0.03827373940360288,0.125,
he_jitter,erm,True,0.03520777745773154,0.0343986149417053,0.0011832647099077108,0.006036628896586775,0.01979146809101272,0.0167813711605218,0.61322542329433,1,0.25,design,0.1,0.0409163485025576,0.03827373940360288,0.125,5
he_jitter,erm,True,0.03520777745773154,0.0343986149417053,0.0011832647099077108,0.006036628896586775,0.01979146809101272,0.0167813711605218,0.61322542329433,1,0.25,design,0.2,0.0409163485025576,0.03827373940360288,0.125,3
he_jitter,erm,True,0.03520777745773154,0.0343986149417053,0.0011832647099077108,0.006036628896586775,0.01979146809101272,0.0167813711605218,0.61322542329433,1,0.5,ratio,0.02,0.044194707495127425,0.03827373940360288,0.25,60
he_jitter,erm,True,0.03520777745773154,0.0343986149417053,0.0011832647099077108,0.006036628896586775,0.01979146809101272,0.0167813711605218,0.61322542329433,1,0.5,ratio,0.05,0.044194707495127425,0.03827373940360288,0.25,12
he_jitter,erm,True,0.03520777745773154,0.0343986149417053,0.0011832647099077108,0.006036628896586775,0.01979146809101272,0.0167813711605218,0.61322542329433,1,0.5,ratio,0.1,0.044194707495127425,0.03827373940360288,0.25,5
he_jitter,erm,True,0.03520777745773154,0.0343986149417053,0.0011832647099077108,0.006036628896586775,0.01979146809101272,0.0167813711605218,0.61322542329433,1,0.5,ratio,0.2,0.044194707495127425,0.03827373940360288,0.25,3
he_jitter,erm,True,0.03520777745773154,0.0343986149417053,0.0011832647099077108,0.006036628896586775,0.01979146809101272,0.0167813711605218,0.61322542329433,1,0.5,design,0.02,0.044194707495127425,0.03827373940360288,0.25,
he_jitter,erm,True,0.03520777745773154,0.0343986149417053,0.0011832647099077108,0.006036628896586775,0.01979146809101272,0.0167813711605218,0.61322542329433,1,0.5,design,0.05,0.044194707495127425,0.03827373940360288,0.25,
he_jitter,erm,True,0.03520777745773154,0.0343986149417053,0.0011832647099077108,0.006036628896586775,0.01979146809101272,0.0167813711605218,0.61322542329433,1,0.5,design,0.1,0.044194707495127425,0.03827373940360288,0.25,10
he_jitter,erm,True,0.03520777745773154,0.0343986149417053,0.0011832647099077108,0.006036628896586775,0.01979146809101272,0.0167813711605218,0.61322542329433,1,0.5,design,0.2,0.044194707495127425,0.03827373940360288,0.25,3
he_jitter,erm,True,0.03520777745773154,0.0343986149417053,0.0011832647099077108,0.006036628896586775,0.01979146809101272,0.0167813711605218,0.61322542329433,3,0.0,none,0.02,0.03573704216332742,0.03573704216332742,0.0,28
he_jitter,erm,True,0.03520777745773154,0.0343986149417053,0.0011832647099077108,0.006036628896586775,0.01979146809101272,0.0167813711605218,0.61322542329433,3,0.0,none,0.05,0.03573704216332742,0.03573704216332742,0.0,7
he_jitter,erm,True,0.03520777745773154,0.0343986149417053,0.0011832647099077108,0.006036628896586775,0.01979146809101272,0.0167813711605218,0.61322542329433,3,0.0,none,0.1,0.03573704216332742,0.03573704216332742,0.0,4
he_jitter,erm,True,0.03520777745773154,0.0343986149417053,0.0011832647099077108,0.006036628896586775,0.01979146809101272,0.0167813711605218,0.61322542329433,3,0.0,none,0.2,0.03573704216332742,0.03573704216332742,0.0,3
he_jitter,erm,True,0.03520777745773154,0.0343986149417053,0.0011832647099077108,0.006036628896586775,0.01979146809101272,0.0167813711605218,0.61322542329433,3,0.25,ratio,0.02,0.03820450508339024,0.03573704216332742,0.125,38
he_jitter,erm,True,0.03520777745773154,0.0343986149417053,0.0011832647099077108,0.006036628896586775,0.01979146809101272,0.0167813711605218,0.61322542329433,3,0.25,ratio,0.05,0.03820450508339024,0.03573704216332742,0.125,8
he_jitter,erm,True,0.03520777745773154,0.0343986149417053,0.0011832647099077108,0.006036628896586775,0.01979146809101272,0.0167813711605218,0.61322542329433,3,0.25,ratio,0.1,0.03820450508339024,0.03573704216332742,0.125,4
he_jitter,erm,True,0.03520777745773154,0.0343986149417053,0.0011832647099077108,0.006036628896586775,0.01979146809101272,0.0167813711605218,0.61322542329433,3,0.25,ratio,0.2,0.03820450508339024,0.03573704216332742,0.125,3
he_jitter,erm,True,0.03520777745773154,0.0343986149417053,0.0011832647099077108,0.006036628896586775,0.01979146809101272,0.0167813711605218,0.61322542329433,3,0.25,design,0.02,0.03820450508339024,0.03573704216332742,0.125,
he_jitter,erm,True,0.03520777745773154,0.0343986149417053,0.0011832647099077108,0.006036628896586775,0.01979146809101272,0.0167813711605218,0.61322542329433,3,0.25,design,0.05,0.03820450508339024,0.03573704216332742,0.125,
he_jitter,erm,True,0.03520777745773154,0.0343986149417053,0.0011832647099077108,0.006036628896586775,0.01979146809101272,0.0167813711605218,0.61322542329433,3,0.25,design,0.1,0.03820450508339024,0.03573704216332742,0.125,4
he_jitter,erm,True,0.03520777745773154,0.0343986149417053,0.0011832647099077108,0.006036628896586775,0.01979146809101272,0.0167813711605218,0.61322542329433,3,0.25,design,0.2,0.03820450508339024,0.03573704216332742,0.125,3
he_jitter,erm,True,0.03520777745773154,0.0343986149417053,0.0011832647099077108,0.006036628896586775,0.01979146809101272,0.0167813711605218,0.61322542329433,3,0.5,ratio,0.02,0.04126558182607618,0.03573704216332742,0.25,53
he_jitter,erm,True,0.03520777745773154,0.0343986149417053,0.0011832647099077108,0.006036628896586775,0.01979146809101272,0.0167813711605218,0.61322542329433,3,0.5,ratio,0.05,0.04126558182607618,0.03573704216332742,0.25,11
he_jitter,erm,True,0.03520777745773154,0.0343986149417053,0.0011832647099077108,0.006036628896586775,0.01979146809101272,0.0167813711605218,0.61322542329433,3,0.5,ratio,0.1,0.04126558182607618,0.03573704216332742,0.25,5
he_jitter,erm,True,0.03520777745773154,0.0343986149417053,0.0011832647099077108,0.006036628896586775,0.01979146809101272,0.0167813711605218,0.61322542329433,3,0.5,ratio,0.2,0.04126558182607618,0.03573704216332742,0.25,3
he_jitter,erm,True,0.03520777745773154,0.0343986149417053,0.0011832647099077108,0.006036628896586775,0.01979146809101272,0.0167813711605218,0.61322542329433,3,0.5,design,0.02,0.04126558182607618,0.03573704216332742,0.25,
he_jitter,erm,True,0.03520777745773154,0.0343986149417053,0.0011832647099077108,0.006036628896586775,0.01979146809101272,0.0167813711605218,0.61322542329433,3,0.5,design,0.05,0.04126558182607618,0.03573704216332742,0.25,
he_jitter,erm,True,0.03520777745773154,0.0343986149417053,0.0011832647099077108,0.006036628896586775,0.01979146809101272,0.0167813711605218,0.61322542329433,3,0.5,design,0.1,0.04126558182607618,0.03573704216332742,0.25,7
he_jitter,erm,True,0.03520777745773154,0.0343986149417053,0.0011832647099077108,0.006036628896586775,0.01979146809101272,0.0167813711605218,0.61322542329433,3,0.5,design,0.2,0.04126558182607618,0.03573704216332742,0.25,3
he_jitter,erm,True,0.03520777745773154,0.0343986149417053,0.0011832647099077108,0.006036628896586775,0.01979146809101272,0.0167813711605218,0.61322542329433,5,0.0,none,0.02,0.03520777745773154,0.03520777745773154,0.0,27
he_jitter,erm,True,0.03520777745773154,0.0343986149417053,0.0011832647099077108,0.006036628896586775,0.01979146809101272,0.0167813711605218,0.61322542329433,5,0.0,none,0.05,0.03520777745773154,0.03520777745773154,0.0,7
he_jitter,erm,True,0.03520777745773154,0.0343986149417053,0.0011832647099077108,0.006036628896586775,0.01979146809101272,0.0167813711605218,0.61322542329433,5,0.0,none,0.1,0.03520777745773154,0.03520777745773154,0.0,4
he_jitter,erm,True,0.03520777745773154,0.0343986149417053,0.0011832647099077108,0.006036628896586775,0.01979146809101272,0.0167813711605218,0.61322542329433,5,0.0,none,0.2,0.03520777745773154,0.03520777745773154,0.0,3
he_jitter,erm,True,0.03520777745773154,0.0343986149417053,0.0011832647099077108,0.006036628896586775,0.01979146809101272,0.0167813711605218,0.61322542329433,5,0.25,ratio,0.02,0.03763869731331837,0.03520777745773154,0.125,37
he_jitter,erm,True,0.03520777745773154,0.0343986149417053,0.0011832647099077108,0.006036628896586775,0.01979146809101272,0.0167813711605218,0.61322542329433,5,0.25,ratio,0.05,0.03763869731331837,0.03520777745773154,0.125,8
he_jitter,erm,True,0.03520777745773154,0.0343986149417053,0.0011832647099077108,0.006036628896586775,0.01979146809101272,0.0167813711605218,0.61322542329433,5,0.25,ratio,0.1,0.03763869731331837,0.03520777745773154,0.125,4
he_jitter,erm,True,0.03520777745773154,0.0343986149417053,0.0011832647099077108,0.006036628896586775,0.01979146809101272,0.0167813711605218,0.61322542329433,5,0.25,ratio,0.2,0.03763869731331837,0.03520777745773154,0.125,3
he_jitter,erm,True,0.03520777745773154,0.0343986149417053,0.0011832647099077108,0.006036628896586775,0.01979146809101272,0.0167813711605218,0.61322542329433,5,0.25,design,0.02,0.03763869731331837,0.03520777745773154,0.125,
he_jitter,erm,True,0.03520777745773154,0.0343986149417053,0.0011832647099077108,0.006036628896586775,0.01979146809101272,0.0167813711605218,0.61322542329433,5,0.25,design,0.05,0.03763869731331837,0.03520777745773154,0.125,
he_jitter,erm,True,0.03520777745773154,0.0343986149417053,0.0011832647099077108,0.006036628896586775,0.01979146809101272,0.0167813711605218,0.61322542329433,5,0.25,design,0.1,0.03763869731331837,0.03520777745773154,0.125,4
he_jitter,erm,True,0.03520777745773154,0.0343986149417053,0.0011832647099077108,0.006036628896586775,0.01979146809101272,0.0167813711605218,0.61322542329433,5,0.25,design,0.2,0.03763869731331837,0.03520777745773154,0.125,3
he_jitter,erm,True,0.03520777745773154,0.0343986149417053,0.0011832647099077108,0.006036628896586775,0.01979146809101272,0.0167813711605218,0.61322542329433,5,0.5,ratio,0.02,0.04065443958557949,0.03520777745773154,0.25,51
he_jitter,erm,True,0.03520777745773154,0.0343986149417053,0.0011832647099077108,0.006036628896586775,0.01979146809101272,0.0167813711605218,0.61322542329433,5,0.5,ratio,0.05,0.04065443958557949,0.03520777745773154,0.25,10
he_jitter,erm,True,0.03520777745773154,0.0343986149417053,0.0011832647099077108,0.006036628896586775,0.01979146809101272,0.0167813711605218,0.61322542329433,5,0.5,ratio,0.1,0.04065443958557949,0.03520777745773154,0.25,5
he_jitter,erm,True,0.03520777745773154,0.0343986149417053,0.0011832647099077108,0.006036628896586775,0.01979146809101272,0.0167813711605218,0.61322542329433,5,0.5,ratio,0.2,0.04065443958557949,0.03520777745773154,0.25,3
he_jitter,erm,True,0.03520777745773154,0.0343986149417053,0.0011832647099077108,0.006036628896586775,0.01979146809101272,0.0167813711605218,0.61322542329433,5,0.5,design,0.02,0.04065443958557949,0.03520777745773154,0.25,
he_jitter,erm,True,0.03520777745773154,0.0343986149417053,0.0011832647099077108,0.006036628896586775,0.01979146809101272,0.0167813711605218,0.61322542329433,5,0.5,design,0.05,0.04065443958557949,0.03520777745773154,0.25,
he_jitter,erm,True,0.03520777745773154,0.0343986149417053,0.0011832647099077108,0.006036628896586775,0.01979146809101272,0.0167813711605218,0.61322542329433,5,0.5,design,0.1,0.04065443958557949,0.03520777745773154,0.25,7
he_jitter,erm,True,0.03520777745773154,0.0343986149417053,0.0011832647099077108,0.006036628896586775,0.01979146809101272,0.0167813711605218,0.61322542329433,5,0.5,design,0.2,0.04065443958557949,0.03520777745773154,0.25,3
he_jitter,erm,True,0.03520777745773154,0.0343986149417053,0.0011832647099077108,0.006036628896586775,0.01979146809101272,0.0167813711605218,0.61322542329433,10,0.0,none,0.02,0.034805547714558814,0.034805547714558814,0.0,26
he_jitter,erm,True,0.03520777745773154,0.0343986149417053,0.0011832647099077108,0.006036628896586775,0.01979146809101272,0.0167813711605218,0.61322542329433,10,0.0,none,0.05,0.034805547714558814,0.034805547714558814,0.0,6
he_jitter,erm,True,0.03520777745773154,0.0343986149417053,0.0011832647099077108,0.006036628896586775,0.01979146809101272,0.0167813711605218,0.61322542329433,10,0.0,none,0.1,0.034805547714558814,0.034805547714558814,0.0,4
he_jitter,erm,True,0.03520777745773154,0.0343986149417053,0.0011832647099077108,0.006036628896586775,0.01979146809101272,0.0167813711605218,0.61322542329433,10,0.0,none,0.2,0.034805547714558814,0.034805547714558814,0.0,3
he_jitter,erm,True,0.03520777745773154,0.0343986149417053,0.0011832647099077108,0.006036628896586775,0.01979146809101272,0.0167813711605218,0.61322542329433,10,0.25,ratio,0.02,0.03720869563054053,0.034805547714558814,0.125,36
he_jitter,erm,True,0.03520777745773154,0.0343986149417053,0.0011832647099077108,0.006036628896586775,0.01979146809101272,0.0167813711605218,0.61322542329433,10,0.25,ratio,0.05,0.03720869563054053,0.034805547714558814,0.125,8
he_jitter,erm,True,0.03520777745773154,0.0343986149417053,0.0011832647099077108,0.006036628896586775,0.01979146809101272,0.0167813711605218,0.61322542329433,10,0.25,ratio,0.1,0.03720869563054053,0.034805547714558814,0.125,4
he_jitter,erm,True,0.03520777745773154,0.0343986149417053,0.0011832647099077108,0.006036628896586775,0.01979146809101272,0.0167813711605218,0.61322542329433,10,0.25,ratio,0.2,0.03720869563054053,0.034805547714558814,0.125,3
he_jitter,erm,True,0.03520777745773154,0.0343986149417053,0.0011832647099077108,0.006036628896586775,0.01979146809101272,0.0167813711605218,0.61322542329433,10,0.25,design,0.02,0.03720869563054053,0.034805547714558814,0.125,
he_jitter,erm,True,0.03520777745773154,0.0343986149417053,0.0011832647099077108,0.006036628896586775,0.01979146809101272,0.0167813711605218,0.61322542329433,10,0.25,design,0.05,0.03720869563054053,0.034805547714558814,0.125,
he_jitter,erm,True,0.03520777745773154,0.0343986149417053,0.0011832647099077108,0.006036628896586775,0.01979146809101272,0.0167813711605218,0.61322542329433,10,0.25,design,0.1,0.03720869563054053,0.034805547714558814,0.125,4
he_jitter,erm,True,0.03520777745773154,0.0343986149417053,0.0011832647099077108,0.006036628896586775,0.01979146809101272,0.0167813711605218,0.61322542329433,10,0.25,design,0.2,0.03720869563054053,0.034805547714558814,0.125,3
he_jitter,erm,True,0.03520777745773154,0.0343986149417053,0.0011832647099077108,0.006036628896586775,0.01979146809101272,0.0167813711605218,0.61322542329433,10,0.5,ratio,0.02,0.040189984684585796,0.034805547714558814,0.25,50
he_jitter,erm,True,0.03520777745773154,0.0343986149417053,0.0011832647099077108,0.006036628896586775,0.01979146809101272,0.0167813711605218,0.61322542329433,10,0.5,ratio,0.05,0.040189984684585796,0.034805547714558814,0.25,10
he_jitter,erm,True,0.03520777745773154,0.0343986149417053,0.0011832647099077108,0.006036628896586775,0.01979146809101272,0.0167813711605218,0.61322542329433,10,0.5,ratio,0.1,0.040189984684585796,0.034805547714558814,0.25,5
he_jitter,erm,True,0.03520777745773154,0.0343986149417053,0.0011832647099077108,0.006036628896586775,0.01979146809101272,0.0167813711605218,0.61322542329433,10,0.5,ratio,0.2,0.040189984684585796,0.034805547714558814,0.25,3
he_jitter,erm,True,0.03520777745773154,0.0343986149417053,0.0011832647099077108,0.006036628896586775,0.01979146809101272,0.0167813711605218,0.61322542329433,10,0.5,design,0.02,0.040189984684585796,0.034805547714558814,0.25,
he_jitter,erm,True,0.03520777745773154,0.0343986149417053,0.0011832647099077108,0.006036628896586775,0.01979146809101272,0.0167813711605218,0.61322542329433,10,0.5,design,0.05,0.040189984684585796,0.034805547714558814,0.25,
he_jitter,erm,True,0.03520777745773154,0.0343986149417053,0.0011832647099077108,0.006036628896586775,0.01979146809101272,0.0167813711605218,0.61322542329433,10,0.5,design,0.1,0.040189984684585796,0.034805547714558814,0.25,6
he_jitter,erm,True,0.03520777745773154,0.0343986149417053,0.0011832647099077108,0.006036628896586775,0.01979146809101272,0.0167813711605218,0.61322542329433,10,0.5,design,0.2,0.040189984684585796,0.034805547714558814,0.25,3
irm,erm,True,0.017368584180395778,0.012326947854201404,0.00015195364340020058,0.021519825737769407,0.01979146809101272,0.027360013983119037,0.12471532380169847,1,0.0,none,0.02,0.030008732205087735,0.030008732205087735,0.0,20
irm,erm,True,0.017368584180395778,0.012326947854201404,0.00015195364340020058,0.021519825737769407,0.01979146809101272,0.027360013983119037,0.12471532380169847,1,0.0,none,0.05,0.030008732205087735,0.030008732205087735,0.0,6
irm,erm,True,0.017368584180395778,0.012326947854201404,0.00015195364340020058,0.021519825737769407,0.01979146809101272,0.027360013983119037,0.12471532380169847,1,0.0,none,0.1,0.030008732205087735,0.030008732205087735,0.0,3
irm,erm,True,0.017368584180395778,0.012326947854201404,0.00015195364340020058,0.021519825737769407,0.01979146809101272,0.027360013983119037,0.12471532380169847,1,0.0,none,0.2,0.030008732205087735,0.030008732205087735,0.0,3
irm,erm,True,0.017368584180395778,0.012326947854201404,0.00015195364340020058,0.021519825737769407,0.01979146809101272,0.027360013983119037,0.12471532380169847,1,0.25,ratio,0.02,0.03208068414939645,0.030008732205087735,0.125,28
irm,erm,True,0.017368584180395778,0.012326947854201404,0.00015195364340020058,0.021519825737769407,0.01979146809101272,0.027360013983119037,0.12471532380169847,1,0.25,ratio,0.05,0.03208068414939645,0.030008732205087735,0.125,7
irm,erm,True,0.017368584180395778,0.012326947854201404,0.00015195364340020058,0.021519825737769407,0.01979146809101272,0.027360013983119037,0.12471532380169847,1,0.25,ratio,0.1,0.03208068414939645,0.030008732205087735,0.125,4
irm,erm,True,0.017368584180395778,0.012326947854201404,0.00015195364340020058,0.021519825737769407,0.01979146809101272,0.027360013983119037,0.12471532380169847,1,0.25,ratio,0.2,0.03208068414939645,0.030008732205087735,0.125,3
irm,erm,True,0.017368584180395778,0.012326947854201404,0.00015195364340020058,0.021519825737769407,0.01979146809101272,0.027360013983119037,0.12471532380169847,1,0.25,design,0.02,0.03208068414939645,0.030008732205087735,0.125,
irm,erm,True,0.017368584180395778,0.012326947854201404,0.00015195364340020058,0.021519825737769407,0.01979146809101272,0.027360013983119037,0.12471532380169847,1,0.25,design,0.05,0.03208068414939645,0.030008732205087735,0.125,19
irm,erm,True,0.017368584180395778,0.012326947854201404,0.00015195364340020058,0.021519825737769407,0.01979146809101272,0.027360013983119037,0.12471532380169847,1,0.25,design,0.1,0.03208068414939645,0.030008732205087735,0.125,4
irm,erm,True,0.017368584180395778,0.012326947854201404,0.00015195364340020058,0.021519825737769407,0.01979146809101272,0.027360013983119037,0.12471532380169847,1,0.25,design,0.2,0.03208068414939645,0.030008732205087735,0.125,3
irm,erm,True,0.017368584180395778,0.012326947854201404,0.00015195364340020058,0.021519825737769407,0.01979146809101272,0.027360013983119037,0.12471532380169847,1,0.5,ratio,0.02,0.03465109923329359,0.030008732205087735,0.25,38
irm,erm,True,0.017368584180395778,0.012326947854201404,0.00015195364340020058,0.021519825737769407,0.01979146809101272,0.027360013983119037,0.12471532380169847,1,0.5,ratio,0.05,0.03465109923329359,0.030008732205087735,0.25,8
irm,erm,True,0.017368584180395778,0.012326947854201404,0.00015195364340020058,0.021519825737769407,0.01979146809101272,0.027360013983119037,0.12471532380169847,1,0.5,ratio,0.1,0.03465109923329359,0.030008732205087735,0.25,4
irm,erm,True,0.017368584180395778,0.012326947854201404,0.00015195364340020058,0.021519825737769407,0.01979146809101272,0.027360013983119037,0.12471532380169847,1,0.5,ratio,0.2,0.03465109923329359,0.030008732205087735,0.25,3
irm,erm,True,0.017368584180395778,0.012326947854201404,0.00015195364340020058,0.021519825737769407,0.01979146809101272,0.027360013983119037,0.12471532380169847,1,0.5,design,0.02,0.03465109923329359,0.030008732205087735,0.25,
irm,erm,True,0.017368584180395778,0.012326947854201404,0.00015195364340020058,0.021519825737769407,0.01979146809101272,0.027360013983119037,0.12471532380169847,1,0.5,design,0.05,0.03465109923329359,0.030008732205087735,0.25,
irm,erm,True,0.017368584180395778,0.012326947854201404,0.00015195364340020058,0.021519825737769407,0.01979146809101272,0.027360013983119037,0.12471532380169847,1,0.5,design,0.1,0.03465109923329359,0.030008732205087735,0.25,5
irm,erm,True,0.017368584180395778,0.012326947854201404,0.00015195364340020058,0.021519825737769407,0.01979146809101272,0.027360013983119037,0.12471532380169847,1,0.5,design,0.2,0.03465109923329359,0.030008732205087735,0.25,3
irm,erm,True,0.017368584180395778,0.012326947854201404,0.00015195364340020058,0.021519825737769407,0.01979146809101272,0.027360013983119037,0.12471532380169847,3,0.0,none,0.02,0.02003689343317364,0.02003689343317364,0.0,10
irm,erm,True,0.017368584180395778,0.012326947854201404,0.00015195364340020058,0.021519825737769407,0.01979146809101272,0.027360013983119037,0.12471532380169847,3,0.0,none,0.05,0.02003689343317364,0.02003689343317364,0.0,4
irm,erm,True,0.017368584180395778,0.012326947854201404,0.00015195364340020058,0.021519825737769407,0.01979146809101272,0.027360013983119037,0.12471532380169847,3,0.0,none,0.1,0.02003689343317364,0.02003689343317364,0.0,3
irm,erm,True,0.017368584180395778,0.012326947854201404,0.00015195364340020058,0.021519825737769407,0.01979146809101272,0.027360013983119037,0.12471532380169847,3,0.0,none,0.2,0.02003689343317364,0.02003689343317364,0.0,3
irm,erm,True,0.017368584180395778,0.012326947854201404,0.00015195364340020058,0.021519825737769407,0.01979146809101272,0.027360013983119037,0.12471532380169847,3,0.25,ratio,0.02,0.02142034009206755,0.02003689343317364,0.125,14
irm,erm,True,0.017368584180395778,0.012326947854201404,0.00015195364340020058,0.021519825737769407,0.01979146809101272,0.027360013983119037,0.12471532380169847,3,0.25,ratio,0.05,0.02142034009206755,0.02003689343317364,0.125,5
irm,erm,True,0.017368584180395778,0.012326947854201404,0.00015195364340020058,0.021519825737769407,0.01979146809101272,0.027360013983119037,0.12471532380169847,3,0.25,ratio,0.1,0.02142034009206755,0.02003689343317364,0.125,3
irm,erm,True,0.017368584180395778,0.012326947854201404,0.00015195364340020058,0.021519825737769407,0.01979146809101272,0.027360013983119037,0.12471532380169847,3,0.25,ratio,0.2,0.02142034009206755,0.02003689343317364,0.125,3
irm,erm,True,0.017368584180395778,0.012326947854201404,0.00015195364340020058,0.021519825737769407,0.01979146809101272,0.027360013983119037,0.12471532380169847,3,0.25,design,0.02,0.02142034009206755,0.02003689343317364,0.125,
irm,erm,True,0.017368584180395778,0.012326947854201404,0.00015195364340020058,0.021519825737769407,0.01979146809101272,0.027360013983119037,0.12471532380169847,3,0.25,design,0.05,0.02142034009206755,0.02003689343317364,0.125,5
irm,erm,True,0.017368584180395778,0.012326947854201404,0.00015195364340020058,0.021519825737769407,0.01979146809101272,0.027360013983119037,0.12471532380169847,3,0.25,design,0.1,0.02142034009206755,0.02003689343317364,0.125,3
irm,erm,True,0.017368584180395778,0.012326947854201404,0.00015195364340020058,0.021519825737769407,0.01979146809101272,0.027360013983119037,0.12471532380169847,3,0.25,design,0.2,0.02142034009206755,0.02003689343317364,0.125,3
irm,erm,True,0.017368584180395778,0.012326947854201404,0.00015195364340020058,0.021519825737769407,0.01979146809101272,0.027360013983119037,0.12471532380169847,3,0.5,ratio,0.02,0.02313661163473329,0.02003689343317364,0.25,18
irm,erm,True,0.017368584180395778,0.012326947854201404,0.00015195364340020058,0.021519825737769407,0.01979146809101272,0.027360013983119037,0.12471532380169847,3,0.5,ratio,0.05,0.02313661163473329,0.02003689343317364,0.25,5
irm,erm,True,0.017368584180395778,0.012326947854201404,0.00015195364340020058,0.021519825737769407,0.01979146809101272,0.027360013983119037,0.12471532380169847,3,0.5,ratio,0.1,0.02313661163473329,0.02003689343317364,0.25,3
irm,erm,True,0.017368584180395778,0.012326947854201404,0.00015195364340020058,0.021519825737769407,0.01979146809101272,0.027360013983119037,0.12471532380169847,3,0.5,ratio,0.2,0.02313661163473329,0.02003689343317364,0.25,3
irm,erm,True,0.017368584180395778,0.012326947854201404,0.00015195364340020058,0.021519825737769407,0.01979146809101272,0.027360013983119037,0.12471532380169847,3,0.5,design,0.02,0.02313661163473329,0.02003689343317364,0.25,
irm,erm,True,0.017368584180395778,0.012326947854201404,0.00015195364340020058,0.021519825737769407,0.01979146809101272,0.027360013983119037,0.12471532380169847,3,0.5,design,0.05,0.02313661163473329,0.02003689343317364,0.25,13
irm,erm,True,0.017368584180395778,0.012326947854201404,0.00015195364340020058,0.021519825737769407,0.01979146809101272,0.027360013983119037,0.12471532380169847,3,0.5,design,0.1,0.02313661163473329,0.02003689343317364,0.25,3
irm,erm,True,0.017368584180395778,0.012326947854201404,0.00015195364340020058,0.021519825737769407,0.01979146809101272,0.027360013983119037,0.12471532380169847,3,0.5,design,0.2,0.02313661163473329,0.02003689343317364,0.25,3
irm,erm,True,0.017368584180395778,0.012326947854201404,0.00015195364340020058,0.021519825737769407,0.01979146809101272,0.027360013983119037,0.12471532380169847,5,0.0,none,0.02,0.017368584180395778,0.017368584180395778,0.0,9
irm,erm,True,0.017368584180395778,0.012326947854201404,0.00015195364340020058,0.021519825737769407,0.01979146809101272,0.027360013983119037,0.12471532380169847,5,0.0,none,0.05,0.017368584180395778,0.017368584180395778,0.0,4
irm,erm,True,0.017368584180395778,0.012326947854201404,0.00015195364340020058,0.021519825737769407,0.01979146809101272,0.027360013983119037,0.12471532380169847,5,0.0,none,0.1,0.017368584180395778,0.017368584180395778,0.0,3
irm,erm,True,0.017368584180395778,0.012326947854201404,0.00015195364340020058,0.021519825737769407,0.01979146809101272,0.027360013983119037,0.12471532380169847,5,0.0,none,0.2,0.017368584180395778,0.017368584180395778,0.0,3
irm,erm,True,0.017368584180395778,0.012326947854201404,0.00015195364340020058,0.021519825737769407,0.01979146809101272,0.027360013983119037,0.12471532380169847,5,0.25,ratio,0.02,0.018567797513252254,0.017368584180395778,0.125,11
irm,erm,True,0.017368584180395778,0.012326947854201404,0.00015195364340020058,0.021519825737769407,0.01979146809101272,0.027360013983119037,0.12471532380169847,5,0.25,ratio,0.05,0.018567797513252254,0.017368584180395778,0.125,4
irm,erm,True,0.017368584180395778,0.012326947854201404,0.00015195364340020058,0.021519825737769407,0.01979146809101272,0.027360013983119037,0.12471532380169847,5,0.25,ratio,0.1,0.018567797513252254,0.017368584180395778,0.125,3
irm,erm,True,0.017368584180395778,0.012326947854201404,0.00015195364340020058,0.021519825737769407,0.01979146809101272,0.027360013983119037,0.12471532380169847,5,0.25,ratio,0.2,0.018567797513252254,0.017368584180395778,0.125,3
irm,erm,True,0.017368584180395778,0.012326947854201404,0.00015195364340020058,0.021519825737769407,0.01979146809101272,0.027360013983119037,0.12471532380169847,5,0.25,design,0.02,0.018567797513252254,0.017368584180395778,0.125,
irm,erm,True,0.017368584180395778,0.012326947854201404,0.00015195364340020058,0.021519825737769407,0.01979146809101272,0.027360013983119037,0.12471532380169847,5,0.25,design,0.05,0.018567797513252254,0.017368584180395778,0.125,4
irm,erm,True,0.017368584180395778,0.012326947854201404,0.00015195364340020058,0.021519825737769407,0.01979146809101272,0.027360013983119037,0.12471532380169847,5,0.25,design,0.1,0.018567797513252254,0.017368584180395778,0.125,3
irm,erm,True,0.017368584180395778,0.012326947854201404,0.00015195364340020058,0.021519825737769407,0.01979146809101272,0.027360013983119037,0.12471532380169847,5,0.25,design,0.2,0.018567797513252254,0.017368584180395778,0.125,3
irm,erm,True,0.017368584180395778,0.012326947854201404,0.00015195364340020058,0.021519825737769407,0.01979146809101272,0.027360013983119037,0.12471532380169847,5,0.5,ratio,0.02,0.020055513503988355,0.017368584180395778,0.25,14
irm,erm,True,0.017368584180395778,0.012326947854201404,0.00015195364340020058,0.021519825737769407,0.01979146809101272,0.027360013983119037,0.12471532380169847,5,0.5,ratio,0.05,0.020055513503988355,0.017368584180395778,0.25,5
irm,erm,True,0.017368584180395778,0.012326947854201404,0.00015195364340020058,0.021519825737769407,0.01979146809101272,0.027360013983119037,0.12471532380169847,5,0.5,ratio,0.1,0.020055513503988355,0.017368584180395778,0.25,3
irm,erm,True,0.017368584180395778,0.012326947854201404,0.00015195364340020058,0.021519825737769407,0.01979146809101272,0.027360013983119037,0.12471532380169847,5,0.5,ratio,0.2,0.020055513503988355,0.017368584180395778,0.25,3
irm,erm,True,0.017368584180395778,0.012326947854201404,0.00015195364340020058,0.021519825737769407,0.01979146809101272,0.027360013983119037,0.12471532380169847,5,0.5,design,0.02,0.020055513503988355,0.017368584180395778,0.25,
irm,erm,True,0.017368584180395778,0.012326947854201404,0.00015195364340020058,0.021519825737769407,0.01979146809101272,0.027360013983119037,0.12471532380169847,5,0.5,design,0.05,0.020055513503988355,0.017368584180395778,0.25,6
irm,erm,True,0.017368584180395778,0.012326947854201404,0.00015195364340020058,0.021519825737769407,0.01979146809101272,0.027360013983119037,0.12471532380169847,5,0.5,design,0.1,0.020055513503988355,0.017368584180395778,0.25,3
irm,erm,True,0.017368584180395778,0.012326947854201404,0.00015195364340020058,0.021519825737769407,0.01979146809101272,0.027360013983119037,0.12471532380169847,5,0.5,design,0.2,0.020055513503988355,0.017368584180395778,0.25,3
irm,erm,True,0.017368584180395778,0.012326947854201404,0.00015195364340020058,0.021519825737769407,0.01979146809101272,0.027360013983119037,0.12471532380169847,10,0.0,none,0.02,0.015060235055132688,0.015060235055132688,0.0,7
irm,erm,True,0.017368584180395778,0.012326947854201404,0.00015195364340020058,0.021519825737769407,0.01979146809101272,0.027360013983119037,0.12471532380169847,10,0.0,none,0.05,0.015060235055132688,0.015060235055132688,0.0,3
irm,erm,True,0.017368584180395778,0.012326947854201404,0.00015195364340020058,0.021519825737769407,0.01979146809101272,0.027360013983119037,0.12471532380169847,10,0.0,none,0.1,0.015060235055132688,0.015060235055132688,0.0,3
irm,erm,True,0.017368584180395778,0.012326947854201404,0.00015195364340020058,0.021519825737769407,0.01979146809101272,0.027360013983119037,0.12471532380169847,10,0.0,none,0.2,0.015060235055132688,0.015060235055132688,0.0,2
irm,erm,True,0.017368584180395778,0.012326947854201404,0.00015195364340020058,0.021519825737769407,0.01979146809101272,0.027360013983119037,0.12471532380169847,10,0.25,ratio,0.02,0.016100068497311167,0.015060235055132688,0.125,9
irm,erm,True,0.017368584180395778,0.012326947854201404,0.00015195364340020058,0.021519825737769407,0.01979146809101272,0.027360013983119037,0.12471532380169847,10,0.25,ratio,0.05,0.016100068497311167,0.015060235055132688,0.125,4
irm,erm,True,0.017368584180395778,0.012326947854201404,0.00015195364340020058,0.021519825737769407,0.01979146809101272,0.027360013983119037,0.12471532380169847,10,0.25,ratio,0.1,0.016100068497311167,0.015060235055132688,0.125,3
irm,erm,True,0.017368584180395778,0.012326947854201404,0.00015195364340020058,0.021519825737769407,0.01979146809101272,0.027360013983119037,0.12471532380169847,10,0.25,ratio,0.2,0.016100068497311167,0.015060235055132688,0.125,3
irm,erm,True,0.017368584180395778,0.012326947854201404,0.00015195364340020058,0.021519825737769407,0.01979146809101272,0.027360013983119037,0.12471532380169847,10,0.25,design,0.02,0.016100068497311167,0.015060235055132688,0.125,
irm,erm,True,0.017368584180395778,0.012326947854201404,0.00015195364340020058,0.021519825737769407,0.01979146809101272,0.027360013983119037,0.12471532380169847,10,0.25,design,0.05,0.016100068497311167,0.015060235055132688,0.125,4
irm,erm,True,0.017368584180395778,0.012326947854201404,0.00015195364340020058,0.021519825737769407,0.01979146809101272,0.027360013983119037,0.12471532380169847,10,0.25,design,0.1,0.016100068497311167,0.015060235055132688,0.125,3
irm,erm,True,0.017368584180395778,0.012326947854201404,0.00015195364340020058,0.021519825737769407,0.01979146809101272,0.027360013983119037,0.12471532380169847,10,0.25,design,0.2,0.016100068497311167,0.015060235055132688,0.125,2
irm,erm,True,0.017368584180395778,0.012326947854201404,0.00015195364340020058,0.021519825737769407,0.01979146809101272,0.027360013983119037,0.12471532380169847,10,0.5,ratio,0.02,0.017390061526279792,0.015060235055132688,0.25,11
irm,erm,True,0.017368584180395778,0.012326947854201404,0.00015195364340020058,0.021519825737769407,0.01979146809101272,0.027360013983119037,0.12471532380169847,10,0.5,ratio,0.05,0.017390061526279792,0.015060235055132688,0.25,4
irm,erm,True,0.017368584180395778,0.012326947854201404,0.00015195364340020058,0.021519825737769407,0.01979146809101272,0.027360013983119037,0.12471532380169847,10,0.5,ratio,0.1,0.017390061526279792,0.015060235055132688,0.25,3
irm,erm,True,0.017368584180395778,0.012326947854201404,0.00015195364340020058,0.021519825737769407,0.01979146809101272,0.027360013983119037,0.12471532380169847,10,0.5,ratio,0.2,0.017390061526279792,0.015060235055132688,0.25,3
irm,erm,True,0.017368584180395778,0.012326947854201404,0.00015195364340020058,0.021519825737769407,0.01979146809101272,0.027360013983119037,0.12471532380169847,10,0.5,design,0.02,0.017390061526279792,0.015060235055132688,0.25,
irm,erm,True,0.017368584180395778,0.012326947854201404,0.00015195364340020058,0.021519825737769407,0.01979146809101272,0.027360013983119037,0.12471532380169847,10,0.5,design,0.05,0.017390061526279792,0.015060235055132688,0.25,5
irm,erm,True,0.017368584180395778,0.012326947854201404,0.00015195364340020058,0.021519825737769407,0.01979146809101272,0.027360013983119037,0.12471532380169847,10,0.5,design,0.1,0.017390061526279792,0.015060235055132688,0.25,3
irm,erm,True,0.017368584180395778,0.012326947854201404,0.00015195364340020058,0.021519825737769407,0.01979146809101272,0.027360013983119037,0.12471532380169847,10,0.5,design,0.2,0.017390061526279792,0.015060235055132688,0.25,3
lisa,erm,True,0.0365787147661328,0.03174786532097826,0.001007926952438974,0.0409127157682943,0.01979146809101272,0.04062483363062104,0.2563688833143882,1,0.0,none,0.02,0.051558743777894864,0.051558743777894864,0.0,55
lisa,erm,True,0.0365787147661328,0.03174786532097826,0.001007926952438974,0.0409127157682943,0.01979146809101272,0.04062483363062104,0.2563688833143882,1,0.0,none,0.05,0.051558743777894864,0.051558743777894864,0.0,11
lisa,erm,True,0.0365787147661328,0.03174786532097826,0.001007926952438974,0.0409127157682943,0.01979146809101272,0.04062483363062104,0.2563688833143882,1,0.0,none,0.1,0.051558743777894864,0.051558743777894864,0.0,5
lisa,erm,True,0.0365787147661328,0.03174786532097826,0.001007926952438974,0.0409127157682943,0.01979146809101272,0.04062483363062104,0.2563688833143882,1,0.0,none,0.2,0.051558743777894864,0.051558743777894864,0.0,3
lisa,erm,True,0.0365787147661328,0.03174786532097826,0.001007926952438974,0.0409127157682943,0.01979146809101272,0.04062483363062104,0.2563688833143882,1,0.25,ratio,0.02,0.05511861557409866,0.051558743777894864,0.125,77
lisa,erm,True,0.0365787147661328,0.03174786532097826,0.001007926952438974,0.0409127157682943,0.01979146809101272,0.04062483363062104,0.2563688833143882,1,0.25,ratio,0.05,0.05511861557409866,0.051558743777894864,0.125,14
lisa,erm,True,0.0365787147661328,0.03174786532097826,0.001007926952438974,0.0409127157682943,0.01979146809101272,0.04062483363062104,0.2563688833143882,1,0.25,ratio,0.1,0.05511861557409866,0.051558743777894864,0.125,6
lisa,erm,True,0.0365787147661328,0.03174786532097826,0.001007926952438974,0.0409127157682943,0.01979146809101272,0.04062483363062104,0.2563688833143882,1,0.25,ratio,0.2,0.05511861557409866,0.051558743777894864,0.125,4
lisa,erm,True,0.0365787147661328,0.03174786532097826,0.001007926952438974,0.0409127157682943,0.01979146809101272,0.04062483363062104,0.2563688833143882,1,0.25,design,0.02,0.05511861557409866,0.051558743777894864,0.125,
lisa,erm,True,0.0365787147661328,0.03174786532097826,0.001007926952438974,0.0409127157682943,0.01979146809101272,0.04062483363062104,0.2563688833143882,1,0.25,design,0.05,0.05511861557409866,0.051558743777894864,0.125,
lisa,erm,True,0.0365787147661328,0.03174786532097826,0.001007926952438974,0.0409127157682943,0.01979146809101272,0.04062483363062104,0.2563688833143882,1,0.25,design,0.1,0.05511861557409866,0.051558743777894864,0.125,9
lisa,erm,True,0.0365787147661328,0.03174786532097826,0.001007926952438974,0.0409127157682943,0.01979146809101272,0.04062483363062104,0.2563688833143882,1,0.25,design,0.2,0.05511861557409866,0.051558743777894864,0.125,4
lisa,erm,True,0.0365787147661328,0.03174786532097826,0.001007926952438974,0.0409127157682943,0.01979146809101272,0.04062483363062104,0.2563688833143882,1,0.5,ratio,0.02,0.05953490919849309,0.051558743777894864,0.25,107
lisa,erm,True,0.0365787147661328,0.03174786532097826,0.001007926952438974,0.0409127157682943,0.01979146809101272,0.04062483363062104,0.2563688833143882,1,0.5,ratio,0.05,0.05953490919849309,0.051558743777894864,0.25,19
lisa,erm,True,0.0365787147661328,0.03174786532097826,0.001007926952438974,0.0409127157682943,0.01979146809101272,0.04062483363062104,0.2563688833143882,1,0.5,ratio,0.1,0.05953490919849309,0.051558743777894864,0.25,7
lisa,erm,True,0.0365787147661328,0.03174786532097826,0.001007926952438974,0.0409127157682943,0.01979146809101272,0.04062483363062104,0.2563688833143882,1,0.5,ratio,0.2,0.05953490919849309,0.051558743777894864,0.25,4
lisa,erm,True,0.0365787147661328,0.03174786532097826,0.001007926952438974,0.0409127157682943,0.01979146809101272,0.04062483363062104,0.2563688833143882,1,0.5,design,0.02,0.05953490919849309,0.051558743777894864,0.25,
lisa,erm,True,0.0365787147661328,0.03174786532097826,0.001007926952438974,0.0409127157682943,0.01979146809101272,0.04062483363062104,0.2563688833143882,1,0.5,design,0.05,0.05953490919849309,0.051558743777894864,0.25,
lisa,erm,True,0.0365787147661328,0.03174786532097826,0.001007926952438974,0.0409127157682943,0.01979146809101272,0.04062483363062104,0.2563688833143882,1,0.5,design,0.1,0.05953490919849309,0.051558743777894864,0.25,
lisa,erm,True,0.0365787147661328,0.03174786532097826,0.001007926952438974,0.0409127157682943,0.01979146809101272,0.04062483363062104,0.2563688833143882,1,0.5,design,0.2,0.05953490919849309,0.051558743777894864,0.25,4
lisa,erm,True,0.0365787147661328,0.03174786532097826,0.001007926952438974,0.0409127157682943,0.01979146809101272,0.04062483363062104,0.2563688833143882,3,0.0,none,0.02,0.039472175705732096,0.039472175705732096,0.0,33
lisa,erm,True,0.0365787147661328,0.03174786532097826,0.001007926952438974,0.0409127157682943,0.01979146809101272,0.04062483363062104,0.2563688833143882,3,0.0,none,0.05,0.039472175705732096,0.039472175705732096,0.0,8
lisa,erm,True,0.0365787147661328,0.03174786532097826,0.001007926952438974,0.0409127157682943,0.01979146809101272,0.04062483363062104,0.2563688833143882,3,0.0,none,0.1,0.039472175705732096,0.039472175705732096,0.0,4
lisa,erm,True,0.0365787147661328,0.03174786532097826,0.001007926952438974,0.0409127157682943,0.01979146809101272,0.04062483363062104,0.2563688833143882,3,0.0,none,0.2,0.039472175705732096,0.039472175705732096,0.0,3
lisa,erm,True,0.0365787147661328,0.03174786532097826,0.001007926952438974,0.0409127157682943,0.01979146809101272,0.04062483363062104,0.2563688833143882,3,0.25,ratio,0.02,0.042197530800397544,0.039472175705732096,0.125,46
lisa,erm,True,0.0365787147661328,0.03174786532097826,0.001007926952438974,0.0409127157682943,0.01979146809101272,0.04062483363062104,0.2563688833143882,3,0.25,ratio,0.05,0.042197530800397544,0.039472175705732096,0.125,10
lisa,erm,True,0.0365787147661328,0.03174786532097826,0.001007926952438974,0.0409127157682943,0.01979146809101272,0.04062483363062104,0.2563688833143882,3,0.25,ratio,0.1,0.042197530800397544,0.039472175705732096,0.125,5
lisa,erm,True,0.0365787147661328,0.03174786532097826,0.001007926952438974,0.0409127157682943,0.01979146809101272,0.04062483363062104,0.2563688833143882,3,0.25,ratio,0.2,0.042197530800397544,0.039472175705732096,0.125,3
lisa,erm,True,0.0365787147661328,0.03174786532097826,0.001007926952438974,0.0409127157682943,0.01979146809101272,0.04062483363062104,0.2563688833143882,3,0.25,design,0.02,0.042197530800397544,0.039472175705732096,0.125,
lisa,erm,True,0.0365787147661328,0.03174786532097826,0.001007926952438974,0.0409127157682943,0.01979146809101272,0.04062483363062104,0.2563688833143882,3,0.25,design,0.05,0.042197530800397544,0.039472175705732096,0.125,
lisa,erm,True,0.0365787147661328,0.03174786532097826,0.001007926952438974,0.0409127157682943,0.01979146809101272,0.04062483363062104,0.2563688833143882,3,0.25,design,0.1,0.042197530800397544,0.039472175705732096,0.125,5
lisa,erm,True,0.0365787147661328,0.03174786532097826,0.001007926952438974,0.0409127157682943,0.01979146809101272,0.04062483363062104,0.2563688833143882,3,0.25,design,0.2,0.042197530800397544,0.039472175705732096,0.125,3
lisa,erm,True,0.0365787147661328,0.03174786532097826,0.001007926952438974,0.0409127157682943,0.01979146809101272,0.04062483363062104,0.2563688833143882,3,0.5,ratio,0.02,0.04557854253840927,0.039472175705732096,0.25,64
lisa,erm,True,0.0365787147661328,0.03174786532097826,0.001007926952438974,0.0409127157682943,0.01979146809101272,0.04062483363062104,0.2563688833143882,3,0.5,ratio,0.05,0.04557854253840927,0.039472175705732096,0.25,12
lisa,erm,True,0.0365787147661328,0.03174786532097826,0.001007926952438974,0.0409127157682943,0.01979146809101272,0.04062483363062104,0.2563688833143882,3,0.5,ratio,0.1,0.04557854253840927,0.039472175705732096,0.25,5
lisa,erm,True,0.0365787147661328,0.03174786532097826,0.001007926952438974,0.0409127157682943,0.01979146809101272,0.04062483363062104,0.2563688833143882,3,0.5,ratio,0.2,0.04557854253840927,0.039472175705732096,0.25,3
lisa,erm,True,0.0365787147661328,0.03174786532097826,0.001007926952438974,0.0409127157682943,0.01979146809101272,0.04062483363062104,0.2563688833143882,3,0.5,design,0.02,0.04557854253840927,0.039472175705732096,0.25,
lisa,erm,True,0.0365787147661328,0.03174786532097826,0.001007926952438974,0.0409127157682943,0.01979146809101272,0.04062483363062104,0.2563688833143882,3,0.5,design,0.05,0.04557854253840927,0.039472175705732096,0.25,
lisa,erm,True,0.0365787147661328,0.03174786532097826,0.001007926952438974,0.0409127157682943,0.01979146809101272,0.04062483363062104,0.2563688833143882,3,0.5,design,0.1,0.04557854253840927,0.039472175705732096,0.25,12
lisa,erm,True,0.0365787147661328,0.03174786532097826,0.001007926952438974,0.0409127157682943,0.01979146809101272,0.04062483363062104,0.2563688833143882,3,0.5,design,0.2,0.04557854253840927,0.039472175705732096,0.25,3
lisa,erm,True,0.0365787147661328,0.03174786532097826,0.001007926952438974,0.0409127157682943,0.01979146809101272,0.04062483363062104,0.2563688833143882,5,0.0,none,0.02,0.0365787147661328,0.0365787147661328,0.0,29
lisa,erm,True,0.0365787147661328,0.03174786532097826,0.001007926952438974,0.0409127157682943,0.01979146809101272,0.04062483363062104,0.2563688833143882,5,0.0,none,0.05,0.0365787147661328,0.0365787147661328,0.0,7
lisa,erm,True,0.0365787147661328,0.03174786532097826,0.001007926952438974,0.0409127157682943,0.01979146809101272,0.04062483363062104,0.2563688833143882,5,0.0,none,0.1,0.0365787147661328,0.0365787147661328,0.0,4
lisa,erm,True,0.0365787147661328,0.03174786532097826,0.001007926952438974,0.0409127157682943,0.01979146809101272,0.04062483363062104,0.2563688833143882,5,0.0,none,0.2,0.0365787147661328,0.0365787147661328,0.0,3
lisa,erm,True,0.0365787147661328,0.03174786532097826,0.001007926952438974,0.0409127157682943,0.01979146809101272,0.04062483363062104,0.2563688833143882,5,0.25,ratio,0.02,0.03910429094382795,0.0365787147661328,0.125,40
lisa,erm,True,0.0365787147661328,0.03174786532097826,0.001007926952438974,0.0409127157682943,0.01979146809101272,0.04062483363062104,0.2563688833143882,5,0.25,ratio,0.05,0.03910429094382795,0.0365787147661328,0.125,9
lisa,erm,True,0.0365787147661328,0.03174786532097826,0.001007926952438974,0.0409127157682943,0.01979146809101272,0.04062483363062104,0.2563688833143882,5,0.25,ratio,0.1,0.03910429094382795,0.0365787147661328,0.125,4
lisa,erm,True,0.0365787147661328,0.03174786532097826,0.001007926952438974,0.0409127157682943,0.01979146809101272,0.04062483363062104,0.2563688833143882,5,0.25,ratio,0.2,0.03910429094382795,0.0365787147661328,0.125,3
lisa,erm,True,0.0365787147661328,0.03174786532097826,0.001007926952438974,0.0409127157682943,0.01979146809101272,0.04062483363062104,0.2563688833143882,5,0.25,design,0.02,0.03910429094382795,0.0365787147661328,0.125,
lisa,erm,True,0.0365787147661328,0.03174786532097826,0.001007926952438974,0.0409127157682943,0.01979146809101272,0.04062483363062104,0.2563688833143882,5,0.25,design,0.05,0.03910429094382795,0.0365787147661328,0.125,
lisa,erm,True,0.0365787147661328,0.03174786532097826,0.001007926952438974,0.0409127157682943,0.01979146809101272,0.04062483363062104,0.2563688833143882,5,0.25,design,0.1,0.03910429094382795,0.0365787147661328,0.125,5
lisa,erm,True,0.0365787147661328,0.03174786532097826,0.001007926952438974,0.0409127157682943,0.01979146809101272,0.04062483363062104,0.2563688833143882,5,0.25,design,0.2,0.03910429094382795,0.0365787147661328,0.125,3
lisa,erm,True,0.0365787147661328,0.03174786532097826,0.001007926952438974,0.0409127157682943,0.01979146809101272,0.04062483363062104,0.2563688833143882,5,0.5,ratio,0.02,0.042237461633674624,0.0365787147661328,0.25,55
lisa,erm,True,0.0365787147661328,0.03174786532097826,0.001007926952438974,0.0409127157682943,0.01979146809101272,0.04062483363062104,0.2563688833143882,5,0.5,ratio,0.05,0.042237461633674624,0.0365787147661328,0.25,11
lisa,erm,True,0.0365787147661328,0.03174786532097826,0.001007926952438974,0.0409127157682943,0.01979146809101272,0.04062483363062104,0.2563688833143882,5,0.5,ratio,0.1,0.042237461633674624,0.0365787147661328,0.25,5
lisa,erm,True,0.0365787147661328,0.03174786532097826,0.001007926952438974,0.0409127157682943,0.01979146809101272,0.04062483363062104,0.2563688833143882,5,0.5,ratio,0.2,0.042237461633674624,0.0365787147661328,0.25,3
lisa,erm,True,0.0365787147661328,0.03174786532097826,0.001007926952438974,0.0409127157682943,0.01979146809101272,0.04062483363062104,0.2563688833143882,5,0.5,design,0.02,0.042237461633674624,0.0365787147661328,0.25,
lisa,erm,True,0.0365787147661328,0.03174786532097826,0.001007926952438974,0.0409127157682943,0.01979146809101272,0.04062483363062104,0.2563688833143882,5,0.5,design,0.05,0.042237461633674624,0.0365787147661328,0.25,
lisa,erm,True,0.0365787147661328,0.03174786532097826,0.001007926952438974,0.0409127157682943,0.01979146809101272,0.04062483363062104,0.2563688833143882,5,0.5,design,0.1,0.042237461633674624,0.0365787147661328,0.25,8
lisa,erm,True,0.0365787147661328,0.03174786532097826,0.001007926952438974,0.0409127157682943,0.01979146809101272,0.04062483363062104,0.2563688833143882,5,0.5,design,0.2,0.042237461633674624,0.0365787147661328,0.25,3
lisa,erm,True,0.0365787147661328,0.03174786532097826,0.001007926952438974,0.0409127157682943,0.01979146809101272,0.04062483363062104,0.2563688833143882,10,0.0,none,0.02,0.034248571695627505,0.034248571695627505,0.0,26
lisa,erm,True,0.0365787147661328,0.03174786532097826,0.001007926952438974,0.0409127157682943,0.01979146809101272,0.04062483363062104,0.2563688833143882,10,0.0,none,0.05,0.034248571695627505,0.034248571695627505,0.0,6
lisa,erm,True,0.0365787147661328,0.03174786532097826,0.001007926952438974,0.0409127157682943,0.01979146809101272,0.04062483363062104,0.2563688833143882,10,0.0,none,0.1,0.034248571695627505,0.034248571695627505,0.0,4
lisa,erm,True,0.0365787147661328,0.03174786532097826,0.001007926952438974,0.0409127157682943,0.01979146809101272,0.04062483363062104,0.2563688833143882,10,0.0,none,0.2,0.034248571695627505,0.034248571695627505,0.0,3
lisa,erm,True,0.0365787147661328,0.03174786532097826,0.001007926952438974,0.0409127157682943,0.01979146809101272,0.04062483363062104,0.2563688833143882,10,0.25,ratio,0.02,0.036613263220400455,0.034248571695627505,0.125,35
lisa,erm,True,0.0365787147661328,0.03174786532097826,0.001007926952438974,0.0409127157682943,0.01979146809101272,0.04062483363062104,0.2563688833143882,10,0.25,ratio,0.05,0.036613263220400455,0.034248571695627505,0.125,8
lisa,erm,True,0.0365787147661328,0.03174786532097826,0.001007926952438974,0.0409127157682943,0.01979146809101272,0.04062483363062104,0.2563688833143882,10,0.25,ratio,0.1,0.036613263220400455,0.034248571695627505,0.125,4
lisa,erm,True,0.0365787147661328,0.03174786532097826,0.001007926952438974,0.0409127157682943,0.01979146809101272,0.04062483363062104,0.2563688833143882,10,0.25,ratio,0.2,0.036613263220400455,0.034248571695627505,0.125,3
lisa,erm,True,0.0365787147661328,0.03174786532097826,0.001007926952438974,0.0409127157682943,0.01979146809101272,0.04062483363062104,0.2563688833143882,10,0.25,design,0.02,0.036613263220400455,0.034248571695627505,0.125,
lisa,erm,True,0.0365787147661328,0.03174786532097826,0.001007926952438974,0.0409127157682943,0.01979146809101272,0.04062483363062104,0.2563688833143882,10,0.25,design,0.05,0.036613263220400455,0.034248571695627505,0.125,
lisa,erm,True,0.0365787147661328,0.03174786532097826,0.001007926952438974,0.0409127157682943,0.01979146809101272,0.04062483363062104,0.2563688833143882,10,0.25,design,0.1,0.036613263220400455,0.034248571695627505,0.125,4
lisa,erm,True,0.0365787147661328,0.03174786532097826,0.001007926952438974,0.0409127157682943,0.01979146809101272,0.04062483363062104,0.2563688833143882,10,0.25,design,0.2,0.036613263220400455,0.034248571695627505,0.125,3
lisa,erm,True,0.0365787147661328,0.03174786532097826,0.001007926952438974,0.0409127157682943,0.01979146809101272,0.04062483363062104,0.2563688833143882,10,0.5,ratio,0.02,0.039546844175661476,0.034248571695627505,0.25,48
lisa,erm,True,0.0365787147661328,0.03174786532097826,0.001007926952438974,0.0409127157682943,0.01979146809101272,0.04062483363062104,0.2563688833143882,10,0.5,ratio,0.05,0.039546844175661476,0.034248571695627505,0.25,10
lisa,erm,True,0.0365787147661328,0.03174786532097826,0.001007926952438974,0.0409127157682943,0.01979146809101272,0.04062483363062104,0.2563688833143882,10,0.5,ratio,0.1,0.039546844175661476,0.034248571695627505,0.25,5
lisa,erm,True,0.0365787147661328,0.03174786532097826,0.001007926952438974,0.0409127157682943,0.01979146809101272,0.04062483363062104,0.2563688833143882,10,0.5,ratio,0.2,0.039546844175661476,0.034248571695627505,0.25,3
lisa,erm,True,0.0365787147661328,0.03174786532097826,0.001007926952438974,0.0409127157682943,0.01979146809101272,0.04062483363062104,0.2563688833143882,10,0.5,design,0.02,0.039546844175661476,0.034248571695627505,0.25,
lisa,erm,True,0.0365787147661328,0.03174786532097826,0.001007926952438974,0.0409127157682943,0.01979146809101272,0.04062483363062104,0.2563688833143882,10,0.5,design,0.05,0.039546844175661476,0.034248571695627505,0.25,
lisa,erm,True,0.0365787147661328,0.03174786532097826,0.001007926952438974,0.0409127157682943,0.01979146809101272,0.04062483363062104,0.2563688833143882,10,0.5,design,0.1,0.039546844175661476,0.034248571695627505,0.25,6
lisa,erm,True,0.0365787147661328,0.03174786532097826,0.001007926952438974,0.0409127157682943,0.01979146809101272,0.04062483363062104,0.2563688833143882,10,0.5,design,0.2,0.039546844175661476,0.034248571695627505,0.25,3
macenko,erm,True,0.021831911838811932,0.018776098746821315,0.0003525418841503849,0.008829271425786699,0.01979146809101272,0.024908882992546212,-0.43147117651492317,1,0.0,none,0.02,0.031192857132470934,0.031192857132470934,0.0,22
macenko,erm,True,0.021831911838811932,0.018776098746821315,0.0003525418841503849,0.008829271425786699,0.01979146809101272,0.024908882992546212,-0.43147117651492317,1,0.0,none,0.05,0.031192857132470934,0.031192857132470934,0.0,6
macenko,erm,True,0.021831911838811932,0.018776098746821315,0.0003525418841503849,0.008829271425786699,0.01979146809101272,0.024908882992546212,-0.43147117651492317,1,0.0,none,0.1,0.031192857132470934,0.031192857132470934,0.0,4
macenko,erm,True,0.021831911838811932,0.018776098746821315,0.0003525418841503849,0.008829271425786699,0.01979146809101272,0.024908882992546212,-0.43147117651492317,1,0.0,none,0.2,0.031192857132470934,0.031192857132470934,0.0,3
macenko,erm,True,0.021831911838811932,0.018776098746821315,0.0003525418841503849,0.008829271425786699,0.01979146809101272,0.024908882992546212,-0.43147117651492317,1,0.25,ratio,0.02,0.03334656694408403,0.031192857132470934,0.125,30
macenko,erm,True,0.021831911838811932,0.018776098746821315,0.0003525418841503849,0.008829271425786699,0.01979146809101272,0.024908882992546212,-0.43147117651492317,1,0.25,ratio,0.05,0.03334656694408403,0.031192857132470934,0.125,7
macenko,erm,True,0.021831911838811932,0.018776098746821315,0.0003525418841503849,0.008829271425786699,0.01979146809101272,0.024908882992546212,-0.43147117651492317,1,0.25,ratio,0.1,0.03334656694408403,0.031192857132470934,0.125,4
macenko,erm,True,0.021831911838811932,0.018776098746821315,0.0003525418841503849,0.008829271425786699,0.01979146809101272,0.024908882992546212,-0.43147117651492317,1,0.25,ratio,0.2,0.03334656694408403,0.031192857132470934,0.125,3
macenko,erm,True,0.021831911838811932,0.018776098746821315,0.0003525418841503849,0.008829271425786699,0.01979146809101272,0.024908882992546212,-0.43147117651492317,1,0.25,design,0.02,0.03334656694408403,0.031192857132470934,0.125,
macenko,erm,True,0.021831911838811932,0.018776098746821315,0.0003525418841503849,0.008829271425786699,0.01979146809101272,0.024908882992546212,-0.43147117651492317,1,0.25,design,0.05,0.03334656694408403,0.031192857132470934,0.125,30
macenko,erm,True,0.021831911838811932,0.018776098746821315,0.0003525418841503849,0.008829271425786699,0.01979146809101272,0.024908882992546212,-0.43147117651492317,1,0.25,design,0.1,0.03334656694408403,0.031192857132470934,0.125,4
macenko,erm,True,0.021831911838811932,0.018776098746821315,0.0003525418841503849,0.008829271425786699,0.01979146809101272,0.024908882992546212,-0.43147117651492317,1,0.25,design,0.2,0.03334656694408403,0.031192857132470934,0.125,3
macenko,erm,True,0.021831911838811932,0.018776098746821315,0.0003525418841503849,0.008829271425786699,0.01979146809101272,0.024908882992546212,-0.43147117651492317,1,0.5,ratio,0.02,0.03601840892445127,0.031192857132470934,0.25,41
macenko,erm,True,0.021831911838811932,0.018776098746821315,0.0003525418841503849,0.008829271425786699,0.01979146809101272,0.024908882992546212,-0.43147117651492317,1,0.5,ratio,0.05,0.03601840892445127,0.031192857132470934,0.25,9
macenko,erm,True,0.021831911838811932,0.018776098746821315,0.0003525418841503849,0.008829271425786699,0.01979146809101272,0.024908882992546212,-0.43147117651492317,1,0.5,ratio,0.1,0.03601840892445127,0.031192857132470934,0.25,4
macenko,erm,True,0.021831911838811932,0.018776098746821315,0.0003525418841503849,0.008829271425786699,0.01979146809101272,0.024908882992546212,-0.43147117651492317,1,0.5,ratio,0.2,0.03601840892445127,0.031192857132470934,0.25,3
macenko,erm,True,0.021831911838811932,0.018776098746821315,0.0003525418841503849,0.008829271425786699,0.01979146809101272,0.024908882992546212,-0.43147117651492317,1,0.5,design,0.02,0.03601840892445127,0.031192857132470934,0.25,
macenko,erm,True,0.021831911838811932,0.018776098746821315,0.0003525418841503849,0.008829271425786699,0.01979146809101272,0.024908882992546212,-0.43147117651492317,1,0.5,design,0.05,0.03601840892445127,0.031192857132470934,0.25,
macenko,erm,True,0.021831911838811932,0.018776098746821315,0.0003525418841503849,0.008829271425786699,0.01979146809101272,0.024908882992546212,-0.43147117651492317,1,0.5,design,0.1,0.03601840892445127,0.031192857132470934,0.25,5
macenko,erm,True,0.021831911838811932,0.018776098746821315,0.0003525418841503849,0.008829271425786699,0.01979146809101272,0.024908882992546212,-0.43147117651492317,1,0.5,design,0.2,0.03601840892445127,0.031192857132470934,0.25,3
macenko,erm,True,0.021831911838811932,0.018776098746821315,0.0003525418841503849,0.008829271425786699,0.01979146809101272,0.024908882992546212,-0.43147117651492317,3,0.0,none,0.02,0.023650779440203887,0.023650779440203887,0.0,14
macenko,erm,True,0.021831911838811932,0.018776098746821315,0.0003525418841503849,0.008829271425786699,0.01979146809101272,0.024908882992546212,-0.43147117651492317,3,0.0,none,0.05,0.023650779440203887,0.023650779440203887,0.0,5
macenko,erm,True,0.021831911838811932,0.018776098746821315,0.0003525418841503849,0.008829271425786699,0.01979146809101272,0.024908882992546212,-0.43147117651492317,3,0.0,none,0.1,0.023650779440203887,0.023650779440203887,0.0,3
macenko,erm,True,0.021831911838811932,0.018776098746821315,0.0003525418841503849,0.008829271425786699,0.01979146809101272,0.024908882992546212,-0.43147117651492317,3,0.0,none,0.2,0.023650779440203887,0.023650779440203887,0.0,3
macenko,erm,True,0.021831911838811932,0.018776098746821315,0.0003525418841503849,0.008829271425786699,0.01979146809101272,0.024908882992546212,-0.43147117651492317,3,0.25,ratio,0.02,0.025283746741542896,0.023650779440203887,0.125,18
macenko,erm,True,0.021831911838811932,0.018776098746821315,0.0003525418841503849,0.008829271425786699,0.01979146809101272,0.024908882992546212,-0.43147117651492317,3,0.25,ratio,0.05,0.025283746741542896,0.023650779440203887,0.125,5
macenko,erm,True,0.021831911838811932,0.018776098746821315,0.0003525418841503849,0.008829271425786699,0.01979146809101272,0.024908882992546212,-0.43147117651492317,3,0.25,ratio,0.1,0.025283746741542896,0.023650779440203887,0.125,3
macenko,erm,True,0.021831911838811932,0.018776098746821315,0.0003525418841503849,0.008829271425786699,0.01979146809101272,0.024908882992546212,-0.43147117651492317,3,0.25,ratio,0.2,0.025283746741542896,0.023650779440203887,0.125,3
macenko,erm,True,0.021831911838811932,0.018776098746821315,0.0003525418841503849,0.008829271425786699,0.01979146809101272,0.024908882992546212,-0.43147117651492317,3,0.25,design,0.02,0.025283746741542896,0.023650779440203887,0.125,
macenko,erm,True,0.021831911838811932,0.018776098746821315,0.0003525418841503849,0.008829271425786699,0.01979146809101272,0.024908882992546212,-0.43147117651492317,3,0.25,design,0.05,0.025283746741542896,0.023650779440203887,0.125,7
macenko,erm,True,0.021831911838811932,0.018776098746821315,0.0003525418841503849,0.008829271425786699,0.01979146809101272,0.024908882992546212,-0.43147117651492317,3,0.25,design,0.1,0.025283746741542896,0.023650779440203887,0.125,3
macenko,erm,True,0.021831911838811932,0.018776098746821315,0.0003525418841503849,0.008829271425786699,0.01979146809101272,0.024908882992546212,-0.43147117651492317,3,0.25,design,0.2,0.025283746741542896,0.023650779440203887,0.125,3
macenko,erm,True,0.021831911838811932,0.018776098746821315,0.0003525418841503849,0.008829271425786699,0.01979146809101272,0.024908882992546212,-0.43147117651492317,3,0.5,ratio,0.02,0.027309567752692363,0.023650779440203887,0.25,24
macenko,erm,True,0.021831911838811932,0.018776098746821315,0.0003525418841503849,0.008829271425786699,0.01979146809101272,0.024908882992546212,-0.43147117651492317,3,0.5,ratio,0.05,0.027309567752692363,0.023650779440203887,0.25,6
macenko,erm,True,0.021831911838811932,0.018776098746821315,0.0003525418841503849,0.008829271425786699,0.01979146809101272,0.024908882992546212,-0.43147117651492317,3,0.5,ratio,0.1,0.027309567752692363,0.023650779440203887,0.25,4
macenko,erm,True,0.021831911838811932,0.018776098746821315,0.0003525418841503849,0.008829271425786699,0.01979146809101272,0.024908882992546212,-0.43147117651492317,3,0.5,ratio,0.2,0.027309567752692363,0.023650779440203887,0.25,3
macenko,erm,True,0.021831911838811932,0.018776098746821315,0.0003525418841503849,0.008829271425786699,0.01979146809101272,0.024908882992546212,-0.43147117651492317,3,0.5,design,0.02,0.027309567752692363,0.023650779440203887,0.25,
macenko,erm,True,0.021831911838811932,0.018776098746821315,0.0003525418841503849,0.008829271425786699,0.01979146809101272,0.024908882992546212,-0.43147117651492317,3,0.5,design,0.05,0.027309567752692363,0.023650779440203887,0.25,
macenko,erm,True,0.021831911838811932,0.018776098746821315,0.0003525418841503849,0.008829271425786699,0.01979146809101272,0.024908882992546212,-0.43147117651492317,3,0.5,design,0.1,0.027309567752692363,0.023650779440203887,0.25,4
macenko,erm,True,0.021831911838811932,0.018776098746821315,0.0003525418841503849,0.008829271425786699,0.01979146809101272,0.024908882992546212,-0.43147117651492317,3,0.5,design,0.2,0.027309567752692363,0.023650779440203887,0.25,3
macenko,erm,True,0.021831911838811932,0.018776098746821315,0.0003525418841503849,0.008829271425786699,0.01979146809101272,0.024908882992546212,-0.43147117651492317,5,0.0,none,0.02,0.02183191183881193,0.02183191183881193,0.0,12
macenko,erm,True,0.021831911838811932,0.018776098746821315,0.0003525418841503849,0.008829271425786699,0.01979146809101272,0.024908882992546212,-0.43147117651492317,5,0.0,none,0.05,0.02183191183881193,0.02183191183881193,0.0,4
macenko,erm,True,0.021831911838811932,0.018776098746821315,0.0003525418841503849,0.008829271425786699,0.01979146809101272,0.024908882992546212,-0.43147117651492317,5,0.0,none,0.1,0.02183191183881193,0.02183191183881193,0.0,3
macenko,erm,True,0.021831911838811932,0.018776098746821315,0.0003525418841503849,0.008829271425786699,0.01979146809101272,0.024908882992546212,-0.43147117651492317,5,0.0,none,0.2,0.02183191183881193,0.02183191183881193,0.0,3
macenko,erm,True,0.021831911838811932,0.018776098746821315,0.0003525418841503849,0.008829271425786699,0.01979146809101272,0.024908882992546212,-0.43147117651492317,5,0.25,ratio,0.02,0.023339295485453746,0.02183191183881193,0.125,16
macenko,erm,True,0.021831911838811932,0.018776098746821315,0.0003525418841503849,0.008829271425786699,0.01979146809101272,0.024908882992546212,-0.43147117651492317,5,0.25,ratio,0.05,0.023339295485453746,0.02183191183881193,0.125,5
macenko,erm,True,0.021831911838811932,0.018776098746821315,0.0003525418841503849,0.008829271425786699,0.01979146809101272,0.024908882992546212,-0.43147117651492317,5,0.25,ratio,0.1,0.023339295485453746,0.02183191183881193,0.125,3
macenko,erm,True,0.021831911838811932,0.018776098746821315,0.0003525418841503849,0.008829271425786699,0.01979146809101272,0.024908882992546212,-0.43147117651492317,5,0.25,ratio,0.2,0.023339295485453746,0.02183191183881193,0.125,3
macenko,erm,True,0.021831911838811932,0.018776098746821315,0.0003525418841503849,0.008829271425786699,0.01979146809101272,0.024908882992546212,-0.43147117651492317,5,0.25,design,0.02,0.023339295485453746,0.02183191183881193,0.125,
macenko,erm,True,0.021831911838811932,0.018776098746821315,0.0003525418841503849,0.008829271425786699,0.01979146809101272,0.024908882992546212,-0.43147117651492317,5,0.25,design,0.05,0.023339295485453746,0.02183191183881193,0.125,6
macenko,erm,True,0.021831911838811932,0.018776098746821315,0.0003525418841503849,0.008829271425786699,0.01979146809101272,0.024908882992546212,-0.43147117651492317,5,0.25,design,0.1,0.023339295485453746,0.02183191183881193,0.125,3
macenko,erm,True,0.021831911838811932,0.018776098746821315,0.0003525418841503849,0.008829271425786699,0.01979146809101272,0.024908882992546212,-0.43147117651492317,5,0.25,design,0.2,0.023339295485453746,0.02183191183881193,0.125,3
macenko,erm,True,0.021831911838811932,0.018776098746821315,0.0003525418841503849,0.008829271425786699,0.01979146809101272,0.024908882992546212,-0.43147117651492317,5,0.5,ratio,0.02,0.02520932035412449,0.02183191183881193,0.25,21
macenko,erm,True,0.021831911838811932,0.018776098746821315,0.0003525418841503849,0.008829271425786699,0.01979146809101272,0.024908882992546212,-0.43147117651492317,5,0.5,ratio,0.05,0.02520932035412449,0.02183191183881193,0.25,6
macenko,erm,True,0.021831911838811932,0.018776098746821315,0.0003525418841503849,0.008829271425786699,0.01979146809101272,0.024908882992546212,-0.43147117651492317,5,0.5,ratio,0.1,0.02520932035412449,0.02183191183881193,0.25,4
macenko,erm,True,0.021831911838811932,0.018776098746821315,0.0003525418841503849,0.008829271425786699,0.01979146809101272,0.024908882992546212,-0.43147117651492317,5,0.5,ratio,0.2,0.02520932035412449,0.02183191183881193,0.25,3
macenko,erm,True,0.021831911838811932,0.018776098746821315,0.0003525418841503849,0.008829271425786699,0.01979146809101272,0.024908882992546212,-0.43147117651492317,5,0.5,design,0.02,0.02520932035412449,0.02183191183881193,0.25,
macenko,erm,True,0.021831911838811932,0.018776098746821315,0.0003525418841503849,0.008829271425786699,0.01979146809101272,0.024908882992546212,-0.43147117651492317,5,0.5,design,0.05,0.02520932035412449,0.02183191183881193,0.25,804
macenko,erm,True,0.021831911838811932,0.018776098746821315,0.0003525418841503849,0.008829271425786699,0.01979146809101272,0.024908882992546212,-0.43147117651492317,5,0.5,design,0.1,0.02520932035412449,0.02183191183881193,0.25,4
macenko,erm,True,0.021831911838811932,0.018776098746821315,0.0003525418841503849,0.008829271425786699,0.01979146809101272,0.024908882992546212,-0.43147117651492317,5,0.5,design,0.2,0.02520932035412449,0.02183191183881193,0.25,3
macenko,erm,True,0.021831911838811932,0.018776098746821315,0.0003525418841503849,0.008829271425786699,0.01979146809101272,0.024908882992546212,-0.43147117651492317,10,0.0,none,0.02,0.020361412754129334,0.020361412754129334,0.0,11
macenko,erm,True,0.021831911838811932,0.018776098746821315,0.0003525418841503849,0.008829271425786699,0.01979146809101272,0.024908882992546212,-0.43147117651492317,10,0.0,none,0.05,0.020361412754129334,0.020361412754129334,0.0,4
macenko,erm,True,0.021831911838811932,0.018776098746821315,0.0003525418841503849,0.008829271425786699,0.01979146809101272,0.024908882992546212,-0.43147117651492317,10,0.0,none,0.1,0.020361412754129334,0.020361412754129334,0.0,3
macenko,erm,True,0.021831911838811932,0.018776098746821315,0.0003525418841503849,0.008829271425786699,0.01979146809101272,0.024908882992546212,-0.43147117651492317,10,0.0,none,0.2,0.020361412754129334,0.020361412754129334,0.0,3
macenko,erm,True,0.021831911838811932,0.018776098746821315,0.0003525418841503849,0.008829271425786699,0.01979146809101272,0.024908882992546212,-0.43147117651492317,10,0.25,ratio,0.02,0.021767265839040335,0.020361412754129334,0.125,14
macenko,erm,True,0.021831911838811932,0.018776098746821315,0.0003525418841503849,0.008829271425786699,0.01979146809101272,0.024908882992546212,-0.43147117651492317,10,0.25,ratio,0.05,0.021767265839040335,0.020361412754129334,0.125,5
macenko,erm,True,0.021831911838811932,0.018776098746821315,0.0003525418841503849,0.008829271425786699,0.01979146809101272,0.024908882992546212,-0.43147117651492317,10,0.25,ratio,0.1,0.021767265839040335,0.020361412754129334,0.125,3
macenko,erm,True,0.021831911838811932,0.018776098746821315,0.0003525418841503849,0.008829271425786699,0.01979146809101272,0.024908882992546212,-0.43147117651492317,10,0.25,ratio,0.2,0.021767265839040335,0.020361412754129334,0.125,3
macenko,erm,True,0.021831911838811932,0.018776098746821315,0.0003525418841503849,0.008829271425786699,0.01979146809101272,0.024908882992546212,-0.43147117651492317,10,0.25,design,0.02,0.021767265839040335,0.020361412754129334,0.125,
macenko,erm,True,0.021831911838811932,0.018776098746821315,0.0003525418841503849,0.008829271425786699,0.01979146809101272,0.024908882992546212,-0.43147117651492317,10,0.25,design,0.05,0.021767265839040335,0.020361412754129334,0.125,5
macenko,erm,True,0.021831911838811932,0.018776098746821315,0.0003525418841503849,0.008829271425786699,0.01979146809101272,0.024908882992546212,-0.43147117651492317,10,0.25,design,0.1,0.021767265839040335,0.020361412754129334,0.125,3
macenko,erm,True,0.021831911838811932,0.018776098746821315,0.0003525418841503849,0.008829271425786699,0.01979146809101272,0.024908882992546212,-0.43147117651492317,10,0.25,design,0.2,0.021767265839040335,0.020361412754129334,0.125,3
macenko,erm,True,0.021831911838811932,0.018776098746821315,0.0003525418841503849,0.008829271425786699,0.01979146809101272,0.024908882992546212,-0.43147117651492317,10,0.5,ratio,0.02,0.023511334269355304,0.020361412754129334,0.25,19
macenko,erm,True,0.021831911838811932,0.018776098746821315,0.0003525418841503849,0.008829271425786699,0.01979146809101272,0.024908882992546212,-0.43147117651492317,10,0.5,ratio,0.05,0.023511334269355304,0.020361412754129334,0.25,5
macenko,erm,True,0.021831911838811932,0.018776098746821315,0.0003525418841503849,0.008829271425786699,0.01979146809101272,0.024908882992546212,-0.43147117651492317,10,0.5,ratio,0.1,0.023511334269355304,0.020361412754129334,0.25,3
macenko,erm,True,0.021831911838811932,0.018776098746821315,0.0003525418841503849,0.008829271425786699,0.01979146809101272,0.024908882992546212,-0.43147117651492317,10,0.5,ratio,0.2,0.023511334269355304,0.020361412754129334,0.25,3
macenko,erm,True,0.021831911838811932,0.018776098746821315,0.0003525418841503849,0.008829271425786699,0.01979146809101272,0.024908882992546212,-0.43147117651492317,10,0.5,design,0.02,0.023511334269355304,0.020361412754129334,0.25,
macenko,erm,True,0.021831911838811932,0.018776098746821315,0.0003525418841503849,0.008829271425786699,0.01979146809101272,0.024908882992546212,-0.43147117651492317,10,0.5,design,0.05,0.023511334269355304,0.020361412754129334,0.25,16
macenko,erm,True,0.021831911838811932,0.018776098746821315,0.0003525418841503849,0.008829271425786699,0.01979146809101272,0.024908882992546212,-0.43147117651492317,10,0.5,design,0.1,0.023511334269355304,0.020361412754129334,0.25,3
macenko,erm,True,0.021831911838811932,0.018776098746821315,0.0003525418841503849,0.008829271425786699,0.01979146809101272,0.024908882992546212,-0.43147117651492317,10,0.5,design,0.2,0.023511334269355304,0.020361412754129334,0.25,3
macenko_tile,erm,True,0.03417066658248342,0.032872051108980616,0.0010805717441114337,0.006004799406873319,0.01979146809101272,0.02086416911595272,-0.031780067821084286,1,0.0,none,0.02,0.03893437166579819,0.03893437166579819,0.0,32
macenko_tile,erm,True,0.03417066658248342,0.032872051108980616,0.0010805717441114337,0.006004799406873319,0.01979146809101272,0.02086416911595272,-0.031780067821084286,1,0.0,none,0.05,0.03893437166579819,0.03893437166579819,0.0,7
macenko_tile,erm,True,0.03417066658248342,0.032872051108980616,0.0010805717441114337,0.006004799406873319,0.01979146809101272,0.02086416911595272,-0.031780067821084286,1,0.0,none,0.1,0.03893437166579819,0.03893437166579819,0.0,4
macenko_tile,erm,True,0.03417066658248342,0.032872051108980616,0.0010805717441114337,0.006004799406873319,0.01979146809101272,0.02086416911595272,-0.031780067821084286,1,0.0,none,0.2,0.03893437166579819,0.03893437166579819,0.0,3
macenko_tile,erm,True,0.03417066658248342,0.032872051108980616,0.0010805717441114337,0.006004799406873319,0.01979146809101272,0.02086416911595272,-0.031780067821084286,1,0.25,ratio,0.02,0.04162259409792453,0.03893437166579819,0.125,45
macenko_tile,erm,True,0.03417066658248342,0.032872051108980616,0.0010805717441114337,0.006004799406873319,0.01979146809101272,0.02086416911595272,-0.031780067821084286,1,0.25,ratio,0.05,0.04162259409792453,0.03893437166579819,0.125,9
macenko_tile,erm,True,0.03417066658248342,0.032872051108980616,0.0010805717441114337,0.006004799406873319,0.01979146809101272,0.02086416911595272,-0.031780067821084286,1,0.25,ratio,0.1,0.04162259409792453,0.03893437166579819,0.125,4
macenko_tile,erm,True,0.03417066658248342,0.032872051108980616,0.0010805717441114337,0.006004799406873319,0.01979146809101272,0.02086416911595272,-0.031780067821084286,1,0.25,ratio,0.2,0.04162259409792453,0.03893437166579819,0.125,3
macenko_tile,erm,True,0.03417066658248342,0.032872051108980616,0.0010805717441114337,0.006004799406873319,0.01979146809101272,0.02086416911595272,-0.031780067821084286,1,0.25,design,0.02,0.04162259409792453,0.03893437166579819,0.125,
macenko_tile,erm,True,0.03417066658248342,0.032872051108980616,0.0010805717441114337,0.006004799406873319,0.01979146809101272,0.02086416911595272,-0.031780067821084286,1,0.25,design,0.05,0.04162259409792453,0.03893437166579819,0.125,
macenko_tile,erm,True,0.03417066658248342,0.032872051108980616,0.0010805717441114337,0.006004799406873319,0.01979146809101272,0.02086416911595272,-0.031780067821084286,1,0.25,design,0.1,0.04162259409792453,0.03893437166579819,0.125,5
macenko_tile,erm,True,0.03417066658248342,0.032872051108980616,0.0010805717441114337,0.006004799406873319,0.01979146809101272,0.02086416911595272,-0.031780067821084286,1,0.25,design,0.2,0.04162259409792453,0.03893437166579819,0.125,3
macenko_tile,erm,True,0.03417066658248342,0.032872051108980616,0.0010805717441114337,0.006004799406873319,0.01979146809101272,0.02086416911595272,-0.031780067821084286,1,0.5,ratio,0.02,0.04495753992395505,0.03893437166579819,0.25,62
macenko_tile,erm,True,0.03417066658248342,0.032872051108980616,0.0010805717441114337,0.006004799406873319,0.01979146809101272,0.02086416911595272,-0.031780067821084286,1,0.5,ratio,0.05,0.04495753992395505,0.03893437166579819,0.25,12
macenko_tile,erm,True,0.03417066658248342,0.032872051108980616,0.0010805717441114337,0.006004799406873319,0.01979146809101272,0.02086416911595272,-0.031780067821084286,1,0.5,ratio,0.1,0.04495753992395505,0.03893437166579819,0.25,5
macenko_tile,erm,True,0.03417066658248342,0.032872051108980616,0.0010805717441114337,0.006004799406873319,0.01979146809101272,0.02086416911595272,-0.031780067821084286,1,0.5,ratio,0.2,0.04495753992395505,0.03893437166579819,0.25,3
macenko_tile,erm,True,0.03417066658248342,0.032872051108980616,0.0010805717441114337,0.006004799406873319,0.01979146809101272,0.02086416911595272,-0.031780067821084286,1,0.5,design,0.02,0.04495753992395505,0.03893437166579819,0.25,
macenko_tile,erm,True,0.03417066658248342,0.032872051108980616,0.0010805717441114337,0.006004799406873319,0.01979146809101272,0.02086416911595272,-0.031780067821084286,1,0.5,design,0.05,0.04495753992395505,0.03893437166579819,0.25,
macenko_tile,erm,True,0.03417066658248342,0.032872051108980616,0.0010805717441114337,0.006004799406873319,0.01979146809101272,0.02086416911595272,-0.031780067821084286,1,0.5,design,0.1,0.04495753992395505,0.03893437166579819,0.25,11
macenko_tile,erm,True,0.03417066658248342,0.032872051108980616,0.0010805717441114337,0.006004799406873319,0.01979146809101272,0.02086416911595272,-0.031780067821084286,1,0.5,design,0.2,0.04495753992395505,0.03893437166579819,0.25,3
macenko_tile,erm,True,0.03417066658248342,0.032872051108980616,0.0010805717441114337,0.006004799406873319,0.01979146809101272,0.02086416911595272,-0.031780067821084286,3,0.0,none,0.02,0.03500965954910814,0.03500965954910814,0.0,27
macenko_tile,erm,True,0.03417066658248342,0.032872051108980616,0.0010805717441114337,0.006004799406873319,0.01979146809101272,0.02086416911595272,-0.031780067821084286,3,0.0,none,0.05,0.03500965954910814,0.03500965954910814,0.0,7
macenko_tile,erm,True,0.03417066658248342,0.032872051108980616,0.0010805717441114337,0.006004799406873319,0.01979146809101272,0.02086416911595272,-0.031780067821084286,3,0.0,none,0.1,0.03500965954910814,0.03500965954910814,0.0,4
macenko_tile,erm,True,0.03417066658248342,0.032872051108980616,0.0010805717441114337,0.006004799406873319,0.01979146809101272,0.02086416911595272,-0.031780067821084286,3,0.0,none,0.2,0.03500965954910814,0.03500965954910814,0.0,3
macenko_tile,erm,True,0.03417066658248342,0.032872051108980616,0.0010805717441114337,0.006004799406873319,0.01979146809101272,0.02086416911595272,-0.031780067821084286,3,0.25,ratio,0.02,0.03742690036010324,0.03500965954910814,0.125,37
macenko_tile,erm,True,0.03417066658248342,0.032872051108980616,0.0010805717441114337,0.006004799406873319,0.01979146809101272,0.02086416911595272,-0.031780067821084286,3,0.25,ratio,0.05,0.03742690036010324,0.03500965954910814,0.125,8
macenko_tile,erm,True,0.03417066658248342,0.032872051108980616,0.0010805717441114337,0.006004799406873319,0.01979146809101272,0.02086416911595272,-0.031780067821084286,3,0.25,ratio,0.1,0.03742690036010324,0.03500965954910814,0.125,4
macenko_tile,erm,True,0.03417066658248342,0.032872051108980616,0.0010805717441114337,0.006004799406873319,0.01979146809101272,0.02086416911595272,-0.031780067821084286,3,0.25,ratio,0.2,0.03742690036010324,0.03500965954910814,0.125,3
macenko_tile,erm,True,0.03417066658248342,0.032872051108980616,0.0010805717441114337,0.006004799406873319,0.01979146809101272,0.02086416911595272,-0.031780067821084286,3,0.25,design,0.02,0.03742690036010324,0.03500965954910814,0.125,
macenko_tile,erm,True,0.03417066658248342,0.032872051108980616,0.0010805717441114337,0.006004799406873319,0.01979146809101272,0.02086416911595272,-0.031780067821084286,3,0.25,design,0.05,0.03742690036010324,0.03500965954910814,0.125,
macenko_tile,erm,True,0.03417066658248342,0.032872051108980616,0.0010805717441114337,0.006004799406873319,0.01979146809101272,0.02086416911595272,-0.031780067821084286,3,0.25,design,0.1,0.03742690036010324,0.03500965954910814,0.125,4
macenko_tile,erm,True,0.03417066658248342,0.032872051108980616,0.0010805717441114337,0.006004799406873319,0.01979146809101272,0.02086416911595272,-0.031780067821084286,3,0.25,design,0.2,0.03742690036010324,0.03500965954910814,0.125,3
macenko_tile,erm,True,0.03417066658248342,0.032872051108980616,0.0010805717441114337,0.006004799406873319,0.01979146809101272,0.02086416911595272,-0.031780067821084286,3,0.5,ratio,0.02,0.04042567272982948,0.03500965954910814,0.25,51
macenko_tile,erm,True,0.03417066658248342,0.032872051108980616,0.0010805717441114337,0.006004799406873319,0.01979146809101272,0.02086416911595272,-0.031780067821084286,3,0.5,ratio,0.05,0.04042567272982948,0.03500965954910814,0.25,10
macenko_tile,erm,True,0.03417066658248342,0.032872051108980616,0.0010805717441114337,0.006004799406873319,0.01979146809101272,0.02086416911595272,-0.031780067821084286,3,0.5,ratio,0.1,0.04042567272982948,0.03500965954910814,0.25,5
macenko_tile,erm,True,0.03417066658248342,0.032872051108980616,0.0010805717441114337,0.006004799406873319,0.01979146809101272,0.02086416911595272,-0.031780067821084286,3,0.5,ratio,0.2,0.04042567272982948,0.03500965954910814,0.25,3
macenko_tile,erm,True,0.03417066658248342,0.032872051108980616,0.0010805717441114337,0.006004799406873319,0.01979146809101272,0.02086416911595272,-0.031780067821084286,3,0.5,design,0.02,0.04042567272982948,0.03500965954910814,0.25,
macenko_tile,erm,True,0.03417066658248342,0.032872051108980616,0.0010805717441114337,0.006004799406873319,0.01979146809101272,0.02086416911595272,-0.031780067821084286,3,0.5,design,0.05,0.04042567272982948,0.03500965954910814,0.25,
macenko_tile,erm,True,0.03417066658248342,0.032872051108980616,0.0010805717441114337,0.006004799406873319,0.01979146809101272,0.02086416911595272,-0.031780067821084286,3,0.5,design,0.1,0.04042567272982948,0.03500965954910814,0.25,7
macenko_tile,erm,True,0.03417066658248342,0.032872051108980616,0.0010805717441114337,0.006004799406873319,0.01979146809101272,0.02086416911595272,-0.031780067821084286,3,0.5,design,0.2,0.04042567272982948,0.03500965954910814,0.25,3
macenko_tile,erm,True,0.03417066658248342,0.032872051108980616,0.0010805717441114337,0.006004799406873319,0.01979146809101272,0.02086416911595272,-0.031780067821084286,5,0.0,none,0.02,0.03417066658248341,0.03417066658248341,0.0,25
macenko_tile,erm,True,0.03417066658248342,0.032872051108980616,0.0010805717441114337,0.006004799406873319,0.01979146809101272,0.02086416911595272,-0.031780067821084286,5,0.0,none,0.05,0.03417066658248341,0.03417066658248341,0.0,6
macenko_tile,erm,True,0.03417066658248342,0.032872051108980616,0.0010805717441114337,0.006004799406873319,0.01979146809101272,0.02086416911595272,-0.031780067821084286,5,0.0,none,0.1,0.03417066658248341,0.03417066658248341,0.0,4
macenko_tile,erm,True,0.03417066658248342,0.032872051108980616,0.0010805717441114337,0.006004799406873319,0.01979146809101272,0.02086416911595272,-0.031780067821084286,5,0.0,none,0.2,0.03417066658248341,0.03417066658248341,0.0,3
macenko_tile,erm,True,0.03417066658248342,0.032872051108980616,0.0010805717441114337,0.006004799406873319,0.01979146809101272,0.02086416911595272,-0.031780067821084286,5,0.25,ratio,0.02,0.03652997915123958,0.03417066658248341,0.125,35
macenko_tile,erm,True,0.03417066658248342,0.032872051108980616,0.0010805717441114337,0.006004799406873319,0.01979146809101272,0.02086416911595272,-0.031780067821084286,5,0.25,ratio,0.05,0.03652997915123958,0.03417066658248341,0.125,8
macenko_tile,erm,True,0.03417066658248342,0.032872051108980616,0.0010805717441114337,0.006004799406873319,0.01979146809101272,0.02086416911595272,-0.031780067821084286,5,0.25,ratio,0.1,0.03652997915123958,0.03417066658248341,0.125,4
macenko_tile,erm,True,0.03417066658248342,0.032872051108980616,0.0010805717441114337,0.006004799406873319,0.01979146809101272,0.02086416911595272,-0.031780067821084286,5,0.25,ratio,0.2,0.03652997915123958,0.03417066658248341,0.125,3
macenko_tile,erm,True,0.03417066658248342,0.032872051108980616,0.0010805717441114337,0.006004799406873319,0.01979146809101272,0.02086416911595272,-0.031780067821084286,5,0.25,design,0.02,0.03652997915123958,0.03417066658248341,0.125,
macenko_tile,erm,True,0.03417066658248342,0.032872051108980616,0.0010805717441114337,0.006004799406873319,0.01979146809101272,0.02086416911595272,-0.031780067821084286,5,0.25,design,0.05,0.03652997915123958,0.03417066658248341,0.125,
macenko_tile,erm,True,0.03417066658248342,0.032872051108980616,0.0010805717441114337,0.006004799406873319,0.01979146809101272,0.02086416911595272,-0.031780067821084286,5,0.25,design,0.1,0.03652997915123958,0.03417066658248341,0.125,4
macenko_tile,erm,True,0.03417066658248342,0.032872051108980616,0.0010805717441114337,0.006004799406873319,0.01979146809101272,0.02086416911595272,-0.031780067821084286,5,0.25,design,0.2,0.03652997915123958,0.03417066658248341,0.125,3
macenko_tile,erm,True,0.03417066658248342,0.032872051108980616,0.0010805717441114337,0.006004799406873319,0.01979146809101272,0.02086416911595272,-0.031780067821084286,5,0.5,ratio,0.02,0.03945688709957149,0.03417066658248341,0.25,48
macenko_tile,erm,True,0.03417066658248342,0.032872051108980616,0.0010805717441114337,0.006004799406873319,0.01979146809101272,0.02086416911595272,-0.031780067821084286,5,0.5,ratio,0.05,0.03945688709957149,0.03417066658248341,0.25,10
macenko_tile,erm,True,0.03417066658248342,0.032872051108980616,0.0010805717441114337,0.006004799406873319,0.01979146809101272,0.02086416911595272,-0.031780067821084286,5,0.5,ratio,0.1,0.03945688709957149,0.03417066658248341,0.25,5
macenko_tile,erm,True,0.03417066658248342,0.032872051108980616,0.0010805717441114337,0.006004799406873319,0.01979146809101272,0.02086416911595272,-0.031780067821084286,5,0.5,ratio,0.2,0.03945688709957149,0.03417066658248341,0.25,3
macenko_tile,erm,True,0.03417066658248342,0.032872051108980616,0.0010805717441114337,0.006004799406873319,0.01979146809101272,0.02086416911595272,-0.031780067821084286,5,0.5,design,0.02,0.03945688709957149,0.03417066658248341,0.25,
macenko_tile,erm,True,0.03417066658248342,0.032872051108980616,0.0010805717441114337,0.006004799406873319,0.01979146809101272,0.02086416911595272,-0.031780067821084286,5,0.5,design,0.05,0.03945688709957149,0.03417066658248341,0.25,
macenko_tile,erm,True,0.03417066658248342,0.032872051108980616,0.0010805717441114337,0.006004799406873319,0.01979146809101272,0.02086416911595272,-0.031780067821084286,5,0.5,design,0.1,0.03945688709957149,0.03417066658248341,0.25,6
macenko_tile,erm,True,0.03417066658248342,0.032872051108980616,0.0010805717441114337,0.006004799406873319,0.01979146809101272,0.02086416911595272,-0.031780067821084286,5,0.5,design,0.2,0.03945688709957149,0.03417066658248341,0.25,3
macenko_tile,erm,True,0.03417066658248342,0.032872051108980616,0.0010805717441114337,0.006004799406873319,0.01979146809101272,0.02086416911595272,-0.031780067821084286,10,0.0,none,0.02,0.03352764679188418,0.03352764679188418,0.0,25
macenko_tile,erm,True,0.03417066658248342,0.032872051108980616,0.0010805717441114337,0.006004799406873319,0.01979146809101272,0.02086416911595272,-0.031780067821084286,10,0.0,none,0.05,0.03352764679188418,0.03352764679188418,0.0,6
macenko_tile,erm,True,0.03417066658248342,0.032872051108980616,0.0010805717441114337,0.006004799406873319,0.01979146809101272,0.02086416911595272,-0.031780067821084286,10,0.0,none,0.1,0.03352764679188418,0.03352764679188418,0.0,4
macenko_tile,erm,True,0.03417066658248342,0.032872051108980616,0.0010805717441114337,0.006004799406873319,0.01979146809101272,0.02086416911595272,-0.031780067821084286,10,0.0,none,0.2,0.03352764679188418,0.03352764679188418,0.0,3
macenko_tile,erm,True,0.03417066658248342,0.032872051108980616,0.0010805717441114337,0.006004799406873319,0.01979146809101272,0.02086416911595272,-0.031780067821084286,10,0.25,ratio,0.02,0.035842562080000306,0.03352764679188418,0.125,34
macenko_tile,erm,True,0.03417066658248342,0.032872051108980616,0.0010805717441114337,0.006004799406873319,0.01979146809101272,0.02086416911595272,-0.031780067821084286,10,0.25,ratio,0.05,0.035842562080000306,0.03352764679188418,0.125,8
macenko_tile,erm,True,0.03417066658248342,0.032872051108980616,0.0010805717441114337,0.006004799406873319,0.01979146809101272,0.02086416911595272,-0.031780067821084286,10,0.25,ratio,0.1,0.035842562080000306,0.03352764679188418,0.125,4
macenko_tile,erm,True,0.03417066658248342,0.032872051108980616,0.0010805717441114337,0.006004799406873319,0.01979146809101272,0.02086416911595272,-0.031780067821084286,10,0.25,ratio,0.2,0.035842562080000306,0.03352764679188418,0.125,3
macenko_tile,erm,True,0.03417066658248342,0.032872051108980616,0.0010805717441114337,0.006004799406873319,0.01979146809101272,0.02086416911595272,-0.031780067821084286,10,0.25,design,0.02,0.035842562080000306,0.03352764679188418,0.125,
macenko_tile,erm,True,0.03417066658248342,0.032872051108980616,0.0010805717441114337,0.006004799406873319,0.01979146809101272,0.02086416911595272,-0.031780067821084286,10,0.25,design,0.05,0.035842562080000306,0.03352764679188418,0.125,
macenko_tile,erm,True,0.03417066658248342,0.032872051108980616,0.0010805717441114337,0.006004799406873319,0.01979146809101272,0.02086416911595272,-0.031780067821084286,10,0.25,design,0.1,0.035842562080000306,0.03352764679188418,0.125,4
macenko_tile,erm,True,0.03417066658248342,0.032872051108980616,0.0010805717441114337,0.006004799406873319,0.01979146809101272,0.02086416911595272,-0.031780067821084286,10,0.25,design,0.2,0.035842562080000306,0.03352764679188418,0.125,3
macenko_tile,erm,True,0.03417066658248342,0.032872051108980616,0.0010805717441114337,0.006004799406873319,0.01979146809101272,0.02086416911595272,-0.031780067821084286,10,0.5,ratio,0.02,0.03871439180117805,0.03352764679188418,0.25,47
macenko_tile,erm,True,0.03417066658248342,0.032872051108980616,0.0010805717441114337,0.006004799406873319,0.01979146809101272,0.02086416911595272,-0.031780067821084286,10,0.5,ratio,0.05,0.03871439180117805,0.03352764679188418,0.25,10
macenko_tile,erm,True,0.03417066658248342,0.032872051108980616,0.0010805717441114337,0.006004799406873319,0.01979146809101272,0.02086416911595272,-0.031780067821084286,10,0.5,ratio,0.1,0.03871439180117805,0.03352764679188418,0.25,5
macenko_tile,erm,True,0.03417066658248342,0.032872051108980616,0.0010805717441114337,0.006004799406873319,0.01979146809101272,0.02086416911595272,-0.031780067821084286,10,0.5,ratio,0.2,0.03871439180117805,0.03352764679188418,0.25,3
macenko_tile,erm,True,0.03417066658248342,0.032872051108980616,0.0010805717441114337,0.006004799406873319,0.01979146809101272,0.02086416911595272,-0.031780067821084286,10,0.5,design,0.02,0.03871439180117805,0.03352764679188418,0.25,
macenko_tile,erm,True,0.03417066658248342,0.032872051108980616,0.0010805717441114337,0.006004799406873319,0.01979146809101272,0.02086416911595272,-0.031780067821084286,10,0.5,design,0.05,0.03871439180117805,0.03352764679188418,0.25,
macenko_tile,erm,True,0.03417066658248342,0.032872051108980616,0.0010805717441114337,0.006004799406873319,0.01979146809101272,0.02086416911595272,-0.031780067821084286,10,0.5,design,0.1,0.03871439180117805,0.03352764679188418,0.25,6
macenko_tile,erm,True,0.03417066658248342,0.032872051108980616,0.0010805717441114337,0.006004799406873319,0.01979146809101272,0.02086416911595272,-0.031780067821084286,10,0.5,design,0.2,0.03871439180117805,0.03352764679188418,0.25,3
mixstyle,erm,True,0.02845151684745956,0.02444011982258521,0.0005973194569423225,0.03471216128371943,0.01979146809101272,0.032570642761461786,0.3899461189984282,1,0.0,none,0.02,0.04072058726046428,0.04072058726046428,0.0,35
mixstyle,erm,True,0.02845151684745956,0.02444011982258521,0.0005973194569423225,0.03471216128371943,0.01979146809101272,0.032570642761461786,0.3899461189984282,1,0.0,none,0.05,0.04072058726046428,0.04072058726046428,0.0,8
mixstyle,erm,True,0.02845151684745956,0.02444011982258521,0.0005973194569423225,0.03471216128371943,0.01979146809101272,0.032570642761461786,0.3899461189984282,1,0.0,none,0.1,0.04072058726046428,0.04072058726046428,0.0,4
mixstyle,erm,True,0.02845151684745956,0.02444011982258521,0.0005973194569423225,0.03471216128371943,0.01979146809101272,0.032570642761461786,0.3899461189984282,1,0.0,none,0.2,0.04072058726046428,0.04072058726046428,0.0,3
mixstyle,erm,True,0.02845151684745956,0.02444011982258521,0.0005973194569423225,0.03471216128371943,0.01979146809101272,0.032570642761461786,0.3899461189984282,1,0.25,ratio,0.02,0.04353213889053972,0.04072058726046428,0.125,49
mixstyle,erm,True,0.02845151684745956,0.02444011982258521,0.0005973194569423225,0.03471216128371943,0.01979146809101272,0.032570642761461786,0.3899461189984282,1,0.25,ratio,0.05,0.04353213889053972,0.04072058726046428,0.125,10
mixstyle,erm,True,0.02845151684745956,0.02444011982258521,0.0005973194569423225,0.03471216128371943,0.01979146809101272,0.032570642761461786,0.3899461189984282,1,0.25,ratio,0.1,0.04353213889053972,0.04072058726046428,0.125,5
mixstyle,erm,True,0.02845151684745956,0.02444011982258521,0.0005973194569423225,0.03471216128371943,0.01979146809101272,0.032570642761461786,0.3899461189984282,1,0.25,ratio,0.2,0.04353213889053972,0.04072058726046428,0.125,3
mixstyle,erm,True,0.02845151684745956,0.02444011982258521,0.0005973194569423225,0.03471216128371943,0.01979146809101272,0.032570642761461786,0.3899461189984282,1,0.25,design,0.02,0.04353213889053972,0.04072058726046428,0.125,
mixstyle,erm,True,0.02845151684745956,0.02444011982258521,0.0005973194569423225,0.03471216128371943,0.01979146809101272,0.032570642761461786,0.3899461189984282,1,0.25,design,0.05,0.04353213889053972,0.04072058726046428,0.125,
mixstyle,erm,True,0.02845151684745956,0.02444011982258521,0.0005973194569423225,0.03471216128371943,0.01979146809101272,0.032570642761461786,0.3899461189984282,1,0.25,design,0.1,0.04353213889053972,0.04072058726046428,0.125,5
mixstyle,erm,True,0.02845151684745956,0.02444011982258521,0.0005973194569423225,0.03471216128371943,0.01979146809101272,0.032570642761461786,0.3899461189984282,1,0.25,design,0.2,0.04353213889053972,0.04072058726046428,0.125,3
mixstyle,erm,True,0.02845151684745956,0.02444011982258521,0.0005973194569423225,0.03471216128371943,0.01979146809101272,0.032570642761461786,0.3899461189984282,1,0.5,ratio,0.02,0.047020084032777396,0.04072058726046428,0.25,68
mixstyle,erm,True,0.02845151684745956,0.02444011982258521,0.0005973194569423225,0.03471216128371943,0.01979146809101272,0.032570642761461786,0.3899461189984282,1,0.5,ratio,0.05,0.047020084032777396,0.04072058726046428,0.25,13
mixstyle,erm,True,0.02845151684745956,0.02444011982258521,0.0005973194569423225,0.03471216128371943,0.01979146809101272,0.032570642761461786,0.3899461189984282,1,0.5,ratio,0.1,0.047020084032777396,0.04072058726046428,0.25,5
mixstyle,erm,True,0.02845151684745956,0.02444011982258521,0.0005973194569423225,0.03471216128371943,0.01979146809101272,0.032570642761461786,0.3899461189984282,1,0.5,ratio,0.2,0.047020084032777396,0.04072058726046428,0.25,3
mixstyle,erm,True,0.02845151684745956,0.02444011982258521,0.0005973194569423225,0.03471216128371943,0.01979146809101272,0.032570642761461786,0.3899461189984282,1,0.5,design,0.02,0.047020084032777396,0.04072058726046428,0.25,
mixstyle,erm,True,0.02845151684745956,0.02444011982258521,0.0005973194569423225,0.03471216128371943,0.01979146809101272,0.032570642761461786,0.3899461189984282,1,0.5,design,0.05,0.047020084032777396,0.04072058726046428,0.25,
mixstyle,erm,True,0.02845151684745956,0.02444011982258521,0.0005973194569423225,0.03471216128371943,0.01979146809101272,0.032570642761461786,0.3899461189984282,1,0.5,design,0.1,0.047020084032777396,0.04072058726046428,0.25,16
mixstyle,erm,True,0.02845151684745956,0.02444011982258521,0.0005973194569423225,0.03471216128371943,0.01979146809101272,0.032570642761461786,0.3899461189984282,1,0.5,design,0.2,0.047020084032777396,0.04072058726046428,0.25,3
mixstyle,erm,True,0.02845151684745956,0.02444011982258521,0.0005973194569423225,0.03471216128371943,0.01979146809101272,0.032570642761461786,0.3899461189984282,3,0.0,none,0.02,0.030837234748064615,0.030837234748064615,0.0,21
mixstyle,erm,True,0.02845151684745956,0.02444011982258521,0.0005973194569423225,0.03471216128371943,0.01979146809101272,0.032570642761461786,0.3899461189984282,3,0.0,none,0.05,0.030837234748064615,0.030837234748064615,0.0,6
mixstyle,erm,True,0.02845151684745956,0.02444011982258521,0.0005973194569423225,0.03471216128371943,0.01979146809101272,0.032570642761461786,0.3899461189984282,3,0.0,none,0.1,0.030837234748064615,0.030837234748064615,0.0,4
mixstyle,erm,True,0.02845151684745956,0.02444011982258521,0.0005973194569423225,0.03471216128371943,0.01979146809101272,0.032570642761461786,0.3899461189984282,3,0.0,none,0.2,0.030837234748064615,0.030837234748064615,0.0,3
mixstyle,erm,True,0.02845151684745956,0.02444011982258521,0.0005973194569423225,0.03471216128371943,0.01979146809101272,0.032570642761461786,0.3899461189984282,3,0.25,ratio,0.02,0.032966390623650865,0.030837234748064615,0.125,29
mixstyle,erm,True,0.02845151684745956,0.02444011982258521,0.0005973194569423225,0.03471216128371943,0.01979146809101272,0.032570642761461786,0.3899461189984282,3,0.25,ratio,0.05,0.032966390623650865,0.030837234748064615,0.125,7
mixstyle,erm,True,0.02845151684745956,0.02444011982258521,0.0005973194569423225,0.03471216128371943,0.01979146809101272,0.032570642761461786,0.3899461189984282,3,0.25,ratio,0.1,0.032966390623650865,0.030837234748064615,0.125,4
mixstyle,erm,True,0.02845151684745956,0.02444011982258521,0.0005973194569423225,0.03471216128371943,0.01979146809101272,0.032570642761461786,0.3899461189984282,3,0.25,ratio,0.2,0.032966390623650865,0.030837234748064615,0.125,3
mixstyle,erm,True,0.02845151684745956,0.02444011982258521,0.0005973194569423225,0.03471216128371943,0.01979146809101272,0.032570642761461786,0.3899461189984282,3,0.25,design,0.02,0.032966390623650865,0.030837234748064615,0.125,
mixstyle,erm,True,0.02845151684745956,0.02444011982258521,0.0005973194569423225,0.03471216128371943,0.01979146809101272,0.032570642761461786,0.3899461189984282,3,0.25,design,0.05,0.032966390623650865,0.030837234748064615,0.125,26
mixstyle,erm,True,0.02845151684745956,0.02444011982258521,0.0005973194569423225,0.03471216128371943,0.01979146809101272,0.032570642761461786,0.3899461189984282,3,0.25,design,0.1,0.032966390623650865,0.030837234748064615,0.125,4
mixstyle,erm,True,0.02845151684745956,0.02444011982258521,0.0005973194569423225,0.03471216128371943,0.01979146809101272,0.032570642761461786,0.3899461189984282,3,0.25,design,0.2,0.032966390623650865,0.030837234748064615,0.125,3
mixstyle,erm,True,0.02845151684745956,0.02444011982258521,0.0005973194569423225,0.03471216128371943,0.01979146809101272,0.032570642761461786,0.3899461189984282,3,0.5,ratio,0.02,0.03560777156571757,0.030837234748064615,0.25,40
mixstyle,erm,True,0.02845151684745956,0.02444011982258521,0.0005973194569423225,0.03471216128371943,0.01979146809101272,0.032570642761461786,0.3899461189984282,3,0.5,ratio,0.05,0.03560777156571757,0.030837234748064615,0.25,9
mixstyle,erm,True,0.02845151684745956,0.02444011982258521,0.0005973194569423225,0.03471216128371943,0.01979146809101272,0.032570642761461786,0.3899461189984282,3,0.5,ratio,0.1,0.03560777156571757,0.030837234748064615,0.25,4
mixstyle,erm,True,0.02845151684745956,0.02444011982258521,0.0005973194569423225,0.03471216128371943,0.01979146809101272,0.032570642761461786,0.3899461189984282,3,0.5,ratio,0.2,0.03560777156571757,0.030837234748064615,0.25,3
mixstyle,erm,True,0.02845151684745956,0.02444011982258521,0.0005973194569423225,0.03471216128371943,0.01979146809101272,0.032570642761461786,0.3899461189984282,3,0.5,design,0.02,0.03560777156571757,0.030837234748064615,0.25,
mixstyle,erm,True,0.02845151684745956,0.02444011982258521,0.0005973194569423225,0.03471216128371943,0.01979146809101272,0.032570642761461786,0.3899461189984282,3,0.5,design,0.05,0.03560777156571757,0.030837234748064615,0.25,
mixstyle,erm,True,0.02845151684745956,0.02444011982258521,0.0005973194569423225,0.03471216128371943,0.01979146809101272,0.032570642761461786,0.3899461189984282,3,0.5,design,0.1,0.03560777156571757,0.030837234748064615,0.25,5
mixstyle,erm,True,0.02845151684745956,0.02444011982258521,0.0005973194569423225,0.03471216128371943,0.01979146809101272,0.032570642761461786,0.3899461189984282,3,0.5,design,0.2,0.03560777156571757,0.030837234748064615,0.25,3
mixstyle,erm,True,0.02845151684745956,0.02444011982258521,0.0005973194569423225,0.03471216128371943,0.01979146809101272,0.032570642761461786,0.3899461189984282,5,0.0,none,0.02,0.02845151684745956,0.02845151684745956,0.0,18
mixstyle,erm,True,0.02845151684745956,0.02444011982258521,0.0005973194569423225,0.03471216128371943,0.01979146809101272,0.032570642761461786,0.3899461189984282,5,0.0,none,0.05,0.02845151684745956,0.02845151684745956,0.0,5
mixstyle,erm,True,0.02845151684745956,0.02444011982258521,0.0005973194569423225,0.03471216128371943,0.01979146809101272,0.032570642761461786,0.3899461189984282,5,0.0,none,0.1,0.02845151684745956,0.02845151684745956,0.0,3
mixstyle,erm,True,0.02845151684745956,0.02444011982258521,0.0005973194569423225,0.03471216128371943,0.01979146809101272,0.032570642761461786,0.3899461189984282,5,0.0,none,0.2,0.02845151684745956,0.02845151684745956,0.0,3
mixstyle,erm,True,0.02845151684745956,0.02444011982258521,0.0005973194569423225,0.03471216128371943,0.01979146809101272,0.032570642761461786,0.3899461189984282,5,0.25,ratio,0.02,0.030415950907777232,0.02845151684745956,0.125,25
mixstyle,erm,True,0.02845151684745956,0.02444011982258521,0.0005973194569423225,0.03471216128371943,0.01979146809101272,0.032570642761461786,0.3899461189984282,5,0.25,ratio,0.05,0.030415950907777232,0.02845151684745956,0.125,6
mixstyle,erm,True,0.02845151684745956,0.02444011982258521,0.0005973194569423225,0.03471216128371943,0.01979146809101272,0.032570642761461786,0.3899461189984282,5,0.25,ratio,0.1,0.030415950907777232,0.02845151684745956,0.125,4
mixstyle,erm,True,0.02845151684745956,0.02444011982258521,0.0005973194569423225,0.03471216128371943,0.01979146809101272,0.032570642761461786,0.3899461189984282,5,0.25,ratio,0.2,0.030415950907777232,0.02845151684745956,0.125,3
mixstyle,erm,True,0.02845151684745956,0.02444011982258521,0.0005973194569423225,0.03471216128371943,0.01979146809101272,0.032570642761461786,0.3899461189984282,5,0.25,design,0.02,0.030415950907777232,0.02845151684745956,0.125,
mixstyle,erm,True,0.02845151684745956,0.02444011982258521,0.0005973194569423225,0.03471216128371943,0.01979146809101272,0.032570642761461786,0.3899461189984282,5,0.25,design,0.05,0.030415950907777232,0.02845151684745956,0.125,13
mixstyle,erm,True,0.02845151684745956,0.02444011982258521,0.0005973194569423225,0.03471216128371943,0.01979146809101272,0.032570642761461786,0.3899461189984282,5,0.25,design,0.1,0.030415950907777232,0.02845151684745956,0.125,4
mixstyle,erm,True,0.02845151684745956,0.02444011982258521,0.0005973194569423225,0.03471216128371943,0.01979146809101272,0.032570642761461786,0.3899461189984282,5,0.25,design,0.2,0.030415950907777232,0.02845151684745956,0.125,3
mixstyle,erm,True,0.02845151684745956,0.02444011982258521,0.0005973194569423225,0.03471216128371943,0.01979146809101272,0.032570642761461786,0.3899461189984282,5,0.5,ratio,0.02,0.032852981821467904,0.02845151684745956,0.25,34
mixstyle,erm,True,0.02845151684745956,0.02444011982258521,0.0005973194569423225,0.03471216128371943,0.01979146809101272,0.032570642761461786,0.3899461189984282,5,0.5,ratio,0.05,0.032852981821467904,0.02845151684745956,0.25,8
mixstyle,erm,True,0.02845151684745956,0.02444011982258521,0.0005973194569423225,0.03471216128371943,0.01979146809101272,0.032570642761461786,0.3899461189984282,5,0.5,ratio,0.1,0.032852981821467904,0.02845151684745956,0.25,4
mixstyle,erm,True,0.02845151684745956,0.02444011982258521,0.0005973194569423225,0.03471216128371943,0.01979146809101272,0.032570642761461786,0.3899461189984282,5,0.5,ratio,0.2,0.032852981821467904,0.02845151684745956,0.25,3
mixstyle,erm,True,0.02845151684745956,0.02444011982258521,0.0005973194569423225,0.03471216128371943,0.01979146809101272,0.032570642761461786,0.3899461189984282,5,0.5,design,0.02,0.032852981821467904,0.02845151684745956,0.25,
mixstyle,erm,True,0.02845151684745956,0.02444011982258521,0.0005973194569423225,0.03471216128371943,0.01979146809101272,0.032570642761461786,0.3899461189984282,5,0.5,design,0.05,0.032852981821467904,0.02845151684745956,0.25,
mixstyle,erm,True,0.02845151684745956,0.02444011982258521,0.0005973194569423225,0.03471216128371943,0.01979146809101272,0.032570642761461786,0.3899461189984282,5,0.5,design,0.1,0.032852981821467904,0.02845151684745956,0.25,4
mixstyle,erm,True,0.02845151684745956,0.02444011982258521,0.0005973194569423225,0.03471216128371943,0.01979146809101272,0.032570642761461786,0.3899461189984282,5,0.5,design,0.2,0.032852981821467904,0.02845151684745956,0.25,3
mixstyle,erm,True,0.02845151684745956,0.02444011982258521,0.0005973194569423225,0.03471216128371943,0.01979146809101272,0.032570642761461786,0.3899461189984282,10,0.0,none,0.02,0.02652176717211353,0.02652176717211353,0.0,16
mixstyle,erm,True,0.02845151684745956,0.02444011982258521,0.0005973194569423225,0.03471216128371943,0.01979146809101272,0.032570642761461786,0.3899461189984282,10,0.0,none,0.05,0.02652176717211353,0.02652176717211353,0.0,5
mixstyle,erm,True,0.02845151684745956,0.02444011982258521,0.0005973194569423225,0.03471216128371943,0.01979146809101272,0.032570642761461786,0.3899461189984282,10,0.0,none,0.1,0.02652176717211353,0.02652176717211353,0.0,3
mixstyle,erm,True,0.02845151684745956,0.02444011982258521,0.0005973194569423225,0.03471216128371943,0.01979146809101272,0.032570642761461786,0.3899461189984282,10,0.0,none,0.2,0.02652176717211353,0.02652176717211353,0.0,3
mixstyle,erm,True,0.02845151684745956,0.02444011982258521,0.0005973194569423225,0.03471216128371943,0.01979146809101272,0.032570642761461786,0.3899461189984282,10,0.25,ratio,0.02,0.02835296172852492,0.02652176717211353,0.125,22
mixstyle,erm,True,0.02845151684745956,0.02444011982258521,0.0005973194569423225,0.03471216128371943,0.01979146809101272,0.032570642761461786,0.3899461189984282,10,0.25,ratio,0.05,0.02835296172852492,0.02652176717211353,0.125,6
mixstyle,erm,True,0.02845151684745956,0.02444011982258521,0.0005973194569423225,0.03471216128371943,0.01979146809101272,0.032570642761461786,0.3899461189984282,10,0.25,ratio,0.1,0.02835296172852492,0.02652176717211353,0.125,4
mixstyle,erm,True,0.02845151684745956,0.02444011982258521,0.0005973194569423225,0.03471216128371943,0.01979146809101272,0.032570642761461786,0.3899461189984282,10,0.25,ratio,0.2,0.02835296172852492,0.02652176717211353,0.125,3
mixstyle,erm,True,0.02845151684745956,0.02444011982258521,0.0005973194569423225,0.03471216128371943,0.01979146809101272,0.032570642761461786,0.3899461189984282,10,0.25,design,0.02,0.02835296172852492,0.02652176717211353,0.125,
mixstyle,erm,True,0.02845151684745956,0.02444011982258521,0.0005973194569423225,0.03471216128371943,0.01979146809101272,0.032570642761461786,0.3899461189984282,10,0.25,design,0.05,0.02835296172852492,0.02652176717211353,0.125,10
mixstyle,erm,True,0.02845151684745956,0.02444011982258521,0.0005973194569423225,0.03471216128371943,0.01979146809101272,0.032570642761461786,0.3899461189984282,10,0.25,design,0.1,0.02835296172852492,0.02652176717211353,0.125,4
mixstyle,erm,True,0.02845151684745956,0.02444011982258521,0.0005973194569423225,0.03471216128371943,0.01979146809101272,0.032570642761461786,0.3899461189984282,10,0.25,design,0.2,0.02835296172852492,0.02652176717211353,0.125,3
mixstyle,erm,True,0.02845151684745956,0.02444011982258521,0.0005973194569423225,0.03471216128371943,0.01979146809101272,0.032570642761461786,0.3899461189984282,10,0.5,ratio,0.02,0.030624698832408655,0.02652176717211353,0.25,30
mixstyle,erm,True,0.02845151684745956,0.02444011982258521,0.0005973194569423225,0.03471216128371943,0.01979146809101272,0.032570642761461786,0.3899461189984282,10,0.5,ratio,0.05,0.030624698832408655,0.02652176717211353,0.25,7
mixstyle,erm,True,0.02845151684745956,0.02444011982258521,0.0005973194569423225,0.03471216128371943,0.01979146809101272,0.032570642761461786,0.3899461189984282,10,0.5,ratio,0.1,0.030624698832408655,0.02652176717211353,0.25,4
mixstyle,erm,True,0.02845151684745956,0.02444011982258521,0.0005973194569423225,0.03471216128371943,0.01979146809101272,0.032570642761461786,0.3899461189984282,10,0.5,ratio,0.2,0.030624698832408655,0.02652176717211353,0.25,3
mixstyle,erm,True,0.02845151684745956,0.02444011982258521,0.0005973194569423225,0.03471216128371943,0.01979146809101272,0.032570642761461786,0.3899461189984282,10,0.5,design,0.02,0.030624698832408655,0.02652176717211353,0.25,
mixstyle,erm,True,0.02845151684745956,0.02444011982258521,0.0005973194569423225,0.03471216128371943,0.01979146809101272,0.032570642761461786,0.3899461189984282,10,0.5,design,0.05,0.030624698832408655,0.02652176717211353,0.25,
mixstyle,erm,True,0.02845151684745956,0.02444011982258521,0.0005973194569423225,0.03471216128371943,0.01979146809101272,0.032570642761461786,0.3899461189984282,10,0.5,design,0.1,0.030624698832408655,0.02652176717211353,0.25,4
mixstyle,erm,True,0.02845151684745956,0.02444011982258521,0.0005973194569423225,0.03471216128371943,0.01979146809101272,0.032570642761461786,0.3899461189984282,10,0.5,design,0.2,0.030624698832408655,0.02652176717211353,0.25,3
sam,erm,True,0.01620561606533512,0.010706545616090416,0.00011463011902942491,0.017836778195468122,0.01979146809101272,0.027202194123601756,-0.04264183108700159,1,0.0,none,0.02,0.02923336251900453,0.02923336251900453,0.0,19
sam,erm,True,0.01620561606533512,0.010706545616090416,0.00011463011902942491,0.017836778195468122,0.01979146809101272,0.027202194123601756,-0.04264183108700159,1,0.0,none,0.05,0.02923336251900453,0.02923336251900453,0.0,5
sam,erm,True,0.01620561606533512,0.010706545616090416,0.00011463011902942491,0.017836778195468122,0.01979146809101272,0.027202194123601756,-0.04264183108700159,1,0.0,none,0.1,0.02923336251900453,0.02923336251900453,0.0,3
sam,erm,True,0.01620561606533512,0.010706545616090416,0.00011463011902942491,0.017836778195468122,0.01979146809101272,0.027202194123601756,-0.04264183108700159,1,0.0,none,0.2,0.02923336251900453,0.02923336251900453,0.0,3
sam,erm,True,0.01620561606533512,0.010706545616090416,0.00011463011902942491,0.017836778195468122,0.01979146809101272,0.027202194123601756,-0.04264183108700159,1,0.25,ratio,0.02,0.031251779088421076,0.02923336251900453,0.125,26
sam,erm,True,0.01620561606533512,0.010706545616090416,0.00011463011902942491,0.017836778195468122,0.01979146809101272,0.027202194123601756,-0.04264183108700159,1,0.25,ratio,0.05,0.031251779088421076,0.02923336251900453,0.125,7
sam,erm,True,0.01620561606533512,0.010706545616090416,0.00011463011902942491,0.017836778195468122,0.01979146809101272,0.027202194123601756,-0.04264183108700159,1,0.25,ratio,0.1,0.031251779088421076,0.02923336251900453,0.125,4
sam,erm,True,0.01620561606533512,0.010706545616090416,0.00011463011902942491,0.017836778195468122,0.01979146809101272,0.027202194123601756,-0.04264183108700159,1,0.25,ratio,0.2,0.031251779088421076,0.02923336251900453,0.125,3
sam,erm,True,0.01620561606533512,0.010706545616090416,0.00011463011902942491,0.017836778195468122,0.01979146809101272,0.027202194123601756,-0.04264183108700159,1,0.25,design,0.02,0.031251779088421076,0.02923336251900453,0.125,
sam,erm,True,0.01620561606533512,0.010706545616090416,0.00011463011902942491,0.017836778195468122,0.01979146809101272,0.027202194123601756,-0.04264183108700159,1,0.25,design,0.05,0.031251779088421076,0.02923336251900453,0.125,16
sam,erm,True,0.01620561606533512,0.010706545616090416,0.00011463011902942491,0.017836778195468122,0.01979146809101272,0.027202194123601756,-0.04264183108700159,1,0.25,design,0.1,0.031251779088421076,0.02923336251900453,0.125,4
sam,erm,True,0.01620561606533512,0.010706545616090416,0.00011463011902942491,0.017836778195468122,0.01979146809101272,0.027202194123601756,-0.04264183108700159,1,0.25,design,0.2,0.031251779088421076,0.02923336251900453,0.125,3
sam,erm,True,0.01620561606533512,0.010706545616090416,0.00011463011902942491,0.017836778195468122,0.01979146809101272,0.027202194123601756,-0.04264183108700159,1,0.5,ratio,0.02,0.03375577943933036,0.02923336251900453,0.25,36
sam,erm,True,0.01620561606533512,0.010706545616090416,0.00011463011902942491,0.017836778195468122,0.01979146809101272,0.027202194123601756,-0.04264183108700159,1,0.5,ratio,0.05,0.03375577943933036,0.02923336251900453,0.25,8
sam,erm,True,0.01620561606533512,0.010706545616090416,0.00011463011902942491,0.017836778195468122,0.01979146809101272,0.027202194123601756,-0.04264183108700159,1,0.5,ratio,0.1,0.03375577943933036,0.02923336251900453,0.25,4
sam,erm,True,0.01620561606533512,0.010706545616090416,0.00011463011902942491,0.017836778195468122,0.01979146809101272,0.027202194123601756,-0.04264183108700159,1,0.5,ratio,0.2,0.03375577943933036,0.02923336251900453,0.25,3
sam,erm,True,0.01620561606533512,0.010706545616090416,0.00011463011902942491,0.017836778195468122,0.01979146809101272,0.027202194123601756,-0.04264183108700159,1,0.5,design,0.02,0.03375577943933036,0.02923336251900453,0.25,
sam,erm,True,0.01620561606533512,0.010706545616090416,0.00011463011902942491,0.017836778195468122,0.01979146809101272,0.027202194123601756,-0.04264183108700159,1,0.5,design,0.05,0.03375577943933036,0.02923336251900453,0.25,
sam,erm,True,0.01620561606533512,0.010706545616090416,0.00011463011902942491,0.017836778195468122,0.01979146809101272,0.027202194123601756,-0.04264183108700159,1,0.5,design,0.1,0.03375577943933036,0.02923336251900453,0.25,5
sam,erm,True,0.01620561606533512,0.010706545616090416,0.00011463011902942491,0.017836778195468122,0.01979146809101272,0.027202194123601756,-0.04264183108700159,1,0.5,design,0.2,0.03375577943933036,0.02923336251900453,0.25,3
sam,erm,True,0.01620561606533512,0.010706545616090416,0.00011463011902942491,0.017836778195468122,0.01979146809101272,0.027202194123601756,-0.04264183108700159,3,0.0,none,0.02,0.01900745224226881,0.01900745224226881,0.0,10
sam,erm,True,0.01620561606533512,0.010706545616090416,0.00011463011902942491,0.017836778195468122,0.01979146809101272,0.027202194123601756,-0.04264183108700159,3,0.0,none,0.05,0.01900745224226881,0.01900745224226881,0.0,4
sam,erm,True,0.01620561606533512,0.010706545616090416,0.00011463011902942491,0.017836778195468122,0.01979146809101272,0.027202194123601756,-0.04264183108700159,3,0.0,none,0.1,0.01900745224226881,0.01900745224226881,0.0,3
sam,erm,True,0.01620561606533512,0.010706545616090416,0.00011463011902942491,0.017836778195468122,0.01979146809101272,0.027202194123601756,-0.04264183108700159,3,0.0,none,0.2,0.01900745224226881,0.01900745224226881,0.0,3
sam,erm,True,0.01620561606533512,0.010706545616090416,0.00011463011902942491,0.017836778195468122,0.01979146809101272,0.027202194123601756,-0.04264183108700159,3,0.25,ratio,0.02,0.020319821167439432,0.01900745224226881,0.125,13
sam,erm,True,0.01620561606533512,0.010706545616090416,0.00011463011902942491,0.017836778195468122,0.01979146809101272,0.027202194123601756,-0.04264183108700159,3,0.25,ratio,0.05,0.020319821167439432,0.01900745224226881,0.125,4
sam,erm,True,0.01620561606533512,0.010706545616090416,0.00011463011902942491,0.017836778195468122,0.01979146809101272,0.027202194123601756,-0.04264183108700159,3,0.25,ratio,0.1,0.020319821167439432,0.01900745224226881,0.125,3
sam,erm,True,0.01620561606533512,0.010706545616090416,0.00011463011902942491,0.017836778195468122,0.01979146809101272,0.027202194123601756,-0.04264183108700159,3,0.25,ratio,0.2,0.020319821167439432,0.01900745224226881,0.125,3
sam,erm,True,0.01620561606533512,0.010706545616090416,0.00011463011902942491,0.017836778195468122,0.01979146809101272,0.027202194123601756,-0.04264183108700159,3,0.25,design,0.02,0.020319821167439432,0.01900745224226881,0.125,
sam,erm,True,0.01620561606533512,0.010706545616090416,0.00011463011902942491,0.017836778195468122,0.01979146809101272,0.027202194123601756,-0.04264183108700159,3,0.25,design,0.05,0.020319821167439432,0.01900745224226881,0.125,5
sam,erm,True,0.01620561606533512,0.010706545616090416,0.00011463011902942491,0.017836778195468122,0.01979146809101272,0.027202194123601756,-0.04264183108700159,3,0.25,design,0.1,0.020319821167439432,0.01900745224226881,0.125,3
sam,erm,True,0.01620561606533512,0.010706545616090416,0.00011463011902942491,0.017836778195468122,0.01979146809101272,0.027202194123601756,-0.04264183108700159,3,0.25,design,0.2,0.020319821167439432,0.01900745224226881,0.125,3
sam,erm,True,0.01620561606533512,0.010706545616090416,0.00011463011902942491,0.017836778195468122,0.01979146809101272,0.027202194123601756,-0.04264183108700159,3,0.5,ratio,0.02,0.021947915337365707,0.01900745224226881,0.25,17
sam,erm,True,0.01620561606533512,0.010706545616090416,0.00011463011902942491,0.017836778195468122,0.01979146809101272,0.027202194123601756,-0.04264183108700159,3,0.5,ratio,0.05,0.021947915337365707,0.01900745224226881,0.25,5
sam,erm,True,0.01620561606533512,0.010706545616090416,0.00011463011902942491,0.017836778195468122,0.01979146809101272,0.027202194123601756,-0.04264183108700159,3,0.5,ratio,0.1,0.021947915337365707,0.01900745224226881,0.25,3
sam,erm,True,0.01620561606533512,0.010706545616090416,0.00011463011902942491,0.017836778195468122,0.01979146809101272,0.027202194123601756,-0.04264183108700159,3,0.5,ratio,0.2,0.021947915337365707,0.01900745224226881,0.25,3
sam,erm,True,0.01620561606533512,0.010706545616090416,0.00011463011902942491,0.017836778195468122,0.01979146809101272,0.027202194123601756,-0.04264183108700159,3,0.5,design,0.02,0.021947915337365707,0.01900745224226881,0.25,
sam,erm,True,0.01620561606533512,0.010706545616090416,0.00011463011902942491,0.017836778195468122,0.01979146809101272,0.027202194123601756,-0.04264183108700159,3,0.5,design,0.05,0.021947915337365707,0.01900745224226881,0.25,9
sam,erm,True,0.01620561606533512,0.010706545616090416,0.00011463011902942491,0.017836778195468122,0.01979146809101272,0.027202194123601756,-0.04264183108700159,3,0.5,design,0.1,0.021947915337365707,0.01900745224226881,0.25,3
sam,erm,True,0.01620561606533512,0.010706545616090416,0.00011463011902942491,0.017836778195468122,0.01979146809101272,0.027202194123601756,-0.04264183108700159,3,0.5,design,0.2,0.021947915337365707,0.01900745224226881,0.25,3
sam,erm,True,0.01620561606533512,0.010706545616090416,0.00011463011902942491,0.017836778195468122,0.01979146809101272,0.027202194123601756,-0.04264183108700159,5,0.0,none,0.02,0.01620561606533512,0.01620561606533512,0.0,8
sam,erm,True,0.01620561606533512,0.010706545616090416,0.00011463011902942491,0.017836778195468122,0.01979146809101272,0.027202194123601756,-0.04264183108700159,5,0.0,none,0.05,0.01620561606533512,0.01620561606533512,0.0,4
sam,erm,True,0.01620561606533512,0.010706545616090416,0.00011463011902942491,0.017836778195468122,0.01979146809101272,0.027202194123601756,-0.04264183108700159,5,0.0,none,0.1,0.01620561606533512,0.01620561606533512,0.0,3
sam,erm,True,0.01620561606533512,0.010706545616090416,0.00011463011902942491,0.017836778195468122,0.01979146809101272,0.027202194123601756,-0.04264183108700159,5,0.0,none,0.2,0.01620561606533512,0.01620561606533512,0.0,2
sam,erm,True,0.01620561606533512,0.010706545616090416,0.00011463011902942491,0.017836778195468122,0.01979146809101272,0.027202194123601756,-0.04264183108700159,5,0.25,ratio,0.02,0.0173245323023096,0.01620561606533512,0.125,10
sam,erm,True,0.01620561606533512,0.010706545616090416,0.00011463011902942491,0.017836778195468122,0.01979146809101272,0.027202194123601756,-0.04264183108700159,5,0.25,ratio,0.05,0.0173245323023096,0.01620561606533512,0.125,4
sam,erm,True,0.01620561606533512,0.010706545616090416,0.00011463011902942491,0.017836778195468122,0.01979146809101272,0.027202194123601756,-0.04264183108700159,5,0.25,ratio,0.1,0.0173245323023096,0.01620561606533512,0.125,3
sam,erm,True,0.01620561606533512,0.010706545616090416,0.00011463011902942491,0.017836778195468122,0.01979146809101272,0.027202194123601756,-0.04264183108700159,5,0.25,ratio,0.2,0.0173245323023096,0.01620561606533512,0.125,3
sam,erm,True,0.01620561606533512,0.010706545616090416,0.00011463011902942491,0.017836778195468122,0.01979146809101272,0.027202194123601756,-0.04264183108700159,5,0.25,design,0.02,0.0173245323023096,0.01620561606533512,0.125,
sam,erm,True,0.01620561606533512,0.010706545616090416,0.00011463011902942491,0.017836778195468122,0.01979146809101272,0.027202194123601756,-0.04264183108700159,5,0.25,design,0.05,0.0173245323023096,0.01620561606533512,0.125,4
sam,erm,True,0.01620561606533512,0.010706545616090416,0.00011463011902942491,0.017836778195468122,0.01979146809101272,0.027202194123601756,-0.04264183108700159,5,0.25,design,0.1,0.0173245323023096,0.01620561606533512,0.125,3
sam,erm,True,0.01620561606533512,0.010706545616090416,0.00011463011902942491,0.017836778195468122,0.01979146809101272,0.027202194123601756,-0.04264183108700159,5,0.25,design,0.2,0.0173245323023096,0.01620561606533512,0.125,3
sam,erm,True,0.01620561606533512,0.010706545616090416,0.00011463011902942491,0.017836778195468122,0.01979146809101272,0.027202194123601756,-0.04264183108700159,5,0.5,ratio,0.02,0.01871263359540991,0.01620561606533512,0.25,13
sam,erm,True,0.01620561606533512,0.010706545616090416,0.00011463011902942491,0.017836778195468122,0.01979146809101272,0.027202194123601756,-0.04264183108700159,5,0.5,ratio,0.05,0.01871263359540991,0.01620561606533512,0.25,4
sam,erm,True,0.01620561606533512,0.010706545616090416,0.00011463011902942491,0.017836778195468122,0.01979146809101272,0.027202194123601756,-0.04264183108700159,5,0.5,ratio,0.1,0.01871263359540991,0.01620561606533512,0.25,3
sam,erm,True,0.01620561606533512,0.010706545616090416,0.00011463011902942491,0.017836778195468122,0.01979146809101272,0.027202194123601756,-0.04264183108700159,5,0.5,ratio,0.2,0.01871263359540991,0.01620561606533512,0.25,3
sam,erm,True,0.01620561606533512,0.010706545616090416,0.00011463011902942491,0.017836778195468122,0.01979146809101272,0.027202194123601756,-0.04264183108700159,5,0.5,design,0.02,0.01871263359540991,0.01620561606533512,0.25,
sam,erm,True,0.01620561606533512,0.010706545616090416,0.00011463011902942491,0.017836778195468122,0.01979146809101272,0.027202194123601756,-0.04264183108700159,5,0.5,design,0.05,0.01871263359540991,0.01620561606533512,0.25,5
sam,erm,True,0.01620561606533512,0.010706545616090416,0.00011463011902942491,0.017836778195468122,0.01979146809101272,0.027202194123601756,-0.04264183108700159,5,0.5,design,0.1,0.01871263359540991,0.01620561606533512,0.25,3
sam,erm,True,0.01620561606533512,0.010706545616090416,0.00011463011902942491,0.017836778195468122,0.01979146809101272,0.027202194123601756,-0.04264183108700159,5,0.5,design,0.2,0.01871263359540991,0.01620561606533512,0.25,3
sam,erm,True,0.01620561606533512,0.010706545616090416,0.00011463011902942491,0.017836778195468122,0.01979146809101272,0.027202194123601756,-0.04264183108700159,10,0.0,none,0.02,0.013734120122644782,0.013734120122644782,0.0,6
sam,erm,True,0.01620561606533512,0.010706545616090416,0.00011463011902942491,0.017836778195468122,0.01979146809101272,0.027202194123601756,-0.04264183108700159,10,0.0,none,0.05,0.013734120122644782,0.013734120122644782,0.0,3
sam,erm,True,0.01620561606533512,0.010706545616090416,0.00011463011902942491,0.017836778195468122,0.01979146809101272,0.027202194123601756,-0.04264183108700159,10,0.0,none,0.1,0.013734120122644782,0.013734120122644782,0.0,3
sam,erm,True,0.01620561606533512,0.010706545616090416,0.00011463011902942491,0.017836778195468122,0.01979146809101272,0.027202194123601756,-0.04264183108700159,10,0.0,none,0.2,0.013734120122644782,0.013734120122644782,0.0,2
sam,erm,True,0.01620561606533512,0.010706545616090416,0.00011463011902942491,0.017836778195468122,0.01979146809101272,0.027202194123601756,-0.04264183108700159,10,0.25,ratio,0.02,0.014682392002209851,0.013734120122644782,0.125,8
sam,erm,True,0.01620561606533512,0.010706545616090416,0.00011463011902942491,0.017836778195468122,0.01979146809101272,0.027202194123601756,-0.04264183108700159,10,0.25,ratio,0.05,0.014682392002209851,0.013734120122644782,0.125,4
sam,erm,True,0.01620561606533512,0.010706545616090416,0.00011463011902942491,0.017836778195468122,0.01979146809101272,0.027202194123601756,-0.04264183108700159,10,0.25,ratio,0.1,0.014682392002209851,0.013734120122644782,0.125,3
sam,erm,True,0.01620561606533512,0.010706545616090416,0.00011463011902942491,0.017836778195468122,0.01979146809101272,0.027202194123601756,-0.04264183108700159,10,0.25,ratio,0.2,0.014682392002209851,0.013734120122644782,0.125,2
sam,erm,True,0.01620561606533512,0.010706545616090416,0.00011463011902942491,0.017836778195468122,0.01979146809101272,0.027202194123601756,-0.04264183108700159,10,0.25,design,0.02,0.014682392002209851,0.013734120122644782,0.125,
sam,erm,True,0.01620561606533512,0.010706545616090416,0.00011463011902942491,0.017836778195468122,0.01979146809101272,0.027202194123601756,-0.04264183108700159,10,0.25,design,0.05,0.014682392002209851,0.013734120122644782,0.125,4
sam,erm,True,0.01620561606533512,0.010706545616090416,0.00011463011902942491,0.017836778195468122,0.01979146809101272,0.027202194123601756,-0.04264183108700159,10,0.25,design,0.1,0.014682392002209851,0.013734120122644782,0.125,3
sam,erm,True,0.01620561606533512,0.010706545616090416,0.00011463011902942491,0.017836778195468122,0.01979146809101272,0.027202194123601756,-0.04264183108700159,10,0.25,design,0.2,0.014682392002209851,0.013734120122644782,0.125,2
sam,erm,True,0.01620561606533512,0.010706545616090416,0.00011463011902942491,0.017836778195468122,0.01979146809101272,0.027202194123601756,-0.04264183108700159,10,0.5,ratio,0.02,0.015858795899783243,0.013734120122644782,0.25,10
sam,erm,True,0.01620561606533512,0.010706545616090416,0.00011463011902942491,0.017836778195468122,0.01979146809101272,0.027202194123601756,-0.04264183108700159,10,0.5,ratio,0.05,0.015858795899783243,0.013734120122644782,0.25,4
sam,erm,True,0.01620561606533512,0.010706545616090416,0.00011463011902942491,0.017836778195468122,0.01979146809101272,0.027202194123601756,-0.04264183108700159,10,0.5,ratio,0.1,0.015858795899783243,0.013734120122644782,0.25,3
sam,erm,True,0.01620561606533512,0.010706545616090416,0.00011463011902942491,0.017836778195468122,0.01979146809101272,0.027202194123601756,-0.04264183108700159,10,0.5,ratio,0.2,0.015858795899783243,0.013734120122644782,0.25,3
sam,erm,True,0.01620561606533512,0.010706545616090416,0.00011463011902942491,0.017836778195468122,0.01979146809101272,0.027202194123601756,-0.04264183108700159,10,0.5,design,0.02,0.015858795899783243,0.013734120122644782,0.25,
sam,erm,True,0.01620561606533512,0.010706545616090416,0.00011463011902942491,0.017836778195468122,0.01979146809101272,0.027202194123601756,-0.04264183108700159,10,0.5,design,0.05,0.015858795899783243,0.013734120122644782,0.25,4
sam,erm,True,0.01620561606533512,0.010706545616090416,0.00011463011902942491,0.017836778195468122,0.01979146809101272,0.027202194123601756,-0.04264183108700159,10,0.5,design,0.1,0.015858795899783243,0.013734120122644782,0.25,3
sam,erm,True,0.01620561606533512,0.010706545616090416,0.00011463011902942491,0.017836778195468122,0.01979146809101272,0.027202194123601756,-0.04264183108700159,10,0.5,design,0.2,0.015858795899783243,0.013734120122644782,0.25,2
simclr,erm,True,0.014976950484347178,0.0,-1.0302095213279708e-05,0.027841223083452986,0.01979146809101272,0.03424990080451817,-0.005643904085684902,1,0.0,none,0.02,0.03424990080451817,0.03424990080451817,0.0,26
simclr,erm,True,0.014976950484347178,0.0,-1.0302095213279708e-05,0.027841223083452986,0.01979146809101272,0.03424990080451817,-0.005643904085684902,1,0.0,none,0.05,0.03424990080451817,0.03424990080451817,0.0,6
simclr,erm,True,0.014976950484347178,0.0,-1.0302095213279708e-05,0.027841223083452986,0.01979146809101272,0.03424990080451817,-0.005643904085684902,1,0.0,none,0.1,0.03424990080451817,0.03424990080451817,0.0,4
simclr,erm,True,0.014976950484347178,0.0,-1.0302095213279708e-05,0.027841223083452986,0.01979146809101272,0.03424990080451817,-0.005643904085684902,1,0.0,none,0.2,0.03424990080451817,0.03424990080451817,0.0,3
simclr,erm,True,0.014976950484347178,0.0,-1.0302095213279708e-05,0.027841223083452986,0.01979146809101272,0.03424990080451817,-0.005643904085684902,1,0.25,ratio,0.02,0.03661468409757147,0.03424990080451817,0.125,35
simclr,erm,True,0.014976950484347178,0.0,-1.0302095213279708e-05,0.027841223083452986,0.01979146809101272,0.03424990080451817,-0.005643904085684902,1,0.25,ratio,0.05,0.03661468409757147,0.03424990080451817,0.125,8
simclr,erm,True,0.014976950484347178,0.0,-1.0302095213279708e-05,0.027841223083452986,0.01979146809101272,0.03424990080451817,-0.005643904085684902,1,0.25,ratio,0.1,0.03661468409757147,0.03424990080451817,0.125,4
simclr,erm,True,0.014976950484347178,0.0,-1.0302095213279708e-05,0.027841223083452986,0.01979146809101272,0.03424990080451817,-0.005643904085684902,1,0.25,ratio,0.2,0.03661468409757147,0.03424990080451817,0.125,3
simclr,erm,True,0.014976950484347178,0.0,-1.0302095213279708e-05,0.027841223083452986,0.01979146809101272,0.03424990080451817,-0.005643904085684902,1,0.25,design,0.02,0.03661468409757147,0.03424990080451817,0.125,
simclr,erm,True,0.014976950484347178,0.0,-1.0302095213279708e-05,0.027841223083452986,0.01979146809101272,0.03424990080451817,-0.005643904085684902,1,0.25,design,0.05,0.03661468409757147,0.03424990080451817,0.125,
simclr,erm,True,0.014976950484347178,0.0,-1.0302095213279708e-05,0.027841223083452986,0.01979146809101272,0.03424990080451817,-0.005643904085684902,1,0.25,design,0.1,0.03661468409757147,0.03424990080451817,0.125,4
simclr,erm,True,0.014976950484347178,0.0,-1.0302095213279708e-05,0.027841223083452986,0.01979146809101272,0.03424990080451817,-0.005643904085684902,1,0.25,design,0.2,0.03661468409757147,0.03424990080451817,0.125,3
simclr,erm,True,0.014976950484347178,0.0,-1.0302095213279708e-05,0.027841223083452986,0.01979146809101272,0.03424990080451817,-0.005643904085684902,1,0.5,ratio,0.02,0.03954837889841309,0.03424990080451817,0.25,48
simclr,erm,True,0.014976950484347178,0.0,-1.0302095213279708e-05,0.027841223083452986,0.01979146809101272,0.03424990080451817,-0.005643904085684902,1,0.5,ratio,0.05,0.03954837889841309,0.03424990080451817,0.25,10
simclr,erm,True,0.014976950484347178,0.0,-1.0302095213279708e-05,0.027841223083452986,0.01979146809101272,0.03424990080451817,-0.005643904085684902,1,0.5,ratio,0.1,0.03954837889841309,0.03424990080451817,0.25,5
simclr,erm,True,0.014976950484347178,0.0,-1.0302095213279708e-05,0.027841223083452986,0.01979146809101272,0.03424990080451817,-0.005643904085684902,1,0.5,ratio,0.2,0.03954837889841309,0.03424990080451817,0.25,3
simclr,erm,True,0.014976950484347178,0.0,-1.0302095213279708e-05,0.027841223083452986,0.01979146809101272,0.03424990080451817,-0.005643904085684902,1,0.5,design,0.02,0.03954837889841309,0.03424990080451817,0.25,
simclr,erm,True,0.014976950484347178,0.0,-1.0302095213279708e-05,0.027841223083452986,0.01979146809101272,0.03424990080451817,-0.005643904085684902,1,0.5,design,0.05,0.03954837889841309,0.03424990080451817,0.25,
simclr,erm,True,0.014976950484347178,0.0,-1.0302095213279708e-05,0.027841223083452986,0.01979146809101272,0.03424990080451817,-0.005643904085684902,1,0.5,design,0.1,0.03954837889841309,0.03424990080451817,0.25,6
simclr,erm,True,0.014976950484347178,0.0,-1.0302095213279708e-05,0.027841223083452986,0.01979146809101272,0.03424990080451817,-0.005643904085684902,1,0.5,design,0.2,0.03954837889841309,0.03424990080451817,0.25,3
simclr,erm,True,0.014976950484347178,0.0,-1.0302095213279708e-05,0.027841223083452986,0.01979146809101272,0.03424990080451817,-0.005643904085684902,3,0.0,none,0.02,0.01977418944920654,0.01977418944920654,0.0,10
simclr,erm,True,0.014976950484347178,0.0,-1.0302095213279708e-05,0.027841223083452986,0.01979146809101272,0.03424990080451817,-0.005643904085684902,3,0.0,none,0.05,0.01977418944920654,0.01977418944920654,0.0,4
simclr,erm,True,0.014976950484347178,0.0,-1.0302095213279708e-05,0.027841223083452986,0.01979146809101272,0.03424990080451817,-0.005643904085684902,3,0.0,none,0.1,0.01977418944920654,0.01977418944920654,0.0,3
simclr,erm,True,0.014976950484347178,0.0,-1.0302095213279708e-05,0.027841223083452986,0.01979146809101272,0.03424990080451817,-0.005643904085684902,3,0.0,none,0.2,0.01977418944920654,0.01977418944920654,0.0,3
simclr,erm,True,0.014976950484347178,0.0,-1.0302095213279708e-05,0.027841223083452986,0.01979146809101272,0.03424990080451817,-0.005643904085684902,3,0.25,ratio,0.02,0.021139497720025997,0.01977418944920654,0.125,14
simclr,erm,True,0.014976950484347178,0.0,-1.0302095213279708e-05,0.027841223083452986,0.01979146809101272,0.03424990080451817,-0.005643904085684902,3,0.25,ratio,0.05,0.021139497720025997,0.01977418944920654,0.125,5
simclr,erm,True,0.014976950484347178,0.0,-1.0302095213279708e-05,0.027841223083452986,0.01979146809101272,0.03424990080451817,-0.005643904085684902,3,0.25,ratio,0.1,0.021139497720025997,0.01977418944920654,0.125,3
simclr,erm,True,0.014976950484347178,0.0,-1.0302095213279708e-05,0.027841223083452986,0.01979146809101272,0.03424990080451817,-0.005643904085684902,3,0.25,ratio,0.2,0.021139497720025997,0.01977418944920654,0.125,3
simclr,erm,True,0.014976950484347178,0.0,-1.0302095213279708e-05,0.027841223083452986,0.01979146809101272,0.03424990080451817,-0.005643904085684902,3,0.25,design,0.02,0.021139497720025997,0.01977418944920654,0.125,
simclr,erm,True,0.014976950484347178,0.0,-1.0302095213279708e-05,0.027841223083452986,0.01979146809101272,0.03424990080451817,-0.005643904085684902,3,0.25,design,0.05,0.021139497720025997,0.01977418944920654,0.125,5
simclr,erm,True,0.014976950484347178,0.0,-1.0302095213279708e-05,0.027841223083452986,0.01979146809101272,0.03424990080451817,-0.005643904085684902,3,0.25,design,0.1,0.021139497720025997,0.01977418944920654,0.125,3
simclr,erm,True,0.014976950484347178,0.0,-1.0302095213279708e-05,0.027841223083452986,0.01979146809101272,0.03424990080451817,-0.005643904085684902,3,0.25,design,0.2,0.021139497720025997,0.01977418944920654,0.125,3
simclr,erm,True,0.014976950484347178,0.0,-1.0302095213279708e-05,0.027841223083452986,0.01979146809101272,0.03424990080451817,-0.005643904085684902,3,0.5,ratio,0.02,0.022833267203012108,0.01977418944920654,0.25,18
simclr,erm,True,0.014976950484347178,0.0,-1.0302095213279708e-05,0.027841223083452986,0.01979146809101272,0.03424990080451817,-0.005643904085684902,3,0.5,ratio,0.05,0.022833267203012108,0.01977418944920654,0.25,5
simclr,erm,True,0.014976950484347178,0.0,-1.0302095213279708e-05,0.027841223083452986,0.01979146809101272,0.03424990080451817,-0.005643904085684902,3,0.5,ratio,0.1,0.022833267203012108,0.01977418944920654,0.25,3
simclr,erm,True,0.014976950484347178,0.0,-1.0302095213279708e-05,0.027841223083452986,0.01979146809101272,0.03424990080451817,-0.005643904085684902,3,0.5,ratio,0.2,0.022833267203012108,0.01977418944920654,0.25,3
simclr,erm,True,0.014976950484347178,0.0,-1.0302095213279708e-05,0.027841223083452986,0.01979146809101272,0.03424990080451817,-0.005643904085684902,3,0.5,design,0.02,0.022833267203012108,0.01977418944920654,0.25,
simclr,erm,True,0.014976950484347178,0.0,-1.0302095213279708e-05,0.027841223083452986,0.01979146809101272,0.03424990080451817,-0.005643904085684902,3,0.5,design,0.05,0.022833267203012108,0.01977418944920654,0.25,12
simclr,erm,True,0.014976950484347178,0.0,-1.0302095213279708e-05,0.027841223083452986,0.01979146809101272,0.03424990080451817,-0.005643904085684902,3,0.5,design,0.1,0.022833267203012108,0.01977418944920654,0.25,3
simclr,erm,True,0.014976950484347178,0.0,-1.0302095213279708e-05,0.027841223083452986,0.01979146809101272,0.03424990080451817,-0.005643904085684902,3,0.5,design,0.2,0.022833267203012108,0.01977418944920654,0.25,3
simclr,erm,True,0.014976950484347178,0.0,-1.0302095213279708e-05,0.027841223083452986,0.01979146809101272,0.03424990080451817,-0.005643904085684902,5,0.0,none,0.02,0.01531702128430547,0.01531702128430547,0.0,7
simclr,erm,True,0.014976950484347178,0.0,-1.0302095213279708e-05,0.027841223083452986,0.01979146809101272,0.03424990080451817,-0.005643904085684902,5,0.0,none,0.05,0.01531702128430547,0.01531702128430547,0.0,3
simclr,erm,True,0.014976950484347178,0.0,-1.0302095213279708e-05,0.027841223083452986,0.01979146809101272,0.03424990080451817,-0.005643904085684902,5,0.0,none,0.1,0.01531702128430547,0.01531702128430547,0.0,3
simclr,erm,True,0.014976950484347178,0.0,-1.0302095213279708e-05,0.027841223083452986,0.01979146809101272,0.03424990080451817,-0.005643904085684902,5,0.0,none,0.2,0.01531702128430547,0.01531702128430547,0.0,2
simclr,erm,True,0.014976950484347178,0.0,-1.0302095213279708e-05,0.027841223083452986,0.01979146809101272,0.03424990080451817,-0.005643904085684902,5,0.25,ratio,0.02,0.01637458452337007,0.01531702128430547,0.125,9
simclr,erm,True,0.014976950484347178,0.0,-1.0302095213279708e-05,0.027841223083452986,0.01979146809101272,0.03424990080451817,-0.005643904085684902,5,0.25,ratio,0.05,0.01637458452337007,0.01531702128430547,0.125,4
simclr,erm,True,0.014976950484347178,0.0,-1.0302095213279708e-05,0.027841223083452986,0.01979146809101272,0.03424990080451817,-0.005643904085684902,5,0.25,ratio,0.1,0.01637458452337007,0.01531702128430547,0.125,3
simclr,erm,True,0.014976950484347178,0.0,-1.0302095213279708e-05,0.027841223083452986,0.01979146809101272,0.03424990080451817,-0.005643904085684902,5,0.25,ratio,0.2,0.01637458452337007,0.01531702128430547,0.125,3
simclr,erm,True,0.014976950484347178,0.0,-1.0302095213279708e-05,0.027841223083452986,0.01979146809101272,0.03424990080451817,-0.005643904085684902,5,0.25,design,0.02,0.01637458452337007,0.01531702128430547,0.125,
simclr,erm,True,0.014976950484347178,0.0,-1.0302095213279708e-05,0.027841223083452986,0.01979146809101272,0.03424990080451817,-0.005643904085684902,5,0.25,design,0.05,0.01637458452337007,0.01531702128430547,0.125,4
simclr,erm,True,0.014976950484347178,0.0,-1.0302095213279708e-05,0.027841223083452986,0.01979146809101272,0.03424990080451817,-0.005643904085684902,5,0.25,design,0.1,0.01637458452337007,0.01531702128430547,0.125,3
simclr,erm,True,0.014976950484347178,0.0,-1.0302095213279708e-05,0.027841223083452986,0.01979146809101272,0.03424990080451817,-0.005643904085684902,5,0.25,design,0.2,0.01637458452337007,0.01531702128430547,0.125,2
simclr,erm,True,0.014976950484347178,0.0,-1.0302095213279708e-05,0.027841223083452986,0.01979146809101272,0.03424990080451817,-0.005643904085684902,5,0.5,ratio,0.02,0.017686572723353982,0.01531702128430547,0.25,12
simclr,erm,True,0.014976950484347178,0.0,-1.0302095213279708e-05,0.027841223083452986,0.01979146809101272,0.03424990080451817,-0.005643904085684902,5,0.5,ratio,0.05,0.017686572723353982,0.01531702128430547,0.25,4
simclr,erm,True,0.014976950484347178,0.0,-1.0302095213279708e-05,0.027841223083452986,0.01979146809101272,0.03424990080451817,-0.005643904085684902,5,0.5,ratio,0.1,0.017686572723353982,0.01531702128430547,0.25,3
simclr,erm,True,0.014976950484347178,0.0,-1.0302095213279708e-05,0.027841223083452986,0.01979146809101272,0.03424990080451817,-0.005643904085684902,5,0.5,ratio,0.2,0.017686572723353982,0.01531702128430547,0.25,3
simclr,erm,True,0.014976950484347178,0.0,-1.0302095213279708e-05,0.027841223083452986,0.01979146809101272,0.03424990080451817,-0.005643904085684902,5,0.5,design,0.02,0.017686572723353982,0.01531702128430547,0.25,
simclr,erm,True,0.014976950484347178,0.0,-1.0302095213279708e-05,0.027841223083452986,0.01979146809101272,0.03424990080451817,-0.005643904085684902,5,0.5,design,0.05,0.017686572723353982,0.01531702128430547,0.25,5
simclr,erm,True,0.014976950484347178,0.0,-1.0302095213279708e-05,0.027841223083452986,0.01979146809101272,0.03424990080451817,-0.005643904085684902,5,0.5,design,0.1,0.017686572723353982,0.01531702128430547,0.25,3
simclr,erm,True,0.014976950484347178,0.0,-1.0302095213279708e-05,0.027841223083452986,0.01979146809101272,0.03424990080451817,-0.005643904085684902,5,0.5,design,0.2,0.017686572723353982,0.01531702128430547,0.25,3
simclr,erm,True,0.014976950484347178,0.0,-1.0302095213279708e-05,0.027841223083452986,0.01979146809101272,0.03424990080451817,-0.005643904085684902,10,0.0,none,0.02,0.010830769617711079,0.010830769617711079,0.0,5
simclr,erm,True,0.014976950484347178,0.0,-1.0302095213279708e-05,0.027841223083452986,0.01979146809101272,0.03424990080451817,-0.005643904085684902,10,0.0,none,0.05,0.010830769617711079,0.010830769617711079,0.0,3
simclr,erm,True,0.014976950484347178,0.0,-1.0302095213279708e-05,0.027841223083452986,0.01979146809101272,0.03424990080451817,-0.005643904085684902,10,0.0,none,0.1,0.010830769617711079,0.010830769617711079,0.0,3
simclr,erm,True,0.014976950484347178,0.0,-1.0302095213279708e-05,0.027841223083452986,0.01979146809101272,0.03424990080451817,-0.005643904085684902,10,0.0,none,0.2,0.010830769617711079,0.010830769617711079,0.0,2
simclr,erm,True,0.014976950484347178,0.0,-1.0302095213279708e-05,0.027841223083452986,0.01979146809101272,0.03424990080451817,-0.005643904085684902,10,0.25,ratio,0.02,0.011578579755587268,0.010830769617711079,0.125,6
simclr,erm,True,0.014976950484347178,0.0,-1.0302095213279708e-05,0.027841223083452986,0.01979146809101272,0.03424990080451817,-0.005643904085684902,10,0.25,ratio,0.05,0.011578579755587268,0.010830769617711079,0.125,3
simclr,erm,True,0.014976950484347178,0.0,-1.0302095213279708e-05,0.027841223083452986,0.01979146809101272,0.03424990080451817,-0.005643904085684902,10,0.25,ratio,0.1,0.011578579755587268,0.010830769617711079,0.125,3
simclr,erm,True,0.014976950484347178,0.0,-1.0302095213279708e-05,0.027841223083452986,0.01979146809101272,0.03424990080451817,-0.005643904085684902,10,0.25,ratio,0.2,0.011578579755587268,0.010830769617711079,0.125,2
simclr,erm,True,0.014976950484347178,0.0,-1.0302095213279708e-05,0.027841223083452986,0.01979146809101272,0.03424990080451817,-0.005643904085684902,10,0.25,design,0.02,0.011578579755587268,0.010830769617711079,0.125,10
simclr,erm,True,0.014976950484347178,0.0,-1.0302095213279708e-05,0.027841223083452986,0.01979146809101272,0.03424990080451817,-0.005643904085684902,10,0.25,design,0.05,0.011578579755587268,0.010830769617711079,0.125,3
simclr,erm,True,0.014976950484347178,0.0,-1.0302095213279708e-05,0.027841223083452986,0.01979146809101272,0.03424990080451817,-0.005643904085684902,10,0.25,design,0.1,0.011578579755587268,0.010830769617711079,0.125,3
simclr,erm,True,0.014976950484347178,0.0,-1.0302095213279708e-05,0.027841223083452986,0.01979146809101272,0.03424990080451817,-0.005643904085684902,10,0.25,design,0.2,0.011578579755587268,0.010830769617711079,0.125,2
simclr,erm,True,0.014976950484347178,0.0,-1.0302095213279708e-05,0.027841223083452986,0.01979146809101272,0.03424990080451817,-0.005643904085684902,10,0.5,ratio,0.02,0.012506295508632624,0.010830769617711079,0.25,7
simclr,erm,True,0.014976950484347178,0.0,-1.0302095213279708e-05,0.027841223083452986,0.01979146809101272,0.03424990080451817,-0.005643904085684902,10,0.5,ratio,0.05,0.012506295508632624,0.010830769617711079,0.25,3
simclr,erm,True,0.014976950484347178,0.0,-1.0302095213279708e-05,0.027841223083452986,0.01979146809101272,0.03424990080451817,-0.005643904085684902,10,0.5,ratio,0.1,0.012506295508632624,0.010830769617711079,0.25,3
simclr,erm,True,0.014976950484347178,0.0,-1.0302095213279708e-05,0.027841223083452986,0.01979146809101272,0.03424990080451817,-0.005643904085684902,10,0.5,ratio,0.2,0.012506295508632624,0.010830769617711079,0.25,2
simclr,erm,True,0.014976950484347178,0.0,-1.0302095213279708e-05,0.027841223083452986,0.01979146809101272,0.03424990080451817,-0.005643904085684902,10,0.5,design,0.02,0.012506295508632624,0.010830769617711079,0.25,
simclr,erm,True,0.014976950484347178,0.0,-1.0302095213279708e-05,0.027841223083452986,0.01979146809101272,0.03424990080451817,-0.005643904085684902,10,0.5,design,0.05,0.012506295508632624,0.010830769617711079,0.25,3
simclr,erm,True,0.014976950484347178,0.0,-1.0302095213279708e-05,0.027841223083452986,0.01979146809101272,0.03424990080451817,-0.005643904085684902,10,0.5,design,0.1,0.012506295508632624,0.010830769617711079,0.25,3
simclr,erm,True,0.014976950484347178,0.0,-1.0302095213279708e-05,0.027841223083452986,0.01979146809101272,0.03424990080451817,-0.005643904085684902,10,0.5,design,0.2,0.012506295508632624,0.010830769617711079,0.25,2
simclr_sam,erm,True,0.014382416483619955,0.003022655763803794,9.136447866456298e-06,0.023442568328123067,0.01979146809101272,0.0314418078393917,-0.05100738335324114,1,0.0,none,0.02,0.031586765077729784,0.031586765077729784,0.0,22
simclr_sam,erm,True,0.014382416483619955,0.003022655763803794,9.136447866456298e-06,0.023442568328123067,0.01979146809101272,0.0314418078393917,-0.05100738335324114,1,0.0,none,0.05,0.031586765077729784,0.031586765077729784,0.0,6
simclr_sam,erm,True,0.014382416483619955,0.003022655763803794,9.136447866456298e-06,0.023442568328123067,0.01979146809101272,0.0314418078393917,-0.05100738335324114,1,0.0,none,0.1,0.031586765077729784,0.031586765077729784,0.0,4
simclr_sam,erm,True,0.014382416483619955,0.003022655763803794,9.136447866456298e-06,0.023442568328123067,0.01979146809101272,0.0314418078393917,-0.05100738335324114,1,0.0,none,0.2,0.031586765077729784,0.031586765077729784,0.0,3
simclr_sam,erm,True,0.014382416483619955,0.003022655763803794,9.136447866456298e-06,0.023442568328123067,0.01979146809101272,0.0314418078393917,-0.05100738335324114,1,0.25,ratio,0.02,0.03376767225068023,0.031586765077729784,0.125,30
simclr_sam,erm,True,0.014382416483619955,0.003022655763803794,9.136447866456298e-06,0.023442568328123067,0.01979146809101272,0.0314418078393917,-0.05100738335324114,1,0.25,ratio,0.05,0.03376767225068023,0.031586765077729784,0.125,7
simclr_sam,erm,True,0.014382416483619955,0.003022655763803794,9.136447866456298e-06,0.023442568328123067,0.01979146809101272,0.0314418078393917,-0.05100738335324114,1,0.25,ratio,0.1,0.03376767225068023,0.031586765077729784,0.125,4
simclr_sam,erm,True,0.014382416483619955,0.003022655763803794,9.136447866456298e-06,0.023442568328123067,0.01979146809101272,0.0314418078393917,-0.05100738335324114,1,0.25,ratio,0.2,0.03376767225068023,0.031586765077729784,0.125,3
simclr_sam,erm,True,0.014382416483619955,0.003022655763803794,9.136447866456298e-06,0.023442568328123067,0.01979146809101272,0.0314418078393917,-0.05100738335324114,1,0.25,design,0.02,0.03376767225068023,0.031586765077729784,0.125,
simclr_sam,erm,True,0.014382416483619955,0.003022655763803794,9.136447866456298e-06,0.023442568328123067,0.01979146809101272,0.0314418078393917,-0.05100738335324114,1,0.25,design,0.05,0.03376767225068023,0.031586765077729784,0.125,36
simclr_sam,erm,True,0.014382416483619955,0.003022655763803794,9.136447866456298e-06,0.023442568328123067,0.01979146809101272,0.0314418078393917,-0.05100738335324114,1,0.25,design,0.1,0.03376767225068023,0.031586765077729784,0.125,4
simclr_sam,erm,True,0.014382416483619955,0.003022655763803794,9.136447866456298e-06,0.023442568328123067,0.01979146809101272,0.0314418078393917,-0.05100738335324114,1,0.25,design,0.2,0.03376767225068023,0.031586765077729784,0.125,3
simclr_sam,erm,True,0.014382416483619955,0.003022655763803794,9.136447866456298e-06,0.023442568328123067,0.01979146809101272,0.0314418078393917,-0.05100738335324114,1,0.5,ratio,0.02,0.03647325464091353,0.031586765077729784,0.25,42
simclr_sam,erm,True,0.014382416483619955,0.003022655763803794,9.136447866456298e-06,0.023442568328123067,0.01979146809101272,0.0314418078393917,-0.05100738335324114,1,0.5,ratio,0.05,0.03647325464091353,0.031586765077729784,0.25,9
simclr_sam,erm,True,0.014382416483619955,0.003022655763803794,9.136447866456298e-06,0.023442568328123067,0.01979146809101272,0.0314418078393917,-0.05100738335324114,1,0.5,ratio,0.1,0.03647325464091353,0.031586765077729784,0.25,4
simclr_sam,erm,True,0.014382416483619955,0.003022655763803794,9.136447866456298e-06,0.023442568328123067,0.01979146809101272,0.0314418078393917,-0.05100738335324114,1,0.5,ratio,0.2,0.03647325464091353,0.031586765077729784,0.25,3
simclr_sam,erm,True,0.014382416483619955,0.003022655763803794,9.136447866456298e-06,0.023442568328123067,0.01979146809101272,0.0314418078393917,-0.05100738335324114,1,0.5,design,0.02,0.03647325464091353,0.031586765077729784,0.25,
simclr_sam,erm,True,0.014382416483619955,0.003022655763803794,9.136447866456298e-06,0.023442568328123067,0.01979146809101272,0.0314418078393917,-0.05100738335324114,1,0.5,design,0.05,0.03647325464091353,0.031586765077729784,0.25,
simclr_sam,erm,True,0.014382416483619955,0.003022655763803794,9.136447866456298e-06,0.023442568328123067,0.01979146809101272,0.0314418078393917,-0.05100738335324114,1,0.5,design,0.1,0.03647325464091353,0.031586765077729784,0.25,5
simclr_sam,erm,True,0.014382416483619955,0.003022655763803794,9.136447866456298e-06,0.023442568328123067,0.01979146809101272,0.0314418078393917,-0.05100738335324114,1,0.5,design,0.2,0.03647325464091353,0.031586765077729784,0.25,3
simclr_sam,erm,True,0.014382416483619955,0.003022655763803794,9.136447866456298e-06,0.023442568328123067,0.01979146809101272,0.0314418078393917,-0.05100738335324114,3,0.0,none,0.02,0.01840286774580348,0.01840286774580348,0.0,9
simclr_sam,erm,True,0.014382416483619955,0.003022655763803794,9.136447866456298e-06,0.023442568328123067,0.01979146809101272,0.0314418078393917,-0.05100738335324114,3,0.0,none,0.05,0.01840286774580348,0.01840286774580348,0.0,4
simclr_sam,erm,True,0.014382416483619955,0.003022655763803794,9.136447866456298e-06,0.023442568328123067,0.01979146809101272,0.0314418078393917,-0.05100738335324114,3,0.0,none,0.1,0.01840286774580348,0.01840286774580348,0.0,3
simclr_sam,erm,True,0.014382416483619955,0.003022655763803794,9.136447866456298e-06,0.023442568328123067,0.01979146809101272,0.0314418078393917,-0.05100738335324114,3,0.0,none,0.2,0.01840286774580348,0.01840286774580348,0.0,3
simclr_sam,erm,True,0.014382416483619955,0.003022655763803794,9.136447866456298e-06,0.023442568328123067,0.01979146809101272,0.0314418078393917,-0.05100738335324114,3,0.25,ratio,0.02,0.019673493153974146,0.01840286774580348,0.125,12
simclr_sam,erm,True,0.014382416483619955,0.003022655763803794,9.136447866456298e-06,0.023442568328123067,0.01979146809101272,0.0314418078393917,-0.05100738335324114,3,0.25,ratio,0.05,0.019673493153974146,0.01840286774580348,0.125,4
simclr_sam,erm,True,0.014382416483619955,0.003022655763803794,9.136447866456298e-06,0.023442568328123067,0.01979146809101272,0.0314418078393917,-0.05100738335324114,3,0.25,ratio,0.1,0.019673493153974146,0.01840286774580348,0.125,3
simclr_sam,erm,True,0.014382416483619955,0.003022655763803794,9.136447866456298e-06,0.023442568328123067,0.01979146809101272,0.0314418078393917,-0.05100738335324114,3,0.25,ratio,0.2,0.019673493153974146,0.01840286774580348,0.125,3
simclr_sam,erm,True,0.014382416483619955,0.003022655763803794,9.136447866456298e-06,0.023442568328123067,0.01979146809101272,0.0314418078393917,-0.05100738335324114,3,0.25,design,0.02,0.019673493153974146,0.01840286774580348,0.125,
simclr_sam,erm,True,0.014382416483619955,0.003022655763803794,9.136447866456298e-06,0.023442568328123067,0.01979146809101272,0.0314418078393917,-0.05100738335324114,3,0.25,design,0.05,0.019673493153974146,0.01840286774580348,0.125,5
simclr_sam,erm,True,0.014382416483619955,0.003022655763803794,9.136447866456298e-06,0.023442568328123067,0.01979146809101272,0.0314418078393917,-0.05100738335324114,3,0.25,design,0.1,0.019673493153974146,0.01840286774580348,0.125,3
simclr_sam,erm,True,0.014382416483619955,0.003022655763803794,9.136447866456298e-06,0.023442568328123067,0.01979146809101272,0.0314418078393917,-0.05100738335324114,3,0.25,design,0.2,0.019673493153974146,0.01840286774580348,0.125,3
simclr_sam,erm,True,0.014382416483619955,0.003022655763803794,9.136447866456298e-06,0.023442568328123067,0.01979146809101272,0.0314418078393917,-0.05100738335324114,3,0.5,ratio,0.02,0.021249801293801444,0.01840286774580348,0.25,16
simclr_sam,erm,True,0.014382416483619955,0.003022655763803794,9.136447866456298e-06,0.023442568328123067,0.01979146809101272,0.0314418078393917,-0.05100738335324114,3,0.5,ratio,0.05,0.021249801293801444,0.01840286774580348,0.25,5
simclr_sam,erm,True,0.014382416483619955,0.003022655763803794,9.136447866456298e-06,0.023442568328123067,0.01979146809101272,0.0314418078393917,-0.05100738335324114,3,0.5,ratio,0.1,0.021249801293801444,0.01840286774580348,0.25,3
simclr_sam,erm,True,0.014382416483619955,0.003022655763803794,9.136447866456298e-06,0.023442568328123067,0.01979146809101272,0.0314418078393917,-0.05100738335324114,3,0.5,ratio,0.2,0.021249801293801444,0.01840286774580348,0.25,3
simclr_sam,erm,True,0.014382416483619955,0.003022655763803794,9.136447866456298e-06,0.023442568328123067,0.01979146809101272,0.0314418078393917,-0.05100738335324114,3,0.5,design,0.02,0.021249801293801444,0.01840286774580348,0.25,
simclr_sam,erm,True,0.014382416483619955,0.003022655763803794,9.136447866456298e-06,0.023442568328123067,0.01979146809101272,0.0314418078393917,-0.05100738335324114,3,0.5,design,0.05,0.021249801293801444,0.01840286774580348,0.25,8
simclr_sam,erm,True,0.014382416483619955,0.003022655763803794,9.136447866456298e-06,0.023442568328123067,0.01979146809101272,0.0314418078393917,-0.05100738335324114,3,0.5,design,0.1,0.021249801293801444,0.01840286774580348,0.25,3
simclr_sam,erm,True,0.014382416483619955,0.003022655763803794,9.136447866456298e-06,0.023442568328123067,0.01979146809101272,0.0314418078393917,-0.05100738335324114,3,0.5,design,0.2,0.021249801293801444,0.01840286774580348,0.25,3
simclr_sam,erm,True,0.014382416483619955,0.003022655763803794,9.136447866456298e-06,0.023442568328123067,0.01979146809101272,0.0314418078393917,-0.05100738335324114,5,0.0,none,0.02,0.014382416483619955,0.014382416483619955,0.0,7
simclr_sam,erm,True,0.014382416483619955,0.003022655763803794,9.136447866456298e-06,0.023442568328123067,0.01979146809101272,0.0314418078393917,-0.05100738335324114,5,0.0,none,0.05,0.014382416483619955,0.014382416483619955,0.0,3
simclr_sam,erm,True,0.014382416483619955,0.003022655763803794,9.136447866456298e-06,0.023442568328123067,0.01979146809101272,0.0314418078393917,-0.05100738335324114,5,0.0,none,0.1,0.014382416483619955,0.014382416483619955,0.0,3
simclr_sam,erm,True,0.014382416483619955,0.003022655763803794,9.136447866456298e-06,0.023442568328123067,0.01979146809101272,0.0314418078393917,-0.05100738335324114,5,0.0,none,0.2,0.014382416483619955,0.014382416483619955,0.0,2
simclr_sam,erm,True,0.014382416483619955,0.003022655763803794,9.136447866456298e-06,0.023442568328123067,0.01979146809101272,0.0314418078393917,-0.05100738335324114,5,0.25,ratio,0.02,0.015375449964455971,0.014382416483619955,0.125,8
simclr_sam,erm,True,0.014382416483619955,0.003022655763803794,9.136447866456298e-06,0.023442568328123067,0.01979146809101272,0.0314418078393917,-0.05100738335324114,5,0.25,ratio,0.05,0.015375449964455971,0.014382416483619955,0.125,4
simclr_sam,erm,True,0.014382416483619955,0.003022655763803794,9.136447866456298e-06,0.023442568328123067,0.01979146809101272,0.0314418078393917,-0.05100738335324114,5,0.25,ratio,0.1,0.015375449964455971,0.014382416483619955,0.125,3
simclr_sam,erm,True,0.014382416483619955,0.003022655763803794,9.136447866456298e-06,0.023442568328123067,0.01979146809101272,0.0314418078393917,-0.05100738335324114,5,0.25,ratio,0.2,0.015375449964455971,0.014382416483619955,0.125,2
simclr_sam,erm,True,0.014382416483619955,0.003022655763803794,9.136447866456298e-06,0.023442568328123067,0.01979146809101272,0.0314418078393917,-0.05100738335324114,5,0.25,design,0.02,0.015375449964455971,0.014382416483619955,0.125,
simclr_sam,erm,True,0.014382416483619955,0.003022655763803794,9.136447866456298e-06,0.023442568328123067,0.01979146809101272,0.0314418078393917,-0.05100738335324114,5,0.25,design,0.05,0.015375449964455971,0.014382416483619955,0.125,4
simclr_sam,erm,True,0.014382416483619955,0.003022655763803794,9.136447866456298e-06,0.023442568328123067,0.01979146809101272,0.0314418078393917,-0.05100738335324114,5,0.25,design,0.1,0.015375449964455971,0.014382416483619955,0.125,3
simclr_sam,erm,True,0.014382416483619955,0.003022655763803794,9.136447866456298e-06,0.023442568328123067,0.01979146809101272,0.0314418078393917,-0.05100738335324114,5,0.25,design,0.2,0.015375449964455971,0.014382416483619955,0.125,2
simclr_sam,erm,True,0.014382416483619955,0.003022655763803794,9.136447866456298e-06,0.023442568328123067,0.01979146809101272,0.0314418078393917,-0.05100738335324114,5,0.5,ratio,0.02,0.016607384056830585,0.014382416483619955,0.25,11
simclr_sam,erm,True,0.014382416483619955,0.003022655763803794,9.136447866456298e-06,0.023442568328123067,0.01979146809101272,0.0314418078393917,-0.05100738335324114,5,0.5,ratio,0.05,0.016607384056830585,0.014382416483619955,0.25,4
simclr_sam,erm,True,0.014382416483619955,0.003022655763803794,9.136447866456298e-06,0.023442568328123067,0.01979146809101272,0.0314418078393917,-0.05100738335324114,5,0.5,ratio,0.1,0.016607384056830585,0.014382416483619955,0.25,3
simclr_sam,erm,True,0.014382416483619955,0.003022655763803794,9.136447866456298e-06,0.023442568328123067,0.01979146809101272,0.0314418078393917,-0.05100738335324114,5,0.5,ratio,0.2,0.016607384056830585,0.014382416483619955,0.25,3
simclr_sam,erm,True,0.014382416483619955,0.003022655763803794,9.136447866456298e-06,0.023442568328123067,0.01979146809101272,0.0314418078393917,-0.05100738335324114,5,0.5,design,0.02,0.016607384056830585,0.014382416483619955,0.25,
simclr_sam,erm,True,0.014382416483619955,0.003022655763803794,9.136447866456298e-06,0.023442568328123067,0.01979146809101272,0.0314418078393917,-0.05100738335324114,5,0.5,design,0.05,0.016607384056830585,0.014382416483619955,0.25,4
simclr_sam,erm,True,0.014382416483619955,0.003022655763803794,9.136447866456298e-06,0.023442568328123067,0.01979146809101272,0.0314418078393917,-0.05100738335324114,5,0.5,design,0.1,0.016607384056830585,0.014382416483619955,0.25,3
simclr_sam,erm,True,0.014382416483619955,0.003022655763803794,9.136447866456298e-06,0.023442568328123067,0.01979146809101272,0.0314418078393917,-0.05100738335324114,5,0.5,design,0.2,0.016607384056830585,0.014382416483619955,0.25,2
simclr_sam,erm,True,0.014382416483619955,0.003022655763803794,9.136447866456298e-06,0.023442568328123067,0.01979146809101272,0.0314418078393917,-0.05100738335324114,10,0.0,none,0.02,0.010392072742594696,0.010392072742594696,0.0,5
simclr_sam,erm,True,0.014382416483619955,0.003022655763803794,9.136447866456298e-06,0.023442568328123067,0.01979146809101272,0.0314418078393917,-0.05100738335324114,10,0.0,none,0.05,0.010392072742594696,0.010392072742594696,0.0,3
simclr_sam,erm,True,0.014382416483619955,0.003022655763803794,9.136447866456298e-06,0.023442568328123067,0.01979146809101272,0.0314418078393917,-0.05100738335324114,10,0.0,none,0.1,0.010392072742594696,0.010392072742594696,0.0,3
simclr_sam,erm,True,0.014382416483619955,0.003022655763803794,9.136447866456298e-06,0.023442568328123067,0.01979146809101272,0.0314418078393917,-0.05100738335324114,10,0.0,none,0.2,0.010392072742594696,0.010392072742594696,0.0,2
simclr_sam,erm,True,0.014382416483619955,0.003022655763803794,9.136447866456298e-06,0.023442568328123067,0.01979146809101272,0.0314418078393917,-0.05100738335324114,10,0.25,ratio,0.02,0.01110959306892045,0.010392072742594696,0.125,6
simclr_sam,erm,True,0.014382416483619955,0.003022655763803794,9.136447866456298e-06,0.023442568328123067,0.01979146809101272,0.0314418078393917,-0.05100738335324114,10,0.25,ratio,0.05,0.01110959306892045,0.010392072742594696,0.125,3
simclr_sam,erm,True,0.014382416483619955,0.003022655763803794,9.136447866456298e-06,0.023442568328123067,0.01979146809101272,0.0314418078393917,-0.05100738335324114,10,0.25,ratio,0.1,0.01110959306892045,0.010392072742594696,0.125,3
simclr_sam,erm,True,0.014382416483619955,0.003022655763803794,9.136447866456298e-06,0.023442568328123067,0.01979146809101272,0.0314418078393917,-0.05100738335324114,10,0.25,ratio,0.2,0.01110959306892045,0.010392072742594696,0.125,2
simclr_sam,erm,True,0.014382416483619955,0.003022655763803794,9.136447866456298e-06,0.023442568328123067,0.01979146809101272,0.0314418078393917,-0.05100738335324114,10,0.25,design,0.02,0.01110959306892045,0.010392072742594696,0.125,9
simclr_sam,erm,True,0.014382416483619955,0.003022655763803794,9.136447866456298e-06,0.023442568328123067,0.01979146809101272,0.0314418078393917,-0.05100738335324114,10,0.25,design,0.05,0.01110959306892045,0.010392072742594696,0.125,3
simclr_sam,erm,True,0.014382416483619955,0.003022655763803794,9.136447866456298e-06,0.023442568328123067,0.01979146809101272,0.0314418078393917,-0.05100738335324114,10,0.25,design,0.1,0.01110959306892045,0.010392072742594696,0.125,3
simclr_sam,erm,True,0.014382416483619955,0.003022655763803794,9.136447866456298e-06,0.023442568328123067,0.01979146809101272,0.0314418078393917,-0.05100738335324114,10,0.25,design,0.2,0.01110959306892045,0.010392072742594696,0.125,2
simclr_sam,erm,True,0.014382416483619955,0.003022655763803794,9.136447866456298e-06,0.023442568328123067,0.01979146809101272,0.0314418078393917,-0.05100738335324114,10,0.5,ratio,0.02,0.011999731990750441,0.010392072742594696,0.25,7
simclr_sam,erm,True,0.014382416483619955,0.003022655763803794,9.136447866456298e-06,0.023442568328123067,0.01979146809101272,0.0314418078393917,-0.05100738335324114,10,0.5,ratio,0.05,0.011999731990750441,0.010392072742594696,0.25,3
simclr_sam,erm,True,0.014382416483619955,0.003022655763803794,9.136447866456298e-06,0.023442568328123067,0.01979146809101272,0.0314418078393917,-0.05100738335324114,10,0.5,ratio,0.1,0.011999731990750441,0.010392072742594696,0.25,3
simclr_sam,erm,True,0.014382416483619955,0.003022655763803794,9.136447866456298e-06,0.023442568328123067,0.01979146809101272,0.0314418078393917,-0.05100738335324114,10,0.5,ratio,0.2,0.011999731990750441,0.010392072742594696,0.25,2
simclr_sam,erm,True,0.014382416483619955,0.003022655763803794,9.136447866456298e-06,0.023442568328123067,0.01979146809101272,0.0314418078393917,-0.05100738335324114,10,0.5,design,0.02,0.011999731990750441,0.010392072742594696,0.25,
simclr_sam,erm,True,0.014382416483619955,0.003022655763803794,9.136447866456298e-06,0.023442568328123067,0.01979146809101272,0.0314418078393917,-0.05100738335324114,10,0.5,design,0.05,0.011999731990750441,0.010392072742594696,0.25,3
simclr_sam,erm,True,0.014382416483619955,0.003022655763803794,9.136447866456298e-06,0.023442568328123067,0.01979146809101272,0.0314418078393917,-0.05100738335324114,10,0.5,design,0.1,0.011999731990750441,0.010392072742594696,0.25,3
simclr_sam,erm,True,0.014382416483619955,0.003022655763803794,9.136447866456298e-06,0.023442568328123067,0.01979146809101272,0.0314418078393917,-0.05100738335324114,10,0.5,design,0.2,0.011999731990750441,0.010392072742594696,0.25,2
tent@erm,erm,True,0.03598097126813139,0.03484404169327678,0.0012141072415228107,0.006412450958296145,0.01979146809101272,0.020065274963888016,0.11900576898374697,1,0.0,none,0.02,0.0402084879210751,0.0402084879210751,0.0,34
tent@erm,erm,True,0.03598097126813139,0.03484404169327678,0.0012141072415228107,0.006412450958296145,0.01979146809101272,0.020065274963888016,0.11900576898374697,1,0.0,none,0.05,0.0402084879210751,0.0402084879210751,0.0,8
tent@erm,erm,True,0.03598097126813139,0.03484404169327678,0.0012141072415228107,0.006412450958296145,0.01979146809101272,0.020065274963888016,0.11900576898374697,1,0.0,none,0.1,0.0402084879210751,0.0402084879210751,0.0,4
tent@erm,erm,True,0.03598097126813139,0.03484404169327678,0.0012141072415228107,0.006412450958296145,0.01979146809101272,0.020065274963888016,0.11900576898374697,1,0.0,none,0.2,0.0402084879210751,0.0402084879210751,0.0,3
tent@erm,erm,True,0.03598097126813139,0.03484404169327678,0.0012141072415228107,0.006412450958296145,0.01979146809101272,0.020065274963888016,0.11900576898374697,1,0.25,ratio,0.02,0.04298468166882898,0.0402084879210751,0.125,48
tent@erm,erm,True,0.03598097126813139,0.03484404169327678,0.0012141072415228107,0.006412450958296145,0.01979146809101272,0.020065274963888016,0.11900576898374697,1,0.25,ratio,0.05,0.04298468166882898,0.0402084879210751,0.125,10
tent@erm,erm,True,0.03598097126813139,0.03484404169327678,0.0012141072415228107,0.006412450958296145,0.01979146809101272,0.020065274963888016,0.11900576898374697,1,0.25,ratio,0.1,0.04298468166882898,0.0402084879210751,0.125,5
tent@erm,erm,True,0.03598097126813139,0.03484404169327678,0.0012141072415228107,0.006412450958296145,0.01979146809101272,0.020065274963888016,0.11900576898374697,1,0.25,ratio,0.2,0.04298468166882898,0.0402084879210751,0.125,3
tent@erm,erm,True,0.03598097126813139,0.03484404169327678,0.0012141072415228107,0.006412450958296145,0.01979146809101272,0.020065274963888016,0.11900576898374697,1,0.25,design,0.02,0.04298468166882898,0.0402084879210751,0.125,
tent@erm,erm,True,0.03598097126813139,0.03484404169327678,0.0012141072415228107,0.006412450958296145,0.01979146809101272,0.020065274963888016,0.11900576898374697,1,0.25,design,0.05,0.04298468166882898,0.0402084879210751,0.125,
tent@erm,erm,True,0.03598097126813139,0.03484404169327678,0.0012141072415228107,0.006412450958296145,0.01979146809101272,0.020065274963888016,0.11900576898374697,1,0.25,design,0.1,0.04298468166882898,0.0402084879210751,0.125,5
tent@erm,erm,True,0.03598097126813139,0.03484404169327678,0.0012141072415228107,0.006412450958296145,0.01979146809101272,0.020065274963888016,0.11900576898374697,1,0.25,design,0.2,0.04298468166882898,0.0402084879210751,0.125,3
tent@erm,erm,True,0.03598097126813139,0.03484404169327678,0.0012141072415228107,0.006412450958296145,0.01979146809101272,0.020065274963888016,0.11900576898374697,1,0.5,ratio,0.02,0.04642876264988105,0.0402084879210751,0.25,66
tent@erm,erm,True,0.03598097126813139,0.03484404169327678,0.0012141072415228107,0.006412450958296145,0.01979146809101272,0.020065274963888016,0.11900576898374697,1,0.5,ratio,0.05,0.04642876264988105,0.0402084879210751,0.25,13
tent@erm,erm,True,0.03598097126813139,0.03484404169327678,0.0012141072415228107,0.006412450958296145,0.01979146809101272,0.020065274963888016,0.11900576898374697,1,0.5,ratio,0.1,0.04642876264988105,0.0402084879210751,0.25,5
tent@erm,erm,True,0.03598097126813139,0.03484404169327678,0.0012141072415228107,0.006412450958296145,0.01979146809101272,0.020065274963888016,0.11900576898374697,1,0.5,ratio,0.2,0.04642876264988105,0.0402084879210751,0.25,3
tent@erm,erm,True,0.03598097126813139,0.03484404169327678,0.0012141072415228107,0.006412450958296145,0.01979146809101272,0.020065274963888016,0.11900576898374697,1,0.5,design,0.02,0.04642876264988105,0.0402084879210751,0.25,
tent@erm,erm,True,0.03598097126813139,0.03484404169327678,0.0012141072415228107,0.006412450958296145,0.01979146809101272,0.020065274963888016,0.11900576898374697,1,0.5,design,0.05,0.04642876264988105,0.0402084879210751,0.25,
tent@erm,erm,True,0.03598097126813139,0.03484404169327678,0.0012141072415228107,0.006412450958296145,0.01979146809101272,0.020065274963888016,0.11900576898374697,1,0.5,design,0.1,0.04642876264988105,0.0402084879210751,0.25,14
tent@erm,erm,True,0.03598097126813139,0.03484404169327678,0.0012141072415228107,0.006412450958296145,0.01979146809101272,0.020065274963888016,0.11900576898374697,1,0.5,design,0.2,0.04642876264988105,0.0402084879210751,0.25,3
tent@erm,erm,True,0.03598097126813139,0.03484404169327678,0.0012141072415228107,0.006412450958296145,0.01979146809101272,0.020065274963888016,0.11900576898374697,3,0.0,none,0.02,0.03671937265234281,0.03671937265234281,0.0,29
tent@erm,erm,True,0.03598097126813139,0.03484404169327678,0.0012141072415228107,0.006412450958296145,0.01979146809101272,0.020065274963888016,0.11900576898374697,3,0.0,none,0.05,0.03671937265234281,0.03671937265234281,0.0,7
tent@erm,erm,True,0.03598097126813139,0.03484404169327678,0.0012141072415228107,0.006412450958296145,0.01979146809101272,0.020065274963888016,0.11900576898374697,3,0.0,none,0.1,0.03671937265234281,0.03671937265234281,0.0,4
tent@erm,erm,True,0.03598097126813139,0.03484404169327678,0.0012141072415228107,0.006412450958296145,0.01979146809101272,0.020065274963888016,0.11900576898374697,3,0.0,none,0.2,0.03671937265234281,0.03671937265234281,0.0,3
tent@erm,erm,True,0.03598097126813139,0.03484404169327678,0.0012141072415228107,0.006412450958296145,0.01979146809101272,0.020065274963888016,0.11900576898374697,3,0.25,ratio,0.02,0.03925466054924101,0.03671937265234281,0.125,40
tent@erm,erm,True,0.03598097126813139,0.03484404169327678,0.0012141072415228107,0.006412450958296145,0.01979146809101272,0.020065274963888016,0.11900576898374697,3,0.25,ratio,0.05,0.03925466054924101,0.03671937265234281,0.125,9
tent@erm,erm,True,0.03598097126813139,0.03484404169327678,0.0012141072415228107,0.006412450958296145,0.01979146809101272,0.020065274963888016,0.11900576898374697,3,0.25,ratio,0.1,0.03925466054924101,0.03671937265234281,0.125,4
tent@erm,erm,True,0.03598097126813139,0.03484404169327678,0.0012141072415228107,0.006412450958296145,0.01979146809101272,0.020065274963888016,0.11900576898374697,3,0.25,ratio,0.2,0.03925466054924101,0.03671937265234281,0.125,3
tent@erm,erm,True,0.03598097126813139,0.03484404169327678,0.0012141072415228107,0.006412450958296145,0.01979146809101272,0.020065274963888016,0.11900576898374697,3,0.25,design,0.02,0.03925466054924101,0.03671937265234281,0.125,
tent@erm,erm,True,0.03598097126813139,0.03484404169327678,0.0012141072415228107,0.006412450958296145,0.01979146809101272,0.020065274963888016,0.11900576898374697,3,0.25,design,0.05,0.03925466054924101,0.03671937265234281,0.125,
tent@erm,erm,True,0.03598097126813139,0.03484404169327678,0.0012141072415228107,0.006412450958296145,0.01979146809101272,0.020065274963888016,0.11900576898374697,3,0.25,design,0.1,0.03925466054924101,0.03671937265234281,0.125,5
tent@erm,erm,True,0.03598097126813139,0.03484404169327678,0.0012141072415228107,0.006412450958296145,0.01979146809101272,0.020065274963888016,0.11900576898374697,3,0.25,design,0.2,0.03925466054924101,0.03671937265234281,0.125,3
tent@erm,erm,True,0.03598097126813139,0.03484404169327678,0.0012141072415228107,0.006412450958296145,0.01979146809101272,0.020065274963888016,0.11900576898374697,3,0.5,ratio,0.02,0.042399879370608615,0.03671937265234281,0.25,55
tent@erm,erm,True,0.03598097126813139,0.03484404169327678,0.0012141072415228107,0.006412450958296145,0.01979146809101272,0.020065274963888016,0.11900576898374697,3,0.5,ratio,0.05,0.042399879370608615,0.03671937265234281,0.25,11
tent@erm,erm,True,0.03598097126813139,0.03484404169327678,0.0012141072415228107,0.006412450958296145,0.01979146809101272,0.020065274963888016,0.11900576898374697,3,0.5,ratio,0.1,0.042399879370608615,0.03671937265234281,0.25,5
tent@erm,erm,True,0.03598097126813139,0.03484404169327678,0.0012141072415228107,0.006412450958296145,0.01979146809101272,0.020065274963888016,0.11900576898374697,3,0.5,ratio,0.2,0.042399879370608615,0.03671937265234281,0.25,3
tent@erm,erm,True,0.03598097126813139,0.03484404169327678,0.0012141072415228107,0.006412450958296145,0.01979146809101272,0.020065274963888016,0.11900576898374697,3,0.5,design,0.02,0.042399879370608615,0.03671937265234281,0.25,
tent@erm,erm,True,0.03598097126813139,0.03484404169327678,0.0012141072415228107,0.006412450958296145,0.01979146809101272,0.020065274963888016,0.11900576898374697,3,0.5,design,0.05,0.042399879370608615,0.03671937265234281,0.25,
tent@erm,erm,True,0.03598097126813139,0.03484404169327678,0.0012141072415228107,0.006412450958296145,0.01979146809101272,0.020065274963888016,0.11900576898374697,3,0.5,design,0.1,0.042399879370608615,0.03671937265234281,0.25,8
tent@erm,erm,True,0.03598097126813139,0.03484404169327678,0.0012141072415228107,0.006412450958296145,0.01979146809101272,0.020065274963888016,0.11900576898374697,3,0.5,design,0.2,0.042399879370608615,0.03671937265234281,0.25,3
tent@erm,erm,True,0.03598097126813139,0.03484404169327678,0.0012141072415228107,0.006412450958296145,0.01979146809101272,0.020065274963888016,0.11900576898374697,5,0.0,none,0.02,0.03598097126813139,0.03598097126813139,0.0,28
tent@erm,erm,True,0.03598097126813139,0.03484404169327678,0.0012141072415228107,0.006412450958296145,0.01979146809101272,0.020065274963888016,0.11900576898374697,5,0.0,none,0.05,0.03598097126813139,0.03598097126813139,0.0,7
tent@erm,erm,True,0.03598097126813139,0.03484404169327678,0.0012141072415228107,0.006412450958296145,0.01979146809101272,0.020065274963888016,0.11900576898374697,5,0.0,none,0.1,0.03598097126813139,0.03598097126813139,0.0,4
tent@erm,erm,True,0.03598097126813139,0.03484404169327678,0.0012141072415228107,0.006412450958296145,0.01979146809101272,0.020065274963888016,0.11900576898374697,5,0.0,none,0.2,0.03598097126813139,0.03598097126813139,0.0,3
tent@erm,erm,True,0.03598097126813139,0.03484404169327678,0.0012141072415228107,0.006412450958296145,0.01979146809101272,0.020065274963888016,0.11900576898374697,5,0.25,ratio,0.02,0.03846527626534422,0.03598097126813139,0.125,39
tent@erm,erm,True,0.03598097126813139,0.03484404169327678,0.0012141072415228107,0.006412450958296145,0.01979146809101272,0.020065274963888016,0.11900576898374697,5,0.25,ratio,0.05,0.03846527626534422,0.03598097126813139,0.125,8
tent@erm,erm,True,0.03598097126813139,0.03484404169327678,0.0012141072415228107,0.006412450958296145,0.01979146809101272,0.020065274963888016,0.11900576898374697,5,0.25,ratio,0.1,0.03846527626534422,0.03598097126813139,0.125,4
tent@erm,erm,True,0.03598097126813139,0.03484404169327678,0.0012141072415228107,0.006412450958296145,0.01979146809101272,0.020065274963888016,0.11900576898374697,5,0.25,ratio,0.2,0.03846527626534422,0.03598097126813139,0.125,3
tent@erm,erm,True,0.03598097126813139,0.03484404169327678,0.0012141072415228107,0.006412450958296145,0.01979146809101272,0.020065274963888016,0.11900576898374697,5,0.25,design,0.02,0.03846527626534422,0.03598097126813139,0.125,
tent@erm,erm,True,0.03598097126813139,0.03484404169327678,0.0012141072415228107,0.006412450958296145,0.01979146809101272,0.020065274963888016,0.11900576898374697,5,0.25,design,0.05,0.03846527626534422,0.03598097126813139,0.125,
tent@erm,erm,True,0.03598097126813139,0.03484404169327678,0.0012141072415228107,0.006412450958296145,0.01979146809101272,0.020065274963888016,0.11900576898374697,5,0.25,design,0.1,0.03846527626534422,0.03598097126813139,0.125,5
tent@erm,erm,True,0.03598097126813139,0.03484404169327678,0.0012141072415228107,0.006412450958296145,0.01979146809101272,0.020065274963888016,0.11900576898374697,5,0.25,design,0.2,0.03846527626534422,0.03598097126813139,0.125,3
tent@erm,erm,True,0.03598097126813139,0.03484404169327678,0.0012141072415228107,0.006412450958296145,0.01979146809101272,0.020065274963888016,0.11900576898374697,5,0.5,ratio,0.02,0.041547246894719704,0.03598097126813139,0.25,53
tent@erm,erm,True,0.03598097126813139,0.03484404169327678,0.0012141072415228107,0.006412450958296145,0.01979146809101272,0.020065274963888016,0.11900576898374697,5,0.5,ratio,0.05,0.041547246894719704,0.03598097126813139,0.25,11
tent@erm,erm,True,0.03598097126813139,0.03484404169327678,0.0012141072415228107,0.006412450958296145,0.01979146809101272,0.020065274963888016,0.11900576898374697,5,0.5,ratio,0.1,0.041547246894719704,0.03598097126813139,0.25,5
tent@erm,erm,True,0.03598097126813139,0.03484404169327678,0.0012141072415228107,0.006412450958296145,0.01979146809101272,0.020065274963888016,0.11900576898374697,5,0.5,ratio,0.2,0.041547246894719704,0.03598097126813139,0.25,3
tent@erm,erm,True,0.03598097126813139,0.03484404169327678,0.0012141072415228107,0.006412450958296145,0.01979146809101272,0.020065274963888016,0.11900576898374697,5,0.5,design,0.02,0.041547246894719704,0.03598097126813139,0.25,
tent@erm,erm,True,0.03598097126813139,0.03484404169327678,0.0012141072415228107,0.006412450958296145,0.01979146809101272,0.020065274963888016,0.11900576898374697,5,0.5,design,0.05,0.041547246894719704,0.03598097126813139,0.25,
tent@erm,erm,True,0.03598097126813139,0.03484404169327678,0.0012141072415228107,0.006412450958296145,0.01979146809101272,0.020065274963888016,0.11900576898374697,5,0.5,design,0.1,0.041547246894719704,0.03598097126813139,0.25,7
tent@erm,erm,True,0.03598097126813139,0.03484404169327678,0.0012141072415228107,0.006412450958296145,0.01979146809101272,0.020065274963888016,0.11900576898374697,5,0.5,design,0.2,0.041547246894719704,0.03598097126813139,0.25,3
tent@erm,erm,True,0.03598097126813139,0.03484404169327678,0.0012141072415228107,0.006412450958296145,0.01979146809101272,0.020065274963888016,0.11900576898374697,10,0.0,none,0.02,0.035417068871667706,0.035417068871667706,0.0,27
tent@erm,erm,True,0.03598097126813139,0.03484404169327678,0.0012141072415228107,0.006412450958296145,0.01979146809101272,0.020065274963888016,0.11900576898374697,10,0.0,none,0.05,0.035417068871667706,0.035417068871667706,0.0,7
tent@erm,erm,True,0.03598097126813139,0.03484404169327678,0.0012141072415228107,0.006412450958296145,0.01979146809101272,0.020065274963888016,0.11900576898374697,10,0.0,none,0.1,0.035417068871667706,0.035417068871667706,0.0,4
tent@erm,erm,True,0.03598097126813139,0.03484404169327678,0.0012141072415228107,0.006412450958296145,0.01979146809101272,0.020065274963888016,0.11900576898374697,10,0.0,none,0.2,0.035417068871667706,0.035417068871667706,0.0,3
tent@erm,erm,True,0.03598097126813139,0.03484404169327678,0.0012141072415228107,0.006412450958296145,0.01979146809101272,0.020065274963888016,0.11900576898374697,10,0.25,ratio,0.02,0.03786243924615911,0.035417068871667706,0.125,38
tent@erm,erm,True,0.03598097126813139,0.03484404169327678,0.0012141072415228107,0.006412450958296145,0.01979146809101272,0.020065274963888016,0.11900576898374697,10,0.25,ratio,0.05,0.03786243924615911,0.035417068871667706,0.125,8
tent@erm,erm,True,0.03598097126813139,0.03484404169327678,0.0012141072415228107,0.006412450958296145,0.01979146809101272,0.020065274963888016,0.11900576898374697,10,0.25,ratio,0.1,0.03786243924615911,0.035417068871667706,0.125,4
tent@erm,erm,True,0.03598097126813139,0.03484404169327678,0.0012141072415228107,0.006412450958296145,0.01979146809101272,0.020065274963888016,0.11900576898374697,10,0.25,ratio,0.2,0.03786243924615911,0.035417068871667706,0.125,3
tent@erm,erm,True,0.03598097126813139,0.03484404169327678,0.0012141072415228107,0.006412450958296145,0.01979146809101272,0.020065274963888016,0.11900576898374697,10,0.25,design,0.02,0.03786243924615911,0.035417068871667706,0.125,
tent@erm,erm,True,0.03598097126813139,0.03484404169327678,0.0012141072415228107,0.006412450958296145,0.01979146809101272,0.020065274963888016,0.11900576898374697,10,0.25,design,0.05,0.03786243924615911,0.035417068871667706,0.125,
tent@erm,erm,True,0.03598097126813139,0.03484404169327678,0.0012141072415228107,0.006412450958296145,0.01979146809101272,0.020065274963888016,0.11900576898374697,10,0.25,design,0.1,0.03786243924615911,0.035417068871667706,0.125,4
tent@erm,erm,True,0.03598097126813139,0.03484404169327678,0.0012141072415228107,0.006412450958296145,0.01979146809101272,0.020065274963888016,0.11900576898374697,10,0.25,design,0.2,0.03786243924615911,0.035417068871667706,0.125,3
tent@erm,erm,True,0.03598097126813139,0.03484404169327678,0.0012141072415228107,0.006412450958296145,0.01979146809101272,0.020065274963888016,0.11900576898374697,10,0.5,ratio,0.02,0.04089610849392973,0.035417068871667706,0.25,52
tent@erm,erm,True,0.03598097126813139,0.03484404169327678,0.0012141072415228107,0.006412450958296145,0.01979146809101272,0.020065274963888016,0.11900576898374697,10,0.5,ratio,0.05,0.04089610849392973,0.035417068871667706,0.25,10
tent@erm,erm,True,0.03598097126813139,0.03484404169327678,0.0012141072415228107,0.006412450958296145,0.01979146809101272,0.020065274963888016,0.11900576898374697,10,0.5,ratio,0.1,0.04089610849392973,0.035417068871667706,0.25,5
tent@erm,erm,True,0.03598097126813139,0.03484404169327678,0.0012141072415228107,0.006412450958296145,0.01979146809101272,0.020065274963888016,0.11900576898374697,10,0.5,ratio,0.2,0.04089610849392973,0.035417068871667706,0.25,3
tent@erm,erm,True,0.03598097126813139,0.03484404169327678,0.0012141072415228107,0.006412450958296145,0.01979146809101272,0.020065274963888016,0.11900576898374697,10,0.5,design,0.02,0.04089610849392973,0.035417068871667706,0.25,
tent@erm,erm,True,0.03598097126813139,0.03484404169327678,0.0012141072415228107,0.006412450958296145,0.01979146809101272,0.020065274963888016,0.11900576898374697,10,0.5,design,0.05,0.04089610849392973,0.035417068871667706,0.25,
tent@erm,erm,True,0.03598097126813139,0.03484404169327678,0.0012141072415228107,0.006412450958296145,0.01979146809101272,0.020065274963888016,0.11900576898374697,10,0.5,design,0.1,0.04089610849392973,0.035417068871667706,0.25,7
tent@erm,erm,True,0.03598097126813139,0.03484404169327678,0.0012141072415228107,0.006412450958296145,0.01979146809101272,0.020065274963888016,0.11900576898374697,10,0.5,design,0.2,0.04089610849392973,0.035417068871667706,0.25,3
tia_style,erm,True,0.029285608749442298,0.02749694736355254,0.0007560821143139789,0.0056667769609844805,0.01979146809101272,0.022534946806175543,-0.37452690285965246,1,0.0,none,0.02,0.03555145484886856,0.03555145484886856,0.0,27
tia_style,erm,True,0.029285608749442298,0.02749694736355254,0.0007560821143139789,0.0056667769609844805,0.01979146809101272,0.022534946806175543,-0.37452690285965246,1,0.0,none,0.05,0.03555145484886856,0.03555145484886856,0.0,7
tia_style,erm,True,0.029285608749442298,0.02749694736355254,0.0007560821143139789,0.0056667769609844805,0.01979146809101272,0.022534946806175543,-0.37452690285965246,1,0.0,none,0.1,0.03555145484886856,0.03555145484886856,0.0,4
tia_style,erm,True,0.029285608749442298,0.02749694736355254,0.0007560821143139789,0.0056667769609844805,0.01979146809101272,0.022534946806175543,-0.37452690285965246,1,0.0,none,0.2,0.03555145484886856,0.03555145484886856,0.0,3
tia_style,erm,True,0.029285608749442298,0.02749694736355254,0.0007560821143139789,0.0056667769609844805,0.01979146809101272,0.022534946806175543,-0.37452690285965246,1,0.25,ratio,0.02,0.038006103898808374,0.03555145484886856,0.125,38
tia_style,erm,True,0.029285608749442298,0.02749694736355254,0.0007560821143139789,0.0056667769609844805,0.01979146809101272,0.022534946806175543,-0.37452690285965246,1,0.25,ratio,0.05,0.038006103898808374,0.03555145484886856,0.125,8
tia_style,erm,True,0.029285608749442298,0.02749694736355254,0.0007560821143139789,0.0056667769609844805,0.01979146809101272,0.022534946806175543,-0.37452690285965246,1,0.25,ratio,0.1,0.038006103898808374,0.03555145484886856,0.125,4
tia_style,erm,True,0.029285608749442298,0.02749694736355254,0.0007560821143139789,0.0056667769609844805,0.01979146809101272,0.022534946806175543,-0.37452690285965246,1,0.25,ratio,0.2,0.038006103898808374,0.03555145484886856,0.125,3
tia_style,erm,True,0.029285608749442298,0.02749694736355254,0.0007560821143139789,0.0056667769609844805,0.01979146809101272,0.022534946806175543,-0.37452690285965246,1,0.25,design,0.02,0.038006103898808374,0.03555145484886856,0.125,
tia_style,erm,True,0.029285608749442298,0.02749694736355254,0.0007560821143139789,0.0056667769609844805,0.01979146809101272,0.022534946806175543,-0.37452690285965246,1,0.25,design,0.05,0.038006103898808374,0.03555145484886856,0.125,
tia_style,erm,True,0.029285608749442298,0.02749694736355254,0.0007560821143139789,0.0056667769609844805,0.01979146809101272,0.022534946806175543,-0.37452690285965246,1,0.25,design,0.1,0.038006103898808374,0.03555145484886856,0.125,4
tia_style,erm,True,0.029285608749442298,0.02749694736355254,0.0007560821143139789,0.0056667769609844805,0.01979146809101272,0.022534946806175543,-0.37452690285965246,1,0.25,design,0.2,0.038006103898808374,0.03555145484886856,0.125,3
tia_style,erm,True,0.029285608749442298,0.02749694736355254,0.0007560821143139789,0.0056667769609844805,0.01979146809101272,0.022534946806175543,-0.37452690285965246,1,0.5,ratio,0.02,0.04105128405415418,0.03555145484886856,0.25,52
tia_style,erm,True,0.029285608749442298,0.02749694736355254,0.0007560821143139789,0.0056667769609844805,0.01979146809101272,0.022534946806175543,-0.37452690285965246,1,0.5,ratio,0.05,0.04105128405415418,0.03555145484886856,0.25,11
tia_style,erm,True,0.029285608749442298,0.02749694736355254,0.0007560821143139789,0.0056667769609844805,0.01979146809101272,0.022534946806175543,-0.37452690285965246,1,0.5,ratio,0.1,0.04105128405415418,0.03555145484886856,0.25,5
tia_style,erm,True,0.029285608749442298,0.02749694736355254,0.0007560821143139789,0.0056667769609844805,0.01979146809101272,0.022534946806175543,-0.37452690285965246,1,0.5,ratio,0.2,0.04105128405415418,0.03555145484886856,0.25,3
tia_style,erm,True,0.029285608749442298,0.02749694736355254,0.0007560821143139789,0.0056667769609844805,0.01979146809101272,0.022534946806175543,-0.37452690285965246,1,0.5,design,0.02,0.04105128405415418,0.03555145484886856,0.25,
tia_style,erm,True,0.029285608749442298,0.02749694736355254,0.0007560821143139789,0.0056667769609844805,0.01979146809101272,0.022534946806175543,-0.37452690285965246,1,0.5,design,0.05,0.04105128405415418,0.03555145484886856,0.25,
tia_style,erm,True,0.029285608749442298,0.02749694736355254,0.0007560821143139789,0.0056667769609844805,0.01979146809101272,0.022534946806175543,-0.37452690285965246,1,0.5,design,0.1,0.04105128405415418,0.03555145484886856,0.25,7
tia_style,erm,True,0.029285608749442298,0.02749694736355254,0.0007560821143139789,0.0056667769609844805,0.01979146809101272,0.022534946806175543,-0.37452690285965246,1,0.5,design,0.2,0.04105128405415418,0.03555145484886856,0.25,3
tia_style,erm,True,0.029285608749442298,0.02749694736355254,0.0007560821143139789,0.0056667769609844805,0.01979146809101272,0.022534946806175543,-0.37452690285965246,3,0.0,none,0.02,0.030419676584403383,0.030419676584403383,0.0,21
tia_style,erm,True,0.029285608749442298,0.02749694736355254,0.0007560821143139789,0.0056667769609844805,0.01979146809101272,0.022534946806175543,-0.37452690285965246,3,0.0,none,0.05,0.030419676584403383,0.030419676584403383,0.0,6
tia_style,erm,True,0.029285608749442298,0.02749694736355254,0.0007560821143139789,0.0056667769609844805,0.01979146809101272,0.022534946806175543,-0.37452690285965246,3,0.0,none,0.1,0.030419676584403383,0.030419676584403383,0.0,3
tia_style,erm,True,0.029285608749442298,0.02749694736355254,0.0007560821143139789,0.0056667769609844805,0.01979146809101272,0.022534946806175543,-0.37452690285965246,3,0.0,none,0.2,0.030419676584403383,0.030419676584403383,0.0,3
tia_style,erm,True,0.029285608749442298,0.02749694736355254,0.0007560821143139789,0.0056667769609844805,0.01979146809101272,0.022534946806175543,-0.37452690285965246,3,0.25,ratio,0.02,0.032520002170087776,0.030419676584403383,0.125,28
tia_style,erm,True,0.029285608749442298,0.02749694736355254,0.0007560821143139789,0.0056667769609844805,0.01979146809101272,0.022534946806175543,-0.37452690285965246,3,0.25,ratio,0.05,0.032520002170087776,0.030419676584403383,0.125,7
tia_style,erm,True,0.029285608749442298,0.02749694736355254,0.0007560821143139789,0.0056667769609844805,0.01979146809101272,0.022534946806175543,-0.37452690285965246,3,0.25,ratio,0.1,0.032520002170087776,0.030419676584403383,0.125,4
tia_style,erm,True,0.029285608749442298,0.02749694736355254,0.0007560821143139789,0.0056667769609844805,0.01979146809101272,0.022534946806175543,-0.37452690285965246,3,0.25,ratio,0.2,0.032520002170087776,0.030419676584403383,0.125,3
tia_style,erm,True,0.029285608749442298,0.02749694736355254,0.0007560821143139789,0.0056667769609844805,0.01979146809101272,0.022534946806175543,-0.37452690285965246,3,0.25,design,0.02,0.032520002170087776,0.030419676584403383,0.125,
tia_style,erm,True,0.029285608749442298,0.02749694736355254,0.0007560821143139789,0.0056667769609844805,0.01979146809101272,0.022534946806175543,-0.37452690285965246,3,0.25,design,0.05,0.032520002170087776,0.030419676584403383,0.125,22
tia_style,erm,True,0.029285608749442298,0.02749694736355254,0.0007560821143139789,0.0056667769609844805,0.01979146809101272,0.022534946806175543,-0.37452690285965246,3,0.25,design,0.1,0.032520002170087776,0.030419676584403383,0.125,4
tia_style,erm,True,0.029285608749442298,0.02749694736355254,0.0007560821143139789,0.0056667769609844805,0.01979146809101272,0.022534946806175543,-0.37452690285965246,3,0.25,design,0.2,0.032520002170087776,0.030419676584403383,0.125,3
tia_style,erm,True,0.029285608749442298,0.02749694736355254,0.0007560821143139789,0.0056667769609844805,0.01979146809101272,0.022534946806175543,-0.37452690285965246,3,0.5,ratio,0.02,0.035125616929333296,0.030419676584403383,0.25,39
tia_style,erm,True,0.029285608749442298,0.02749694736355254,0.0007560821143139789,0.0056667769609844805,0.01979146809101272,0.022534946806175543,-0.37452690285965246,3,0.5,ratio,0.05,0.035125616929333296,0.030419676584403383,0.25,8
tia_style,erm,True,0.029285608749442298,0.02749694736355254,0.0007560821143139789,0.0056667769609844805,0.01979146809101272,0.022534946806175543,-0.37452690285965246,3,0.5,ratio,0.1,0.035125616929333296,0.030419676584403383,0.25,4
tia_style,erm,True,0.029285608749442298,0.02749694736355254,0.0007560821143139789,0.0056667769609844805,0.01979146809101272,0.022534946806175543,-0.37452690285965246,3,0.5,ratio,0.2,0.035125616929333296,0.030419676584403383,0.25,3
tia_style,erm,True,0.029285608749442298,0.02749694736355254,0.0007560821143139789,0.0056667769609844805,0.01979146809101272,0.022534946806175543,-0.37452690285965246,3,0.5,design,0.02,0.035125616929333296,0.030419676584403383,0.25,
tia_style,erm,True,0.029285608749442298,0.02749694736355254,0.0007560821143139789,0.0056667769609844805,0.01979146809101272,0.022534946806175543,-0.37452690285965246,3,0.5,design,0.05,0.035125616929333296,0.030419676584403383,0.25,
tia_style,erm,True,0.029285608749442298,0.02749694736355254,0.0007560821143139789,0.0056667769609844805,0.01979146809101272,0.022534946806175543,-0.37452690285965246,3,0.5,design,0.1,0.035125616929333296,0.030419676584403383,0.25,5
tia_style,erm,True,0.029285608749442298,0.02749694736355254,0.0007560821143139789,0.0056667769609844805,0.01979146809101272,0.022534946806175543,-0.37452690285965246,3,0.5,design,0.2,0.035125616929333296,0.030419676584403383,0.25,3
tia_style,erm,True,0.029285608749442298,0.02749694736355254,0.0007560821143139789,0.0056667769609844805,0.01979146809101272,0.022534946806175543,-0.37452690285965246,5,0.0,none,0.02,0.029285608749442298,0.029285608749442298,0.0,19
tia_style,erm,True,0.029285608749442298,0.02749694736355254,0.0007560821143139789,0.0056667769609844805,0.01979146809101272,0.022534946806175543,-0.37452690285965246,5,0.0,none,0.05,0.029285608749442298,0.029285608749442298,0.0,5
tia_style,erm,True,0.029285608749442298,0.02749694736355254,0.0007560821143139789,0.0056667769609844805,0.01979146809101272,0.022534946806175543,-0.37452690285965246,5,0.0,none,0.1,0.029285608749442298,0.029285608749442298,0.0,3
tia_style,erm,True,0.029285608749442298,0.02749694736355254,0.0007560821143139789,0.0056667769609844805,0.01979146809101272,0.022534946806175543,-0.37452690285965246,5,0.0,none,0.2,0.029285608749442298,0.029285608749442298,0.0,3
tia_style,erm,True,0.029285608749442298,0.02749694736355254,0.0007560821143139789,0.0056667769609844805,0.01979146809101272,0.022534946806175543,-0.37452690285965246,5,0.25,ratio,0.02,0.03130763265814924,0.029285608749442298,0.125,27
tia_style,erm,True,0.029285608749442298,0.02749694736355254,0.0007560821143139789,0.0056667769609844805,0.01979146809101272,0.022534946806175543,-0.37452690285965246,5,0.25,ratio,0.05,0.03130763265814924,0.029285608749442298,0.125,7
tia_style,erm,True,0.029285608749442298,0.02749694736355254,0.0007560821143139789,0.0056667769609844805,0.01979146809101272,0.022534946806175543,-0.37452690285965246,5,0.25,ratio,0.1,0.03130763265814924,0.029285608749442298,0.125,4
tia_style,erm,True,0.029285608749442298,0.02749694736355254,0.0007560821143139789,0.0056667769609844805,0.01979146809101272,0.022534946806175543,-0.37452690285965246,5,0.25,ratio,0.2,0.03130763265814924,0.029285608749442298,0.125,3
tia_style,erm,True,0.029285608749442298,0.02749694736355254,0.0007560821143139789,0.0056667769609844805,0.01979146809101272,0.022534946806175543,-0.37452690285965246,5,0.25,design,0.02,0.03130763265814924,0.029285608749442298,0.125,
tia_style,erm,True,0.029285608749442298,0.02749694736355254,0.0007560821143139789,0.0056667769609844805,0.01979146809101272,0.022534946806175543,-0.37452690285965246,5,0.25,design,0.05,0.03130763265814924,0.029285608749442298,0.125,16
tia_style,erm,True,0.029285608749442298,0.02749694736355254,0.0007560821143139789,0.0056667769609844805,0.01979146809101272,0.022534946806175543,-0.37452690285965246,5,0.25,design,0.1,0.03130763265814924,0.029285608749442298,0.125,4
tia_style,erm,True,0.029285608749442298,0.02749694736355254,0.0007560821143139789,0.0056667769609844805,0.01979146809101272,0.022534946806175543,-0.37452690285965246,5,0.25,design,0.2,0.03130763265814924,0.029285608749442298,0.125,3
tia_style,erm,True,0.029285608749442298,0.02749694736355254,0.0007560821143139789,0.0056667769609844805,0.01979146809101272,0.022534946806175543,-0.37452690285965246,5,0.5,ratio,0.02,0.03381610818974514,0.029285608749442298,0.25,36
tia_style,erm,True,0.029285608749442298,0.02749694736355254,0.0007560821143139789,0.0056667769609844805,0.01979146809101272,0.022534946806175543,-0.37452690285965246,5,0.5,ratio,0.05,0.03381610818974514,0.029285608749442298,0.25,8
tia_style,erm,True,0.029285608749442298,0.02749694736355254,0.0007560821143139789,0.0056667769609844805,0.01979146809101272,0.022534946806175543,-0.37452690285965246,5,0.5,ratio,0.1,0.03381610818974514,0.029285608749442298,0.25,4
tia_style,erm,True,0.029285608749442298,0.02749694736355254,0.0007560821143139789,0.0056667769609844805,0.01979146809101272,0.022534946806175543,-0.37452690285965246,5,0.5,ratio,0.2,0.03381610818974514,0.029285608749442298,0.25,3
tia_style,erm,True,0.029285608749442298,0.02749694736355254,0.0007560821143139789,0.0056667769609844805,0.01979146809101272,0.022534946806175543,-0.37452690285965246,5,0.5,design,0.02,0.03381610818974514,0.029285608749442298,0.25,
tia_style,erm,True,0.029285608749442298,0.02749694736355254,0.0007560821143139789,0.0056667769609844805,0.01979146809101272,0.022534946806175543,-0.37452690285965246,5,0.5,design,0.05,0.03381610818974514,0.029285608749442298,0.25,
tia_style,erm,True,0.029285608749442298,0.02749694736355254,0.0007560821143139789,0.0056667769609844805,0.01979146809101272,0.022534946806175543,-0.37452690285965246,5,0.5,design,0.1,0.03381610818974514,0.029285608749442298,0.25,5
tia_style,erm,True,0.029285608749442298,0.02749694736355254,0.0007560821143139789,0.0056667769609844805,0.01979146809101272,0.022534946806175543,-0.37452690285965246,5,0.5,design,0.2,0.03381610818974514,0.029285608749442298,0.25,3
tia_style,erm,True,0.029285608749442298,0.02749694736355254,0.0007560821143139789,0.0056667769609844805,0.01979146809101272,0.022534946806175543,-0.37452690285965246,10,0.0,none,0.02,0.028405360358032688,0.028405360358032688,0.0,18
tia_style,erm,True,0.029285608749442298,0.02749694736355254,0.0007560821143139789,0.0056667769609844805,0.01979146809101272,0.022534946806175543,-0.37452690285965246,10,0.0,none,0.05,0.028405360358032688,0.028405360358032688,0.0,5
tia_style,erm,True,0.029285608749442298,0.02749694736355254,0.0007560821143139789,0.0056667769609844805,0.01979146809101272,0.022534946806175543,-0.37452690285965246,10,0.0,none,0.1,0.028405360358032688,0.028405360358032688,0.0,3
tia_style,erm,True,0.029285608749442298,0.02749694736355254,0.0007560821143139789,0.0056667769609844805,0.01979146809101272,0.022534946806175543,-0.37452690285965246,10,0.0,none,0.2,0.028405360358032688,0.028405360358032688,0.0,3
tia_style,erm,True,0.029285608749442298,0.02749694736355254,0.0007560821143139789,0.0056667769609844805,0.01979146809101272,0.022534946806175543,-0.37452690285965246,10,0.25,ratio,0.02,0.030366607545031055,0.028405360358032688,0.125,25
tia_style,erm,True,0.029285608749442298,0.02749694736355254,0.0007560821143139789,0.0056667769609844805,0.01979146809101272,0.022534946806175543,-0.37452690285965246,10,0.25,ratio,0.05,0.030366607545031055,0.028405360358032688,0.125,6
tia_style,erm,True,0.029285608749442298,0.02749694736355254,0.0007560821143139789,0.0056667769609844805,0.01979146809101272,0.022534946806175543,-0.37452690285965246,10,0.25,ratio,0.1,0.030366607545031055,0.028405360358032688,0.125,4
tia_style,erm,True,0.029285608749442298,0.02749694736355254,0.0007560821143139789,0.0056667769609844805,0.01979146809101272,0.022534946806175543,-0.37452690285965246,10,0.25,ratio,0.2,0.030366607545031055,0.028405360358032688,0.125,3
tia_style,erm,True,0.029285608749442298,0.02749694736355254,0.0007560821143139789,0.0056667769609844805,0.01979146809101272,0.022534946806175543,-0.37452690285965246,10,0.25,design,0.02,0.030366607545031055,0.028405360358032688,0.125,
tia_style,erm,True,0.029285608749442298,0.02749694736355254,0.0007560821143139789,0.0056667769609844805,0.01979146809101272,0.022534946806175543,-0.37452690285965246,10,0.25,design,0.05,0.030366607545031055,0.028405360358032688,0.125,13
tia_style,erm,True,0.029285608749442298,0.02749694736355254,0.0007560821143139789,0.0056667769609844805,0.01979146809101272,0.022534946806175543,-0.37452690285965246,10,0.25,design,0.1,0.030366607545031055,0.028405360358032688,0.125,4
tia_style,erm,True,0.029285608749442298,0.02749694736355254,0.0007560821143139789,0.0056667769609844805,0.01979146809101272,0.022534946806175543,-0.37452690285965246,10,0.25,design,0.2,0.030366607545031055,0.028405360358032688,0.125,3
tia_style,erm,True,0.029285608749442298,0.02749694736355254,0.0007560821143139789,0.0056667769609844805,0.01979146809101272,0.022534946806175543,-0.37452690285965246,10,0.5,ratio,0.02,0.032799684898277,0.028405360358032688,0.25,34
tia_style,erm,True,0.029285608749442298,0.02749694736355254,0.0007560821143139789,0.0056667769609844805,0.01979146809101272,0.022534946806175543,-0.37452690285965246,10,0.5,ratio,0.05,0.032799684898277,0.028405360358032688,0.25,8
tia_style,erm,True,0.029285608749442298,0.02749694736355254,0.0007560821143139789,0.0056667769609844805,0.01979146809101272,0.022534946806175543,-0.37452690285965246,10,0.5,ratio,0.1,0.032799684898277,0.028405360358032688,0.25,4
tia_style,erm,True,0.029285608749442298,0.02749694736355254,0.0007560821143139789,0.0056667769609844805,0.01979146809101272,0.022534946806175543,-0.37452690285965246,10,0.5,ratio,0.2,0.032799684898277,0.028405360358032688,0.25,3
tia_style,erm,True,0.029285608749442298,0.02749694736355254,0.0007560821143139789,0.0056667769609844805,0.01979146809101272,0.022534946806175543,-0.37452690285965246,10,0.5,design,0.02,0.032799684898277,0.028405360358032688,0.25,
tia_style,erm,True,0.029285608749442298,0.02749694736355254,0.0007560821143139789,0.0056667769609844805,0.01979146809101272,0.022534946806175543,-0.37452690285965246,10,0.5,design,0.05,0.032799684898277,0.028405360358032688,0.25,
tia_style,erm,True,0.029285608749442298,0.02749694736355254,0.0007560821143139789,0.0056667769609844805,0.01979146809101272,0.022534946806175543,-0.37452690285965246,10,0.5,design,0.1,0.032799684898277,0.028405360358032688,0.25,4
tia_style,erm,True,0.029285608749442298,0.02749694736355254,0.0007560821143139789,0.0056667769609844805,0.01979146809101272,0.022534946806175543,-0.37452690285965246,10,0.5,design,0.2,0.032799684898277,0.028405360358032688,0.25,3
