arm,ref,paired,sd_d_observed,sigma_dxa,sigma_dxa_raw2,sigma_run_arm,sigma_run_ref,sigma_run_diff,run_corr,seeds,rho,keff_mode,delta,sd_delta,sd_delta_uncorrected,rbar_obs,K_min
bnadapt@erm,erm,True,0.14244821961526863,0.14104989550469976,0.019895073021886724,0.005765536303664413,0.033559049531219826,0.03448574704162899,-0.07704833240521389,1,0.0,none,0.02,0.14520447572614953,0.14520447572614953,0.0,416
bnadapt@erm,erm,True,0.14244821961526863,0.14104989550469976,0.019895073021886724,0.005765536303664413,0.033559049531219826,0.03448574704162899,-0.07704833240521389,1,0.0,none,0.05,0.14520447572614953,0.14520447572614953,0.0,69
bnadapt@erm,erm,True,0.14244821961526863,0.14104989550469976,0.019895073021886724,0.005765536303664413,0.033559049531219826,0.03448574704162899,-0.07704833240521389,1,0.0,none,0.1,0.14520447572614953,0.14520447572614953,0.0,19
bnadapt@erm,erm,True,0.14244821961526863,0.14104989550469976,0.019895073021886724,0.005765536303664413,0.033559049531219826,0.03448574704162899,-0.07704833240521389,1,0.0,none,0.2,0.14520447572614953,0.14520447572614953,0.0,7
bnadapt@erm,erm,True,0.14244821961526863,0.14104989550469976,0.019895073021886724,0.005765536303664413,0.033559049531219826,0.03448574704162899,-0.07704833240521389,1,0.25,ratio,0.02,0.1552301140552528,0.14520447572614953,0.125,712
bnadapt@erm,erm,True,0.14244821961526863,0.14104989550469976,0.019895073021886724,0.005765536303664413,0.033559049531219826,0.03448574704162899,-0.07704833240521389,1,0.25,ratio,0.05,0.1552301140552528,0.14520447572614953,0.125,116
bnadapt@erm,erm,True,0.14244821961526863,0.14104989550469976,0.019895073021886724,0.005765536303664413,0.033559049531219826,0.03448574704162899,-0.07704833240521389,1,0.25,ratio,0.1,0.1552301140552528,0.14520447572614953,0.125,31
bnadapt@erm,erm,True,0.14244821961526863,0.14104989550469976,0.019895073021886724,0.005765536303664413,0.033559049531219826,0.03448574704162899,-0.07704833240521389,1,0.25,ratio,0.2,0.1552301140552528,0.14520447572614953,0.125,10
bnadapt@erm,erm,True,0.14244821961526863,0.14104989550469976,0.019895073021886724,0.005765536303664413,0.033559049531219826,0.03448574704162899,-0.07704833240521389,1,0.25,design,0.02,0.1552301140552528,0.14520447572614953,0.125,
bnadapt@erm,erm,True,0.14244821961526863,0.14104989550469976,0.019895073021886724,0.005765536303664413,0.033559049531219826,0.03448574704162899,-0.07704833240521389,1,0.25,design,0.05,0.1552301140552528,0.14520447572614953,0.125,
bnadapt@erm,erm,True,0.14244821961526863,0.14104989550469976,0.019895073021886724,0.005765536303664413,0.033559049531219826,0.03448574704162899,-0.07704833240521389,1,0.25,design,0.1,0.1552301140552528,0.14520447572614953,0.125,
bnadapt@erm,erm,True,0.14244821961526863,0.14104989550469976,0.019895073021886724,0.005765536303664413,0.033559049531219826,0.03448574704162899,-0.07704833240521389,1,0.25,design,0.2,0.1552301140552528,0.14520447572614953,0.125,
bnadapt@erm,erm,True,0.14244821961526863,0.14104989550469976,0.019895073021886724,0.005765536303664413,0.033559049531219826,0.03448574704162899,-0.07704833240521389,1,0.5,ratio,0.02,0.16766768629606182,0.14520447572614953,0.25,
bnadapt@erm,erm,True,0.14244821961526863,0.14104989550469976,0.019895073021886724,0.005765536303664413,0.033559049531219826,0.03448574704162899,-0.07704833240521389,1,0.5,ratio,0.05,0.16766768629606182,0.14520447572614953,0.25,179
bnadapt@erm,erm,True,0.14244821961526863,0.14104989550469976,0.019895073021886724,0.005765536303664413,0.033559049531219826,0.03448574704162899,-0.07704833240521389,1,0.5,ratio,0.1,0.16766768629606182,0.14520447572614953,0.25,47
bnadapt@erm,erm,True,0.14244821961526863,0.14104989550469976,0.019895073021886724,0.005765536303664413,0.033559049531219826,0.03448574704162899,-0.07704833240521389,1,0.5,ratio,0.2,0.16766768629606182,0.14520447572614953,0.25,14
bnadapt@erm,erm,True,0.14244821961526863,0.14104989550469976,0.019895073021886724,0.005765536303664413,0.033559049531219826,0.03448574704162899,-0.07704833240521389,1,0.5,design,0.02,0.16766768629606182,0.14520447572614953,0.25,
bnadapt@erm,erm,True,0.14244821961526863,0.14104989550469976,0.019895073021886724,0.005765536303664413,0.033559049531219826,0.03448574704162899,-0.07704833240521389,1,0.5,design,0.05,0.16766768629606182,0.14520447572614953,0.25,
bnadapt@erm,erm,True,0.14244821961526863,0.14104989550469976,0.019895073021886724,0.005765536303664413,0.033559049531219826,0.03448574704162899,-0.07704833240521389,1,0.5,design,0.1,0.16766768629606182,0.14520447572614953,0.25,
bnadapt@erm,erm,True,0.14244821961526863,0.14104989550469976,0.019895073021886724,0.005765536303664413,0.033559049531219826,0.03448574704162899,-0.07704833240521389,1,0.5,design,0.2,0.16766768629606182,0.14520447572614953,0.25,
bnadapt@erm,erm,True,0.14244821961526863,0.14104989550469976,0.019895073021886724,0.005765536303664413,0.033559049531219826,0.03448574704162899,-0.07704833240521389,3,0.0,none,0.02,0.14244821961526863,0.14244821961526863,0.0,401
bnadapt@erm,erm,True,0.14244821961526863,0.14104989550469976,0.019895073021886724,0.005765536303664413,0.033559049531219826,0.03448574704162899,-0.07704833240521389,3,0.0,none,0.05,0.14244821961526863,0.14244821961526863,0.0,66
bnadapt@erm,erm,True,0.14244821961526863,0.14104989550469976,0.019895073021886724,0.005765536303664413,0.033559049531219826,0.03448574704162899,-0.07704833240521389,3,0.0,none,0.1,0.14244821961526863,0.14244821961526863,0.0,18
bnadapt@erm,erm,True,0.14244821961526863,0.14104989550469976,0.019895073021886724,0.005765536303664413,0.033559049531219826,0.03448574704162899,-0.07704833240521389,3,0.0,none,0.2,0.14244821961526863,0.14244821961526863,0.0,7
bnadapt@erm,erm,True,0.14244821961526863,0.14104989550469976,0.019895073021886724,0.005765536303664413,0.033559049531219826,0.03448574704162899,-0.07704833240521389,3,0.25,ratio,0.02,0.15228355233036187,0.14244821961526863,0.125,685
bnadapt@erm,erm,True,0.14244821961526863,0.14104989550469976,0.019895073021886724,0.005765536303664413,0.033559049531219826,0.03448574704162899,-0.07704833240521389,3,0.25,ratio,0.05,0.15228355233036187,0.14244821961526863,0.125,112
bnadapt@erm,erm,True,0.14244821961526863,0.14104989550469976,0.019895073021886724,0.005765536303664413,0.033559049531219826,0.03448574704162899,-0.07704833240521389,3,0.25,ratio,0.1,0.15228355233036187,0.14244821961526863,0.125,30
bnadapt@erm,erm,True,0.14244821961526863,0.14104989550469976,0.019895073021886724,0.005765536303664413,0.033559049531219826,0.03448574704162899,-0.07704833240521389,3,0.25,ratio,0.2,0.15228355233036187,0.14244821961526863,0.125,9
bnadapt@erm,erm,True,0.14244821961526863,0.14104989550469976,0.019895073021886724,0.005765536303664413,0.033559049531219826,0.03448574704162899,-0.07704833240521389,3,0.25,design,0.02,0.15228355233036187,0.14244821961526863,0.125,
bnadapt@erm,erm,True,0.14244821961526863,0.14104989550469976,0.019895073021886724,0.005765536303664413,0.033559049531219826,0.03448574704162899,-0.07704833240521389,3,0.25,design,0.05,0.15228355233036187,0.14244821961526863,0.125,
bnadapt@erm,erm,True,0.14244821961526863,0.14104989550469976,0.019895073021886724,0.005765536303664413,0.033559049531219826,0.03448574704162899,-0.07704833240521389,3,0.25,design,0.1,0.15228355233036187,0.14244821961526863,0.125,
bnadapt@erm,erm,True,0.14244821961526863,0.14104989550469976,0.019895073021886724,0.005765536303664413,0.033559049531219826,0.03448574704162899,-0.07704833240521389,3,0.25,design,0.2,0.15228355233036187,0.14244821961526863,0.125,
bnadapt@erm,erm,True,0.14244821961526863,0.14104989550469976,0.019895073021886724,0.005765536303664413,0.033559049531219826,0.03448574704162899,-0.07704833240521389,3,0.5,ratio,0.02,0.16448503588091656,0.14244821961526863,0.25,
bnadapt@erm,erm,True,0.14244821961526863,0.14104989550469976,0.019895073021886724,0.005765536303664413,0.033559049531219826,0.03448574704162899,-0.07704833240521389,3,0.5,ratio,0.05,0.16448503588091656,0.14244821961526863,0.25,172
bnadapt@erm,erm,True,0.14244821961526863,0.14104989550469976,0.019895073021886724,0.005765536303664413,0.033559049531219826,0.03448574704162899,-0.07704833240521389,3,0.5,ratio,0.1,0.16448503588091656,0.14244821961526863,0.25,45
bnadapt@erm,erm,True,0.14244821961526863,0.14104989550469976,0.019895073021886724,0.005765536303664413,0.033559049531219826,0.03448574704162899,-0.07704833240521389,3,0.5,ratio,0.2,0.16448503588091656,0.14244821961526863,0.25,13
bnadapt@erm,erm,True,0.14244821961526863,0.14104989550469976,0.019895073021886724,0.005765536303664413,0.033559049531219826,0.03448574704162899,-0.07704833240521389,3,0.5,design,0.02,0.16448503588091656,0.14244821961526863,0.25,
bnadapt@erm,erm,True,0.14244821961526863,0.14104989550469976,0.019895073021886724,0.005765536303664413,0.033559049531219826,0.03448574704162899,-0.07704833240521389,3,0.5,design,0.05,0.16448503588091656,0.14244821961526863,0.25,
bnadapt@erm,erm,True,0.14244821961526863,0.14104989550469976,0.019895073021886724,0.005765536303664413,0.033559049531219826,0.03448574704162899,-0.07704833240521389,3,0.5,design,0.1,0.16448503588091656,0.14244821961526863,0.25,
bnadapt@erm,erm,True,0.14244821961526863,0.14104989550469976,0.019895073021886724,0.005765536303664413,0.033559049531219826,0.03448574704162899,-0.07704833240521389,3,0.5,design,0.2,0.16448503588091656,0.14244821961526863,0.25,
bnadapt@erm,erm,True,0.14244821961526863,0.14104989550469976,0.019895073021886724,0.005765536303664413,0.033559049531219826,0.03448574704162899,-0.07704833240521389,5,0.0,none,0.02,0.1418905436302595,0.1418905436302595,0.0,397
bnadapt@erm,erm,True,0.14244821961526863,0.14104989550469976,0.019895073021886724,0.005765536303664413,0.033559049531219826,0.03448574704162899,-0.07704833240521389,5,0.0,none,0.05,0.1418905436302595,0.1418905436302595,0.0,66
bnadapt@erm,erm,True,0.14244821961526863,0.14104989550469976,0.019895073021886724,0.005765536303664413,0.033559049531219826,0.03448574704162899,-0.07704833240521389,5,0.0,none,0.1,0.1418905436302595,0.1418905436302595,0.0,18
bnadapt@erm,erm,True,0.14244821961526863,0.14104989550469976,0.019895073021886724,0.005765536303664413,0.033559049531219826,0.03448574704162899,-0.07704833240521389,5,0.0,none,0.2,0.1418905436302595,0.1418905436302595,0.0,7
bnadapt@erm,erm,True,0.14244821961526863,0.14104989550469976,0.019895073021886724,0.005765536303664413,0.033559049531219826,0.03448574704162899,-0.07704833240521389,5,0.25,ratio,0.02,0.15168737162500875,0.1418905436302595,0.125,680
bnadapt@erm,erm,True,0.14244821961526863,0.14104989550469976,0.019895073021886724,0.005765536303664413,0.033559049531219826,0.03448574704162899,-0.07704833240521389,5,0.25,ratio,0.05,0.15168737162500875,0.1418905436302595,0.125,111
bnadapt@erm,erm,True,0.14244821961526863,0.14104989550469976,0.019895073021886724,0.005765536303664413,0.033559049531219826,0.03448574704162899,-0.07704833240521389,5,0.25,ratio,0.1,0.15168737162500875,0.1418905436302595,0.125,30
bnadapt@erm,erm,True,0.14244821961526863,0.14104989550469976,0.019895073021886724,0.005765536303664413,0.033559049531219826,0.03448574704162899,-0.07704833240521389,5,0.25,ratio,0.2,0.15168737162500875,0.1418905436302595,0.125,9
bnadapt@erm,erm,True,0.14244821961526863,0.14104989550469976,0.019895073021886724,0.005765536303664413,0.033559049531219826,0.03448574704162899,-0.07704833240521389,5,0.25,design,0.02,0.15168737162500875,0.1418905436302595,0.125,
bnadapt@erm,erm,True,0.14244821961526863,0.14104989550469976,0.019895073021886724,0.005765536303664413,0.033559049531219826,0.03448574704162899,-0.07704833240521389,5,0.25,design,0.05,0.15168737162500875,0.1418905436302595,0.125,
bnadapt@erm,erm,True,0.14244821961526863,0.14104989550469976,0.019895073021886724,0.005765536303664413,0.033559049531219826,0.03448574704162899,-0.07704833240521389,5,0.25,design,0.1,0.15168737162500875,0.1418905436302595,0.125,
bnadapt@erm,erm,True,0.14244821961526863,0.14104989550469976,0.019895073021886724,0.005765536303664413,0.033559049531219826,0.03448574704162899,-0.07704833240521389,5,0.25,design,0.2,0.15168737162500875,0.1418905436302595,0.125,
bnadapt@erm,erm,True,0.14244821961526863,0.14104989550469976,0.019895073021886724,0.005765536303664413,0.033559049531219826,0.03448574704162899,-0.07704833240521389,5,0.5,ratio,0.02,0.16384108712078532,0.1418905436302595,0.25,
bnadapt@erm,erm,True,0.14244821961526863,0.14104989550469976,0.019895073021886724,0.005765536303664413,0.033559049531219826,0.03448574704162899,-0.07704833240521389,5,0.5,ratio,0.05,0.16384108712078532,0.1418905436302595,0.25,171
bnadapt@erm,erm,True,0.14244821961526863,0.14104989550469976,0.019895073021886724,0.005765536303664413,0.033559049531219826,0.03448574704162899,-0.07704833240521389,5,0.5,ratio,0.1,0.16384108712078532,0.1418905436302595,0.25,45
bnadapt@erm,erm,True,0.14244821961526863,0.14104989550469976,0.019895073021886724,0.005765536303664413,0.033559049531219826,0.03448574704162899,-0.07704833240521389,5,0.5,ratio,0.2,0.16384108712078532,0.1418905436302595,0.25,13
bnadapt@erm,erm,True,0.14244821961526863,0.14104989550469976,0.019895073021886724,0.005765536303664413,0.033559049531219826,0.03448574704162899,-0.07704833240521389,5,0.5,design,0.02,0.16384108712078532,0.1418905436302595,0.25,
bnadapt@erm,erm,True,0.14244821961526863,0.14104989550469976,0.019895073021886724,0.005765536303664413,0.033559049531219826,0.03448574704162899,-0.07704833240521389,5,0.5,design,0.05,0.16384108712078532,0.1418905436302595,0.25,
bnadapt@erm,erm,True,0.14244821961526863,0.14104989550469976,0.019895073021886724,0.005765536303664413,0.033559049531219826,0.03448574704162899,-0.07704833240521389,5,0.5,design,0.1,0.16384108712078532,0.1418905436302595,0.25,
bnadapt@erm,erm,True,0.14244821961526863,0.14104989550469976,0.019895073021886724,0.005765536303664413,0.033559049531219826,0.03448574704162899,-0.07704833240521389,5,0.5,design,0.2,0.16384108712078532,0.1418905436302595,0.25,
bnadapt@erm,erm,True,0.14244821961526863,0.14104989550469976,0.019895073021886724,0.005765536303664413,0.033559049531219826,0.03448574704162899,-0.07704833240521389,10,0.0,none,0.02,0.14147084398132587,0.14147084398132587,0.0,395
bnadapt@erm,erm,True,0.14244821961526863,0.14104989550469976,0.019895073021886724,0.005765536303664413,0.033559049531219826,0.03448574704162899,-0.07704833240521389,10,0.0,none,0.05,0.14147084398132587,0.14147084398132587,0.0,65
bnadapt@erm,erm,True,0.14244821961526863,0.14104989550469976,0.019895073021886724,0.005765536303664413,0.033559049531219826,0.03448574704162899,-0.07704833240521389,10,0.0,none,0.1,0.14147084398132587,0.14147084398132587,0.0,18
bnadapt@erm,erm,True,0.14244821961526863,0.14104989550469976,0.019895073021886724,0.005765536303664413,0.033559049531219826,0.03448574704162899,-0.07704833240521389,10,0.0,none,0.2,0.14147084398132587,0.14147084398132587,0.0,7
bnadapt@erm,erm,True,0.14244821961526863,0.14104989550469976,0.019895073021886724,0.005765536303664413,0.033559049531219826,0.03448574704162899,-0.07704833240521389,10,0.25,ratio,0.02,0.1512386938273919,0.14147084398132587,0.125,676
bnadapt@erm,erm,True,0.14244821961526863,0.14104989550469976,0.019895073021886724,0.005765536303664413,0.033559049531219826,0.03448574704162899,-0.07704833240521389,10,0.25,ratio,0.05,0.1512386938273919,0.14147084398132587,0.125,110
bnadapt@erm,erm,True,0.14244821961526863,0.14104989550469976,0.019895073021886724,0.005765536303664413,0.033559049531219826,0.03448574704162899,-0.07704833240521389,10,0.25,ratio,0.1,0.1512386938273919,0.14147084398132587,0.125,29
bnadapt@erm,erm,True,0.14244821961526863,0.14104989550469976,0.019895073021886724,0.005765536303664413,0.033559049531219826,0.03448574704162899,-0.07704833240521389,10,0.25,ratio,0.2,0.1512386938273919,0.14147084398132587,0.125,9
bnadapt@erm,erm,True,0.14244821961526863,0.14104989550469976,0.019895073021886724,0.005765536303664413,0.033559049531219826,0.03448574704162899,-0.07704833240521389,10,0.25,design,0.02,0.1512386938273919,0.14147084398132587,0.125,
bnadapt@erm,erm,True,0.14244821961526863,0.14104989550469976,0.019895073021886724,0.005765536303664413,0.033559049531219826,0.03448574704162899,-0.07704833240521389,10,0.25,design,0.05,0.1512386938273919,0.14147084398132587,0.125,
bnadapt@erm,erm,True,0.14244821961526863,0.14104989550469976,0.019895073021886724,0.005765536303664413,0.033559049531219826,0.03448574704162899,-0.07704833240521389,10,0.25,design,0.1,0.1512386938273919,0.14147084398132587,0.125,
bnadapt@erm,erm,True,0.14244821961526863,0.14104989550469976,0.019895073021886724,0.005765536303664413,0.033559049531219826,0.03448574704162899,-0.07704833240521389,10,0.25,design,0.2,0.1512386938273919,0.14147084398132587,0.125,
bnadapt@erm,erm,True,0.14244821961526863,0.14104989550469976,0.019895073021886724,0.005765536303664413,0.033559049531219826,0.03448574704162899,-0.07704833240521389,10,0.5,ratio,0.02,0.16335645971020407,0.14147084398132587,0.25,
bnadapt@erm,erm,True,0.14244821961526863,0.14104989550469976,0.019895073021886724,0.005765536303664413,0.033559049531219826,0.03448574704162899,-0.07704833240521389,10,0.5,ratio,0.05,0.16335645971020407,0.14147084398132587,0.25,170
bnadapt@erm,erm,True,0.14244821961526863,0.14104989550469976,0.019895073021886724,0.005765536303664413,0.033559049531219826,0.03448574704162899,-0.07704833240521389,10,0.5,ratio,0.1,0.16335645971020407,0.14147084398132587,0.25,44
bnadapt@erm,erm,True,0.14244821961526863,0.14104989550469976,0.019895073021886724,0.005765536303664413,0.033559049531219826,0.03448574704162899,-0.07704833240521389,10,0.5,ratio,0.2,0.16335645971020407,0.14147084398132587,0.25,13
bnadapt@erm,erm,True,0.14244821961526863,0.14104989550469976,0.019895073021886724,0.005765536303664413,0.033559049531219826,0.03448574704162899,-0.07704833240521389,10,0.5,design,0.02,0.16335645971020407,0.14147084398132587,0.25,
bnadapt@erm,erm,True,0.14244821961526863,0.14104989550469976,0.019895073021886724,0.005765536303664413,0.033559049531219826,0.03448574704162899,-0.07704833240521389,10,0.5,design,0.05,0.16335645971020407,0.14147084398132587,0.25,
bnadapt@erm,erm,True,0.14244821961526863,0.14104989550469976,0.019895073021886724,0.005765536303664413,0.033559049531219826,0.03448574704162899,-0.07704833240521389,10,0.5,design,0.1,0.16335645971020407,0.14147084398132587,0.25,
bnadapt@erm,erm,True,0.14244821961526863,0.14104989550469976,0.019895073021886724,0.005765536303664413,0.033559049531219826,0.03448574704162899,-0.07704833240521389,10,0.5,design,0.2,0.16335645971020407,0.14147084398132587,0.25,
coral,erm,True,0.07359710236870749,0.07248860150578156,0.005254597348263996,0.031975854757919545,0.033559049531219826,0.022041061372312407,0.774806072766729,1,0.0,none,0.02,0.07576546531687137,0.07576546531687137,0.0,115
coral,erm,True,0.07359710236870749,0.07248860150578156,0.005254597348263996,0.031975854757919545,0.033559049531219826,0.022041061372312407,0.774806072766729,1,0.0,none,0.05,0.07576546531687137,0.07576546531687137,0.0,21
coral,erm,True,0.07359710236870749,0.07248860150578156,0.005254597348263996,0.031975854757919545,0.033559049531219826,0.022041061372312407,0.774806072766729,1,0.0,none,0.1,0.07576546531687137,0.07576546531687137,0.0,7
coral,erm,True,0.07359710236870749,0.07248860150578156,0.005254597348263996,0.031975854757919545,0.033559049531219826,0.022041061372312407,0.774806072766729,1,0.0,none,0.2,0.07576546531687137,0.07576546531687137,0.0,4
coral,erm,True,0.07359710236870749,0.07248860150578156,0.005254597348263996,0.031975854757919545,0.033559049531219826,0.022041061372312407,0.774806072766729,1,0.25,ratio,0.02,0.08099668941863904,0.07576546531687137,0.125,196
coral,erm,True,0.07359710236870749,0.07248860150578156,0.005254597348263996,0.031975854757919545,0.033559049531219826,0.022041061372312407,0.774806072766729,1,0.25,ratio,0.05,0.08099668941863904,0.07576546531687137,0.125,33
coral,erm,True,0.07359710236870749,0.07248860150578156,0.005254597348263996,0.031975854757919545,0.033559049531219826,0.022041061372312407,0.774806072766729,1,0.25,ratio,0.1,0.08099668941863904,0.07576546531687137,0.125,10
coral,erm,True,0.07359710236870749,0.07248860150578156,0.005254597348263996,0.031975854757919545,0.033559049531219826,0.022041061372312407,0.774806072766729,1,0.25,ratio,0.2,0.08099668941863904,0.07576546531687137,0.125,5
coral,erm,True,0.07359710236870749,0.07248860150578156,0.005254597348263996,0.031975854757919545,0.033559049531219826,0.022041061372312407,0.774806072766729,1,0.25,design,0.02,0.08099668941863904,0.07576546531687137,0.125,
coral,erm,True,0.07359710236870749,0.07248860150578156,0.005254597348263996,0.031975854757919545,0.033559049531219826,0.022041061372312407,0.774806072766729,1,0.25,design,0.05,0.08099668941863904,0.07576546531687137,0.125,
coral,erm,True,0.07359710236870749,0.07248860150578156,0.005254597348263996,0.031975854757919545,0.033559049531219826,0.022041061372312407,0.774806072766729,1,0.25,design,0.1,0.08099668941863904,0.07576546531687137,0.125,
coral,erm,True,0.07359710236870749,0.07248860150578156,0.005254597348263996,0.031975854757919545,0.033559049531219826,0.022041061372312407,0.774806072766729,1,0.25,design,0.2,0.08099668941863904,0.07576546531687137,0.125,4
coral,erm,True,0.07359710236870749,0.07248860150578156,0.005254597348263996,0.031975854757919545,0.033559049531219826,0.022041061372312407,0.774806072766729,1,0.5,ratio,0.02,0.08748642359194587,0.07576546531687137,0.25,303
coral,erm,True,0.07359710236870749,0.07248860150578156,0.005254597348263996,0.031975854757919545,0.033559049531219826,0.022041061372312407,0.774806072766729,1,0.5,ratio,0.05,0.08748642359194587,0.07576546531687137,0.25,51
coral,erm,True,0.07359710236870749,0.07248860150578156,0.005254597348263996,0.031975854757919545,0.033559049531219826,0.022041061372312407,0.774806072766729,1,0.5,ratio,0.1,0.08748642359194587,0.07576546531687137,0.25,15
coral,erm,True,0.07359710236870749,0.07248860150578156,0.005254597348263996,0.031975854757919545,0.033559049531219826,0.022041061372312407,0.774806072766729,1,0.5,ratio,0.2,0.08748642359194587,0.07576546531687137,0.25,6
coral,erm,True,0.07359710236870749,0.07248860150578156,0.005254597348263996,0.031975854757919545,0.033559049531219826,0.022041061372312407,0.774806072766729,1,0.5,design,0.02,0.08748642359194587,0.07576546531687137,0.25,
coral,erm,True,0.07359710236870749,0.07248860150578156,0.005254597348263996,0.031975854757919545,0.033559049531219826,0.022041061372312407,0.774806072766729,1,0.5,design,0.05,0.08748642359194587,0.07576546531687137,0.25,
coral,erm,True,0.07359710236870749,0.07248860150578156,0.005254597348263996,0.031975854757919545,0.033559049531219826,0.022041061372312407,0.774806072766729,1,0.5,design,0.1,0.08748642359194587,0.07576546531687137,0.25,
coral,erm,True,0.07359710236870749,0.07248860150578156,0.005254597348263996,0.031975854757919545,0.033559049531219826,0.022041061372312407,0.774806072766729,1,0.5,design,0.2,0.08748642359194587,0.07576546531687137,0.25,6
coral,erm,True,0.07359710236870749,0.07248860150578156,0.005254597348263996,0.031975854757919545,0.033559049531219826,0.022041061372312407,0.774806072766729,3,0.0,none,0.02,0.07359710236870749,0.07359710236870749,0.0,109
coral,erm,True,0.07359710236870749,0.07248860150578156,0.005254597348263996,0.031975854757919545,0.033559049531219826,0.022041061372312407,0.774806072766729,3,0.0,none,0.05,0.07359710236870749,0.07359710236870749,0.0,20
coral,erm,True,0.07359710236870749,0.07248860150578156,0.005254597348263996,0.031975854757919545,0.033559049531219826,0.022041061372312407,0.774806072766729,3,0.0,none,0.1,0.07359710236870749,0.07359710236870749,0.0,7
coral,erm,True,0.07359710236870749,0.07248860150578156,0.005254597348263996,0.031975854757919545,0.033559049531219826,0.022041061372312407,0.774806072766729,3,0.0,none,0.2,0.07359710236870749,0.07359710236870749,0.0,4
coral,erm,True,0.07359710236870749,0.07248860150578156,0.005254597348263996,0.031975854757919545,0.033559049531219826,0.022041061372312407,0.774806072766729,3,0.25,ratio,0.02,0.07867861192086638,0.07359710236870749,0.125,185
coral,erm,True,0.07359710236870749,0.07248860150578156,0.005254597348263996,0.031975854757919545,0.033559049531219826,0.022041061372312407,0.774806072766729,3,0.25,ratio,0.05,0.07867861192086638,0.07359710236870749,0.125,32
coral,erm,True,0.07359710236870749,0.07248860150578156,0.005254597348263996,0.031975854757919545,0.033559049531219826,0.022041061372312407,0.774806072766729,3,0.25,ratio,0.1,0.07867861192086638,0.07359710236870749,0.125,10
coral,erm,True,0.07359710236870749,0.07248860150578156,0.005254597348263996,0.031975854757919545,0.033559049531219826,0.022041061372312407,0.774806072766729,3,0.25,ratio,0.2,0.07867861192086638,0.07359710236870749,0.125,5
coral,erm,True,0.07359710236870749,0.07248860150578156,0.005254597348263996,0.031975854757919545,0.033559049531219826,0.022041061372312407,0.774806072766729,3,0.25,design,0.02,0.07867861192086638,0.07359710236870749,0.125,
coral,erm,True,0.07359710236870749,0.07248860150578156,0.005254597348263996,0.031975854757919545,0.033559049531219826,0.022041061372312407,0.774806072766729,3,0.25,design,0.05,0.07867861192086638,0.07359710236870749,0.125,
coral,erm,True,0.07359710236870749,0.07248860150578156,0.005254597348263996,0.031975854757919545,0.033559049531219826,0.022041061372312407,0.774806072766729,3,0.25,design,0.1,0.07867861192086638,0.07359710236870749,0.125,
coral,erm,True,0.07359710236870749,0.07248860150578156,0.005254597348263996,0.031975854757919545,0.033559049531219826,0.022041061372312407,0.774806072766729,3,0.25,design,0.2,0.07867861192086638,0.07359710236870749,0.125,4
coral,erm,True,0.07359710236870749,0.07248860150578156,0.005254597348263996,0.031975854757919545,0.033559049531219826,0.022041061372312407,0.774806072766729,3,0.5,ratio,0.02,0.08498261372829943,0.07359710236870749,0.25,286
coral,erm,True,0.07359710236870749,0.07248860150578156,0.005254597348263996,0.031975854757919545,0.033559049531219826,0.022041061372312407,0.774806072766729,3,0.5,ratio,0.05,0.08498261372829943,0.07359710236870749,0.25,48
coral,erm,True,0.07359710236870749,0.07248860150578156,0.005254597348263996,0.031975854757919545,0.033559049531219826,0.022041061372312407,0.774806072766729,3,0.5,ratio,0.1,0.08498261372829943,0.07359710236870749,0.25,14
coral,erm,True,0.07359710236870749,0.07248860150578156,0.005254597348263996,0.031975854757919545,0.033559049531219826,0.022041061372312407,0.774806072766729,3,0.5,ratio,0.2,0.08498261372829943,0.07359710236870749,0.25,6
coral,erm,True,0.07359710236870749,0.07248860150578156,0.005254597348263996,0.031975854757919545,0.033559049531219826,0.022041061372312407,0.774806072766729,3,0.5,design,0.02,0.08498261372829943,0.07359710236870749,0.25,
coral,erm,True,0.07359710236870749,0.07248860150578156,0.005254597348263996,0.031975854757919545,0.033559049531219826,0.022041061372312407,0.774806072766729,3,0.5,design,0.05,0.08498261372829943,0.07359710236870749,0.25,
coral,erm,True,0.07359710236870749,0.07248860150578156,0.005254597348263996,0.031975854757919545,0.033559049531219826,0.022041061372312407,0.774806072766729,3,0.5,design,0.1,0.08498261372829943,0.07359710236870749,0.25,
coral,erm,True,0.07359710236870749,0.07248860150578156,0.005254597348263996,0.031975854757919545,0.033559049531219826,0.022041061372312407,0.774806072766729,3,0.5,design,0.2,0.08498261372829943,0.07359710236870749,0.25,6
coral,erm,True,0.07359710236870749,0.07248860150578156,0.005254597348263996,0.031975854757919545,0.033559049531219826,0.022041061372312407,0.774806072766729,5,0.0,none,0.02,0.07315571765451834,0.07315571765451834,0.0,107
coral,erm,True,0.07359710236870749,0.07248860150578156,0.005254597348263996,0.031975854757919545,0.033559049531219826,0.022041061372312407,0.774806072766729,5,0.0,none,0.05,0.07315571765451834,0.07315571765451834,0.0,19
coral,erm,True,0.07359710236870749,0.07248860150578156,0.005254597348263996,0.031975854757919545,0.033559049531219826,0.022041061372312407,0.774806072766729,5,0.0,none,0.1,0.07315571765451834,0.07315571765451834,0.0,7
coral,erm,True,0.07359710236870749,0.07248860150578156,0.005254597348263996,0.031975854757919545,0.033559049531219826,0.022041061372312407,0.774806072766729,5,0.0,none,0.2,0.07315571765451834,0.07315571765451834,0.0,4
coral,erm,True,0.07359710236870749,0.07248860150578156,0.005254597348263996,0.031975854757919545,0.033559049531219826,0.022041061372312407,0.774806072766729,5,0.25,ratio,0.02,0.07820675181336496,0.07315571765451834,0.125,182
coral,erm,True,0.07359710236870749,0.07248860150578156,0.005254597348263996,0.031975854757919545,0.033559049531219826,0.022041061372312407,0.774806072766729,5,0.25,ratio,0.05,0.07820675181336496,0.07315571765451834,0.125,31
coral,erm,True,0.07359710236870749,0.07248860150578156,0.005254597348263996,0.031975854757919545,0.033559049531219826,0.022041061372312407,0.774806072766729,5,0.25,ratio,0.1,0.07820675181336496,0.07315571765451834,0.125,10
coral,erm,True,0.07359710236870749,0.07248860150578156,0.005254597348263996,0.031975854757919545,0.033559049531219826,0.022041061372312407,0.774806072766729,5,0.25,ratio,0.2,0.07820675181336496,0.07315571765451834,0.125,5
coral,erm,True,0.07359710236870749,0.07248860150578156,0.005254597348263996,0.031975854757919545,0.033559049531219826,0.022041061372312407,0.774806072766729,5,0.25,design,0.02,0.07820675181336496,0.07315571765451834,0.125,
coral,erm,True,0.07359710236870749,0.07248860150578156,0.005254597348263996,0.031975854757919545,0.033559049531219826,0.022041061372312407,0.774806072766729,5,0.25,design,0.05,0.07820675181336496,0.07315571765451834,0.125,
coral,erm,True,0.07359710236870749,0.07248860150578156,0.005254597348263996,0.031975854757919545,0.033559049531219826,0.022041061372312407,0.774806072766729,5,0.25,design,0.1,0.07820675181336496,0.07315571765451834,0.125,
coral,erm,True,0.07359710236870749,0.07248860150578156,0.005254597348263996,0.031975854757919545,0.033559049531219826,0.022041061372312407,0.774806072766729,5,0.25,design,0.2,0.07820675181336496,0.07315571765451834,0.125,4
coral,erm,True,0.07359710236870749,0.07248860150578156,0.005254597348263996,0.031975854757919545,0.033559049531219826,0.022041061372312407,0.774806072766729,5,0.5,ratio,0.02,0.08447294656119285,0.07315571765451834,0.25,282
coral,erm,True,0.07359710236870749,0.07248860150578156,0.005254597348263996,0.031975854757919545,0.033559049531219826,0.022041061372312407,0.774806072766729,5,0.5,ratio,0.05,0.08447294656119285,0.07315571765451834,0.25,47
coral,erm,True,0.07359710236870749,0.07248860150578156,0.005254597348263996,0.031975854757919545,0.033559049531219826,0.022041061372312407,0.774806072766729,5,0.5,ratio,0.1,0.08447294656119285,0.07315571765451834,0.25,14
coral,erm,True,0.07359710236870749,0.07248860150578156,0.005254597348263996,0.031975854757919545,0.033559049531219826,0.022041061372312407,0.774806072766729,5,0.5,ratio,0.2,0.08447294656119285,0.07315571765451834,0.25,6
coral,erm,True,0.07359710236870749,0.07248860150578156,0.005254597348263996,0.031975854757919545,0.033559049531219826,0.022041061372312407,0.774806072766729,5,0.5,design,0.02,0.08447294656119285,0.07315571765451834,0.25,
coral,erm,True,0.07359710236870749,0.07248860150578156,0.005254597348263996,0.031975854757919545,0.033559049531219826,0.022041061372312407,0.774806072766729,5,0.5,design,0.05,0.08447294656119285,0.07315571765451834,0.25,
coral,erm,True,0.07359710236870749,0.07248860150578156,0.005254597348263996,0.031975854757919545,0.033559049531219826,0.022041061372312407,0.774806072766729,5,0.5,design,0.1,0.08447294656119285,0.07315571765451834,0.25,
coral,erm,True,0.07359710236870749,0.07248860150578156,0.005254597348263996,0.031975854757919545,0.033559049531219826,0.022041061372312407,0.774806072766729,5,0.5,design,0.2,0.08447294656119285,0.07315571765451834,0.25,6
coral,erm,True,0.07359710236870749,0.07248860150578156,0.005254597348263996,0.031975854757919545,0.033559049531219826,0.022041061372312407,0.774806072766729,10,0.0,none,0.02,0.07282292349875691,0.07282292349875691,0.0,106
coral,erm,True,0.07359710236870749,0.07248860150578156,0.005254597348263996,0.031975854757919545,0.033559049531219826,0.022041061372312407,0.774806072766729,10,0.0,none,0.05,0.07282292349875691,0.07282292349875691,0.0,19
coral,erm,True,0.07359710236870749,0.07248860150578156,0.005254597348263996,0.031975854757919545,0.033559049531219826,0.022041061372312407,0.774806072766729,10,0.0,none,0.1,0.07282292349875691,0.07282292349875691,0.0,7
coral,erm,True,0.07359710236870749,0.07248860150578156,0.005254597348263996,0.031975854757919545,0.033559049531219826,0.022041061372312407,0.774806072766729,10,0.0,none,0.2,0.07282292349875691,0.07282292349875691,0.0,4
coral,erm,True,0.07359710236870749,0.07248860150578156,0.005254597348263996,0.031975854757919545,0.033559049531219826,0.022041061372312407,0.774806072766729,10,0.25,ratio,0.02,0.07785097989588498,0.07282292349875691,0.125,181
coral,erm,True,0.07359710236870749,0.07248860150578156,0.005254597348263996,0.031975854757919545,0.033559049531219826,0.022041061372312407,0.774806072766729,10,0.25,ratio,0.05,0.07785097989588498,0.07282292349875691,0.125,31
coral,erm,True,0.07359710236870749,0.07248860150578156,0.005254597348263996,0.031975854757919545,0.033559049531219826,0.022041061372312407,0.774806072766729,10,0.25,ratio,0.1,0.07785097989588498,0.07282292349875691,0.125,10
coral,erm,True,0.07359710236870749,0.07248860150578156,0.005254597348263996,0.031975854757919545,0.033559049531219826,0.022041061372312407,0.774806072766729,10,0.25,ratio,0.2,0.07785097989588498,0.07282292349875691,0.125,5
coral,erm,True,0.07359710236870749,0.07248860150578156,0.005254597348263996,0.031975854757919545,0.033559049531219826,0.022041061372312407,0.774806072766729,10,0.25,design,0.02,0.07785097989588498,0.07282292349875691,0.125,
coral,erm,True,0.07359710236870749,0.07248860150578156,0.005254597348263996,0.031975854757919545,0.033559049531219826,0.022041061372312407,0.774806072766729,10,0.25,design,0.05,0.07785097989588498,0.07282292349875691,0.125,
coral,erm,True,0.07359710236870749,0.07248860150578156,0.005254597348263996,0.031975854757919545,0.033559049531219826,0.022041061372312407,0.774806072766729,10,0.25,design,0.1,0.07785097989588498,0.07282292349875691,0.125,
coral,erm,True,0.07359710236870749,0.07248860150578156,0.005254597348263996,0.031975854757919545,0.033559049531219826,0.022041061372312407,0.774806072766729,10,0.25,design,0.2,0.07785097989588498,0.07282292349875691,0.125,4
coral,erm,True,0.07359710236870749,0.07248860150578156,0.005254597348263996,0.031975854757919545,0.033559049531219826,0.022041061372312407,0.774806072766729,10,0.5,ratio,0.02,0.08408866897036565,0.07282292349875691,0.25,280
coral,erm,True,0.07359710236870749,0.07248860150578156,0.005254597348263996,0.031975854757919545,0.033559049531219826,0.022041061372312407,0.774806072766729,10,0.5,ratio,0.05,0.08408866897036565,0.07282292349875691,0.25,47
coral,erm,True,0.07359710236870749,0.07248860150578156,0.005254597348263996,0.031975854757919545,0.033559049531219826,0.022041061372312407,0.774806072766729,10,0.5,ratio,0.1,0.08408866897036565,0.07282292349875691,0.25,14
coral,erm,True,0.07359710236870749,0.07248860150578156,0.005254597348263996,0.031975854757919545,0.033559049531219826,0.022041061372312407,0.774806072766729,10,0.5,ratio,0.2,0.08408866897036565,0.07282292349875691,0.25,6
coral,erm,True,0.07359710236870749,0.07248860150578156,0.005254597348263996,0.031975854757919545,0.033559049531219826,0.022041061372312407,0.774806072766729,10,0.5,design,0.02,0.08408866897036565,0.07282292349875691,0.25,
coral,erm,True,0.07359710236870749,0.07248860150578156,0.005254597348263996,0.031975854757919545,0.033559049531219826,0.022041061372312407,0.774806072766729,10,0.5,design,0.05,0.08408866897036565,0.07282292349875691,0.25,
coral,erm,True,0.07359710236870749,0.07248860150578156,0.005254597348263996,0.031975854757919545,0.033559049531219826,0.022041061372312407,0.774806072766729,10,0.5,design,0.1,0.08408866897036565,0.07282292349875691,0.25,
coral,erm,True,0.07359710236870749,0.07248860150578156,0.005254597348263996,0.031975854757919545,0.033559049531219826,0.022041061372312407,0.774806072766729,10,0.5,design,0.2,0.08408866897036565,0.07282292349875691,0.25,6
erm_lunit_bt,erm,True,0.12567281102221853,0.1246708840932098,0.015542829340582551,0.013388755410015057,0.033559049531219826,0.02743133735221653,0.6153719043571143,1,0.0,none,0.02,0.12765307520586278,0.12765307520586278,0.0,322
erm_lunit_bt,erm,True,0.12567281102221853,0.1246708840932098,0.015542829340582551,0.013388755410015057,0.033559049531219826,0.02743133735221653,0.6153719043571143,1,0.0,none,0.05,0.12765307520586278,0.12765307520586278,0.0,54
erm_lunit_bt,erm,True,0.12567281102221853,0.1246708840932098,0.015542829340582551,0.013388755410015057,0.033559049531219826,0.02743133735221653,0.6153719043571143,1,0.0,none,0.1,0.12765307520586278,0.12765307520586278,0.0,15
erm_lunit_bt,erm,True,0.12567281102221853,0.1246708840932098,0.015542829340582551,0.013388755410015057,0.033559049531219826,0.02743133735221653,0.6153719043571143,1,0.0,none,0.2,0.12765307520586278,0.12765307520586278,0.0,6
erm_lunit_bt,erm,True,0.12567281102221853,0.1246708840932098,0.015542829340582551,0.013388755410015057,0.033559049531219826,0.02743133735221653,0.6153719043571143,1,0.25,ratio,0.02,0.13646687765383597,0.12765307520586278,0.125,551
erm_lunit_bt,erm,True,0.12567281102221853,0.1246708840932098,0.015542829340582551,0.013388755410015057,0.033559049531219826,0.02743133735221653,0.6153719043571143,1,0.25,ratio,0.05,0.13646687765383597,0.12765307520586278,0.125,90
erm_lunit_bt,erm,True,0.12567281102221853,0.1246708840932098,0.015542829340582551,0.013388755410015057,0.033559049531219826,0.02743133735221653,0.6153719043571143,1,0.25,ratio,0.1,0.13646687765383597,0.12765307520586278,0.125,24
erm_lunit_bt,erm,True,0.12567281102221853,0.1246708840932098,0.015542829340582551,0.013388755410015057,0.033559049531219826,0.02743133735221653,0.6153719043571143,1,0.25,ratio,0.2,0.13646687765383597,0.12765307520586278,0.125,8
erm_lunit_bt,erm,True,0.12567281102221853,0.1246708840932098,0.015542829340582551,0.013388755410015057,0.033559049531219826,0.02743133735221653,0.6153719043571143,1,0.25,design,0.02,0.13646687765383597,0.12765307520586278,0.125,
erm_lunit_bt,erm,True,0.12567281102221853,0.1246708840932098,0.015542829340582551,0.013388755410015057,0.033559049531219826,0.02743133735221653,0.6153719043571143,1,0.25,design,0.05,0.13646687765383597,0.12765307520586278,0.125,
erm_lunit_bt,erm,True,0.12567281102221853,0.1246708840932098,0.015542829340582551,0.013388755410015057,0.033559049531219826,0.02743133735221653,0.6153719043571143,1,0.25,design,0.1,0.13646687765383597,0.12765307520586278,0.125,
erm_lunit_bt,erm,True,0.12567281102221853,0.1246708840932098,0.015542829340582551,0.013388755410015057,0.033559049531219826,0.02743133735221653,0.6153719043571143,1,0.25,design,0.2,0.13646687765383597,0.12765307520586278,0.125,34
erm_lunit_bt,erm,True,0.12567281102221853,0.1246708840932098,0.015542829340582551,0.013388755410015057,0.033559049531219826,0.02743133735221653,0.6153719043571143,1,0.5,ratio,0.02,0.14740107466597685,0.12765307520586278,0.25,855
erm_lunit_bt,erm,True,0.12567281102221853,0.1246708840932098,0.015542829340582551,0.013388755410015057,0.033559049531219826,0.02743133735221653,0.6153719043571143,1,0.5,ratio,0.05,0.14740107466597685,0.12765307520586278,0.25,139
erm_lunit_bt,erm,True,0.12567281102221853,0.1246708840932098,0.015542829340582551,0.013388755410015057,0.033559049531219826,0.02743133735221653,0.6153719043571143,1,0.5,ratio,0.1,0.14740107466597685,0.12765307520586278,0.25,37
erm_lunit_bt,erm,True,0.12567281102221853,0.1246708840932098,0.015542829340582551,0.013388755410015057,0.033559049531219826,0.02743133735221653,0.6153719043571143,1,0.5,ratio,0.2,0.14740107466597685,0.12765307520586278,0.25,11
erm_lunit_bt,erm,True,0.12567281102221853,0.1246708840932098,0.015542829340582551,0.013388755410015057,0.033559049531219826,0.02743133735221653,0.6153719043571143,1,0.5,design,0.02,0.14740107466597685,0.12765307520586278,0.25,
erm_lunit_bt,erm,True,0.12567281102221853,0.1246708840932098,0.015542829340582551,0.013388755410015057,0.033559049531219826,0.02743133735221653,0.6153719043571143,1,0.5,design,0.05,0.14740107466597685,0.12765307520586278,0.25,
erm_lunit_bt,erm,True,0.12567281102221853,0.1246708840932098,0.015542829340582551,0.013388755410015057,0.033559049531219826,0.02743133735221653,0.6153719043571143,1,0.5,design,0.1,0.14740107466597685,0.12765307520586278,0.25,
erm_lunit_bt,erm,True,0.12567281102221853,0.1246708840932098,0.015542829340582551,0.013388755410015057,0.033559049531219826,0.02743133735221653,0.6153719043571143,1,0.5,design,0.2,0.14740107466597685,0.12765307520586278,0.25,
erm_lunit_bt,erm,True,0.12567281102221853,0.1246708840932098,0.015542829340582551,0.013388755410015057,0.033559049531219826,0.02743133735221653,0.6153719043571143,3,0.0,none,0.02,0.12567281102221853,0.12567281102221853,0.0,312
erm_lunit_bt,erm,True,0.12567281102221853,0.1246708840932098,0.015542829340582551,0.013388755410015057,0.033559049531219826,0.02743133735221653,0.6153719043571143,3,0.0,none,0.05,0.12567281102221853,0.12567281102221853,0.0,52
erm_lunit_bt,erm,True,0.12567281102221853,0.1246708840932098,0.015542829340582551,0.013388755410015057,0.033559049531219826,0.02743133735221653,0.6153719043571143,3,0.0,none,0.1,0.12567281102221853,0.12567281102221853,0.0,15
erm_lunit_bt,erm,True,0.12567281102221853,0.1246708840932098,0.015542829340582551,0.013388755410015057,0.033559049531219826,0.02743133735221653,0.6153719043571143,3,0.0,none,0.2,0.12567281102221853,0.12567281102221853,0.0,6
erm_lunit_bt,erm,True,0.12567281102221853,0.1246708840932098,0.015542829340582551,0.013388755410015057,0.033559049531219826,0.02743133735221653,0.6153719043571143,3,0.25,ratio,0.02,0.13434988619369417,0.12567281102221853,0.125,534
erm_lunit_bt,erm,True,0.12567281102221853,0.1246708840932098,0.015542829340582551,0.013388755410015057,0.033559049531219826,0.02743133735221653,0.6153719043571143,3,0.25,ratio,0.05,0.13434988619369417,0.12567281102221853,0.125,87
erm_lunit_bt,erm,True,0.12567281102221853,0.1246708840932098,0.015542829340582551,0.013388755410015057,0.033559049531219826,0.02743133735221653,0.6153719043571143,3,0.25,ratio,0.1,0.13434988619369417,0.12567281102221853,0.125,24
erm_lunit_bt,erm,True,0.12567281102221853,0.1246708840932098,0.015542829340582551,0.013388755410015057,0.033559049531219826,0.02743133735221653,0.6153719043571143,3,0.25,ratio,0.2,0.13434988619369417,0.12567281102221853,0.125,8
erm_lunit_bt,erm,True,0.12567281102221853,0.1246708840932098,0.015542829340582551,0.013388755410015057,0.033559049531219826,0.02743133735221653,0.6153719043571143,3,0.25,design,0.02,0.13434988619369417,0.12567281102221853,0.125,
erm_lunit_bt,erm,True,0.12567281102221853,0.1246708840932098,0.015542829340582551,0.013388755410015057,0.033559049531219826,0.02743133735221653,0.6153719043571143,3,0.25,design,0.05,0.13434988619369417,0.12567281102221853,0.125,
erm_lunit_bt,erm,True,0.12567281102221853,0.1246708840932098,0.015542829340582551,0.013388755410015057,0.033559049531219826,0.02743133735221653,0.6153719043571143,3,0.25,design,0.1,0.13434988619369417,0.12567281102221853,0.125,
erm_lunit_bt,erm,True,0.12567281102221853,0.1246708840932098,0.015542829340582551,0.013388755410015057,0.033559049531219826,0.02743133735221653,0.6153719043571143,3,0.25,design,0.2,0.13434988619369417,0.12567281102221853,0.125,26
erm_lunit_bt,erm,True,0.12567281102221853,0.1246708840932098,0.015542829340582551,0.013388755410015057,0.033559049531219826,0.02743133735221653,0.6153719043571143,3,0.5,ratio,0.02,0.14511446254698968,0.12567281102221853,0.25,829
erm_lunit_bt,erm,True,0.12567281102221853,0.1246708840932098,0.015542829340582551,0.013388755410015057,0.033559049531219826,0.02743133735221653,0.6153719043571143,3,0.5,ratio,0.05,0.14511446254698968,0.12567281102221853,0.25,135
erm_lunit_bt,erm,True,0.12567281102221853,0.1246708840932098,0.015542829340582551,0.013388755410015057,0.033559049531219826,0.02743133735221653,0.6153719043571143,3,0.5,ratio,0.1,0.14511446254698968,0.12567281102221853,0.25,36
erm_lunit_bt,erm,True,0.12567281102221853,0.1246708840932098,0.015542829340582551,0.013388755410015057,0.033559049531219826,0.02743133735221653,0.6153719043571143,3,0.5,ratio,0.2,0.14511446254698968,0.12567281102221853,0.25,11
erm_lunit_bt,erm,True,0.12567281102221853,0.1246708840932098,0.015542829340582551,0.013388755410015057,0.033559049531219826,0.02743133735221653,0.6153719043571143,3,0.5,design,0.02,0.14511446254698968,0.12567281102221853,0.25,
erm_lunit_bt,erm,True,0.12567281102221853,0.1246708840932098,0.015542829340582551,0.013388755410015057,0.033559049531219826,0.02743133735221653,0.6153719043571143,3,0.5,design,0.05,0.14511446254698968,0.12567281102221853,0.25,
erm_lunit_bt,erm,True,0.12567281102221853,0.1246708840932098,0.015542829340582551,0.013388755410015057,0.033559049531219826,0.02743133735221653,0.6153719043571143,3,0.5,design,0.1,0.14511446254698968,0.12567281102221853,0.25,
erm_lunit_bt,erm,True,0.12567281102221853,0.1246708840932098,0.015542829340582551,0.013388755410015057,0.033559049531219826,0.02743133735221653,0.6153719043571143,3,0.5,design,0.2,0.14511446254698968,0.12567281102221853,0.25,
erm_lunit_bt,erm,True,0.12567281102221853,0.1246708840932098,0.015542829340582551,0.013388755410015057,0.033559049531219826,0.02743133735221653,0.6153719043571143,5,0.0,none,0.02,0.12527300185741846,0.12527300185741846,0.0,310
erm_lunit_bt,erm,True,0.12567281102221853,0.1246708840932098,0.015542829340582551,0.013388755410015057,0.033559049531219826,0.02743133735221653,0.6153719043571143,5,0.0,none,0.05,0.12527300185741846,0.12527300185741846,0.0,52
erm_lunit_bt,erm,True,0.12567281102221853,0.1246708840932098,0.015542829340582551,0.013388755410015057,0.033559049531219826,0.02743133735221653,0.6153719043571143,5,0.0,none,0.1,0.12527300185741846,0.12527300185741846,0.0,15
erm_lunit_bt,erm,True,0.12567281102221853,0.1246708840932098,0.015542829340582551,0.013388755410015057,0.033559049531219826,0.02743133735221653,0.6153719043571143,5,0.0,none,0.2,0.12527300185741846,0.12527300185741846,0.0,6
erm_lunit_bt,erm,True,0.12567281102221853,0.1246708840932098,0.015542829340582551,0.013388755410015057,0.033559049531219826,0.02743133735221653,0.6153719043571143,5,0.25,ratio,0.02,0.13392247221804443,0.12527300185741846,0.125,530
erm_lunit_bt,erm,True,0.12567281102221853,0.1246708840932098,0.015542829340582551,0.013388755410015057,0.033559049531219826,0.02743133735221653,0.6153719043571143,5,0.25,ratio,0.05,0.13392247221804443,0.12527300185741846,0.125,87
erm_lunit_bt,erm,True,0.12567281102221853,0.1246708840932098,0.015542829340582551,0.013388755410015057,0.033559049531219826,0.02743133735221653,0.6153719043571143,5,0.25,ratio,0.1,0.13392247221804443,0.12527300185741846,0.125,24
erm_lunit_bt,erm,True,0.12567281102221853,0.1246708840932098,0.015542829340582551,0.013388755410015057,0.033559049531219826,0.02743133735221653,0.6153719043571143,5,0.25,ratio,0.2,0.13392247221804443,0.12527300185741846,0.125,8
erm_lunit_bt,erm,True,0.12567281102221853,0.1246708840932098,0.015542829340582551,0.013388755410015057,0.033559049531219826,0.02743133735221653,0.6153719043571143,5,0.25,design,0.02,0.13392247221804443,0.12527300185741846,0.125,
erm_lunit_bt,erm,True,0.12567281102221853,0.1246708840932098,0.015542829340582551,0.013388755410015057,0.033559049531219826,0.02743133735221653,0.6153719043571143,5,0.25,design,0.05,0.13392247221804443,0.12527300185741846,0.125,
erm_lunit_bt,erm,True,0.12567281102221853,0.1246708840932098,0.015542829340582551,0.013388755410015057,0.033559049531219826,0.02743133735221653,0.6153719043571143,5,0.25,design,0.1,0.13392247221804443,0.12527300185741846,0.125,
erm_lunit_bt,erm,True,0.12567281102221853,0.1246708840932098,0.015542829340582551,0.013388755410015057,0.033559049531219826,0.02743133735221653,0.6153719043571143,5,0.25,design,0.2,0.13392247221804443,0.12527300185741846,0.125,24
erm_lunit_bt,erm,True,0.12567281102221853,0.1246708840932098,0.015542829340582551,0.013388755410015057,0.033559049531219826,0.02743133735221653,0.6153719043571143,5,0.5,ratio,0.02,0.1446528026891461,0.12527300185741846,0.25,824
erm_lunit_bt,erm,True,0.12567281102221853,0.1246708840932098,0.015542829340582551,0.013388755410015057,0.033559049531219826,0.02743133735221653,0.6153719043571143,5,0.5,ratio,0.05,0.1446528026891461,0.12527300185741846,0.25,134
erm_lunit_bt,erm,True,0.12567281102221853,0.1246708840932098,0.015542829340582551,0.013388755410015057,0.033559049531219826,0.02743133735221653,0.6153719043571143,5,0.5,ratio,0.1,0.1446528026891461,0.12527300185741846,0.25,35
erm_lunit_bt,erm,True,0.12567281102221853,0.1246708840932098,0.015542829340582551,0.013388755410015057,0.033559049531219826,0.02743133735221653,0.6153719043571143,5,0.5,ratio,0.2,0.1446528026891461,0.12527300185741846,0.25,11
erm_lunit_bt,erm,True,0.12567281102221853,0.1246708840932098,0.015542829340582551,0.013388755410015057,0.033559049531219826,0.02743133735221653,0.6153719043571143,5,0.5,design,0.02,0.1446528026891461,0.12527300185741846,0.25,
erm_lunit_bt,erm,True,0.12567281102221853,0.1246708840932098,0.015542829340582551,0.013388755410015057,0.033559049531219826,0.02743133735221653,0.6153719043571143,5,0.5,design,0.05,0.1446528026891461,0.12527300185741846,0.25,
erm_lunit_bt,erm,True,0.12567281102221853,0.1246708840932098,0.015542829340582551,0.013388755410015057,0.033559049531219826,0.02743133735221653,0.6153719043571143,5,0.5,design,0.1,0.1446528026891461,0.12527300185741846,0.25,
erm_lunit_bt,erm,True,0.12567281102221853,0.1246708840932098,0.015542829340582551,0.013388755410015057,0.033559049531219826,0.02743133735221653,0.6153719043571143,5,0.5,design,0.2,0.1446528026891461,0.12527300185741846,0.25,
erm_lunit_bt,erm,True,0.12567281102221853,0.1246708840932098,0.015542829340582551,0.013388755410015057,0.033559049531219826,0.02743133735221653,0.6153719043571143,10,0.0,none,0.02,0.12497230560198393,0.12497230560198393,0.0,309
erm_lunit_bt,erm,True,0.12567281102221853,0.1246708840932098,0.015542829340582551,0.013388755410015057,0.033559049531219826,0.02743133735221653,0.6153719043571143,10,0.0,none,0.05,0.12497230560198393,0.12497230560198393,0.0,51
erm_lunit_bt,erm,True,0.12567281102221853,0.1246708840932098,0.015542829340582551,0.013388755410015057,0.033559049531219826,0.02743133735221653,0.6153719043571143,10,0.0,none,0.1,0.12497230560198393,0.12497230560198393,0.0,15
erm_lunit_bt,erm,True,0.12567281102221853,0.1246708840932098,0.015542829340582551,0.013388755410015057,0.033559049531219826,0.02743133735221653,0.6153719043571143,10,0.0,none,0.2,0.12497230560198393,0.12497230560198393,0.0,6
erm_lunit_bt,erm,True,0.12567281102221853,0.1246708840932098,0.015542829340582551,0.013388755410015057,0.033559049531219826,0.02743133735221653,0.6153719043571143,10,0.25,ratio,0.02,0.13360101439938102,0.12497230560198393,0.125,528
erm_lunit_bt,erm,True,0.12567281102221853,0.1246708840932098,0.015542829340582551,0.013388755410015057,0.033559049531219826,0.02743133735221653,0.6153719043571143,10,0.25,ratio,0.05,0.13360101439938102,0.12497230560198393,0.125,86
erm_lunit_bt,erm,True,0.12567281102221853,0.1246708840932098,0.015542829340582551,0.013388755410015057,0.033559049531219826,0.02743133735221653,0.6153719043571143,10,0.25,ratio,0.1,0.13360101439938102,0.12497230560198393,0.125,24
erm_lunit_bt,erm,True,0.12567281102221853,0.1246708840932098,0.015542829340582551,0.013388755410015057,0.033559049531219826,0.02743133735221653,0.6153719043571143,10,0.25,ratio,0.2,0.13360101439938102,0.12497230560198393,0.125,8
erm_lunit_bt,erm,True,0.12567281102221853,0.1246708840932098,0.015542829340582551,0.013388755410015057,0.033559049531219826,0.02743133735221653,0.6153719043571143,10,0.25,design,0.02,0.13360101439938102,0.12497230560198393,0.125,
erm_lunit_bt,erm,True,0.12567281102221853,0.1246708840932098,0.015542829340582551,0.013388755410015057,0.033559049531219826,0.02743133735221653,0.6153719043571143,10,0.25,design,0.05,0.13360101439938102,0.12497230560198393,0.125,
erm_lunit_bt,erm,True,0.12567281102221853,0.1246708840932098,0.015542829340582551,0.013388755410015057,0.033559049531219826,0.02743133735221653,0.6153719043571143,10,0.25,design,0.1,0.13360101439938102,0.12497230560198393,0.125,
erm_lunit_bt,erm,True,0.12567281102221853,0.1246708840932098,0.015542829340582551,0.013388755410015057,0.033559049531219826,0.02743133735221653,0.6153719043571143,10,0.25,design,0.2,0.13360101439938102,0.12497230560198393,0.125,24
erm_lunit_bt,erm,True,0.12567281102221853,0.1246708840932098,0.015542829340582551,0.013388755410015057,0.033559049531219826,0.02743133735221653,0.6153719043571143,10,0.5,ratio,0.02,0.1443055885611072,0.12497230560198393,0.25,820
erm_lunit_bt,erm,True,0.12567281102221853,0.1246708840932098,0.015542829340582551,0.013388755410015057,0.033559049531219826,0.02743133735221653,0.6153719043571143,10,0.5,ratio,0.05,0.1443055885611072,0.12497230560198393,0.25,133
erm_lunit_bt,erm,True,0.12567281102221853,0.1246708840932098,0.015542829340582551,0.013388755410015057,0.033559049531219826,0.02743133735221653,0.6153719043571143,10,0.5,ratio,0.1,0.1443055885611072,0.12497230560198393,0.25,35
erm_lunit_bt,erm,True,0.12567281102221853,0.1246708840932098,0.015542829340582551,0.013388755410015057,0.033559049531219826,0.02743133735221653,0.6153719043571143,10,0.5,ratio,0.2,0.1443055885611072,0.12497230560198393,0.25,11
erm_lunit_bt,erm,True,0.12567281102221853,0.1246708840932098,0.015542829340582551,0.013388755410015057,0.033559049531219826,0.02743133735221653,0.6153719043571143,10,0.5,design,0.02,0.1443055885611072,0.12497230560198393,0.25,
erm_lunit_bt,erm,True,0.12567281102221853,0.1246708840932098,0.015542829340582551,0.013388755410015057,0.033559049531219826,0.02743133735221653,0.6153719043571143,10,0.5,design,0.05,0.1443055885611072,0.12497230560198393,0.25,
erm_lunit_bt,erm,True,0.12567281102221853,0.1246708840932098,0.015542829340582551,0.013388755410015057,0.033559049531219826,0.02743133735221653,0.6153719043571143,10,0.5,design,0.1,0.1443055885611072,0.12497230560198393,0.25,
erm_lunit_bt,erm,True,0.12567281102221853,0.1246708840932098,0.015542829340582551,0.013388755410015057,0.033559049531219826,0.02743133735221653,0.6153719043571143,10,0.5,design,0.2,0.1443055885611072,0.12497230560198393,0.25,
erm_lunit_dino,erm,True,0.1221358234627364,0.12041344739671993,0.014499398313962636,0.009466188255902222,0.033559049531219826,0.035401739743609,-0.058966711764122895,1,0.0,none,0.02,0.12550968684064534,0.12550968684064534,0.0,312
erm_lunit_dino,erm,True,0.1221358234627364,0.12041344739671993,0.014499398313962636,0.009466188255902222,0.033559049531219826,0.035401739743609,-0.058966711764122895,1,0.0,none,0.05,0.12550968684064534,0.12550968684064534,0.0,52
erm_lunit_dino,erm,True,0.1221358234627364,0.12041344739671993,0.014499398313962636,0.009466188255902222,0.033559049531219826,0.035401739743609,-0.058966711764122895,1,0.0,none,0.1,0.12550968684064534,0.12550968684064534,0.0,15
erm_lunit_dino,erm,True,0.1221358234627364,0.12041344739671993,0.014499398313962636,0.009466188255902222,0.033559049531219826,0.035401739743609,-0.058966711764122895,1,0.0,none,0.2,0.12550968684064534,0.12550968684064534,0.0,6
erm_lunit_dino,erm,True,0.1221358234627364,0.12041344739671993,0.014499398313962636,0.009466188255902222,0.033559049531219826,0.035401739743609,-0.058966711764122895,1,0.25,ratio,0.02,0.13417549910828136,0.12550968684064534,0.125,532
erm_lunit_dino,erm,True,0.1221358234627364,0.12041344739671993,0.014499398313962636,0.009466188255902222,0.033559049531219826,0.035401739743609,-0.058966711764122895,1,0.25,ratio,0.05,0.13417549910828136,0.12550968684064534,0.125,87
erm_lunit_dino,erm,True,0.1221358234627364,0.12041344739671993,0.014499398313962636,0.009466188255902222,0.033559049531219826,0.035401739743609,-0.058966711764122895,1,0.25,ratio,0.1,0.13417549910828136,0.12550968684064534,0.125,24
erm_lunit_dino,erm,True,0.1221358234627364,0.12041344739671993,0.014499398313962636,0.009466188255902222,0.033559049531219826,0.035401739743609,-0.058966711764122895,1,0.25,ratio,0.2,0.13417549910828136,0.12550968684064534,0.125,8
erm_lunit_dino,erm,True,0.1221358234627364,0.12041344739671993,0.014499398313962636,0.009466188255902222,0.033559049531219826,0.035401739743609,-0.058966711764122895,1,0.25,design,0.02,0.13417549910828136,0.12550968684064534,0.125,
erm_lunit_dino,erm,True,0.1221358234627364,0.12041344739671993,0.014499398313962636,0.009466188255902222,0.033559049531219826,0.035401739743609,-0.058966711764122895,1,0.25,design,0.05,0.13417549910828136,0.12550968684064534,0.125,
erm_lunit_dino,erm,True,0.1221358234627364,0.12041344739671993,0.014499398313962636,0.009466188255902222,0.033559049531219826,0.035401739743609,-0.058966711764122895,1,0.25,design,0.1,0.13417549910828136,0.12550968684064534,0.125,
erm_lunit_dino,erm,True,0.1221358234627364,0.12041344739671993,0.014499398313962636,0.009466188255902222,0.033559049531219826,0.035401739743609,-0.058966711764122895,1,0.25,design,0.2,0.13417549910828136,0.12550968684064534,0.125,25
erm_lunit_dino,erm,True,0.1221358234627364,0.12041344739671993,0.014499398313962636,0.009466188255902222,0.033559049531219826,0.035401739743609,-0.058966711764122895,1,0.5,ratio,0.02,0.14492610296670444,0.12550968684064534,0.25,827
erm_lunit_dino,erm,True,0.1221358234627364,0.12041344739671993,0.014499398313962636,0.009466188255902222,0.033559049531219826,0.035401739743609,-0.058966711764122895,1,0.5,ratio,0.05,0.14492610296670444,0.12550968684064534,0.25,134
erm_lunit_dino,erm,True,0.1221358234627364,0.12041344739671993,0.014499398313962636,0.009466188255902222,0.033559049531219826,0.035401739743609,-0.058966711764122895,1,0.5,ratio,0.1,0.14492610296670444,0.12550968684064534,0.25,35
erm_lunit_dino,erm,True,0.1221358234627364,0.12041344739671993,0.014499398313962636,0.009466188255902222,0.033559049531219826,0.035401739743609,-0.058966711764122895,1,0.5,ratio,0.2,0.14492610296670444,0.12550968684064534,0.25,11
erm_lunit_dino,erm,True,0.1221358234627364,0.12041344739671993,0.014499398313962636,0.009466188255902222,0.033559049531219826,0.035401739743609,-0.058966711764122895,1,0.5,design,0.02,0.14492610296670444,0.12550968684064534,0.25,
erm_lunit_dino,erm,True,0.1221358234627364,0.12041344739671993,0.014499398313962636,0.009466188255902222,0.033559049531219826,0.035401739743609,-0.058966711764122895,1,0.5,design,0.05,0.14492610296670444,0.12550968684064534,0.25,
erm_lunit_dino,erm,True,0.1221358234627364,0.12041344739671993,0.014499398313962636,0.009466188255902222,0.033559049531219826,0.035401739743609,-0.058966711764122895,1,0.5,design,0.1,0.14492610296670444,0.12550968684064534,0.25,
erm_lunit_dino,erm,True,0.1221358234627364,0.12041344739671993,0.014499398313962636,0.009466188255902222,0.033559049531219826,0.035401739743609,-0.058966711764122895,1,0.5,design,0.2,0.14492610296670444,0.12550968684064534,0.25,
erm_lunit_dino,erm,True,0.1221358234627364,0.12041344739671993,0.014499398313962636,0.009466188255902222,0.033559049531219826,0.035401739743609,-0.058966711764122895,3,0.0,none,0.02,0.1221358234627364,0.1221358234627364,0.0,295
erm_lunit_dino,erm,True,0.1221358234627364,0.12041344739671993,0.014499398313962636,0.009466188255902222,0.033559049531219826,0.035401739743609,-0.058966711764122895,3,0.0,none,0.05,0.1221358234627364,0.1221358234627364,0.0,49
erm_lunit_dino,erm,True,0.1221358234627364,0.12041344739671993,0.014499398313962636,0.009466188255902222,0.033559049531219826,0.035401739743609,-0.058966711764122895,3,0.0,none,0.1,0.1221358234627364,0.1221358234627364,0.0,14
erm_lunit_dino,erm,True,0.1221358234627364,0.12041344739671993,0.014499398313962636,0.009466188255902222,0.033559049531219826,0.035401739743609,-0.058966711764122895,3,0.0,none,0.2,0.1221358234627364,0.1221358234627364,0.0,6
erm_lunit_dino,erm,True,0.1221358234627364,0.12041344739671993,0.014499398313962636,0.009466188255902222,0.033559049531219826,0.035401739743609,-0.058966711764122895,3,0.25,ratio,0.02,0.1305686874425902,0.1221358234627364,0.125,504
erm_lunit_dino,erm,True,0.1221358234627364,0.12041344739671993,0.014499398313962636,0.009466188255902222,0.033559049531219826,0.035401739743609,-0.058966711764122895,3,0.25,ratio,0.05,0.1305686874425902,0.1221358234627364,0.125,83
erm_lunit_dino,erm,True,0.1221358234627364,0.12041344739671993,0.014499398313962636,0.009466188255902222,0.033559049531219826,0.035401739743609,-0.058966711764122895,3,0.25,ratio,0.1,0.1305686874425902,0.1221358234627364,0.125,23
erm_lunit_dino,erm,True,0.1221358234627364,0.12041344739671993,0.014499398313962636,0.009466188255902222,0.033559049531219826,0.035401739743609,-0.058966711764122895,3,0.25,ratio,0.2,0.1305686874425902,0.1221358234627364,0.125,8
erm_lunit_dino,erm,True,0.1221358234627364,0.12041344739671993,0.014499398313962636,0.009466188255902222,0.033559049531219826,0.035401739743609,-0.058966711764122895,3,0.25,design,0.02,0.1305686874425902,0.1221358234627364,0.125,
erm_lunit_dino,erm,True,0.1221358234627364,0.12041344739671993,0.014499398313962636,0.009466188255902222,0.033559049531219826,0.035401739743609,-0.058966711764122895,3,0.25,design,0.05,0.1305686874425902,0.1221358234627364,0.125,
erm_lunit_dino,erm,True,0.1221358234627364,0.12041344739671993,0.014499398313962636,0.009466188255902222,0.033559049531219826,0.035401739743609,-0.058966711764122895,3,0.25,design,0.1,0.1305686874425902,0.1221358234627364,0.125,
erm_lunit_dino,erm,True,0.1221358234627364,0.12041344739671993,0.014499398313962636,0.009466188255902222,0.033559049531219826,0.035401739743609,-0.058966711764122895,3,0.25,design,0.2,0.1305686874425902,0.1221358234627364,0.125,18
erm_lunit_dino,erm,True,0.1221358234627364,0.12041344739671993,0.014499398313962636,0.009466188255902222,0.033559049531219826,0.035401739743609,-0.058966711764122895,3,0.5,ratio,0.02,0.14103030110781495,0.1221358234627364,0.25,783
erm_lunit_dino,erm,True,0.1221358234627364,0.12041344739671993,0.014499398313962636,0.009466188255902222,0.033559049531219826,0.035401739743609,-0.058966711764122895,3,0.5,ratio,0.05,0.14103030110781495,0.1221358234627364,0.25,127
erm_lunit_dino,erm,True,0.1221358234627364,0.12041344739671993,0.014499398313962636,0.009466188255902222,0.033559049531219826,0.035401739743609,-0.058966711764122895,3,0.5,ratio,0.1,0.14103030110781495,0.1221358234627364,0.25,34
erm_lunit_dino,erm,True,0.1221358234627364,0.12041344739671993,0.014499398313962636,0.009466188255902222,0.033559049531219826,0.035401739743609,-0.058966711764122895,3,0.5,ratio,0.2,0.14103030110781495,0.1221358234627364,0.25,10
erm_lunit_dino,erm,True,0.1221358234627364,0.12041344739671993,0.014499398313962636,0.009466188255902222,0.033559049531219826,0.035401739743609,-0.058966711764122895,3,0.5,design,0.02,0.14103030110781495,0.1221358234627364,0.25,
erm_lunit_dino,erm,True,0.1221358234627364,0.12041344739671993,0.014499398313962636,0.009466188255902222,0.033559049531219826,0.035401739743609,-0.058966711764122895,3,0.5,design,0.05,0.14103030110781495,0.1221358234627364,0.25,
erm_lunit_dino,erm,True,0.1221358234627364,0.12041344739671993,0.014499398313962636,0.009466188255902222,0.033559049531219826,0.035401739743609,-0.058966711764122895,3,0.5,design,0.1,0.14103030110781495,0.1221358234627364,0.25,
erm_lunit_dino,erm,True,0.1221358234627364,0.12041344739671993,0.014499398313962636,0.009466188255902222,0.033559049531219826,0.035401739743609,-0.058966711764122895,3,0.5,design,0.2,0.14103030110781495,0.1221358234627364,0.25,
erm_lunit_dino,erm,True,0.1221358234627364,0.12041344739671993,0.014499398313962636,0.009466188255902222,0.033559049531219826,0.035401739743609,-0.058966711764122895,5,0.0,none,0.02,0.12144980423754284,0.12144980423754284,0.0,292
erm_lunit_dino,erm,True,0.1221358234627364,0.12041344739671993,0.014499398313962636,0.009466188255902222,0.033559049531219826,0.035401739743609,-0.058966711764122895,5,0.0,none,0.05,0.12144980423754284,0.12144980423754284,0.0,49
erm_lunit_dino,erm,True,0.1221358234627364,0.12041344739671993,0.014499398313962636,0.009466188255902222,0.033559049531219826,0.035401739743609,-0.058966711764122895,5,0.0,none,0.1,0.12144980423754284,0.12144980423754284,0.0,14
erm_lunit_dino,erm,True,0.1221358234627364,0.12041344739671993,0.014499398313962636,0.009466188255902222,0.033559049531219826,0.035401739743609,-0.058966711764122895,5,0.0,none,0.2,0.12144980423754284,0.12144980423754284,0.0,6
erm_lunit_dino,erm,True,0.1221358234627364,0.12041344739671993,0.014499398313962636,0.009466188255902222,0.033559049531219826,0.035401739743609,-0.058966711764122895,5,0.25,ratio,0.02,0.12983530204218607,0.12144980423754284,0.125,499
erm_lunit_dino,erm,True,0.1221358234627364,0.12041344739671993,0.014499398313962636,0.009466188255902222,0.033559049531219826,0.035401739743609,-0.058966711764122895,5,0.25,ratio,0.05,0.12983530204218607,0.12144980423754284,0.125,82
erm_lunit_dino,erm,True,0.1221358234627364,0.12041344739671993,0.014499398313962636,0.009466188255902222,0.033559049531219826,0.035401739743609,-0.058966711764122895,5,0.25,ratio,0.1,0.12983530204218607,0.12144980423754284,0.125,22
erm_lunit_dino,erm,True,0.1221358234627364,0.12041344739671993,0.014499398313962636,0.009466188255902222,0.033559049531219826,0.035401739743609,-0.058966711764122895,5,0.25,ratio,0.2,0.12983530204218607,0.12144980423754284,0.125,8
erm_lunit_dino,erm,True,0.1221358234627364,0.12041344739671993,0.014499398313962636,0.009466188255902222,0.033559049531219826,0.035401739743609,-0.058966711764122895,5,0.25,design,0.02,0.12983530204218607,0.12144980423754284,0.125,
erm_lunit_dino,erm,True,0.1221358234627364,0.12041344739671993,0.014499398313962636,0.009466188255902222,0.033559049531219826,0.035401739743609,-0.058966711764122895,5,0.25,design,0.05,0.12983530204218607,0.12144980423754284,0.125,
erm_lunit_dino,erm,True,0.1221358234627364,0.12041344739671993,0.014499398313962636,0.009466188255902222,0.033559049531219826,0.035401739743609,-0.058966711764122895,5,0.25,design,0.1,0.12983530204218607,0.12144980423754284,0.125,
erm_lunit_dino,erm,True,0.1221358234627364,0.12041344739671993,0.014499398313962636,0.009466188255902222,0.033559049531219826,0.035401739743609,-0.058966711764122895,5,0.25,design,0.2,0.12983530204218607,0.12144980423754284,0.125,17
erm_lunit_dino,erm,True,0.1221358234627364,0.12041344739671993,0.014499398313962636,0.009466188255902222,0.033559049531219826,0.035401739743609,-0.058966711764122895,5,0.5,ratio,0.02,0.14023815433914544,0.12144980423754284,0.25,774
erm_lunit_dino,erm,True,0.1221358234627364,0.12041344739671993,0.014499398313962636,0.009466188255902222,0.033559049531219826,0.035401739743609,-0.058966711764122895,5,0.5,ratio,0.05,0.14023815433914544,0.12144980423754284,0.25,126
erm_lunit_dino,erm,True,0.1221358234627364,0.12041344739671993,0.014499398313962636,0.009466188255902222,0.033559049531219826,0.035401739743609,-0.058966711764122895,5,0.5,ratio,0.1,0.14023815433914544,0.12144980423754284,0.25,33
erm_lunit_dino,erm,True,0.1221358234627364,0.12041344739671993,0.014499398313962636,0.009466188255902222,0.033559049531219826,0.035401739743609,-0.058966711764122895,5,0.5,ratio,0.2,0.14023815433914544,0.12144980423754284,0.25,10
erm_lunit_dino,erm,True,0.1221358234627364,0.12041344739671993,0.014499398313962636,0.009466188255902222,0.033559049531219826,0.035401739743609,-0.058966711764122895,5,0.5,design,0.02,0.14023815433914544,0.12144980423754284,0.25,
erm_lunit_dino,erm,True,0.1221358234627364,0.12041344739671993,0.014499398313962636,0.009466188255902222,0.033559049531219826,0.035401739743609,-0.058966711764122895,5,0.5,design,0.05,0.14023815433914544,0.12144980423754284,0.25,
erm_lunit_dino,erm,True,0.1221358234627364,0.12041344739671993,0.014499398313962636,0.009466188255902222,0.033559049531219826,0.035401739743609,-0.058966711764122895,5,0.5,design,0.1,0.14023815433914544,0.12144980423754284,0.25,
erm_lunit_dino,erm,True,0.1221358234627364,0.12041344739671993,0.014499398313962636,0.009466188255902222,0.033559049531219826,0.035401739743609,-0.058966711764122895,5,0.5,design,0.2,0.14023815433914544,0.12144980423754284,0.25,
erm_lunit_dino,erm,True,0.1221358234627364,0.12041344739671993,0.014499398313962636,0.009466188255902222,0.033559049531219826,0.035401739743609,-0.058966711764122895,10,0.0,none,0.02,0.12093273598017229,0.12093273598017229,0.0,289
erm_lunit_dino,erm,True,0.1221358234627364,0.12041344739671993,0.014499398313962636,0.009466188255902222,0.033559049531219826,0.035401739743609,-0.058966711764122895,10,0.0,none,0.05,0.12093273598017229,0.12093273598017229,0.0,48
erm_lunit_dino,erm,True,0.1221358234627364,0.12041344739671993,0.014499398313962636,0.009466188255902222,0.033559049531219826,0.035401739743609,-0.058966711764122895,10,0.0,none,0.1,0.12093273598017229,0.12093273598017229,0.0,14
erm_lunit_dino,erm,True,0.1221358234627364,0.12041344739671993,0.014499398313962636,0.009466188255902222,0.033559049531219826,0.035401739743609,-0.058966711764122895,10,0.0,none,0.2,0.12093273598017229,0.12093273598017229,0.0,6
erm_lunit_dino,erm,True,0.1221358234627364,0.12041344739671993,0.014499398313962636,0.009466188255902222,0.033559049531219826,0.035401739743609,-0.058966711764122895,10,0.25,ratio,0.02,0.12928253282371271,0.12093273598017229,0.125,494
erm_lunit_dino,erm,True,0.1221358234627364,0.12041344739671993,0.014499398313962636,0.009466188255902222,0.033559049531219826,0.035401739743609,-0.058966711764122895,10,0.25,ratio,0.05,0.12928253282371271,0.12093273598017229,0.125,81
erm_lunit_dino,erm,True,0.1221358234627364,0.12041344739671993,0.014499398313962636,0.009466188255902222,0.033559049531219826,0.035401739743609,-0.058966711764122895,10,0.25,ratio,0.1,0.12928253282371271,0.12093273598017229,0.125,22
erm_lunit_dino,erm,True,0.1221358234627364,0.12041344739671993,0.014499398313962636,0.009466188255902222,0.033559049531219826,0.035401739743609,-0.058966711764122895,10,0.25,ratio,0.2,0.12928253282371271,0.12093273598017229,0.125,8
erm_lunit_dino,erm,True,0.1221358234627364,0.12041344739671993,0.014499398313962636,0.009466188255902222,0.033559049531219826,0.035401739743609,-0.058966711764122895,10,0.25,design,0.02,0.12928253282371271,0.12093273598017229,0.125,
erm_lunit_dino,erm,True,0.1221358234627364,0.12041344739671993,0.014499398313962636,0.009466188255902222,0.033559049531219826,0.035401739743609,-0.058966711764122895,10,0.25,design,0.05,0.12928253282371271,0.12093273598017229,0.125,
erm_lunit_dino,erm,True,0.1221358234627364,0.12041344739671993,0.014499398313962636,0.009466188255902222,0.033559049531219826,0.035401739743609,-0.058966711764122895,10,0.25,design,0.1,0.12928253282371271,0.12093273598017229,0.125,
erm_lunit_dino,erm,True,0.1221358234627364,0.12041344739671993,0.014499398313962636,0.009466188255902222,0.033559049531219826,0.035401739743609,-0.058966711764122895,10,0.25,design,0.2,0.12928253282371271,0.12093273598017229,0.125,16
erm_lunit_dino,erm,True,0.1221358234627364,0.12041344739671993,0.014499398313962636,0.009466188255902222,0.033559049531219826,0.035401739743609,-0.058966711764122895,10,0.5,ratio,0.02,0.13964109534398084,0.12093273598017229,0.25,768
erm_lunit_dino,erm,True,0.1221358234627364,0.12041344739671993,0.014499398313962636,0.009466188255902222,0.033559049531219826,0.035401739743609,-0.058966711764122895,10,0.5,ratio,0.05,0.13964109534398084,0.12093273598017229,0.25,125
erm_lunit_dino,erm,True,0.1221358234627364,0.12041344739671993,0.014499398313962636,0.009466188255902222,0.033559049531219826,0.035401739743609,-0.058966711764122895,10,0.5,ratio,0.1,0.13964109534398084,0.12093273598017229,0.25,33
erm_lunit_dino,erm,True,0.1221358234627364,0.12041344739671993,0.014499398313962636,0.009466188255902222,0.033559049531219826,0.035401739743609,-0.058966711764122895,10,0.5,ratio,0.2,0.13964109534398084,0.12093273598017229,0.25,10
erm_lunit_dino,erm,True,0.1221358234627364,0.12041344739671993,0.014499398313962636,0.009466188255902222,0.033559049531219826,0.035401739743609,-0.058966711764122895,10,0.5,design,0.02,0.13964109534398084,0.12093273598017229,0.25,
erm_lunit_dino,erm,True,0.1221358234627364,0.12041344739671993,0.014499398313962636,0.009466188255902222,0.033559049531219826,0.035401739743609,-0.058966711764122895,10,0.5,design,0.05,0.13964109534398084,0.12093273598017229,0.25,
erm_lunit_dino,erm,True,0.1221358234627364,0.12041344739671993,0.014499398313962636,0.009466188255902222,0.033559049531219826,0.035401739743609,-0.058966711764122895,10,0.5,design,0.1,0.13964109534398084,0.12093273598017229,0.25,
erm_lunit_dino,erm,True,0.1221358234627364,0.12041344739671993,0.014499398313962636,0.009466188255902222,0.033559049531219826,0.035401739743609,-0.058966711764122895,10,0.5,design,0.2,0.13964109534398084,0.12093273598017229,0.25,
fish,erm,True,0.11776240678801482,0.11556792451354135,0.013355945176367592,0.015569645515008546,0.033559049531219826,0.039193339082232576,-0.16028072583691222,1,0.0,none,0.02,0.12203304062745651,0.12203304062745651,0.0,295
fish,erm,True,0.11776240678801482,0.11556792451354135,0.013355945176367592,0.015569645515008546,0.033559049531219826,0.039193339082232576,-0.16028072583691222,1,0.0,none,0.05,0.12203304062745651,0.12203304062745651,0.0,49
fish,erm,True,0.11776240678801482,0.11556792451354135,0.013355945176367592,0.015569645515008546,0.033559049531219826,0.039193339082232576,-0.16028072583691222,1,0.0,none,0.1,0.12203304062745651,0.12203304062745651,0.0,14
fish,erm,True,0.11776240678801482,0.11556792451354135,0.013355945176367592,0.015569645515008546,0.033559049531219826,0.039193339082232576,-0.16028072583691222,1,0.0,none,0.2,0.12203304062745651,0.12203304062745651,0.0,6
fish,erm,True,0.11776240678801482,0.11556792451354135,0.013355945176367592,0.015569645515008546,0.033559049531219826,0.039193339082232576,-0.16028072583691222,1,0.25,ratio,0.02,0.13045880796977347,0.12203304062745651,0.125,503
fish,erm,True,0.11776240678801482,0.11556792451354135,0.013355945176367592,0.015569645515008546,0.033559049531219826,0.039193339082232576,-0.16028072583691222,1,0.25,ratio,0.05,0.13045880796977347,0.12203304062745651,0.125,83
fish,erm,True,0.11776240678801482,0.11556792451354135,0.013355945176367592,0.015569645515008546,0.033559049531219826,0.039193339082232576,-0.16028072583691222,1,0.25,ratio,0.1,0.13045880796977347,0.12203304062745651,0.125,23
fish,erm,True,0.11776240678801482,0.11556792451354135,0.013355945176367592,0.015569645515008546,0.033559049531219826,0.039193339082232576,-0.16028072583691222,1,0.25,ratio,0.2,0.13045880796977347,0.12203304062745651,0.125,8
fish,erm,True,0.11776240678801482,0.11556792451354135,0.013355945176367592,0.015569645515008546,0.033559049531219826,0.039193339082232576,-0.16028072583691222,1,0.25,design,0.02,0.13045880796977347,0.12203304062745651,0.125,
fish,erm,True,0.11776240678801482,0.11556792451354135,0.013355945176367592,0.015569645515008546,0.033559049531219826,0.039193339082232576,-0.16028072583691222,1,0.25,design,0.05,0.13045880796977347,0.12203304062745651,0.125,
fish,erm,True,0.11776240678801482,0.11556792451354135,0.013355945176367592,0.015569645515008546,0.033559049531219826,0.039193339082232576,-0.16028072583691222,1,0.25,design,0.1,0.13045880796977347,0.12203304062745651,0.125,
fish,erm,True,0.11776240678801482,0.11556792451354135,0.013355945176367592,0.015569645515008546,0.033559049531219826,0.039193339082232576,-0.16028072583691222,1,0.25,design,0.2,0.13045880796977347,0.12203304062745651,0.125,18
fish,erm,True,0.11776240678801482,0.11556792451354135,0.013355945176367592,0.015569645515008546,0.033559049531219826,0.039193339082232576,-0.16028072583691222,1,0.5,ratio,0.02,0.14091161771258112,0.12203304062745651,0.25,782
fish,erm,True,0.11776240678801482,0.11556792451354135,0.013355945176367592,0.015569645515008546,0.033559049531219826,0.039193339082232576,-0.16028072583691222,1,0.5,ratio,0.05,0.14091161771258112,0.12203304062745651,0.25,127
fish,erm,True,0.11776240678801482,0.11556792451354135,0.013355945176367592,0.015569645515008546,0.033559049531219826,0.039193339082232576,-0.16028072583691222,1,0.5,ratio,0.1,0.14091161771258112,0.12203304062745651,0.25,34
fish,erm,True,0.11776240678801482,0.11556792451354135,0.013355945176367592,0.015569645515008546,0.033559049531219826,0.039193339082232576,-0.16028072583691222,1,0.5,ratio,0.2,0.14091161771258112,0.12203304062745651,0.25,10
fish,erm,True,0.11776240678801482,0.11556792451354135,0.013355945176367592,0.015569645515008546,0.033559049531219826,0.039193339082232576,-0.16028072583691222,1,0.5,design,0.02,0.14091161771258112,0.12203304062745651,0.25,
fish,erm,True,0.11776240678801482,0.11556792451354135,0.013355945176367592,0.015569645515008546,0.033559049531219826,0.039193339082232576,-0.16028072583691222,1,0.5,design,0.05,0.14091161771258112,0.12203304062745651,0.25,
fish,erm,True,0.11776240678801482,0.11556792451354135,0.013355945176367592,0.015569645515008546,0.033559049531219826,0.039193339082232576,-0.16028072583691222,1,0.5,design,0.1,0.14091161771258112,0.12203304062745651,0.25,
fish,erm,True,0.11776240678801482,0.11556792451354135,0.013355945176367592,0.015569645515008546,0.033559049531219826,0.039193339082232576,-0.16028072583691222,1,0.5,design,0.2,0.14091161771258112,0.12203304062745651,0.25,
fish,erm,True,0.11776240678801482,0.11556792451354135,0.013355945176367592,0.015569645515008546,0.033559049531219826,0.039193339082232576,-0.16028072583691222,3,0.0,none,0.02,0.11776240678801482,0.11776240678801482,0.0,275
fish,erm,True,0.11776240678801482,0.11556792451354135,0.013355945176367592,0.015569645515008546,0.033559049531219826,0.039193339082232576,-0.16028072583691222,3,0.0,none,0.05,0.11776240678801482,0.11776240678801482,0.0,46
fish,erm,True,0.11776240678801482,0.11556792451354135,0.013355945176367592,0.015569645515008546,0.033559049531219826,0.039193339082232576,-0.16028072583691222,3,0.0,none,0.1,0.11776240678801482,0.11776240678801482,0.0,13
fish,erm,True,0.11776240678801482,0.11556792451354135,0.013355945176367592,0.015569645515008546,0.033559049531219826,0.039193339082232576,-0.16028072583691222,3,0.0,none,0.2,0.11776240678801482,0.11776240678801482,0.0,5
fish,erm,True,0.11776240678801482,0.11556792451354135,0.013355945176367592,0.015569645515008546,0.033559049531219826,0.039193339082232576,-0.16028072583691222,3,0.25,ratio,0.02,0.12589330835504384,0.11776240678801482,0.125,469
fish,erm,True,0.11776240678801482,0.11556792451354135,0.013355945176367592,0.015569645515008546,0.033559049531219826,0.039193339082232576,-0.16028072583691222,3,0.25,ratio,0.05,0.12589330835504384,0.11776240678801482,0.125,77
fish,erm,True,0.11776240678801482,0.11556792451354135,0.013355945176367592,0.015569645515008546,0.033559049531219826,0.039193339082232576,-0.16028072583691222,3,0.25,ratio,0.1,0.12589330835504384,0.11776240678801482,0.125,21
fish,erm,True,0.11776240678801482,0.11556792451354135,0.013355945176367592,0.015569645515008546,0.033559049531219826,0.039193339082232576,-0.16028072583691222,3,0.25,ratio,0.2,0.12589330835504384,0.11776240678801482,0.125,7
fish,erm,True,0.11776240678801482,0.11556792451354135,0.013355945176367592,0.015569645515008546,0.033559049531219826,0.039193339082232576,-0.16028072583691222,3,0.25,design,0.02,0.12589330835504384,0.11776240678801482,0.125,
fish,erm,True,0.11776240678801482,0.11556792451354135,0.013355945176367592,0.015569645515008546,0.033559049531219826,0.039193339082232576,-0.16028072583691222,3,0.25,design,0.05,0.12589330835504384,0.11776240678801482,0.125,
fish,erm,True,0.11776240678801482,0.11556792451354135,0.013355945176367592,0.015569645515008546,0.033559049531219826,0.039193339082232576,-0.16028072583691222,3,0.25,design,0.1,0.12589330835504384,0.11776240678801482,0.125,
fish,erm,True,0.11776240678801482,0.11556792451354135,0.013355945176367592,0.015569645515008546,0.033559049531219826,0.039193339082232576,-0.16028072583691222,3,0.25,design,0.2,0.12589330835504384,0.11776240678801482,0.125,13
fish,erm,True,0.11776240678801482,0.11556792451354135,0.013355945176367592,0.015569645515008546,0.033559049531219826,0.039193339082232576,-0.16028072583691222,3,0.5,ratio,0.02,0.13598031451895715,0.11776240678801482,0.25,728
fish,erm,True,0.11776240678801482,0.11556792451354135,0.013355945176367592,0.015569645515008546,0.033559049531219826,0.039193339082232576,-0.16028072583691222,3,0.5,ratio,0.05,0.13598031451895715,0.11776240678801482,0.25,119
fish,erm,True,0.11776240678801482,0.11556792451354135,0.013355945176367592,0.015569645515008546,0.033559049531219826,0.039193339082232576,-0.16028072583691222,3,0.5,ratio,0.1,0.13598031451895715,0.11776240678801482,0.25,32
fish,erm,True,0.11776240678801482,0.11556792451354135,0.013355945176367592,0.015569645515008546,0.033559049531219826,0.039193339082232576,-0.16028072583691222,3,0.5,ratio,0.2,0.13598031451895715,0.11776240678801482,0.25,10
fish,erm,True,0.11776240678801482,0.11556792451354135,0.013355945176367592,0.015569645515008546,0.033559049531219826,0.039193339082232576,-0.16028072583691222,3,0.5,design,0.02,0.13598031451895715,0.11776240678801482,0.25,
fish,erm,True,0.11776240678801482,0.11556792451354135,0.013355945176367592,0.015569645515008546,0.033559049531219826,0.039193339082232576,-0.16028072583691222,3,0.5,design,0.05,0.13598031451895715,0.11776240678801482,0.25,
fish,erm,True,0.11776240678801482,0.11556792451354135,0.013355945176367592,0.015569645515008546,0.033559049531219826,0.039193339082232576,-0.16028072583691222,3,0.5,design,0.1,0.13598031451895715,0.11776240678801482,0.25,
fish,erm,True,0.11776240678801482,0.11556792451354135,0.013355945176367592,0.015569645515008546,0.033559049531219826,0.039193339082232576,-0.16028072583691222,3,0.5,design,0.2,0.13598031451895715,0.11776240678801482,0.25,
fish,erm,True,0.11776240678801482,0.11556792451354135,0.013355945176367592,0.015569645515008546,0.033559049531219826,0.039193339082232576,-0.16028072583691222,5,0.0,none,0.02,0.11688955788286036,0.11688955788286036,0.0,271
fish,erm,True,0.11776240678801482,0.11556792451354135,0.013355945176367592,0.015569645515008546,0.033559049531219826,0.039193339082232576,-0.16028072583691222,5,0.0,none,0.05,0.11688955788286036,0.11688955788286036,0.0,45
fish,erm,True,0.11776240678801482,0.11556792451354135,0.013355945176367592,0.015569645515008546,0.033559049531219826,0.039193339082232576,-0.16028072583691222,5,0.0,none,0.1,0.11688955788286036,0.11688955788286036,0.0,13
fish,erm,True,0.11776240678801482,0.11556792451354135,0.013355945176367592,0.015569645515008546,0.033559049531219826,0.039193339082232576,-0.16028072583691222,5,0.0,none,0.2,0.11688955788286036,0.11688955788286036,0.0,5
fish,erm,True,0.11776240678801482,0.11556792451354135,0.013355945176367592,0.015569645515008546,0.033559049531219826,0.039193339082232576,-0.16028072583691222,5,0.25,ratio,0.02,0.12496019362546991,0.11688955788286036,0.125,462
fish,erm,True,0.11776240678801482,0.11556792451354135,0.013355945176367592,0.015569645515008546,0.033559049531219826,0.039193339082232576,-0.16028072583691222,5,0.25,ratio,0.05,0.12496019362546991,0.11688955788286036,0.125,76
fish,erm,True,0.11776240678801482,0.11556792451354135,0.013355945176367592,0.015569645515008546,0.033559049531219826,0.039193339082232576,-0.16028072583691222,5,0.25,ratio,0.1,0.12496019362546991,0.11688955788286036,0.125,21
fish,erm,True,0.11776240678801482,0.11556792451354135,0.013355945176367592,0.015569645515008546,0.033559049531219826,0.039193339082232576,-0.16028072583691222,5,0.25,ratio,0.2,0.12496019362546991,0.11688955788286036,0.125,7
fish,erm,True,0.11776240678801482,0.11556792451354135,0.013355945176367592,0.015569645515008546,0.033559049531219826,0.039193339082232576,-0.16028072583691222,5,0.25,design,0.02,0.12496019362546991,0.11688955788286036,0.125,
fish,erm,True,0.11776240678801482,0.11556792451354135,0.013355945176367592,0.015569645515008546,0.033559049531219826,0.039193339082232576,-0.16028072583691222,5,0.25,design,0.05,0.12496019362546991,0.11688955788286036,0.125,
fish,erm,True,0.11776240678801482,0.11556792451354135,0.013355945176367592,0.015569645515008546,0.033559049531219826,0.039193339082232576,-0.16028072583691222,5,0.25,design,0.1,0.12496019362546991,0.11688955788286036,0.125,
fish,erm,True,0.11776240678801482,0.11556792451354135,0.013355945176367592,0.015569645515008546,0.033559049531219826,0.039193339082232576,-0.16028072583691222,5,0.25,design,0.2,0.12496019362546991,0.11688955788286036,0.125,13
fish,erm,True,0.11776240678801482,0.11556792451354135,0.013355945176367592,0.015569645515008546,0.033559049531219826,0.039193339082232576,-0.16028072583691222,5,0.5,ratio,0.02,0.13497243541825155,0.11688955788286036,0.25,717
fish,erm,True,0.11776240678801482,0.11556792451354135,0.013355945176367592,0.015569645515008546,0.033559049531219826,0.039193339082232576,-0.16028072583691222,5,0.5,ratio,0.05,0.13497243541825155,0.11688955788286036,0.25,117
fish,erm,True,0.11776240678801482,0.11556792451354135,0.013355945176367592,0.015569645515008546,0.033559049531219826,0.039193339082232576,-0.16028072583691222,5,0.5,ratio,0.1,0.13497243541825155,0.11688955788286036,0.25,31
fish,erm,True,0.11776240678801482,0.11556792451354135,0.013355945176367592,0.015569645515008546,0.033559049531219826,0.039193339082232576,-0.16028072583691222,5,0.5,ratio,0.2,0.13497243541825155,0.11688955788286036,0.25,10
fish,erm,True,0.11776240678801482,0.11556792451354135,0.013355945176367592,0.015569645515008546,0.033559049531219826,0.039193339082232576,-0.16028072583691222,5,0.5,design,0.02,0.13497243541825155,0.11688955788286036,0.25,
fish,erm,True,0.11776240678801482,0.11556792451354135,0.013355945176367592,0.015569645515008546,0.033559049531219826,0.039193339082232576,-0.16028072583691222,5,0.5,design,0.05,0.13497243541825155,0.11688955788286036,0.25,
fish,erm,True,0.11776240678801482,0.11556792451354135,0.013355945176367592,0.015569645515008546,0.033559049531219826,0.039193339082232576,-0.16028072583691222,5,0.5,design,0.1,0.13497243541825155,0.11688955788286036,0.25,
fish,erm,True,0.11776240678801482,0.11556792451354135,0.013355945176367592,0.015569645515008546,0.033559049531219826,0.039193339082232576,-0.16028072583691222,5,0.5,design,0.2,0.13497243541825155,0.11688955788286036,0.25,
fish,erm,True,0.11776240678801482,0.11556792451354135,0.013355945176367592,0.015569645515008546,0.033559049531219826,0.039193339082232576,-0.16028072583691222,10,0.0,none,0.02,0.11623061971446715,0.11623061971446715,0.0,268
fish,erm,True,0.11776240678801482,0.11556792451354135,0.013355945176367592,0.015569645515008546,0.033559049531219826,0.039193339082232576,-0.16028072583691222,10,0.0,none,0.05,0.11623061971446715,0.11623061971446715,0.0,45
fish,erm,True,0.11776240678801482,0.11556792451354135,0.013355945176367592,0.015569645515008546,0.033559049531219826,0.039193339082232576,-0.16028072583691222,10,0.0,none,0.1,0.11623061971446715,0.11623061971446715,0.0,13
fish,erm,True,0.11776240678801482,0.11556792451354135,0.013355945176367592,0.015569645515008546,0.033559049531219826,0.039193339082232576,-0.16028072583691222,10,0.0,none,0.2,0.11623061971446715,0.11623061971446715,0.0,5
fish,erm,True,0.11776240678801482,0.11556792451354135,0.013355945176367592,0.015569645515008546,0.033559049531219826,0.039193339082232576,-0.16028072583691222,10,0.25,ratio,0.02,0.12425575909255683,0.11623061971446715,0.125,457
fish,erm,True,0.11776240678801482,0.11556792451354135,0.013355945176367592,0.015569645515008546,0.033559049531219826,0.039193339082232576,-0.16028072583691222,10,0.25,ratio,0.05,0.12425575909255683,0.11623061971446715,0.125,75
fish,erm,True,0.11776240678801482,0.11556792451354135,0.013355945176367592,0.015569645515008546,0.033559049531219826,0.039193339082232576,-0.16028072583691222,10,0.25,ratio,0.1,0.12425575909255683,0.11623061971446715,0.125,21
fish,erm,True,0.11776240678801482,0.11556792451354135,0.013355945176367592,0.015569645515008546,0.033559049531219826,0.039193339082232576,-0.16028072583691222,10,0.25,ratio,0.2,0.12425575909255683,0.11623061971446715,0.125,7
fish,erm,True,0.11776240678801482,0.11556792451354135,0.013355945176367592,0.015569645515008546,0.033559049531219826,0.039193339082232576,-0.16028072583691222,10,0.25,design,0.02,0.12425575909255683,0.11623061971446715,0.125,
fish,erm,True,0.11776240678801482,0.11556792451354135,0.013355945176367592,0.015569645515008546,0.033559049531219826,0.039193339082232576,-0.16028072583691222,10,0.25,design,0.05,0.12425575909255683,0.11623061971446715,0.125,
fish,erm,True,0.11776240678801482,0.11556792451354135,0.013355945176367592,0.015569645515008546,0.033559049531219826,0.039193339082232576,-0.16028072583691222,10,0.25,design,0.1,0.12425575909255683,0.11623061971446715,0.125,
fish,erm,True,0.11776240678801482,0.11556792451354135,0.013355945176367592,0.015569645515008546,0.033559049531219826,0.039193339082232576,-0.16028072583691222,10,0.25,design,0.2,0.12425575909255683,0.11623061971446715,0.125,12
fish,erm,True,0.11776240678801482,0.11556792451354135,0.013355945176367592,0.015569645515008546,0.033559049531219826,0.039193339082232576,-0.16028072583691222,10,0.5,ratio,0.02,0.13421155916044927,0.11623061971446715,0.25,709
fish,erm,True,0.11776240678801482,0.11556792451354135,0.013355945176367592,0.015569645515008546,0.033559049531219826,0.039193339082232576,-0.16028072583691222,10,0.5,ratio,0.05,0.13421155916044927,0.11623061971446715,0.25,116
fish,erm,True,0.11776240678801482,0.11556792451354135,0.013355945176367592,0.015569645515008546,0.033559049531219826,0.039193339082232576,-0.16028072583691222,10,0.5,ratio,0.1,0.13421155916044927,0.11623061971446715,0.25,31
fish,erm,True,0.11776240678801482,0.11556792451354135,0.013355945176367592,0.015569645515008546,0.033559049531219826,0.039193339082232576,-0.16028072583691222,10,0.5,ratio,0.2,0.13421155916044927,0.11623061971446715,0.25,10
fish,erm,True,0.11776240678801482,0.11556792451354135,0.013355945176367592,0.015569645515008546,0.033559049531219826,0.039193339082232576,-0.16028072583691222,10,0.5,design,0.02,0.13421155916044927,0.11623061971446715,0.25,
fish,erm,True,0.11776240678801482,0.11556792451354135,0.013355945176367592,0.015569645515008546,0.033559049531219826,0.039193339082232576,-0.16028072583691222,10,0.5,design,0.05,0.13421155916044927,0.11623061971446715,0.25,
fish,erm,True,0.11776240678801482,0.11556792451354135,0.013355945176367592,0.015569645515008546,0.033559049531219826,0.039193339082232576,-0.16028072583691222,10,0.5,design,0.1,0.13421155916044927,0.11623061971446715,0.25,
fish,erm,True,0.11776240678801482,0.11556792451354135,0.013355945176367592,0.015569645515008546,0.033559049531219826,0.039193339082232576,-0.16028072583691222,10,0.5,design,0.2,0.13421155916044927,0.11623061971446715,0.25,
groupdro,erm,True,0.0338716712031925,0.0,-0.0004363860974188659,0.04571399419866804,0.033559049531219826,0.06892770576878457,-0.5003035476448624,1,0.0,none,0.02,0.06892770576878457,0.06892770576878457,0.0,96
groupdro,erm,True,0.0338716712031925,0.0,-0.0004363860974188659,0.04571399419866804,0.033559049531219826,0.06892770576878457,-0.5003035476448624,1,0.0,none,0.05,0.06892770576878457,0.06892770576878457,0.0,17
groupdro,erm,True,0.0338716712031925,0.0,-0.0004363860974188659,0.04571399419866804,0.033559049531219826,0.06892770576878457,-0.5003035476448624,1,0.0,none,0.1,0.06892770576878457,0.06892770576878457,0.0,6
groupdro,erm,True,0.0338716712031925,0.0,-0.0004363860974188659,0.04571399419866804,0.033559049531219826,0.06892770576878457,-0.5003035476448624,1,0.0,none,0.2,0.06892770576878457,0.06892770576878457,0.0,4
groupdro,erm,True,0.0338716712031925,0.0,-0.0004363860974188659,0.04571399419866804,0.033559049531219826,0.06892770576878457,-0.5003035476448624,1,0.25,ratio,0.02,0.07368681698375817,0.06892770576878457,0.125,162
groupdro,erm,True,0.0338716712031925,0.0,-0.0004363860974188659,0.04571399419866804,0.033559049531219826,0.06892770576878457,-0.5003035476448624,1,0.25,ratio,0.05,0.07368681698375817,0.06892770576878457,0.125,28
groupdro,erm,True,0.0338716712031925,0.0,-0.0004363860974188659,0.04571399419866804,0.033559049531219826,0.06892770576878457,-0.5003035476448624,1,0.25,ratio,0.1,0.07368681698375817,0.06892770576878457,0.125,9
groupdro,erm,True,0.0338716712031925,0.0,-0.0004363860974188659,0.04571399419866804,0.033559049531219826,0.06892770576878457,-0.5003035476448624,1,0.25,ratio,0.2,0.07368681698375817,0.06892770576878457,0.125,4
groupdro,erm,True,0.0338716712031925,0.0,-0.0004363860974188659,0.04571399419866804,0.033559049531219826,0.06892770576878457,-0.5003035476448624,1,0.25,design,0.02,0.07368681698375817,0.06892770576878457,0.125,
groupdro,erm,True,0.0338716712031925,0.0,-0.0004363860974188659,0.04571399419866804,0.033559049531219826,0.06892770576878457,-0.5003035476448624,1,0.25,design,0.05,0.07368681698375817,0.06892770576878457,0.125,
groupdro,erm,True,0.0338716712031925,0.0,-0.0004363860974188659,0.04571399419866804,0.033559049531219826,0.06892770576878457,-0.5003035476448624,1,0.25,design,0.1,0.07368681698375817,0.06892770576878457,0.125,
groupdro,erm,True,0.0338716712031925,0.0,-0.0004363860974188659,0.04571399419866804,0.033559049531219826,0.06892770576878457,-0.5003035476448624,1,0.25,design,0.2,0.07368681698375817,0.06892770576878457,0.125,4
groupdro,erm,True,0.0338716712031925,0.0,-0.0004363860974188659,0.04571399419866804,0.033559049531219826,0.06892770576878457,-0.5003035476448624,1,0.5,ratio,0.02,0.07959085896046218,0.06892770576878457,0.25,251
groupdro,erm,True,0.0338716712031925,0.0,-0.0004363860974188659,0.04571399419866804,0.033559049531219826,0.06892770576878457,-0.5003035476448624,1,0.5,ratio,0.05,0.07959085896046218,0.06892770576878457,0.25,42
groupdro,erm,True,0.0338716712031925,0.0,-0.0004363860974188659,0.04571399419866804,0.033559049531219826,0.06892770576878457,-0.5003035476448624,1,0.5,ratio,0.1,0.07959085896046218,0.06892770576878457,0.25,13
groupdro,erm,True,0.0338716712031925,0.0,-0.0004363860974188659,0.04571399419866804,0.033559049531219826,0.06892770576878457,-0.5003035476448624,1,0.5,ratio,0.2,0.07959085896046218,0.06892770576878457,0.25,5
groupdro,erm,True,0.0338716712031925,0.0,-0.0004363860974188659,0.04571399419866804,0.033559049531219826,0.06892770576878457,-0.5003035476448624,1,0.5,design,0.02,0.07959085896046218,0.06892770576878457,0.25,
groupdro,erm,True,0.0338716712031925,0.0,-0.0004363860974188659,0.04571399419866804,0.033559049531219826,0.06892770576878457,-0.5003035476448624,1,0.5,design,0.05,0.07959085896046218,0.06892770576878457,0.25,
groupdro,erm,True,0.0338716712031925,0.0,-0.0004363860974188659,0.04571399419866804,0.033559049531219826,0.06892770576878457,-0.5003035476448624,1,0.5,design,0.1,0.07959085896046218,0.06892770576878457,0.25,
groupdro,erm,True,0.0338716712031925,0.0,-0.0004363860974188659,0.04571399419866804,0.033559049531219826,0.06892770576878457,-0.5003035476448624,1,0.5,design,0.2,0.07959085896046218,0.06892770576878457,0.25,5
groupdro,erm,True,0.0338716712031925,0.0,-0.0004363860974188659,0.04571399419866804,0.033559049531219826,0.06892770576878457,-0.5003035476448624,3,0.0,none,0.02,0.03979542948023109,0.03979542948023109,0.0,34
groupdro,erm,True,0.0338716712031925,0.0,-0.0004363860974188659,0.04571399419866804,0.033559049531219826,0.06892770576878457,-0.5003035476448624,3,0.0,none,0.05,0.03979542948023109,0.03979542948023109,0.0,8
groupdro,erm,True,0.0338716712031925,0.0,-0.0004363860974188659,0.04571399419866804,0.033559049531219826,0.06892770576878457,-0.5003035476448624,3,0.0,none,0.1,0.03979542948023109,0.03979542948023109,0.0,4
groupdro,erm,True,0.0338716712031925,0.0,-0.0004363860974188659,0.04571399419866804,0.033559049531219826,0.06892770576878457,-0.5003035476448624,3,0.0,none,0.2,0.03979542948023109,0.03979542948023109,0.0,3
groupdro,erm,True,0.0338716712031925,0.0,-0.0004363860974188659,0.04571399419866804,0.033559049531219826,0.06892770576878457,-0.5003035476448624,3,0.25,ratio,0.02,0.04254310362129947,0.03979542948023109,0.125,56
groupdro,erm,True,0.0338716712031925,0.0,-0.0004363860974188659,0.04571399419866804,0.033559049531219826,0.06892770576878457,-0.5003035476448624,3,0.25,ratio,0.05,0.04254310362129947,0.03979542948023109,0.125,11
groupdro,erm,True,0.0338716712031925,0.0,-0.0004363860974188659,0.04571399419866804,0.033559049531219826,0.06892770576878457,-0.5003035476448624,3,0.25,ratio,0.1,0.04254310362129947,0.03979542948023109,0.125,5
groupdro,erm,True,0.0338716712031925,0.0,-0.0004363860974188659,0.04571399419866804,0.033559049531219826,0.06892770576878457,-0.5003035476448624,3,0.25,ratio,0.2,0.04254310362129947,0.03979542948023109,0.125,3
groupdro,erm,True,0.0338716712031925,0.0,-0.0004363860974188659,0.04571399419866804,0.033559049531219826,0.06892770576878457,-0.5003035476448624,3,0.25,design,0.02,0.04254310362129947,0.03979542948023109,0.125,
groupdro,erm,True,0.0338716712031925,0.0,-0.0004363860974188659,0.04571399419866804,0.033559049531219826,0.06892770576878457,-0.5003035476448624,3,0.25,design,0.05,0.04254310362129947,0.03979542948023109,0.125,
groupdro,erm,True,0.0338716712031925,0.0,-0.0004363860974188659,0.04571399419866804,0.033559049531219826,0.06892770576878457,-0.5003035476448624,3,0.25,design,0.1,0.04254310362129947,0.03979542948023109,0.125,5
groupdro,erm,True,0.0338716712031925,0.0,-0.0004363860974188659,0.04571399419866804,0.033559049531219826,0.06892770576878457,-0.5003035476448624,3,0.25,design,0.2,0.04254310362129947,0.03979542948023109,0.125,3
groupdro,erm,True,0.0338716712031925,0.0,-0.0004363860974188659,0.04571399419866804,0.033559049531219826,0.06892770576878457,-0.5003035476448624,3,0.5,ratio,0.02,0.045951803845856384,0.03979542948023109,0.25,85
groupdro,erm,True,0.0338716712031925,0.0,-0.0004363860974188659,0.04571399419866804,0.033559049531219826,0.06892770576878457,-0.5003035476448624,3,0.5,ratio,0.05,0.045951803845856384,0.03979542948023109,0.25,16
groupdro,erm,True,0.0338716712031925,0.0,-0.0004363860974188659,0.04571399419866804,0.033559049531219826,0.06892770576878457,-0.5003035476448624,3,0.5,ratio,0.1,0.045951803845856384,0.03979542948023109,0.25,6
groupdro,erm,True,0.0338716712031925,0.0,-0.0004363860974188659,0.04571399419866804,0.033559049531219826,0.06892770576878457,-0.5003035476448624,3,0.5,ratio,0.2,0.045951803845856384,0.03979542948023109,0.25,4
groupdro,erm,True,0.0338716712031925,0.0,-0.0004363860974188659,0.04571399419866804,0.033559049531219826,0.06892770576878457,-0.5003035476448624,3,0.5,design,0.02,0.045951803845856384,0.03979542948023109,0.25,
groupdro,erm,True,0.0338716712031925,0.0,-0.0004363860974188659,0.04571399419866804,0.033559049531219826,0.06892770576878457,-0.5003035476448624,3,0.5,design,0.05,0.045951803845856384,0.03979542948023109,0.25,
groupdro,erm,True,0.0338716712031925,0.0,-0.0004363860974188659,0.04571399419866804,0.033559049531219826,0.06892770576878457,-0.5003035476448624,3,0.5,design,0.1,0.045951803845856384,0.03979542948023109,0.25,8
groupdro,erm,True,0.0338716712031925,0.0,-0.0004363860974188659,0.04571399419866804,0.033559049531219826,0.06892770576878457,-0.5003035476448624,3,0.5,design,0.2,0.045951803845856384,0.03979542948023109,0.25,3
groupdro,erm,True,0.0338716712031925,0.0,-0.0004363860974188659,0.04571399419866804,0.033559049531219826,0.06892770576878457,-0.5003035476448624,5,0.0,none,0.02,0.030825407126421338,0.030825407126421338,0.0,21
groupdro,erm,True,0.0338716712031925,0.0,-0.0004363860974188659,0.04571399419866804,0.033559049531219826,0.06892770576878457,-0.5003035476448624,5,0.0,none,0.05,0.030825407126421338,0.030825407126421338,0.0,6
groupdro,erm,True,0.0338716712031925,0.0,-0.0004363860974188659,0.04571399419866804,0.033559049531219826,0.06892770576878457,-0.5003035476448624,5,0.0,none,0.1,0.030825407126421338,0.030825407126421338,0.0,4
groupdro,erm,True,0.0338716712031925,0.0,-0.0004363860974188659,0.04571399419866804,0.033559049531219826,0.06892770576878457,-0.5003035476448624,5,0.0,none,0.2,0.030825407126421338,0.030825407126421338,0.0,3
groupdro,erm,True,0.0338716712031925,0.0,-0.0004363860974188659,0.04571399419866804,0.033559049531219826,0.06892770576878457,-0.5003035476448624,5,0.25,ratio,0.02,0.032953746364253855,0.030825407126421338,0.125,34
groupdro,erm,True,0.0338716712031925,0.0,-0.0004363860974188659,0.04571399419866804,0.033559049531219826,0.06892770576878457,-0.5003035476448624,5,0.25,ratio,0.05,0.032953746364253855,0.030825407126421338,0.125,8
groupdro,erm,True,0.0338716712031925,0.0,-0.0004363860974188659,0.04571399419866804,0.033559049531219826,0.06892770576878457,-0.5003035476448624,5,0.25,ratio,0.1,0.032953746364253855,0.030825407126421338,0.125,4
groupdro,erm,True,0.0338716712031925,0.0,-0.0004363860974188659,0.04571399419866804,0.033559049531219826,0.06892770576878457,-0.5003035476448624,5,0.25,ratio,0.2,0.032953746364253855,0.030825407126421338,0.125,3
groupdro,erm,True,0.0338716712031925,0.0,-0.0004363860974188659,0.04571399419866804,0.033559049531219826,0.06892770576878457,-0.5003035476448624,5,0.25,design,0.02,0.032953746364253855,0.030825407126421338,0.125,
groupdro,erm,True,0.0338716712031925,0.0,-0.0004363860974188659,0.04571399419866804,0.033559049531219826,0.06892770576878457,-0.5003035476448624,5,0.25,design,0.05,0.032953746364253855,0.030825407126421338,0.125,20
groupdro,erm,True,0.0338716712031925,0.0,-0.0004363860974188659,0.04571399419866804,0.033559049531219826,0.06892770576878457,-0.5003035476448624,5,0.25,design,0.1,0.032953746364253855,0.030825407126421338,0.125,4
groupdro,erm,True,0.0338716712031925,0.0,-0.0004363860974188659,0.04571399419866804,0.033559049531219826,0.06892770576878457,-0.5003035476448624,5,0.25,design,0.2,0.032953746364253855,0.030825407126421338,0.125,3
groupdro,erm,True,0.0338716712031925,0.0,-0.0004363860974188659,0.04571399419866804,0.033559049531219826,0.06892770576878457,-0.5003035476448624,5,0.5,ratio,0.02,0.03559411420463834,0.030825407126421338,0.25,52
groupdro,erm,True,0.0338716712031925,0.0,-0.0004363860974188659,0.04571399419866804,0.033559049531219826,0.06892770576878457,-0.5003035476448624,5,0.5,ratio,0.05,0.03559411420463834,0.030825407126421338,0.25,11
groupdro,erm,True,0.0338716712031925,0.0,-0.0004363860974188659,0.04571399419866804,0.033559049531219826,0.06892770576878457,-0.5003035476448624,5,0.5,ratio,0.1,0.03559411420463834,0.030825407126421338,0.25,5
groupdro,erm,True,0.0338716712031925,0.0,-0.0004363860974188659,0.04571399419866804,0.033559049531219826,0.06892770576878457,-0.5003035476448624,5,0.5,ratio,0.2,0.03559411420463834,0.030825407126421338,0.25,3
groupdro,erm,True,0.0338716712031925,0.0,-0.0004363860974188659,0.04571399419866804,0.033559049531219826,0.06892770576878457,-0.5003035476448624,5,0.5,design,0.02,0.03559411420463834,0.030825407126421338,0.25,
groupdro,erm,True,0.0338716712031925,0.0,-0.0004363860974188659,0.04571399419866804,0.033559049531219826,0.06892770576878457,-0.5003035476448624,5,0.5,design,0.05,0.03559411420463834,0.030825407126421338,0.25,
groupdro,erm,True,0.0338716712031925,0.0,-0.0004363860974188659,0.04571399419866804,0.033559049531219826,0.06892770576878457,-0.5003035476448624,5,0.5,design,0.1,0.03559411420463834,0.030825407126421338,0.25,4
groupdro,erm,True,0.0338716712031925,0.0,-0.0004363860974188659,0.04571399419866804,0.033559049531219826,0.06892770576878457,-0.5003035476448624,5,0.5,design,0.2,0.03559411420463834,0.030825407126421338,0.25,3
groupdro,erm,True,0.0338716712031925,0.0,-0.0004363860974188659,0.04571399419866804,0.033559049531219826,0.06892770576878457,-0.5003035476448624,10,0.0,none,0.02,0.021796854411928655,0.021796854411928655,0.0,12
groupdro,erm,True,0.0338716712031925,0.0,-0.0004363860974188659,0.04571399419866804,0.033559049531219826,0.06892770576878457,-0.5003035476448624,10,0.0,none,0.05,0.021796854411928655,0.021796854411928655,0.0,4
groupdro,erm,True,0.0338716712031925,0.0,-0.0004363860974188659,0.04571399419866804,0.033559049531219826,0.06892770576878457,-0.5003035476448624,10,0.0,none,0.1,0.021796854411928655,0.021796854411928655,0.0,3
groupdro,erm,True,0.0338716712031925,0.0,-0.0004363860974188659,0.04571399419866804,0.033559049531219826,0.06892770576878457,-0.5003035476448624,10,0.0,none,0.2,0.021796854411928655,0.021796854411928655,0.0,3
groupdro,erm,True,0.0338716712031925,0.0,-0.0004363860974188659,0.04571399419866804,0.033559049531219826,0.06892770576878457,-0.5003035476448624,10,0.25,ratio,0.02,0.023301817519665438,0.021796854411928655,0.125,18
groupdro,erm,True,0.0338716712031925,0.0,-0.0004363860974188659,0.04571399419866804,0.033559049531219826,0.06892770576878457,-0.5003035476448624,10,0.25,ratio,0.05,0.023301817519665438,0.021796854411928655,0.125,5
groupdro,erm,True,0.0338716712031925,0.0,-0.0004363860974188659,0.04571399419866804,0.033559049531219826,0.06892770576878457,-0.5003035476448624,10,0.25,ratio,0.1,0.023301817519665438,0.021796854411928655,0.125,3
groupdro,erm,True,0.0338716712031925,0.0,-0.0004363860974188659,0.04571399419866804,0.033559049531219826,0.06892770576878457,-0.5003035476448624,10,0.25,ratio,0.2,0.023301817519665438,0.021796854411928655,0.125,3
groupdro,erm,True,0.0338716712031925,0.0,-0.0004363860974188659,0.04571399419866804,0.033559049531219826,0.06892770576878457,-0.5003035476448624,10,0.25,design,0.02,0.023301817519665438,0.021796854411928655,0.125,
groupdro,erm,True,0.0338716712031925,0.0,-0.0004363860974188659,0.04571399419866804,0.033559049531219826,0.06892770576878457,-0.5003035476448624,10,0.25,design,0.05,0.023301817519665438,0.021796854411928655,0.125,5
groupdro,erm,True,0.0338716712031925,0.0,-0.0004363860974188659,0.04571399419866804,0.033559049531219826,0.06892770576878457,-0.5003035476448624,10,0.25,design,0.1,0.023301817519665438,0.021796854411928655,0.125,3
groupdro,erm,True,0.0338716712031925,0.0,-0.0004363860974188659,0.04571399419866804,0.033559049531219826,0.06892770576878457,-0.5003035476448624,10,0.25,design,0.2,0.023301817519665438,0.021796854411928655,0.125,3
groupdro,erm,True,0.0338716712031925,0.0,-0.0004363860974188659,0.04571399419866804,0.033559049531219826,0.06892770576878457,-0.5003035476448624,10,0.5,ratio,0.02,0.025168839524428183,0.021796854411928655,0.25,27
groupdro,erm,True,0.0338716712031925,0.0,-0.0004363860974188659,0.04571399419866804,0.033559049531219826,0.06892770576878457,-0.5003035476448624,10,0.5,ratio,0.05,0.025168839524428183,0.021796854411928655,0.25,7
groupdro,erm,True,0.0338716712031925,0.0,-0.0004363860974188659,0.04571399419866804,0.033559049531219826,0.06892770576878457,-0.5003035476448624,10,0.5,ratio,0.1,0.025168839524428183,0.021796854411928655,0.25,4
groupdro,erm,True,0.0338716712031925,0.0,-0.0004363860974188659,0.04571399419866804,0.033559049531219826,0.06892770576878457,-0.5003035476448624,10,0.5,ratio,0.2,0.025168839524428183,0.021796854411928655,0.25,3
groupdro,erm,True,0.0338716712031925,0.0,-0.0004363860974188659,0.04571399419866804,0.033559049531219826,0.06892770576878457,-0.5003035476448624,10,0.5,design,0.02,0.025168839524428183,0.021796854411928655,0.25,
groupdro,erm,True,0.0338716712031925,0.0,-0.0004363860974188659,0.04571399419866804,0.033559049531219826,0.06892770576878457,-0.5003035476448624,10,0.5,design,0.05,0.025168839524428183,0.021796854411928655,0.25,168
groupdro,erm,True,0.0338716712031925,0.0,-0.0004363860974188659,0.04571399419866804,0.033559049531219826,0.06892770576878457,-0.5003035476448624,10,0.5,design,0.1,0.025168839524428183,0.021796854411928655,0.25,3
groupdro,erm,True,0.0338716712031925,0.0,-0.0004363860974188659,0.04571399419866804,0.033559049531219826,0.06892770576878457,-0.5003035476448624,10,0.5,design,0.2,0.025168839524428183,0.021796854411928655,0.25,3
he_jitter,erm,True,0.12860178912866246,0.12687686418334065,0.016097738664997873,0.004643873987109797,0.033559049531219826,0.036359929954350584,-0.5591140448943493,1,0.0,none,0.02,0.13198402619742722,0.13198402619742722,0.0,344
he_jitter,erm,True,0.12860178912866246,0.12687686418334065,0.016097738664997873,0.004643873987109797,0.033559049531219826,0.036359929954350584,-0.5591140448943493,1,0.0,none,0.05,0.13198402619742722,0.13198402619742722,0.0,57
he_jitter,erm,True,0.12860178912866246,0.12687686418334065,0.016097738664997873,0.004643873987109797,0.033559049531219826,0.036359929954350584,-0.5591140448943493,1,0.0,none,0.1,0.13198402619742722,0.13198402619742722,0.0,16
he_jitter,erm,True,0.12860178912866246,0.12687686418334065,0.016097738664997873,0.004643873987109797,0.033559049531219826,0.036359929954350584,-0.5591140448943493,1,0.0,none,0.2,0.13198402619742722,0.13198402619742722,0.0,6
he_jitter,erm,True,0.12860178912866246,0.12687686418334065,0.016097738664997873,0.004643873987109797,0.033559049531219826,0.036359929954350584,-0.5591140448943493,1,0.25,ratio,0.02,0.14109685901650543,0.13198402619742722,0.125,588
he_jitter,erm,True,0.12860178912866246,0.12687686418334065,0.016097738664997873,0.004643873987109797,0.033559049531219826,0.036359929954350584,-0.5591140448943493,1,0.25,ratio,0.05,0.14109685901650543,0.13198402619742722,0.125,96
he_jitter,erm,True,0.12860178912866246,0.12687686418334065,0.016097738664997873,0.004643873987109797,0.033559049531219826,0.036359929954350584,-0.5591140448943493,1,0.25,ratio,0.1,0.14109685901650543,0.13198402619742722,0.125,26
he_jitter,erm,True,0.12860178912866246,0.12687686418334065,0.016097738664997873,0.004643873987109797,0.033559049531219826,0.036359929954350584,-0.5591140448943493,1,0.25,ratio,0.2,0.14109685901650543,0.13198402619742722,0.125,8
he_jitter,erm,True,0.12860178912866246,0.12687686418334065,0.016097738664997873,0.004643873987109797,0.033559049531219826,0.036359929954350584,-0.5591140448943493,1,0.25,design,0.02,0.14109685901650543,0.13198402619742722,0.125,
he_jitter,erm,True,0.12860178912866246,0.12687686418334065,0.016097738664997873,0.004643873987109797,0.033559049531219826,0.036359929954350584,-0.5591140448943493,1,0.25,design,0.05,0.14109685901650543,0.13198402619742722,0.125,
he_jitter,erm,True,0.12860178912866246,0.12687686418334065,0.016097738664997873,0.004643873987109797,0.033559049531219826,0.036359929954350584,-0.5591140448943493,1,0.25,design,0.1,0.14109685901650543,0.13198402619742722,0.125,
he_jitter,erm,True,0.12860178912866246,0.12687686418334065,0.016097738664997873,0.004643873987109797,0.033559049531219826,0.036359929954350584,-0.5591140448943493,1,0.25,design,0.2,0.14109685901650543,0.13198402619742722,0.125,125
he_jitter,erm,True,0.12860178912866246,0.12687686418334065,0.016097738664997873,0.004643873987109797,0.033559049531219826,0.036359929954350584,-0.5591140448943493,1,0.5,ratio,0.02,0.15240202610763046,0.13198402619742722,0.25,914
he_jitter,erm,True,0.12860178912866246,0.12687686418334065,0.016097738664997873,0.004643873987109797,0.033559049531219826,0.036359929954350584,-0.5591140448943493,1,0.5,ratio,0.05,0.15240202610763046,0.13198402619742722,0.25,148
he_jitter,erm,True,0.12860178912866246,0.12687686418334065,0.016097738664997873,0.004643873987109797,0.033559049531219826,0.036359929954350584,-0.5591140448943493,1,0.5,ratio,0.1,0.15240202610763046,0.13198402619742722,0.25,39
he_jitter,erm,True,0.12860178912866246,0.12687686418334065,0.016097738664997873,0.004643873987109797,0.033559049531219826,0.036359929954350584,-0.5591140448943493,1,0.5,ratio,0.2,0.15240202610763046,0.13198402619742722,0.25,12
he_jitter,erm,True,0.12860178912866246,0.12687686418334065,0.016097738664997873,0.004643873987109797,0.033559049531219826,0.036359929954350584,-0.5591140448943493,1,0.5,design,0.02,0.15240202610763046,0.13198402619742722,0.25,
he_jitter,erm,True,0.12860178912866246,0.12687686418334065,0.016097738664997873,0.004643873987109797,0.033559049531219826,0.036359929954350584,-0.5591140448943493,1,0.5,design,0.05,0.15240202610763046,0.13198402619742722,0.25,
he_jitter,erm,True,0.12860178912866246,0.12687686418334065,0.016097738664997873,0.004643873987109797,0.033559049531219826,0.036359929954350584,-0.5591140448943493,1,0.5,design,0.1,0.15240202610763046,0.13198402619742722,0.25,
he_jitter,erm,True,0.12860178912866246,0.12687686418334065,0.016097738664997873,0.004643873987109797,0.033559049531219826,0.036359929954350584,-0.5591140448943493,1,0.5,design,0.2,0.15240202610763046,0.13198402619742722,0.25,
he_jitter,erm,True,0.12860178912866246,0.12687686418334065,0.016097738664997873,0.004643873987109797,0.033559049531219826,0.036359929954350584,-0.5591140448943493,3,0.0,none,0.02,0.12860178912866246,0.12860178912866246,0.0,327
he_jitter,erm,True,0.12860178912866246,0.12687686418334065,0.016097738664997873,0.004643873987109797,0.033559049531219826,0.036359929954350584,-0.5591140448943493,3,0.0,none,0.05,0.12860178912866246,0.12860178912866246,0.0,54
he_jitter,erm,True,0.12860178912866246,0.12687686418334065,0.016097738664997873,0.004643873987109797,0.033559049531219826,0.036359929954350584,-0.5591140448943493,3,0.0,none,0.1,0.12860178912866246,0.12860178912866246,0.0,16
he_jitter,erm,True,0.12860178912866246,0.12687686418334065,0.016097738664997873,0.004643873987109797,0.033559049531219826,0.036359929954350584,-0.5591140448943493,3,0.0,none,0.2,0.12860178912866246,0.12860178912866246,0.0,6
he_jitter,erm,True,0.12860178912866246,0.12687686418334065,0.016097738664997873,0.004643873987109797,0.033559049531219826,0.036359929954350584,-0.5591140448943493,3,0.25,ratio,0.02,0.13748109549874418,0.12860178912866246,0.125,559
he_jitter,erm,True,0.12860178912866246,0.12687686418334065,0.016097738664997873,0.004643873987109797,0.033559049531219826,0.036359929954350584,-0.5591140448943493,3,0.25,ratio,0.05,0.13748109549874418,0.12860178912866246,0.125,91
he_jitter,erm,True,0.12860178912866246,0.12687686418334065,0.016097738664997873,0.004643873987109797,0.033559049531219826,0.036359929954350584,-0.5591140448943493,3,0.25,ratio,0.1,0.13748109549874418,0.12860178912866246,0.125,25
he_jitter,erm,True,0.12860178912866246,0.12687686418334065,0.016097738664997873,0.004643873987109797,0.033559049531219826,0.036359929954350584,-0.5591140448943493,3,0.25,ratio,0.2,0.13748109549874418,0.12860178912866246,0.125,8
he_jitter,erm,True,0.12860178912866246,0.12687686418334065,0.016097738664997873,0.004643873987109797,0.033559049531219826,0.036359929954350584,-0.5591140448943493,3,0.25,design,0.02,0.13748109549874418,0.12860178912866246,0.125,
he_jitter,erm,True,0.12860178912866246,0.12687686418334065,0.016097738664997873,0.004643873987109797,0.033559049531219826,0.036359929954350584,-0.5591140448943493,3,0.25,design,0.05,0.13748109549874418,0.12860178912866246,0.125,
he_jitter,erm,True,0.12860178912866246,0.12687686418334065,0.016097738664997873,0.004643873987109797,0.033559049531219826,0.036359929954350584,-0.5591140448943493,3,0.25,design,0.1,0.13748109549874418,0.12860178912866246,0.125,
he_jitter,erm,True,0.12860178912866246,0.12687686418334065,0.016097738664997873,0.004643873987109797,0.033559049531219826,0.036359929954350584,-0.5591140448943493,3,0.25,design,0.2,0.13748109549874418,0.12860178912866246,0.125,40
he_jitter,erm,True,0.12860178912866246,0.12687686418334065,0.016097738664997873,0.004643873987109797,0.033559049531219826,0.036359929954350584,-0.5591140448943493,3,0.5,ratio,0.02,0.14849655514340154,0.12860178912866246,0.25,868
he_jitter,erm,True,0.12860178912866246,0.12687686418334065,0.016097738664997873,0.004643873987109797,0.033559049531219826,0.036359929954350584,-0.5591140448943493,3,0.5,ratio,0.05,0.14849655514340154,0.12860178912866246,0.25,141
he_jitter,erm,True,0.12860178912866246,0.12687686418334065,0.016097738664997873,0.004643873987109797,0.033559049531219826,0.036359929954350584,-0.5591140448943493,3,0.5,ratio,0.1,0.14849655514340154,0.12860178912866246,0.25,37
he_jitter,erm,True,0.12860178912866246,0.12687686418334065,0.016097738664997873,0.004643873987109797,0.033559049531219826,0.036359929954350584,-0.5591140448943493,3,0.5,ratio,0.2,0.14849655514340154,0.12860178912866246,0.25,11
he_jitter,erm,True,0.12860178912866246,0.12687686418334065,0.016097738664997873,0.004643873987109797,0.033559049531219826,0.036359929954350584,-0.5591140448943493,3,0.5,design,0.02,0.14849655514340154,0.12860178912866246,0.25,
he_jitter,erm,True,0.12860178912866246,0.12687686418334065,0.016097738664997873,0.004643873987109797,0.033559049531219826,0.036359929954350584,-0.5591140448943493,3,0.5,design,0.05,0.14849655514340154,0.12860178912866246,0.25,
he_jitter,erm,True,0.12860178912866246,0.12687686418334065,0.016097738664997873,0.004643873987109797,0.033559049531219826,0.036359929954350584,-0.5591140448943493,3,0.5,design,0.1,0.14849655514340154,0.12860178912866246,0.25,
he_jitter,erm,True,0.12860178912866246,0.12687686418334065,0.016097738664997873,0.004643873987109797,0.033559049531219826,0.036359929954350584,-0.5591140448943493,3,0.5,design,0.2,0.14849655514340154,0.12860178912866246,0.25,
he_jitter,erm,True,0.12860178912866246,0.12687686418334065,0.016097738664997873,0.004643873987109797,0.033559049531219826,0.036359929954350584,-0.5591140448943493,5,0.0,none,0.02,0.1279146104487479,0.1279146104487479,0.0,323
he_jitter,erm,True,0.12860178912866246,0.12687686418334065,0.016097738664997873,0.004643873987109797,0.033559049531219826,0.036359929954350584,-0.5591140448943493,5,0.0,none,0.05,0.1279146104487479,0.1279146104487479,0.0,54
he_jitter,erm,True,0.12860178912866246,0.12687686418334065,0.016097738664997873,0.004643873987109797,0.033559049531219826,0.036359929954350584,-0.5591140448943493,5,0.0,none,0.1,0.1279146104487479,0.1279146104487479,0.0,15
he_jitter,erm,True,0.12860178912866246,0.12687686418334065,0.016097738664997873,0.004643873987109797,0.033559049531219826,0.036359929954350584,-0.5591140448943493,5,0.0,none,0.2,0.1279146104487479,0.1279146104487479,0.0,6
he_jitter,erm,True,0.12860178912866246,0.12687686418334065,0.016097738664997873,0.004643873987109797,0.033559049531219826,0.036359929954350584,-0.5591140448943493,5,0.25,ratio,0.02,0.13674647058910538,0.1279146104487479,0.125,553
he_jitter,erm,True,0.12860178912866246,0.12687686418334065,0.016097738664997873,0.004643873987109797,0.033559049531219826,0.036359929954350584,-0.5591140448943493,5,0.25,ratio,0.05,0.13674647058910538,0.1279146104487479,0.125,91
he_jitter,erm,True,0.12860178912866246,0.12687686418334065,0.016097738664997873,0.004643873987109797,0.033559049531219826,0.036359929954350584,-0.5591140448943493,5,0.25,ratio,0.1,0.13674647058910538,0.1279146104487479,0.125,25
he_jitter,erm,True,0.12860178912866246,0.12687686418334065,0.016097738664997873,0.004643873987109797,0.033559049531219826,0.036359929954350584,-0.5591140448943493,5,0.25,ratio,0.2,0.13674647058910538,0.1279146104487479,0.125,8
he_jitter,erm,True,0.12860178912866246,0.12687686418334065,0.016097738664997873,0.004643873987109797,0.033559049531219826,0.036359929954350584,-0.5591140448943493,5,0.25,design,0.02,0.13674647058910538,0.1279146104487479,0.125,
he_jitter,erm,True,0.12860178912866246,0.12687686418334065,0.016097738664997873,0.004643873987109797,0.033559049531219826,0.036359929954350584,-0.5591140448943493,5,0.25,design,0.05,0.13674647058910538,0.1279146104487479,0.125,
he_jitter,erm,True,0.12860178912866246,0.12687686418334065,0.016097738664997873,0.004643873987109797,0.033559049531219826,0.036359929954350584,-0.5591140448943493,5,0.25,design,0.1,0.13674647058910538,0.1279146104487479,0.125,
he_jitter,erm,True,0.12860178912866246,0.12687686418334065,0.016097738664997873,0.004643873987109797,0.033559049531219826,0.036359929954350584,-0.5591140448943493,5,0.25,design,0.2,0.13674647058910538,0.1279146104487479,0.125,35
he_jitter,erm,True,0.12860178912866246,0.12687686418334065,0.016097738664997873,0.004643873987109797,0.033559049531219826,0.036359929954350584,-0.5591140448943493,5,0.5,ratio,0.02,0.14770306955174145,0.1279146104487479,0.25,859
he_jitter,erm,True,0.12860178912866246,0.12687686418334065,0.016097738664997873,0.004643873987109797,0.033559049531219826,0.036359929954350584,-0.5591140448943493,5,0.5,ratio,0.05,0.14770306955174145,0.1279146104487479,0.25,139
he_jitter,erm,True,0.12860178912866246,0.12687686418334065,0.016097738664997873,0.004643873987109797,0.033559049531219826,0.036359929954350584,-0.5591140448943493,5,0.5,ratio,0.1,0.14770306955174145,0.1279146104487479,0.25,37
he_jitter,erm,True,0.12860178912866246,0.12687686418334065,0.016097738664997873,0.004643873987109797,0.033559049531219826,0.036359929954350584,-0.5591140448943493,5,0.5,ratio,0.2,0.14770306955174145,0.1279146104487479,0.25,11
he_jitter,erm,True,0.12860178912866246,0.12687686418334065,0.016097738664997873,0.004643873987109797,0.033559049531219826,0.036359929954350584,-0.5591140448943493,5,0.5,design,0.02,0.14770306955174145,0.1279146104487479,0.25,
he_jitter,erm,True,0.12860178912866246,0.12687686418334065,0.016097738664997873,0.004643873987109797,0.033559049531219826,0.036359929954350584,-0.5591140448943493,5,0.5,design,0.05,0.14770306955174145,0.1279146104487479,0.25,
he_jitter,erm,True,0.12860178912866246,0.12687686418334065,0.016097738664997873,0.004643873987109797,0.033559049531219826,0.036359929954350584,-0.5591140448943493,5,0.5,design,0.1,0.14770306955174145,0.1279146104487479,0.25,
he_jitter,erm,True,0.12860178912866246,0.12687686418334065,0.016097738664997873,0.004643873987109797,0.033559049531219826,0.036359929954350584,-0.5591140448943493,5,0.5,design,0.2,0.14770306955174145,0.1279146104487479,0.25,
he_jitter,erm,True,0.12860178912866246,0.12687686418334065,0.016097738664997873,0.004643873987109797,0.033559049531219826,0.036359929954350584,-0.5591140448943493,10,0.0,none,0.02,0.12739679397703224,0.12739679397703224,0.0,321
he_jitter,erm,True,0.12860178912866246,0.12687686418334065,0.016097738664997873,0.004643873987109797,0.033559049531219826,0.036359929954350584,-0.5591140448943493,10,0.0,none,0.05,0.12739679397703224,0.12739679397703224,0.0,53
he_jitter,erm,True,0.12860178912866246,0.12687686418334065,0.016097738664997873,0.004643873987109797,0.033559049531219826,0.036359929954350584,-0.5591140448943493,10,0.0,none,0.1,0.12739679397703224,0.12739679397703224,0.0,15
he_jitter,erm,True,0.12860178912866246,0.12687686418334065,0.016097738664997873,0.004643873987109797,0.033559049531219826,0.036359929954350584,-0.5591140448943493,10,0.0,none,0.2,0.12739679397703224,0.12739679397703224,0.0,6
he_jitter,erm,True,0.12860178912866246,0.12687686418334065,0.016097738664997873,0.004643873987109797,0.033559049531219826,0.036359929954350584,-0.5591140448943493,10,0.25,ratio,0.02,0.13619290149585161,0.12739679397703224,0.125,548
he_jitter,erm,True,0.12860178912866246,0.12687686418334065,0.016097738664997873,0.004643873987109797,0.033559049531219826,0.036359929954350584,-0.5591140448943493,10,0.25,ratio,0.05,0.13619290149585161,0.12739679397703224,0.125,90
he_jitter,erm,True,0.12860178912866246,0.12687686418334065,0.016097738664997873,0.004643873987109797,0.033559049531219826,0.036359929954350584,-0.5591140448943493,10,0.25,ratio,0.1,0.13619290149585161,0.12739679397703224,0.125,24
he_jitter,erm,True,0.12860178912866246,0.12687686418334065,0.016097738664997873,0.004643873987109797,0.033559049531219826,0.036359929954350584,-0.5591140448943493,10,0.25,ratio,0.2,0.13619290149585161,0.12739679397703224,0.125,8
he_jitter,erm,True,0.12860178912866246,0.12687686418334065,0.016097738664997873,0.004643873987109797,0.033559049531219826,0.036359929954350584,-0.5591140448943493,10,0.25,design,0.02,0.13619290149585161,0.12739679397703224,0.125,
he_jitter,erm,True,0.12860178912866246,0.12687686418334065,0.016097738664997873,0.004643873987109797,0.033559049531219826,0.036359929954350584,-0.5591140448943493,10,0.25,design,0.05,0.13619290149585161,0.12739679397703224,0.125,
he_jitter,erm,True,0.12860178912866246,0.12687686418334065,0.016097738664997873,0.004643873987109797,0.033559049531219826,0.036359929954350584,-0.5591140448943493,10,0.25,design,0.1,0.13619290149585161,0.12739679397703224,0.125,
he_jitter,erm,True,0.12860178912866246,0.12687686418334065,0.016097738664997873,0.004643873987109797,0.033559049531219826,0.036359929954350584,-0.5591140448943493,10,0.25,design,0.2,0.13619290149585161,0.12739679397703224,0.125,33
he_jitter,erm,True,0.12860178912866246,0.12687686418334065,0.016097738664997873,0.004643873987109797,0.033559049531219826,0.036359929954350584,-0.5591140448943493,10,0.5,ratio,0.02,0.14710514659306972,0.12739679397703224,0.25,852
he_jitter,erm,True,0.12860178912866246,0.12687686418334065,0.016097738664997873,0.004643873987109797,0.033559049531219826,0.036359929954350584,-0.5591140448943493,10,0.5,ratio,0.05,0.14710514659306972,0.12739679397703224,0.25,138
he_jitter,erm,True,0.12860178912866246,0.12687686418334065,0.016097738664997873,0.004643873987109797,0.033559049531219826,0.036359929954350584,-0.5591140448943493,10,0.5,ratio,0.1,0.14710514659306972,0.12739679397703224,0.25,36
he_jitter,erm,True,0.12860178912866246,0.12687686418334065,0.016097738664997873,0.004643873987109797,0.033559049531219826,0.036359929954350584,-0.5591140448943493,10,0.5,ratio,0.2,0.14710514659306972,0.12739679397703224,0.25,11
he_jitter,erm,True,0.12860178912866246,0.12687686418334065,0.016097738664997873,0.004643873987109797,0.033559049531219826,0.036359929954350584,-0.5591140448943493,10,0.5,design,0.02,0.14710514659306972,0.12739679397703224,0.25,
he_jitter,erm,True,0.12860178912866246,0.12687686418334065,0.016097738664997873,0.004643873987109797,0.033559049531219826,0.036359929954350584,-0.5591140448943493,10,0.5,design,0.05,0.14710514659306972,0.12739679397703224,0.25,
he_jitter,erm,True,0.12860178912866246,0.12687686418334065,0.016097738664997873,0.004643873987109797,0.033559049531219826,0.036359929954350584,-0.5591140448943493,10,0.5,design,0.1,0.14710514659306972,0.12739679397703224,0.25,
he_jitter,erm,True,0.12860178912866246,0.12687686418334065,0.016097738664997873,0.004643873987109797,0.033559049531219826,0.036359929954350584,-0.5591140448943493,10,0.5,design,0.2,0.14710514659306972,0.12739679397703224,0.25,
he_jitter_lunit_bt,erm,True,0.14351075313859674,0.14239507120625203,0.02027635630383359,0.004154604254293756,0.033559049531219826,0.030934445004250518,0.6689303552855226,1,0.0,none,0.02,0.14571649251733515,0.14571649251733515,0.0,419
he_jitter_lunit_bt,erm,True,0.14351075313859674,0.14239507120625203,0.02027635630383359,0.004154604254293756,0.033559049531219826,0.030934445004250518,0.6689303552855226,1,0.0,none,0.05,0.14571649251733515,0.14571649251733515,0.0,69
he_jitter_lunit_bt,erm,True,0.14351075313859674,0.14239507120625203,0.02027635630383359,0.004154604254293756,0.033559049531219826,0.030934445004250518,0.6689303552855226,1,0.0,none,0.1,0.14571649251733515,0.14571649251733515,0.0,19
he_jitter_lunit_bt,erm,True,0.14351075313859674,0.14239507120625203,0.02027635630383359,0.004154604254293756,0.033559049531219826,0.030934445004250518,0.6689303552855226,1,0.0,none,0.2,0.14571649251733515,0.14571649251733515,0.0,7
he_jitter_lunit_bt,erm,True,0.14351075313859674,0.14239507120625203,0.02027635630383359,0.004154604254293756,0.033559049531219826,0.030934445004250518,0.6689303552855226,1,0.25,ratio,0.02,0.15577748302922195,0.14571649251733515,0.125,717
he_jitter_lunit_bt,erm,True,0.14351075313859674,0.14239507120625203,0.02027635630383359,0.004154604254293756,0.033559049531219826,0.030934445004250518,0.6689303552855226,1,0.25,ratio,0.05,0.15577748302922195,0.14571649251733515,0.125,117
he_jitter_lunit_bt,erm,True,0.14351075313859674,0.14239507120625203,0.02027635630383359,0.004154604254293756,0.033559049531219826,0.030934445004250518,0.6689303552855226,1,0.25,ratio,0.1,0.15577748302922195,0.14571649251733515,0.125,31
he_jitter_lunit_bt,erm,True,0.14351075313859674,0.14239507120625203,0.02027635630383359,0.004154604254293756,0.033559049531219826,0.030934445004250518,0.6689303552855226,1,0.25,ratio,0.2,0.15577748302922195,0.14571649251733515,0.125,10
he_jitter_lunit_bt,erm,True,0.14351075313859674,0.14239507120625203,0.02027635630383359,0.004154604254293756,0.033559049531219826,0.030934445004250518,0.6689303552855226,1,0.25,design,0.02,0.15577748302922195,0.14571649251733515,0.125,
he_jitter_lunit_bt,erm,True,0.14351075313859674,0.14239507120625203,0.02027635630383359,0.004154604254293756,0.033559049531219826,0.030934445004250518,0.6689303552855226,1,0.25,design,0.05,0.15577748302922195,0.14571649251733515,0.125,
he_jitter_lunit_bt,erm,True,0.14351075313859674,0.14239507120625203,0.02027635630383359,0.004154604254293756,0.033559049531219826,0.030934445004250518,0.6689303552855226,1,0.25,design,0.1,0.15577748302922195,0.14571649251733515,0.125,
he_jitter_lunit_bt,erm,True,0.14351075313859674,0.14239507120625203,0.02027635630383359,0.004154604254293756,0.033559049531219826,0.030934445004250518,0.6689303552855226,1,0.25,design,0.2,0.15577748302922195,0.14571649251733515,0.125,
he_jitter_lunit_bt,erm,True,0.14351075313859674,0.14239507120625203,0.02027635630383359,0.004154604254293756,0.033559049531219826,0.030934445004250518,0.6689303552855226,1,0.5,ratio,0.02,0.16825891236050308,0.14571649251733515,0.25,
he_jitter_lunit_bt,erm,True,0.14351075313859674,0.14239507120625203,0.02027635630383359,0.004154604254293756,0.033559049531219826,0.030934445004250518,0.6689303552855226,1,0.5,ratio,0.05,0.16825891236050308,0.14571649251733515,0.25,180
he_jitter_lunit_bt,erm,True,0.14351075313859674,0.14239507120625203,0.02027635630383359,0.004154604254293756,0.033559049531219826,0.030934445004250518,0.6689303552855226,1,0.5,ratio,0.1,0.16825891236050308,0.14571649251733515,0.25,47
he_jitter_lunit_bt,erm,True,0.14351075313859674,0.14239507120625203,0.02027635630383359,0.004154604254293756,0.033559049531219826,0.030934445004250518,0.6689303552855226,1,0.5,ratio,0.2,0.16825891236050308,0.14571649251733515,0.25,14
he_jitter_lunit_bt,erm,True,0.14351075313859674,0.14239507120625203,0.02027635630383359,0.004154604254293756,0.033559049531219826,0.030934445004250518,0.6689303552855226,1,0.5,design,0.02,0.16825891236050308,0.14571649251733515,0.25,
he_jitter_lunit_bt,erm,True,0.14351075313859674,0.14239507120625203,0.02027635630383359,0.004154604254293756,0.033559049531219826,0.030934445004250518,0.6689303552855226,1,0.5,design,0.05,0.16825891236050308,0.14571649251733515,0.25,
he_jitter_lunit_bt,erm,True,0.14351075313859674,0.14239507120625203,0.02027635630383359,0.004154604254293756,0.033559049531219826,0.030934445004250518,0.6689303552855226,1,0.5,design,0.1,0.16825891236050308,0.14571649251733515,0.25,
he_jitter_lunit_bt,erm,True,0.14351075313859674,0.14239507120625203,0.02027635630383359,0.004154604254293756,0.033559049531219826,0.030934445004250518,0.6689303552855226,1,0.5,design,0.2,0.16825891236050308,0.14571649251733515,0.25,
he_jitter_lunit_bt,erm,True,0.14351075313859674,0.14239507120625203,0.02027635630383359,0.004154604254293756,0.033559049531219826,0.030934445004250518,0.6689303552855226,3,0.0,none,0.02,0.14351075313859674,0.14351075313859674,0.0,407
he_jitter_lunit_bt,erm,True,0.14351075313859674,0.14239507120625203,0.02027635630383359,0.004154604254293756,0.033559049531219826,0.030934445004250518,0.6689303552855226,3,0.0,none,0.05,0.14351075313859674,0.14351075313859674,0.0,67
he_jitter_lunit_bt,erm,True,0.14351075313859674,0.14239507120625203,0.02027635630383359,0.004154604254293756,0.033559049531219826,0.030934445004250518,0.6689303552855226,3,0.0,none,0.1,0.14351075313859674,0.14351075313859674,0.0,19
he_jitter_lunit_bt,erm,True,0.14351075313859674,0.14239507120625203,0.02027635630383359,0.004154604254293756,0.033559049531219826,0.030934445004250518,0.6689303552855226,3,0.0,none,0.2,0.14351075313859674,0.14351075313859674,0.0,7
he_jitter_lunit_bt,erm,True,0.14351075313859674,0.14239507120625203,0.02027635630383359,0.004154604254293756,0.033559049531219826,0.030934445004250518,0.6689303552855226,3,0.25,ratio,0.02,0.15341944844643488,0.14351075313859674,0.125,695
he_jitter_lunit_bt,erm,True,0.14351075313859674,0.14239507120625203,0.02027635630383359,0.004154604254293756,0.033559049531219826,0.030934445004250518,0.6689303552855226,3,0.25,ratio,0.05,0.15341944844643488,0.14351075313859674,0.125,113
he_jitter_lunit_bt,erm,True,0.14351075313859674,0.14239507120625203,0.02027635630383359,0.004154604254293756,0.033559049531219826,0.030934445004250518,0.6689303552855226,3,0.25,ratio,0.1,0.15341944844643488,0.14351075313859674,0.125,30
he_jitter_lunit_bt,erm,True,0.14351075313859674,0.14239507120625203,0.02027635630383359,0.004154604254293756,0.033559049531219826,0.030934445004250518,0.6689303552855226,3,0.25,ratio,0.2,0.15341944844643488,0.14351075313859674,0.125,10
he_jitter_lunit_bt,erm,True,0.14351075313859674,0.14239507120625203,0.02027635630383359,0.004154604254293756,0.033559049531219826,0.030934445004250518,0.6689303552855226,3,0.25,design,0.02,0.15341944844643488,0.14351075313859674,0.125,
he_jitter_lunit_bt,erm,True,0.14351075313859674,0.14239507120625203,0.02027635630383359,0.004154604254293756,0.033559049531219826,0.030934445004250518,0.6689303552855226,3,0.25,design,0.05,0.15341944844643488,0.14351075313859674,0.125,
he_jitter_lunit_bt,erm,True,0.14351075313859674,0.14239507120625203,0.02027635630383359,0.004154604254293756,0.033559049531219826,0.030934445004250518,0.6689303552855226,3,0.25,design,0.1,0.15341944844643488,0.14351075313859674,0.125,
he_jitter_lunit_bt,erm,True,0.14351075313859674,0.14239507120625203,0.02027635630383359,0.004154604254293756,0.033559049531219826,0.030934445004250518,0.6689303552855226,3,0.25,design,0.2,0.15341944844643488,0.14351075313859674,0.125,
he_jitter_lunit_bt,erm,True,0.14351075313859674,0.14239507120625203,0.02027635630383359,0.004154604254293756,0.033559049531219826,0.030934445004250518,0.6689303552855226,3,0.5,ratio,0.02,0.16571194391234953,0.14351075313859674,0.25,
he_jitter_lunit_bt,erm,True,0.14351075313859674,0.14239507120625203,0.02027635630383359,0.004154604254293756,0.033559049531219826,0.030934445004250518,0.6689303552855226,3,0.5,ratio,0.05,0.16571194391234953,0.14351075313859674,0.25,175
he_jitter_lunit_bt,erm,True,0.14351075313859674,0.14239507120625203,0.02027635630383359,0.004154604254293756,0.033559049531219826,0.030934445004250518,0.6689303552855226,3,0.5,ratio,0.1,0.16571194391234953,0.14351075313859674,0.25,46
he_jitter_lunit_bt,erm,True,0.14351075313859674,0.14239507120625203,0.02027635630383359,0.004154604254293756,0.033559049531219826,0.030934445004250518,0.6689303552855226,3,0.5,ratio,0.2,0.16571194391234953,0.14351075313859674,0.25,13
he_jitter_lunit_bt,erm,True,0.14351075313859674,0.14239507120625203,0.02027635630383359,0.004154604254293756,0.033559049531219826,0.030934445004250518,0.6689303552855226,3,0.5,design,0.02,0.16571194391234953,0.14351075313859674,0.25,
he_jitter_lunit_bt,erm,True,0.14351075313859674,0.14239507120625203,0.02027635630383359,0.004154604254293756,0.033559049531219826,0.030934445004250518,0.6689303552855226,3,0.5,design,0.05,0.16571194391234953,0.14351075313859674,0.25,
he_jitter_lunit_bt,erm,True,0.14351075313859674,0.14239507120625203,0.02027635630383359,0.004154604254293756,0.033559049531219826,0.030934445004250518,0.6689303552855226,3,0.5,design,0.1,0.16571194391234953,0.14351075313859674,0.25,
he_jitter_lunit_bt,erm,True,0.14351075313859674,0.14239507120625203,0.02027635630383359,0.004154604254293756,0.033559049531219826,0.030934445004250518,0.6689303552855226,3,0.5,design,0.2,0.16571194391234953,0.14351075313859674,0.25,
he_jitter_lunit_bt,erm,True,0.14351075313859674,0.14239507120625203,0.02027635630383359,0.004154604254293756,0.033559049531219826,0.030934445004250518,0.6689303552855226,5,0.0,none,0.02,0.1430655244333092,0.1430655244333092,0.0,404
he_jitter_lunit_bt,erm,True,0.14351075313859674,0.14239507120625203,0.02027635630383359,0.004154604254293756,0.033559049531219826,0.030934445004250518,0.6689303552855226,5,0.0,none,0.05,0.1430655244333092,0.1430655244333092,0.0,67
he_jitter_lunit_bt,erm,True,0.14351075313859674,0.14239507120625203,0.02027635630383359,0.004154604254293756,0.033559049531219826,0.030934445004250518,0.6689303552855226,5,0.0,none,0.1,0.1430655244333092,0.1430655244333092,0.0,19
he_jitter_lunit_bt,erm,True,0.14351075313859674,0.14239507120625203,0.02027635630383359,0.004154604254293756,0.033559049531219826,0.030934445004250518,0.6689303552855226,5,0.0,none,0.2,0.1430655244333092,0.1430655244333092,0.0,7
he_jitter_lunit_bt,erm,True,0.14351075313859674,0.14239507120625203,0.02027635630383359,0.004154604254293756,0.033559049531219826,0.030934445004250518,0.6689303552855226,5,0.25,ratio,0.02,0.15294347893959404,0.1430655244333092,0.125,691
he_jitter_lunit_bt,erm,True,0.14351075313859674,0.14239507120625203,0.02027635630383359,0.004154604254293756,0.033559049531219826,0.030934445004250518,0.6689303552855226,5,0.25,ratio,0.05,0.15294347893959404,0.1430655244333092,0.125,113
he_jitter_lunit_bt,erm,True,0.14351075313859674,0.14239507120625203,0.02027635630383359,0.004154604254293756,0.033559049531219826,0.030934445004250518,0.6689303552855226,5,0.25,ratio,0.1,0.15294347893959404,0.1430655244333092,0.125,30
he_jitter_lunit_bt,erm,True,0.14351075313859674,0.14239507120625203,0.02027635630383359,0.004154604254293756,0.033559049531219826,0.030934445004250518,0.6689303552855226,5,0.25,ratio,0.2,0.15294347893959404,0.1430655244333092,0.125,9
he_jitter_lunit_bt,erm,True,0.14351075313859674,0.14239507120625203,0.02027635630383359,0.004154604254293756,0.033559049531219826,0.030934445004250518,0.6689303552855226,5,0.25,design,0.02,0.15294347893959404,0.1430655244333092,0.125,
he_jitter_lunit_bt,erm,True,0.14351075313859674,0.14239507120625203,0.02027635630383359,0.004154604254293756,0.033559049531219826,0.030934445004250518,0.6689303552855226,5,0.25,design,0.05,0.15294347893959404,0.1430655244333092,0.125,
he_jitter_lunit_bt,erm,True,0.14351075313859674,0.14239507120625203,0.02027635630383359,0.004154604254293756,0.033559049531219826,0.030934445004250518,0.6689303552855226,5,0.25,design,0.1,0.15294347893959404,0.1430655244333092,0.125,
he_jitter_lunit_bt,erm,True,0.14351075313859674,0.14239507120625203,0.02027635630383359,0.004154604254293756,0.033559049531219826,0.030934445004250518,0.6689303552855226,5,0.25,design,0.2,0.15294347893959404,0.1430655244333092,0.125,
he_jitter_lunit_bt,erm,True,0.14351075313859674,0.14239507120625203,0.02027635630383359,0.004154604254293756,0.033559049531219826,0.030934445004250518,0.6689303552855226,5,0.5,ratio,0.02,0.1651978380866521,0.1430655244333092,0.25,
he_jitter_lunit_bt,erm,True,0.14351075313859674,0.14239507120625203,0.02027635630383359,0.004154604254293756,0.033559049531219826,0.030934445004250518,0.6689303552855226,5,0.5,ratio,0.05,0.1651978380866521,0.1430655244333092,0.25,174
he_jitter_lunit_bt,erm,True,0.14351075313859674,0.14239507120625203,0.02027635630383359,0.004154604254293756,0.033559049531219826,0.030934445004250518,0.6689303552855226,5,0.5,ratio,0.1,0.1651978380866521,0.1430655244333092,0.25,45
he_jitter_lunit_bt,erm,True,0.14351075313859674,0.14239507120625203,0.02027635630383359,0.004154604254293756,0.033559049531219826,0.030934445004250518,0.6689303552855226,5,0.5,ratio,0.2,0.1651978380866521,0.1430655244333092,0.25,13
he_jitter_lunit_bt,erm,True,0.14351075313859674,0.14239507120625203,0.02027635630383359,0.004154604254293756,0.033559049531219826,0.030934445004250518,0.6689303552855226,5,0.5,design,0.02,0.1651978380866521,0.1430655244333092,0.25,
he_jitter_lunit_bt,erm,True,0.14351075313859674,0.14239507120625203,0.02027635630383359,0.004154604254293756,0.033559049531219826,0.030934445004250518,0.6689303552855226,5,0.5,design,0.05,0.1651978380866521,0.1430655244333092,0.25,
he_jitter_lunit_bt,erm,True,0.14351075313859674,0.14239507120625203,0.02027635630383359,0.004154604254293756,0.033559049531219826,0.030934445004250518,0.6689303552855226,5,0.5,design,0.1,0.1651978380866521,0.1430655244333092,0.25,
he_jitter_lunit_bt,erm,True,0.14351075313859674,0.14239507120625203,0.02027635630383359,0.004154604254293756,0.033559049531219826,0.030934445004250518,0.6689303552855226,5,0.5,design,0.2,0.1651978380866521,0.1430655244333092,0.25,
he_jitter_lunit_bt,erm,True,0.14351075313859674,0.14239507120625203,0.02027635630383359,0.004154604254293756,0.033559049531219826,0.030934445004250518,0.6689303552855226,10,0.0,none,0.02,0.14273069148787057,0.14273069148787057,0.0,402
he_jitter_lunit_bt,erm,True,0.14351075313859674,0.14239507120625203,0.02027635630383359,0.004154604254293756,0.033559049531219826,0.030934445004250518,0.6689303552855226,10,0.0,none,0.05,0.14273069148787057,0.14273069148787057,0.0,66
he_jitter_lunit_bt,erm,True,0.14351075313859674,0.14239507120625203,0.02027635630383359,0.004154604254293756,0.033559049531219826,0.030934445004250518,0.6689303552855226,10,0.0,none,0.1,0.14273069148787057,0.14273069148787057,0.0,19
he_jitter_lunit_bt,erm,True,0.14351075313859674,0.14239507120625203,0.02027635630383359,0.004154604254293756,0.033559049531219826,0.030934445004250518,0.6689303552855226,10,0.0,none,0.2,0.14273069148787057,0.14273069148787057,0.0,7
he_jitter_lunit_bt,erm,True,0.14351075313859674,0.14239507120625203,0.02027635630383359,0.004154604254293756,0.033559049531219826,0.030934445004250518,0.6689303552855226,10,0.25,ratio,0.02,0.15258552746426957,0.14273069148787057,0.125,688
he_jitter_lunit_bt,erm,True,0.14351075313859674,0.14239507120625203,0.02027635630383359,0.004154604254293756,0.033559049531219826,0.030934445004250518,0.6689303552855226,10,0.25,ratio,0.05,0.15258552746426957,0.14273069148787057,0.125,112
he_jitter_lunit_bt,erm,True,0.14351075313859674,0.14239507120625203,0.02027635630383359,0.004154604254293756,0.033559049531219826,0.030934445004250518,0.6689303552855226,10,0.25,ratio,0.1,0.15258552746426957,0.14273069148787057,0.125,30
he_jitter_lunit_bt,erm,True,0.14351075313859674,0.14239507120625203,0.02027635630383359,0.004154604254293756,0.033559049531219826,0.030934445004250518,0.6689303552855226,10,0.25,ratio,0.2,0.15258552746426957,0.14273069148787057,0.125,9
he_jitter_lunit_bt,erm,True,0.14351075313859674,0.14239507120625203,0.02027635630383359,0.004154604254293756,0.033559049531219826,0.030934445004250518,0.6689303552855226,10,0.25,design,0.02,0.15258552746426957,0.14273069148787057,0.125,
he_jitter_lunit_bt,erm,True,0.14351075313859674,0.14239507120625203,0.02027635630383359,0.004154604254293756,0.033559049531219826,0.030934445004250518,0.6689303552855226,10,0.25,design,0.05,0.15258552746426957,0.14273069148787057,0.125,
he_jitter_lunit_bt,erm,True,0.14351075313859674,0.14239507120625203,0.02027635630383359,0.004154604254293756,0.033559049531219826,0.030934445004250518,0.6689303552855226,10,0.25,design,0.1,0.15258552746426957,0.14273069148787057,0.125,
he_jitter_lunit_bt,erm,True,0.14351075313859674,0.14239507120625203,0.02027635630383359,0.004154604254293756,0.033559049531219826,0.030934445004250518,0.6689303552855226,10,0.25,design,0.2,0.15258552746426957,0.14273069148787057,0.125,
he_jitter_lunit_bt,erm,True,0.14351075313859674,0.14239507120625203,0.02027635630383359,0.004154604254293756,0.033559049531219826,0.030934445004250518,0.6689303552855226,10,0.5,ratio,0.02,0.164811206304287,0.14273069148787057,0.25,
he_jitter_lunit_bt,erm,True,0.14351075313859674,0.14239507120625203,0.02027635630383359,0.004154604254293756,0.033559049531219826,0.030934445004250518,0.6689303552855226,10,0.5,ratio,0.05,0.164811206304287,0.14273069148787057,0.25,173
he_jitter_lunit_bt,erm,True,0.14351075313859674,0.14239507120625203,0.02027635630383359,0.004154604254293756,0.033559049531219826,0.030934445004250518,0.6689303552855226,10,0.5,ratio,0.1,0.164811206304287,0.14273069148787057,0.25,45
he_jitter_lunit_bt,erm,True,0.14351075313859674,0.14239507120625203,0.02027635630383359,0.004154604254293756,0.033559049531219826,0.030934445004250518,0.6689303552855226,10,0.5,ratio,0.2,0.164811206304287,0.14273069148787057,0.25,13
he_jitter_lunit_bt,erm,True,0.14351075313859674,0.14239507120625203,0.02027635630383359,0.004154604254293756,0.033559049531219826,0.030934445004250518,0.6689303552855226,10,0.5,design,0.02,0.164811206304287,0.14273069148787057,0.25,
he_jitter_lunit_bt,erm,True,0.14351075313859674,0.14239507120625203,0.02027635630383359,0.004154604254293756,0.033559049531219826,0.030934445004250518,0.6689303552855226,10,0.5,design,0.05,0.164811206304287,0.14273069148787057,0.25,
he_jitter_lunit_bt,erm,True,0.14351075313859674,0.14239507120625203,0.02027635630383359,0.004154604254293756,0.033559049531219826,0.030934445004250518,0.6689303552855226,10,0.5,design,0.1,0.164811206304287,0.14273069148787057,0.25,
he_jitter_lunit_bt,erm,True,0.14351075313859674,0.14239507120625203,0.02027635630383359,0.004154604254293756,0.033559049531219826,0.030934445004250518,0.6689303552855226,10,0.5,design,0.2,0.164811206304287,0.14273069148787057,0.25,
he_jitter_lunit_dino,erm,True,0.12705056359972056,0.12504310897179616,0.015635779101332486,0.007823416638327746,0.033559049531219826,0.03896408383399336,-0.6299536812126024,1,0.0,none,0.02,0.13097319928273474,0.13097319928273474,0.0,339
he_jitter_lunit_dino,erm,True,0.12705056359972056,0.12504310897179616,0.015635779101332486,0.007823416638327746,0.033559049531219826,0.03896408383399336,-0.6299536812126024,1,0.0,none,0.05,0.13097319928273474,0.13097319928273474,0.0,56
he_jitter_lunit_dino,erm,True,0.12705056359972056,0.12504310897179616,0.015635779101332486,0.007823416638327746,0.033559049531219826,0.03896408383399336,-0.6299536812126024,1,0.0,none,0.1,0.13097319928273474,0.13097319928273474,0.0,16
he_jitter_lunit_dino,erm,True,0.12705056359972056,0.12504310897179616,0.015635779101332486,0.007823416638327746,0.033559049531219826,0.03896408383399336,-0.6299536812126024,1,0.0,none,0.2,0.13097319928273474,0.13097319928273474,0.0,6
he_jitter_lunit_dino,erm,True,0.12705056359972056,0.12504310897179616,0.015635779101332486,0.007823416638327746,0.033559049531219826,0.03896408383399336,-0.6299536812126024,1,0.25,ratio,0.02,0.14001623959018855,0.13097319928273474,0.125,579
he_jitter_lunit_dino,erm,True,0.12705056359972056,0.12504310897179616,0.015635779101332486,0.007823416638327746,0.033559049531219826,0.03896408383399336,-0.6299536812126024,1,0.25,ratio,0.05,0.14001623959018855,0.13097319928273474,0.125,95
he_jitter_lunit_dino,erm,True,0.12705056359972056,0.12504310897179616,0.015635779101332486,0.007823416638327746,0.033559049531219826,0.03896408383399336,-0.6299536812126024,1,0.25,ratio,0.1,0.14001623959018855,0.13097319928273474,0.125,26
he_jitter_lunit_dino,erm,True,0.12705056359972056,0.12504310897179616,0.015635779101332486,0.007823416638327746,0.033559049531219826,0.03896408383399336,-0.6299536812126024,1,0.25,ratio,0.2,0.14001623959018855,0.13097319928273474,0.125,8
he_jitter_lunit_dino,erm,True,0.12705056359972056,0.12504310897179616,0.015635779101332486,0.007823416638327746,0.033559049531219826,0.03896408383399336,-0.6299536812126024,1,0.25,design,0.02,0.14001623959018855,0.13097319928273474,0.125,
he_jitter_lunit_dino,erm,True,0.12705056359972056,0.12504310897179616,0.015635779101332486,0.007823416638327746,0.033559049531219826,0.03896408383399336,-0.6299536812126024,1,0.25,design,0.05,0.14001623959018855,0.13097319928273474,0.125,
he_jitter_lunit_dino,erm,True,0.12705056359972056,0.12504310897179616,0.015635779101332486,0.007823416638327746,0.033559049531219826,0.03896408383399336,-0.6299536812126024,1,0.25,design,0.1,0.14001623959018855,0.13097319928273474,0.125,
he_jitter_lunit_dino,erm,True,0.12705056359972056,0.12504310897179616,0.015635779101332486,0.007823416638327746,0.033559049531219826,0.03896408383399336,-0.6299536812126024,1,0.25,design,0.2,0.14001623959018855,0.13097319928273474,0.125,76
he_jitter_lunit_dino,erm,True,0.12705056359972056,0.12504310897179616,0.015635779101332486,0.007823416638327746,0.033559049531219826,0.03896408383399336,-0.6299536812126024,1,0.5,ratio,0.02,0.1512348237250268,0.13097319928273474,0.25,900
he_jitter_lunit_dino,erm,True,0.12705056359972056,0.12504310897179616,0.015635779101332486,0.007823416638327746,0.033559049531219826,0.03896408383399336,-0.6299536812126024,1,0.5,ratio,0.05,0.1512348237250268,0.13097319928273474,0.25,146
he_jitter_lunit_dino,erm,True,0.12705056359972056,0.12504310897179616,0.015635779101332486,0.007823416638327746,0.033559049531219826,0.03896408383399336,-0.6299536812126024,1,0.5,ratio,0.1,0.1512348237250268,0.13097319928273474,0.25,38
he_jitter_lunit_dino,erm,True,0.12705056359972056,0.12504310897179616,0.015635779101332486,0.007823416638327746,0.033559049531219826,0.03896408383399336,-0.6299536812126024,1,0.5,ratio,0.2,0.1512348237250268,0.13097319928273474,0.25,12
he_jitter_lunit_dino,erm,True,0.12705056359972056,0.12504310897179616,0.015635779101332486,0.007823416638327746,0.033559049531219826,0.03896408383399336,-0.6299536812126024,1,0.5,design,0.02,0.1512348237250268,0.13097319928273474,0.25,
he_jitter_lunit_dino,erm,True,0.12705056359972056,0.12504310897179616,0.015635779101332486,0.007823416638327746,0.033559049531219826,0.03896408383399336,-0.6299536812126024,1,0.5,design,0.05,0.1512348237250268,0.13097319928273474,0.25,
he_jitter_lunit_dino,erm,True,0.12705056359972056,0.12504310897179616,0.015635779101332486,0.007823416638327746,0.033559049531219826,0.03896408383399336,-0.6299536812126024,1,0.5,design,0.1,0.1512348237250268,0.13097319928273474,0.25,
he_jitter_lunit_dino,erm,True,0.12705056359972056,0.12504310897179616,0.015635779101332486,0.007823416638327746,0.033559049531219826,0.03896408383399336,-0.6299536812126024,1,0.5,design,0.2,0.1512348237250268,0.13097319928273474,0.25,
he_jitter_lunit_dino,erm,True,0.12705056359972056,0.12504310897179616,0.015635779101332486,0.007823416638327746,0.033559049531219826,0.03896408383399336,-0.6299536812126024,3,0.0,none,0.02,0.12705056359972056,0.12705056359972056,0.0,319
he_jitter_lunit_dino,erm,True,0.12705056359972056,0.12504310897179616,0.015635779101332486,0.007823416638327746,0.033559049531219826,0.03896408383399336,-0.6299536812126024,3,0.0,none,0.05,0.12705056359972056,0.12705056359972056,0.0,53
he_jitter_lunit_dino,erm,True,0.12705056359972056,0.12504310897179616,0.015635779101332486,0.007823416638327746,0.033559049531219826,0.03896408383399336,-0.6299536812126024,3,0.0,none,0.1,0.12705056359972056,0.12705056359972056,0.0,15
he_jitter_lunit_dino,erm,True,0.12705056359972056,0.12504310897179616,0.015635779101332486,0.007823416638327746,0.033559049531219826,0.03896408383399336,-0.6299536812126024,3,0.0,none,0.2,0.12705056359972056,0.12705056359972056,0.0,6
he_jitter_lunit_dino,erm,True,0.12705056359972056,0.12504310897179616,0.015635779101332486,0.007823416638327746,0.033559049531219826,0.03896408383399336,-0.6299536812126024,3,0.25,ratio,0.02,0.13582276565333912,0.12705056359972056,0.125,545
he_jitter_lunit_dino,erm,True,0.12705056359972056,0.12504310897179616,0.015635779101332486,0.007823416638327746,0.033559049531219826,0.03896408383399336,-0.6299536812126024,3,0.25,ratio,0.05,0.13582276565333912,0.12705056359972056,0.125,89
he_jitter_lunit_dino,erm,True,0.12705056359972056,0.12504310897179616,0.015635779101332486,0.007823416638327746,0.033559049531219826,0.03896408383399336,-0.6299536812126024,3,0.25,ratio,0.1,0.13582276565333912,0.12705056359972056,0.125,24
he_jitter_lunit_dino,erm,True,0.12705056359972056,0.12504310897179616,0.015635779101332486,0.007823416638327746,0.033559049531219826,0.03896408383399336,-0.6299536812126024,3,0.25,ratio,0.2,0.13582276565333912,0.12705056359972056,0.125,8
he_jitter_lunit_dino,erm,True,0.12705056359972056,0.12504310897179616,0.015635779101332486,0.007823416638327746,0.033559049531219826,0.03896408383399336,-0.6299536812126024,3,0.25,design,0.02,0.13582276565333912,0.12705056359972056,0.125,
he_jitter_lunit_dino,erm,True,0.12705056359972056,0.12504310897179616,0.015635779101332486,0.007823416638327746,0.033559049531219826,0.03896408383399336,-0.6299536812126024,3,0.25,design,0.05,0.13582276565333912,0.12705056359972056,0.125,
he_jitter_lunit_dino,erm,True,0.12705056359972056,0.12504310897179616,0.015635779101332486,0.007823416638327746,0.033559049531219826,0.03896408383399336,-0.6299536812126024,3,0.25,design,0.1,0.13582276565333912,0.12705056359972056,0.125,
he_jitter_lunit_dino,erm,True,0.12705056359972056,0.12504310897179616,0.015635779101332486,0.007823416638327746,0.033559049531219826,0.03896408383399336,-0.6299536812126024,3,0.25,design,0.2,0.13582276565333912,0.12705056359972056,0.125,31
he_jitter_lunit_dino,erm,True,0.12705056359972056,0.12504310897179616,0.015635779101332486,0.007823416638327746,0.033559049531219826,0.03896408383399336,-0.6299536812126024,3,0.5,ratio,0.02,0.14670535418998468,0.12705056359972056,0.25,847
he_jitter_lunit_dino,erm,True,0.12705056359972056,0.12504310897179616,0.015635779101332486,0.007823416638327746,0.033559049531219826,0.03896408383399336,-0.6299536812126024,3,0.5,ratio,0.05,0.14670535418998468,0.12705056359972056,0.25,138
he_jitter_lunit_dino,erm,True,0.12705056359972056,0.12504310897179616,0.015635779101332486,0.007823416638327746,0.033559049531219826,0.03896408383399336,-0.6299536812126024,3,0.5,ratio,0.1,0.14670535418998468,0.12705056359972056,0.25,36
he_jitter_lunit_dino,erm,True,0.12705056359972056,0.12504310897179616,0.015635779101332486,0.007823416638327746,0.033559049531219826,0.03896408383399336,-0.6299536812126024,3,0.5,ratio,0.2,0.14670535418998468,0.12705056359972056,0.25,11
he_jitter_lunit_dino,erm,True,0.12705056359972056,0.12504310897179616,0.015635779101332486,0.007823416638327746,0.033559049531219826,0.03896408383399336,-0.6299536812126024,3,0.5,design,0.02,0.14670535418998468,0.12705056359972056,0.25,
he_jitter_lunit_dino,erm,True,0.12705056359972056,0.12504310897179616,0.015635779101332486,0.007823416638327746,0.033559049531219826,0.03896408383399336,-0.6299536812126024,3,0.5,design,0.05,0.14670535418998468,0.12705056359972056,0.25,
he_jitter_lunit_dino,erm,True,0.12705056359972056,0.12504310897179616,0.015635779101332486,0.007823416638327746,0.033559049531219826,0.03896408383399336,-0.6299536812126024,3,0.5,design,0.1,0.14670535418998468,0.12705056359972056,0.25,
he_jitter_lunit_dino,erm,True,0.12705056359972056,0.12504310897179616,0.015635779101332486,0.007823416638327746,0.033559049531219826,0.03896408383399336,-0.6299536812126024,3,0.5,design,0.2,0.14670535418998468,0.12705056359972056,0.25,
he_jitter_lunit_dino,erm,True,0.12705056359972056,0.12504310897179616,0.015635779101332486,0.007823416638327746,0.033559049531219826,0.03896408383399336,-0.6299536812126024,5,0.0,none,0.02,0.12625141213917956,0.12625141213917956,0.0,315
he_jitter_lunit_dino,erm,True,0.12705056359972056,0.12504310897179616,0.015635779101332486,0.007823416638327746,0.033559049531219826,0.03896408383399336,-0.6299536812126024,5,0.0,none,0.05,0.12625141213917956,0.12625141213917956,0.0,52
he_jitter_lunit_dino,erm,True,0.12705056359972056,0.12504310897179616,0.015635779101332486,0.007823416638327746,0.033559049531219826,0.03896408383399336,-0.6299536812126024,5,0.0,none,0.1,0.12625141213917956,0.12625141213917956,0.0,15
he_jitter_lunit_dino,erm,True,0.12705056359972056,0.12504310897179616,0.015635779101332486,0.007823416638327746,0.033559049531219826,0.03896408383399336,-0.6299536812126024,5,0.0,none,0.2,0.12625141213917956,0.12625141213917956,0.0,6
he_jitter_lunit_dino,erm,True,0.12705056359972056,0.12504310897179616,0.015635779101332486,0.007823416638327746,0.033559049531219826,0.03896408383399336,-0.6299536812126024,5,0.25,ratio,0.02,0.13496843680605786,0.12625141213917956,0.125,539
he_jitter_lunit_dino,erm,True,0.12705056359972056,0.12504310897179616,0.015635779101332486,0.007823416638327746,0.033559049531219826,0.03896408383399336,-0.6299536812126024,5,0.25,ratio,0.05,0.13496843680605786,0.12625141213917956,0.125,88
he_jitter_lunit_dino,erm,True,0.12705056359972056,0.12504310897179616,0.015635779101332486,0.007823416638327746,0.033559049531219826,0.03896408383399336,-0.6299536812126024,5,0.25,ratio,0.1,0.13496843680605786,0.12625141213917956,0.125,24
he_jitter_lunit_dino,erm,True,0.12705056359972056,0.12504310897179616,0.015635779101332486,0.007823416638327746,0.033559049531219826,0.03896408383399336,-0.6299536812126024,5,0.25,ratio,0.2,0.13496843680605786,0.12625141213917956,0.125,8
he_jitter_lunit_dino,erm,True,0.12705056359972056,0.12504310897179616,0.015635779101332486,0.007823416638327746,0.033559049531219826,0.03896408383399336,-0.6299536812126024,5,0.25,design,0.02,0.13496843680605786,0.12625141213917956,0.125,
he_jitter_lunit_dino,erm,True,0.12705056359972056,0.12504310897179616,0.015635779101332486,0.007823416638327746,0.033559049531219826,0.03896408383399336,-0.6299536812126024,5,0.25,design,0.05,0.13496843680605786,0.12625141213917956,0.125,
he_jitter_lunit_dino,erm,True,0.12705056359972056,0.12504310897179616,0.015635779101332486,0.007823416638327746,0.033559049531219826,0.03896408383399336,-0.6299536812126024,5,0.25,design,0.1,0.13496843680605786,0.12625141213917956,0.125,
he_jitter_lunit_dino,erm,True,0.12705056359972056,0.12504310897179616,0.015635779101332486,0.007823416638327746,0.033559049531219826,0.03896408383399336,-0.6299536812126024,5,0.25,design,0.2,0.13496843680605786,0.12625141213917956,0.125,28
he_jitter_lunit_dino,erm,True,0.12705056359972056,0.12504310897179616,0.015635779101332486,0.007823416638327746,0.033559049531219826,0.03896408383399336,-0.6299536812126024,5,0.5,ratio,0.02,0.14578257356825142,0.12625141213917956,0.25,836
he_jitter_lunit_dino,erm,True,0.12705056359972056,0.12504310897179616,0.015635779101332486,0.007823416638327746,0.033559049531219826,0.03896408383399336,-0.6299536812126024,5,0.5,ratio,0.05,0.14578257356825142,0.12625141213917956,0.25,136
he_jitter_lunit_dino,erm,True,0.12705056359972056,0.12504310897179616,0.015635779101332486,0.007823416638327746,0.033559049531219826,0.03896408383399336,-0.6299536812126024,5,0.5,ratio,0.1,0.14578257356825142,0.12625141213917956,0.25,36
he_jitter_lunit_dino,erm,True,0.12705056359972056,0.12504310897179616,0.015635779101332486,0.007823416638327746,0.033559049531219826,0.03896408383399336,-0.6299536812126024,5,0.5,ratio,0.2,0.14578257356825142,0.12625141213917956,0.25,11
he_jitter_lunit_dino,erm,True,0.12705056359972056,0.12504310897179616,0.015635779101332486,0.007823416638327746,0.033559049531219826,0.03896408383399336,-0.6299536812126024,5,0.5,design,0.02,0.14578257356825142,0.12625141213917956,0.25,
he_jitter_lunit_dino,erm,True,0.12705056359972056,0.12504310897179616,0.015635779101332486,0.007823416638327746,0.033559049531219826,0.03896408383399336,-0.6299536812126024,5,0.5,design,0.05,0.14578257356825142,0.12625141213917956,0.25,
he_jitter_lunit_dino,erm,True,0.12705056359972056,0.12504310897179616,0.015635779101332486,0.007823416638327746,0.033559049531219826,0.03896408383399336,-0.6299536812126024,5,0.5,design,0.1,0.14578257356825142,0.12625141213917956,0.25,
he_jitter_lunit_dino,erm,True,0.12705056359972056,0.12504310897179616,0.015635779101332486,0.007823416638327746,0.033559049531219826,0.03896408383399336,-0.6299536812126024,5,0.5,design,0.2,0.14578257356825142,0.12625141213917956,0.25,
he_jitter_lunit_dino,erm,True,0.12705056359972056,0.12504310897179616,0.015635779101332486,0.007823416638327746,0.033559049531219826,0.03896408383399336,-0.6299536812126024,10,0.0,none,0.02,0.1256487130225962,0.1256487130225962,0.0,312
he_jitter_lunit_dino,erm,True,0.12705056359972056,0.12504310897179616,0.015635779101332486,0.007823416638327746,0.033559049531219826,0.03896408383399336,-0.6299536812126024,10,0.0,none,0.05,0.1256487130225962,0.1256487130225962,0.0,52
he_jitter_lunit_dino,erm,True,0.12705056359972056,0.12504310897179616,0.015635779101332486,0.007823416638327746,0.033559049531219826,0.03896408383399336,-0.6299536812126024,10,0.0,none,0.1,0.1256487130225962,0.1256487130225962,0.0,15
he_jitter_lunit_dino,erm,True,0.12705056359972056,0.12504310897179616,0.015635779101332486,0.007823416638327746,0.033559049531219826,0.03896408383399336,-0.6299536812126024,10,0.0,none,0.2,0.1256487130225962,0.1256487130225962,0.0,6
he_jitter_lunit_dino,erm,True,0.12705056359972056,0.12504310897179616,0.015635779101332486,0.007823416638327746,0.033559049531219826,0.03896408383399336,-0.6299536812126024,10,0.25,ratio,0.02,0.1343241243484675,0.1256487130225962,0.125,533
he_jitter_lunit_dino,erm,True,0.12705056359972056,0.12504310897179616,0.015635779101332486,0.007823416638327746,0.033559049531219826,0.03896408383399336,-0.6299536812126024,10,0.25,ratio,0.05,0.1343241243484675,0.1256487130225962,0.125,87
he_jitter_lunit_dino,erm,True,0.12705056359972056,0.12504310897179616,0.015635779101332486,0.007823416638327746,0.033559049531219826,0.03896408383399336,-0.6299536812126024,10,0.25,ratio,0.1,0.1343241243484675,0.1256487130225962,0.125,24
he_jitter_lunit_dino,erm,True,0.12705056359972056,0.12504310897179616,0.015635779101332486,0.007823416638327746,0.033559049531219826,0.03896408383399336,-0.6299536812126024,10,0.25,ratio,0.2,0.1343241243484675,0.1256487130225962,0.125,8
he_jitter_lunit_dino,erm,True,0.12705056359972056,0.12504310897179616,0.015635779101332486,0.007823416638327746,0.033559049531219826,0.03896408383399336,-0.6299536812126024,10,0.25,design,0.02,0.1343241243484675,0.1256487130225962,0.125,
he_jitter_lunit_dino,erm,True,0.12705056359972056,0.12504310897179616,0.015635779101332486,0.007823416638327746,0.033559049531219826,0.03896408383399336,-0.6299536812126024,10,0.25,design,0.05,0.1343241243484675,0.1256487130225962,0.125,
he_jitter_lunit_dino,erm,True,0.12705056359972056,0.12504310897179616,0.015635779101332486,0.007823416638327746,0.033559049531219826,0.03896408383399336,-0.6299536812126024,10,0.25,design,0.1,0.1343241243484675,0.1256487130225962,0.125,
he_jitter_lunit_dino,erm,True,0.12705056359972056,0.12504310897179616,0.015635779101332486,0.007823416638327746,0.033559049531219826,0.03896408383399336,-0.6299536812126024,10,0.25,design,0.2,0.1343241243484675,0.1256487130225962,0.125,26
he_jitter_lunit_dino,erm,True,0.12705056359972056,0.12504310897179616,0.015635779101332486,0.007823416638327746,0.033559049531219826,0.03896408383399336,-0.6299536812126024,10,0.5,ratio,0.02,0.1450866365738519,0.1256487130225962,0.25,829
he_jitter_lunit_dino,erm,True,0.12705056359972056,0.12504310897179616,0.015635779101332486,0.007823416638327746,0.033559049531219826,0.03896408383399336,-0.6299536812126024,10,0.5,ratio,0.05,0.1450866365738519,0.1256487130225962,0.25,135
he_jitter_lunit_dino,erm,True,0.12705056359972056,0.12504310897179616,0.015635779101332486,0.007823416638327746,0.033559049531219826,0.03896408383399336,-0.6299536812126024,10,0.5,ratio,0.1,0.1450866365738519,0.1256487130225962,0.25,36
he_jitter_lunit_dino,erm,True,0.12705056359972056,0.12504310897179616,0.015635779101332486,0.007823416638327746,0.033559049531219826,0.03896408383399336,-0.6299536812126024,10,0.5,ratio,0.2,0.1450866365738519,0.1256487130225962,0.25,11
he_jitter_lunit_dino,erm,True,0.12705056359972056,0.12504310897179616,0.015635779101332486,0.007823416638327746,0.033559049531219826,0.03896408383399336,-0.6299536812126024,10,0.5,design,0.02,0.1450866365738519,0.1256487130225962,0.25,
he_jitter_lunit_dino,erm,True,0.12705056359972056,0.12504310897179616,0.015635779101332486,0.007823416638327746,0.033559049531219826,0.03896408383399336,-0.6299536812126024,10,0.5,design,0.05,0.1450866365738519,0.1256487130225962,0.25,
he_jitter_lunit_dino,erm,True,0.12705056359972056,0.12504310897179616,0.015635779101332486,0.007823416638327746,0.033559049531219826,0.03896408383399336,-0.6299536812126024,10,0.5,design,0.1,0.1450866365738519,0.1256487130225962,0.25,
he_jitter_lunit_dino,erm,True,0.12705056359972056,0.12504310897179616,0.015635779101332486,0.007823416638327746,0.033559049531219826,0.03896408383399336,-0.6299536812126024,10,0.5,design,0.2,0.1450866365738519,0.1256487130225962,0.25,
irm,erm,True,0.03701254527989893,0.015287261536006336,0.0002337003652702588,0.04999904148536904,0.033559049531219826,0.05838393981634786,0.06479137452354408,1,0.0,none,0.02,0.06035217306567501,0.06035217306567501,0.0,74
irm,erm,True,0.03701254527989893,0.015287261536006336,0.0002337003652702588,0.04999904148536904,0.033559049531219826,0.05838393981634786,0.06479137452354408,1,0.0,none,0.05,0.06035217306567501,0.06035217306567501,0.0,14
irm,erm,True,0.03701254527989893,0.015287261536006336,0.0002337003652702588,0.04999904148536904,0.033559049531219826,0.05838393981634786,0.06479137452354408,1,0.0,none,0.1,0.06035217306567501,0.06035217306567501,0.0,6
irm,erm,True,0.03701254527989893,0.015287261536006336,0.0002337003652702588,0.04999904148536904,0.033559049531219826,0.05838393981634786,0.06479137452354408,1,0.0,none,0.2,0.06035217306567501,0.06035217306567501,0.0,3
irm,erm,True,0.03701254527989893,0.015287261536006336,0.0002337003652702588,0.04999904148536904,0.033559049531219826,0.05838393981634786,0.06479137452354408,1,0.25,ratio,0.02,0.06451918690258349,0.06035217306567501,0.125,125
irm,erm,True,0.03701254527989893,0.015287261536006336,0.0002337003652702588,0.04999904148536904,0.033559049531219826,0.05838393981634786,0.06479137452354408,1,0.25,ratio,0.05,0.06451918690258349,0.06035217306567501,0.125,22
irm,erm,True,0.03701254527989893,0.015287261536006336,0.0002337003652702588,0.04999904148536904,0.033559049531219826,0.05838393981634786,0.06479137452354408,1,0.25,ratio,0.1,0.06451918690258349,0.06035217306567501,0.125,8
irm,erm,True,0.03701254527989893,0.015287261536006336,0.0002337003652702588,0.04999904148536904,0.033559049531219826,0.05838393981634786,0.06479137452354408,1,0.25,ratio,0.2,0.06451918690258349,0.06035217306567501,0.125,4
irm,erm,True,0.03701254527989893,0.015287261536006336,0.0002337003652702588,0.04999904148536904,0.033559049531219826,0.05838393981634786,0.06479137452354408,1,0.25,design,0.02,0.06451918690258349,0.06035217306567501,0.125,
irm,erm,True,0.03701254527989893,0.015287261536006336,0.0002337003652702588,0.04999904148536904,0.033559049531219826,0.05838393981634786,0.06479137452354408,1,0.25,design,0.05,0.06451918690258349,0.06035217306567501,0.125,
irm,erm,True,0.03701254527989893,0.015287261536006336,0.0002337003652702588,0.04999904148536904,0.033559049531219826,0.05838393981634786,0.06479137452354408,1,0.25,design,0.1,0.06451918690258349,0.06035217306567501,0.125,16
irm,erm,True,0.03701254527989893,0.015287261536006336,0.0002337003652702588,0.04999904148536904,0.033559049531219826,0.05838393981634786,0.06479137452354408,1,0.25,design,0.2,0.06451918690258349,0.06035217306567501,0.125,4
irm,erm,True,0.03701254527989893,0.015287261536006336,0.0002337003652702588,0.04999904148536904,0.033559049531219826,0.05838393981634786,0.06479137452354408,1,0.5,ratio,0.02,0.0696886867312927,0.06035217306567501,0.25,193
irm,erm,True,0.03701254527989893,0.015287261536006336,0.0002337003652702588,0.04999904148536904,0.033559049531219826,0.05838393981634786,0.06479137452354408,1,0.5,ratio,0.05,0.0696886867312927,0.06035217306567501,0.25,33
irm,erm,True,0.03701254527989893,0.015287261536006336,0.0002337003652702588,0.04999904148536904,0.033559049531219826,0.05838393981634786,0.06479137452354408,1,0.5,ratio,0.1,0.0696886867312927,0.06035217306567501,0.25,10
irm,erm,True,0.03701254527989893,0.015287261536006336,0.0002337003652702588,0.04999904148536904,0.033559049531219826,0.05838393981634786,0.06479137452354408,1,0.5,ratio,0.2,0.0696886867312927,0.06035217306567501,0.25,5
irm,erm,True,0.03701254527989893,0.015287261536006336,0.0002337003652702588,0.04999904148536904,0.033559049531219826,0.05838393981634786,0.06479137452354408,1,0.5,design,0.02,0.0696886867312927,0.06035217306567501,0.25,
irm,erm,True,0.03701254527989893,0.015287261536006336,0.0002337003652702588,0.04999904148536904,0.033559049531219826,0.05838393981634786,0.06479137452354408,1,0.5,design,0.05,0.0696886867312927,0.06035217306567501,0.25,
irm,erm,True,0.03701254527989893,0.015287261536006336,0.0002337003652702588,0.04999904148536904,0.033559049531219826,0.05838393981634786,0.06479137452354408,1,0.5,design,0.1,0.0696886867312927,0.06035217306567501,0.25,
irm,erm,True,0.03701254527989893,0.015287261536006336,0.0002337003652702588,0.04999904148536904,0.033559049531219826,0.05838393981634786,0.06479137452354408,1,0.5,design,0.2,0.0696886867312927,0.06035217306567501,0.25,4
irm,erm,True,0.03701254527989893,0.015287261536006336,0.0002337003652702588,0.04999904148536904,0.033559049531219826,0.05838393981634786,0.06479137452354408,3,0.0,none,0.02,0.03701254527989893,0.03701254527989893,0.0,29
irm,erm,True,0.03701254527989893,0.015287261536006336,0.0002337003652702588,0.04999904148536904,0.033559049531219826,0.05838393981634786,0.06479137452354408,3,0.0,none,0.05,0.03701254527989893,0.03701254527989893,0.0,7
irm,erm,True,0.03701254527989893,0.015287261536006336,0.0002337003652702588,0.04999904148536904,0.033559049531219826,0.05838393981634786,0.06479137452354408,3,0.0,none,0.1,0.03701254527989893,0.03701254527989893,0.0,4
irm,erm,True,0.03701254527989893,0.015287261536006336,0.0002337003652702588,0.04999904148536904,0.033559049531219826,0.05838393981634786,0.06479137452354408,3,0.0,none,0.2,0.03701254527989893,0.03701254527989893,0.0,3
irm,erm,True,0.03701254527989893,0.015287261536006336,0.0002337003652702588,0.04999904148536904,0.033559049531219826,0.05838393981634786,0.06479137452354408,3,0.25,ratio,0.02,0.03956807527138252,0.03701254527989893,0.125,49
irm,erm,True,0.03701254527989893,0.015287261536006336,0.0002337003652702588,0.04999904148536904,0.033559049531219826,0.05838393981634786,0.06479137452354408,3,0.25,ratio,0.05,0.03956807527138252,0.03701254527989893,0.125,10
irm,erm,True,0.03701254527989893,0.015287261536006336,0.0002337003652702588,0.04999904148536904,0.033559049531219826,0.05838393981634786,0.06479137452354408,3,0.25,ratio,0.1,0.03956807527138252,0.03701254527989893,0.125,5
irm,erm,True,0.03701254527989893,0.015287261536006336,0.0002337003652702588,0.04999904148536904,0.033559049531219826,0.05838393981634786,0.06479137452354408,3,0.25,ratio,0.2,0.03956807527138252,0.03701254527989893,0.125,3
irm,erm,True,0.03701254527989893,0.015287261536006336,0.0002337003652702588,0.04999904148536904,0.033559049531219826,0.05838393981634786,0.06479137452354408,3,0.25,design,0.02,0.03956807527138252,0.03701254527989893,0.125,
irm,erm,True,0.03701254527989893,0.015287261536006336,0.0002337003652702588,0.04999904148536904,0.033559049531219826,0.05838393981634786,0.06479137452354408,3,0.25,design,0.05,0.03956807527138252,0.03701254527989893,0.125,
irm,erm,True,0.03701254527989893,0.015287261536006336,0.0002337003652702588,0.04999904148536904,0.033559049531219826,0.05838393981634786,0.06479137452354408,3,0.25,design,0.1,0.03956807527138252,0.03701254527989893,0.125,4
irm,erm,True,0.03701254527989893,0.015287261536006336,0.0002337003652702588,0.04999904148536904,0.033559049531219826,0.05838393981634786,0.06479137452354408,3,0.25,design,0.2,0.03956807527138252,0.03701254527989893,0.125,3
irm,erm,True,0.03701254527989893,0.015287261536006336,0.0002337003652702588,0.04999904148536904,0.033559049531219826,0.05838393981634786,0.06479137452354408,3,0.5,ratio,0.02,0.042738405961485725,0.03701254527989893,0.25,74
irm,erm,True,0.03701254527989893,0.015287261536006336,0.0002337003652702588,0.04999904148536904,0.033559049531219826,0.05838393981634786,0.06479137452354408,3,0.5,ratio,0.05,0.042738405961485725,0.03701254527989893,0.25,14
irm,erm,True,0.03701254527989893,0.015287261536006336,0.0002337003652702588,0.04999904148536904,0.033559049531219826,0.05838393981634786,0.06479137452354408,3,0.5,ratio,0.1,0.042738405961485725,0.03701254527989893,0.25,6
irm,erm,True,0.03701254527989893,0.015287261536006336,0.0002337003652702588,0.04999904148536904,0.033559049531219826,0.05838393981634786,0.06479137452354408,3,0.5,ratio,0.2,0.042738405961485725,0.03701254527989893,0.25,3
irm,erm,True,0.03701254527989893,0.015287261536006336,0.0002337003652702588,0.04999904148536904,0.033559049531219826,0.05838393981634786,0.06479137452354408,3,0.5,design,0.02,0.042738405961485725,0.03701254527989893,0.25,
irm,erm,True,0.03701254527989893,0.015287261536006336,0.0002337003652702588,0.04999904148536904,0.033559049531219826,0.05838393981634786,0.06479137452354408,3,0.5,design,0.05,0.042738405961485725,0.03701254527989893,0.25,
irm,erm,True,0.03701254527989893,0.015287261536006336,0.0002337003652702588,0.04999904148536904,0.033559049531219826,0.05838393981634786,0.06479137452354408,3,0.5,design,0.1,0.042738405961485725,0.03701254527989893,0.25,6
irm,erm,True,0.03701254527989893,0.015287261536006336,0.0002337003652702588,0.04999904148536904,0.033559049531219826,0.05838393981634786,0.06479137452354408,3,0.5,design,0.2,0.042738405961485725,0.03701254527989893,0.25,3
irm,erm,True,0.03701254527989893,0.015287261536006336,0.0002337003652702588,0.04999904148536904,0.033559049531219826,0.05838393981634786,0.06479137452354408,5,0.0,none,0.02,0.03025619359678353,0.03025619359678353,0.0,20
irm,erm,True,0.03701254527989893,0.015287261536006336,0.0002337003652702588,0.04999904148536904,0.033559049531219826,0.05838393981634786,0.06479137452354408,5,0.0,none,0.05,0.03025619359678353,0.03025619359678353,0.0,6
irm,erm,True,0.03701254527989893,0.015287261536006336,0.0002337003652702588,0.04999904148536904,0.033559049531219826,0.05838393981634786,0.06479137452354408,5,0.0,none,0.1,0.03025619359678353,0.03025619359678353,0.0,3
irm,erm,True,0.03701254527989893,0.015287261536006336,0.0002337003652702588,0.04999904148536904,0.033559049531219826,0.05838393981634786,0.06479137452354408,5,0.0,none,0.2,0.03025619359678353,0.03025619359678353,0.0,3
irm,erm,True,0.03701254527989893,0.015287261536006336,0.0002337003652702588,0.04999904148536904,0.033559049531219826,0.05838393981634786,0.06479137452354408,5,0.25,ratio,0.02,0.032345231504876434,0.03025619359678353,0.125,33
irm,erm,True,0.03701254527989893,0.015287261536006336,0.0002337003652702588,0.04999904148536904,0.033559049531219826,0.05838393981634786,0.06479137452354408,5,0.25,ratio,0.05,0.032345231504876434,0.03025619359678353,0.125,8
irm,erm,True,0.03701254527989893,0.015287261536006336,0.0002337003652702588,0.04999904148536904,0.033559049531219826,0.05838393981634786,0.06479137452354408,5,0.25,ratio,0.1,0.032345231504876434,0.03025619359678353,0.125,4
irm,erm,True,0.03701254527989893,0.015287261536006336,0.0002337003652702588,0.04999904148536904,0.033559049531219826,0.05838393981634786,0.06479137452354408,5,0.25,ratio,0.2,0.032345231504876434,0.03025619359678353,0.125,3
irm,erm,True,0.03701254527989893,0.015287261536006336,0.0002337003652702588,0.04999904148536904,0.033559049531219826,0.05838393981634786,0.06479137452354408,5,0.25,design,0.02,0.032345231504876434,0.03025619359678353,0.125,
irm,erm,True,0.03701254527989893,0.015287261536006336,0.0002337003652702588,0.04999904148536904,0.033559049531219826,0.05838393981634786,0.06479137452354408,5,0.25,design,0.05,0.032345231504876434,0.03025619359678353,0.125,16
irm,erm,True,0.03701254527989893,0.015287261536006336,0.0002337003652702588,0.04999904148536904,0.033559049531219826,0.05838393981634786,0.06479137452354408,5,0.25,design,0.1,0.032345231504876434,0.03025619359678353,0.125,4
irm,erm,True,0.03701254527989893,0.015287261536006336,0.0002337003652702588,0.04999904148536904,0.033559049531219826,0.05838393981634786,0.06479137452354408,5,0.25,design,0.2,0.032345231504876434,0.03025619359678353,0.125,3
irm,erm,True,0.03701254527989893,0.015287261536006336,0.0002337003652702588,0.04999904148536904,0.033559049531219826,0.05838393981634786,0.06479137452354408,5,0.5,ratio,0.02,0.0349368430355128,0.03025619359678353,0.25,50
irm,erm,True,0.03701254527989893,0.015287261536006336,0.0002337003652702588,0.04999904148536904,0.033559049531219826,0.05838393981634786,0.06479137452354408,5,0.5,ratio,0.05,0.0349368430355128,0.03025619359678353,0.25,10
irm,erm,True,0.03701254527989893,0.015287261536006336,0.0002337003652702588,0.04999904148536904,0.033559049531219826,0.05838393981634786,0.06479137452354408,5,0.5,ratio,0.1,0.0349368430355128,0.03025619359678353,0.25,5
irm,erm,True,0.03701254527989893,0.015287261536006336,0.0002337003652702588,0.04999904148536904,0.033559049531219826,0.05838393981634786,0.06479137452354408,5,0.5,ratio,0.2,0.0349368430355128,0.03025619359678353,0.25,3
irm,erm,True,0.03701254527989893,0.015287261536006336,0.0002337003652702588,0.04999904148536904,0.033559049531219826,0.05838393981634786,0.06479137452354408,5,0.5,design,0.02,0.0349368430355128,0.03025619359678353,0.25,
irm,erm,True,0.03701254527989893,0.015287261536006336,0.0002337003652702588,0.04999904148536904,0.033559049531219826,0.05838393981634786,0.06479137452354408,5,0.5,design,0.05,0.0349368430355128,0.03025619359678353,0.25,
irm,erm,True,0.03701254527989893,0.015287261536006336,0.0002337003652702588,0.04999904148536904,0.033559049531219826,0.05838393981634786,0.06479137452354408,5,0.5,design,0.1,0.0349368430355128,0.03025619359678353,0.25,4
irm,erm,True,0.03701254527989893,0.015287261536006336,0.0002337003652702588,0.04999904148536904,0.033559049531219826,0.05838393981634786,0.06479137452354408,5,0.5,design,0.2,0.0349368430355128,0.03025619359678353,0.25,3
irm,erm,True,0.03701254527989893,0.015287261536006336,0.0002337003652702588,0.04999904148536904,0.033559049531219826,0.05838393981634786,0.06479137452354408,10,0.0,none,0.02,0.023970164958092212,0.023970164958092212,0.0,14
irm,erm,True,0.03701254527989893,0.015287261536006336,0.0002337003652702588,0.04999904148536904,0.033559049531219826,0.05838393981634786,0.06479137452354408,10,0.0,none,0.05,0.023970164958092212,0.023970164958092212,0.0,5
irm,erm,True,0.03701254527989893,0.015287261536006336,0.0002337003652702588,0.04999904148536904,0.033559049531219826,0.05838393981634786,0.06479137452354408,10,0.0,none,0.1,0.023970164958092212,0.023970164958092212,0.0,3
irm,erm,True,0.03701254527989893,0.015287261536006336,0.0002337003652702588,0.04999904148536904,0.033559049531219826,0.05838393981634786,0.06479137452354408,10,0.0,none,0.2,0.023970164958092212,0.023970164958092212,0.0,3
irm,erm,True,0.03701254527989893,0.015287261536006336,0.0002337003652702588,0.04999904148536904,0.033559049531219826,0.05838393981634786,0.06479137452354408,10,0.25,ratio,0.02,0.025625184222181602,0.023970164958092212,0.125,22
irm,erm,True,0.03701254527989893,0.015287261536006336,0.0002337003652702588,0.04999904148536904,0.033559049531219826,0.05838393981634786,0.06479137452354408,10,0.25,ratio,0.05,0.025625184222181602,0.023970164958092212,0.125,6
irm,erm,True,0.03701254527989893,0.015287261536006336,0.0002337003652702588,0.04999904148536904,0.033559049531219826,0.05838393981634786,0.06479137452354408,10,0.25,ratio,0.1,0.025625184222181602,0.023970164958092212,0.125,4
irm,erm,True,0.03701254527989893,0.015287261536006336,0.0002337003652702588,0.04999904148536904,0.033559049531219826,0.05838393981634786,0.06479137452354408,10,0.25,ratio,0.2,0.025625184222181602,0.023970164958092212,0.125,3
irm,erm,True,0.03701254527989893,0.015287261536006336,0.0002337003652702588,0.04999904148536904,0.033559049531219826,0.05838393981634786,0.06479137452354408,10,0.25,design,0.02,0.025625184222181602,0.023970164958092212,0.125,
irm,erm,True,0.03701254527989893,0.015287261536006336,0.0002337003652702588,0.04999904148536904,0.033559049531219826,0.05838393981634786,0.06479137452354408,10,0.25,design,0.05,0.025625184222181602,0.023970164958092212,0.125,6
irm,erm,True,0.03701254527989893,0.015287261536006336,0.0002337003652702588,0.04999904148536904,0.033559049531219826,0.05838393981634786,0.06479137452354408,10,0.25,design,0.1,0.025625184222181602,0.023970164958092212,0.125,3
irm,erm,True,0.03701254527989893,0.015287261536006336,0.0002337003652702588,0.04999904148536904,0.033559049531219826,0.05838393981634786,0.06479137452354408,10,0.25,design,0.2,0.025625184222181602,0.023970164958092212,0.125,3
irm,erm,True,0.03701254527989893,0.015287261536006336,0.0002337003652702588,0.04999904148536904,0.033559049531219826,0.05838393981634786,0.06479137452354408,10,0.5,ratio,0.02,0.027678362382148547,0.023970164958092212,0.25,33
irm,erm,True,0.03701254527989893,0.015287261536006336,0.0002337003652702588,0.04999904148536904,0.033559049531219826,0.05838393981634786,0.06479137452354408,10,0.5,ratio,0.05,0.027678362382148547,0.023970164958092212,0.25,7
irm,erm,True,0.03701254527989893,0.015287261536006336,0.0002337003652702588,0.04999904148536904,0.033559049531219826,0.05838393981634786,0.06479137452354408,10,0.5,ratio,0.1,0.027678362382148547,0.023970164958092212,0.25,4
irm,erm,True,0.03701254527989893,0.015287261536006336,0.0002337003652702588,0.04999904148536904,0.033559049531219826,0.05838393981634786,0.06479137452354408,10,0.5,ratio,0.2,0.027678362382148547,0.023970164958092212,0.25,3
irm,erm,True,0.03701254527989893,0.015287261536006336,0.0002337003652702588,0.04999904148536904,0.033559049531219826,0.05838393981634786,0.06479137452354408,10,0.5,design,0.02,0.027678362382148547,0.023970164958092212,0.25,
irm,erm,True,0.03701254527989893,0.015287261536006336,0.0002337003652702588,0.04999904148536904,0.033559049531219826,0.05838393981634786,0.06479137452354408,10,0.5,design,0.05,0.027678362382148547,0.023970164958092212,0.25,
irm,erm,True,0.03701254527989893,0.015287261536006336,0.0002337003652702588,0.04999904148536904,0.033559049531219826,0.05838393981634786,0.06479137452354408,10,0.5,design,0.1,0.027678362382148547,0.023970164958092212,0.25,3
irm,erm,True,0.03701254527989893,0.015287261536006336,0.0002337003652702588,0.04999904148536904,0.033559049531219826,0.05838393981634786,0.06479137452354408,10,0.5,design,0.2,0.027678362382148547,0.023970164958092212,0.25,3
lisa,erm,True,0.08920002671142002,0.08503113857488893,0.007230294527341965,0.01923918526362186,0.033559049531219826,0.04668030327588115,-0.528688885762324,1,0.0,none,0.02,0.0970017795778521,0.0970017795778521,0.0,187
lisa,erm,True,0.08920002671142002,0.08503113857488893,0.007230294527341965,0.01923918526362186,0.033559049531219826,0.04668030327588115,-0.528688885762324,1,0.0,none,0.05,0.0970017795778521,0.0970017795778521,0.0,32
lisa,erm,True,0.08920002671142002,0.08503113857488893,0.007230294527341965,0.01923918526362186,0.033559049531219826,0.04668030327588115,-0.528688885762324,1,0.0,none,0.1,0.0970017795778521,0.0970017795778521,0.0,10
lisa,erm,True,0.08920002671142002,0.08503113857488893,0.007230294527341965,0.01923918526362186,0.033559049531219826,0.04668030327588115,-0.528688885762324,1,0.0,none,0.2,0.0970017795778521,0.0970017795778521,0.0,5
lisa,erm,True,0.08920002671142002,0.08503113857488893,0.007230294527341965,0.01923918526362186,0.033559049531219826,0.04668030327588115,-0.528688885762324,1,0.25,ratio,0.02,0.10369926431076798,0.0970017795778521,0.125,319
lisa,erm,True,0.08920002671142002,0.08503113857488893,0.007230294527341965,0.01923918526362186,0.033559049531219826,0.04668030327588115,-0.528688885762324,1,0.25,ratio,0.05,0.10369926431076798,0.0970017795778521,0.125,53
lisa,erm,True,0.08920002671142002,0.08503113857488893,0.007230294527341965,0.01923918526362186,0.033559049531219826,0.04668030327588115,-0.528688885762324,1,0.25,ratio,0.1,0.10369926431076798,0.0970017795778521,0.125,15
lisa,erm,True,0.08920002671142002,0.08503113857488893,0.007230294527341965,0.01923918526362186,0.033559049531219826,0.04668030327588115,-0.528688885762324,1,0.25,ratio,0.2,0.10369926431076798,0.0970017795778521,0.125,6
lisa,erm,True,0.08920002671142002,0.08503113857488893,0.007230294527341965,0.01923918526362186,0.033559049531219826,0.04668030327588115,-0.528688885762324,1,0.25,design,0.02,0.10369926431076798,0.0970017795778521,0.125,
lisa,erm,True,0.08920002671142002,0.08503113857488893,0.007230294527341965,0.01923918526362186,0.033559049531219826,0.04668030327588115,-0.528688885762324,1,0.25,design,0.05,0.10369926431076798,0.0970017795778521,0.125,
lisa,erm,True,0.08920002671142002,0.08503113857488893,0.007230294527341965,0.01923918526362186,0.033559049531219826,0.04668030327588115,-0.528688885762324,1,0.25,design,0.1,0.10369926431076798,0.0970017795778521,0.125,
lisa,erm,True,0.08920002671142002,0.08503113857488893,0.007230294527341965,0.01923918526362186,0.033559049531219826,0.04668030327588115,-0.528688885762324,1,0.25,design,0.2,0.10369926431076798,0.0970017795778521,0.125,6
lisa,erm,True,0.08920002671142002,0.08503113857488893,0.007230294527341965,0.01923918526362186,0.033559049531219826,0.04668030327588115,-0.528688885762324,1,0.5,ratio,0.02,0.11200800710229131,0.0970017795778521,0.25,495
lisa,erm,True,0.08920002671142002,0.08503113857488893,0.007230294527341965,0.01923918526362186,0.033559049531219826,0.04668030327588115,-0.528688885762324,1,0.5,ratio,0.05,0.11200800710229131,0.0970017795778521,0.25,81
lisa,erm,True,0.08920002671142002,0.08503113857488893,0.007230294527341965,0.01923918526362186,0.033559049531219826,0.04668030327588115,-0.528688885762324,1,0.5,ratio,0.1,0.11200800710229131,0.0970017795778521,0.25,22
lisa,erm,True,0.08920002671142002,0.08503113857488893,0.007230294527341965,0.01923918526362186,0.033559049531219826,0.04668030327588115,-0.528688885762324,1,0.5,ratio,0.2,0.11200800710229131,0.0970017795778521,0.25,8
lisa,erm,True,0.08920002671142002,0.08503113857488893,0.007230294527341965,0.01923918526362186,0.033559049531219826,0.04668030327588115,-0.528688885762324,1,0.5,design,0.02,0.11200800710229131,0.0970017795778521,0.25,
lisa,erm,True,0.08920002671142002,0.08503113857488893,0.007230294527341965,0.01923918526362186,0.033559049531219826,0.04668030327588115,-0.528688885762324,1,0.5,design,0.05,0.11200800710229131,0.0970017795778521,0.25,
lisa,erm,True,0.08920002671142002,0.08503113857488893,0.007230294527341965,0.01923918526362186,0.033559049531219826,0.04668030327588115,-0.528688885762324,1,0.5,design,0.1,0.11200800710229131,0.0970017795778521,0.25,
lisa,erm,True,0.08920002671142002,0.08503113857488893,0.007230294527341965,0.01923918526362186,0.033559049531219826,0.04668030327588115,-0.528688885762324,1,0.5,design,0.2,0.11200800710229131,0.0970017795778521,0.25,
lisa,erm,True,0.08920002671142002,0.08503113857488893,0.007230294527341965,0.01923918526362186,0.033559049531219826,0.04668030327588115,-0.528688885762324,3,0.0,none,0.02,0.08920002671142002,0.08920002671142002,0.0,159
lisa,erm,True,0.08920002671142002,0.08503113857488893,0.007230294527341965,0.01923918526362186,0.033559049531219826,0.04668030327588115,-0.528688885762324,3,0.0,none,0.05,0.08920002671142002,0.08920002671142002,0.0,27
lisa,erm,True,0.08920002671142002,0.08503113857488893,0.007230294527341965,0.01923918526362186,0.033559049531219826,0.04668030327588115,-0.528688885762324,3,0.0,none,0.1,0.08920002671142002,0.08920002671142002,0.0,9
lisa,erm,True,0.08920002671142002,0.08503113857488893,0.007230294527341965,0.01923918526362186,0.033559049531219826,0.04668030327588115,-0.528688885762324,3,0.0,none,0.2,0.08920002671142002,0.08920002671142002,0.0,4
lisa,erm,True,0.08920002671142002,0.08503113857488893,0.007230294527341965,0.01923918526362186,0.033559049531219826,0.04668030327588115,-0.528688885762324,3,0.25,ratio,0.02,0.09535883967006217,0.08920002671142002,0.125,270
lisa,erm,True,0.08920002671142002,0.08503113857488893,0.007230294527341965,0.01923918526362186,0.033559049531219826,0.04668030327588115,-0.528688885762324,3,0.25,ratio,0.05,0.09535883967006217,0.08920002671142002,0.125,45
lisa,erm,True,0.08920002671142002,0.08503113857488893,0.007230294527341965,0.01923918526362186,0.033559049531219826,0.04668030327588115,-0.528688885762324,3,0.25,ratio,0.1,0.09535883967006217,0.08920002671142002,0.125,13
lisa,erm,True,0.08920002671142002,0.08503113857488893,0.007230294527341965,0.01923918526362186,0.033559049531219826,0.04668030327588115,-0.528688885762324,3,0.25,ratio,0.2,0.09535883967006217,0.08920002671142002,0.125,5
lisa,erm,True,0.08920002671142002,0.08503113857488893,0.007230294527341965,0.01923918526362186,0.033559049531219826,0.04668030327588115,-0.528688885762324,3,0.25,design,0.02,0.09535883967006217,0.08920002671142002,0.125,
lisa,erm,True,0.08920002671142002,0.08503113857488893,0.007230294527341965,0.01923918526362186,0.033559049531219826,0.04668030327588115,-0.528688885762324,3,0.25,design,0.05,0.09535883967006217,0.08920002671142002,0.125,
lisa,erm,True,0.08920002671142002,0.08503113857488893,0.007230294527341965,0.01923918526362186,0.033559049531219826,0.04668030327588115,-0.528688885762324,3,0.25,design,0.1,0.09535883967006217,0.08920002671142002,0.125,
lisa,erm,True,0.08920002671142002,0.08503113857488893,0.007230294527341965,0.01923918526362186,0.033559049531219826,0.04668030327588115,-0.528688885762324,3,0.25,design,0.2,0.09535883967006217,0.08920002671142002,0.125,5
lisa,erm,True,0.08920002671142002,0.08503113857488893,0.007230294527341965,0.01923918526362186,0.033559049531219826,0.04668030327588115,-0.528688885762324,3,0.5,ratio,0.02,0.10299931886712033,0.08920002671142002,0.25,419
lisa,erm,True,0.08920002671142002,0.08503113857488893,0.007230294527341965,0.01923918526362186,0.033559049531219826,0.04668030327588115,-0.528688885762324,3,0.5,ratio,0.05,0.10299931886712033,0.08920002671142002,0.25,69
lisa,erm,True,0.08920002671142002,0.08503113857488893,0.007230294527341965,0.01923918526362186,0.033559049531219826,0.04668030327588115,-0.528688885762324,3,0.5,ratio,0.1,0.10299931886712033,0.08920002671142002,0.25,19
lisa,erm,True,0.08920002671142002,0.08503113857488893,0.007230294527341965,0.01923918526362186,0.033559049531219826,0.04668030327588115,-0.528688885762324,3,0.5,ratio,0.2,0.10299931886712033,0.08920002671142002,0.25,7
lisa,erm,True,0.08920002671142002,0.08503113857488893,0.007230294527341965,0.01923918526362186,0.033559049531219826,0.04668030327588115,-0.528688885762324,3,0.5,design,0.02,0.10299931886712033,0.08920002671142002,0.25,
lisa,erm,True,0.08920002671142002,0.08503113857488893,0.007230294527341965,0.01923918526362186,0.033559049531219826,0.04668030327588115,-0.528688885762324,3,0.5,design,0.05,0.10299931886712033,0.08920002671142002,0.25,
lisa,erm,True,0.08920002671142002,0.08503113857488893,0.007230294527341965,0.01923918526362186,0.033559049531219826,0.04668030327588115,-0.528688885762324,3,0.5,design,0.1,0.10299931886712033,0.08920002671142002,0.25,
lisa,erm,True,0.08920002671142002,0.08503113857488893,0.007230294527341965,0.01923918526362186,0.033559049531219826,0.04668030327588115,-0.528688885762324,3,0.5,design,0.2,0.10299931886712033,0.08920002671142002,0.25,
lisa,erm,True,0.08920002671142002,0.08503113857488893,0.007230294527341965,0.01923918526362186,0.033559049531219826,0.04668030327588115,-0.528688885762324,5,0.0,none,0.02,0.08755629429188751,0.08755629429188751,0.0,153
lisa,erm,True,0.08920002671142002,0.08503113857488893,0.007230294527341965,0.01923918526362186,0.033559049531219826,0.04668030327588115,-0.528688885762324,5,0.0,none,0.05,0.08755629429188751,0.08755629429188751,0.0,27
lisa,erm,True,0.08920002671142002,0.08503113857488893,0.007230294527341965,0.01923918526362186,0.033559049531219826,0.04668030327588115,-0.528688885762324,5,0.0,none,0.1,0.08755629429188751,0.08755629429188751,0.0,9
lisa,erm,True,0.08920002671142002,0.08503113857488893,0.007230294527341965,0.01923918526362186,0.033559049531219826,0.04668030327588115,-0.528688885762324,5,0.0,none,0.2,0.08755629429188751,0.08755629429188751,0.0,4
lisa,erm,True,0.08920002671142002,0.08503113857488893,0.007230294527341965,0.01923918526362186,0.033559049531219826,0.04668030327588115,-0.528688885762324,5,0.25,ratio,0.02,0.09360161579879828,0.08755629429188751,0.125,260
lisa,erm,True,0.08920002671142002,0.08503113857488893,0.007230294527341965,0.01923918526362186,0.033559049531219826,0.04668030327588115,-0.528688885762324,5,0.25,ratio,0.05,0.09360161579879828,0.08755629429188751,0.125,44
lisa,erm,True,0.08920002671142002,0.08503113857488893,0.007230294527341965,0.01923918526362186,0.033559049531219826,0.04668030327588115,-0.528688885762324,5,0.25,ratio,0.1,0.09360161579879828,0.08755629429188751,0.125,13
lisa,erm,True,0.08920002671142002,0.08503113857488893,0.007230294527341965,0.01923918526362186,0.033559049531219826,0.04668030327588115,-0.528688885762324,5,0.25,ratio,0.2,0.09360161579879828,0.08755629429188751,0.125,5
lisa,erm,True,0.08920002671142002,0.08503113857488893,0.007230294527341965,0.01923918526362186,0.033559049531219826,0.04668030327588115,-0.528688885762324,5,0.25,design,0.02,0.09360161579879828,0.08755629429188751,0.125,
lisa,erm,True,0.08920002671142002,0.08503113857488893,0.007230294527341965,0.01923918526362186,0.033559049531219826,0.04668030327588115,-0.528688885762324,5,0.25,design,0.05,0.09360161579879828,0.08755629429188751,0.125,
lisa,erm,True,0.08920002671142002,0.08503113857488893,0.007230294527341965,0.01923918526362186,0.033559049531219826,0.04668030327588115,-0.528688885762324,5,0.25,design,0.1,0.09360161579879828,0.08755629429188751,0.125,
lisa,erm,True,0.08920002671142002,0.08503113857488893,0.007230294527341965,0.01923918526362186,0.033559049531219826,0.04668030327588115,-0.528688885762324,5,0.25,design,0.2,0.09360161579879828,0.08755629429188751,0.125,5
lisa,erm,True,0.08920002671142002,0.08503113857488893,0.007230294527341965,0.01923918526362186,0.033559049531219826,0.04668030327588115,-0.528688885762324,5,0.5,ratio,0.02,0.10110130015733469,0.08755629429188751,0.25,404
lisa,erm,True,0.08920002671142002,0.08503113857488893,0.007230294527341965,0.01923918526362186,0.033559049531219826,0.04668030327588115,-0.528688885762324,5,0.5,ratio,0.05,0.10110130015733469,0.08755629429188751,0.25,67
lisa,erm,True,0.08920002671142002,0.08503113857488893,0.007230294527341965,0.01923918526362186,0.033559049531219826,0.04668030327588115,-0.528688885762324,5,0.5,ratio,0.1,0.10110130015733469,0.08755629429188751,0.25,19
lisa,erm,True,0.08920002671142002,0.08503113857488893,0.007230294527341965,0.01923918526362186,0.033559049531219826,0.04668030327588115,-0.528688885762324,5,0.5,ratio,0.2,0.10110130015733469,0.08755629429188751,0.25,7
lisa,erm,True,0.08920002671142002,0.08503113857488893,0.007230294527341965,0.01923918526362186,0.033559049531219826,0.04668030327588115,-0.528688885762324,5,0.5,design,0.02,0.10110130015733469,0.08755629429188751,0.25,
lisa,erm,True,0.08920002671142002,0.08503113857488893,0.007230294527341965,0.01923918526362186,0.033559049531219826,0.04668030327588115,-0.528688885762324,5,0.5,design,0.05,0.10110130015733469,0.08755629429188751,0.25,
lisa,erm,True,0.08920002671142002,0.08503113857488893,0.007230294527341965,0.01923918526362186,0.033559049531219826,0.04668030327588115,-0.528688885762324,5,0.5,design,0.1,0.10110130015733469,0.08755629429188751,0.25,
lisa,erm,True,0.08920002671142002,0.08503113857488893,0.007230294527341965,0.01923918526362186,0.033559049531219826,0.04668030327588115,-0.528688885762324,5,0.5,design,0.2,0.10110130015733469,0.08755629429188751,0.25,
lisa,erm,True,0.08920002671142002,0.08503113857488893,0.007230294527341965,0.01923918526362186,0.033559049531219826,0.04668030327588115,-0.528688885762324,10,0.0,none,0.02,0.08630295243347581,0.08630295243347581,0.0,149
lisa,erm,True,0.08920002671142002,0.08503113857488893,0.007230294527341965,0.01923918526362186,0.033559049531219826,0.04668030327588115,-0.528688885762324,10,0.0,none,0.05,0.08630295243347581,0.08630295243347581,0.0,26
lisa,erm,True,0.08920002671142002,0.08503113857488893,0.007230294527341965,0.01923918526362186,0.033559049531219826,0.04668030327588115,-0.528688885762324,10,0.0,none,0.1,0.08630295243347581,0.08630295243347581,0.0,8
lisa,erm,True,0.08920002671142002,0.08503113857488893,0.007230294527341965,0.01923918526362186,0.033559049531219826,0.04668030327588115,-0.528688885762324,10,0.0,none,0.2,0.08630295243347581,0.08630295243347581,0.0,4
lisa,erm,True,0.08920002671142002,0.08503113857488893,0.007230294527341965,0.01923918526362186,0.033559049531219826,0.04668030327588115,-0.528688885762324,10,0.25,ratio,0.02,0.09226173699231854,0.08630295243347581,0.125,253
lisa,erm,True,0.08920002671142002,0.08503113857488893,0.007230294527341965,0.01923918526362186,0.033559049531219826,0.04668030327588115,-0.528688885762324,10,0.25,ratio,0.05,0.09226173699231854,0.08630295243347581,0.125,43
lisa,erm,True,0.08920002671142002,0.08503113857488893,0.007230294527341965,0.01923918526362186,0.033559049531219826,0.04668030327588115,-0.528688885762324,10,0.25,ratio,0.1,0.09226173699231854,0.08630295243347581,0.125,13
lisa,erm,True,0.08920002671142002,0.08503113857488893,0.007230294527341965,0.01923918526362186,0.033559049531219826,0.04668030327588115,-0.528688885762324,10,0.25,ratio,0.2,0.09226173699231854,0.08630295243347581,0.125,5
lisa,erm,True,0.08920002671142002,0.08503113857488893,0.007230294527341965,0.01923918526362186,0.033559049531219826,0.04668030327588115,-0.528688885762324,10,0.25,design,0.02,0.09226173699231854,0.08630295243347581,0.125,
lisa,erm,True,0.08920002671142002,0.08503113857488893,0.007230294527341965,0.01923918526362186,0.033559049531219826,0.04668030327588115,-0.528688885762324,10,0.25,design,0.05,0.09226173699231854,0.08630295243347581,0.125,
lisa,erm,True,0.08920002671142002,0.08503113857488893,0.007230294527341965,0.01923918526362186,0.033559049531219826,0.04668030327588115,-0.528688885762324,10,0.25,design,0.1,0.09226173699231854,0.08630295243347581,0.125,
lisa,erm,True,0.08920002671142002,0.08503113857488893,0.007230294527341965,0.01923918526362186,0.033559049531219826,0.04668030327588115,-0.528688885762324,10,0.25,design,0.2,0.09226173699231854,0.08630295243347581,0.125,5
lisa,erm,True,0.08920002671142002,0.08503113857488893,0.007230294527341965,0.01923918526362186,0.033559049531219826,0.04668030327588115,-0.528688885762324,10,0.5,ratio,0.02,0.09965406563865346,0.08630295243347581,0.25,392
lisa,erm,True,0.08920002671142002,0.08503113857488893,0.007230294527341965,0.01923918526362186,0.033559049531219826,0.04668030327588115,-0.528688885762324,10,0.5,ratio,0.05,0.09965406563865346,0.08630295243347581,0.25,65
lisa,erm,True,0.08920002671142002,0.08503113857488893,0.007230294527341965,0.01923918526362186,0.033559049531219826,0.04668030327588115,-0.528688885762324,10,0.5,ratio,0.1,0.09965406563865346,0.08630295243347581,0.25,18
lisa,erm,True,0.08920002671142002,0.08503113857488893,0.007230294527341965,0.01923918526362186,0.033559049531219826,0.04668030327588115,-0.528688885762324,10,0.5,ratio,0.2,0.09965406563865346,0.08630295243347581,0.25,7
lisa,erm,True,0.08920002671142002,0.08503113857488893,0.007230294527341965,0.01923918526362186,0.033559049531219826,0.04668030327588115,-0.528688885762324,10,0.5,design,0.02,0.09965406563865346,0.08630295243347581,0.25,
lisa,erm,True,0.08920002671142002,0.08503113857488893,0.007230294527341965,0.01923918526362186,0.033559049531219826,0.04668030327588115,-0.528688885762324,10,0.5,design,0.05,0.09965406563865346,0.08630295243347581,0.25,
lisa,erm,True,0.08920002671142002,0.08503113857488893,0.007230294527341965,0.01923918526362186,0.033559049531219826,0.04668030327588115,-0.528688885762324,10,0.5,design,0.1,0.09965406563865346,0.08630295243347581,0.25,
lisa,erm,True,0.08920002671142002,0.08503113857488893,0.007230294527341965,0.01923918526362186,0.033559049531219826,0.04668030327588115,-0.528688885762324,10,0.5,design,0.2,0.09965406563865346,0.08630295243347581,0.25,39
macenko,erm,True,0.13125626765114648,0.130046833551479,0.016912178916766087,0.007063879194393496,0.033559049531219826,0.030791015618682468,0.4809423110267426,1,0.0,none,0.02,0.13364230452815468,0.13364230452815468,0.0,353
macenko,erm,True,0.13125626765114648,0.130046833551479,0.016912178916766087,0.007063879194393496,0.033559049531219826,0.030791015618682468,0.4809423110267426,1,0.0,none,0.05,0.13364230452815468,0.13364230452815468,0.0,59
macenko,erm,True,0.13125626765114648,0.130046833551479,0.016912178916766087,0.007063879194393496,0.033559049531219826,0.030791015618682468,0.4809423110267426,1,0.0,none,0.1,0.13364230452815468,0.13364230452815468,0.0,17
macenko,erm,True,0.13125626765114648,0.130046833551479,0.016912178916766087,0.007063879194393496,0.033559049531219826,0.030791015618682468,0.4809423110267426,1,0.0,none,0.2,0.13364230452815468,0.13364230452815468,0.0,6
macenko,erm,True,0.13125626765114648,0.130046833551479,0.016912178916766087,0.007063879194393496,0.033559049531219826,0.030791015618682468,0.4809423110267426,1,0.25,ratio,0.02,0.14286963312093215,0.13364230452815468,0.125,603
macenko,erm,True,0.13125626765114648,0.130046833551479,0.016912178916766087,0.007063879194393496,0.033559049531219826,0.030791015618682468,0.4809423110267426,1,0.25,ratio,0.05,0.14286963312093215,0.13364230452815468,0.125,99
macenko,erm,True,0.13125626765114648,0.130046833551479,0.016912178916766087,0.007063879194393496,0.033559049531219826,0.030791015618682468,0.4809423110267426,1,0.25,ratio,0.1,0.14286963312093215,0.13364230452815468,0.125,27
macenko,erm,True,0.13125626765114648,0.130046833551479,0.016912178916766087,0.007063879194393496,0.033559049531219826,0.030791015618682468,0.4809423110267426,1,0.25,ratio,0.2,0.14286963312093215,0.13364230452815468,0.125,9
macenko,erm,True,0.13125626765114648,0.130046833551479,0.016912178916766087,0.007063879194393496,0.033559049531219826,0.030791015618682468,0.4809423110267426,1,0.25,design,0.02,0.14286963312093215,0.13364230452815468,0.125,
macenko,erm,True,0.13125626765114648,0.130046833551479,0.016912178916766087,0.007063879194393496,0.033559049531219826,0.030791015618682468,0.4809423110267426,1,0.25,design,0.05,0.14286963312093215,0.13364230452815468,0.125,
macenko,erm,True,0.13125626765114648,0.130046833551479,0.016912178916766087,0.007063879194393496,0.033559049531219826,0.030791015618682468,0.4809423110267426,1,0.25,design,0.1,0.14286963312093215,0.13364230452815468,0.125,
macenko,erm,True,0.13125626765114648,0.130046833551479,0.016912178916766087,0.007063879194393496,0.033559049531219826,0.030791015618682468,0.4809423110267426,1,0.25,design,0.2,0.14286963312093215,0.13364230452815468,0.125,
macenko,erm,True,0.13125626765114648,0.130046833551479,0.016912178916766087,0.007063879194393496,0.033559049531219826,0.030791015618682468,0.4809423110267426,1,0.5,ratio,0.02,0.1543168409889041,0.13364230452815468,0.25,937
macenko,erm,True,0.13125626765114648,0.130046833551479,0.016912178916766087,0.007063879194393496,0.033559049531219826,0.030791015618682468,0.4809423110267426,1,0.5,ratio,0.05,0.1543168409889041,0.13364230452815468,0.25,152
macenko,erm,True,0.13125626765114648,0.130046833551479,0.016912178916766087,0.007063879194393496,0.033559049531219826,0.030791015618682468,0.4809423110267426,1,0.5,ratio,0.1,0.1543168409889041,0.13364230452815468,0.25,40
macenko,erm,True,0.13125626765114648,0.130046833551479,0.016912178916766087,0.007063879194393496,0.033559049531219826,0.030791015618682468,0.4809423110267426,1,0.5,ratio,0.2,0.1543168409889041,0.13364230452815468,0.25,12
macenko,erm,True,0.13125626765114648,0.130046833551479,0.016912178916766087,0.007063879194393496,0.033559049531219826,0.030791015618682468,0.4809423110267426,1,0.5,design,0.02,0.1543168409889041,0.13364230452815468,0.25,
macenko,erm,True,0.13125626765114648,0.130046833551479,0.016912178916766087,0.007063879194393496,0.033559049531219826,0.030791015618682468,0.4809423110267426,1,0.5,design,0.05,0.1543168409889041,0.13364230452815468,0.25,
macenko,erm,True,0.13125626765114648,0.130046833551479,0.016912178916766087,0.007063879194393496,0.033559049531219826,0.030791015618682468,0.4809423110267426,1,0.5,design,0.1,0.1543168409889041,0.13364230452815468,0.25,
macenko,erm,True,0.13125626765114648,0.130046833551479,0.016912178916766087,0.007063879194393496,0.033559049531219826,0.030791015618682468,0.4809423110267426,1,0.5,design,0.2,0.1543168409889041,0.13364230452815468,0.25,
macenko,erm,True,0.13125626765114648,0.130046833551479,0.016912178916766087,0.007063879194393496,0.033559049531219826,0.030791015618682468,0.4809423110267426,3,0.0,none,0.02,0.13125626765114648,0.13125626765114648,0.0,340
macenko,erm,True,0.13125626765114648,0.130046833551479,0.016912178916766087,0.007063879194393496,0.033559049531219826,0.030791015618682468,0.4809423110267426,3,0.0,none,0.05,0.13125626765114648,0.13125626765114648,0.0,57
macenko,erm,True,0.13125626765114648,0.130046833551479,0.016912178916766087,0.007063879194393496,0.033559049531219826,0.030791015618682468,0.4809423110267426,3,0.0,none,0.1,0.13125626765114648,0.13125626765114648,0.0,16
macenko,erm,True,0.13125626765114648,0.130046833551479,0.016912178916766087,0.007063879194393496,0.033559049531219826,0.030791015618682468,0.4809423110267426,3,0.0,none,0.2,0.13125626765114648,0.13125626765114648,0.0,6
macenko,erm,True,0.13125626765114648,0.130046833551479,0.016912178916766087,0.007063879194393496,0.033559049531219826,0.030791015618682468,0.4809423110267426,3,0.25,ratio,0.02,0.14031885240493994,0.13125626765114648,0.125,582
macenko,erm,True,0.13125626765114648,0.130046833551479,0.016912178916766087,0.007063879194393496,0.033559049531219826,0.030791015618682468,0.4809423110267426,3,0.25,ratio,0.05,0.14031885240493994,0.13125626765114648,0.125,95
macenko,erm,True,0.13125626765114648,0.130046833551479,0.016912178916766087,0.007063879194393496,0.033559049531219826,0.030791015618682468,0.4809423110267426,3,0.25,ratio,0.1,0.14031885240493994,0.13125626765114648,0.125,26
macenko,erm,True,0.13125626765114648,0.130046833551479,0.016912178916766087,0.007063879194393496,0.033559049531219826,0.030791015618682468,0.4809423110267426,3,0.25,ratio,0.2,0.14031885240493994,0.13125626765114648,0.125,8
macenko,erm,True,0.13125626765114648,0.130046833551479,0.016912178916766087,0.007063879194393496,0.033559049531219826,0.030791015618682468,0.4809423110267426,3,0.25,design,0.02,0.14031885240493994,0.13125626765114648,0.125,
macenko,erm,True,0.13125626765114648,0.130046833551479,0.016912178916766087,0.007063879194393496,0.033559049531219826,0.030791015618682468,0.4809423110267426,3,0.25,design,0.05,0.14031885240493994,0.13125626765114648,0.125,
macenko,erm,True,0.13125626765114648,0.130046833551479,0.016912178916766087,0.007063879194393496,0.033559049531219826,0.030791015618682468,0.4809423110267426,3,0.25,design,0.1,0.14031885240493994,0.13125626765114648,0.125,
macenko,erm,True,0.13125626765114648,0.130046833551479,0.016912178916766087,0.007063879194393496,0.033559049531219826,0.030791015618682468,0.4809423110267426,3,0.25,design,0.2,0.14031885240493994,0.13125626765114648,0.125,86
macenko,erm,True,0.13125626765114648,0.130046833551479,0.016912178916766087,0.007063879194393496,0.033559049531219826,0.030791015618682468,0.4809423110267426,3,0.5,ratio,0.02,0.15156168292243,0.13125626765114648,0.25,904
macenko,erm,True,0.13125626765114648,0.130046833551479,0.016912178916766087,0.007063879194393496,0.033559049531219826,0.030791015618682468,0.4809423110267426,3,0.5,ratio,0.05,0.15156168292243,0.13125626765114648,0.25,147
macenko,erm,True,0.13125626765114648,0.130046833551479,0.016912178916766087,0.007063879194393496,0.033559049531219826,0.030791015618682468,0.4809423110267426,3,0.5,ratio,0.1,0.15156168292243,0.13125626765114648,0.25,39
macenko,erm,True,0.13125626765114648,0.130046833551479,0.016912178916766087,0.007063879194393496,0.033559049531219826,0.030791015618682468,0.4809423110267426,3,0.5,ratio,0.2,0.15156168292243,0.13125626765114648,0.25,12
macenko,erm,True,0.13125626765114648,0.130046833551479,0.016912178916766087,0.007063879194393496,0.033559049531219826,0.030791015618682468,0.4809423110267426,3,0.5,design,0.02,0.15156168292243,0.13125626765114648,0.25,
macenko,erm,True,0.13125626765114648,0.130046833551479,0.016912178916766087,0.007063879194393496,0.033559049531219826,0.030791015618682468,0.4809423110267426,3,0.5,design,0.05,0.15156168292243,0.13125626765114648,0.25,
macenko,erm,True,0.13125626765114648,0.130046833551479,0.016912178916766087,0.007063879194393496,0.033559049531219826,0.030791015618682468,0.4809423110267426,3,0.5,design,0.1,0.15156168292243,0.13125626765114648,0.25,
macenko,erm,True,0.13125626765114648,0.130046833551479,0.016912178916766087,0.007063879194393496,0.033559049531219826,0.030791015618682468,0.4809423110267426,3,0.5,design,0.2,0.15156168292243,0.13125626765114648,0.25,
macenko,erm,True,0.13125626765114648,0.130046833551479,0.016912178916766087,0.007063879194393496,0.033559049531219826,0.030791015618682468,0.4809423110267426,5,0.0,none,0.02,0.1307738362415513,0.1307738362415513,0.0,338
macenko,erm,True,0.13125626765114648,0.130046833551479,0.016912178916766087,0.007063879194393496,0.033559049531219826,0.030791015618682468,0.4809423110267426,5,0.0,none,0.05,0.1307738362415513,0.1307738362415513,0.0,56
macenko,erm,True,0.13125626765114648,0.130046833551479,0.016912178916766087,0.007063879194393496,0.033559049531219826,0.030791015618682468,0.4809423110267426,5,0.0,none,0.1,0.1307738362415513,0.1307738362415513,0.0,16
macenko,erm,True,0.13125626765114648,0.130046833551479,0.016912178916766087,0.007063879194393496,0.033559049531219826,0.030791015618682468,0.4809423110267426,5,0.0,none,0.2,0.1307738362415513,0.1307738362415513,0.0,6
macenko,erm,True,0.13125626765114648,0.130046833551479,0.016912178916766087,0.007063879194393496,0.033559049531219826,0.030791015618682468,0.4809423110267426,5,0.25,ratio,0.02,0.13980311153427608,0.1307738362415513,0.125,578
macenko,erm,True,0.13125626765114648,0.130046833551479,0.016912178916766087,0.007063879194393496,0.033559049531219826,0.030791015618682468,0.4809423110267426,5,0.25,ratio,0.05,0.13980311153427608,0.1307738362415513,0.125,94
macenko,erm,True,0.13125626765114648,0.130046833551479,0.016912178916766087,0.007063879194393496,0.033559049531219826,0.030791015618682468,0.4809423110267426,5,0.25,ratio,0.1,0.13980311153427608,0.1307738362415513,0.125,25
macenko,erm,True,0.13125626765114648,0.130046833551479,0.016912178916766087,0.007063879194393496,0.033559049531219826,0.030791015618682468,0.4809423110267426,5,0.25,ratio,0.2,0.13980311153427608,0.1307738362415513,0.125,8
macenko,erm,True,0.13125626765114648,0.130046833551479,0.016912178916766087,0.007063879194393496,0.033559049531219826,0.030791015618682468,0.4809423110267426,5,0.25,design,0.02,0.13980311153427608,0.1307738362415513,0.125,
macenko,erm,True,0.13125626765114648,0.130046833551479,0.016912178916766087,0.007063879194393496,0.033559049531219826,0.030791015618682468,0.4809423110267426,5,0.25,design,0.05,0.13980311153427608,0.1307738362415513,0.125,
macenko,erm,True,0.13125626765114648,0.130046833551479,0.016912178916766087,0.007063879194393496,0.033559049531219826,0.030791015618682468,0.4809423110267426,5,0.25,design,0.1,0.13980311153427608,0.1307738362415513,0.125,
macenko,erm,True,0.13125626765114648,0.130046833551479,0.016912178916766087,0.007063879194393496,0.033559049531219826,0.030791015618682468,0.4809423110267426,5,0.25,design,0.2,0.13980311153427608,0.1307738362415513,0.125,71
macenko,erm,True,0.13125626765114648,0.130046833551479,0.016912178916766087,0.007063879194393496,0.033559049531219826,0.030791015618682468,0.4809423110267426,5,0.5,ratio,0.02,0.1510046191140394,0.1307738362415513,0.25,897
macenko,erm,True,0.13125626765114648,0.130046833551479,0.016912178916766087,0.007063879194393496,0.033559049531219826,0.030791015618682468,0.4809423110267426,5,0.5,ratio,0.05,0.1510046191140394,0.1307738362415513,0.25,146
macenko,erm,True,0.13125626765114648,0.130046833551479,0.016912178916766087,0.007063879194393496,0.033559049531219826,0.030791015618682468,0.4809423110267426,5,0.5,ratio,0.1,0.1510046191140394,0.1307738362415513,0.25,38
macenko,erm,True,0.13125626765114648,0.130046833551479,0.016912178916766087,0.007063879194393496,0.033559049531219826,0.030791015618682468,0.4809423110267426,5,0.5,ratio,0.2,0.1510046191140394,0.1307738362415513,0.25,12
macenko,erm,True,0.13125626765114648,0.130046833551479,0.016912178916766087,0.007063879194393496,0.033559049531219826,0.030791015618682468,0.4809423110267426,5,0.5,design,0.02,0.1510046191140394,0.1307738362415513,0.25,
macenko,erm,True,0.13125626765114648,0.130046833551479,0.016912178916766087,0.007063879194393496,0.033559049531219826,0.030791015618682468,0.4809423110267426,5,0.5,design,0.05,0.1510046191140394,0.1307738362415513,0.25,
macenko,erm,True,0.13125626765114648,0.130046833551479,0.016912178916766087,0.007063879194393496,0.033559049531219826,0.030791015618682468,0.4809423110267426,5,0.5,design,0.1,0.1510046191140394,0.1307738362415513,0.25,
macenko,erm,True,0.13125626765114648,0.130046833551479,0.016912178916766087,0.007063879194393496,0.033559049531219826,0.030791015618682468,0.4809423110267426,5,0.5,design,0.2,0.1510046191140394,0.1307738362415513,0.25,
macenko,erm,True,0.13125626765114648,0.130046833551479,0.016912178916766087,0.007063879194393496,0.033559049531219826,0.030791015618682468,0.4809423110267426,10,0.0,none,0.02,0.13041084150119223,0.13041084150119223,0.0,336
macenko,erm,True,0.13125626765114648,0.130046833551479,0.016912178916766087,0.007063879194393496,0.033559049531219826,0.030791015618682468,0.4809423110267426,10,0.0,none,0.05,0.13041084150119223,0.13041084150119223,0.0,56
macenko,erm,True,0.13125626765114648,0.130046833551479,0.016912178916766087,0.007063879194393496,0.033559049531219826,0.030791015618682468,0.4809423110267426,10,0.0,none,0.1,0.13041084150119223,0.13041084150119223,0.0,16
macenko,erm,True,0.13125626765114648,0.130046833551479,0.016912178916766087,0.007063879194393496,0.033559049531219826,0.030791015618682468,0.4809423110267426,10,0.0,none,0.2,0.13041084150119223,0.13041084150119223,0.0,6
macenko,erm,True,0.13125626765114648,0.130046833551479,0.016912178916766087,0.007063879194393496,0.033559049531219826,0.030791015618682468,0.4809423110267426,10,0.25,ratio,0.02,0.1394150538338119,0.13041084150119223,0.125,575
macenko,erm,True,0.13125626765114648,0.130046833551479,0.016912178916766087,0.007063879194393496,0.033559049531219826,0.030791015618682468,0.4809423110267426,10,0.25,ratio,0.05,0.1394150538338119,0.13041084150119223,0.125,94
macenko,erm,True,0.13125626765114648,0.130046833551479,0.016912178916766087,0.007063879194393496,0.033559049531219826,0.030791015618682468,0.4809423110267426,10,0.25,ratio,0.1,0.1394150538338119,0.13041084150119223,0.125,25
macenko,erm,True,0.13125626765114648,0.130046833551479,0.016912178916766087,0.007063879194393496,0.033559049531219826,0.030791015618682468,0.4809423110267426,10,0.25,ratio,0.2,0.1394150538338119,0.13041084150119223,0.125,8
macenko,erm,True,0.13125626765114648,0.130046833551479,0.016912178916766087,0.007063879194393496,0.033559049531219826,0.030791015618682468,0.4809423110267426,10,0.25,design,0.02,0.1394150538338119,0.13041084150119223,0.125,
macenko,erm,True,0.13125626765114648,0.130046833551479,0.016912178916766087,0.007063879194393496,0.033559049531219826,0.030791015618682468,0.4809423110267426,10,0.25,design,0.05,0.1394150538338119,0.13041084150119223,0.125,
macenko,erm,True,0.13125626765114648,0.130046833551479,0.016912178916766087,0.007063879194393496,0.033559049531219826,0.030791015618682468,0.4809423110267426,10,0.25,design,0.1,0.1394150538338119,0.13041084150119223,0.125,
macenko,erm,True,0.13125626765114648,0.130046833551479,0.016912178916766087,0.007063879194393496,0.033559049531219826,0.030791015618682468,0.4809423110267426,10,0.25,design,0.2,0.1394150538338119,0.13041084150119223,0.125,63
macenko,erm,True,0.13125626765114648,0.130046833551479,0.016912178916766087,0.007063879194393496,0.033559049531219826,0.030791015618682468,0.4809423110267426,10,0.5,ratio,0.02,0.1505854688919179,0.13041084150119223,0.25,892
macenko,erm,True,0.13125626765114648,0.130046833551479,0.016912178916766087,0.007063879194393496,0.033559049531219826,0.030791015618682468,0.4809423110267426,10,0.5,ratio,0.05,0.1505854688919179,0.13041084150119223,0.25,145
macenko,erm,True,0.13125626765114648,0.130046833551479,0.016912178916766087,0.007063879194393496,0.033559049531219826,0.030791015618682468,0.4809423110267426,10,0.5,ratio,0.1,0.1505854688919179,0.13041084150119223,0.25,38
macenko,erm,True,0.13125626765114648,0.130046833551479,0.016912178916766087,0.007063879194393496,0.033559049531219826,0.030791015618682468,0.4809423110267426,10,0.5,ratio,0.2,0.1505854688919179,0.13041084150119223,0.25,11
macenko,erm,True,0.13125626765114648,0.130046833551479,0.016912178916766087,0.007063879194393496,0.033559049531219826,0.030791015618682468,0.4809423110267426,10,0.5,design,0.02,0.1505854688919179,0.13041084150119223,0.25,
macenko,erm,True,0.13125626765114648,0.130046833551479,0.016912178916766087,0.007063879194393496,0.033559049531219826,0.030791015618682468,0.4809423110267426,10,0.5,design,0.05,0.1505854688919179,0.13041084150119223,0.25,
macenko,erm,True,0.13125626765114648,0.130046833551479,0.016912178916766087,0.007063879194393496,0.033559049531219826,0.030791015618682468,0.4809423110267426,10,0.5,design,0.1,0.1505854688919179,0.13041084150119223,0.25,
macenko,erm,True,0.13125626765114648,0.130046833551479,0.016912178916766087,0.007063879194393496,0.033559049531219826,0.030791015618682468,0.4809423110267426,10,0.5,design,0.2,0.1505854688919179,0.13041084150119223,0.25,
macenko_tile,erm,True,0.13829994687298502,0.13617592860890912,0.018543883532498716,0.016241287437706062,0.033559049531219826,0.04182075223755884,-0.3293195597357432,1,0.0,none,0.02,0.14245300576054548,0.14245300576054548,0.0,401
macenko_tile,erm,True,0.13829994687298502,0.13617592860890912,0.018543883532498716,0.016241287437706062,0.033559049531219826,0.04182075223755884,-0.3293195597357432,1,0.0,none,0.05,0.14245300576054548,0.14245300576054548,0.0,66
macenko_tile,erm,True,0.13829994687298502,0.13617592860890912,0.018543883532498716,0.016241287437706062,0.033559049531219826,0.04182075223755884,-0.3293195597357432,1,0.0,none,0.1,0.14245300576054548,0.14245300576054548,0.0,18
macenko_tile,erm,True,0.13829994687298502,0.13617592860890912,0.018543883532498716,0.016241287437706062,0.033559049531219826,0.04182075223755884,-0.3293195597357432,1,0.0,none,0.2,0.14245300576054548,0.14245300576054548,0.0,7
macenko_tile,erm,True,0.13829994687298502,0.13617592860890912,0.018543883532498716,0.016241287437706062,0.033559049531219826,0.04182075223755884,-0.3293195597357432,1,0.25,ratio,0.02,0.15228866893488452,0.14245300576054548,0.125,685
macenko_tile,erm,True,0.13829994687298502,0.13617592860890912,0.018543883532498716,0.016241287437706062,0.033559049531219826,0.04182075223755884,-0.3293195597357432,1,0.25,ratio,0.05,0.15228866893488452,0.14245300576054548,0.125,112
macenko_tile,erm,True,0.13829994687298502,0.13617592860890912,0.018543883532498716,0.016241287437706062,0.033559049531219826,0.04182075223755884,-0.3293195597357432,1,0.25,ratio,0.1,0.15228866893488452,0.14245300576054548,0.125,30
macenko_tile,erm,True,0.13829994687298502,0.13617592860890912,0.018543883532498716,0.016241287437706062,0.033559049531219826,0.04182075223755884,-0.3293195597357432,1,0.25,ratio,0.2,0.15228866893488452,0.14245300576054548,0.125,9
macenko_tile,erm,True,0.13829994687298502,0.13617592860890912,0.018543883532498716,0.016241287437706062,0.033559049531219826,0.04182075223755884,-0.3293195597357432,1,0.25,design,0.02,0.15228866893488452,0.14245300576054548,0.125,
macenko_tile,erm,True,0.13829994687298502,0.13617592860890912,0.018543883532498716,0.016241287437706062,0.033559049531219826,0.04182075223755884,-0.3293195597357432,1,0.25,design,0.05,0.15228866893488452,0.14245300576054548,0.125,
macenko_tile,erm,True,0.13829994687298502,0.13617592860890912,0.018543883532498716,0.016241287437706062,0.033559049531219826,0.04182075223755884,-0.3293195597357432,1,0.25,design,0.1,0.15228866893488452,0.14245300576054548,0.125,
macenko_tile,erm,True,0.13829994687298502,0.13617592860890912,0.018543883532498716,0.016241287437706062,0.033559049531219826,0.04182075223755884,-0.3293195597357432,1,0.25,design,0.2,0.15228866893488452,0.14245300576054548,0.125,
macenko_tile,erm,True,0.13829994687298502,0.13617592860890912,0.018543883532498716,0.016241287437706062,0.033559049531219826,0.04182075223755884,-0.3293195597357432,1,0.5,ratio,0.02,0.1644905624454445,0.14245300576054548,0.25,
macenko_tile,erm,True,0.13829994687298502,0.13617592860890912,0.018543883532498716,0.016241287437706062,0.033559049531219826,0.04182075223755884,-0.3293195597357432,1,0.5,ratio,0.05,0.1644905624454445,0.14245300576054548,0.25,172
macenko_tile,erm,True,0.13829994687298502,0.13617592860890912,0.018543883532498716,0.016241287437706062,0.033559049531219826,0.04182075223755884,-0.3293195597357432,1,0.5,ratio,0.1,0.1644905624454445,0.14245300576054548,0.25,45
macenko_tile,erm,True,0.13829994687298502,0.13617592860890912,0.018543883532498716,0.016241287437706062,0.033559049531219826,0.04182075223755884,-0.3293195597357432,1,0.5,ratio,0.2,0.1644905624454445,0.14245300576054548,0.25,13
macenko_tile,erm,True,0.13829994687298502,0.13617592860890912,0.018543883532498716,0.016241287437706062,0.033559049531219826,0.04182075223755884,-0.3293195597357432,1,0.5,design,0.02,0.1644905624454445,0.14245300576054548,0.25,
macenko_tile,erm,True,0.13829994687298502,0.13617592860890912,0.018543883532498716,0.016241287437706062,0.033559049531219826,0.04182075223755884,-0.3293195597357432,1,0.5,design,0.05,0.1644905624454445,0.14245300576054548,0.25,
macenko_tile,erm,True,0.13829994687298502,0.13617592860890912,0.018543883532498716,0.016241287437706062,0.033559049531219826,0.04182075223755884,-0.3293195597357432,1,0.5,design,0.1,0.1644905624454445,0.14245300576054548,0.25,
macenko_tile,erm,True,0.13829994687298502,0.13617592860890912,0.018543883532498716,0.016241287437706062,0.033559049531219826,0.04182075223755884,-0.3293195597357432,1,0.5,design,0.2,0.1644905624454445,0.14245300576054548,0.25,
macenko_tile,erm,True,0.13829994687298502,0.13617592860890912,0.018543883532498716,0.016241287437706062,0.033559049531219826,0.04182075223755884,-0.3293195597357432,3,0.0,none,0.02,0.13829994687298502,0.13829994687298502,0.0,378
macenko_tile,erm,True,0.13829994687298502,0.13617592860890912,0.018543883532498716,0.016241287437706062,0.033559049531219826,0.04182075223755884,-0.3293195597357432,3,0.0,none,0.05,0.13829994687298502,0.13829994687298502,0.0,62
macenko_tile,erm,True,0.13829994687298502,0.13617592860890912,0.018543883532498716,0.016241287437706062,0.033559049531219826,0.04182075223755884,-0.3293195597357432,3,0.0,none,0.1,0.13829994687298502,0.13829994687298502,0.0,18
macenko_tile,erm,True,0.13829994687298502,0.13617592860890912,0.018543883532498716,0.016241287437706062,0.033559049531219826,0.04182075223755884,-0.3293195597357432,3,0.0,none,0.2,0.13829994687298502,0.13829994687298502,0.0,6
macenko_tile,erm,True,0.13829994687298502,0.13617592860890912,0.018543883532498716,0.016241287437706062,0.033559049531219826,0.04182075223755884,-0.3293195597357432,3,0.25,ratio,0.02,0.14784886223078517,0.13829994687298502,0.125,646
macenko_tile,erm,True,0.13829994687298502,0.13617592860890912,0.018543883532498716,0.016241287437706062,0.033559049531219826,0.04182075223755884,-0.3293195597357432,3,0.25,ratio,0.05,0.14784886223078517,0.13829994687298502,0.125,105
macenko_tile,erm,True,0.13829994687298502,0.13617592860890912,0.018543883532498716,0.016241287437706062,0.033559049531219826,0.04182075223755884,-0.3293195597357432,3,0.25,ratio,0.1,0.14784886223078517,0.13829994687298502,0.125,28
macenko_tile,erm,True,0.13829994687298502,0.13617592860890912,0.018543883532498716,0.016241287437706062,0.033559049531219826,0.04182075223755884,-0.3293195597357432,3,0.25,ratio,0.2,0.14784886223078517,0.13829994687298502,0.125,9
macenko_tile,erm,True,0.13829994687298502,0.13617592860890912,0.018543883532498716,0.016241287437706062,0.033559049531219826,0.04182075223755884,-0.3293195597357432,3,0.25,design,0.02,0.14784886223078517,0.13829994687298502,0.125,
macenko_tile,erm,True,0.13829994687298502,0.13617592860890912,0.018543883532498716,0.016241287437706062,0.033559049531219826,0.04182075223755884,-0.3293195597357432,3,0.25,design,0.05,0.14784886223078517,0.13829994687298502,0.125,
macenko_tile,erm,True,0.13829994687298502,0.13617592860890912,0.018543883532498716,0.016241287437706062,0.033559049531219826,0.04182075223755884,-0.3293195597357432,3,0.25,design,0.1,0.14784886223078517,0.13829994687298502,0.125,
macenko_tile,erm,True,0.13829994687298502,0.13617592860890912,0.018543883532498716,0.016241287437706062,0.033559049531219826,0.04182075223755884,-0.3293195597357432,3,0.25,design,0.2,0.14784886223078517,0.13829994687298502,0.125,
macenko_tile,erm,True,0.13829994687298502,0.13617592860890912,0.018543883532498716,0.016241287437706062,0.033559049531219826,0.04182075223755884,-0.3293195597357432,3,0.5,ratio,0.02,0.1596950231120577,0.13829994687298502,0.25,
macenko_tile,erm,True,0.13829994687298502,0.13617592860890912,0.018543883532498716,0.016241287437706062,0.033559049531219826,0.04182075223755884,-0.3293195597357432,3,0.5,ratio,0.05,0.1596950231120577,0.13829994687298502,0.25,163
macenko_tile,erm,True,0.13829994687298502,0.13617592860890912,0.018543883532498716,0.016241287437706062,0.033559049531219826,0.04182075223755884,-0.3293195597357432,3,0.5,ratio,0.1,0.1596950231120577,0.13829994687298502,0.25,42
macenko_tile,erm,True,0.13829994687298502,0.13617592860890912,0.018543883532498716,0.016241287437706062,0.033559049531219826,0.04182075223755884,-0.3293195597357432,3,0.5,ratio,0.2,0.1596950231120577,0.13829994687298502,0.25,13
macenko_tile,erm,True,0.13829994687298502,0.13617592860890912,0.018543883532498716,0.016241287437706062,0.033559049531219826,0.04182075223755884,-0.3293195597357432,3,0.5,design,0.02,0.1596950231120577,0.13829994687298502,0.25,
macenko_tile,erm,True,0.13829994687298502,0.13617592860890912,0.018543883532498716,0.016241287437706062,0.033559049531219826,0.04182075223755884,-0.3293195597357432,3,0.5,design,0.05,0.1596950231120577,0.13829994687298502,0.25,
macenko_tile,erm,True,0.13829994687298502,0.13617592860890912,0.018543883532498716,0.016241287437706062,0.033559049531219826,0.04182075223755884,-0.3293195597357432,3,0.5,design,0.1,0.1596950231120577,0.13829994687298502,0.25,
macenko_tile,erm,True,0.13829994687298502,0.13617592860890912,0.018543883532498716,0.016241287437706062,0.033559049531219826,0.04182075223755884,-0.3293195597357432,3,0.5,design,0.2,0.1596950231120577,0.13829994687298502,0.25,
macenko_tile,erm,True,0.13829994687298502,0.13617592860890912,0.018543883532498716,0.016241287437706062,0.033559049531219826,0.04182075223755884,-0.3293195597357432,5,0.0,none,0.02,0.1374542782020326,0.1374542782020326,0.0,373
macenko_tile,erm,True,0.13829994687298502,0.13617592860890912,0.018543883532498716,0.016241287437706062,0.033559049531219826,0.04182075223755884,-0.3293195597357432,5,0.0,none,0.05,0.1374542782020326,0.1374542782020326,0.0,62
macenko_tile,erm,True,0.13829994687298502,0.13617592860890912,0.018543883532498716,0.016241287437706062,0.033559049531219826,0.04182075223755884,-0.3293195597357432,5,0.0,none,0.1,0.1374542782020326,0.1374542782020326,0.0,17
macenko_tile,erm,True,0.13829994687298502,0.13617592860890912,0.018543883532498716,0.016241287437706062,0.033559049531219826,0.04182075223755884,-0.3293195597357432,5,0.0,none,0.2,0.1374542782020326,0.1374542782020326,0.0,6
macenko_tile,erm,True,0.13829994687298502,0.13617592860890912,0.018543883532498716,0.016241287437706062,0.033559049531219826,0.04182075223755884,-0.3293195597357432,5,0.25,ratio,0.02,0.14694480439380447,0.1374542782020326,0.125,638
macenko_tile,erm,True,0.13829994687298502,0.13617592860890912,0.018543883532498716,0.016241287437706062,0.033559049531219826,0.04182075223755884,-0.3293195597357432,5,0.25,ratio,0.05,0.14694480439380447,0.1374542782020326,0.125,104
macenko_tile,erm,True,0.13829994687298502,0.13617592860890912,0.018543883532498716,0.016241287437706062,0.033559049531219826,0.04182075223755884,-0.3293195597357432,5,0.25,ratio,0.1,0.14694480439380447,0.1374542782020326,0.125,28
macenko_tile,erm,True,0.13829994687298502,0.13617592860890912,0.018543883532498716,0.016241287437706062,0.033559049531219826,0.04182075223755884,-0.3293195597357432,5,0.25,ratio,0.2,0.14694480439380447,0.1374542782020326,0.125,9
macenko_tile,erm,True,0.13829994687298502,0.13617592860890912,0.018543883532498716,0.016241287437706062,0.033559049531219826,0.04182075223755884,-0.3293195597357432,5,0.25,design,0.02,0.14694480439380447,0.1374542782020326,0.125,
macenko_tile,erm,True,0.13829994687298502,0.13617592860890912,0.018543883532498716,0.016241287437706062,0.033559049531219826,0.04182075223755884,-0.3293195597357432,5,0.25,design,0.05,0.14694480439380447,0.1374542782020326,0.125,
macenko_tile,erm,True,0.13829994687298502,0.13617592860890912,0.018543883532498716,0.016241287437706062,0.033559049531219826,0.04182075223755884,-0.3293195597357432,5,0.25,design,0.1,0.14694480439380447,0.1374542782020326,0.125,
macenko_tile,erm,True,0.13829994687298502,0.13617592860890912,0.018543883532498716,0.016241287437706062,0.033559049531219826,0.04182075223755884,-0.3293195597357432,5,0.25,design,0.2,0.14694480439380447,0.1374542782020326,0.125,
macenko_tile,erm,True,0.13829994687298502,0.13617592860890912,0.018543883532498716,0.016241287437706062,0.033559049531219826,0.04182075223755884,-0.3293195597357432,5,0.5,ratio,0.02,0.15871852904241845,0.1374542782020326,0.25,991
macenko_tile,erm,True,0.13829994687298502,0.13617592860890912,0.018543883532498716,0.016241287437706062,0.033559049531219826,0.04182075223755884,-0.3293195597357432,5,0.5,ratio,0.05,0.15871852904241845,0.1374542782020326,0.25,161
macenko_tile,erm,True,0.13829994687298502,0.13617592860890912,0.018543883532498716,0.016241287437706062,0.033559049531219826,0.04182075223755884,-0.3293195597357432,5,0.5,ratio,0.1,0.15871852904241845,0.1374542782020326,0.25,42
macenko_tile,erm,True,0.13829994687298502,0.13617592860890912,0.018543883532498716,0.016241287437706062,0.033559049531219826,0.04182075223755884,-0.3293195597357432,5,0.5,ratio,0.2,0.15871852904241845,0.1374542782020326,0.25,12
macenko_tile,erm,True,0.13829994687298502,0.13617592860890912,0.018543883532498716,0.016241287437706062,0.033559049531219826,0.04182075223755884,-0.3293195597357432,5,0.5,design,0.02,0.15871852904241845,0.1374542782020326,0.25,
macenko_tile,erm,True,0.13829994687298502,0.13617592860890912,0.018543883532498716,0.016241287437706062,0.033559049531219826,0.04182075223755884,-0.3293195597357432,5,0.5,design,0.05,0.15871852904241845,0.1374542782020326,0.25,
macenko_tile,erm,True,0.13829994687298502,0.13617592860890912,0.018543883532498716,0.016241287437706062,0.033559049531219826,0.04182075223755884,-0.3293195597357432,5,0.5,design,0.1,0.15871852904241845,0.1374542782020326,0.25,
macenko_tile,erm,True,0.13829994687298502,0.13617592860890912,0.018543883532498716,0.016241287437706062,0.033559049531219826,0.04182075223755884,-0.3293195597357432,5,0.5,design,0.2,0.15871852904241845,0.1374542782020326,0.25,
macenko_tile,erm,True,0.13829994687298502,0.13617592860890912,0.018543883532498716,0.016241287437706062,0.033559049531219826,0.04182075223755884,-0.3293195597357432,10,0.0,none,0.02,0.13681659645039504,0.13681659645039504,0.0,370
macenko_tile,erm,True,0.13829994687298502,0.13617592860890912,0.018543883532498716,0.016241287437706062,0.033559049531219826,0.04182075223755884,-0.3293195597357432,10,0.0,none,0.05,0.13681659645039504,0.13681659645039504,0.0,61
macenko_tile,erm,True,0.13829994687298502,0.13617592860890912,0.018543883532498716,0.016241287437706062,0.033559049531219826,0.04182075223755884,-0.3293195597357432,10,0.0,none,0.1,0.13681659645039504,0.13681659645039504,0.0,17
macenko_tile,erm,True,0.13829994687298502,0.13617592860890912,0.018543883532498716,0.016241287437706062,0.033559049531219826,0.04182075223755884,-0.3293195597357432,10,0.0,none,0.2,0.13681659645039504,0.13681659645039504,0.0,6
macenko_tile,erm,True,0.13829994687298502,0.13617592860890912,0.018543883532498716,0.016241287437706062,0.033559049531219826,0.04182075223755884,-0.3293195597357432,10,0.25,ratio,0.02,0.14626309392625428,0.13681659645039504,0.125,632
macenko_tile,erm,True,0.13829994687298502,0.13617592860890912,0.018543883532498716,0.016241287437706062,0.033559049531219826,0.04182075223755884,-0.3293195597357432,10,0.25,ratio,0.05,0.14626309392625428,0.13681659645039504,0.125,103
macenko_tile,erm,True,0.13829994687298502,0.13617592860890912,0.018543883532498716,0.016241287437706062,0.033559049531219826,0.04182075223755884,-0.3293195597357432,10,0.25,ratio,0.1,0.14626309392625428,0.13681659645039504,0.125,28
macenko_tile,erm,True,0.13829994687298502,0.13617592860890912,0.018543883532498716,0.016241287437706062,0.033559049531219826,0.04182075223755884,-0.3293195597357432,10,0.25,ratio,0.2,0.14626309392625428,0.13681659645039504,0.125,9
macenko_tile,erm,True,0.13829994687298502,0.13617592860890912,0.018543883532498716,0.016241287437706062,0.033559049531219826,0.04182075223755884,-0.3293195597357432,10,0.25,design,0.02,0.14626309392625428,0.13681659645039504,0.125,
macenko_tile,erm,True,0.13829994687298502,0.13617592860890912,0.018543883532498716,0.016241287437706062,0.033559049531219826,0.04182075223755884,-0.3293195597357432,10,0.25,design,0.05,0.14626309392625428,0.13681659645039504,0.125,
macenko_tile,erm,True,0.13829994687298502,0.13617592860890912,0.018543883532498716,0.016241287437706062,0.033559049531219826,0.04182075223755884,-0.3293195597357432,10,0.25,design,0.1,0.14626309392625428,0.13681659645039504,0.125,
macenko_tile,erm,True,0.13829994687298502,0.13617592860890912,0.018543883532498716,0.016241287437706062,0.033559049531219826,0.04182075223755884,-0.3293195597357432,10,0.25,design,0.2,0.14626309392625428,0.13681659645039504,0.125,
macenko_tile,erm,True,0.13829994687298502,0.13617592860890912,0.018543883532498716,0.016241287437706062,0.033559049531219826,0.04182075223755884,-0.3293195597357432,10,0.5,ratio,0.02,0.15798219758048795,0.13681659645039504,0.25,982
macenko_tile,erm,True,0.13829994687298502,0.13617592860890912,0.018543883532498716,0.016241287437706062,0.033559049531219826,0.04182075223755884,-0.3293195597357432,10,0.5,ratio,0.05,0.15798219758048795,0.13681659645039504,0.25,159
macenko_tile,erm,True,0.13829994687298502,0.13617592860890912,0.018543883532498716,0.016241287437706062,0.033559049531219826,0.04182075223755884,-0.3293195597357432,10,0.5,ratio,0.1,0.15798219758048795,0.13681659645039504,0.25,42
macenko_tile,erm,True,0.13829994687298502,0.13617592860890912,0.018543883532498716,0.016241287437706062,0.033559049531219826,0.04182075223755884,-0.3293195597357432,10,0.5,ratio,0.2,0.15798219758048795,0.13681659645039504,0.25,12
macenko_tile,erm,True,0.13829994687298502,0.13617592860890912,0.018543883532498716,0.016241287437706062,0.033559049531219826,0.04182075223755884,-0.3293195597357432,10,0.5,design,0.02,0.15798219758048795,0.13681659645039504,0.25,
macenko_tile,erm,True,0.13829994687298502,0.13617592860890912,0.018543883532498716,0.016241287437706062,0.033559049531219826,0.04182075223755884,-0.3293195597357432,10,0.5,design,0.05,0.15798219758048795,0.13681659645039504,0.25,
macenko_tile,erm,True,0.13829994687298502,0.13617592860890912,0.018543883532498716,0.016241287437706062,0.033559049531219826,0.04182075223755884,-0.3293195597357432,10,0.5,design,0.1,0.15798219758048795,0.13681659645039504,0.25,
macenko_tile,erm,True,0.13829994687298502,0.13617592860890912,0.018543883532498716,0.016241287437706062,0.033559049531219826,0.04182075223755884,-0.3293195597357432,10,0.5,design,0.2,0.15798219758048795,0.13681659645039504,0.25,
mixstyle,erm,True,0.04709226982756481,0.016611874471484937,0.00027595437345637294,0.04409527229503983,0.033559049531219826,0.07632288327996653,-0.9307298892865438,1,0.0,none,0.02,0.07810977458438711,0.07810977458438711,0.0,122
mixstyle,erm,True,0.04709226982756481,0.016611874471484937,0.00027595437345637294,0.04409527229503983,0.033559049531219826,0.07632288327996653,-0.9307298892865438,1,0.0,none,0.05,0.07810977458438711,0.07810977458438711,0.0,22
mixstyle,erm,True,0.04709226982756481,0.016611874471484937,0.00027595437345637294,0.04409527229503983,0.033559049531219826,0.07632288327996653,-0.9307298892865438,1,0.0,none,0.1,0.07810977458438711,0.07810977458438711,0.0,7
mixstyle,erm,True,0.04709226982756481,0.016611874471484937,0.00027595437345637294,0.04409527229503983,0.033559049531219826,0.07632288327996653,-0.9307298892865438,1,0.0,none,0.2,0.07810977458438711,0.07810977458438711,0.0,4
mixstyle,erm,True,0.04709226982756481,0.016611874471484937,0.00027595437345637294,0.04409527229503983,0.033559049531219826,0.07632288327996653,-0.9307298892865438,1,0.25,ratio,0.02,0.08350286144369129,0.07810977458438711,0.125,208
mixstyle,erm,True,0.04709226982756481,0.016611874471484937,0.00027595437345637294,0.04409527229503983,0.033559049531219826,0.07632288327996653,-0.9307298892865438,1,0.25,ratio,0.05,0.08350286144369129,0.07810977458438711,0.125,35
mixstyle,erm,True,0.04709226982756481,0.016611874471484937,0.00027595437345637294,0.04409527229503983,0.033559049531219826,0.07632288327996653,-0.9307298892865438,1,0.25,ratio,0.1,0.08350286144369129,0.07810977458438711,0.125,11
mixstyle,erm,True,0.04709226982756481,0.016611874471484937,0.00027595437345637294,0.04409527229503983,0.033559049531219826,0.07632288327996653,-0.9307298892865438,1,0.25,ratio,0.2,0.08350286144369129,0.07810977458438711,0.125,5
mixstyle,erm,True,0.04709226982756481,0.016611874471484937,0.00027595437345637294,0.04409527229503983,0.033559049531219826,0.07632288327996653,-0.9307298892865438,1,0.25,design,0.02,0.08350286144369129,0.07810977458438711,0.125,
mixstyle,erm,True,0.04709226982756481,0.016611874471484937,0.00027595437345637294,0.04409527229503983,0.033559049531219826,0.07632288327996653,-0.9307298892865438,1,0.25,design,0.05,0.08350286144369129,0.07810977458438711,0.125,
mixstyle,erm,True,0.04709226982756481,0.016611874471484937,0.00027595437345637294,0.04409527229503983,0.033559049531219826,0.07632288327996653,-0.9307298892865438,1,0.25,design,0.1,0.08350286144369129,0.07810977458438711,0.125,
mixstyle,erm,True,0.04709226982756481,0.016611874471484937,0.00027595437345637294,0.04409527229503983,0.033559049531219826,0.07632288327996653,-0.9307298892865438,1,0.25,design,0.2,0.08350286144369129,0.07810977458438711,0.125,4
mixstyle,erm,True,0.04709226982756481,0.016611874471484937,0.00027595437345637294,0.04409527229503983,0.033559049531219826,0.07632288327996653,-0.9307298892865438,1,0.5,ratio,0.02,0.09019339876527378,0.07810977458438711,0.25,322
mixstyle,erm,True,0.04709226982756481,0.016611874471484937,0.00027595437345637294,0.04409527229503983,0.033559049531219826,0.07632288327996653,-0.9307298892865438,1,0.5,ratio,0.05,0.09019339876527378,0.07810977458438711,0.25,54
mixstyle,erm,True,0.04709226982756481,0.016611874471484937,0.00027595437345637294,0.04409527229503983,0.033559049531219826,0.07632288327996653,-0.9307298892865438,1,0.5,ratio,0.1,0.09019339876527378,0.07810977458438711,0.25,15
mixstyle,erm,True,0.04709226982756481,0.016611874471484937,0.00027595437345637294,0.04409527229503983,0.033559049531219826,0.07632288327996653,-0.9307298892865438,1,0.5,ratio,0.2,0.09019339876527378,0.07810977458438711,0.25,6
mixstyle,erm,True,0.04709226982756481,0.016611874471484937,0.00027595437345637294,0.04409527229503983,0.033559049531219826,0.07632288327996653,-0.9307298892865438,1,0.5,design,0.02,0.09019339876527378,0.07810977458438711,0.25,
mixstyle,erm,True,0.04709226982756481,0.016611874471484937,0.00027595437345637294,0.04409527229503983,0.033559049531219826,0.07632288327996653,-0.9307298892865438,1,0.5,design,0.05,0.09019339876527378,0.07810977458438711,0.25,
mixstyle,erm,True,0.04709226982756481,0.016611874471484937,0.00027595437345637294,0.04409527229503983,0.033559049531219826,0.07632288327996653,-0.9307298892865438,1,0.5,design,0.1,0.09019339876527378,0.07810977458438711,0.25,
mixstyle,erm,True,0.04709226982756481,0.016611874471484937,0.00027595437345637294,0.04409527229503983,0.033559049531219826,0.07632288327996653,-0.9307298892865438,1,0.5,design,0.2,0.09019339876527378,0.07810977458438711,0.25,7
mixstyle,erm,True,0.04709226982756481,0.016611874471484937,0.00027595437345637294,0.04409527229503983,0.033559049531219826,0.07632288327996653,-0.9307298892865438,3,0.0,none,0.02,0.04709226982756481,0.04709226982756481,0.0,46
mixstyle,erm,True,0.04709226982756481,0.016611874471484937,0.00027595437345637294,0.04409527229503983,0.033559049531219826,0.07632288327996653,-0.9307298892865438,3,0.0,none,0.05,0.04709226982756481,0.04709226982756481,0.0,10
mixstyle,erm,True,0.04709226982756481,0.016611874471484937,0.00027595437345637294,0.04409527229503983,0.033559049531219826,0.07632288327996653,-0.9307298892865438,3,0.0,none,0.1,0.04709226982756481,0.04709226982756481,0.0,5
mixstyle,erm,True,0.04709226982756481,0.016611874471484937,0.00027595437345637294,0.04409527229503983,0.033559049531219826,0.07632288327996653,-0.9307298892865438,3,0.0,none,0.2,0.04709226982756481,0.04709226982756481,0.0,3
mixstyle,erm,True,0.04709226982756481,0.016611874471484937,0.00027595437345637294,0.04409527229503983,0.033559049531219826,0.07632288327996653,-0.9307298892865438,3,0.25,ratio,0.02,0.05034375407435985,0.04709226982756481,0.125,77
mixstyle,erm,True,0.04709226982756481,0.016611874471484937,0.00027595437345637294,0.04409527229503983,0.033559049531219826,0.07632288327996653,-0.9307298892865438,3,0.25,ratio,0.05,0.05034375407435985,0.04709226982756481,0.125,14
mixstyle,erm,True,0.04709226982756481,0.016611874471484937,0.00027595437345637294,0.04409527229503983,0.033559049531219826,0.07632288327996653,-0.9307298892865438,3,0.25,ratio,0.1,0.05034375407435985,0.04709226982756481,0.125,6
mixstyle,erm,True,0.04709226982756481,0.016611874471484937,0.00027595437345637294,0.04409527229503983,0.033559049531219826,0.07632288327996653,-0.9307298892865438,3,0.25,ratio,0.2,0.05034375407435985,0.04709226982756481,0.125,4
mixstyle,erm,True,0.04709226982756481,0.016611874471484937,0.00027595437345637294,0.04409527229503983,0.033559049531219826,0.07632288327996653,-0.9307298892865438,3,0.25,design,0.02,0.05034375407435985,0.04709226982756481,0.125,
mixstyle,erm,True,0.04709226982756481,0.016611874471484937,0.00027595437345637294,0.04409527229503983,0.033559049531219826,0.07632288327996653,-0.9307298892865438,3,0.25,design,0.05,0.05034375407435985,0.04709226982756481,0.125,
mixstyle,erm,True,0.04709226982756481,0.016611874471484937,0.00027595437345637294,0.04409527229503983,0.033559049531219826,0.07632288327996653,-0.9307298892865438,3,0.25,design,0.1,0.05034375407435985,0.04709226982756481,0.125,6
mixstyle,erm,True,0.04709226982756481,0.016611874471484937,0.00027595437345637294,0.04409527229503983,0.033559049531219826,0.07632288327996653,-0.9307298892865438,3,0.25,design,0.2,0.05034375407435985,0.04709226982756481,0.125,3
mixstyle,erm,True,0.04709226982756481,0.016611874471484937,0.00027595437345637294,0.04409527229503983,0.033559049531219826,0.07632288327996653,-0.9307298892865438,3,0.5,ratio,0.02,0.05437746932339007,0.04709226982756481,0.25,118
mixstyle,erm,True,0.04709226982756481,0.016611874471484937,0.00027595437345637294,0.04409527229503983,0.033559049531219826,0.07632288327996653,-0.9307298892865438,3,0.5,ratio,0.05,0.05437746932339007,0.04709226982756481,0.25,21
mixstyle,erm,True,0.04709226982756481,0.016611874471484937,0.00027595437345637294,0.04409527229503983,0.033559049531219826,0.07632288327996653,-0.9307298892865438,3,0.5,ratio,0.1,0.05437746932339007,0.04709226982756481,0.25,7
mixstyle,erm,True,0.04709226982756481,0.016611874471484937,0.00027595437345637294,0.04409527229503983,0.033559049531219826,0.07632288327996653,-0.9307298892865438,3,0.5,ratio,0.2,0.05437746932339007,0.04709226982756481,0.25,4
mixstyle,erm,True,0.04709226982756481,0.016611874471484937,0.00027595437345637294,0.04409527229503983,0.033559049531219826,0.07632288327996653,-0.9307298892865438,3,0.5,design,0.02,0.05437746932339007,0.04709226982756481,0.25,
mixstyle,erm,True,0.04709226982756481,0.016611874471484937,0.00027595437345637294,0.04409527229503983,0.033559049531219826,0.07632288327996653,-0.9307298892865438,3,0.5,design,0.05,0.05437746932339007,0.04709226982756481,0.25,
mixstyle,erm,True,0.04709226982756481,0.016611874471484937,0.00027595437345637294,0.04409527229503983,0.033559049531219826,0.07632288327996653,-0.9307298892865438,3,0.5,design,0.1,0.05437746932339007,0.04709226982756481,0.25,
mixstyle,erm,True,0.04709226982756481,0.016611874471484937,0.00027595437345637294,0.04409527229503983,0.033559049531219826,0.07632288327996653,-0.9307298892865438,3,0.5,design,0.2,0.05437746932339007,0.04709226982756481,0.25,3
mixstyle,erm,True,0.04709226982756481,0.016611874471484937,0.00027595437345637294,0.04409527229503983,0.033559049531219826,0.07632288327996653,-0.9307298892865438,5,0.0,none,0.02,0.037960385613028905,0.037960385613028905,0.0,31
mixstyle,erm,True,0.04709226982756481,0.016611874471484937,0.00027595437345637294,0.04409527229503983,0.033559049531219826,0.07632288327996653,-0.9307298892865438,5,0.0,none,0.05,0.037960385613028905,0.037960385613028905,0.0,7
mixstyle,erm,True,0.04709226982756481,0.016611874471484937,0.00027595437345637294,0.04409527229503983,0.033559049531219826,0.07632288327996653,-0.9307298892865438,5,0.0,none,0.1,0.037960385613028905,0.037960385613028905,0.0,4
mixstyle,erm,True,0.04709226982756481,0.016611874471484937,0.00027595437345637294,0.04409527229503983,0.033559049531219826,0.07632288327996653,-0.9307298892865438,5,0.0,none,0.2,0.037960385613028905,0.037960385613028905,0.0,3
mixstyle,erm,True,0.04709226982756481,0.016611874471484937,0.00027595437345637294,0.04409527229503983,0.033559049531219826,0.07632288327996653,-0.9307298892865438,5,0.25,ratio,0.02,0.04058135920965053,0.037960385613028905,0.125,51
mixstyle,erm,True,0.04709226982756481,0.016611874471484937,0.00027595437345637294,0.04409527229503983,0.033559049531219826,0.07632288327996653,-0.9307298892865438,5,0.25,ratio,0.05,0.04058135920965053,0.037960385613028905,0.125,10
mixstyle,erm,True,0.04709226982756481,0.016611874471484937,0.00027595437345637294,0.04409527229503983,0.033559049531219826,0.07632288327996653,-0.9307298892865438,5,0.25,ratio,0.1,0.04058135920965053,0.037960385613028905,0.125,5
mixstyle,erm,True,0.04709226982756481,0.016611874471484937,0.00027595437345637294,0.04409527229503983,0.033559049531219826,0.07632288327996653,-0.9307298892865438,5,0.25,ratio,0.2,0.04058135920965053,0.037960385613028905,0.125,3
mixstyle,erm,True,0.04709226982756481,0.016611874471484937,0.00027595437345637294,0.04409527229503983,0.033559049531219826,0.07632288327996653,-0.9307298892865438,5,0.25,design,0.02,0.04058135920965053,0.037960385613028905,0.125,
mixstyle,erm,True,0.04709226982756481,0.016611874471484937,0.00027595437345637294,0.04409527229503983,0.033559049531219826,0.07632288327996653,-0.9307298892865438,5,0.25,design,0.05,0.04058135920965053,0.037960385613028905,0.125,
mixstyle,erm,True,0.04709226982756481,0.016611874471484937,0.00027595437345637294,0.04409527229503983,0.033559049531219826,0.07632288327996653,-0.9307298892865438,5,0.25,design,0.1,0.04058135920965053,0.037960385613028905,0.125,4
mixstyle,erm,True,0.04709226982756481,0.016611874471484937,0.00027595437345637294,0.04409527229503983,0.033559049531219826,0.07632288327996653,-0.9307298892865438,5,0.25,design,0.2,0.04058135920965053,0.037960385613028905,0.125,3
mixstyle,erm,True,0.04709226982756481,0.016611874471484937,0.00027595437345637294,0.04409527229503983,0.033559049531219826,0.07632288327996653,-0.9307298892865438,5,0.5,ratio,0.02,0.04383287770444847,0.037960385613028905,0.25,78
mixstyle,erm,True,0.04709226982756481,0.016611874471484937,0.00027595437345637294,0.04409527229503983,0.033559049531219826,0.07632288327996653,-0.9307298892865438,5,0.5,ratio,0.05,0.04383287770444847,0.037960385613028905,0.25,15
mixstyle,erm,True,0.04709226982756481,0.016611874471484937,0.00027595437345637294,0.04409527229503983,0.033559049531219826,0.07632288327996653,-0.9307298892865438,5,0.5,ratio,0.1,0.04383287770444847,0.037960385613028905,0.25,6
mixstyle,erm,True,0.04709226982756481,0.016611874471484937,0.00027595437345637294,0.04409527229503983,0.033559049531219826,0.07632288327996653,-0.9307298892865438,5,0.5,ratio,0.2,0.04383287770444847,0.037960385613028905,0.25,4
mixstyle,erm,True,0.04709226982756481,0.016611874471484937,0.00027595437345637294,0.04409527229503983,0.033559049531219826,0.07632288327996653,-0.9307298892865438,5,0.5,design,0.02,0.04383287770444847,0.037960385613028905,0.25,
mixstyle,erm,True,0.04709226982756481,0.016611874471484937,0.00027595437345637294,0.04409527229503983,0.033559049531219826,0.07632288327996653,-0.9307298892865438,5,0.5,design,0.05,0.04383287770444847,0.037960385613028905,0.25,
mixstyle,erm,True,0.04709226982756481,0.016611874471484937,0.00027595437345637294,0.04409527229503983,0.033559049531219826,0.07632288327996653,-0.9307298892865438,5,0.5,design,0.1,0.04383287770444847,0.037960385613028905,0.25,6
mixstyle,erm,True,0.04709226982756481,0.016611874471484937,0.00027595437345637294,0.04409527229503983,0.033559049531219826,0.07632288327996653,-0.9307298892865438,5,0.5,design,0.2,0.04383287770444847,0.037960385613028905,0.25,3
mixstyle,erm,True,0.04709226982756481,0.016611874471484937,0.00027595437345637294,0.04409527229503983,0.033559049531219826,0.07632288327996653,-0.9307298892865438,10,0.0,none,0.02,0.02929970349121493,0.02929970349121493,0.0,19
mixstyle,erm,True,0.04709226982756481,0.016611874471484937,0.00027595437345637294,0.04409527229503983,0.033559049531219826,0.07632288327996653,-0.9307298892865438,10,0.0,none,0.05,0.02929970349121493,0.02929970349121493,0.0,5
mixstyle,erm,True,0.04709226982756481,0.016611874471484937,0.00027595437345637294,0.04409527229503983,0.033559049531219826,0.07632288327996653,-0.9307298892865438,10,0.0,none,0.1,0.02929970349121493,0.02929970349121493,0.0,3
mixstyle,erm,True,0.04709226982756481,0.016611874471484937,0.00027595437345637294,0.04409527229503983,0.033559049531219826,0.07632288327996653,-0.9307298892865438,10,0.0,none,0.2,0.02929970349121493,0.02929970349121493,0.0,3
mixstyle,erm,True,0.04709226982756481,0.016611874471484937,0.00027595437345637294,0.04409527229503983,0.033559049531219826,0.07632288327996653,-0.9307298892865438,10,0.25,ratio,0.02,0.0313227005709116,0.02929970349121493,0.125,31
mixstyle,erm,True,0.04709226982756481,0.016611874471484937,0.00027595437345637294,0.04409527229503983,0.033559049531219826,0.07632288327996653,-0.9307298892865438,10,0.25,ratio,0.05,0.0313227005709116,0.02929970349121493,0.125,7
mixstyle,erm,True,0.04709226982756481,0.016611874471484937,0.00027595437345637294,0.04409527229503983,0.033559049531219826,0.07632288327996653,-0.9307298892865438,10,0.25,ratio,0.1,0.0313227005709116,0.02929970349121493,0.125,4
mixstyle,erm,True,0.04709226982756481,0.016611874471484937,0.00027595437345637294,0.04409527229503983,0.033559049531219826,0.07632288327996653,-0.9307298892865438,10,0.25,ratio,0.2,0.0313227005709116,0.02929970349121493,0.125,3
mixstyle,erm,True,0.04709226982756481,0.016611874471484937,0.00027595437345637294,0.04409527229503983,0.033559049531219826,0.07632288327996653,-0.9307298892865438,10,0.25,design,0.02,0.0313227005709116,0.02929970349121493,0.125,
mixstyle,erm,True,0.04709226982756481,0.016611874471484937,0.00027595437345637294,0.04409527229503983,0.033559049531219826,0.07632288327996653,-0.9307298892865438,10,0.25,design,0.05,0.0313227005709116,0.02929970349121493,0.125,13
mixstyle,erm,True,0.04709226982756481,0.016611874471484937,0.00027595437345637294,0.04409527229503983,0.033559049531219826,0.07632288327996653,-0.9307298892865438,10,0.25,design,0.1,0.0313227005709116,0.02929970349121493,0.125,4
mixstyle,erm,True,0.04709226982756481,0.016611874471484937,0.00027595437345637294,0.04409527229503983,0.033559049531219826,0.07632288327996653,-0.9307298892865438,10,0.25,design,0.2,0.0313227005709116,0.02929970349121493,0.125,3
mixstyle,erm,True,0.04709226982756481,0.016611874471484937,0.00027595437345637294,0.04409527229503983,0.033559049531219826,0.07632288327996653,-0.9307298892865438,10,0.5,ratio,0.02,0.03383238339565832,0.02929970349121493,0.25,47
mixstyle,erm,True,0.04709226982756481,0.016611874471484937,0.00027595437345637294,0.04409527229503983,0.033559049531219826,0.07632288327996653,-0.9307298892865438,10,0.5,ratio,0.05,0.03383238339565832,0.02929970349121493,0.25,10
mixstyle,erm,True,0.04709226982756481,0.016611874471484937,0.00027595437345637294,0.04409527229503983,0.033559049531219826,0.07632288327996653,-0.9307298892865438,10,0.5,ratio,0.1,0.03383238339565832,0.02929970349121493,0.25,5
mixstyle,erm,True,0.04709226982756481,0.016611874471484937,0.00027595437345637294,0.04409527229503983,0.033559049531219826,0.07632288327996653,-0.9307298892865438,10,0.5,ratio,0.2,0.03383238339565832,0.02929970349121493,0.25,3
mixstyle,erm,True,0.04709226982756481,0.016611874471484937,0.00027595437345637294,0.04409527229503983,0.033559049531219826,0.07632288327996653,-0.9307298892865438,10,0.5,design,0.02,0.03383238339565832,0.02929970349121493,0.25,
mixstyle,erm,True,0.04709226982756481,0.016611874471484937,0.00027595437345637294,0.04409527229503983,0.033559049531219826,0.07632288327996653,-0.9307298892865438,10,0.5,design,0.05,0.03383238339565832,0.02929970349121493,0.25,
mixstyle,erm,True,0.04709226982756481,0.016611874471484937,0.00027595437345637294,0.04409527229503983,0.033559049531219826,0.07632288327996653,-0.9307298892865438,10,0.5,design,0.1,0.03383238339565832,0.02929970349121493,0.25,4
mixstyle,erm,True,0.04709226982756481,0.016611874471484937,0.00027595437345637294,0.04409527229503983,0.033559049531219826,0.07632288327996653,-0.9307298892865438,10,0.5,design,0.2,0.03383238339565832,0.02929970349121493,0.25,3
probe_resnet50_imagenet,erm,True,0.12862797185172165,0.1271988338392318,0.0161795433300605,0.007015631723284599,0.033559049531219826,0.033118505972951046,0.16690907706017868,1,0.0,none,0.02,0.131439639256736,0.131439639256736,0.0,341
probe_resnet50_imagenet,erm,True,0.12862797185172165,0.1271988338392318,0.0161795433300605,0.007015631723284599,0.033559049531219826,0.033118505972951046,0.16690907706017868,1,0.0,none,0.05,0.131439639256736,0.131439639256736,0.0,57
probe_resnet50_imagenet,erm,True,0.12862797185172165,0.1271988338392318,0.0161795433300605,0.007015631723284599,0.033559049531219826,0.033118505972951046,0.16690907706017868,1,0.0,none,0.1,0.131439639256736,0.131439639256736,0.0,16
probe_resnet50_imagenet,erm,True,0.12862797185172165,0.1271988338392318,0.0161795433300605,0.007015631723284599,0.033559049531219826,0.033118505972951046,0.16690907706017868,1,0.0,none,0.2,0.131439639256736,0.131439639256736,0.0,6
probe_resnet50_imagenet,erm,True,0.12862797185172165,0.1271988338392318,0.0161795433300605,0.007015631723284599,0.033559049531219826,0.033118505972951046,0.16690907706017868,1,0.25,ratio,0.02,0.14051488489710523,0.131439639256736,0.125,584
probe_resnet50_imagenet,erm,True,0.12862797185172165,0.1271988338392318,0.0161795433300605,0.007015631723284599,0.033559049531219826,0.033118505972951046,0.16690907706017868,1,0.25,ratio,0.05,0.14051488489710523,0.131439639256736,0.125,95
probe_resnet50_imagenet,erm,True,0.12862797185172165,0.1271988338392318,0.0161795433300605,0.007015631723284599,0.033559049531219826,0.033118505972951046,0.16690907706017868,1,0.25,ratio,0.1,0.14051488489710523,0.131439639256736,0.125,26
probe_resnet50_imagenet,erm,True,0.12862797185172165,0.1271988338392318,0.0161795433300605,0.007015631723284599,0.033559049531219826,0.033118505972951046,0.16690907706017868,1,0.25,ratio,0.2,0.14051488489710523,0.131439639256736,0.125,8
probe_resnet50_imagenet,erm,True,0.12862797185172165,0.1271988338392318,0.0161795433300605,0.007015631723284599,0.033559049531219826,0.033118505972951046,0.16690907706017868,1,0.25,design,0.02,0.14051488489710523,0.131439639256736,0.125,
probe_resnet50_imagenet,erm,True,0.12862797185172165,0.1271988338392318,0.0161795433300605,0.007015631723284599,0.033559049531219826,0.033118505972951046,0.16690907706017868,1,0.25,design,0.05,0.14051488489710523,0.131439639256736,0.125,
probe_resnet50_imagenet,erm,True,0.12862797185172165,0.1271988338392318,0.0161795433300605,0.007015631723284599,0.033559049531219826,0.033118505972951046,0.16690907706017868,1,0.25,design,0.1,0.14051488489710523,0.131439639256736,0.125,
probe_resnet50_imagenet,erm,True,0.12862797185172165,0.1271988338392318,0.0161795433300605,0.007015631723284599,0.033559049531219826,0.033118505972951046,0.16690907706017868,1,0.25,design,0.2,0.14051488489710523,0.131439639256736,0.125,93
probe_resnet50_imagenet,erm,True,0.12862797185172165,0.1271988338392318,0.0161795433300605,0.007015631723284599,0.033559049531219826,0.033118505972951046,0.16690907706017868,1,0.5,ratio,0.02,0.15177342221412765,0.131439639256736,0.25,906
probe_resnet50_imagenet,erm,True,0.12862797185172165,0.1271988338392318,0.0161795433300605,0.007015631723284599,0.033559049531219826,0.033118505972951046,0.16690907706017868,1,0.5,ratio,0.05,0.15177342221412765,0.131439639256736,0.25,147
probe_resnet50_imagenet,erm,True,0.12862797185172165,0.1271988338392318,0.0161795433300605,0.007015631723284599,0.033559049531219826,0.033118505972951046,0.16690907706017868,1,0.5,ratio,0.1,0.15177342221412765,0.131439639256736,0.25,39
probe_resnet50_imagenet,erm,True,0.12862797185172165,0.1271988338392318,0.0161795433300605,0.007015631723284599,0.033559049531219826,0.033118505972951046,0.16690907706017868,1,0.5,ratio,0.2,0.15177342221412765,0.131439639256736,0.25,12
probe_resnet50_imagenet,erm,True,0.12862797185172165,0.1271988338392318,0.0161795433300605,0.007015631723284599,0.033559049531219826,0.033118505972951046,0.16690907706017868,1,0.5,design,0.02,0.15177342221412765,0.131439639256736,0.25,
probe_resnet50_imagenet,erm,True,0.12862797185172165,0.1271988338392318,0.0161795433300605,0.007015631723284599,0.033559049531219826,0.033118505972951046,0.16690907706017868,1,0.5,design,0.05,0.15177342221412765,0.131439639256736,0.25,
probe_resnet50_imagenet,erm,True,0.12862797185172165,0.1271988338392318,0.0161795433300605,0.007015631723284599,0.033559049531219826,0.033118505972951046,0.16690907706017868,1,0.5,design,0.1,0.15177342221412765,0.131439639256736,0.25,
probe_resnet50_imagenet,erm,True,0.12862797185172165,0.1271988338392318,0.0161795433300605,0.007015631723284599,0.033559049531219826,0.033118505972951046,0.16690907706017868,1,0.5,design,0.2,0.15177342221412765,0.131439639256736,0.25,
probe_resnet50_imagenet,erm,True,0.12862797185172165,0.1271988338392318,0.0161795433300605,0.007015631723284599,0.033559049531219826,0.033118505972951046,0.16690907706017868,3,0.0,none,0.02,0.12862797185172165,0.12862797185172165,0.0,327
probe_resnet50_imagenet,erm,True,0.12862797185172165,0.1271988338392318,0.0161795433300605,0.007015631723284599,0.033559049531219826,0.033118505972951046,0.16690907706017868,3,0.0,none,0.05,0.12862797185172165,0.12862797185172165,0.0,54
probe_resnet50_imagenet,erm,True,0.12862797185172165,0.1271988338392318,0.0161795433300605,0.007015631723284599,0.033559049531219826,0.033118505972951046,0.16690907706017868,3,0.0,none,0.1,0.12862797185172165,0.12862797185172165,0.0,16
probe_resnet50_imagenet,erm,True,0.12862797185172165,0.1271988338392318,0.0161795433300605,0.007015631723284599,0.033559049531219826,0.033118505972951046,0.16690907706017868,3,0.0,none,0.2,0.12862797185172165,0.12862797185172165,0.0,6
probe_resnet50_imagenet,erm,True,0.12862797185172165,0.1271988338392318,0.0161795433300605,0.007015631723284599,0.033559049531219826,0.033118505972951046,0.16690907706017868,3,0.25,ratio,0.02,0.13750908600706999,0.12862797185172165,0.125,559
probe_resnet50_imagenet,erm,True,0.12862797185172165,0.1271988338392318,0.0161795433300605,0.007015631723284599,0.033559049531219826,0.033118505972951046,0.16690907706017868,3,0.25,ratio,0.05,0.13750908600706999,0.12862797185172165,0.125,91
probe_resnet50_imagenet,erm,True,0.12862797185172165,0.1271988338392318,0.0161795433300605,0.007015631723284599,0.033559049531219826,0.033118505972951046,0.16690907706017868,3,0.25,ratio,0.1,0.13750908600706999,0.12862797185172165,0.125,25
probe_resnet50_imagenet,erm,True,0.12862797185172165,0.1271988338392318,0.0161795433300605,0.007015631723284599,0.033559049531219826,0.033118505972951046,0.16690907706017868,3,0.25,ratio,0.2,0.13750908600706999,0.12862797185172165,0.125,8
probe_resnet50_imagenet,erm,True,0.12862797185172165,0.1271988338392318,0.0161795433300605,0.007015631723284599,0.033559049531219826,0.033118505972951046,0.16690907706017868,3,0.25,design,0.02,0.13750908600706999,0.12862797185172165,0.125,
probe_resnet50_imagenet,erm,True,0.12862797185172165,0.1271988338392318,0.0161795433300605,0.007015631723284599,0.033559049531219826,0.033118505972951046,0.16690907706017868,3,0.25,design,0.05,0.13750908600706999,0.12862797185172165,0.125,
probe_resnet50_imagenet,erm,True,0.12862797185172165,0.1271988338392318,0.0161795433300605,0.007015631723284599,0.033559049531219826,0.033118505972951046,0.16690907706017868,3,0.25,design,0.1,0.13750908600706999,0.12862797185172165,0.125,
probe_resnet50_imagenet,erm,True,0.12862797185172165,0.1271988338392318,0.0161795433300605,0.007015631723284599,0.033559049531219826,0.033118505972951046,0.16690907706017868,3,0.25,design,0.2,0.13750908600706999,0.12862797185172165,0.125,40
probe_resnet50_imagenet,erm,True,0.12862797185172165,0.1271988338392318,0.0161795433300605,0.007015631723284599,0.033559049531219826,0.033118505972951046,0.16690907706017868,3,0.5,ratio,0.02,0.14852678834781421,0.12862797185172165,0.25,868
probe_resnet50_imagenet,erm,True,0.12862797185172165,0.1271988338392318,0.0161795433300605,0.007015631723284599,0.033559049531219826,0.033118505972951046,0.16690907706017868,3,0.5,ratio,0.05,0.14852678834781421,0.12862797185172165,0.25,141
probe_resnet50_imagenet,erm,True,0.12862797185172165,0.1271988338392318,0.0161795433300605,0.007015631723284599,0.033559049531219826,0.033118505972951046,0.16690907706017868,3,0.5,ratio,0.1,0.14852678834781421,0.12862797185172165,0.25,37
probe_resnet50_imagenet,erm,True,0.12862797185172165,0.1271988338392318,0.0161795433300605,0.007015631723284599,0.033559049531219826,0.033118505972951046,0.16690907706017868,3,0.5,ratio,0.2,0.14852678834781421,0.12862797185172165,0.25,11
probe_resnet50_imagenet,erm,True,0.12862797185172165,0.1271988338392318,0.0161795433300605,0.007015631723284599,0.033559049531219826,0.033118505972951046,0.16690907706017868,3,0.5,design,0.02,0.14852678834781421,0.12862797185172165,0.25,
probe_resnet50_imagenet,erm,True,0.12862797185172165,0.1271988338392318,0.0161795433300605,0.007015631723284599,0.033559049531219826,0.033118505972951046,0.16690907706017868,3,0.5,design,0.05,0.14852678834781421,0.12862797185172165,0.25,
probe_resnet50_imagenet,erm,True,0.12862797185172165,0.1271988338392318,0.0161795433300605,0.007015631723284599,0.033559049531219826,0.033118505972951046,0.16690907706017868,3,0.5,design,0.1,0.14852678834781421,0.12862797185172165,0.25,
probe_resnet50_imagenet,erm,True,0.12862797185172165,0.1271988338392318,0.0161795433300605,0.007015631723284599,0.033559049531219826,0.033118505972951046,0.16690907706017868,3,0.5,design,0.2,0.14852678834781421,0.12862797185172165,0.25,
probe_resnet50_imagenet,erm,True,0.12862797185172165,0.1271988338392318,0.0161795433300605,0.007015631723284599,0.033559049531219826,0.033118505972951046,0.16690907706017868,5,0.0,none,0.02,0.12805823057358157,0.12805823057358157,0.0,324
probe_resnet50_imagenet,erm,True,0.12862797185172165,0.1271988338392318,0.0161795433300605,0.007015631723284599,0.033559049531219826,0.033118505972951046,0.16690907706017868,5,0.0,none,0.05,0.12805823057358157,0.12805823057358157,0.0,54
probe_resnet50_imagenet,erm,True,0.12862797185172165,0.1271988338392318,0.0161795433300605,0.007015631723284599,0.033559049531219826,0.033118505972951046,0.16690907706017868,5,0.0,none,0.1,0.12805823057358157,0.12805823057358157,0.0,15
probe_resnet50_imagenet,erm,True,0.12862797185172165,0.1271988338392318,0.0161795433300605,0.007015631723284599,0.033559049531219826,0.033118505972951046,0.16690907706017868,5,0.0,none,0.2,0.12805823057358157,0.12805823057358157,0.0,6
probe_resnet50_imagenet,erm,True,0.12862797185172165,0.1271988338392318,0.0161795433300605,0.007015631723284599,0.033559049531219826,0.033118505972951046,0.16690907706017868,5,0.25,ratio,0.02,0.136900006960812,0.12805823057358157,0.125,554
probe_resnet50_imagenet,erm,True,0.12862797185172165,0.1271988338392318,0.0161795433300605,0.007015631723284599,0.033559049531219826,0.033118505972951046,0.16690907706017868,5,0.25,ratio,0.05,0.136900006960812,0.12805823057358157,0.125,91
probe_resnet50_imagenet,erm,True,0.12862797185172165,0.1271988338392318,0.0161795433300605,0.007015631723284599,0.033559049531219826,0.033118505972951046,0.16690907706017868,5,0.25,ratio,0.1,0.136900006960812,0.12805823057358157,0.125,25
probe_resnet50_imagenet,erm,True,0.12862797185172165,0.1271988338392318,0.0161795433300605,0.007015631723284599,0.033559049531219826,0.033118505972951046,0.16690907706017868,5,0.25,ratio,0.2,0.136900006960812,0.12805823057358157,0.125,8
probe_resnet50_imagenet,erm,True,0.12862797185172165,0.1271988338392318,0.0161795433300605,0.007015631723284599,0.033559049531219826,0.033118505972951046,0.16690907706017868,5,0.25,design,0.02,0.136900006960812,0.12805823057358157,0.125,
probe_resnet50_imagenet,erm,True,0.12862797185172165,0.1271988338392318,0.0161795433300605,0.007015631723284599,0.033559049531219826,0.033118505972951046,0.16690907706017868,5,0.25,design,0.05,0.136900006960812,0.12805823057358157,0.125,
probe_resnet50_imagenet,erm,True,0.12862797185172165,0.1271988338392318,0.0161795433300605,0.007015631723284599,0.033559049531219826,0.033118505972951046,0.16690907706017868,5,0.25,design,0.1,0.136900006960812,0.12805823057358157,0.125,
probe_resnet50_imagenet,erm,True,0.12862797185172165,0.1271988338392318,0.0161795433300605,0.007015631723284599,0.033559049531219826,0.033118505972951046,0.16690907706017868,5,0.25,design,0.2,0.136900006960812,0.12805823057358157,0.125,36
probe_resnet50_imagenet,erm,True,0.12862797185172165,0.1271988338392318,0.0161795433300605,0.007015631723284599,0.033559049531219826,0.033118505972951046,0.16690907706017868,5,0.5,ratio,0.02,0.14786890778720896,0.12805823057358157,0.25,861
probe_resnet50_imagenet,erm,True,0.12862797185172165,0.1271988338392318,0.0161795433300605,0.007015631723284599,0.033559049531219826,0.033118505972951046,0.16690907706017868,5,0.5,ratio,0.05,0.14786890778720896,0.12805823057358157,0.25,140
probe_resnet50_imagenet,erm,True,0.12862797185172165,0.1271988338392318,0.0161795433300605,0.007015631723284599,0.033559049531219826,0.033118505972951046,0.16690907706017868,5,0.5,ratio,0.1,0.14786890778720896,0.12805823057358157,0.25,37
probe_resnet50_imagenet,erm,True,0.12862797185172165,0.1271988338392318,0.0161795433300605,0.007015631723284599,0.033559049531219826,0.033118505972951046,0.16690907706017868,5,0.5,ratio,0.2,0.14786890778720896,0.12805823057358157,0.25,11
probe_resnet50_imagenet,erm,True,0.12862797185172165,0.1271988338392318,0.0161795433300605,0.007015631723284599,0.033559049531219826,0.033118505972951046,0.16690907706017868,5,0.5,design,0.02,0.14786890778720896,0.12805823057358157,0.25,
probe_resnet50_imagenet,erm,True,0.12862797185172165,0.1271988338392318,0.0161795433300605,0.007015631723284599,0.033559049531219826,0.033118505972951046,0.16690907706017868,5,0.5,design,0.05,0.14786890778720896,0.12805823057358157,0.25,
probe_resnet50_imagenet,erm,True,0.12862797185172165,0.1271988338392318,0.0161795433300605,0.007015631723284599,0.033559049531219826,0.033118505972951046,0.16690907706017868,5,0.5,design,0.1,0.14786890778720896,0.12805823057358157,0.25,
probe_resnet50_imagenet,erm,True,0.12862797185172165,0.1271988338392318,0.0161795433300605,0.007015631723284599,0.033559049531219826,0.033118505972951046,0.16690907706017868,5,0.5,design,0.2,0.14786890778720896,0.12805823057358157,0.25,
probe_resnet50_imagenet,erm,True,0.12862797185172165,0.1271988338392318,0.0161795433300605,0.007015631723284599,0.033559049531219826,0.033118505972951046,0.16690907706017868,10,0.0,none,0.02,0.12762925555627339,0.12762925555627339,0.0,322
probe_resnet50_imagenet,erm,True,0.12862797185172165,0.1271988338392318,0.0161795433300605,0.007015631723284599,0.033559049531219826,0.033118505972951046,0.16690907706017868,10,0.0,none,0.05,0.12762925555627339,0.12762925555627339,0.0,54
probe_resnet50_imagenet,erm,True,0.12862797185172165,0.1271988338392318,0.0161795433300605,0.007015631723284599,0.033559049531219826,0.033118505972951046,0.16690907706017868,10,0.0,none,0.1,0.12762925555627339,0.12762925555627339,0.0,15
probe_resnet50_imagenet,erm,True,0.12862797185172165,0.1271988338392318,0.0161795433300605,0.007015631723284599,0.033559049531219826,0.033118505972951046,0.16690907706017868,10,0.0,none,0.2,0.12762925555627339,0.12762925555627339,0.0,6
probe_resnet50_imagenet,erm,True,0.12862797185172165,0.1271988338392318,0.0161795433300605,0.007015631723284599,0.033559049531219826,0.033118505972951046,0.16690907706017868,10,0.25,ratio,0.02,0.13644141337731128,0.12762925555627339,0.125,550
probe_resnet50_imagenet,erm,True,0.12862797185172165,0.1271988338392318,0.0161795433300605,0.007015631723284599,0.033559049531219826,0.033118505972951046,0.16690907706017868,10,0.25,ratio,0.05,0.13644141337731128,0.12762925555627339,0.125,90
probe_resnet50_imagenet,erm,True,0.12862797185172165,0.1271988338392318,0.0161795433300605,0.007015631723284599,0.033559049531219826,0.033118505972951046,0.16690907706017868,10,0.25,ratio,0.1,0.13644141337731128,0.12762925555627339,0.125,24
probe_resnet50_imagenet,erm,True,0.12862797185172165,0.1271988338392318,0.0161795433300605,0.007015631723284599,0.033559049531219826,0.033118505972951046,0.16690907706017868,10,0.25,ratio,0.2,0.13644141337731128,0.12762925555627339,0.125,8
probe_resnet50_imagenet,erm,True,0.12862797185172165,0.1271988338392318,0.0161795433300605,0.007015631723284599,0.033559049531219826,0.033118505972951046,0.16690907706017868,10,0.25,design,0.02,0.13644141337731128,0.12762925555627339,0.125,
probe_resnet50_imagenet,erm,True,0.12862797185172165,0.1271988338392318,0.0161795433300605,0.007015631723284599,0.033559049531219826,0.033118505972951046,0.16690907706017868,10,0.25,design,0.05,0.13644141337731128,0.12762925555627339,0.125,
probe_resnet50_imagenet,erm,True,0.12862797185172165,0.1271988338392318,0.0161795433300605,0.007015631723284599,0.033559049531219826,0.033118505972951046,0.16690907706017868,10,0.25,design,0.1,0.13644141337731128,0.12762925555627339,0.125,
probe_resnet50_imagenet,erm,True,0.12862797185172165,0.1271988338392318,0.0161795433300605,0.007015631723284599,0.033559049531219826,0.033118505972951046,0.16690907706017868,10,0.25,design,0.2,0.13644141337731128,0.12762925555627339,0.125,34
probe_resnet50_imagenet,erm,True,0.12862797185172165,0.1271988338392318,0.0161795433300605,0.007015631723284599,0.033559049531219826,0.033118505972951046,0.16690907706017868,10,0.5,ratio,0.02,0.14737357010377197,0.12762925555627339,0.25,855
probe_resnet50_imagenet,erm,True,0.12862797185172165,0.1271988338392318,0.0161795433300605,0.007015631723284599,0.033559049531219826,0.033118505972951046,0.16690907706017868,10,0.5,ratio,0.05,0.14737357010377197,0.12762925555627339,0.25,139
probe_resnet50_imagenet,erm,True,0.12862797185172165,0.1271988338392318,0.0161795433300605,0.007015631723284599,0.033559049531219826,0.033118505972951046,0.16690907706017868,10,0.5,ratio,0.1,0.14737357010377197,0.12762925555627339,0.25,37
probe_resnet50_imagenet,erm,True,0.12862797185172165,0.1271988338392318,0.0161795433300605,0.007015631723284599,0.033559049531219826,0.033118505972951046,0.16690907706017868,10,0.5,ratio,0.2,0.14737357010377197,0.12762925555627339,0.25,11
probe_resnet50_imagenet,erm,True,0.12862797185172165,0.1271988338392318,0.0161795433300605,0.007015631723284599,0.033559049531219826,0.033118505972951046,0.16690907706017868,10,0.5,design,0.02,0.14737357010377197,0.12762925555627339,0.25,
probe_resnet50_imagenet,erm,True,0.12862797185172165,0.1271988338392318,0.0161795433300605,0.007015631723284599,0.033559049531219826,0.033118505972951046,0.16690907706017868,10,0.5,design,0.05,0.14737357010377197,0.12762925555627339,0.25,
probe_resnet50_imagenet,erm,True,0.12862797185172165,0.1271988338392318,0.0161795433300605,0.007015631723284599,0.033559049531219826,0.033118505972951046,0.16690907706017868,10,0.5,design,0.1,0.14737357010377197,0.12762925555627339,0.25,
probe_resnet50_imagenet,erm,True,0.12862797185172165,0.1271988338392318,0.0161795433300605,0.007015631723284599,0.033559049531219826,0.033118505972951046,0.16690907706017868,10,0.5,design,0.2,0.14737357010377197,0.12762925555627339,0.25,
probe_resnet50_lunit_bt,erm,True,0.14889658148190255,0.14763596978134197,0.021796379573277323,0.0064032097755533065,0.033559049531219826,0.03348786662596718,0.10650709601766152,1,0.0,none,0.02,0.15138631637118294,0.15138631637118294,0.0,452
probe_resnet50_lunit_bt,erm,True,0.14889658148190255,0.14763596978134197,0.021796379573277323,0.0064032097755533065,0.033559049531219826,0.03348786662596718,0.10650709601766152,1,0.0,none,0.05,0.15138631637118294,0.15138631637118294,0.0,74
probe_resnet50_lunit_bt,erm,True,0.14889658148190255,0.14763596978134197,0.021796379573277323,0.0064032097755533065,0.033559049531219826,0.03348786662596718,0.10650709601766152,1,0.0,none,0.1,0.15138631637118294,0.15138631637118294,0.0,20
probe_resnet50_lunit_bt,erm,True,0.14889658148190255,0.14763596978134197,0.021796379573277323,0.0064032097755533065,0.033559049531219826,0.03348786662596718,0.10650709601766152,1,0.0,none,0.2,0.15138631637118294,0.15138631637118294,0.0,7
probe_resnet50_lunit_bt,erm,True,0.14889658148190255,0.14763596978134197,0.021796379573277323,0.0064032097755533065,0.033559049531219826,0.03348786662596718,0.10650709601766152,1,0.25,ratio,0.02,0.16183877968763816,0.15138631637118294,0.125,773
probe_resnet50_lunit_bt,erm,True,0.14889658148190255,0.14763596978134197,0.021796379573277323,0.0064032097755533065,0.033559049531219826,0.03348786662596718,0.10650709601766152,1,0.25,ratio,0.05,0.16183877968763816,0.15138631637118294,0.125,126
probe_resnet50_lunit_bt,erm,True,0.14889658148190255,0.14763596978134197,0.021796379573277323,0.0064032097755533065,0.033559049531219826,0.03348786662596718,0.10650709601766152,1,0.25,ratio,0.1,0.16183877968763816,0.15138631637118294,0.125,33
probe_resnet50_lunit_bt,erm,True,0.14889658148190255,0.14763596978134197,0.021796379573277323,0.0064032097755533065,0.033559049531219826,0.03348786662596718,0.10650709601766152,1,0.25,ratio,0.2,0.16183877968763816,0.15138631637118294,0.125,10
probe_resnet50_lunit_bt,erm,True,0.14889658148190255,0.14763596978134197,0.021796379573277323,0.0064032097755533065,0.033559049531219826,0.03348786662596718,0.10650709601766152,1,0.25,design,0.02,0.16183877968763816,0.15138631637118294,0.125,
probe_resnet50_lunit_bt,erm,True,0.14889658148190255,0.14763596978134197,0.021796379573277323,0.0064032097755533065,0.033559049531219826,0.03348786662596718,0.10650709601766152,1,0.25,design,0.05,0.16183877968763816,0.15138631637118294,0.125,
probe_resnet50_lunit_bt,erm,True,0.14889658148190255,0.14763596978134197,0.021796379573277323,0.0064032097755533065,0.033559049531219826,0.03348786662596718,0.10650709601766152,1,0.25,design,0.1,0.16183877968763816,0.15138631637118294,0.125,
probe_resnet50_lunit_bt,erm,True,0.14889658148190255,0.14763596978134197,0.021796379573277323,0.0064032097755533065,0.033559049531219826,0.03348786662596718,0.10650709601766152,1,0.25,design,0.2,0.16183877968763816,0.15138631637118294,0.125,
probe_resnet50_lunit_bt,erm,True,0.14889658148190255,0.14763596978134197,0.021796379573277323,0.0064032097755533065,0.033559049531219826,0.03348786662596718,0.10650709601766152,1,0.5,ratio,0.02,0.17480586101705664,0.15138631637118294,0.25,
probe_resnet50_lunit_bt,erm,True,0.14889658148190255,0.14763596978134197,0.021796379573277323,0.0064032097755533065,0.033559049531219826,0.03348786662596718,0.10650709601766152,1,0.5,ratio,0.05,0.17480586101705664,0.15138631637118294,0.25,194
probe_resnet50_lunit_bt,erm,True,0.14889658148190255,0.14763596978134197,0.021796379573277323,0.0064032097755533065,0.033559049531219826,0.03348786662596718,0.10650709601766152,1,0.5,ratio,0.1,0.17480586101705664,0.15138631637118294,0.25,50
probe_resnet50_lunit_bt,erm,True,0.14889658148190255,0.14763596978134197,0.021796379573277323,0.0064032097755533065,0.033559049531219826,0.03348786662596718,0.10650709601766152,1,0.5,ratio,0.2,0.17480586101705664,0.15138631637118294,0.25,15
probe_resnet50_lunit_bt,erm,True,0.14889658148190255,0.14763596978134197,0.021796379573277323,0.0064032097755533065,0.033559049531219826,0.03348786662596718,0.10650709601766152,1,0.5,design,0.02,0.17480586101705664,0.15138631637118294,0.25,
probe_resnet50_lunit_bt,erm,True,0.14889658148190255,0.14763596978134197,0.021796379573277323,0.0064032097755533065,0.033559049531219826,0.03348786662596718,0.10650709601766152,1,0.5,design,0.05,0.17480586101705664,0.15138631637118294,0.25,
probe_resnet50_lunit_bt,erm,True,0.14889658148190255,0.14763596978134197,0.021796379573277323,0.0064032097755533065,0.033559049531219826,0.03348786662596718,0.10650709601766152,1,0.5,design,0.1,0.17480586101705664,0.15138631637118294,0.25,
probe_resnet50_lunit_bt,erm,True,0.14889658148190255,0.14763596978134197,0.021796379573277323,0.0064032097755533065,0.033559049531219826,0.03348786662596718,0.10650709601766152,1,0.5,design,0.2,0.17480586101705664,0.15138631637118294,0.25,
probe_resnet50_lunit_bt,erm,True,0.14889658148190255,0.14763596978134197,0.021796379573277323,0.0064032097755533065,0.033559049531219826,0.03348786662596718,0.10650709601766152,3,0.0,none,0.02,0.14889658148190255,0.14889658148190255,0.0,437
probe_resnet50_lunit_bt,erm,True,0.14889658148190255,0.14763596978134197,0.021796379573277323,0.0064032097755533065,0.033559049531219826,0.03348786662596718,0.10650709601766152,3,0.0,none,0.05,0.14889658148190255,0.14889658148190255,0.0,72
probe_resnet50_lunit_bt,erm,True,0.14889658148190255,0.14763596978134197,0.021796379573277323,0.0064032097755533065,0.033559049531219826,0.03348786662596718,0.10650709601766152,3,0.0,none,0.1,0.14889658148190255,0.14889658148190255,0.0,20
probe_resnet50_lunit_bt,erm,True,0.14889658148190255,0.14763596978134197,0.021796379573277323,0.0064032097755533065,0.033559049531219826,0.03348786662596718,0.10650709601766152,3,0.0,none,0.2,0.14889658148190255,0.14889658148190255,0.0,7
probe_resnet50_lunit_bt,erm,True,0.14889658148190255,0.14763596978134197,0.021796379573277323,0.0064032097755533065,0.033559049531219826,0.03348786662596718,0.10650709601766152,3,0.25,ratio,0.02,0.15917714113347106,0.14889658148190255,0.125,748
probe_resnet50_lunit_bt,erm,True,0.14889658148190255,0.14763596978134197,0.021796379573277323,0.0064032097755533065,0.033559049531219826,0.03348786662596718,0.10650709601766152,3,0.25,ratio,0.05,0.15917714113347106,0.14889658148190255,0.125,122
probe_resnet50_lunit_bt,erm,True,0.14889658148190255,0.14763596978134197,0.021796379573277323,0.0064032097755533065,0.033559049531219826,0.03348786662596718,0.10650709601766152,3,0.25,ratio,0.1,0.15917714113347106,0.14889658148190255,0.125,32
probe_resnet50_lunit_bt,erm,True,0.14889658148190255,0.14763596978134197,0.021796379573277323,0.0064032097755533065,0.033559049531219826,0.03348786662596718,0.10650709601766152,3,0.25,ratio,0.2,0.15917714113347106,0.14889658148190255,0.125,10
probe_resnet50_lunit_bt,erm,True,0.14889658148190255,0.14763596978134197,0.021796379573277323,0.0064032097755533065,0.033559049531219826,0.03348786662596718,0.10650709601766152,3,0.25,design,0.02,0.15917714113347106,0.14889658148190255,0.125,
probe_resnet50_lunit_bt,erm,True,0.14889658148190255,0.14763596978134197,0.021796379573277323,0.0064032097755533065,0.033559049531219826,0.03348786662596718,0.10650709601766152,3,0.25,design,0.05,0.15917714113347106,0.14889658148190255,0.125,
probe_resnet50_lunit_bt,erm,True,0.14889658148190255,0.14763596978134197,0.021796379573277323,0.0064032097755533065,0.033559049531219826,0.03348786662596718,0.10650709601766152,3,0.25,design,0.1,0.15917714113347106,0.14889658148190255,0.125,
probe_resnet50_lunit_bt,erm,True,0.14889658148190255,0.14763596978134197,0.021796379573277323,0.0064032097755533065,0.033559049531219826,0.03348786662596718,0.10650709601766152,3,0.25,design,0.2,0.15917714113347106,0.14889658148190255,0.125,
probe_resnet50_lunit_bt,erm,True,0.14889658148190255,0.14763596978134197,0.021796379573277323,0.0064032097755533065,0.033559049531219826,0.03348786662596718,0.10650709601766152,3,0.5,ratio,0.02,0.17193096279998296,0.14889658148190255,0.25,
probe_resnet50_lunit_bt,erm,True,0.14889658148190255,0.14763596978134197,0.021796379573277323,0.0064032097755533065,0.033559049531219826,0.03348786662596718,0.10650709601766152,3,0.5,ratio,0.05,0.17193096279998296,0.14889658148190255,0.25,188
probe_resnet50_lunit_bt,erm,True,0.14889658148190255,0.14763596978134197,0.021796379573277323,0.0064032097755533065,0.033559049531219826,0.03348786662596718,0.10650709601766152,3,0.5,ratio,0.1,0.17193096279998296,0.14889658148190255,0.25,49
probe_resnet50_lunit_bt,erm,True,0.14889658148190255,0.14763596978134197,0.021796379573277323,0.0064032097755533065,0.033559049531219826,0.03348786662596718,0.10650709601766152,3,0.5,ratio,0.2,0.17193096279998296,0.14889658148190255,0.25,14
probe_resnet50_lunit_bt,erm,True,0.14889658148190255,0.14763596978134197,0.021796379573277323,0.0064032097755533065,0.033559049531219826,0.03348786662596718,0.10650709601766152,3,0.5,design,0.02,0.17193096279998296,0.14889658148190255,0.25,
probe_resnet50_lunit_bt,erm,True,0.14889658148190255,0.14763596978134197,0.021796379573277323,0.0064032097755533065,0.033559049531219826,0.03348786662596718,0.10650709601766152,3,0.5,design,0.05,0.17193096279998296,0.14889658148190255,0.25,
probe_resnet50_lunit_bt,erm,True,0.14889658148190255,0.14763596978134197,0.021796379573277323,0.0064032097755533065,0.033559049531219826,0.03348786662596718,0.10650709601766152,3,0.5,design,0.1,0.17193096279998296,0.14889658148190255,0.25,
probe_resnet50_lunit_bt,erm,True,0.14889658148190255,0.14763596978134197,0.021796379573277323,0.0064032097755533065,0.033559049531219826,0.03348786662596718,0.10650709601766152,3,0.5,design,0.2,0.17193096279998296,0.14889658148190255,0.25,
probe_resnet50_lunit_bt,erm,True,0.14889658148190255,0.14763596978134197,0.021796379573277323,0.0064032097755533065,0.033559049531219826,0.03348786662596718,0.10650709601766152,5,0.0,none,0.02,0.14839362188284588,0.14839362188284588,0.0,435
probe_resnet50_lunit_bt,erm,True,0.14889658148190255,0.14763596978134197,0.021796379573277323,0.0064032097755533065,0.033559049531219826,0.03348786662596718,0.10650709601766152,5,0.0,none,0.05,0.14839362188284588,0.14839362188284588,0.0,72
probe_resnet50_lunit_bt,erm,True,0.14889658148190255,0.14763596978134197,0.021796379573277323,0.0064032097755533065,0.033559049531219826,0.03348786662596718,0.10650709601766152,5,0.0,none,0.1,0.14839362188284588,0.14839362188284588,0.0,20
probe_resnet50_lunit_bt,erm,True,0.14889658148190255,0.14763596978134197,0.021796379573277323,0.0064032097755533065,0.033559049531219826,0.03348786662596718,0.10650709601766152,5,0.0,none,0.2,0.14839362188284588,0.14839362188284588,0.0,7
probe_resnet50_lunit_bt,erm,True,0.14889658148190255,0.14763596978134197,0.021796379573277323,0.0064032097755533065,0.033559049531219826,0.03348786662596718,0.10650709601766152,5,0.25,ratio,0.02,0.15863945470516844,0.14839362188284588,0.125,743
probe_resnet50_lunit_bt,erm,True,0.14889658148190255,0.14763596978134197,0.021796379573277323,0.0064032097755533065,0.033559049531219826,0.03348786662596718,0.10650709601766152,5,0.25,ratio,0.05,0.15863945470516844,0.14839362188284588,0.125,121
probe_resnet50_lunit_bt,erm,True,0.14889658148190255,0.14763596978134197,0.021796379573277323,0.0064032097755533065,0.033559049531219826,0.03348786662596718,0.10650709601766152,5,0.25,ratio,0.1,0.15863945470516844,0.14839362188284588,0.125,32
probe_resnet50_lunit_bt,erm,True,0.14889658148190255,0.14763596978134197,0.021796379573277323,0.0064032097755533065,0.033559049531219826,0.03348786662596718,0.10650709601766152,5,0.25,ratio,0.2,0.15863945470516844,0.14839362188284588,0.125,10
probe_resnet50_lunit_bt,erm,True,0.14889658148190255,0.14763596978134197,0.021796379573277323,0.0064032097755533065,0.033559049531219826,0.03348786662596718,0.10650709601766152,5,0.25,design,0.02,0.15863945470516844,0.14839362188284588,0.125,
probe_resnet50_lunit_bt,erm,True,0.14889658148190255,0.14763596978134197,0.021796379573277323,0.0064032097755533065,0.033559049531219826,0.03348786662596718,0.10650709601766152,5,0.25,design,0.05,0.15863945470516844,0.14839362188284588,0.125,
probe_resnet50_lunit_bt,erm,True,0.14889658148190255,0.14763596978134197,0.021796379573277323,0.0064032097755533065,0.033559049531219826,0.03348786662596718,0.10650709601766152,5,0.25,design,0.1,0.15863945470516844,0.14839362188284588,0.125,
probe_resnet50_lunit_bt,erm,True,0.14889658148190255,0.14763596978134197,0.021796379573277323,0.0064032097755533065,0.033559049531219826,0.03348786662596718,0.10650709601766152,5,0.25,design,0.2,0.15863945470516844,0.14839362188284588,0.125,
probe_resnet50_lunit_bt,erm,True,0.14889658148190255,0.14763596978134197,0.021796379573277323,0.0064032097755533065,0.033559049531219826,0.03348786662596718,0.10650709601766152,5,0.5,ratio,0.02,0.17135019508016924,0.14839362188284588,0.25,
probe_resnet50_lunit_bt,erm,True,0.14889658148190255,0.14763596978134197,0.021796379573277323,0.0064032097755533065,0.033559049531219826,0.03348786662596718,0.10650709601766152,5,0.5,ratio,0.05,0.17135019508016924,0.14839362188284588,0.25,187
probe_resnet50_lunit_bt,erm,True,0.14889658148190255,0.14763596978134197,0.021796379573277323,0.0064032097755533065,0.033559049531219826,0.03348786662596718,0.10650709601766152,5,0.5,ratio,0.1,0.17135019508016924,0.14839362188284588,0.25,49
probe_resnet50_lunit_bt,erm,True,0.14889658148190255,0.14763596978134197,0.021796379573277323,0.0064032097755533065,0.033559049531219826,0.03348786662596718,0.10650709601766152,5,0.5,ratio,0.2,0.17135019508016924,0.14839362188284588,0.25,14
probe_resnet50_lunit_bt,erm,True,0.14889658148190255,0.14763596978134197,0.021796379573277323,0.0064032097755533065,0.033559049531219826,0.03348786662596718,0.10650709601766152,5,0.5,design,0.02,0.17135019508016924,0.14839362188284588,0.25,
probe_resnet50_lunit_bt,erm,True,0.14889658148190255,0.14763596978134197,0.021796379573277323,0.0064032097755533065,0.033559049531219826,0.03348786662596718,0.10650709601766152,5,0.5,design,0.05,0.17135019508016924,0.14839362188284588,0.25,
probe_resnet50_lunit_bt,erm,True,0.14889658148190255,0.14763596978134197,0.021796379573277323,0.0064032097755533065,0.033559049531219826,0.03348786662596718,0.10650709601766152,5,0.5,design,0.1,0.17135019508016924,0.14839362188284588,0.25,
probe_resnet50_lunit_bt,erm,True,0.14889658148190255,0.14763596978134197,0.021796379573277323,0.0064032097755533065,0.033559049531219826,0.03348786662596718,0.10650709601766152,5,0.5,design,0.2,0.17135019508016924,0.14839362188284588,0.25,
probe_resnet50_lunit_bt,erm,True,0.14889658148190255,0.14763596978134197,0.021796379573277323,0.0064032097755533065,0.033559049531219826,0.03348786662596718,0.10650709601766152,10,0.0,none,0.02,0.14801528061113547,0.14801528061113547,0.0,432
probe_resnet50_lunit_bt,erm,True,0.14889658148190255,0.14763596978134197,0.021796379573277323,0.0064032097755533065,0.033559049531219826,0.03348786662596718,0.10650709601766152,10,0.0,none,0.05,0.14801528061113547,0.14801528061113547,0.0,71
probe_resnet50_lunit_bt,erm,True,0.14889658148190255,0.14763596978134197,0.021796379573277323,0.0064032097755533065,0.033559049531219826,0.03348786662596718,0.10650709601766152,10,0.0,none,0.1,0.14801528061113547,0.14801528061113547,0.0,20
probe_resnet50_lunit_bt,erm,True,0.14889658148190255,0.14763596978134197,0.021796379573277323,0.0064032097755533065,0.033559049531219826,0.03348786662596718,0.10650709601766152,10,0.0,none,0.2,0.14801528061113547,0.14801528061113547,0.0,7
probe_resnet50_lunit_bt,erm,True,0.14889658148190255,0.14763596978134197,0.021796379573277323,0.0064032097755533065,0.033559049531219826,0.03348786662596718,0.10650709601766152,10,0.25,ratio,0.02,0.15823499087259224,0.14801528061113547,0.125,739
probe_resnet50_lunit_bt,erm,True,0.14889658148190255,0.14763596978134197,0.021796379573277323,0.0064032097755533065,0.033559049531219826,0.03348786662596718,0.10650709601766152,10,0.25,ratio,0.05,0.15823499087259224,0.14801528061113547,0.125,120
probe_resnet50_lunit_bt,erm,True,0.14889658148190255,0.14763596978134197,0.021796379573277323,0.0064032097755533065,0.033559049531219826,0.03348786662596718,0.10650709601766152,10,0.25,ratio,0.1,0.15823499087259224,0.14801528061113547,0.125,32
probe_resnet50_lunit_bt,erm,True,0.14889658148190255,0.14763596978134197,0.021796379573277323,0.0064032097755533065,0.033559049531219826,0.03348786662596718,0.10650709601766152,10,0.25,ratio,0.2,0.15823499087259224,0.14801528061113547,0.125,10
probe_resnet50_lunit_bt,erm,True,0.14889658148190255,0.14763596978134197,0.021796379573277323,0.0064032097755533065,0.033559049531219826,0.03348786662596718,0.10650709601766152,10,0.25,design,0.02,0.15823499087259224,0.14801528061113547,0.125,
probe_resnet50_lunit_bt,erm,True,0.14889658148190255,0.14763596978134197,0.021796379573277323,0.0064032097755533065,0.033559049531219826,0.03348786662596718,0.10650709601766152,10,0.25,design,0.05,0.15823499087259224,0.14801528061113547,0.125,
probe_resnet50_lunit_bt,erm,True,0.14889658148190255,0.14763596978134197,0.021796379573277323,0.0064032097755533065,0.033559049531219826,0.03348786662596718,0.10650709601766152,10,0.25,design,0.1,0.15823499087259224,0.14801528061113547,0.125,
probe_resnet50_lunit_bt,erm,True,0.14889658148190255,0.14763596978134197,0.021796379573277323,0.0064032097755533065,0.033559049531219826,0.03348786662596718,0.10650709601766152,10,0.25,design,0.2,0.15823499087259224,0.14801528061113547,0.125,
probe_resnet50_lunit_bt,erm,True,0.14889658148190255,0.14763596978134197,0.021796379573277323,0.0064032097755533065,0.033559049531219826,0.03348786662596718,0.10650709601766152,10,0.5,ratio,0.02,0.17091332421003413,0.14801528061113547,0.25,
probe_resnet50_lunit_bt,erm,True,0.14889658148190255,0.14763596978134197,0.021796379573277323,0.0064032097755533065,0.033559049531219826,0.03348786662596718,0.10650709601766152,10,0.5,ratio,0.05,0.17091332421003413,0.14801528061113547,0.25,186
probe_resnet50_lunit_bt,erm,True,0.14889658148190255,0.14763596978134197,0.021796379573277323,0.0064032097755533065,0.033559049531219826,0.03348786662596718,0.10650709601766152,10,0.5,ratio,0.1,0.17091332421003413,0.14801528061113547,0.25,48
probe_resnet50_lunit_bt,erm,True,0.14889658148190255,0.14763596978134197,0.021796379573277323,0.0064032097755533065,0.033559049531219826,0.03348786662596718,0.10650709601766152,10,0.5,ratio,0.2,0.17091332421003413,0.14801528061113547,0.25,14
probe_resnet50_lunit_bt,erm,True,0.14889658148190255,0.14763596978134197,0.021796379573277323,0.0064032097755533065,0.033559049531219826,0.03348786662596718,0.10650709601766152,10,0.5,design,0.02,0.17091332421003413,0.14801528061113547,0.25,
probe_resnet50_lunit_bt,erm,True,0.14889658148190255,0.14763596978134197,0.021796379573277323,0.0064032097755533065,0.033559049531219826,0.03348786662596718,0.10650709601766152,10,0.5,design,0.05,0.17091332421003413,0.14801528061113547,0.25,
probe_resnet50_lunit_bt,erm,True,0.14889658148190255,0.14763596978134197,0.021796379573277323,0.0064032097755533065,0.033559049531219826,0.03348786662596718,0.10650709601766152,10,0.5,design,0.1,0.17091332421003413,0.14801528061113547,0.25,
probe_resnet50_lunit_bt,erm,True,0.14889658148190255,0.14763596978134197,0.021796379573277323,0.0064032097755533065,0.033559049531219826,0.03348786662596718,0.10650709601766152,10,0.5,design,0.2,0.17091332421003413,0.14801528061113547,0.25,
probe_vit_s16_lunit_dino,erm,True,0.13286777425178792,0.1314454652264283,0.01727791032859217,0.0035354789831647656,0.033559049531219826,0.03358281283775562,0.04595173117366809,1,0.0,none,0.02,0.1356676661798525,0.1356676661798525,0.0,364
probe_vit_s16_lunit_dino,erm,True,0.13286777425178792,0.1314454652264283,0.01727791032859217,0.0035354789831647656,0.033559049531219826,0.03358281283775562,0.04595173117366809,1,0.0,none,0.05,0.1356676661798525,0.1356676661798525,0.0,60
probe_vit_s16_lunit_dino,erm,True,0.13286777425178792,0.1314454652264283,0.01727791032859217,0.0035354789831647656,0.033559049531219826,0.03358281283775562,0.04595173117366809,1,0.0,none,0.1,0.1356676661798525,0.1356676661798525,0.0,17
probe_vit_s16_lunit_dino,erm,True,0.13286777425178792,0.1314454652264283,0.01727791032859217,0.0035354789831647656,0.033559049531219826,0.03358281283775562,0.04595173117366809,1,0.0,none,0.2,0.1356676661798525,0.1356676661798525,0.0,6
probe_vit_s16_lunit_dino,erm,True,0.13286777425178792,0.1314454652264283,0.01727791032859217,0.0035354789831647656,0.033559049531219826,0.03358281283775562,0.04595173117366809,1,0.25,ratio,0.02,0.14503483580235038,0.1356676661798525,0.125,622
probe_vit_s16_lunit_dino,erm,True,0.13286777425178792,0.1314454652264283,0.01727791032859217,0.0035354789831647656,0.033559049531219826,0.03358281283775562,0.04595173117366809,1,0.25,ratio,0.05,0.14503483580235038,0.1356676661798525,0.125,101
probe_vit_s16_lunit_dino,erm,True,0.13286777425178792,0.1314454652264283,0.01727791032859217,0.0035354789831647656,0.033559049531219826,0.03358281283775562,0.04595173117366809,1,0.25,ratio,0.1,0.14503483580235038,0.1356676661798525,0.125,27
probe_vit_s16_lunit_dino,erm,True,0.13286777425178792,0.1314454652264283,0.01727791032859217,0.0035354789831647656,0.033559049531219826,0.03358281283775562,0.04595173117366809,1,0.25,ratio,0.2,0.14503483580235038,0.1356676661798525,0.125,9
probe_vit_s16_lunit_dino,erm,True,0.13286777425178792,0.1314454652264283,0.01727791032859217,0.0035354789831647656,0.033559049531219826,0.03358281283775562,0.04595173117366809,1,0.25,design,0.02,0.14503483580235038,0.1356676661798525,0.125,
probe_vit_s16_lunit_dino,erm,True,0.13286777425178792,0.1314454652264283,0.01727791032859217,0.0035354789831647656,0.033559049531219826,0.03358281283775562,0.04595173117366809,1,0.25,design,0.05,0.14503483580235038,0.1356676661798525,0.125,
probe_vit_s16_lunit_dino,erm,True,0.13286777425178792,0.1314454652264283,0.01727791032859217,0.0035354789831647656,0.033559049531219826,0.03358281283775562,0.04595173117366809,1,0.25,design,0.1,0.14503483580235038,0.1356676661798525,0.125,
probe_vit_s16_lunit_dino,erm,True,0.13286777425178792,0.1314454652264283,0.01727791032859217,0.0035354789831647656,0.033559049531219826,0.03358281283775562,0.04595173117366809,1,0.25,design,0.2,0.14503483580235038,0.1356676661798525,0.125,
probe_vit_s16_lunit_dino,erm,True,0.13286777425178792,0.1314454652264283,0.01727791032859217,0.0035354789831647656,0.033559049531219826,0.03358281283775562,0.04595173117366809,1,0.5,ratio,0.02,0.15665552717853226,0.1356676661798525,0.25,966
probe_vit_s16_lunit_dino,erm,True,0.13286777425178792,0.1314454652264283,0.01727791032859217,0.0035354789831647656,0.033559049531219826,0.03358281283775562,0.04595173117366809,1,0.5,ratio,0.05,0.15665552717853226,0.1356676661798525,0.25,157
probe_vit_s16_lunit_dino,erm,True,0.13286777425178792,0.1314454652264283,0.01727791032859217,0.0035354789831647656,0.033559049531219826,0.03358281283775562,0.04595173117366809,1,0.5,ratio,0.1,0.15665552717853226,0.1356676661798525,0.25,41
probe_vit_s16_lunit_dino,erm,True,0.13286777425178792,0.1314454652264283,0.01727791032859217,0.0035354789831647656,0.033559049531219826,0.03358281283775562,0.04595173117366809,1,0.5,ratio,0.2,0.15665552717853226,0.1356676661798525,0.25,12
probe_vit_s16_lunit_dino,erm,True,0.13286777425178792,0.1314454652264283,0.01727791032859217,0.0035354789831647656,0.033559049531219826,0.03358281283775562,0.04595173117366809,1,0.5,design,0.02,0.15665552717853226,0.1356676661798525,0.25,
probe_vit_s16_lunit_dino,erm,True,0.13286777425178792,0.1314454652264283,0.01727791032859217,0.0035354789831647656,0.033559049531219826,0.03358281283775562,0.04595173117366809,1,0.5,design,0.05,0.15665552717853226,0.1356676661798525,0.25,
probe_vit_s16_lunit_dino,erm,True,0.13286777425178792,0.1314454652264283,0.01727791032859217,0.0035354789831647656,0.033559049531219826,0.03358281283775562,0.04595173117366809,1,0.5,design,0.1,0.15665552717853226,0.1356676661798525,0.25,
probe_vit_s16_lunit_dino,erm,True,0.13286777425178792,0.1314454652264283,0.01727791032859217,0.0035354789831647656,0.033559049531219826,0.03358281283775562,0.04595173117366809,1,0.5,design,0.2,0.15665552717853226,0.1356676661798525,0.25,
probe_vit_s16_lunit_dino,erm,True,0.13286777425178792,0.1314454652264283,0.01727791032859217,0.0035354789831647656,0.033559049531219826,0.03358281283775562,0.04595173117366809,3,0.0,none,0.02,0.13286777425178792,0.13286777425178792,0.0,349
probe_vit_s16_lunit_dino,erm,True,0.13286777425178792,0.1314454652264283,0.01727791032859217,0.0035354789831647656,0.033559049531219826,0.03358281283775562,0.04595173117366809,3,0.0,none,0.05,0.13286777425178792,0.13286777425178792,0.0,58
probe_vit_s16_lunit_dino,erm,True,0.13286777425178792,0.1314454652264283,0.01727791032859217,0.0035354789831647656,0.033559049531219826,0.03358281283775562,0.04595173117366809,3,0.0,none,0.1,0.13286777425178792,0.13286777425178792,0.0,16
probe_vit_s16_lunit_dino,erm,True,0.13286777425178792,0.1314454652264283,0.01727791032859217,0.0035354789831647656,0.033559049531219826,0.03358281283775562,0.04595173117366809,3,0.0,none,0.2,0.13286777425178792,0.13286777425178792,0.0,6
probe_vit_s16_lunit_dino,erm,True,0.13286777425178792,0.1314454652264283,0.01727791032859217,0.0035354789831647656,0.033559049531219826,0.03358281283775562,0.04595173117366809,3,0.25,ratio,0.02,0.14204162542668994,0.13286777425178792,0.125,596
probe_vit_s16_lunit_dino,erm,True,0.13286777425178792,0.1314454652264283,0.01727791032859217,0.0035354789831647656,0.033559049531219826,0.03358281283775562,0.04595173117366809,3,0.25,ratio,0.05,0.14204162542668994,0.13286777425178792,0.125,97
probe_vit_s16_lunit_dino,erm,True,0.13286777425178792,0.1314454652264283,0.01727791032859217,0.0035354789831647656,0.033559049531219826,0.03358281283775562,0.04595173117366809,3,0.25,ratio,0.1,0.14204162542668994,0.13286777425178792,0.125,26
probe_vit_s16_lunit_dino,erm,True,0.13286777425178792,0.1314454652264283,0.01727791032859217,0.0035354789831647656,0.033559049531219826,0.03358281283775562,0.04595173117366809,3,0.25,ratio,0.2,0.14204162542668994,0.13286777425178792,0.125,9
probe_vit_s16_lunit_dino,erm,True,0.13286777425178792,0.1314454652264283,0.01727791032859217,0.0035354789831647656,0.033559049531219826,0.03358281283775562,0.04595173117366809,3,0.25,design,0.02,0.14204162542668994,0.13286777425178792,0.125,
probe_vit_s16_lunit_dino,erm,True,0.13286777425178792,0.1314454652264283,0.01727791032859217,0.0035354789831647656,0.033559049531219826,0.03358281283775562,0.04595173117366809,3,0.25,design,0.05,0.14204162542668994,0.13286777425178792,0.125,
probe_vit_s16_lunit_dino,erm,True,0.13286777425178792,0.1314454652264283,0.01727791032859217,0.0035354789831647656,0.033559049531219826,0.03358281283775562,0.04595173117366809,3,0.25,design,0.1,0.14204162542668994,0.13286777425178792,0.125,
probe_vit_s16_lunit_dino,erm,True,0.13286777425178792,0.1314454652264283,0.01727791032859217,0.0035354789831647656,0.033559049531219826,0.03358281283775562,0.04595173117366809,3,0.25,design,0.2,0.14204162542668994,0.13286777425178792,0.125,285
probe_vit_s16_lunit_dino,erm,True,0.13286777425178792,0.1314454652264283,0.01727791032859217,0.0035354789831647656,0.033559049531219826,0.03358281283775562,0.04595173117366809,3,0.5,ratio,0.02,0.15342249046179238,0.13286777425178792,0.25,926
probe_vit_s16_lunit_dino,erm,True,0.13286777425178792,0.1314454652264283,0.01727791032859217,0.0035354789831647656,0.033559049531219826,0.03358281283775562,0.04595173117366809,3,0.5,ratio,0.05,0.15342249046179238,0.13286777425178792,0.25,150
probe_vit_s16_lunit_dino,erm,True,0.13286777425178792,0.1314454652264283,0.01727791032859217,0.0035354789831647656,0.033559049531219826,0.03358281283775562,0.04595173117366809,3,0.5,ratio,0.1,0.15342249046179238,0.13286777425178792,0.25,39
probe_vit_s16_lunit_dino,erm,True,0.13286777425178792,0.1314454652264283,0.01727791032859217,0.0035354789831647656,0.033559049531219826,0.03358281283775562,0.04595173117366809,3,0.5,ratio,0.2,0.15342249046179238,0.13286777425178792,0.25,12
probe_vit_s16_lunit_dino,erm,True,0.13286777425178792,0.1314454652264283,0.01727791032859217,0.0035354789831647656,0.033559049531219826,0.03358281283775562,0.04595173117366809,3,0.5,design,0.02,0.15342249046179238,0.13286777425178792,0.25,
probe_vit_s16_lunit_dino,erm,True,0.13286777425178792,0.1314454652264283,0.01727791032859217,0.0035354789831647656,0.033559049531219826,0.03358281283775562,0.04595173117366809,3,0.5,design,0.05,0.15342249046179238,0.13286777425178792,0.25,
probe_vit_s16_lunit_dino,erm,True,0.13286777425178792,0.1314454652264283,0.01727791032859217,0.0035354789831647656,0.033559049531219826,0.03358281283775562,0.04595173117366809,3,0.5,design,0.1,0.15342249046179238,0.13286777425178792,0.25,
probe_vit_s16_lunit_dino,erm,True,0.13286777425178792,0.1314454652264283,0.01727791032859217,0.0035354789831647656,0.033559049531219826,0.03358281283775562,0.04595173117366809,3,0.5,design,0.2,0.15342249046179238,0.13286777425178792,0.25,
probe_vit_s16_lunit_dino,erm,True,0.13286777425178792,0.1314454652264283,0.01727791032859217,0.0035354789831647656,0.033559049531219826,0.03358281283775562,0.04595173117366809,5,0.0,none,0.02,0.13230068553190236,0.13230068553190236,0.0,346
probe_vit_s16_lunit_dino,erm,True,0.13286777425178792,0.1314454652264283,0.01727791032859217,0.0035354789831647656,0.033559049531219826,0.03358281283775562,0.04595173117366809,5,0.0,none,0.05,0.13230068553190236,0.13230068553190236,0.0,57
probe_vit_s16_lunit_dino,erm,True,0.13286777425178792,0.1314454652264283,0.01727791032859217,0.0035354789831647656,0.033559049531219826,0.03358281283775562,0.04595173117366809,5,0.0,none,0.1,0.13230068553190236,0.13230068553190236,0.0,16
probe_vit_s16_lunit_dino,erm,True,0.13286777425178792,0.1314454652264283,0.01727791032859217,0.0035354789831647656,0.033559049531219826,0.03358281283775562,0.04595173117366809,5,0.0,none,0.2,0.13230068553190236,0.13230068553190236,0.0,6
probe_vit_s16_lunit_dino,erm,True,0.13286777425178792,0.1314454652264283,0.01727791032859217,0.0035354789831647656,0.033559049531219826,0.03358281283775562,0.04595173117366809,5,0.25,ratio,0.02,0.14143538208448536,0.13230068553190236,0.125,591
probe_vit_s16_lunit_dino,erm,True,0.13286777425178792,0.1314454652264283,0.01727791032859217,0.0035354789831647656,0.033559049531219826,0.03358281283775562,0.04595173117366809,5,0.25,ratio,0.05,0.14143538208448536,0.13230068553190236,0.125,97
probe_vit_s16_lunit_dino,erm,True,0.13286777425178792,0.1314454652264283,0.01727791032859217,0.0035354789831647656,0.033559049531219826,0.03358281283775562,0.04595173117366809,5,0.25,ratio,0.1,0.14143538208448536,0.13230068553190236,0.125,26
probe_vit_s16_lunit_dino,erm,True,0.13286777425178792,0.1314454652264283,0.01727791032859217,0.0035354789831647656,0.033559049531219826,0.03358281283775562,0.04595173117366809,5,0.25,ratio,0.2,0.14143538208448536,0.13230068553190236,0.125,9
probe_vit_s16_lunit_dino,erm,True,0.13286777425178792,0.1314454652264283,0.01727791032859217,0.0035354789831647656,0.033559049531219826,0.03358281283775562,0.04595173117366809,5,0.25,design,0.02,0.14143538208448536,0.13230068553190236,0.125,
probe_vit_s16_lunit_dino,erm,True,0.13286777425178792,0.1314454652264283,0.01727791032859217,0.0035354789831647656,0.033559049531219826,0.03358281283775562,0.04595173117366809,5,0.25,design,0.05,0.14143538208448536,0.13230068553190236,0.125,
probe_vit_s16_lunit_dino,erm,True,0.13286777425178792,0.1314454652264283,0.01727791032859217,0.0035354789831647656,0.033559049531219826,0.03358281283775562,0.04595173117366809,5,0.25,design,0.1,0.14143538208448536,0.13230068553190236,0.125,
probe_vit_s16_lunit_dino,erm,True,0.13286777425178792,0.1314454652264283,0.01727791032859217,0.0035354789831647656,0.033559049531219826,0.03358281283775562,0.04595173117366809,5,0.25,design,0.2,0.14143538208448536,0.13230068553190236,0.125,156
probe_vit_s16_lunit_dino,erm,True,0.13286777425178792,0.1314454652264283,0.01727791032859217,0.0035354789831647656,0.033559049531219826,0.03358281283775562,0.04595173117366809,5,0.5,ratio,0.02,0.15276767281163173,0.13230068553190236,0.25,918
probe_vit_s16_lunit_dino,erm,True,0.13286777425178792,0.1314454652264283,0.01727791032859217,0.0035354789831647656,0.033559049531219826,0.03358281283775562,0.04595173117366809,5,0.5,ratio,0.05,0.15276767281163173,0.13230068553190236,0.25,149
probe_vit_s16_lunit_dino,erm,True,0.13286777425178792,0.1314454652264283,0.01727791032859217,0.0035354789831647656,0.033559049531219826,0.03358281283775562,0.04595173117366809,5,0.5,ratio,0.1,0.15276767281163173,0.13230068553190236,0.25,39
probe_vit_s16_lunit_dino,erm,True,0.13286777425178792,0.1314454652264283,0.01727791032859217,0.0035354789831647656,0.033559049531219826,0.03358281283775562,0.04595173117366809,5,0.5,ratio,0.2,0.15276767281163173,0.13230068553190236,0.25,12
probe_vit_s16_lunit_dino,erm,True,0.13286777425178792,0.1314454652264283,0.01727791032859217,0.0035354789831647656,0.033559049531219826,0.03358281283775562,0.04595173117366809,5,0.5,design,0.02,0.15276767281163173,0.13230068553190236,0.25,
probe_vit_s16_lunit_dino,erm,True,0.13286777425178792,0.1314454652264283,0.01727791032859217,0.0035354789831647656,0.033559049531219826,0.03358281283775562,0.04595173117366809,5,0.5,design,0.05,0.15276767281163173,0.13230068553190236,0.25,
probe_vit_s16_lunit_dino,erm,True,0.13286777425178792,0.1314454652264283,0.01727791032859217,0.0035354789831647656,0.033559049531219826,0.03358281283775562,0.04595173117366809,5,0.5,design,0.1,0.15276767281163173,0.13230068553190236,0.25,
probe_vit_s16_lunit_dino,erm,True,0.13286777425178792,0.1314454652264283,0.01727791032859217,0.0035354789831647656,0.033559049531219826,0.03358281283775562,0.04595173117366809,5,0.5,design,0.2,0.15276767281163173,0.13230068553190236,0.25,
probe_vit_s16_lunit_dino,erm,True,0.13286777425178792,0.1314454652264283,0.01727791032859217,0.0035354789831647656,0.033559049531219826,0.03358281283775562,0.04595173117366809,10,0.0,none,0.02,0.1318737686592817,0.1318737686592817,0.0,344
probe_vit_s16_lunit_dino,erm,True,0.13286777425178792,0.1314454652264283,0.01727791032859217,0.0035354789831647656,0.033559049531219826,0.03358281283775562,0.04595173117366809,10,0.0,none,0.05,0.1318737686592817,0.1318737686592817,0.0,57
probe_vit_s16_lunit_dino,erm,True,0.13286777425178792,0.1314454652264283,0.01727791032859217,0.0035354789831647656,0.033559049531219826,0.03358281283775562,0.04595173117366809,10,0.0,none,0.1,0.1318737686592817,0.1318737686592817,0.0,16
probe_vit_s16_lunit_dino,erm,True,0.13286777425178792,0.1314454652264283,0.01727791032859217,0.0035354789831647656,0.033559049531219826,0.03358281283775562,0.04595173117366809,10,0.0,none,0.2,0.1318737686592817,0.1318737686592817,0.0,6
probe_vit_s16_lunit_dino,erm,True,0.13286777425178792,0.1314454652264283,0.01727791032859217,0.0035354789831647656,0.033559049531219826,0.03358281283775562,0.04595173117366809,10,0.25,ratio,0.02,0.14097898875020548,0.1318737686592817,0.125,587
probe_vit_s16_lunit_dino,erm,True,0.13286777425178792,0.1314454652264283,0.01727791032859217,0.0035354789831647656,0.033559049531219826,0.03358281283775562,0.04595173117366809,10,0.25,ratio,0.05,0.14097898875020548,0.1318737686592817,0.125,96
probe_vit_s16_lunit_dino,erm,True,0.13286777425178792,0.1314454652264283,0.01727791032859217,0.0035354789831647656,0.033559049531219826,0.03358281283775562,0.04595173117366809,10,0.25,ratio,0.1,0.14097898875020548,0.1318737686592817,0.125,26
probe_vit_s16_lunit_dino,erm,True,0.13286777425178792,0.1314454652264283,0.01727791032859217,0.0035354789831647656,0.033559049531219826,0.03358281283775562,0.04595173117366809,10,0.25,ratio,0.2,0.14097898875020548,0.1318737686592817,0.125,8
probe_vit_s16_lunit_dino,erm,True,0.13286777425178792,0.1314454652264283,0.01727791032859217,0.0035354789831647656,0.033559049531219826,0.03358281283775562,0.04595173117366809,10,0.25,design,0.02,0.14097898875020548,0.1318737686592817,0.125,
probe_vit_s16_lunit_dino,erm,True,0.13286777425178792,0.1314454652264283,0.01727791032859217,0.0035354789831647656,0.033559049531219826,0.03358281283775562,0.04595173117366809,10,0.25,design,0.05,0.14097898875020548,0.1318737686592817,0.125,
probe_vit_s16_lunit_dino,erm,True,0.13286777425178792,0.1314454652264283,0.01727791032859217,0.0035354789831647656,0.033559049531219826,0.03358281283775562,0.04595173117366809,10,0.25,design,0.1,0.14097898875020548,0.1318737686592817,0.125,
probe_vit_s16_lunit_dino,erm,True,0.13286777425178792,0.1314454652264283,0.01727791032859217,0.0035354789831647656,0.033559049531219826,0.03358281283775562,0.04595173117366809,10,0.25,design,0.2,0.14097898875020548,0.1318737686592817,0.125,117
probe_vit_s16_lunit_dino,erm,True,0.13286777425178792,0.1314454652264283,0.01727791032859217,0.0035354789831647656,0.033559049531219826,0.03358281283775562,0.04595173117366809,10,0.5,ratio,0.02,0.15227471166897344,0.1318737686592817,0.25,912
probe_vit_s16_lunit_dino,erm,True,0.13286777425178792,0.1314454652264283,0.01727791032859217,0.0035354789831647656,0.033559049531219826,0.03358281283775562,0.04595173117366809,10,0.5,ratio,0.05,0.15227471166897344,0.1318737686592817,0.25,148
probe_vit_s16_lunit_dino,erm,True,0.13286777425178792,0.1314454652264283,0.01727791032859217,0.0035354789831647656,0.033559049531219826,0.03358281283775562,0.04595173117366809,10,0.5,ratio,0.1,0.15227471166897344,0.1318737686592817,0.25,39
probe_vit_s16_lunit_dino,erm,True,0.13286777425178792,0.1314454652264283,0.01727791032859217,0.0035354789831647656,0.033559049531219826,0.03358281283775562,0.04595173117366809,10,0.5,ratio,0.2,0.15227471166897344,0.1318737686592817,0.25,12
probe_vit_s16_lunit_dino,erm,True,0.13286777425178792,0.1314454652264283,0.01727791032859217,0.0035354789831647656,0.033559049531219826,0.03358281283775562,0.04595173117366809,10,0.5,design,0.02,0.15227471166897344,0.1318737686592817,0.25,
probe_vit_s16_lunit_dino,erm,True,0.13286777425178792,0.1314454652264283,0.01727791032859217,0.0035354789831647656,0.033559049531219826,0.03358281283775562,0.04595173117366809,10,0.5,design,0.05,0.15227471166897344,0.1318737686592817,0.25,
probe_vit_s16_lunit_dino,erm,True,0.13286777425178792,0.1314454652264283,0.01727791032859217,0.0035354789831647656,0.033559049531219826,0.03358281283775562,0.04595173117366809,10,0.5,design,0.1,0.15227471166897344,0.1318737686592817,0.25,
probe_vit_s16_lunit_dino,erm,True,0.13286777425178792,0.1314454652264283,0.01727791032859217,0.0035354789831647656,0.033559049531219826,0.03358281283775562,0.04595173117366809,10,0.5,design,0.2,0.15227471166897344,0.1318737686592817,0.25,
sam,erm,True,0.03589792557232839,0.02473765107176868,0.0006119513805485782,0.018250786332064617,0.033559049531219826,0.04505695328740672,-0.46599801197658275,1,0.0,none,0.02,0.05140117138832664,0.05140117138832664,0.0,54
sam,erm,True,0.03589792557232839,0.02473765107176868,0.0006119513805485782,0.018250786332064617,0.033559049531219826,0.04505695328740672,-0.46599801197658275,1,0.0,none,0.05,0.05140117138832664,0.05140117138832664,0.0,11
sam,erm,True,0.03589792557232839,0.02473765107176868,0.0006119513805485782,0.018250786332064617,0.033559049531219826,0.04505695328740672,-0.46599801197658275,1,0.0,none,0.1,0.05140117138832664,0.05140117138832664,0.0,5
sam,erm,True,0.03589792557232839,0.02473765107176868,0.0006119513805485782,0.018250786332064617,0.033559049531219826,0.04505695328740672,-0.46599801197658275,1,0.0,none,0.2,0.05140117138832664,0.05140117138832664,0.0,3
sam,erm,True,0.03589792557232839,0.02473765107176868,0.0006119513805485782,0.018250786332064617,0.033559049531219826,0.04505695328740672,-0.46599801197658275,1,0.25,ratio,0.02,0.05495016360399021,0.05140117138832664,0.125,91
sam,erm,True,0.03589792557232839,0.02473765107176868,0.0006119513805485782,0.018250786332064617,0.033559049531219826,0.04505695328740672,-0.46599801197658275,1,0.25,ratio,0.05,0.05495016360399021,0.05140117138832664,0.125,17
sam,erm,True,0.03589792557232839,0.02473765107176868,0.0006119513805485782,0.018250786332064617,0.033559049531219826,0.04505695328740672,-0.46599801197658275,1,0.25,ratio,0.1,0.05495016360399021,0.05140117138832664,0.125,6
sam,erm,True,0.03589792557232839,0.02473765107176868,0.0006119513805485782,0.018250786332064617,0.033559049531219826,0.04505695328740672,-0.46599801197658275,1,0.25,ratio,0.2,0.05495016360399021,0.05140117138832664,0.125,4
sam,erm,True,0.03589792557232839,0.02473765107176868,0.0006119513805485782,0.018250786332064617,0.033559049531219826,0.04505695328740672,-0.46599801197658275,1,0.25,design,0.02,0.05495016360399021,0.05140117138832664,0.125,
sam,erm,True,0.03589792557232839,0.02473765107176868,0.0006119513805485782,0.018250786332064617,0.033559049531219826,0.04505695328740672,-0.46599801197658275,1,0.25,design,0.05,0.05495016360399021,0.05140117138832664,0.125,
sam,erm,True,0.03589792557232839,0.02473765107176868,0.0006119513805485782,0.018250786332064617,0.033559049531219826,0.04505695328740672,-0.46599801197658275,1,0.25,design,0.1,0.05495016360399021,0.05140117138832664,0.125,7
sam,erm,True,0.03589792557232839,0.02473765107176868,0.0006119513805485782,0.018250786332064617,0.033559049531219826,0.04505695328740672,-0.46599801197658275,1,0.25,design,0.2,0.05495016360399021,0.05140117138832664,0.125,3
sam,erm,True,0.03589792557232839,0.02473765107176868,0.0006119513805485782,0.018250786332064617,0.033559049531219826,0.04505695328740672,-0.46599801197658275,1,0.5,ratio,0.02,0.05935296027542495,0.05140117138832664,0.25,141
sam,erm,True,0.03589792557232839,0.02473765107176868,0.0006119513805485782,0.018250786332064617,0.033559049531219826,0.04505695328740672,-0.46599801197658275,1,0.5,ratio,0.05,0.05935296027542495,0.05140117138832664,0.25,25
sam,erm,True,0.03589792557232839,0.02473765107176868,0.0006119513805485782,0.018250786332064617,0.033559049531219826,0.04505695328740672,-0.46599801197658275,1,0.5,ratio,0.1,0.05935296027542495,0.05140117138832664,0.25,8
sam,erm,True,0.03589792557232839,0.02473765107176868,0.0006119513805485782,0.018250786332064617,0.033559049531219826,0.04505695328740672,-0.46599801197658275,1,0.5,ratio,0.2,0.05935296027542495,0.05140117138832664,0.25,4
sam,erm,True,0.03589792557232839,0.02473765107176868,0.0006119513805485782,0.018250786332064617,0.033559049531219826,0.04505695328740672,-0.46599801197658275,1,0.5,design,0.02,0.05935296027542495,0.05140117138832664,0.25,
sam,erm,True,0.03589792557232839,0.02473765107176868,0.0006119513805485782,0.018250786332064617,0.033559049531219826,0.04505695328740672,-0.46599801197658275,1,0.5,design,0.05,0.05935296027542495,0.05140117138832664,0.25,
sam,erm,True,0.03589792557232839,0.02473765107176868,0.0006119513805485782,0.018250786332064617,0.033559049531219826,0.04505695328740672,-0.46599801197658275,1,0.5,design,0.1,0.05935296027542495,0.05140117138832664,0.25,
sam,erm,True,0.03589792557232839,0.02473765107176868,0.0006119513805485782,0.018250786332064617,0.033559049531219826,0.04505695328740672,-0.46599801197658275,1,0.5,design,0.2,0.05935296027542495,0.05140117138832664,0.25,3
sam,erm,True,0.03589792557232839,0.02473765107176868,0.0006119513805485782,0.018250786332064617,0.033559049531219826,0.04505695328740672,-0.46599801197658275,3,0.0,none,0.02,0.03589792557232839,0.03589792557232839,0.0,28
sam,erm,True,0.03589792557232839,0.02473765107176868,0.0006119513805485782,0.018250786332064617,0.033559049531219826,0.04505695328740672,-0.46599801197658275,3,0.0,none,0.05,0.03589792557232839,0.03589792557232839,0.0,7
sam,erm,True,0.03589792557232839,0.02473765107176868,0.0006119513805485782,0.018250786332064617,0.033559049531219826,0.04505695328740672,-0.46599801197658275,3,0.0,none,0.1,0.03589792557232839,0.03589792557232839,0.0,4
sam,erm,True,0.03589792557232839,0.02473765107176868,0.0006119513805485782,0.018250786332064617,0.033559049531219826,0.04505695328740672,-0.46599801197658275,3,0.0,none,0.2,0.03589792557232839,0.03589792557232839,0.0,3
sam,erm,True,0.03589792557232839,0.02473765107176868,0.0006119513805485782,0.018250786332064617,0.033559049531219826,0.04505695328740672,-0.46599801197658275,3,0.25,ratio,0.02,0.03837649668216105,0.03589792557232839,0.125,46
sam,erm,True,0.03589792557232839,0.02473765107176868,0.0006119513805485782,0.018250786332064617,0.033559049531219826,0.04505695328740672,-0.46599801197658275,3,0.25,ratio,0.05,0.03837649668216105,0.03589792557232839,0.125,10
sam,erm,True,0.03589792557232839,0.02473765107176868,0.0006119513805485782,0.018250786332064617,0.033559049531219826,0.04505695328740672,-0.46599801197658275,3,0.25,ratio,0.1,0.03837649668216105,0.03589792557232839,0.125,5
sam,erm,True,0.03589792557232839,0.02473765107176868,0.0006119513805485782,0.018250786332064617,0.033559049531219826,0.04505695328740672,-0.46599801197658275,3,0.25,ratio,0.2,0.03837649668216105,0.03589792557232839,0.125,3
sam,erm,True,0.03589792557232839,0.02473765107176868,0.0006119513805485782,0.018250786332064617,0.033559049531219826,0.04505695328740672,-0.46599801197658275,3,0.25,design,0.02,0.03837649668216105,0.03589792557232839,0.125,
sam,erm,True,0.03589792557232839,0.02473765107176868,0.0006119513805485782,0.018250786332064617,0.033559049531219826,0.04505695328740672,-0.46599801197658275,3,0.25,design,0.05,0.03837649668216105,0.03589792557232839,0.125,
sam,erm,True,0.03589792557232839,0.02473765107176868,0.0006119513805485782,0.018250786332064617,0.033559049531219826,0.04505695328740672,-0.46599801197658275,3,0.25,design,0.1,0.03837649668216105,0.03589792557232839,0.125,4
sam,erm,True,0.03589792557232839,0.02473765107176868,0.0006119513805485782,0.018250786332064617,0.033559049531219826,0.04505695328740672,-0.46599801197658275,3,0.25,design,0.2,0.03837649668216105,0.03589792557232839,0.125,3
sam,erm,True,0.03589792557232839,0.02473765107176868,0.0006119513805485782,0.018250786332064617,0.033559049531219826,0.04505695328740672,-0.46599801197658275,3,0.5,ratio,0.02,0.04145135398506589,0.03589792557232839,0.25,70
sam,erm,True,0.03589792557232839,0.02473765107176868,0.0006119513805485782,0.018250786332064617,0.033559049531219826,0.04505695328740672,-0.46599801197658275,3,0.5,ratio,0.05,0.04145135398506589,0.03589792557232839,0.25,13
sam,erm,True,0.03589792557232839,0.02473765107176868,0.0006119513805485782,0.018250786332064617,0.033559049531219826,0.04505695328740672,-0.46599801197658275,3,0.5,ratio,0.1,0.04145135398506589,0.03589792557232839,0.25,5
sam,erm,True,0.03589792557232839,0.02473765107176868,0.0006119513805485782,0.018250786332064617,0.033559049531219826,0.04505695328740672,-0.46599801197658275,3,0.5,ratio,0.2,0.04145135398506589,0.03589792557232839,0.25,3
sam,erm,True,0.03589792557232839,0.02473765107176868,0.0006119513805485782,0.018250786332064617,0.033559049531219826,0.04505695328740672,-0.46599801197658275,3,0.5,design,0.02,0.04145135398506589,0.03589792557232839,0.25,
sam,erm,True,0.03589792557232839,0.02473765107176868,0.0006119513805485782,0.018250786332064617,0.033559049531219826,0.04505695328740672,-0.46599801197658275,3,0.5,design,0.05,0.04145135398506589,0.03589792557232839,0.25,
sam,erm,True,0.03589792557232839,0.02473765107176868,0.0006119513805485782,0.018250786332064617,0.033559049531219826,0.04505695328740672,-0.46599801197658275,3,0.5,design,0.1,0.04145135398506589,0.03589792557232839,0.25,5
sam,erm,True,0.03589792557232839,0.02473765107176868,0.0006119513805485782,0.018250786332064617,0.033559049531219826,0.04505695328740672,-0.46599801197658275,3,0.5,design,0.2,0.04145135398506589,0.03589792557232839,0.25,3
sam,erm,True,0.03589792557232839,0.02473765107176868,0.0006119513805485782,0.018250786332064617,0.033559049531219826,0.04505695328740672,-0.46599801197658275,5,0.0,none,0.02,0.03190575478588915,0.03190575478588915,0.0,22
sam,erm,True,0.03589792557232839,0.02473765107176868,0.0006119513805485782,0.018250786332064617,0.033559049531219826,0.04505695328740672,-0.46599801197658275,5,0.0,none,0.05,0.03190575478588915,0.03190575478588915,0.0,6
sam,erm,True,0.03589792557232839,0.02473765107176868,0.0006119513805485782,0.018250786332064617,0.033559049531219826,0.04505695328740672,-0.46599801197658275,5,0.0,none,0.1,0.03190575478588915,0.03190575478588915,0.0,4
sam,erm,True,0.03589792557232839,0.02473765107176868,0.0006119513805485782,0.018250786332064617,0.033559049531219826,0.04505695328740672,-0.46599801197658275,5,0.0,none,0.2,0.03190575478588915,0.03190575478588915,0.0,3
sam,erm,True,0.03589792557232839,0.02473765107176868,0.0006119513805485782,0.018250786332064617,0.033559049531219826,0.04505695328740672,-0.46599801197658275,5,0.25,ratio,0.02,0.034108686592920046,0.03190575478588915,0.125,37
sam,erm,True,0.03589792557232839,0.02473765107176868,0.0006119513805485782,0.018250786332064617,0.033559049531219826,0.04505695328740672,-0.46599801197658275,5,0.25,ratio,0.05,0.034108686592920046,0.03190575478588915,0.125,8
sam,erm,True,0.03589792557232839,0.02473765107176868,0.0006119513805485782,0.018250786332064617,0.033559049531219826,0.04505695328740672,-0.46599801197658275,5,0.25,ratio,0.1,0.034108686592920046,0.03190575478588915,0.125,4
sam,erm,True,0.03589792557232839,0.02473765107176868,0.0006119513805485782,0.018250786332064617,0.033559049531219826,0.04505695328740672,-0.46599801197658275,5,0.25,ratio,0.2,0.034108686592920046,0.03190575478588915,0.125,3
sam,erm,True,0.03589792557232839,0.02473765107176868,0.0006119513805485782,0.018250786332064617,0.033559049531219826,0.04505695328740672,-0.46599801197658275,5,0.25,design,0.02,0.034108686592920046,0.03190575478588915,0.125,
sam,erm,True,0.03589792557232839,0.02473765107176868,0.0006119513805485782,0.018250786332064617,0.033559049531219826,0.04505695328740672,-0.46599801197658275,5,0.25,design,0.05,0.034108686592920046,0.03190575478588915,0.125,34
sam,erm,True,0.03589792557232839,0.02473765107176868,0.0006119513805485782,0.018250786332064617,0.033559049531219826,0.04505695328740672,-0.46599801197658275,5,0.25,design,0.1,0.034108686592920046,0.03190575478588915,0.125,4
sam,erm,True,0.03589792557232839,0.02473765107176868,0.0006119513805485782,0.018250786332064617,0.033559049531219826,0.04505695328740672,-0.46599801197658275,5,0.25,design,0.2,0.034108686592920046,0.03190575478588915,0.125,3
sam,erm,True,0.03589792557232839,0.02473765107176868,0.0006119513805485782,0.018250786332064617,0.033559049531219826,0.04505695328740672,-0.46599801197658275,5,0.5,ratio,0.02,0.03684159222866258,0.03190575478588915,0.25,56
sam,erm,True,0.03589792557232839,0.02473765107176868,0.0006119513805485782,0.018250786332064617,0.033559049531219826,0.04505695328740672,-0.46599801197658275,5,0.5,ratio,0.05,0.03684159222866258,0.03190575478588915,0.25,11
sam,erm,True,0.03589792557232839,0.02473765107176868,0.0006119513805485782,0.018250786332064617,0.033559049531219826,0.04505695328740672,-0.46599801197658275,5,0.5,ratio,0.1,0.03684159222866258,0.03190575478588915,0.25,5
sam,erm,True,0.03589792557232839,0.02473765107176868,0.0006119513805485782,0.018250786332064617,0.033559049531219826,0.04505695328740672,-0.46599801197658275,5,0.5,ratio,0.2,0.03684159222866258,0.03190575478588915,0.25,3
sam,erm,True,0.03589792557232839,0.02473765107176868,0.0006119513805485782,0.018250786332064617,0.033559049531219826,0.04505695328740672,-0.46599801197658275,5,0.5,design,0.02,0.03684159222866258,0.03190575478588915,0.25,
sam,erm,True,0.03589792557232839,0.02473765107176868,0.0006119513805485782,0.018250786332064617,0.033559049531219826,0.04505695328740672,-0.46599801197658275,5,0.5,design,0.05,0.03684159222866258,0.03190575478588915,0.25,
sam,erm,True,0.03589792557232839,0.02473765107176868,0.0006119513805485782,0.018250786332064617,0.033559049531219826,0.04505695328740672,-0.46599801197658275,5,0.5,design,0.1,0.03684159222866258,0.03190575478588915,0.25,4
sam,erm,True,0.03589792557232839,0.02473765107176868,0.0006119513805485782,0.018250786332064617,0.033559049531219826,0.04505695328740672,-0.46599801197658275,5,0.5,design,0.2,0.03684159222866258,0.03190575478588915,0.25,3
sam,erm,True,0.03589792557232839,0.02473765107176868,0.0006119513805485782,0.018250786332064617,0.033559049531219826,0.04505695328740672,-0.46599801197658275,10,0.0,none,0.02,0.028547579310738997,0.028547579310738997,0.0,19
sam,erm,True,0.03589792557232839,0.02473765107176868,0.0006119513805485782,0.018250786332064617,0.033559049531219826,0.04505695328740672,-0.46599801197658275,10,0.0,none,0.05,0.028547579310738997,0.028547579310738997,0.0,5
sam,erm,True,0.03589792557232839,0.02473765107176868,0.0006119513805485782,0.018250786332064617,0.033559049531219826,0.04505695328740672,-0.46599801197658275,10,0.0,none,0.1,0.028547579310738997,0.028547579310738997,0.0,3
sam,erm,True,0.03589792557232839,0.02473765107176868,0.0006119513805485782,0.018250786332064617,0.033559049531219826,0.04505695328740672,-0.46599801197658275,10,0.0,none,0.2,0.028547579310738997,0.028547579310738997,0.0,3
sam,erm,True,0.03589792557232839,0.02473765107176868,0.0006119513805485782,0.018250786332064617,0.033559049531219826,0.04505695328740672,-0.46599801197658275,10,0.25,ratio,0.02,0.030518646000726145,0.028547579310738997,0.125,30
sam,erm,True,0.03589792557232839,0.02473765107176868,0.0006119513805485782,0.018250786332064617,0.033559049531219826,0.04505695328740672,-0.46599801197658275,10,0.25,ratio,0.05,0.030518646000726145,0.028547579310738997,0.125,7
sam,erm,True,0.03589792557232839,0.02473765107176868,0.0006119513805485782,0.018250786332064617,0.033559049531219826,0.04505695328740672,-0.46599801197658275,10,0.25,ratio,0.1,0.030518646000726145,0.028547579310738997,0.125,4
sam,erm,True,0.03589792557232839,0.02473765107176868,0.0006119513805485782,0.018250786332064617,0.033559049531219826,0.04505695328740672,-0.46599801197658275,10,0.25,ratio,0.2,0.030518646000726145,0.028547579310738997,0.125,3
sam,erm,True,0.03589792557232839,0.02473765107176868,0.0006119513805485782,0.018250786332064617,0.033559049531219826,0.04505695328740672,-0.46599801197658275,10,0.25,design,0.02,0.030518646000726145,0.028547579310738997,0.125,
sam,erm,True,0.03589792557232839,0.02473765107176868,0.0006119513805485782,0.018250786332064617,0.033559049531219826,0.04505695328740672,-0.46599801197658275,10,0.25,design,0.05,0.030518646000726145,0.028547579310738997,0.125,11
sam,erm,True,0.03589792557232839,0.02473765107176868,0.0006119513805485782,0.018250786332064617,0.033559049531219826,0.04505695328740672,-0.46599801197658275,10,0.25,design,0.1,0.030518646000726145,0.028547579310738997,0.125,3
sam,erm,True,0.03589792557232839,0.02473765107176868,0.0006119513805485782,0.018250786332064617,0.033559049531219826,0.04505695328740672,-0.46599801197658275,10,0.25,design,0.2,0.030518646000726145,0.028547579310738997,0.125,3
sam,erm,True,0.03589792557232839,0.02473765107176868,0.0006119513805485782,0.018250786332064617,0.033559049531219826,0.04505695328740672,-0.46599801197658275,10,0.5,ratio,0.02,0.0329639051995347,0.028547579310738997,0.25,45
sam,erm,True,0.03589792557232839,0.02473765107176868,0.0006119513805485782,0.018250786332064617,0.033559049531219826,0.04505695328740672,-0.46599801197658275,10,0.5,ratio,0.05,0.0329639051995347,0.028547579310738997,0.25,9
sam,erm,True,0.03589792557232839,0.02473765107176868,0.0006119513805485782,0.018250786332064617,0.033559049531219826,0.04505695328740672,-0.46599801197658275,10,0.5,ratio,0.1,0.0329639051995347,0.028547579310738997,0.25,4
sam,erm,True,0.03589792557232839,0.02473765107176868,0.0006119513805485782,0.018250786332064617,0.033559049531219826,0.04505695328740672,-0.46599801197658275,10,0.5,ratio,0.2,0.0329639051995347,0.028547579310738997,0.25,3
sam,erm,True,0.03589792557232839,0.02473765107176868,0.0006119513805485782,0.018250786332064617,0.033559049531219826,0.04505695328740672,-0.46599801197658275,10,0.5,design,0.02,0.0329639051995347,0.028547579310738997,0.25,
sam,erm,True,0.03589792557232839,0.02473765107176868,0.0006119513805485782,0.018250786332064617,0.033559049531219826,0.04505695328740672,-0.46599801197658275,10,0.5,design,0.05,0.0329639051995347,0.028547579310738997,0.25,
sam,erm,True,0.03589792557232839,0.02473765107176868,0.0006119513805485782,0.018250786332064617,0.033559049531219826,0.04505695328740672,-0.46599801197658275,10,0.5,design,0.1,0.0329639051995347,0.028547579310738997,0.25,4
sam,erm,True,0.03589792557232839,0.02473765107176868,0.0006119513805485782,0.018250786332064617,0.033559049531219826,0.04505695328740672,-0.46599801197658275,10,0.5,design,0.2,0.0329639051995347,0.028547579310738997,0.25,3
simclr,erm,True,0.0397259505304956,0.02510847615523198,0.000630435574837853,0.03210260468793489,0.033559049531219826,0.05332116570500492,-0.3185457709682663,1,0.0,none,0.02,0.058937104501141264,0.058937104501141264,0.0,71
simclr,erm,True,0.0397259505304956,0.02510847615523198,0.000630435574837853,0.03210260468793489,0.033559049531219826,0.05332116570500492,-0.3185457709682663,1,0.0,none,0.05,0.058937104501141264,0.058937104501141264,0.0,13
simclr,erm,True,0.0397259505304956,0.02510847615523198,0.000630435574837853,0.03210260468793489,0.033559049531219826,0.05332116570500492,-0.3185457709682663,1,0.0,none,0.1,0.058937104501141264,0.058937104501141264,0.0,5
simclr,erm,True,0.0397259505304956,0.02510847615523198,0.000630435574837853,0.03210260468793489,0.033559049531219826,0.05332116570500492,-0.3185457709682663,1,0.0,none,0.2,0.058937104501141264,0.058937104501141264,0.0,3
simclr,erm,True,0.0397259505304956,0.02510847615523198,0.000630435574837853,0.03210260468793489,0.033559049531219826,0.05332116570500492,-0.3185457709682663,1,0.25,ratio,0.02,0.06300641497478941,0.058937104501141264,0.125,119
simclr,erm,True,0.0397259505304956,0.02510847615523198,0.000630435574837853,0.03210260468793489,0.033559049531219826,0.05332116570500492,-0.3185457709682663,1,0.25,ratio,0.05,0.06300641497478941,0.058937104501141264,0.125,21
simclr,erm,True,0.0397259505304956,0.02510847615523198,0.000630435574837853,0.03210260468793489,0.033559049531219826,0.05332116570500492,-0.3185457709682663,1,0.25,ratio,0.1,0.06300641497478941,0.058937104501141264,0.125,7
simclr,erm,True,0.0397259505304956,0.02510847615523198,0.000630435574837853,0.03210260468793489,0.033559049531219826,0.05332116570500492,-0.3185457709682663,1,0.25,ratio,0.2,0.06300641497478941,0.058937104501141264,0.125,4
simclr,erm,True,0.0397259505304956,0.02510847615523198,0.000630435574837853,0.03210260468793489,0.033559049531219826,0.05332116570500492,-0.3185457709682663,1,0.25,design,0.02,0.06300641497478941,0.058937104501141264,0.125,
simclr,erm,True,0.0397259505304956,0.02510847615523198,0.000630435574837853,0.03210260468793489,0.033559049531219826,0.05332116570500492,-0.3185457709682663,1,0.25,design,0.05,0.06300641497478941,0.058937104501141264,0.125,
simclr,erm,True,0.0397259505304956,0.02510847615523198,0.000630435574837853,0.03210260468793489,0.033559049531219826,0.05332116570500492,-0.3185457709682663,1,0.25,design,0.1,0.06300641497478941,0.058937104501141264,0.125,13
simclr,erm,True,0.0397259505304956,0.02510847615523198,0.000630435574837853,0.03210260468793489,0.033559049531219826,0.05332116570500492,-0.3185457709682663,1,0.25,design,0.2,0.06300641497478941,0.058937104501141264,0.125,4
simclr,erm,True,0.0397259505304956,0.02510847615523198,0.000630435574837853,0.03210260468793489,0.033559049531219826,0.05332116570500492,-0.3185457709682663,1,0.5,ratio,0.02,0.06805470629798203,0.058937104501141264,0.25,184
simclr,erm,True,0.0397259505304956,0.02510847615523198,0.000630435574837853,0.03210260468793489,0.033559049531219826,0.05332116570500492,-0.3185457709682663,1,0.5,ratio,0.05,0.06805470629798203,0.058937104501141264,0.25,32
simclr,erm,True,0.0397259505304956,0.02510847615523198,0.000630435574837853,0.03210260468793489,0.033559049531219826,0.05332116570500492,-0.3185457709682663,1,0.5,ratio,0.1,0.06805470629798203,0.058937104501141264,0.25,10
simclr,erm,True,0.0397259505304956,0.02510847615523198,0.000630435574837853,0.03210260468793489,0.033559049531219826,0.05332116570500492,-0.3185457709682663,1,0.5,ratio,0.2,0.06805470629798203,0.058937104501141264,0.25,5
simclr,erm,True,0.0397259505304956,0.02510847615523198,0.000630435574837853,0.03210260468793489,0.033559049531219826,0.05332116570500492,-0.3185457709682663,1,0.5,design,0.02,0.06805470629798203,0.058937104501141264,0.25,
simclr,erm,True,0.0397259505304956,0.02510847615523198,0.000630435574837853,0.03210260468793489,0.033559049531219826,0.05332116570500492,-0.3185457709682663,1,0.5,design,0.05,0.06805470629798203,0.058937104501141264,0.25,
simclr,erm,True,0.0397259505304956,0.02510847615523198,0.000630435574837853,0.03210260468793489,0.033559049531219826,0.05332116570500492,-0.3185457709682663,1,0.5,design,0.1,0.06805470629798203,0.058937104501141264,0.25,
simclr,erm,True,0.0397259505304956,0.02510847615523198,0.000630435574837853,0.03210260468793489,0.033559049531219826,0.05332116570500492,-0.3185457709682663,1,0.5,design,0.2,0.06805470629798203,0.058937104501141264,0.25,4
simclr,erm,True,0.0397259505304956,0.02510847615523198,0.000630435574837853,0.03210260468793489,0.033559049531219826,0.05332116570500492,-0.3185457709682663,3,0.0,none,0.02,0.03972595053049561,0.03972595053049561,0.0,33
simclr,erm,True,0.0397259505304956,0.02510847615523198,0.000630435574837853,0.03210260468793489,0.033559049531219826,0.05332116570500492,-0.3185457709682663,3,0.0,none,0.05,0.03972595053049561,0.03972595053049561,0.0,8
simclr,erm,True,0.0397259505304956,0.02510847615523198,0.000630435574837853,0.03210260468793489,0.033559049531219826,0.05332116570500492,-0.3185457709682663,3,0.0,none,0.1,0.03972595053049561,0.03972595053049561,0.0,4
simclr,erm,True,0.0397259505304956,0.02510847615523198,0.000630435574837853,0.03210260468793489,0.033559049531219826,0.05332116570500492,-0.3185457709682663,3,0.0,none,0.2,0.03972595053049561,0.03972595053049561,0.0,3
simclr,erm,True,0.0397259505304956,0.02510847615523198,0.000630435574837853,0.03210260468793489,0.033559049531219826,0.05332116570500492,-0.3185457709682663,3,0.25,ratio,0.02,0.04246882749972716,0.03972595053049561,0.125,56
simclr,erm,True,0.0397259505304956,0.02510847615523198,0.000630435574837853,0.03210260468793489,0.033559049531219826,0.05332116570500492,-0.3185457709682663,3,0.25,ratio,0.05,0.04246882749972716,0.03972595053049561,0.125,11
simclr,erm,True,0.0397259505304956,0.02510847615523198,0.000630435574837853,0.03210260468793489,0.033559049531219826,0.05332116570500492,-0.3185457709682663,3,0.25,ratio,0.1,0.04246882749972716,0.03972595053049561,0.125,5
simclr,erm,True,0.0397259505304956,0.02510847615523198,0.000630435574837853,0.03210260468793489,0.033559049531219826,0.05332116570500492,-0.3185457709682663,3,0.25,ratio,0.2,0.04246882749972716,0.03972595053049561,0.125,3
simclr,erm,True,0.0397259505304956,0.02510847615523198,0.000630435574837853,0.03210260468793489,0.033559049531219826,0.05332116570500492,-0.3185457709682663,3,0.25,design,0.02,0.04246882749972716,0.03972595053049561,0.125,
simclr,erm,True,0.0397259505304956,0.02510847615523198,0.000630435574837853,0.03210260468793489,0.033559049531219826,0.05332116570500492,-0.3185457709682663,3,0.25,design,0.05,0.04246882749972716,0.03972595053049561,0.125,
simclr,erm,True,0.0397259505304956,0.02510847615523198,0.000630435574837853,0.03210260468793489,0.033559049531219826,0.05332116570500492,-0.3185457709682663,3,0.25,design,0.1,0.04246882749972716,0.03972595053049561,0.125,5
simclr,erm,True,0.0397259505304956,0.02510847615523198,0.000630435574837853,0.03210260468793489,0.033559049531219826,0.05332116570500492,-0.3185457709682663,3,0.25,design,0.2,0.04246882749972716,0.03972595053049561,0.125,3
simclr,erm,True,0.0397259505304956,0.02510847615523198,0.000630435574837853,0.03210260468793489,0.033559049531219826,0.05332116570500492,-0.3185457709682663,3,0.5,ratio,0.02,0.04587157646519079,0.03972595053049561,0.25,85
simclr,erm,True,0.0397259505304956,0.02510847615523198,0.000630435574837853,0.03210260468793489,0.033559049531219826,0.05332116570500492,-0.3185457709682663,3,0.5,ratio,0.05,0.04587157646519079,0.03972595053049561,0.25,16
simclr,erm,True,0.0397259505304956,0.02510847615523198,0.000630435574837853,0.03210260468793489,0.033559049531219826,0.05332116570500492,-0.3185457709682663,3,0.5,ratio,0.1,0.04587157646519079,0.03972595053049561,0.25,6
simclr,erm,True,0.0397259505304956,0.02510847615523198,0.000630435574837853,0.03210260468793489,0.033559049531219826,0.05332116570500492,-0.3185457709682663,3,0.5,ratio,0.2,0.04587157646519079,0.03972595053049561,0.25,4
simclr,erm,True,0.0397259505304956,0.02510847615523198,0.000630435574837853,0.03210260468793489,0.033559049531219826,0.05332116570500492,-0.3185457709682663,3,0.5,design,0.02,0.04587157646519079,0.03972595053049561,0.25,
simclr,erm,True,0.0397259505304956,0.02510847615523198,0.000630435574837853,0.03210260468793489,0.033559049531219826,0.05332116570500492,-0.3185457709682663,3,0.5,design,0.05,0.04587157646519079,0.03972595053049561,0.25,
simclr,erm,True,0.0397259505304956,0.02510847615523198,0.000630435574837853,0.03210260468793489,0.033559049531219826,0.05332116570500492,-0.3185457709682663,3,0.5,design,0.1,0.04587157646519079,0.03972595053049561,0.25,8
simclr,erm,True,0.0397259505304956,0.02510847615523198,0.000630435574837853,0.03210260468793489,0.033559049531219826,0.05332116570500492,-0.3185457709682663,3,0.5,design,0.2,0.04587157646519079,0.03972595053049561,0.25,3
simclr,erm,True,0.0397259505304956,0.02510847615523198,0.000630435574837853,0.03210260468793489,0.033559049531219826,0.05332116570500492,-0.3185457709682663,5,0.0,none,0.02,0.034627516764359115,0.034627516764359115,0.0,26
simclr,erm,True,0.0397259505304956,0.02510847615523198,0.000630435574837853,0.03210260468793489,0.033559049531219826,0.05332116570500492,-0.3185457709682663,5,0.0,none,0.05,0.034627516764359115,0.034627516764359115,0.0,6
simclr,erm,True,0.0397259505304956,0.02510847615523198,0.000630435574837853,0.03210260468793489,0.033559049531219826,0.05332116570500492,-0.3185457709682663,5,0.0,none,0.1,0.034627516764359115,0.034627516764359115,0.0,4
simclr,erm,True,0.0397259505304956,0.02510847615523198,0.000630435574837853,0.03210260468793489,0.033559049531219826,0.05332116570500492,-0.3185457709682663,5,0.0,none,0.2,0.034627516764359115,0.034627516764359115,0.0,3
simclr,erm,True,0.0397259505304956,0.02510847615523198,0.000630435574837853,0.03210260468793489,0.033559049531219826,0.05332116570500492,-0.3185457709682663,5,0.25,ratio,0.02,0.03701837253914365,0.034627516764359115,0.125,43
simclr,erm,True,0.0397259505304956,0.02510847615523198,0.000630435574837853,0.03210260468793489,0.033559049531219826,0.05332116570500492,-0.3185457709682663,5,0.25,ratio,0.05,0.03701837253914365,0.034627516764359115,0.125,9
simclr,erm,True,0.0397259505304956,0.02510847615523198,0.000630435574837853,0.03210260468793489,0.033559049531219826,0.05332116570500492,-0.3185457709682663,5,0.25,ratio,0.1,0.03701837253914365,0.034627516764359115,0.125,4
simclr,erm,True,0.0397259505304956,0.02510847615523198,0.000630435574837853,0.03210260468793489,0.033559049531219826,0.05332116570500492,-0.3185457709682663,5,0.25,ratio,0.2,0.03701837253914365,0.034627516764359115,0.125,3
simclr,erm,True,0.0397259505304956,0.02510847615523198,0.000630435574837853,0.03210260468793489,0.033559049531219826,0.05332116570500492,-0.3185457709682663,5,0.25,design,0.02,0.03701837253914365,0.034627516764359115,0.125,
simclr,erm,True,0.0397259505304956,0.02510847615523198,0.000630435574837853,0.03210260468793489,0.033559049531219826,0.05332116570500492,-0.3185457709682663,5,0.25,design,0.05,0.03701837253914365,0.034627516764359115,0.125,
simclr,erm,True,0.0397259505304956,0.02510847615523198,0.000630435574837853,0.03210260468793489,0.033559049531219826,0.05332116570500492,-0.3185457709682663,5,0.25,design,0.1,0.03701837253914365,0.034627516764359115,0.125,4
simclr,erm,True,0.0397259505304956,0.02510847615523198,0.000630435574837853,0.03210260468793489,0.033559049531219826,0.05332116570500492,-0.3185457709682663,5,0.25,design,0.2,0.03701837253914365,0.034627516764359115,0.125,3
simclr,erm,True,0.0397259505304956,0.02510847615523198,0.000630435574837853,0.03210260468793489,0.033559049531219826,0.05332116570500492,-0.3185457709682663,5,0.5,ratio,0.02,0.03998441225054203,0.034627516764359115,0.25,65
simclr,erm,True,0.0397259505304956,0.02510847615523198,0.000630435574837853,0.03210260468793489,0.033559049531219826,0.05332116570500492,-0.3185457709682663,5,0.5,ratio,0.05,0.03998441225054203,0.034627516764359115,0.25,13
simclr,erm,True,0.0397259505304956,0.02510847615523198,0.000630435574837853,0.03210260468793489,0.033559049531219826,0.05332116570500492,-0.3185457709682663,5,0.5,ratio,0.1,0.03998441225054203,0.034627516764359115,0.25,5
simclr,erm,True,0.0397259505304956,0.02510847615523198,0.000630435574837853,0.03210260468793489,0.033559049531219826,0.05332116570500492,-0.3185457709682663,5,0.5,ratio,0.2,0.03998441225054203,0.034627516764359115,0.25,3
simclr,erm,True,0.0397259505304956,0.02510847615523198,0.000630435574837853,0.03210260468793489,0.033559049531219826,0.05332116570500492,-0.3185457709682663,5,0.5,design,0.02,0.03998441225054203,0.034627516764359115,0.25,
simclr,erm,True,0.0397259505304956,0.02510847615523198,0.000630435574837853,0.03210260468793489,0.033559049531219826,0.05332116570500492,-0.3185457709682663,5,0.5,design,0.05,0.03998441225054203,0.034627516764359115,0.25,
simclr,erm,True,0.0397259505304956,0.02510847615523198,0.000630435574837853,0.03210260468793489,0.033559049531219826,0.05332116570500492,-0.3185457709682663,5,0.5,design,0.1,0.03998441225054203,0.034627516764359115,0.25,5
simclr,erm,True,0.0397259505304956,0.02510847615523198,0.000630435574837853,0.03210260468793489,0.033559049531219826,0.05332116570500492,-0.3185457709682663,5,0.5,design,0.2,0.03998441225054203,0.034627516764359115,0.25,3
simclr,erm,True,0.0397259505304956,0.02510847615523198,0.000630435574837853,0.03210260468793489,0.033559049531219826,0.05332116570500492,-0.3185457709682663,10,0.0,none,0.02,0.03024483833734134,0.03024483833734134,0.0,20
simclr,erm,True,0.0397259505304956,0.02510847615523198,0.000630435574837853,0.03210260468793489,0.033559049531219826,0.05332116570500492,-0.3185457709682663,10,0.0,none,0.05,0.03024483833734134,0.03024483833734134,0.0,6
simclr,erm,True,0.0397259505304956,0.02510847615523198,0.000630435574837853,0.03210260468793489,0.033559049531219826,0.05332116570500492,-0.3185457709682663,10,0.0,none,0.1,0.03024483833734134,0.03024483833734134,0.0,3
simclr,erm,True,0.0397259505304956,0.02510847615523198,0.000630435574837853,0.03210260468793489,0.033559049531219826,0.05332116570500492,-0.3185457709682663,10,0.0,none,0.2,0.03024483833734134,0.03024483833734134,0.0,3
simclr,erm,True,0.0397259505304956,0.02510847615523198,0.000630435574837853,0.03210260468793489,0.033559049531219826,0.05332116570500492,-0.3185457709682663,10,0.25,ratio,0.02,0.032333092221913405,0.03024483833734134,0.125,33
simclr,erm,True,0.0397259505304956,0.02510847615523198,0.000630435574837853,0.03210260468793489,0.033559049531219826,0.05332116570500492,-0.3185457709682663,10,0.25,ratio,0.05,0.032333092221913405,0.03024483833734134,0.125,8
simclr,erm,True,0.0397259505304956,0.02510847615523198,0.000630435574837853,0.03210260468793489,0.033559049531219826,0.05332116570500492,-0.3185457709682663,10,0.25,ratio,0.1,0.032333092221913405,0.03024483833734134,0.125,4
simclr,erm,True,0.0397259505304956,0.02510847615523198,0.000630435574837853,0.03210260468793489,0.033559049531219826,0.05332116570500492,-0.3185457709682663,10,0.25,ratio,0.2,0.032333092221913405,0.03024483833734134,0.125,3
simclr,erm,True,0.0397259505304956,0.02510847615523198,0.000630435574837853,0.03210260468793489,0.033559049531219826,0.05332116570500492,-0.3185457709682663,10,0.25,design,0.02,0.032333092221913405,0.03024483833734134,0.125,
simclr,erm,True,0.0397259505304956,0.02510847615523198,0.000630435574837853,0.03210260468793489,0.033559049531219826,0.05332116570500492,-0.3185457709682663,10,0.25,design,0.05,0.032333092221913405,0.03024483833734134,0.125,16
simclr,erm,True,0.0397259505304956,0.02510847615523198,0.000630435574837853,0.03210260468793489,0.033559049531219826,0.05332116570500492,-0.3185457709682663,10,0.25,design,0.1,0.032333092221913405,0.03024483833734134,0.125,4
simclr,erm,True,0.0397259505304956,0.02510847615523198,0.000630435574837853,0.03210260468793489,0.033559049531219826,0.05332116570500492,-0.3185457709682663,10,0.25,design,0.2,0.032333092221913405,0.03024483833734134,0.125,3
simclr,erm,True,0.0397259505304956,0.02510847615523198,0.000630435574837853,0.03210260468793489,0.033559049531219826,0.05332116570500492,-0.3185457709682663,10,0.5,ratio,0.02,0.03492373111132147,0.03024483833734134,0.25,50
simclr,erm,True,0.0397259505304956,0.02510847615523198,0.000630435574837853,0.03210260468793489,0.033559049531219826,0.05332116570500492,-0.3185457709682663,10,0.5,ratio,0.05,0.03492373111132147,0.03024483833734134,0.25,10
simclr,erm,True,0.0397259505304956,0.02510847615523198,0.000630435574837853,0.03210260468793489,0.033559049531219826,0.05332116570500492,-0.3185457709682663,10,0.5,ratio,0.1,0.03492373111132147,0.03024483833734134,0.25,5
simclr,erm,True,0.0397259505304956,0.02510847615523198,0.000630435574837853,0.03210260468793489,0.033559049531219826,0.05332116570500492,-0.3185457709682663,10,0.5,ratio,0.2,0.03492373111132147,0.03024483833734134,0.25,3
simclr,erm,True,0.0397259505304956,0.02510847615523198,0.000630435574837853,0.03210260468793489,0.033559049531219826,0.05332116570500492,-0.3185457709682663,10,0.5,design,0.02,0.03492373111132147,0.03024483833734134,0.25,
simclr,erm,True,0.0397259505304956,0.02510847615523198,0.000630435574837853,0.03210260468793489,0.033559049531219826,0.05332116570500492,-0.3185457709682663,10,0.5,design,0.05,0.03492373111132147,0.03024483833734134,0.25,
simclr,erm,True,0.0397259505304956,0.02510847615523198,0.000630435574837853,0.03210260468793489,0.033559049531219826,0.05332116570500492,-0.3185457709682663,10,0.5,design,0.1,0.03492373111132147,0.03024483833734134,0.25,4
simclr,erm,True,0.0397259505304956,0.02510847615523198,0.000630435574837853,0.03210260468793489,0.033559049531219826,0.05332116570500492,-0.3185457709682663,10,0.5,design,0.2,0.03492373111132147,0.03024483833734134,0.25,3
tia_style,erm,True,0.1272014488152251,0.1252639515086306,0.015691057547556553,0.00755319233918559,0.033559049531219826,0.03830735046185421,-0.5605863802350087,1,0.0,none,0.02,0.1309904983079455,0.1309904983079455,0.0,339
tia_style,erm,True,0.1272014488152251,0.1252639515086306,0.015691057547556553,0.00755319233918559,0.033559049531219826,0.03830735046185421,-0.5605863802350087,1,0.0,none,0.05,0.1309904983079455,0.1309904983079455,0.0,56
tia_style,erm,True,0.1272014488152251,0.1252639515086306,0.015691057547556553,0.00755319233918559,0.033559049531219826,0.03830735046185421,-0.5605863802350087,1,0.0,none,0.1,0.1309904983079455,0.1309904983079455,0.0,16
tia_style,erm,True,0.1272014488152251,0.1252639515086306,0.015691057547556553,0.00755319233918559,0.033559049531219826,0.03830735046185421,-0.5605863802350087,1,0.0,none,0.2,0.1309904983079455,0.1309904983079455,0.0,6
tia_style,erm,True,0.1272014488152251,0.1252639515086306,0.015691057547556553,0.00755319233918559,0.033559049531219826,0.03830735046185421,-0.5605863802350087,1,0.25,ratio,0.02,0.14003473302603536,0.1309904983079455,0.125,580
tia_style,erm,True,0.1272014488152251,0.1252639515086306,0.015691057547556553,0.00755319233918559,0.033559049531219826,0.03830735046185421,-0.5605863802350087,1,0.25,ratio,0.05,0.14003473302603536,0.1309904983079455,0.125,95
tia_style,erm,True,0.1272014488152251,0.1252639515086306,0.015691057547556553,0.00755319233918559,0.033559049531219826,0.03830735046185421,-0.5605863802350087,1,0.25,ratio,0.1,0.14003473302603536,0.1309904983079455,0.125,26
tia_style,erm,True,0.1272014488152251,0.1252639515086306,0.015691057547556553,0.00755319233918559,0.033559049531219826,0.03830735046185421,-0.5605863802350087,1,0.25,ratio,0.2,0.14003473302603536,0.1309904983079455,0.125,8
tia_style,erm,True,0.1272014488152251,0.1252639515086306,0.015691057547556553,0.00755319233918559,0.033559049531219826,0.03830735046185421,-0.5605863802350087,1,0.25,design,0.02,0.14003473302603536,0.1309904983079455,0.125,
tia_style,erm,True,0.1272014488152251,0.1252639515086306,0.015691057547556553,0.00755319233918559,0.033559049531219826,0.03830735046185421,-0.5605863802350087,1,0.25,design,0.05,0.14003473302603536,0.1309904983079455,0.125,
tia_style,erm,True,0.1272014488152251,0.1252639515086306,0.015691057547556553,0.00755319233918559,0.033559049531219826,0.03830735046185421,-0.5605863802350087,1,0.25,design,0.1,0.14003473302603536,0.1309904983079455,0.125,
tia_style,erm,True,0.1272014488152251,0.1252639515086306,0.015691057547556553,0.00755319233918559,0.033559049531219826,0.03830735046185421,-0.5605863802350087,1,0.25,design,0.2,0.14003473302603536,0.1309904983079455,0.125,77
tia_style,erm,True,0.1272014488152251,0.1252639515086306,0.015691057547556553,0.00755319233918559,0.033559049531219826,0.03830735046185421,-0.5605863802350087,1,0.5,ratio,0.02,0.15125479891875113,0.1309904983079455,0.25,900
tia_style,erm,True,0.1272014488152251,0.1252639515086306,0.015691057547556553,0.00755319233918559,0.033559049531219826,0.03830735046185421,-0.5605863802350087,1,0.5,ratio,0.05,0.15125479891875113,0.1309904983079455,0.25,146
tia_style,erm,True,0.1272014488152251,0.1252639515086306,0.015691057547556553,0.00755319233918559,0.033559049531219826,0.03830735046185421,-0.5605863802350087,1,0.5,ratio,0.1,0.15125479891875113,0.1309904983079455,0.25,38
tia_style,erm,True,0.1272014488152251,0.1252639515086306,0.015691057547556553,0.00755319233918559,0.033559049531219826,0.03830735046185421,-0.5605863802350087,1,0.5,ratio,0.2,0.15125479891875113,0.1309904983079455,0.25,12
tia_style,erm,True,0.1272014488152251,0.1252639515086306,0.015691057547556553,0.00755319233918559,0.033559049531219826,0.03830735046185421,-0.5605863802350087,1,0.5,design,0.02,0.15125479891875113,0.1309904983079455,0.25,
tia_style,erm,True,0.1272014488152251,0.1252639515086306,0.015691057547556553,0.00755319233918559,0.033559049531219826,0.03830735046185421,-0.5605863802350087,1,0.5,design,0.05,0.15125479891875113,0.1309904983079455,0.25,
tia_style,erm,True,0.1272014488152251,0.1252639515086306,0.015691057547556553,0.00755319233918559,0.033559049531219826,0.03830735046185421,-0.5605863802350087,1,0.5,design,0.1,0.15125479891875113,0.1309904983079455,0.25,
tia_style,erm,True,0.1272014488152251,0.1252639515086306,0.015691057547556553,0.00755319233918559,0.033559049531219826,0.03830735046185421,-0.5605863802350087,1,0.5,design,0.2,0.15125479891875113,0.1309904983079455,0.25,
tia_style,erm,True,0.1272014488152251,0.1252639515086306,0.015691057547556553,0.00755319233918559,0.033559049531219826,0.03830735046185421,-0.5605863802350087,3,0.0,none,0.02,0.1272014488152251,0.1272014488152251,0.0,320
tia_style,erm,True,0.1272014488152251,0.1252639515086306,0.015691057547556553,0.00755319233918559,0.033559049531219826,0.03830735046185421,-0.5605863802350087,3,0.0,none,0.05,0.1272014488152251,0.1272014488152251,0.0,53
tia_style,erm,True,0.1272014488152251,0.1252639515086306,0.015691057547556553,0.00755319233918559,0.033559049531219826,0.03830735046185421,-0.5605863802350087,3,0.0,none,0.1,0.1272014488152251,0.1272014488152251,0.0,15
tia_style,erm,True,0.1272014488152251,0.1252639515086306,0.015691057547556553,0.00755319233918559,0.033559049531219826,0.03830735046185421,-0.5605863802350087,3,0.0,none,0.2,0.1272014488152251,0.1272014488152251,0.0,6
tia_style,erm,True,0.1272014488152251,0.1252639515086306,0.015691057547556553,0.00755319233918559,0.033559049531219826,0.03830735046185421,-0.5605863802350087,3,0.25,ratio,0.02,0.13598406873366697,0.1272014488152251,0.125,547
tia_style,erm,True,0.1272014488152251,0.1252639515086306,0.015691057547556553,0.00755319233918559,0.033559049531219826,0.03830735046185421,-0.5605863802350087,3,0.25,ratio,0.05,0.13598406873366697,0.1272014488152251,0.125,90
tia_style,erm,True,0.1272014488152251,0.1252639515086306,0.015691057547556553,0.00755319233918559,0.033559049531219826,0.03830735046185421,-0.5605863802350087,3,0.25,ratio,0.1,0.13598406873366697,0.1272014488152251,0.125,24
tia_style,erm,True,0.1272014488152251,0.1252639515086306,0.015691057547556553,0.00755319233918559,0.033559049531219826,0.03830735046185421,-0.5605863802350087,3,0.25,ratio,0.2,0.13598406873366697,0.1272014488152251,0.125,8
tia_style,erm,True,0.1272014488152251,0.1252639515086306,0.015691057547556553,0.00755319233918559,0.033559049531219826,0.03830735046185421,-0.5605863802350087,3,0.25,design,0.02,0.13598406873366697,0.1272014488152251,0.125,
tia_style,erm,True,0.1272014488152251,0.1252639515086306,0.015691057547556553,0.00755319233918559,0.033559049531219826,0.03830735046185421,-0.5605863802350087,3,0.25,design,0.05,0.13598406873366697,0.1272014488152251,0.125,
tia_style,erm,True,0.1272014488152251,0.1252639515086306,0.015691057547556553,0.00755319233918559,0.033559049531219826,0.03830735046185421,-0.5605863802350087,3,0.25,design,0.1,0.13598406873366697,0.1272014488152251,0.125,
tia_style,erm,True,0.1272014488152251,0.1252639515086306,0.015691057547556553,0.00755319233918559,0.033559049531219826,0.03830735046185421,-0.5605863802350087,3,0.25,design,0.2,0.13598406873366697,0.1272014488152251,0.125,32
tia_style,erm,True,0.1272014488152251,0.1252639515086306,0.015691057547556553,0.00755319233918559,0.033559049531219826,0.03830735046185421,-0.5605863802350087,3,0.5,ratio,0.02,0.14687958142956126,0.1272014488152251,0.25,849
tia_style,erm,True,0.1272014488152251,0.1252639515086306,0.015691057547556553,0.00755319233918559,0.033559049531219826,0.03830735046185421,-0.5605863802350087,3,0.5,ratio,0.05,0.14687958142956126,0.1272014488152251,0.25,138
tia_style,erm,True,0.1272014488152251,0.1252639515086306,0.015691057547556553,0.00755319233918559,0.033559049531219826,0.03830735046185421,-0.5605863802350087,3,0.5,ratio,0.1,0.14687958142956126,0.1272014488152251,0.25,36
tia_style,erm,True,0.1272014488152251,0.1252639515086306,0.015691057547556553,0.00755319233918559,0.033559049531219826,0.03830735046185421,-0.5605863802350087,3,0.5,ratio,0.2,0.14687958142956126,0.1272014488152251,0.25,11
tia_style,erm,True,0.1272014488152251,0.1252639515086306,0.015691057547556553,0.00755319233918559,0.033559049531219826,0.03830735046185421,-0.5605863802350087,3,0.5,design,0.02,0.14687958142956126,0.1272014488152251,0.25,
tia_style,erm,True,0.1272014488152251,0.1252639515086306,0.015691057547556553,0.00755319233918559,0.033559049531219826,0.03830735046185421,-0.5605863802350087,3,0.5,design,0.05,0.14687958142956126,0.1272014488152251,0.25,
tia_style,erm,True,0.1272014488152251,0.1252639515086306,0.015691057547556553,0.00755319233918559,0.033559049531219826,0.03830735046185421,-0.5605863802350087,3,0.5,design,0.1,0.14687958142956126,0.1272014488152251,0.25,
tia_style,erm,True,0.1272014488152251,0.1252639515086306,0.015691057547556553,0.00755319233918559,0.033559049531219826,0.03830735046185421,-0.5605863802350087,3,0.5,design,0.2,0.14687958142956126,0.1272014488152251,0.25,
tia_style,erm,True,0.1272014488152251,0.1252639515086306,0.015691057547556553,0.00755319233918559,0.033559049531219826,0.03830735046185421,-0.5605863802350087,5,0.0,none,0.02,0.1264300129219246,0.1264300129219246,0.0,316
tia_style,erm,True,0.1272014488152251,0.1252639515086306,0.015691057547556553,0.00755319233918559,0.033559049531219826,0.03830735046185421,-0.5605863802350087,5,0.0,none,0.05,0.1264300129219246,0.1264300129219246,0.0,53
tia_style,erm,True,0.1272014488152251,0.1252639515086306,0.015691057547556553,0.00755319233918559,0.033559049531219826,0.03830735046185421,-0.5605863802350087,5,0.0,none,0.1,0.1264300129219246,0.1264300129219246,0.0,15
tia_style,erm,True,0.1272014488152251,0.1252639515086306,0.015691057547556553,0.00755319233918559,0.033559049531219826,0.03830735046185421,-0.5605863802350087,5,0.0,none,0.2,0.1264300129219246,0.1264300129219246,0.0,6
tia_style,erm,True,0.1272014488152251,0.1252639515086306,0.015691057547556553,0.00755319233918559,0.033559049531219826,0.03830735046185421,-0.5605863802350087,5,0.25,ratio,0.02,0.13515936907406972,0.1264300129219246,0.125,540
tia_style,erm,True,0.1272014488152251,0.1252639515086306,0.015691057547556553,0.00755319233918559,0.033559049531219826,0.03830735046185421,-0.5605863802350087,5,0.25,ratio,0.05,0.13515936907406972,0.1264300129219246,0.125,88
tia_style,erm,True,0.1272014488152251,0.1252639515086306,0.015691057547556553,0.00755319233918559,0.033559049531219826,0.03830735046185421,-0.5605863802350087,5,0.25,ratio,0.1,0.13515936907406972,0.1264300129219246,0.125,24
tia_style,erm,True,0.1272014488152251,0.1252639515086306,0.015691057547556553,0.00755319233918559,0.033559049531219826,0.03830735046185421,-0.5605863802350087,5,0.25,ratio,0.2,0.13515936907406972,0.1264300129219246,0.125,8
tia_style,erm,True,0.1272014488152251,0.1252639515086306,0.015691057547556553,0.00755319233918559,0.033559049531219826,0.03830735046185421,-0.5605863802350087,5,0.25,design,0.02,0.13515936907406972,0.1264300129219246,0.125,
tia_style,erm,True,0.1272014488152251,0.1252639515086306,0.015691057547556553,0.00755319233918559,0.033559049531219826,0.03830735046185421,-0.5605863802350087,5,0.25,design,0.05,0.13515936907406972,0.1264300129219246,0.125,
tia_style,erm,True,0.1272014488152251,0.1252639515086306,0.015691057547556553,0.00755319233918559,0.033559049531219826,0.03830735046185421,-0.5605863802350087,5,0.25,design,0.1,0.13515936907406972,0.1264300129219246,0.125,
tia_style,erm,True,0.1272014488152251,0.1252639515086306,0.015691057547556553,0.00755319233918559,0.033559049531219826,0.03830735046185421,-0.5605863802350087,5,0.25,design,0.2,0.13515936907406972,0.1264300129219246,0.125,28
tia_style,erm,True,0.1272014488152251,0.1252639515086306,0.015691057547556553,0.00755319233918559,0.033559049531219826,0.03830735046185421,-0.5605863802350087,5,0.5,ratio,0.02,0.14598880398824207,0.1264300129219246,0.25,839
tia_style,erm,True,0.1272014488152251,0.1252639515086306,0.015691057547556553,0.00755319233918559,0.033559049531219826,0.03830735046185421,-0.5605863802350087,5,0.5,ratio,0.05,0.14598880398824207,0.1264300129219246,0.25,136
tia_style,erm,True,0.1272014488152251,0.1252639515086306,0.015691057547556553,0.00755319233918559,0.033559049531219826,0.03830735046185421,-0.5605863802350087,5,0.5,ratio,0.1,0.14598880398824207,0.1264300129219246,0.25,36
tia_style,erm,True,0.1272014488152251,0.1252639515086306,0.015691057547556553,0.00755319233918559,0.033559049531219826,0.03830735046185421,-0.5605863802350087,5,0.5,ratio,0.2,0.14598880398824207,0.1264300129219246,0.25,11
tia_style,erm,True,0.1272014488152251,0.1252639515086306,0.015691057547556553,0.00755319233918559,0.033559049531219826,0.03830735046185421,-0.5605863802350087,5,0.5,design,0.02,0.14598880398824207,0.1264300129219246,0.25,
tia_style,erm,True,0.1272014488152251,0.1252639515086306,0.015691057547556553,0.00755319233918559,0.033559049531219826,0.03830735046185421,-0.5605863802350087,5,0.5,design,0.05,0.14598880398824207,0.1264300129219246,0.25,
tia_style,erm,True,0.1272014488152251,0.1252639515086306,0.015691057547556553,0.00755319233918559,0.033559049531219826,0.03830735046185421,-0.5605863802350087,5,0.5,design,0.1,0.14598880398824207,0.1264300129219246,0.25,
tia_style,erm,True,0.1272014488152251,0.1252639515086306,0.015691057547556553,0.00755319233918559,0.033559049531219826,0.03830735046185421,-0.5605863802350087,5,0.5,design,0.2,0.14598880398824207,0.1264300129219246,0.25,
tia_style,erm,True,0.1272014488152251,0.1252639515086306,0.015691057547556553,0.00755319233918559,0.033559049531219826,0.03830735046185421,-0.5605863802350087,10,0.0,none,0.02,0.12584833275612867,0.12584833275612867,0.0,313
tia_style,erm,True,0.1272014488152251,0.1252639515086306,0.015691057547556553,0.00755319233918559,0.033559049531219826,0.03830735046185421,-0.5605863802350087,10,0.0,none,0.05,0.12584833275612867,0.12584833275612867,0.0,52
tia_style,erm,True,0.1272014488152251,0.1252639515086306,0.015691057547556553,0.00755319233918559,0.033559049531219826,0.03830735046185421,-0.5605863802350087,10,0.0,none,0.1,0.12584833275612867,0.12584833275612867,0.0,15
tia_style,erm,True,0.1272014488152251,0.1252639515086306,0.015691057547556553,0.00755319233918559,0.033559049531219826,0.03830735046185421,-0.5605863802350087,10,0.0,none,0.2,0.12584833275612867,0.12584833275612867,0.0,6
tia_style,erm,True,0.1272014488152251,0.1252639515086306,0.015691057547556553,0.00755319233918559,0.033559049531219826,0.03830735046185421,-0.5605863802350087,10,0.25,ratio,0.02,0.13453752682004394,0.12584833275612867,0.125,535
tia_style,erm,True,0.1272014488152251,0.1252639515086306,0.015691057547556553,0.00755319233918559,0.033559049531219826,0.03830735046185421,-0.5605863802350087,10,0.25,ratio,0.05,0.13453752682004394,0.12584833275612867,0.125,88
tia_style,erm,True,0.1272014488152251,0.1252639515086306,0.015691057547556553,0.00755319233918559,0.033559049531219826,0.03830735046185421,-0.5605863802350087,10,0.25,ratio,0.1,0.13453752682004394,0.12584833275612867,0.125,24
tia_style,erm,True,0.1272014488152251,0.1252639515086306,0.015691057547556553,0.00755319233918559,0.033559049531219826,0.03830735046185421,-0.5605863802350087,10,0.25,ratio,0.2,0.13453752682004394,0.12584833275612867,0.125,8
tia_style,erm,True,0.1272014488152251,0.1252639515086306,0.015691057547556553,0.00755319233918559,0.033559049531219826,0.03830735046185421,-0.5605863802350087,10,0.25,design,0.02,0.13453752682004394,0.12584833275612867,0.125,
tia_style,erm,True,0.1272014488152251,0.1252639515086306,0.015691057547556553,0.00755319233918559,0.033559049531219826,0.03830735046185421,-0.5605863802350087,10,0.25,design,0.05,0.13453752682004394,0.12584833275612867,0.125,
tia_style,erm,True,0.1272014488152251,0.1252639515086306,0.015691057547556553,0.00755319233918559,0.033559049531219826,0.03830735046185421,-0.5605863802350087,10,0.25,design,0.1,0.13453752682004394,0.12584833275612867,0.125,
tia_style,erm,True,0.1272014488152251,0.1252639515086306,0.015691057547556553,0.00755319233918559,0.033559049531219826,0.03830735046185421,-0.5605863802350087,10,0.25,design,0.2,0.13453752682004394,0.12584833275612867,0.125,26
tia_style,erm,True,0.1272014488152251,0.1252639515086306,0.015691057547556553,0.00755319233918559,0.033559049531219826,0.03830735046185421,-0.5605863802350087,10,0.5,ratio,0.02,0.14531713758763298,0.12584833275612867,0.25,831
tia_style,erm,True,0.1272014488152251,0.1252639515086306,0.015691057547556553,0.00755319233918559,0.033559049531219826,0.03830735046185421,-0.5605863802350087,10,0.5,ratio,0.05,0.14531713758763298,0.12584833275612867,0.25,135
tia_style,erm,True,0.1272014488152251,0.1252639515086306,0.015691057547556553,0.00755319233918559,0.033559049531219826,0.03830735046185421,-0.5605863802350087,10,0.5,ratio,0.1,0.14531713758763298,0.12584833275612867,0.25,36
tia_style,erm,True,0.1272014488152251,0.1252639515086306,0.015691057547556553,0.00755319233918559,0.033559049531219826,0.03830735046185421,-0.5605863802350087,10,0.5,ratio,0.2,0.14531713758763298,0.12584833275612867,0.25,11
tia_style,erm,True,0.1272014488152251,0.1252639515086306,0.015691057547556553,0.00755319233918559,0.033559049531219826,0.03830735046185421,-0.5605863802350087,10,0.5,design,0.02,0.14531713758763298,0.12584833275612867,0.25,
tia_style,erm,True,0.1272014488152251,0.1252639515086306,0.015691057547556553,0.00755319233918559,0.033559049531219826,0.03830735046185421,-0.5605863802350087,10,0.5,design,0.05,0.14531713758763298,0.12584833275612867,0.25,
tia_style,erm,True,0.1272014488152251,0.1252639515086306,0.015691057547556553,0.00755319233918559,0.033559049531219826,0.03830735046185421,-0.5605863802350087,10,0.5,design,0.1,0.14531713758763298,0.12584833275612867,0.25,
tia_style,erm,True,0.1272014488152251,0.1252639515086306,0.015691057547556553,0.00755319233918559,0.033559049531219826,0.03830735046185421,-0.5605863802350087,10,0.5,design,0.2,0.14531713758763298,0.12584833275612867,0.25,
