arm,ref,paired,sd_d_observed,sigma_dxa,sigma_dxa_raw2,sigma_run_arm,sigma_run_ref,sigma_run_diff,run_corr,seeds,rho,keff_mode,delta,sd_delta,sd_delta_uncorrected,rbar_obs,K_min
coral,erm,True,0.062373944375793945,0.06105751591342664,0.0037280202495183472,0.0487207760339819,0.034317319897090186,0.022078633617795978,0.9162643148120782,1,0.0,none,0.02,0.06492677654055543,0.06492677654055543,0.0,85
coral,erm,True,0.062373944375793945,0.06105751591342664,0.0037280202495183472,0.0487207760339819,0.034317319897090186,0.022078633617795978,0.9162643148120782,1,0.0,none,0.05,0.06492677654055543,0.06492677654055543,0.0,16
coral,erm,True,0.062373944375793945,0.06105751591342664,0.0037280202495183472,0.0487207760339819,0.034317319897090186,0.022078633617795978,0.9162643148120782,1,0.0,none,0.1,0.06492677654055543,0.06492677654055543,0.0,6
coral,erm,True,0.062373944375793945,0.06105751591342664,0.0037280202495183472,0.0487207760339819,0.034317319897090186,0.022078633617795978,0.9162643148120782,1,0.0,none,0.2,0.06492677654055543,0.06492677654055543,0.0,4
coral,erm,True,0.062373944375793945,0.06105751591342664,0.0037280202495183472,0.0487207760339819,0.034317319897090186,0.022078633617795978,0.9162643148120782,1,0.25,ratio,0.02,0.06940964372639721,0.06492677654055543,0.125,144
coral,erm,True,0.062373944375793945,0.06105751591342664,0.0037280202495183472,0.0487207760339819,0.034317319897090186,0.022078633617795978,0.9162643148120782,1,0.25,ratio,0.05,0.06940964372639721,0.06492677654055543,0.125,25
coral,erm,True,0.062373944375793945,0.06105751591342664,0.0037280202495183472,0.0487207760339819,0.034317319897090186,0.022078633617795978,0.9162643148120782,1,0.25,ratio,0.1,0.06940964372639721,0.06492677654055543,0.125,8
coral,erm,True,0.062373944375793945,0.06105751591342664,0.0037280202495183472,0.0487207760339819,0.034317319897090186,0.022078633617795978,0.9162643148120782,1,0.25,ratio,0.2,0.06940964372639721,0.06492677654055543,0.125,4
coral,erm,True,0.062373944375793945,0.06105751591342664,0.0037280202495183472,0.0487207760339819,0.034317319897090186,0.022078633617795978,0.9162643148120782,1,0.25,design,0.02,0.06940964372639721,0.06492677654055543,0.125,
coral,erm,True,0.062373944375793945,0.06105751591342664,0.0037280202495183472,0.0487207760339819,0.034317319897090186,0.022078633617795978,0.9162643148120782,1,0.25,design,0.05,0.06940964372639721,0.06492677654055543,0.125,
coral,erm,True,0.062373944375793945,0.06105751591342664,0.0037280202495183472,0.0487207760339819,0.034317319897090186,0.022078633617795978,0.9162643148120782,1,0.25,design,0.1,0.06940964372639721,0.06492677654055543,0.125,54
coral,erm,True,0.062373944375793945,0.06105751591342664,0.0037280202495183472,0.0487207760339819,0.034317319897090186,0.022078633617795978,0.9162643148120782,1,0.25,design,0.2,0.06940964372639721,0.06492677654055543,0.125,4
coral,erm,True,0.062373944375793945,0.06105751591342664,0.0037280202495183472,0.0487207760339819,0.034317319897090186,0.022078633617795978,0.9162643148120782,1,0.5,ratio,0.02,0.07497098382660872,0.06492677654055543,0.25,223
coral,erm,True,0.062373944375793945,0.06105751591342664,0.0037280202495183472,0.0487207760339819,0.034317319897090186,0.022078633617795978,0.9162643148120782,1,0.5,ratio,0.05,0.07497098382660872,0.06492677654055543,0.25,38
coral,erm,True,0.062373944375793945,0.06105751591342664,0.0037280202495183472,0.0487207760339819,0.034317319897090186,0.022078633617795978,0.9162643148120782,1,0.5,ratio,0.1,0.07497098382660872,0.06492677654055543,0.25,11
coral,erm,True,0.062373944375793945,0.06105751591342664,0.0037280202495183472,0.0487207760339819,0.034317319897090186,0.022078633617795978,0.9162643148120782,1,0.5,ratio,0.2,0.07497098382660872,0.06492677654055543,0.25,5
coral,erm,True,0.062373944375793945,0.06105751591342664,0.0037280202495183472,0.0487207760339819,0.034317319897090186,0.022078633617795978,0.9162643148120782,1,0.5,design,0.02,0.07497098382660872,0.06492677654055543,0.25,
coral,erm,True,0.062373944375793945,0.06105751591342664,0.0037280202495183472,0.0487207760339819,0.034317319897090186,0.022078633617795978,0.9162643148120782,1,0.5,design,0.05,0.07497098382660872,0.06492677654055543,0.25,
coral,erm,True,0.062373944375793945,0.06105751591342664,0.0037280202495183472,0.0487207760339819,0.034317319897090186,0.022078633617795978,0.9162643148120782,1,0.5,design,0.1,0.07497098382660872,0.06492677654055543,0.25,
coral,erm,True,0.062373944375793945,0.06105751591342664,0.0037280202495183472,0.0487207760339819,0.034317319897090186,0.022078633617795978,0.9162643148120782,1,0.5,design,0.2,0.07497098382660872,0.06492677654055543,0.25,4
coral,erm,True,0.062373944375793945,0.06105751591342664,0.0037280202495183472,0.0487207760339819,0.034317319897090186,0.022078633617795978,0.9162643148120782,3,0.0,none,0.02,0.06237394437579395,0.06237394437579395,0.0,79
coral,erm,True,0.062373944375793945,0.06105751591342664,0.0037280202495183472,0.0487207760339819,0.034317319897090186,0.022078633617795978,0.9162643148120782,3,0.0,none,0.05,0.06237394437579395,0.06237394437579395,0.0,15
coral,erm,True,0.062373944375793945,0.06105751591342664,0.0037280202495183472,0.0487207760339819,0.034317319897090186,0.022078633617795978,0.9162643148120782,3,0.0,none,0.1,0.06237394437579395,0.06237394437579395,0.0,6
coral,erm,True,0.062373944375793945,0.06105751591342664,0.0037280202495183472,0.0487207760339819,0.034317319897090186,0.022078633617795978,0.9162643148120782,3,0.0,none,0.2,0.06237394437579395,0.06237394437579395,0.0,4
coral,erm,True,0.062373944375793945,0.06105751591342664,0.0037280202495183472,0.0487207760339819,0.034317319897090186,0.022078633617795978,0.9162643148120782,3,0.25,ratio,0.02,0.06668055134740468,0.06237394437579395,0.125,133
coral,erm,True,0.062373944375793945,0.06105751591342664,0.0037280202495183472,0.0487207760339819,0.034317319897090186,0.022078633617795978,0.9162643148120782,3,0.25,ratio,0.05,0.06668055134740468,0.06237394437579395,0.125,23
coral,erm,True,0.062373944375793945,0.06105751591342664,0.0037280202495183472,0.0487207760339819,0.034317319897090186,0.022078633617795978,0.9162643148120782,3,0.25,ratio,0.1,0.06668055134740468,0.06237394437579395,0.125,8
coral,erm,True,0.062373944375793945,0.06105751591342664,0.0037280202495183472,0.0487207760339819,0.034317319897090186,0.022078633617795978,0.9162643148120782,3,0.25,ratio,0.2,0.06668055134740468,0.06237394437579395,0.125,4
coral,erm,True,0.062373944375793945,0.06105751591342664,0.0037280202495183472,0.0487207760339819,0.034317319897090186,0.022078633617795978,0.9162643148120782,3,0.25,design,0.02,0.06668055134740468,0.06237394437579395,0.125,
coral,erm,True,0.062373944375793945,0.06105751591342664,0.0037280202495183472,0.0487207760339819,0.034317319897090186,0.022078633617795978,0.9162643148120782,3,0.25,design,0.05,0.06668055134740468,0.06237394437579395,0.125,
coral,erm,True,0.062373944375793945,0.06105751591342664,0.0037280202495183472,0.0487207760339819,0.034317319897090186,0.022078633617795978,0.9162643148120782,3,0.25,design,0.1,0.06668055134740468,0.06237394437579395,0.125,23
coral,erm,True,0.062373944375793945,0.06105751591342664,0.0037280202495183472,0.0487207760339819,0.034317319897090186,0.022078633617795978,0.9162643148120782,3,0.25,design,0.2,0.06668055134740468,0.06237394437579395,0.125,4
coral,erm,True,0.062373944375793945,0.06105751591342664,0.0037280202495183472,0.0487207760339819,0.034317319897090186,0.022078633617795978,0.9162643148120782,3,0.5,ratio,0.02,0.07202322715156677,0.06237394437579395,0.25,206
coral,erm,True,0.062373944375793945,0.06105751591342664,0.0037280202495183472,0.0487207760339819,0.034317319897090186,0.022078633617795978,0.9162643148120782,3,0.5,ratio,0.05,0.07202322715156677,0.06237394437579395,0.25,35
coral,erm,True,0.062373944375793945,0.06105751591342664,0.0037280202495183472,0.0487207760339819,0.034317319897090186,0.022078633617795978,0.9162643148120782,3,0.5,ratio,0.1,0.07202322715156677,0.06237394437579395,0.25,11
coral,erm,True,0.062373944375793945,0.06105751591342664,0.0037280202495183472,0.0487207760339819,0.034317319897090186,0.022078633617795978,0.9162643148120782,3,0.5,ratio,0.2,0.07202322715156677,0.06237394437579395,0.25,5
coral,erm,True,0.062373944375793945,0.06105751591342664,0.0037280202495183472,0.0487207760339819,0.034317319897090186,0.022078633617795978,0.9162643148120782,3,0.5,design,0.02,0.07202322715156677,0.06237394437579395,0.25,
coral,erm,True,0.062373944375793945,0.06105751591342664,0.0037280202495183472,0.0487207760339819,0.034317319897090186,0.022078633617795978,0.9162643148120782,3,0.5,design,0.05,0.07202322715156677,0.06237394437579395,0.25,
coral,erm,True,0.062373944375793945,0.06105751591342664,0.0037280202495183472,0.0487207760339819,0.034317319897090186,0.022078633617795978,0.9162643148120782,3,0.5,design,0.1,0.07202322715156677,0.06237394437579395,0.25,
coral,erm,True,0.062373944375793945,0.06105751591342664,0.0037280202495183472,0.0487207760339819,0.034317319897090186,0.022078633617795978,0.9162643148120782,3,0.5,design,0.2,0.07202322715156677,0.06237394437579395,0.25,4
coral,erm,True,0.062373944375793945,0.06105751591342664,0.0037280202495183472,0.0487207760339819,0.034317319897090186,0.022078633617795978,0.9162643148120782,5,0.0,none,0.02,0.06185073533923523,0.06185073533923523,0.0,78
coral,erm,True,0.062373944375793945,0.06105751591342664,0.0037280202495183472,0.0487207760339819,0.034317319897090186,0.022078633617795978,0.9162643148120782,5,0.0,none,0.05,0.06185073533923523,0.06185073533923523,0.0,15
coral,erm,True,0.062373944375793945,0.06105751591342664,0.0037280202495183472,0.0487207760339819,0.034317319897090186,0.022078633617795978,0.9162643148120782,5,0.0,none,0.1,0.06185073533923523,0.06185073533923523,0.0,6
coral,erm,True,0.062373944375793945,0.06105751591342664,0.0037280202495183472,0.0487207760339819,0.034317319897090186,0.022078633617795978,0.9162643148120782,5,0.0,none,0.2,0.06185073533923523,0.06185073533923523,0.0,4
coral,erm,True,0.062373944375793945,0.06105751591342664,0.0037280202495183472,0.0487207760339819,0.034317319897090186,0.022078633617795978,0.9162643148120782,5,0.25,ratio,0.02,0.06612121735984273,0.06185073533923523,0.125,131
coral,erm,True,0.062373944375793945,0.06105751591342664,0.0037280202495183472,0.0487207760339819,0.034317319897090186,0.022078633617795978,0.9162643148120782,5,0.25,ratio,0.05,0.06612121735984273,0.06185073533923523,0.125,23
coral,erm,True,0.062373944375793945,0.06105751591342664,0.0037280202495183472,0.0487207760339819,0.034317319897090186,0.022078633617795978,0.9162643148120782,5,0.25,ratio,0.1,0.06612121735984273,0.06185073533923523,0.125,8
coral,erm,True,0.062373944375793945,0.06105751591342664,0.0037280202495183472,0.0487207760339819,0.034317319897090186,0.022078633617795978,0.9162643148120782,5,0.25,ratio,0.2,0.06612121735984273,0.06185073533923523,0.125,4
coral,erm,True,0.062373944375793945,0.06105751591342664,0.0037280202495183472,0.0487207760339819,0.034317319897090186,0.022078633617795978,0.9162643148120782,5,0.25,design,0.02,0.06612121735984273,0.06185073533923523,0.125,
coral,erm,True,0.062373944375793945,0.06105751591342664,0.0037280202495183472,0.0487207760339819,0.034317319897090186,0.022078633617795978,0.9162643148120782,5,0.25,design,0.05,0.06612121735984273,0.06185073533923523,0.125,
coral,erm,True,0.062373944375793945,0.06105751591342664,0.0037280202495183472,0.0487207760339819,0.034317319897090186,0.022078633617795978,0.9162643148120782,5,0.25,design,0.1,0.06612121735984273,0.06185073533923523,0.125,21
coral,erm,True,0.062373944375793945,0.06105751591342664,0.0037280202495183472,0.0487207760339819,0.034317319897090186,0.022078633617795978,0.9162643148120782,5,0.25,design,0.2,0.06612121735984273,0.06185073533923523,0.125,4
coral,erm,True,0.062373944375793945,0.06105751591342664,0.0037280202495183472,0.0487207760339819,0.034317319897090186,0.022078633617795978,0.9162643148120782,5,0.5,ratio,0.02,0.07141907739536751,0.06185073533923523,0.25,203
coral,erm,True,0.062373944375793945,0.06105751591342664,0.0037280202495183472,0.0487207760339819,0.034317319897090186,0.022078633617795978,0.9162643148120782,5,0.5,ratio,0.05,0.07141907739536751,0.06185073533923523,0.25,34
coral,erm,True,0.062373944375793945,0.06105751591342664,0.0037280202495183472,0.0487207760339819,0.034317319897090186,0.022078633617795978,0.9162643148120782,5,0.5,ratio,0.1,0.07141907739536751,0.06185073533923523,0.25,11
coral,erm,True,0.062373944375793945,0.06105751591342664,0.0037280202495183472,0.0487207760339819,0.034317319897090186,0.022078633617795978,0.9162643148120782,5,0.5,ratio,0.2,0.07141907739536751,0.06185073533923523,0.25,5
coral,erm,True,0.062373944375793945,0.06105751591342664,0.0037280202495183472,0.0487207760339819,0.034317319897090186,0.022078633617795978,0.9162643148120782,5,0.5,design,0.02,0.07141907739536751,0.06185073533923523,0.25,
coral,erm,True,0.062373944375793945,0.06105751591342664,0.0037280202495183472,0.0487207760339819,0.034317319897090186,0.022078633617795978,0.9162643148120782,5,0.5,design,0.05,0.07141907739536751,0.06185073533923523,0.25,
coral,erm,True,0.062373944375793945,0.06105751591342664,0.0037280202495183472,0.0487207760339819,0.034317319897090186,0.022078633617795978,0.9162643148120782,5,0.5,design,0.1,0.07141907739536751,0.06185073533923523,0.25,
coral,erm,True,0.062373944375793945,0.06105751591342664,0.0037280202495183472,0.0487207760339819,0.034317319897090186,0.022078633617795978,0.9162643148120782,5,0.5,design,0.2,0.07141907739536751,0.06185073533923523,0.25,4
coral,erm,True,0.062373944375793945,0.06105751591342664,0.0037280202495183472,0.0487207760339819,0.034317319897090186,0.022078633617795978,0.9162643148120782,10,0.0,none,0.02,0.0614554054234551,0.0614554054234551,0.0,77
coral,erm,True,0.062373944375793945,0.06105751591342664,0.0037280202495183472,0.0487207760339819,0.034317319897090186,0.022078633617795978,0.9162643148120782,10,0.0,none,0.05,0.0614554054234551,0.0614554054234551,0.0,14
coral,erm,True,0.062373944375793945,0.06105751591342664,0.0037280202495183472,0.0487207760339819,0.034317319897090186,0.022078633617795978,0.9162643148120782,10,0.0,none,0.1,0.0614554054234551,0.0614554054234551,0.0,6
coral,erm,True,0.062373944375793945,0.06105751591342664,0.0037280202495183472,0.0487207760339819,0.034317319897090186,0.022078633617795978,0.9162643148120782,10,0.0,none,0.2,0.0614554054234551,0.0614554054234551,0.0,4
coral,erm,True,0.062373944375793945,0.06105751591342664,0.0037280202495183472,0.0487207760339819,0.034317319897090186,0.022078633617795978,0.9162643148120782,10,0.25,ratio,0.02,0.06569859190281661,0.0614554054234551,0.125,129
coral,erm,True,0.062373944375793945,0.06105751591342664,0.0037280202495183472,0.0487207760339819,0.034317319897090186,0.022078633617795978,0.9162643148120782,10,0.25,ratio,0.05,0.06569859190281661,0.0614554054234551,0.125,23
coral,erm,True,0.062373944375793945,0.06105751591342664,0.0037280202495183472,0.0487207760339819,0.034317319897090186,0.022078633617795978,0.9162643148120782,10,0.25,ratio,0.1,0.06569859190281661,0.0614554054234551,0.125,8
coral,erm,True,0.062373944375793945,0.06105751591342664,0.0037280202495183472,0.0487207760339819,0.034317319897090186,0.022078633617795978,0.9162643148120782,10,0.25,ratio,0.2,0.06569859190281661,0.0614554054234551,0.125,4
coral,erm,True,0.062373944375793945,0.06105751591342664,0.0037280202495183472,0.0487207760339819,0.034317319897090186,0.022078633617795978,0.9162643148120782,10,0.25,design,0.02,0.06569859190281661,0.0614554054234551,0.125,
coral,erm,True,0.062373944375793945,0.06105751591342664,0.0037280202495183472,0.0487207760339819,0.034317319897090186,0.022078633617795978,0.9162643148120782,10,0.25,design,0.05,0.06569859190281661,0.0614554054234551,0.125,
coral,erm,True,0.062373944375793945,0.06105751591342664,0.0037280202495183472,0.0487207760339819,0.034317319897090186,0.022078633617795978,0.9162643148120782,10,0.25,design,0.1,0.06569859190281661,0.0614554054234551,0.125,19
coral,erm,True,0.062373944375793945,0.06105751591342664,0.0037280202495183472,0.0487207760339819,0.034317319897090186,0.022078633617795978,0.9162643148120782,10,0.25,design,0.2,0.06569859190281661,0.0614554054234551,0.125,4
coral,erm,True,0.062373944375793945,0.06105751591342664,0.0037280202495183472,0.0487207760339819,0.034317319897090186,0.022078633617795978,0.9162643148120782,10,0.5,ratio,0.02,0.07096258972877878,0.0614554054234551,0.25,200
coral,erm,True,0.062373944375793945,0.06105751591342664,0.0037280202495183472,0.0487207760339819,0.034317319897090186,0.022078633617795978,0.9162643148120782,10,0.5,ratio,0.05,0.07096258972877878,0.0614554054234551,0.25,34
coral,erm,True,0.062373944375793945,0.06105751591342664,0.0037280202495183472,0.0487207760339819,0.034317319897090186,0.022078633617795978,0.9162643148120782,10,0.5,ratio,0.1,0.07096258972877878,0.0614554054234551,0.25,10
coral,erm,True,0.062373944375793945,0.06105751591342664,0.0037280202495183472,0.0487207760339819,0.034317319897090186,0.022078633617795978,0.9162643148120782,10,0.5,ratio,0.2,0.07096258972877878,0.0614554054234551,0.25,5
coral,erm,True,0.062373944375793945,0.06105751591342664,0.0037280202495183472,0.0487207760339819,0.034317319897090186,0.022078633617795978,0.9162643148120782,10,0.5,design,0.02,0.07096258972877878,0.0614554054234551,0.25,
coral,erm,True,0.062373944375793945,0.06105751591342664,0.0037280202495183472,0.0487207760339819,0.034317319897090186,0.022078633617795978,0.9162643148120782,10,0.5,design,0.05,0.07096258972877878,0.0614554054234551,0.25,
coral,erm,True,0.062373944375793945,0.06105751591342664,0.0037280202495183472,0.0487207760339819,0.034317319897090186,0.022078633617795978,0.9162643148120782,10,0.5,design,0.1,0.07096258972877878,0.0614554054234551,0.25,
coral,erm,True,0.062373944375793945,0.06105751591342664,0.0037280202495183472,0.0487207760339819,0.034317319897090186,0.022078633617795978,0.9162643148120782,10,0.5,design,0.2,0.07096258972877878,0.0614554054234551,0.25,4
erm_lunit_bt,erm,True,0.12200557823681014,0.12086867290069464,0.014609236088775115,0.01065425427923686,0.034317319897090186,0.02878150615186535,0.632910646402868,1,0.0,none,0.02,0.12424818383036823,0.12424818383036823,0.0,305
erm_lunit_bt,erm,True,0.12200557823681014,0.12086867290069464,0.014609236088775115,0.01065425427923686,0.034317319897090186,0.02878150615186535,0.632910646402868,1,0.0,none,0.05,0.12424818383036823,0.12424818383036823,0.0,51
erm_lunit_bt,erm,True,0.12200557823681014,0.12086867290069464,0.014609236088775115,0.01065425427923686,0.034317319897090186,0.02878150615186535,0.632910646402868,1,0.0,none,0.1,0.12424818383036823,0.12424818383036823,0.0,15
erm_lunit_bt,erm,True,0.12200557823681014,0.12086867290069464,0.014609236088775115,0.01065425427923686,0.034317319897090186,0.02878150615186535,0.632910646402868,1,0.0,none,0.2,0.12424818383036823,0.12424818383036823,0.0,6
erm_lunit_bt,erm,True,0.12200557823681014,0.12086867290069464,0.014609236088775115,0.01065425427923686,0.034317319897090186,0.02878150615186535,0.632910646402868,1,0.25,ratio,0.02,0.13282689566346967,0.12424818383036823,0.125,522
erm_lunit_bt,erm,True,0.12200557823681014,0.12086867290069464,0.014609236088775115,0.01065425427923686,0.034317319897090186,0.02878150615186535,0.632910646402868,1,0.25,ratio,0.05,0.13282689566346967,0.12424818383036823,0.125,86
erm_lunit_bt,erm,True,0.12200557823681014,0.12086867290069464,0.014609236088775115,0.01065425427923686,0.034317319897090186,0.02878150615186535,0.632910646402868,1,0.25,ratio,0.1,0.13282689566346967,0.12424818383036823,0.125,23
erm_lunit_bt,erm,True,0.12200557823681014,0.12086867290069464,0.014609236088775115,0.01065425427923686,0.034317319897090186,0.02878150615186535,0.632910646402868,1,0.25,ratio,0.2,0.13282689566346967,0.12424818383036823,0.125,8
erm_lunit_bt,erm,True,0.12200557823681014,0.12086867290069464,0.014609236088775115,0.01065425427923686,0.034317319897090186,0.02878150615186535,0.632910646402868,1,0.25,design,0.02,0.13282689566346967,0.12424818383036823,0.125,
erm_lunit_bt,erm,True,0.12200557823681014,0.12086867290069464,0.014609236088775115,0.01065425427923686,0.034317319897090186,0.02878150615186535,0.632910646402868,1,0.25,design,0.05,0.13282689566346967,0.12424818383036823,0.125,
erm_lunit_bt,erm,True,0.12200557823681014,0.12086867290069464,0.014609236088775115,0.01065425427923686,0.034317319897090186,0.02878150615186535,0.632910646402868,1,0.25,design,0.1,0.13282689566346967,0.12424818383036823,0.125,
erm_lunit_bt,erm,True,0.12200557823681014,0.12086867290069464,0.014609236088775115,0.01065425427923686,0.034317319897090186,0.02878150615186535,0.632910646402868,1,0.25,design,0.2,0.13282689566346967,0.12424818383036823,0.125,22
erm_lunit_bt,erm,True,0.12200557823681014,0.12086867290069464,0.014609236088775115,0.01065425427923686,0.034317319897090186,0.02878150615186535,0.632910646402868,1,0.5,ratio,0.02,0.14346944476157042,0.12424818383036823,0.25,810
erm_lunit_bt,erm,True,0.12200557823681014,0.12086867290069464,0.014609236088775115,0.01065425427923686,0.034317319897090186,0.02878150615186535,0.632910646402868,1,0.5,ratio,0.05,0.14346944476157042,0.12424818383036823,0.25,132
erm_lunit_bt,erm,True,0.12200557823681014,0.12086867290069464,0.014609236088775115,0.01065425427923686,0.034317319897090186,0.02878150615186535,0.632910646402868,1,0.5,ratio,0.1,0.14346944476157042,0.12424818383036823,0.25,35
erm_lunit_bt,erm,True,0.12200557823681014,0.12086867290069464,0.014609236088775115,0.01065425427923686,0.034317319897090186,0.02878150615186535,0.632910646402868,1,0.5,ratio,0.2,0.14346944476157042,0.12424818383036823,0.25,11
erm_lunit_bt,erm,True,0.12200557823681014,0.12086867290069464,0.014609236088775115,0.01065425427923686,0.034317319897090186,0.02878150615186535,0.632910646402868,1,0.5,design,0.02,0.14346944476157042,0.12424818383036823,0.25,
erm_lunit_bt,erm,True,0.12200557823681014,0.12086867290069464,0.014609236088775115,0.01065425427923686,0.034317319897090186,0.02878150615186535,0.632910646402868,1,0.5,design,0.05,0.14346944476157042,0.12424818383036823,0.25,
erm_lunit_bt,erm,True,0.12200557823681014,0.12086867290069464,0.014609236088775115,0.01065425427923686,0.034317319897090186,0.02878150615186535,0.632910646402868,1,0.5,design,0.1,0.14346944476157042,0.12424818383036823,0.25,
erm_lunit_bt,erm,True,0.12200557823681014,0.12086867290069464,0.014609236088775115,0.01065425427923686,0.034317319897090186,0.02878150615186535,0.632910646402868,1,0.5,design,0.2,0.14346944476157042,0.12424818383036823,0.25,
erm_lunit_bt,erm,True,0.12200557823681014,0.12086867290069464,0.014609236088775115,0.01065425427923686,0.034317319897090186,0.02878150615186535,0.632910646402868,3,0.0,none,0.02,0.12200557823681014,0.12200557823681014,0.0,295
erm_lunit_bt,erm,True,0.12200557823681014,0.12086867290069464,0.014609236088775115,0.01065425427923686,0.034317319897090186,0.02878150615186535,0.632910646402868,3,0.0,none,0.05,0.12200557823681014,0.12200557823681014,0.0,49
erm_lunit_bt,erm,True,0.12200557823681014,0.12086867290069464,0.014609236088775115,0.01065425427923686,0.034317319897090186,0.02878150615186535,0.632910646402868,3,0.0,none,0.1,0.12200557823681014,0.12200557823681014,0.0,14
erm_lunit_bt,erm,True,0.12200557823681014,0.12086867290069464,0.014609236088775115,0.01065425427923686,0.034317319897090186,0.02878150615186535,0.632910646402868,3,0.0,none,0.2,0.12200557823681014,0.12200557823681014,0.0,6
erm_lunit_bt,erm,True,0.12200557823681014,0.12086867290069464,0.014609236088775115,0.01065425427923686,0.034317319897090186,0.02878150615186535,0.632910646402868,3,0.25,ratio,0.02,0.13042944943925333,0.12200557823681014,0.125,503
erm_lunit_bt,erm,True,0.12200557823681014,0.12086867290069464,0.014609236088775115,0.01065425427923686,0.034317319897090186,0.02878150615186535,0.632910646402868,3,0.25,ratio,0.05,0.13042944943925333,0.12200557823681014,0.125,83
erm_lunit_bt,erm,True,0.12200557823681014,0.12086867290069464,0.014609236088775115,0.01065425427923686,0.034317319897090186,0.02878150615186535,0.632910646402868,3,0.25,ratio,0.1,0.13042944943925333,0.12200557823681014,0.125,23
erm_lunit_bt,erm,True,0.12200557823681014,0.12086867290069464,0.014609236088775115,0.01065425427923686,0.034317319897090186,0.02878150615186535,0.632910646402868,3,0.25,ratio,0.2,0.13042944943925333,0.12200557823681014,0.125,8
erm_lunit_bt,erm,True,0.12200557823681014,0.12086867290069464,0.014609236088775115,0.01065425427923686,0.034317319897090186,0.02878150615186535,0.632910646402868,3,0.25,design,0.02,0.13042944943925333,0.12200557823681014,0.125,
erm_lunit_bt,erm,True,0.12200557823681014,0.12086867290069464,0.014609236088775115,0.01065425427923686,0.034317319897090186,0.02878150615186535,0.632910646402868,3,0.25,design,0.05,0.13042944943925333,0.12200557823681014,0.125,
erm_lunit_bt,erm,True,0.12200557823681014,0.12086867290069464,0.014609236088775115,0.01065425427923686,0.034317319897090186,0.02878150615186535,0.632910646402868,3,0.25,design,0.1,0.13042944943925333,0.12200557823681014,0.125,
erm_lunit_bt,erm,True,0.12200557823681014,0.12086867290069464,0.014609236088775115,0.01065425427923686,0.034317319897090186,0.02878150615186535,0.632910646402868,3,0.25,design,0.2,0.13042944943925333,0.12200557823681014,0.125,18
erm_lunit_bt,erm,True,0.12200557823681014,0.12086867290069464,0.014609236088775115,0.01065425427923686,0.034317319897090186,0.02878150615186535,0.632910646402868,3,0.5,ratio,0.02,0.14087990687531657,0.12200557823681014,0.25,781
erm_lunit_bt,erm,True,0.12200557823681014,0.12086867290069464,0.014609236088775115,0.01065425427923686,0.034317319897090186,0.02878150615186535,0.632910646402868,3,0.5,ratio,0.05,0.14087990687531657,0.12200557823681014,0.25,127
erm_lunit_bt,erm,True,0.12200557823681014,0.12086867290069464,0.014609236088775115,0.01065425427923686,0.034317319897090186,0.02878150615186535,0.632910646402868,3,0.5,ratio,0.1,0.14087990687531657,0.12200557823681014,0.25,34
erm_lunit_bt,erm,True,0.12200557823681014,0.12086867290069464,0.014609236088775115,0.01065425427923686,0.034317319897090186,0.02878150615186535,0.632910646402868,3,0.5,ratio,0.2,0.14087990687531657,0.12200557823681014,0.25,10
erm_lunit_bt,erm,True,0.12200557823681014,0.12086867290069464,0.014609236088775115,0.01065425427923686,0.034317319897090186,0.02878150615186535,0.632910646402868,3,0.5,design,0.02,0.14087990687531657,0.12200557823681014,0.25,
erm_lunit_bt,erm,True,0.12200557823681014,0.12086867290069464,0.014609236088775115,0.01065425427923686,0.034317319897090186,0.02878150615186535,0.632910646402868,3,0.5,design,0.05,0.14087990687531657,0.12200557823681014,0.25,
erm_lunit_bt,erm,True,0.12200557823681014,0.12086867290069464,0.014609236088775115,0.01065425427923686,0.034317319897090186,0.02878150615186535,0.632910646402868,3,0.5,design,0.1,0.14087990687531657,0.12200557823681014,0.25,
erm_lunit_bt,erm,True,0.12200557823681014,0.12086867290069464,0.014609236088775115,0.01065425427923686,0.034317319897090186,0.02878150615186535,0.632910646402868,3,0.5,design,0.2,0.14087990687531657,0.12200557823681014,0.25,
erm_lunit_bt,erm,True,0.12200557823681014,0.12086867290069464,0.014609236088775115,0.01065425427923686,0.034317319897090186,0.02878150615186535,0.632910646402868,5,0.0,none,0.02,0.1215520921582557,0.1215520921582557,0.0,292
erm_lunit_bt,erm,True,0.12200557823681014,0.12086867290069464,0.014609236088775115,0.01065425427923686,0.034317319897090186,0.02878150615186535,0.632910646402868,5,0.0,none,0.05,0.1215520921582557,0.1215520921582557,0.0,49
erm_lunit_bt,erm,True,0.12200557823681014,0.12086867290069464,0.014609236088775115,0.01065425427923686,0.034317319897090186,0.02878150615186535,0.632910646402868,5,0.0,none,0.1,0.1215520921582557,0.1215520921582557,0.0,14
erm_lunit_bt,erm,True,0.12200557823681014,0.12086867290069464,0.014609236088775115,0.01065425427923686,0.034317319897090186,0.02878150615186535,0.632910646402868,5,0.0,none,0.2,0.1215520921582557,0.1215520921582557,0.0,6
erm_lunit_bt,erm,True,0.12200557823681014,0.12086867290069464,0.014609236088775115,0.01065425427923686,0.034317319897090186,0.02878150615186535,0.632910646402868,5,0.25,ratio,0.02,0.12994465242907552,0.1215520921582557,0.125,499
erm_lunit_bt,erm,True,0.12200557823681014,0.12086867290069464,0.014609236088775115,0.01065425427923686,0.034317319897090186,0.02878150615186535,0.632910646402868,5,0.25,ratio,0.05,0.12994465242907552,0.1215520921582557,0.125,82
erm_lunit_bt,erm,True,0.12200557823681014,0.12086867290069464,0.014609236088775115,0.01065425427923686,0.034317319897090186,0.02878150615186535,0.632910646402868,5,0.25,ratio,0.1,0.12994465242907552,0.1215520921582557,0.125,22
erm_lunit_bt,erm,True,0.12200557823681014,0.12086867290069464,0.014609236088775115,0.01065425427923686,0.034317319897090186,0.02878150615186535,0.632910646402868,5,0.25,ratio,0.2,0.12994465242907552,0.1215520921582557,0.125,8
erm_lunit_bt,erm,True,0.12200557823681014,0.12086867290069464,0.014609236088775115,0.01065425427923686,0.034317319897090186,0.02878150615186535,0.632910646402868,5,0.25,design,0.02,0.12994465242907552,0.1215520921582557,0.125,
erm_lunit_bt,erm,True,0.12200557823681014,0.12086867290069464,0.014609236088775115,0.01065425427923686,0.034317319897090186,0.02878150615186535,0.632910646402868,5,0.25,design,0.05,0.12994465242907552,0.1215520921582557,0.125,
erm_lunit_bt,erm,True,0.12200557823681014,0.12086867290069464,0.014609236088775115,0.01065425427923686,0.034317319897090186,0.02878150615186535,0.632910646402868,5,0.25,design,0.1,0.12994465242907552,0.1215520921582557,0.125,
erm_lunit_bt,erm,True,0.12200557823681014,0.12086867290069464,0.014609236088775115,0.01065425427923686,0.034317319897090186,0.02878150615186535,0.632910646402868,5,0.25,design,0.2,0.12994465242907552,0.1215520921582557,0.125,17
erm_lunit_bt,erm,True,0.12200557823681014,0.12086867290069464,0.014609236088775115,0.01065425427923686,0.034317319897090186,0.02878150615186535,0.632910646402868,5,0.5,ratio,0.02,0.14035626625626227,0.1215520921582557,0.25,776
erm_lunit_bt,erm,True,0.12200557823681014,0.12086867290069464,0.014609236088775115,0.01065425427923686,0.034317319897090186,0.02878150615186535,0.632910646402868,5,0.5,ratio,0.05,0.14035626625626227,0.1215520921582557,0.25,126
erm_lunit_bt,erm,True,0.12200557823681014,0.12086867290069464,0.014609236088775115,0.01065425427923686,0.034317319897090186,0.02878150615186535,0.632910646402868,5,0.5,ratio,0.1,0.14035626625626227,0.1215520921582557,0.25,33
erm_lunit_bt,erm,True,0.12200557823681014,0.12086867290069464,0.014609236088775115,0.01065425427923686,0.034317319897090186,0.02878150615186535,0.632910646402868,5,0.5,ratio,0.2,0.14035626625626227,0.1215520921582557,0.25,10
erm_lunit_bt,erm,True,0.12200557823681014,0.12086867290069464,0.014609236088775115,0.01065425427923686,0.034317319897090186,0.02878150615186535,0.632910646402868,5,0.5,design,0.02,0.14035626625626227,0.1215520921582557,0.25,
erm_lunit_bt,erm,True,0.12200557823681014,0.12086867290069464,0.014609236088775115,0.01065425427923686,0.034317319897090186,0.02878150615186535,0.632910646402868,5,0.5,design,0.05,0.14035626625626227,0.1215520921582557,0.25,
erm_lunit_bt,erm,True,0.12200557823681014,0.12086867290069464,0.014609236088775115,0.01065425427923686,0.034317319897090186,0.02878150615186535,0.632910646402868,5,0.5,design,0.1,0.14035626625626227,0.1215520921582557,0.25,
erm_lunit_bt,erm,True,0.12200557823681014,0.12086867290069464,0.014609236088775115,0.01065425427923686,0.034317319897090186,0.02878150615186535,0.632910646402868,5,0.5,design,0.2,0.14035626625626227,0.1215520921582557,0.25,
erm_lunit_bt,erm,True,0.12200557823681014,0.12086867290069464,0.014609236088775115,0.01065425427923686,0.034317319897090186,0.02878150615186535,0.632910646402868,10,0.0,none,0.02,0.12121086419299262,0.12121086419299262,0.0,291
erm_lunit_bt,erm,True,0.12200557823681014,0.12086867290069464,0.014609236088775115,0.01065425427923686,0.034317319897090186,0.02878150615186535,0.632910646402868,10,0.0,none,0.05,0.12121086419299262,0.12121086419299262,0.0,49
erm_lunit_bt,erm,True,0.12200557823681014,0.12086867290069464,0.014609236088775115,0.01065425427923686,0.034317319897090186,0.02878150615186535,0.632910646402868,10,0.0,none,0.1,0.12121086419299262,0.12121086419299262,0.0,14
erm_lunit_bt,erm,True,0.12200557823681014,0.12086867290069464,0.014609236088775115,0.01065425427923686,0.034317319897090186,0.02878150615186535,0.632910646402868,10,0.0,none,0.2,0.12121086419299262,0.12121086419299262,0.0,6
erm_lunit_bt,erm,True,0.12200557823681014,0.12086867290069464,0.014609236088775115,0.01065425427923686,0.034317319897090186,0.02878150615186535,0.632910646402868,10,0.25,ratio,0.02,0.1295798643899897,0.12121086419299262,0.125,497
erm_lunit_bt,erm,True,0.12200557823681014,0.12086867290069464,0.014609236088775115,0.01065425427923686,0.034317319897090186,0.02878150615186535,0.632910646402868,10,0.25,ratio,0.05,0.1295798643899897,0.12121086419299262,0.125,82
erm_lunit_bt,erm,True,0.12200557823681014,0.12086867290069464,0.014609236088775115,0.01065425427923686,0.034317319897090186,0.02878150615186535,0.632910646402868,10,0.25,ratio,0.1,0.1295798643899897,0.12121086419299262,0.125,22
erm_lunit_bt,erm,True,0.12200557823681014,0.12086867290069464,0.014609236088775115,0.01065425427923686,0.034317319897090186,0.02878150615186535,0.632910646402868,10,0.25,ratio,0.2,0.1295798643899897,0.12121086419299262,0.125,8
erm_lunit_bt,erm,True,0.12200557823681014,0.12086867290069464,0.014609236088775115,0.01065425427923686,0.034317319897090186,0.02878150615186535,0.632910646402868,10,0.25,design,0.02,0.1295798643899897,0.12121086419299262,0.125,
erm_lunit_bt,erm,True,0.12200557823681014,0.12086867290069464,0.014609236088775115,0.01065425427923686,0.034317319897090186,0.02878150615186535,0.632910646402868,10,0.25,design,0.05,0.1295798643899897,0.12121086419299262,0.125,
erm_lunit_bt,erm,True,0.12200557823681014,0.12086867290069464,0.014609236088775115,0.01065425427923686,0.034317319897090186,0.02878150615186535,0.632910646402868,10,0.25,design,0.1,0.1295798643899897,0.12121086419299262,0.125,
erm_lunit_bt,erm,True,0.12200557823681014,0.12086867290069464,0.014609236088775115,0.01065425427923686,0.034317319897090186,0.02878150615186535,0.632910646402868,10,0.25,design,0.2,0.1295798643899897,0.12121086419299262,0.125,17
erm_lunit_bt,erm,True,0.12200557823681014,0.12086867290069464,0.014609236088775115,0.01065425427923686,0.034317319897090186,0.02878150615186535,0.632910646402868,10,0.5,ratio,0.02,0.13996225014106292,0.12121086419299262,0.25,771
erm_lunit_bt,erm,True,0.12200557823681014,0.12086867290069464,0.014609236088775115,0.01065425427923686,0.034317319897090186,0.02878150615186535,0.632910646402868,10,0.5,ratio,0.05,0.13996225014106292,0.12121086419299262,0.25,125
erm_lunit_bt,erm,True,0.12200557823681014,0.12086867290069464,0.014609236088775115,0.01065425427923686,0.034317319897090186,0.02878150615186535,0.632910646402868,10,0.5,ratio,0.1,0.13996225014106292,0.12121086419299262,0.25,33
erm_lunit_bt,erm,True,0.12200557823681014,0.12086867290069464,0.014609236088775115,0.01065425427923686,0.034317319897090186,0.02878150615186535,0.632910646402868,10,0.5,ratio,0.2,0.13996225014106292,0.12121086419299262,0.25,10
erm_lunit_bt,erm,True,0.12200557823681014,0.12086867290069464,0.014609236088775115,0.01065425427923686,0.034317319897090186,0.02878150615186535,0.632910646402868,10,0.5,design,0.02,0.13996225014106292,0.12121086419299262,0.25,
erm_lunit_bt,erm,True,0.12200557823681014,0.12086867290069464,0.014609236088775115,0.01065425427923686,0.034317319897090186,0.02878150615186535,0.632910646402868,10,0.5,design,0.05,0.13996225014106292,0.12121086419299262,0.25,
erm_lunit_bt,erm,True,0.12200557823681014,0.12086867290069464,0.014609236088775115,0.01065425427923686,0.034317319897090186,0.02878150615186535,0.632910646402868,10,0.5,design,0.1,0.13996225014106292,0.12121086419299262,0.25,
erm_lunit_bt,erm,True,0.12200557823681014,0.12086867290069464,0.014609236088775115,0.01065425427923686,0.034317319897090186,0.02878150615186535,0.632910646402868,10,0.5,design,0.2,0.13996225014106292,0.12121086419299262,0.25,
erm_lunit_dino,erm,True,0.1187742006014493,0.11717257550713049,0.013729412450974195,0.007065395069033543,0.034317319897090186,0.033670385097550784,0.1936429093794581,1,0.0,none,0.02,0.12191434404364224,0.12191434404364224,0.0,294
erm_lunit_dino,erm,True,0.1187742006014493,0.11717257550713049,0.013729412450974195,0.007065395069033543,0.034317319897090186,0.033670385097550784,0.1936429093794581,1,0.0,none,0.05,0.12191434404364224,0.12191434404364224,0.0,49
erm_lunit_dino,erm,True,0.1187742006014493,0.11717257550713049,0.013729412450974195,0.007065395069033543,0.034317319897090186,0.033670385097550784,0.1936429093794581,1,0.0,none,0.1,0.12191434404364224,0.12191434404364224,0.0,14
erm_lunit_dino,erm,True,0.1187742006014493,0.11717257550713049,0.013729412450974195,0.007065395069033543,0.034317319897090186,0.033670385097550784,0.1936429093794581,1,0.0,none,0.2,0.12191434404364224,0.12191434404364224,0.0,6
erm_lunit_dino,erm,True,0.1187742006014493,0.11717257550713049,0.013729412450974195,0.007065395069033543,0.034317319897090186,0.033670385097550784,0.1936429093794581,1,0.25,ratio,0.02,0.1303319159841696,0.12191434404364224,0.125,502
erm_lunit_dino,erm,True,0.1187742006014493,0.11717257550713049,0.013729412450974195,0.007065395069033543,0.034317319897090186,0.033670385097550784,0.1936429093794581,1,0.25,ratio,0.05,0.1303319159841696,0.12191434404364224,0.125,82
erm_lunit_dino,erm,True,0.1187742006014493,0.11717257550713049,0.013729412450974195,0.007065395069033543,0.034317319897090186,0.033670385097550784,0.1936429093794581,1,0.25,ratio,0.1,0.1303319159841696,0.12191434404364224,0.125,22
erm_lunit_dino,erm,True,0.1187742006014493,0.11717257550713049,0.013729412450974195,0.007065395069033543,0.034317319897090186,0.033670385097550784,0.1936429093794581,1,0.25,ratio,0.2,0.1303319159841696,0.12191434404364224,0.125,8
erm_lunit_dino,erm,True,0.1187742006014493,0.11717257550713049,0.013729412450974195,0.007065395069033543,0.034317319897090186,0.033670385097550784,0.1936429093794581,1,0.25,design,0.02,0.1303319159841696,0.12191434404364224,0.125,
erm_lunit_dino,erm,True,0.1187742006014493,0.11717257550713049,0.013729412450974195,0.007065395069033543,0.034317319897090186,0.033670385097550784,0.1936429093794581,1,0.25,design,0.05,0.1303319159841696,0.12191434404364224,0.125,
erm_lunit_dino,erm,True,0.1187742006014493,0.11717257550713049,0.013729412450974195,0.007065395069033543,0.034317319897090186,0.033670385097550784,0.1936429093794581,1,0.25,design,0.1,0.1303319159841696,0.12191434404364224,0.125,
erm_lunit_dino,erm,True,0.1187742006014493,0.11717257550713049,0.013729412450974195,0.007065395069033543,0.034317319897090186,0.033670385097550784,0.1936429093794581,1,0.25,design,0.2,0.1303319159841696,0.12191434404364224,0.125,18
erm_lunit_dino,erm,True,0.1187742006014493,0.11717257550713049,0.013729412450974195,0.007065395069033543,0.034317319897090186,0.033670385097550784,0.1936429093794581,1,0.5,ratio,0.02,0.14077455870334699,0.12191434404364224,0.25,780
erm_lunit_dino,erm,True,0.1187742006014493,0.11717257550713049,0.013729412450974195,0.007065395069033543,0.034317319897090186,0.033670385097550784,0.1936429093794581,1,0.5,ratio,0.05,0.14077455870334699,0.12191434404364224,0.25,127
erm_lunit_dino,erm,True,0.1187742006014493,0.11717257550713049,0.013729412450974195,0.007065395069033543,0.034317319897090186,0.033670385097550784,0.1936429093794581,1,0.5,ratio,0.1,0.14077455870334699,0.12191434404364224,0.25,34
erm_lunit_dino,erm,True,0.1187742006014493,0.11717257550713049,0.013729412450974195,0.007065395069033543,0.034317319897090186,0.033670385097550784,0.1936429093794581,1,0.5,ratio,0.2,0.14077455870334699,0.12191434404364224,0.25,10
erm_lunit_dino,erm,True,0.1187742006014493,0.11717257550713049,0.013729412450974195,0.007065395069033543,0.034317319897090186,0.033670385097550784,0.1936429093794581,1,0.5,design,0.02,0.14077455870334699,0.12191434404364224,0.25,
erm_lunit_dino,erm,True,0.1187742006014493,0.11717257550713049,0.013729412450974195,0.007065395069033543,0.034317319897090186,0.033670385097550784,0.1936429093794581,1,0.5,design,0.05,0.14077455870334699,0.12191434404364224,0.25,
erm_lunit_dino,erm,True,0.1187742006014493,0.11717257550713049,0.013729412450974195,0.007065395069033543,0.034317319897090186,0.033670385097550784,0.1936429093794581,1,0.5,design,0.1,0.14077455870334699,0.12191434404364224,0.25,
erm_lunit_dino,erm,True,0.1187742006014493,0.11717257550713049,0.013729412450974195,0.007065395069033543,0.034317319897090186,0.033670385097550784,0.1936429093794581,1,0.5,design,0.2,0.14077455870334699,0.12191434404364224,0.25,
erm_lunit_dino,erm,True,0.1187742006014493,0.11717257550713049,0.013729412450974195,0.007065395069033543,0.034317319897090186,0.033670385097550784,0.1936429093794581,3,0.0,none,0.02,0.1187742006014493,0.1187742006014493,0.0,279
erm_lunit_dino,erm,True,0.1187742006014493,0.11717257550713049,0.013729412450974195,0.007065395069033543,0.034317319897090186,0.033670385097550784,0.1936429093794581,3,0.0,none,0.05,0.1187742006014493,0.1187742006014493,0.0,47
erm_lunit_dino,erm,True,0.1187742006014493,0.11717257550713049,0.013729412450974195,0.007065395069033543,0.034317319897090186,0.033670385097550784,0.1936429093794581,3,0.0,none,0.1,0.1187742006014493,0.1187742006014493,0.0,14
erm_lunit_dino,erm,True,0.1187742006014493,0.11717257550713049,0.013729412450974195,0.007065395069033543,0.034317319897090186,0.033670385097550784,0.1936429093794581,3,0.0,none,0.2,0.1187742006014493,0.1187742006014493,0.0,5
erm_lunit_dino,erm,True,0.1187742006014493,0.11717257550713049,0.013729412450974195,0.007065395069033543,0.034317319897090186,0.033670385097550784,0.1936429093794581,3,0.25,ratio,0.02,0.12697496143959505,0.1187742006014493,0.125,477
erm_lunit_dino,erm,True,0.1187742006014493,0.11717257550713049,0.013729412450974195,0.007065395069033543,0.034317319897090186,0.033670385097550784,0.1936429093794581,3,0.25,ratio,0.05,0.12697496143959505,0.1187742006014493,0.125,78
erm_lunit_dino,erm,True,0.1187742006014493,0.11717257550713049,0.013729412450974195,0.007065395069033543,0.034317319897090186,0.033670385097550784,0.1936429093794581,3,0.25,ratio,0.1,0.12697496143959505,0.1187742006014493,0.125,21
erm_lunit_dino,erm,True,0.1187742006014493,0.11717257550713049,0.013729412450974195,0.007065395069033543,0.034317319897090186,0.033670385097550784,0.1936429093794581,3,0.25,ratio,0.2,0.12697496143959505,0.1187742006014493,0.125,7
erm_lunit_dino,erm,True,0.1187742006014493,0.11717257550713049,0.013729412450974195,0.007065395069033543,0.034317319897090186,0.033670385097550784,0.1936429093794581,3,0.25,design,0.02,0.12697496143959505,0.1187742006014493,0.125,
erm_lunit_dino,erm,True,0.1187742006014493,0.11717257550713049,0.013729412450974195,0.007065395069033543,0.034317319897090186,0.033670385097550784,0.1936429093794581,3,0.25,design,0.05,0.12697496143959505,0.1187742006014493,0.125,
erm_lunit_dino,erm,True,0.1187742006014493,0.11717257550713049,0.013729412450974195,0.007065395069033543,0.034317319897090186,0.033670385097550784,0.1936429093794581,3,0.25,design,0.1,0.12697496143959505,0.1187742006014493,0.125,
erm_lunit_dino,erm,True,0.1187742006014493,0.11717257550713049,0.013729412450974195,0.007065395069033543,0.034317319897090186,0.033670385097550784,0.1936429093794581,3,0.25,design,0.2,0.12697496143959505,0.1187742006014493,0.125,14
erm_lunit_dino,erm,True,0.1187742006014493,0.11717257550713049,0.013729412450974195,0.007065395069033543,0.034317319897090186,0.033670385097550784,0.1936429093794581,3,0.5,ratio,0.02,0.13714863338005873,0.1187742006014493,0.25,741
erm_lunit_dino,erm,True,0.1187742006014493,0.11717257550713049,0.013729412450974195,0.007065395069033543,0.034317319897090186,0.033670385097550784,0.1936429093794581,3,0.5,ratio,0.05,0.13714863338005873,0.1187742006014493,0.25,121
erm_lunit_dino,erm,True,0.1187742006014493,0.11717257550713049,0.013729412450974195,0.007065395069033543,0.034317319897090186,0.033670385097550784,0.1936429093794581,3,0.5,ratio,0.1,0.13714863338005873,0.1187742006014493,0.25,32
erm_lunit_dino,erm,True,0.1187742006014493,0.11717257550713049,0.013729412450974195,0.007065395069033543,0.034317319897090186,0.033670385097550784,0.1936429093794581,3,0.5,ratio,0.2,0.13714863338005873,0.1187742006014493,0.25,10
erm_lunit_dino,erm,True,0.1187742006014493,0.11717257550713049,0.013729412450974195,0.007065395069033543,0.034317319897090186,0.033670385097550784,0.1936429093794581,3,0.5,design,0.02,0.13714863338005873,0.1187742006014493,0.25,
erm_lunit_dino,erm,True,0.1187742006014493,0.11717257550713049,0.013729412450974195,0.007065395069033543,0.034317319897090186,0.033670385097550784,0.1936429093794581,3,0.5,design,0.05,0.13714863338005873,0.1187742006014493,0.25,
erm_lunit_dino,erm,True,0.1187742006014493,0.11717257550713049,0.013729412450974195,0.007065395069033543,0.034317319897090186,0.033670385097550784,0.1936429093794581,3,0.5,design,0.1,0.13714863338005873,0.1187742006014493,0.25,
erm_lunit_dino,erm,True,0.1187742006014493,0.11717257550713049,0.013729412450974195,0.007065395069033543,0.034317319897090186,0.033670385097550784,0.1936429093794581,3,0.5,design,0.2,0.13714863338005873,0.1187742006014493,0.25,
erm_lunit_dino,erm,True,0.1187742006014493,0.11717257550713049,0.013729412450974195,0.007065395069033543,0.034317319897090186,0.033670385097550784,0.1936429093794581,5,0.0,none,0.02,0.11813615626681642,0.11813615626681642,0.0,276
erm_lunit_dino,erm,True,0.1187742006014493,0.11717257550713049,0.013729412450974195,0.007065395069033543,0.034317319897090186,0.033670385097550784,0.1936429093794581,5,0.0,none,0.05,0.11813615626681642,0.11813615626681642,0.0,46
erm_lunit_dino,erm,True,0.1187742006014493,0.11717257550713049,0.013729412450974195,0.007065395069033543,0.034317319897090186,0.033670385097550784,0.1936429093794581,5,0.0,none,0.1,0.11813615626681642,0.11813615626681642,0.0,14
erm_lunit_dino,erm,True,0.1187742006014493,0.11717257550713049,0.013729412450974195,0.007065395069033543,0.034317319897090186,0.033670385097550784,0.1936429093794581,5,0.0,none,0.2,0.11813615626681642,0.11813615626681642,0.0,5
erm_lunit_dino,erm,True,0.1187742006014493,0.11717257550713049,0.013729412450974195,0.007065395069033543,0.034317319897090186,0.033670385097550784,0.1936429093794581,5,0.25,ratio,0.02,0.12629286335451836,0.11813615626681642,0.125,472
erm_lunit_dino,erm,True,0.1187742006014493,0.11717257550713049,0.013729412450974195,0.007065395069033543,0.034317319897090186,0.033670385097550784,0.1936429093794581,5,0.25,ratio,0.05,0.12629286335451836,0.11813615626681642,0.125,78
erm_lunit_dino,erm,True,0.1187742006014493,0.11717257550713049,0.013729412450974195,0.007065395069033543,0.034317319897090186,0.033670385097550784,0.1936429093794581,5,0.25,ratio,0.1,0.12629286335451836,0.11813615626681642,0.125,21
erm_lunit_dino,erm,True,0.1187742006014493,0.11717257550713049,0.013729412450974195,0.007065395069033543,0.034317319897090186,0.033670385097550784,0.1936429093794581,5,0.25,ratio,0.2,0.12629286335451836,0.11813615626681642,0.125,7
erm_lunit_dino,erm,True,0.1187742006014493,0.11717257550713049,0.013729412450974195,0.007065395069033543,0.034317319897090186,0.033670385097550784,0.1936429093794581,5,0.25,design,0.02,0.12629286335451836,0.11813615626681642,0.125,
erm_lunit_dino,erm,True,0.1187742006014493,0.11717257550713049,0.013729412450974195,0.007065395069033543,0.034317319897090186,0.033670385097550784,0.1936429093794581,5,0.25,design,0.05,0.12629286335451836,0.11813615626681642,0.125,
erm_lunit_dino,erm,True,0.1187742006014493,0.11717257550713049,0.013729412450974195,0.007065395069033543,0.034317319897090186,0.033670385097550784,0.1936429093794581,5,0.25,design,0.1,0.12629286335451836,0.11813615626681642,0.125,
erm_lunit_dino,erm,True,0.1187742006014493,0.11717257550713049,0.013729412450974195,0.007065395069033543,0.034317319897090186,0.033670385097550784,0.1936429093794581,5,0.25,design,0.2,0.12629286335451836,0.11813615626681642,0.125,14
erm_lunit_dino,erm,True,0.1187742006014493,0.11717257550713049,0.013729412450974195,0.007065395069033543,0.034317319897090186,0.033670385097550784,0.1936429093794581,5,0.5,ratio,0.02,0.13641188324334833,0.11813615626681642,0.25,733
erm_lunit_dino,erm,True,0.1187742006014493,0.11717257550713049,0.013729412450974195,0.007065395069033543,0.034317319897090186,0.033670385097550784,0.1936429093794581,5,0.5,ratio,0.05,0.13641188324334833,0.11813615626681642,0.25,119
erm_lunit_dino,erm,True,0.1187742006014493,0.11717257550713049,0.013729412450974195,0.007065395069033543,0.034317319897090186,0.033670385097550784,0.1936429093794581,5,0.5,ratio,0.1,0.13641188324334833,0.11813615626681642,0.25,32
erm_lunit_dino,erm,True,0.1187742006014493,0.11717257550713049,0.013729412450974195,0.007065395069033543,0.034317319897090186,0.033670385097550784,0.1936429093794581,5,0.5,ratio,0.2,0.13641188324334833,0.11813615626681642,0.25,10
erm_lunit_dino,erm,True,0.1187742006014493,0.11717257550713049,0.013729412450974195,0.007065395069033543,0.034317319897090186,0.033670385097550784,0.1936429093794581,5,0.5,design,0.02,0.13641188324334833,0.11813615626681642,0.25,
erm_lunit_dino,erm,True,0.1187742006014493,0.11717257550713049,0.013729412450974195,0.007065395069033543,0.034317319897090186,0.033670385097550784,0.1936429093794581,5,0.5,design,0.05,0.13641188324334833,0.11813615626681642,0.25,
erm_lunit_dino,erm,True,0.1187742006014493,0.11717257550713049,0.013729412450974195,0.007065395069033543,0.034317319897090186,0.033670385097550784,0.1936429093794581,5,0.5,design,0.1,0.13641188324334833,0.11813615626681642,0.25,
erm_lunit_dino,erm,True,0.1187742006014493,0.11717257550713049,0.013729412450974195,0.007065395069033543,0.034317319897090186,0.033670385097550784,0.1936429093794581,5,0.5,design,0.2,0.13641188324334833,0.11813615626681642,0.25,
erm_lunit_dino,erm,True,0.1187742006014493,0.11717257550713049,0.013729412450974195,0.007065395069033543,0.034317319897090186,0.033670385097550784,0.1936429093794581,10,0.0,none,0.02,0.11765535233994215,0.11765535233994215,0.0,274
erm_lunit_dino,erm,True,0.1187742006014493,0.11717257550713049,0.013729412450974195,0.007065395069033543,0.034317319897090186,0.033670385097550784,0.1936429093794581,10,0.0,none,0.05,0.11765535233994215,0.11765535233994215,0.0,46
erm_lunit_dino,erm,True,0.1187742006014493,0.11717257550713049,0.013729412450974195,0.007065395069033543,0.034317319897090186,0.033670385097550784,0.1936429093794581,10,0.0,none,0.1,0.11765535233994215,0.11765535233994215,0.0,13
erm_lunit_dino,erm,True,0.1187742006014493,0.11717257550713049,0.013729412450974195,0.007065395069033543,0.034317319897090186,0.033670385097550784,0.1936429093794581,10,0.0,none,0.2,0.11765535233994215,0.11765535233994215,0.0,5
erm_lunit_dino,erm,True,0.1187742006014493,0.11717257550713049,0.013729412450974195,0.007065395069033543,0.034317319897090186,0.033670385097550784,0.1936429093794581,10,0.25,ratio,0.02,0.12577886233606722,0.11765535233994215,0.125,468
erm_lunit_dino,erm,True,0.1187742006014493,0.11717257550713049,0.013729412450974195,0.007065395069033543,0.034317319897090186,0.033670385097550784,0.1936429093794581,10,0.25,ratio,0.05,0.12577886233606722,0.11765535233994215,0.125,77
erm_lunit_dino,erm,True,0.1187742006014493,0.11717257550713049,0.013729412450974195,0.007065395069033543,0.034317319897090186,0.033670385097550784,0.1936429093794581,10,0.25,ratio,0.1,0.12577886233606722,0.11765535233994215,0.125,21
erm_lunit_dino,erm,True,0.1187742006014493,0.11717257550713049,0.013729412450974195,0.007065395069033543,0.034317319897090186,0.033670385097550784,0.1936429093794581,10,0.25,ratio,0.2,0.12577886233606722,0.11765535233994215,0.125,7
erm_lunit_dino,erm,True,0.1187742006014493,0.11717257550713049,0.013729412450974195,0.007065395069033543,0.034317319897090186,0.033670385097550784,0.1936429093794581,10,0.25,design,0.02,0.12577886233606722,0.11765535233994215,0.125,
erm_lunit_dino,erm,True,0.1187742006014493,0.11717257550713049,0.013729412450974195,0.007065395069033543,0.034317319897090186,0.033670385097550784,0.1936429093794581,10,0.25,design,0.05,0.12577886233606722,0.11765535233994215,0.125,
erm_lunit_dino,erm,True,0.1187742006014493,0.11717257550713049,0.013729412450974195,0.007065395069033543,0.034317319897090186,0.033670385097550784,0.1936429093794581,10,0.25,design,0.1,0.12577886233606722,0.11765535233994215,0.125,
erm_lunit_dino,erm,True,0.1187742006014493,0.11717257550713049,0.013729412450974195,0.007065395069033543,0.034317319897090186,0.033670385097550784,0.1936429093794581,10,0.25,design,0.2,0.12577886233606722,0.11765535233994215,0.125,13
erm_lunit_dino,erm,True,0.1187742006014493,0.11717257550713049,0.013729412450974195,0.007065395069033543,0.034317319897090186,0.033670385097550784,0.1936429093794581,10,0.5,ratio,0.02,0.13585669869013173,0.11765535233994215,0.25,727
erm_lunit_dino,erm,True,0.1187742006014493,0.11717257550713049,0.013729412450974195,0.007065395069033543,0.034317319897090186,0.033670385097550784,0.1936429093794581,10,0.5,ratio,0.05,0.13585669869013173,0.11765535233994215,0.25,118
erm_lunit_dino,erm,True,0.1187742006014493,0.11717257550713049,0.013729412450974195,0.007065395069033543,0.034317319897090186,0.033670385097550784,0.1936429093794581,10,0.5,ratio,0.1,0.13585669869013173,0.11765535233994215,0.25,31
erm_lunit_dino,erm,True,0.1187742006014493,0.11717257550713049,0.013729412450974195,0.007065395069033543,0.034317319897090186,0.033670385097550784,0.1936429093794581,10,0.5,ratio,0.2,0.13585669869013173,0.11765535233994215,0.25,10
erm_lunit_dino,erm,True,0.1187742006014493,0.11717257550713049,0.013729412450974195,0.007065395069033543,0.034317319897090186,0.033670385097550784,0.1936429093794581,10,0.5,design,0.02,0.13585669869013173,0.11765535233994215,0.25,
erm_lunit_dino,erm,True,0.1187742006014493,0.11717257550713049,0.013729412450974195,0.007065395069033543,0.034317319897090186,0.033670385097550784,0.1936429093794581,10,0.5,design,0.05,0.13585669869013173,0.11765535233994215,0.25,
erm_lunit_dino,erm,True,0.1187742006014493,0.11717257550713049,0.013729412450974195,0.007065395069033543,0.034317319897090186,0.033670385097550784,0.1936429093794581,10,0.5,design,0.1,0.13585669869013173,0.11765535233994215,0.25,
erm_lunit_dino,erm,True,0.1187742006014493,0.11717257550713049,0.013729412450974195,0.007065395069033543,0.034317319897090186,0.033670385097550784,0.1936429093794581,10,0.5,design,0.2,0.13585669869013173,0.11765535233994215,0.25,
fish,erm,True,0.10846262784794472,0.10681115357047874,0.011408622527056394,0.016332551620165503,0.034317319897090186,0.03265818944577427,0.33709232534557465,1,0.0,none,0.02,0.1116923447015617,0.1116923447015617,0.0,247
fish,erm,True,0.10846262784794472,0.10681115357047874,0.011408622527056394,0.016332551620165503,0.034317319897090186,0.03265818944577427,0.33709232534557465,1,0.0,none,0.05,0.1116923447015617,0.1116923447015617,0.0,42
fish,erm,True,0.10846262784794472,0.10681115357047874,0.011408622527056394,0.016332551620165503,0.034317319897090186,0.03265818944577427,0.33709232534557465,1,0.0,none,0.1,0.1116923447015617,0.1116923447015617,0.0,12
fish,erm,True,0.10846262784794472,0.10681115357047874,0.011408622527056394,0.016332551620165503,0.034317319897090186,0.03265818944577427,0.33709232534557465,1,0.0,none,0.2,0.1116923447015617,0.1116923447015617,0.0,5
fish,erm,True,0.10846262784794472,0.10681115357047874,0.011408622527056394,0.016332551620165503,0.034317319897090186,0.03265818944577427,0.33709232534557465,1,0.25,ratio,0.02,0.1194041390281999,0.1116923447015617,0.125,422
fish,erm,True,0.10846262784794472,0.10681115357047874,0.011408622527056394,0.016332551620165503,0.034317319897090186,0.03265818944577427,0.33709232534557465,1,0.25,ratio,0.05,0.1194041390281999,0.1116923447015617,0.125,70
fish,erm,True,0.10846262784794472,0.10681115357047874,0.011408622527056394,0.016332551620165503,0.034317319897090186,0.03265818944577427,0.33709232534557465,1,0.25,ratio,0.1,0.1194041390281999,0.1116923447015617,0.125,19
fish,erm,True,0.10846262784794472,0.10681115357047874,0.011408622527056394,0.016332551620165503,0.034317319897090186,0.03265818944577427,0.33709232534557465,1,0.25,ratio,0.2,0.1194041390281999,0.1116923447015617,0.125,7
fish,erm,True,0.10846262784794472,0.10681115357047874,0.011408622527056394,0.016332551620165503,0.034317319897090186,0.03265818944577427,0.33709232534557465,1,0.25,design,0.02,0.1194041390281999,0.1116923447015617,0.125,
fish,erm,True,0.10846262784794472,0.10681115357047874,0.011408622527056394,0.016332551620165503,0.034317319897090186,0.03265818944577427,0.33709232534557465,1,0.25,design,0.05,0.1194041390281999,0.1116923447015617,0.125,
fish,erm,True,0.10846262784794472,0.10681115357047874,0.011408622527056394,0.016332551620165503,0.034317319897090186,0.03265818944577427,0.33709232534557465,1,0.25,design,0.1,0.1194041390281999,0.1116923447015617,0.125,
fish,erm,True,0.10846262784794472,0.10681115357047874,0.011408622527056394,0.016332551620165503,0.034317319897090186,0.03265818944577427,0.33709232534557465,1,0.25,design,0.2,0.1194041390281999,0.1116923447015617,0.125,10
fish,erm,True,0.10846262784794472,0.10681115357047874,0.011408622527056394,0.016332551620165503,0.034317319897090186,0.03265818944577427,0.33709232534557465,1,0.5,ratio,0.02,0.12897121055973423,0.1116923447015617,0.25,655
fish,erm,True,0.10846262784794472,0.10681115357047874,0.011408622527056394,0.016332551620165503,0.034317319897090186,0.03265818944577427,0.33709232534557465,1,0.5,ratio,0.05,0.12897121055973423,0.1116923447015617,0.25,107
fish,erm,True,0.10846262784794472,0.10681115357047874,0.011408622527056394,0.016332551620165503,0.034317319897090186,0.03265818944577427,0.33709232534557465,1,0.5,ratio,0.1,0.12897121055973423,0.1116923447015617,0.25,29
fish,erm,True,0.10846262784794472,0.10681115357047874,0.011408622527056394,0.016332551620165503,0.034317319897090186,0.03265818944577427,0.33709232534557465,1,0.5,ratio,0.2,0.12897121055973423,0.1116923447015617,0.25,9
fish,erm,True,0.10846262784794472,0.10681115357047874,0.011408622527056394,0.016332551620165503,0.034317319897090186,0.03265818944577427,0.33709232534557465,1,0.5,design,0.02,0.12897121055973423,0.1116923447015617,0.25,
fish,erm,True,0.10846262784794472,0.10681115357047874,0.011408622527056394,0.016332551620165503,0.034317319897090186,0.03265818944577427,0.33709232534557465,1,0.5,design,0.05,0.12897121055973423,0.1116923447015617,0.25,
fish,erm,True,0.10846262784794472,0.10681115357047874,0.011408622527056394,0.016332551620165503,0.034317319897090186,0.03265818944577427,0.33709232534557465,1,0.5,design,0.1,0.12897121055973423,0.1116923447015617,0.25,
fish,erm,True,0.10846262784794472,0.10681115357047874,0.011408622527056394,0.016332551620165503,0.034317319897090186,0.03265818944577427,0.33709232534557465,1,0.5,design,0.2,0.12897121055973423,0.1116923447015617,0.25,
fish,erm,True,0.10846262784794472,0.10681115357047874,0.011408622527056394,0.016332551620165503,0.034317319897090186,0.03265818944577427,0.33709232534557465,3,0.0,none,0.02,0.10846262784794472,0.10846262784794472,0.0,233
fish,erm,True,0.10846262784794472,0.10681115357047874,0.011408622527056394,0.016332551620165503,0.034317319897090186,0.03265818944577427,0.33709232534557465,3,0.0,none,0.05,0.10846262784794472,0.10846262784794472,0.0,39
fish,erm,True,0.10846262784794472,0.10681115357047874,0.011408622527056394,0.016332551620165503,0.034317319897090186,0.03265818944577427,0.33709232534557465,3,0.0,none,0.1,0.10846262784794472,0.10846262784794472,0.0,12
fish,erm,True,0.10846262784794472,0.10681115357047874,0.011408622527056394,0.016332551620165503,0.034317319897090186,0.03265818944577427,0.33709232534557465,3,0.0,none,0.2,0.10846262784794472,0.10846262784794472,0.0,5
fish,erm,True,0.10846262784794472,0.10681115357047874,0.011408622527056394,0.016332551620165503,0.034317319897090186,0.03265818944577427,0.33709232534557465,3,0.25,ratio,0.02,0.11595142647890724,0.10846262784794472,0.125,398
fish,erm,True,0.10846262784794472,0.10681115357047874,0.011408622527056394,0.016332551620165503,0.034317319897090186,0.03265818944577427,0.33709232534557465,3,0.25,ratio,0.05,0.11595142647890724,0.10846262784794472,0.125,66
fish,erm,True,0.10846262784794472,0.10681115357047874,0.011408622527056394,0.016332551620165503,0.034317319897090186,0.03265818944577427,0.33709232534557465,3,0.25,ratio,0.1,0.11595142647890724,0.10846262784794472,0.125,18
fish,erm,True,0.10846262784794472,0.10681115357047874,0.011408622527056394,0.016332551620165503,0.034317319897090186,0.03265818944577427,0.33709232534557465,3,0.25,ratio,0.2,0.11595142647890724,0.10846262784794472,0.125,7
fish,erm,True,0.10846262784794472,0.10681115357047874,0.011408622527056394,0.016332551620165503,0.034317319897090186,0.03265818944577427,0.33709232534557465,3,0.25,design,0.02,0.11595142647890724,0.10846262784794472,0.125,
fish,erm,True,0.10846262784794472,0.10681115357047874,0.011408622527056394,0.016332551620165503,0.034317319897090186,0.03265818944577427,0.33709232534557465,3,0.25,design,0.05,0.11595142647890724,0.10846262784794472,0.125,
fish,erm,True,0.10846262784794472,0.10681115357047874,0.011408622527056394,0.016332551620165503,0.034317319897090186,0.03265818944577427,0.33709232534557465,3,0.25,design,0.1,0.11595142647890724,0.10846262784794472,0.125,
fish,erm,True,0.10846262784794472,0.10681115357047874,0.011408622527056394,0.016332551620165503,0.034317319897090186,0.03265818944577427,0.33709232534557465,3,0.25,design,0.2,0.11595142647890724,0.10846262784794472,0.125,9
fish,erm,True,0.10846262784794472,0.10681115357047874,0.011408622527056394,0.016332551620165503,0.034317319897090186,0.03265818944577427,0.33709232534557465,3,0.5,ratio,0.02,0.12524185477005018,0.10846262784794472,0.25,618
fish,erm,True,0.10846262784794472,0.10681115357047874,0.011408622527056394,0.016332551620165503,0.034317319897090186,0.03265818944577427,0.33709232534557465,3,0.5,ratio,0.05,0.12524185477005018,0.10846262784794472,0.25,101
fish,erm,True,0.10846262784794472,0.10681115357047874,0.011408622527056394,0.016332551620165503,0.034317319897090186,0.03265818944577427,0.33709232534557465,3,0.5,ratio,0.1,0.12524185477005018,0.10846262784794472,0.25,27
fish,erm,True,0.10846262784794472,0.10681115357047874,0.011408622527056394,0.016332551620165503,0.034317319897090186,0.03265818944577427,0.33709232534557465,3,0.5,ratio,0.2,0.12524185477005018,0.10846262784794472,0.25,9
fish,erm,True,0.10846262784794472,0.10681115357047874,0.011408622527056394,0.016332551620165503,0.034317319897090186,0.03265818944577427,0.33709232534557465,3,0.5,design,0.02,0.12524185477005018,0.10846262784794472,0.25,
fish,erm,True,0.10846262784794472,0.10681115357047874,0.011408622527056394,0.016332551620165503,0.034317319897090186,0.03265818944577427,0.33709232534557465,3,0.5,design,0.05,0.12524185477005018,0.10846262784794472,0.25,
fish,erm,True,0.10846262784794472,0.10681115357047874,0.011408622527056394,0.016332551620165503,0.034317319897090186,0.03265818944577427,0.33709232534557465,3,0.5,design,0.1,0.12524185477005018,0.10846262784794472,0.25,
fish,erm,True,0.10846262784794472,0.10681115357047874,0.011408622527056394,0.016332551620165503,0.034317319897090186,0.03265818944577427,0.33709232534557465,3,0.5,design,0.2,0.12524185477005018,0.10846262784794472,0.25,
fish,erm,True,0.10846262784794472,0.10681115357047874,0.011408622527056394,0.016332551620165503,0.034317319897090186,0.03265818944577427,0.33709232534557465,5,0.0,none,0.02,0.1078050740671867,0.1078050740671867,0.0,230
fish,erm,True,0.10846262784794472,0.10681115357047874,0.011408622527056394,0.016332551620165503,0.034317319897090186,0.03265818944577427,0.33709232534557465,5,0.0,none,0.05,0.1078050740671867,0.1078050740671867,0.0,39
fish,erm,True,0.10846262784794472,0.10681115357047874,0.011408622527056394,0.016332551620165503,0.034317319897090186,0.03265818944577427,0.33709232534557465,5,0.0,none,0.1,0.1078050740671867,0.1078050740671867,0.0,12
fish,erm,True,0.10846262784794472,0.10681115357047874,0.011408622527056394,0.016332551620165503,0.034317319897090186,0.03265818944577427,0.33709232534557465,5,0.0,none,0.2,0.1078050740671867,0.1078050740671867,0.0,5
fish,erm,True,0.10846262784794472,0.10681115357047874,0.011408622527056394,0.016332551620165503,0.034317319897090186,0.03265818944577427,0.33709232534557465,5,0.25,ratio,0.02,0.11524847191862886,0.1078050740671867,0.125,393
fish,erm,True,0.10846262784794472,0.10681115357047874,0.011408622527056394,0.016332551620165503,0.034317319897090186,0.03265818944577427,0.33709232534557465,5,0.25,ratio,0.05,0.11524847191862886,0.1078050740671867,0.125,65
fish,erm,True,0.10846262784794472,0.10681115357047874,0.011408622527056394,0.016332551620165503,0.034317319897090186,0.03265818944577427,0.33709232534557465,5,0.25,ratio,0.1,0.11524847191862886,0.1078050740671867,0.125,18
fish,erm,True,0.10846262784794472,0.10681115357047874,0.011408622527056394,0.016332551620165503,0.034317319897090186,0.03265818944577427,0.33709232534557465,5,0.25,ratio,0.2,0.11524847191862886,0.1078050740671867,0.125,7
fish,erm,True,0.10846262784794472,0.10681115357047874,0.011408622527056394,0.016332551620165503,0.034317319897090186,0.03265818944577427,0.33709232534557465,5,0.25,design,0.02,0.11524847191862886,0.1078050740671867,0.125,
fish,erm,True,0.10846262784794472,0.10681115357047874,0.011408622527056394,0.016332551620165503,0.034317319897090186,0.03265818944577427,0.33709232534557465,5,0.25,design,0.05,0.11524847191862886,0.1078050740671867,0.125,
fish,erm,True,0.10846262784794472,0.10681115357047874,0.011408622527056394,0.016332551620165503,0.034317319897090186,0.03265818944577427,0.33709232534557465,5,0.25,design,0.1,0.11524847191862886,0.1078050740671867,0.125,
fish,erm,True,0.10846262784794472,0.10681115357047874,0.011408622527056394,0.016332551620165503,0.034317319897090186,0.03265818944577427,0.33709232534557465,5,0.25,design,0.2,0.11524847191862886,0.1078050740671867,0.125,8
fish,erm,True,0.10846262784794472,0.10681115357047874,0.011408622527056394,0.016332551620165503,0.034317319897090186,0.03265818944577427,0.33709232534557465,5,0.5,ratio,0.02,0.12448257706539557,0.1078050740671867,0.25,611
fish,erm,True,0.10846262784794472,0.10681115357047874,0.011408622527056394,0.016332551620165503,0.034317319897090186,0.03265818944577427,0.33709232534557465,5,0.5,ratio,0.05,0.12448257706539557,0.1078050740671867,0.25,100
fish,erm,True,0.10846262784794472,0.10681115357047874,0.011408622527056394,0.016332551620165503,0.034317319897090186,0.03265818944577427,0.33709232534557465,5,0.5,ratio,0.1,0.12448257706539557,0.1078050740671867,0.25,27
fish,erm,True,0.10846262784794472,0.10681115357047874,0.011408622527056394,0.016332551620165503,0.034317319897090186,0.03265818944577427,0.33709232534557465,5,0.5,ratio,0.2,0.12448257706539557,0.1078050740671867,0.25,9
fish,erm,True,0.10846262784794472,0.10681115357047874,0.011408622527056394,0.016332551620165503,0.034317319897090186,0.03265818944577427,0.33709232534557465,5,0.5,design,0.02,0.12448257706539557,0.1078050740671867,0.25,
fish,erm,True,0.10846262784794472,0.10681115357047874,0.011408622527056394,0.016332551620165503,0.034317319897090186,0.03265818944577427,0.33709232534557465,5,0.5,design,0.05,0.12448257706539557,0.1078050740671867,0.25,
fish,erm,True,0.10846262784794472,0.10681115357047874,0.011408622527056394,0.016332551620165503,0.034317319897090186,0.03265818944577427,0.33709232534557465,5,0.5,design,0.1,0.12448257706539557,0.1078050740671867,0.25,
fish,erm,True,0.10846262784794472,0.10681115357047874,0.011408622527056394,0.016332551620165503,0.034317319897090186,0.03265818944577427,0.33709232534557465,5,0.5,design,0.2,0.12448257706539557,0.1078050740671867,0.25,
fish,erm,True,0.10846262784794472,0.10681115357047874,0.011408622527056394,0.016332551620165503,0.034317319897090186,0.03265818944577427,0.33709232534557465,10,0.0,none,0.02,0.10730926456203119,0.10730926456203119,0.0,228
fish,erm,True,0.10846262784794472,0.10681115357047874,0.011408622527056394,0.016332551620165503,0.034317319897090186,0.03265818944577427,0.33709232534557465,10,0.0,none,0.05,0.10730926456203119,0.10730926456203119,0.0,39
fish,erm,True,0.10846262784794472,0.10681115357047874,0.011408622527056394,0.016332551620165503,0.034317319897090186,0.03265818944577427,0.33709232534557465,10,0.0,none,0.1,0.10730926456203119,0.10730926456203119,0.0,12
fish,erm,True,0.10846262784794472,0.10681115357047874,0.011408622527056394,0.016332551620165503,0.034317319897090186,0.03265818944577427,0.33709232534557465,10,0.0,none,0.2,0.10730926456203119,0.10730926456203119,0.0,5
fish,erm,True,0.10846262784794472,0.10681115357047874,0.011408622527056394,0.016332551620165503,0.034317319897090186,0.03265818944577427,0.33709232534557465,10,0.25,ratio,0.02,0.11471842926222947,0.10730926456203119,0.125,390
fish,erm,True,0.10846262784794472,0.10681115357047874,0.011408622527056394,0.016332551620165503,0.034317319897090186,0.03265818944577427,0.33709232534557465,10,0.25,ratio,0.05,0.11471842926222947,0.10730926456203119,0.125,64
fish,erm,True,0.10846262784794472,0.10681115357047874,0.011408622527056394,0.016332551620165503,0.034317319897090186,0.03265818944577427,0.33709232534557465,10,0.25,ratio,0.1,0.11471842926222947,0.10730926456203119,0.125,18
fish,erm,True,0.10846262784794472,0.10681115357047874,0.011408622527056394,0.016332551620165503,0.034317319897090186,0.03265818944577427,0.33709232534557465,10,0.25,ratio,0.2,0.11471842926222947,0.10730926456203119,0.125,7
fish,erm,True,0.10846262784794472,0.10681115357047874,0.011408622527056394,0.016332551620165503,0.034317319897090186,0.03265818944577427,0.33709232534557465,10,0.25,design,0.02,0.11471842926222947,0.10730926456203119,0.125,
fish,erm,True,0.10846262784794472,0.10681115357047874,0.011408622527056394,0.016332551620165503,0.034317319897090186,0.03265818944577427,0.33709232534557465,10,0.25,design,0.05,0.11471842926222947,0.10730926456203119,0.125,
fish,erm,True,0.10846262784794472,0.10681115357047874,0.011408622527056394,0.016332551620165503,0.034317319897090186,0.03265818944577427,0.33709232534557465,10,0.25,design,0.1,0.11471842926222947,0.10730926456203119,0.125,
fish,erm,True,0.10846262784794472,0.10681115357047874,0.011408622527056394,0.016332551620165503,0.034317319897090186,0.03265818944577427,0.33709232534557465,10,0.25,design,0.2,0.11471842926222947,0.10730926456203119,0.125,8
fish,erm,True,0.10846262784794472,0.10681115357047874,0.011408622527056394,0.016332551620165503,0.034317319897090186,0.03265818944577427,0.33709232534557465,10,0.5,ratio,0.02,0.12391006556285895,0.10730926456203119,0.25,605
fish,erm,True,0.10846262784794472,0.10681115357047874,0.011408622527056394,0.016332551620165503,0.034317319897090186,0.03265818944577427,0.33709232534557465,10,0.5,ratio,0.05,0.12391006556285895,0.10730926456203119,0.25,99
fish,erm,True,0.10846262784794472,0.10681115357047874,0.011408622527056394,0.016332551620165503,0.034317319897090186,0.03265818944577427,0.33709232534557465,10,0.5,ratio,0.1,0.12391006556285895,0.10730926456203119,0.25,27
fish,erm,True,0.10846262784794472,0.10681115357047874,0.011408622527056394,0.016332551620165503,0.034317319897090186,0.03265818944577427,0.33709232534557465,10,0.5,ratio,0.2,0.12391006556285895,0.10730926456203119,0.25,9
fish,erm,True,0.10846262784794472,0.10681115357047874,0.011408622527056394,0.016332551620165503,0.034317319897090186,0.03265818944577427,0.33709232534557465,10,0.5,design,0.02,0.12391006556285895,0.10730926456203119,0.25,
fish,erm,True,0.10846262784794472,0.10681115357047874,0.011408622527056394,0.016332551620165503,0.034317319897090186,0.03265818944577427,0.33709232534557465,10,0.5,design,0.05,0.12391006556285895,0.10730926456203119,0.25,
fish,erm,True,0.10846262784794472,0.10681115357047874,0.011408622527056394,0.016332551620165503,0.034317319897090186,0.03265818944577427,0.33709232534557465,10,0.5,design,0.1,0.12391006556285895,0.10730926456203119,0.25,
fish,erm,True,0.10846262784794472,0.10681115357047874,0.011408622527056394,0.016332551620165503,0.034317319897090186,0.03265818944577427,0.33709232534557465,10,0.5,design,0.2,0.12391006556285895,0.10730926456203119,0.25,
groupdro,erm,True,0.0303983052325533,0.0,-0.000568867820431334,0.04613169104043089,0.034317319897090186,0.06692364562939196,-0.37046021328432466,1,0.0,none,0.02,0.06692364562939196,0.06692364562939196,0.0,90
groupdro,erm,True,0.0303983052325533,0.0,-0.000568867820431334,0.04613169104043089,0.034317319897090186,0.06692364562939196,-0.37046021328432466,1,0.0,none,0.05,0.06692364562939196,0.06692364562939196,0.0,17
groupdro,erm,True,0.0303983052325533,0.0,-0.000568867820431334,0.04613169104043089,0.034317319897090186,0.06692364562939196,-0.37046021328432466,1,0.0,none,0.1,0.06692364562939196,0.06692364562939196,0.0,6
groupdro,erm,True,0.0303983052325533,0.0,-0.000568867820431334,0.04613169104043089,0.034317319897090186,0.06692364562939196,-0.37046021328432466,1,0.0,none,0.2,0.06692364562939196,0.06692364562939196,0.0,4
groupdro,erm,True,0.0303983052325533,0.0,-0.000568867820431334,0.04613169104043089,0.034317319897090186,0.06692364562939196,-0.37046021328432466,1,0.25,ratio,0.02,0.07154438657687315,0.06692364562939196,0.125,153
groupdro,erm,True,0.0303983052325533,0.0,-0.000568867820431334,0.04613169104043089,0.034317319897090186,0.06692364562939196,-0.37046021328432466,1,0.25,ratio,0.05,0.07154438657687315,0.06692364562939196,0.125,27
groupdro,erm,True,0.0303983052325533,0.0,-0.000568867820431334,0.04613169104043089,0.034317319897090186,0.06692364562939196,-0.37046021328432466,1,0.25,ratio,0.1,0.07154438657687315,0.06692364562939196,0.125,9
groupdro,erm,True,0.0303983052325533,0.0,-0.000568867820431334,0.04613169104043089,0.034317319897090186,0.06692364562939196,-0.37046021328432466,1,0.25,ratio,0.2,0.07154438657687315,0.06692364562939196,0.125,4
groupdro,erm,True,0.0303983052325533,0.0,-0.000568867820431334,0.04613169104043089,0.034317319897090186,0.06692364562939196,-0.37046021328432466,1,0.25,design,0.02,0.07154438657687315,0.06692364562939196,0.125,
groupdro,erm,True,0.0303983052325533,0.0,-0.000568867820431334,0.04613169104043089,0.034317319897090186,0.06692364562939196,-0.37046021328432466,1,0.25,design,0.05,0.07154438657687315,0.06692364562939196,0.125,
groupdro,erm,True,0.0303983052325533,0.0,-0.000568867820431334,0.04613169104043089,0.034317319897090186,0.06692364562939196,-0.37046021328432466,1,0.25,design,0.1,0.07154438657687315,0.06692364562939196,0.125,
groupdro,erm,True,0.0303983052325533,0.0,-0.000568867820431334,0.04613169104043089,0.034317319897090186,0.06692364562939196,-0.37046021328432466,1,0.25,design,0.2,0.07154438657687315,0.06692364562939196,0.125,4
groupdro,erm,True,0.0303983052325533,0.0,-0.000568867820431334,0.04613169104043089,0.034317319897090186,0.06692364562939196,-0.37046021328432466,1,0.5,ratio,0.02,0.07727676963856114,0.06692364562939196,0.25,237
groupdro,erm,True,0.0303983052325533,0.0,-0.000568867820431334,0.04613169104043089,0.034317319897090186,0.06692364562939196,-0.37046021328432466,1,0.5,ratio,0.05,0.07727676963856114,0.06692364562939196,0.25,40
groupdro,erm,True,0.0303983052325533,0.0,-0.000568867820431334,0.04613169104043089,0.034317319897090186,0.06692364562939196,-0.37046021328432466,1,0.5,ratio,0.1,0.07727676963856114,0.06692364562939196,0.25,12
groupdro,erm,True,0.0303983052325533,0.0,-0.000568867820431334,0.04613169104043089,0.034317319897090186,0.06692364562939196,-0.37046021328432466,1,0.5,ratio,0.2,0.07727676963856114,0.06692364562939196,0.25,5
groupdro,erm,True,0.0303983052325533,0.0,-0.000568867820431334,0.04613169104043089,0.034317319897090186,0.06692364562939196,-0.37046021328432466,1,0.5,design,0.02,0.07727676963856114,0.06692364562939196,0.25,
groupdro,erm,True,0.0303983052325533,0.0,-0.000568867820431334,0.04613169104043089,0.034317319897090186,0.06692364562939196,-0.37046021328432466,1,0.5,design,0.05,0.07727676963856114,0.06692364562939196,0.25,
groupdro,erm,True,0.0303983052325533,0.0,-0.000568867820431334,0.04613169104043089,0.034317319897090186,0.06692364562939196,-0.37046021328432466,1,0.5,design,0.1,0.07727676963856114,0.06692364562939196,0.25,
groupdro,erm,True,0.0303983052325533,0.0,-0.000568867820431334,0.04613169104043089,0.034317319897090186,0.06692364562939196,-0.37046021328432466,1,0.5,design,0.2,0.07727676963856114,0.06692364562939196,0.25,5
groupdro,erm,True,0.0303983052325533,0.0,-0.000568867820431334,0.04613169104043089,0.034317319897090186,0.06692364562939196,-0.37046021328432466,3,0.0,none,0.02,0.03863838481928057,0.03863838481928057,0.0,32
groupdro,erm,True,0.0303983052325533,0.0,-0.000568867820431334,0.04613169104043089,0.034317319897090186,0.06692364562939196,-0.37046021328432466,3,0.0,none,0.05,0.03863838481928057,0.03863838481928057,0.0,7
groupdro,erm,True,0.0303983052325533,0.0,-0.000568867820431334,0.04613169104043089,0.034317319897090186,0.06692364562939196,-0.37046021328432466,3,0.0,none,0.1,0.03863838481928057,0.03863838481928057,0.0,4
groupdro,erm,True,0.0303983052325533,0.0,-0.000568867820431334,0.04613169104043089,0.034317319897090186,0.06692364562939196,-0.37046021328432466,3,0.0,none,0.2,0.03863838481928057,0.03863838481928057,0.0,3
groupdro,erm,True,0.0303983052325533,0.0,-0.000568867820431334,0.04613169104043089,0.034317319897090186,0.06692364562939196,-0.37046021328432466,3,0.25,ratio,0.02,0.04130617084916437,0.03863838481928057,0.125,53
groupdro,erm,True,0.0303983052325533,0.0,-0.000568867820431334,0.04613169104043089,0.034317319897090186,0.06692364562939196,-0.37046021328432466,3,0.25,ratio,0.05,0.04130617084916437,0.03863838481928057,0.125,11
groupdro,erm,True,0.0303983052325533,0.0,-0.000568867820431334,0.04613169104043089,0.034317319897090186,0.06692364562939196,-0.37046021328432466,3,0.25,ratio,0.1,0.04130617084916437,0.03863838481928057,0.125,5
groupdro,erm,True,0.0303983052325533,0.0,-0.000568867820431334,0.04613169104043089,0.034317319897090186,0.06692364562939196,-0.37046021328432466,3,0.25,ratio,0.2,0.04130617084916437,0.03863838481928057,0.125,3
groupdro,erm,True,0.0303983052325533,0.0,-0.000568867820431334,0.04613169104043089,0.034317319897090186,0.06692364562939196,-0.37046021328432466,3,0.25,design,0.02,0.04130617084916437,0.03863838481928057,0.125,
groupdro,erm,True,0.0303983052325533,0.0,-0.000568867820431334,0.04613169104043089,0.034317319897090186,0.06692364562939196,-0.37046021328432466,3,0.25,design,0.05,0.04130617084916437,0.03863838481928057,0.125,
groupdro,erm,True,0.0303983052325533,0.0,-0.000568867820431334,0.04613169104043089,0.034317319897090186,0.06692364562939196,-0.37046021328432466,3,0.25,design,0.1,0.04130617084916437,0.03863838481928057,0.125,4
groupdro,erm,True,0.0303983052325533,0.0,-0.000568867820431334,0.04613169104043089,0.034317319897090186,0.06692364562939196,-0.37046021328432466,3,0.25,design,0.2,0.04130617084916437,0.03863838481928057,0.125,3
groupdro,erm,True,0.0303983052325533,0.0,-0.000568867820431334,0.04613169104043089,0.034317319897090186,0.06692364562939196,-0.37046021328432466,3,0.5,ratio,0.02,0.04461576375292798,0.03863838481928057,0.25,81
groupdro,erm,True,0.0303983052325533,0.0,-0.000568867820431334,0.04613169104043089,0.034317319897090186,0.06692364562939196,-0.37046021328432466,3,0.5,ratio,0.05,0.04461576375292798,0.03863838481928057,0.25,15
groupdro,erm,True,0.0303983052325533,0.0,-0.000568867820431334,0.04613169104043089,0.034317319897090186,0.06692364562939196,-0.37046021328432466,3,0.5,ratio,0.1,0.04461576375292798,0.03863838481928057,0.25,6
groupdro,erm,True,0.0303983052325533,0.0,-0.000568867820431334,0.04613169104043089,0.034317319897090186,0.06692364562939196,-0.37046021328432466,3,0.5,ratio,0.2,0.04461576375292798,0.03863838481928057,0.25,4
groupdro,erm,True,0.0303983052325533,0.0,-0.000568867820431334,0.04613169104043089,0.034317319897090186,0.06692364562939196,-0.37046021328432466,3,0.5,design,0.02,0.04461576375292798,0.03863838481928057,0.25,
groupdro,erm,True,0.0303983052325533,0.0,-0.000568867820431334,0.04613169104043089,0.034317319897090186,0.06692364562939196,-0.37046021328432466,3,0.5,design,0.05,0.04461576375292798,0.03863838481928057,0.25,
groupdro,erm,True,0.0303983052325533,0.0,-0.000568867820431334,0.04613169104043089,0.034317319897090186,0.06692364562939196,-0.37046021328432466,3,0.5,design,0.1,0.04461576375292798,0.03863838481928057,0.25,7
groupdro,erm,True,0.0303983052325533,0.0,-0.000568867820431334,0.04613169104043089,0.034317319897090186,0.06692364562939196,-0.37046021328432466,3,0.5,design,0.2,0.04461576375292798,0.03863838481928057,0.25,3
groupdro,erm,True,0.0303983052325533,0.0,-0.000568867820431334,0.04613169104043089,0.034317319897090186,0.06692364562939196,-0.37046021328432466,5,0.0,none,0.02,0.029929164185885426,0.029929164185885426,0.0,20
groupdro,erm,True,0.0303983052325533,0.0,-0.000568867820431334,0.04613169104043089,0.034317319897090186,0.06692364562939196,-0.37046021328432466,5,0.0,none,0.05,0.029929164185885426,0.029929164185885426,0.0,6
groupdro,erm,True,0.0303983052325533,0.0,-0.000568867820431334,0.04613169104043089,0.034317319897090186,0.06692364562939196,-0.37046021328432466,5,0.0,none,0.1,0.029929164185885426,0.029929164185885426,0.0,3
groupdro,erm,True,0.0303983052325533,0.0,-0.000568867820431334,0.04613169104043089,0.034317319897090186,0.06692364562939196,-0.37046021328432466,5,0.0,none,0.2,0.029929164185885426,0.029929164185885426,0.0,3
groupdro,erm,True,0.0303983052325533,0.0,-0.000568867820431334,0.04613169104043089,0.034317319897090186,0.06692364562939196,-0.37046021328432466,5,0.25,ratio,0.02,0.03199562235888237,0.029929164185885426,0.125,33
groupdro,erm,True,0.0303983052325533,0.0,-0.000568867820431334,0.04613169104043089,0.034317319897090186,0.06692364562939196,-0.37046021328432466,5,0.25,ratio,0.05,0.03199562235888237,0.029929164185885426,0.125,7
groupdro,erm,True,0.0303983052325533,0.0,-0.000568867820431334,0.04613169104043089,0.034317319897090186,0.06692364562939196,-0.37046021328432466,5,0.25,ratio,0.1,0.03199562235888237,0.029929164185885426,0.125,4
groupdro,erm,True,0.0303983052325533,0.0,-0.000568867820431334,0.04613169104043089,0.034317319897090186,0.06692364562939196,-0.37046021328432466,5,0.25,ratio,0.2,0.03199562235888237,0.029929164185885426,0.125,3
groupdro,erm,True,0.0303983052325533,0.0,-0.000568867820431334,0.04613169104043089,0.034317319897090186,0.06692364562939196,-0.37046021328432466,5,0.25,design,0.02,0.03199562235888237,0.029929164185885426,0.125,
groupdro,erm,True,0.0303983052325533,0.0,-0.000568867820431334,0.04613169104043089,0.034317319897090186,0.06692364562939196,-0.37046021328432466,5,0.25,design,0.05,0.03199562235888237,0.029929164185885426,0.125,15
groupdro,erm,True,0.0303983052325533,0.0,-0.000568867820431334,0.04613169104043089,0.034317319897090186,0.06692364562939196,-0.37046021328432466,5,0.25,design,0.1,0.03199562235888237,0.029929164185885426,0.125,4
groupdro,erm,True,0.0303983052325533,0.0,-0.000568867820431334,0.04613169104043089,0.034317319897090186,0.06692364562939196,-0.37046021328432466,5,0.25,design,0.2,0.03199562235888237,0.029929164185885426,0.125,3
groupdro,erm,True,0.0303983052325533,0.0,-0.000568867820431334,0.04613169104043089,0.034317319897090186,0.06692364562939196,-0.37046021328432466,5,0.5,ratio,0.02,0.034559221998682915,0.029929164185885426,0.25,49
groupdro,erm,True,0.0303983052325533,0.0,-0.000568867820431334,0.04613169104043089,0.034317319897090186,0.06692364562939196,-0.37046021328432466,5,0.5,ratio,0.05,0.034559221998682915,0.029929164185885426,0.25,10
groupdro,erm,True,0.0303983052325533,0.0,-0.000568867820431334,0.04613169104043089,0.034317319897090186,0.06692364562939196,-0.37046021328432466,5,0.5,ratio,0.1,0.034559221998682915,0.029929164185885426,0.25,5
groupdro,erm,True,0.0303983052325533,0.0,-0.000568867820431334,0.04613169104043089,0.034317319897090186,0.06692364562939196,-0.37046021328432466,5,0.5,ratio,0.2,0.034559221998682915,0.029929164185885426,0.25,3
groupdro,erm,True,0.0303983052325533,0.0,-0.000568867820431334,0.04613169104043089,0.034317319897090186,0.06692364562939196,-0.37046021328432466,5,0.5,design,0.02,0.034559221998682915,0.029929164185885426,0.25,
groupdro,erm,True,0.0303983052325533,0.0,-0.000568867820431334,0.04613169104043089,0.034317319897090186,0.06692364562939196,-0.37046021328432466,5,0.5,design,0.05,0.034559221998682915,0.029929164185885426,0.25,
groupdro,erm,True,0.0303983052325533,0.0,-0.000568867820431334,0.04613169104043089,0.034317319897090186,0.06692364562939196,-0.37046021328432466,5,0.5,design,0.1,0.034559221998682915,0.029929164185885426,0.25,4
groupdro,erm,True,0.0303983052325533,0.0,-0.000568867820431334,0.04613169104043089,0.034317319897090186,0.06692364562939196,-0.37046021328432466,5,0.5,design,0.2,0.034559221998682915,0.029929164185885426,0.25,3
groupdro,erm,True,0.0303983052325533,0.0,-0.000568867820431334,0.04613169104043089,0.034317319897090186,0.06692364562939196,-0.37046021328432466,10,0.0,none,0.02,0.02116311495108514,0.02116311495108514,0.0,11
groupdro,erm,True,0.0303983052325533,0.0,-0.000568867820431334,0.04613169104043089,0.034317319897090186,0.06692364562939196,-0.37046021328432466,10,0.0,none,0.05,0.02116311495108514,0.02116311495108514,0.0,4
groupdro,erm,True,0.0303983052325533,0.0,-0.000568867820431334,0.04613169104043089,0.034317319897090186,0.06692364562939196,-0.37046021328432466,10,0.0,none,0.1,0.02116311495108514,0.02116311495108514,0.0,3
groupdro,erm,True,0.0303983052325533,0.0,-0.000568867820431334,0.04613169104043089,0.034317319897090186,0.06692364562939196,-0.37046021328432466,10,0.0,none,0.2,0.02116311495108514,0.02116311495108514,0.0,3
groupdro,erm,True,0.0303983052325533,0.0,-0.000568867820431334,0.04613169104043089,0.034317319897090186,0.06692364562939196,-0.37046021328432466,10,0.25,ratio,0.02,0.022624321538249646,0.02116311495108514,0.125,18
groupdro,erm,True,0.0303983052325533,0.0,-0.000568867820431334,0.04613169104043089,0.034317319897090186,0.06692364562939196,-0.37046021328432466,10,0.25,ratio,0.05,0.022624321538249646,0.02116311495108514,0.125,5
groupdro,erm,True,0.0303983052325533,0.0,-0.000568867820431334,0.04613169104043089,0.034317319897090186,0.06692364562939196,-0.37046021328432466,10,0.25,ratio,0.1,0.022624321538249646,0.02116311495108514,0.125,3
groupdro,erm,True,0.0303983052325533,0.0,-0.000568867820431334,0.04613169104043089,0.034317319897090186,0.06692364562939196,-0.37046021328432466,10,0.25,ratio,0.2,0.022624321538249646,0.02116311495108514,0.125,3
groupdro,erm,True,0.0303983052325533,0.0,-0.000568867820431334,0.04613169104043089,0.034317319897090186,0.06692364562939196,-0.37046021328432466,10,0.25,design,0.02,0.022624321538249646,0.02116311495108514,0.125,
groupdro,erm,True,0.0303983052325533,0.0,-0.000568867820431334,0.04613169104043089,0.034317319897090186,0.06692364562939196,-0.37046021328432466,10,0.25,design,0.05,0.022624321538249646,0.02116311495108514,0.125,5
groupdro,erm,True,0.0303983052325533,0.0,-0.000568867820431334,0.04613169104043089,0.034317319897090186,0.06692364562939196,-0.37046021328432466,10,0.25,design,0.1,0.022624321538249646,0.02116311495108514,0.125,3
groupdro,erm,True,0.0303983052325533,0.0,-0.000568867820431334,0.04613169104043089,0.034317319897090186,0.06692364562939196,-0.37046021328432466,10,0.25,design,0.2,0.022624321538249646,0.02116311495108514,0.125,3
groupdro,erm,True,0.0303983052325533,0.0,-0.000568867820431334,0.04613169104043089,0.034317319897090186,0.06692364562939196,-0.37046021328432466,10,0.5,ratio,0.02,0.0244370602278,0.02116311495108514,0.25,26
groupdro,erm,True,0.0303983052325533,0.0,-0.000568867820431334,0.04613169104043089,0.034317319897090186,0.06692364562939196,-0.37046021328432466,10,0.5,ratio,0.05,0.0244370602278,0.02116311495108514,0.25,6
groupdro,erm,True,0.0303983052325533,0.0,-0.000568867820431334,0.04613169104043089,0.034317319897090186,0.06692364562939196,-0.37046021328432466,10,0.5,ratio,0.1,0.0244370602278,0.02116311495108514,0.25,4
groupdro,erm,True,0.0303983052325533,0.0,-0.000568867820431334,0.04613169104043089,0.034317319897090186,0.06692364562939196,-0.37046021328432466,10,0.5,ratio,0.2,0.0244370602278,0.02116311495108514,0.25,3
groupdro,erm,True,0.0303983052325533,0.0,-0.000568867820431334,0.04613169104043089,0.034317319897090186,0.06692364562939196,-0.37046021328432466,10,0.5,design,0.02,0.0244370602278,0.02116311495108514,0.25,
groupdro,erm,True,0.0303983052325533,0.0,-0.000568867820431334,0.04613169104043089,0.034317319897090186,0.06692364562939196,-0.37046021328432466,10,0.5,design,0.05,0.0244370602278,0.02116311495108514,0.25,18
groupdro,erm,True,0.0303983052325533,0.0,-0.000568867820431334,0.04613169104043089,0.034317319897090186,0.06692364562939196,-0.37046021328432466,10,0.5,design,0.1,0.0244370602278,0.02116311495108514,0.25,3
groupdro,erm,True,0.0303983052325533,0.0,-0.000568867820431334,0.04613169104043089,0.034317319897090186,0.06692364562939196,-0.37046021328432466,10,0.5,design,0.2,0.0244370602278,0.02116311495108514,0.25,3
he_jitter,erm,True,0.1250674471667098,0.12301265450805741,0.015132113169118697,0.005993037575516474,0.034317319897090186,0.03910574785165413,-0.7674241842702486,1,0.0,none,0.02,0.12907893973904438,0.12907893973904438,0.0,329
he_jitter,erm,True,0.1250674471667098,0.12301265450805741,0.015132113169118697,0.005993037575516474,0.034317319897090186,0.03910574785165413,-0.7674241842702486,1,0.0,none,0.05,0.12907893973904438,0.12907893973904438,0.0,55
he_jitter,erm,True,0.1250674471667098,0.12301265450805741,0.015132113169118697,0.005993037575516474,0.034317319897090186,0.03910574785165413,-0.7674241842702486,1,0.0,none,0.1,0.12907893973904438,0.12907893973904438,0.0,16
he_jitter,erm,True,0.1250674471667098,0.12301265450805741,0.015132113169118697,0.005993037575516474,0.034317319897090186,0.03910574785165413,-0.7674241842702486,1,0.0,none,0.2,0.12907893973904438,0.12907893973904438,0.0,6
he_jitter,erm,True,0.1250674471667098,0.12301265450805741,0.015132113169118697,0.005993037575516474,0.034317319897090186,0.03910574785165413,-0.7674241842702486,1,0.25,ratio,0.02,0.13799119095758397,0.12907893973904438,0.125,563
he_jitter,erm,True,0.1250674471667098,0.12301265450805741,0.015132113169118697,0.005993037575516474,0.034317319897090186,0.03910574785165413,-0.7674241842702486,1,0.25,ratio,0.05,0.13799119095758397,0.12907893973904438,0.125,92
he_jitter,erm,True,0.1250674471667098,0.12301265450805741,0.015132113169118697,0.005993037575516474,0.034317319897090186,0.03910574785165413,-0.7674241842702486,1,0.25,ratio,0.1,0.13799119095758397,0.12907893973904438,0.125,25
he_jitter,erm,True,0.1250674471667098,0.12301265450805741,0.015132113169118697,0.005993037575516474,0.034317319897090186,0.03910574785165413,-0.7674241842702486,1,0.25,ratio,0.2,0.13799119095758397,0.12907893973904438,0.125,8
he_jitter,erm,True,0.1250674471667098,0.12301265450805741,0.015132113169118697,0.005993037575516474,0.034317319897090186,0.03910574785165413,-0.7674241842702486,1,0.25,design,0.02,0.13799119095758397,0.12907893973904438,0.125,
he_jitter,erm,True,0.1250674471667098,0.12301265450805741,0.015132113169118697,0.005993037575516474,0.034317319897090186,0.03910574785165413,-0.7674241842702486,1,0.25,design,0.05,0.13799119095758397,0.12907893973904438,0.125,
he_jitter,erm,True,0.1250674471667098,0.12301265450805741,0.015132113169118697,0.005993037575516474,0.034317319897090186,0.03910574785165413,-0.7674241842702486,1,0.25,design,0.1,0.13799119095758397,0.12907893973904438,0.125,
he_jitter,erm,True,0.1250674471667098,0.12301265450805741,0.015132113169118697,0.005993037575516474,0.034317319897090186,0.03910574785165413,-0.7674241842702486,1,0.25,design,0.2,0.13799119095758397,0.12907893973904438,0.125,44
he_jitter,erm,True,0.1250674471667098,0.12301265450805741,0.015132113169118697,0.005993037575516474,0.034317319897090186,0.03910574785165413,-0.7674241842702486,1,0.5,ratio,0.02,0.1490475212100975,0.12907893973904438,0.25,874
he_jitter,erm,True,0.1250674471667098,0.12301265450805741,0.015132113169118697,0.005993037575516474,0.034317319897090186,0.03910574785165413,-0.7674241842702486,1,0.5,ratio,0.05,0.1490475212100975,0.12907893973904438,0.25,142
he_jitter,erm,True,0.1250674471667098,0.12301265450805741,0.015132113169118697,0.005993037575516474,0.034317319897090186,0.03910574785165413,-0.7674241842702486,1,0.5,ratio,0.1,0.1490475212100975,0.12907893973904438,0.25,37
he_jitter,erm,True,0.1250674471667098,0.12301265450805741,0.015132113169118697,0.005993037575516474,0.034317319897090186,0.03910574785165413,-0.7674241842702486,1,0.5,ratio,0.2,0.1490475212100975,0.12907893973904438,0.25,11
he_jitter,erm,True,0.1250674471667098,0.12301265450805741,0.015132113169118697,0.005993037575516474,0.034317319897090186,0.03910574785165413,-0.7674241842702486,1,0.5,design,0.02,0.1490475212100975,0.12907893973904438,0.25,
he_jitter,erm,True,0.1250674471667098,0.12301265450805741,0.015132113169118697,0.005993037575516474,0.034317319897090186,0.03910574785165413,-0.7674241842702486,1,0.5,design,0.05,0.1490475212100975,0.12907893973904438,0.25,
he_jitter,erm,True,0.1250674471667098,0.12301265450805741,0.015132113169118697,0.005993037575516474,0.034317319897090186,0.03910574785165413,-0.7674241842702486,1,0.5,design,0.1,0.1490475212100975,0.12907893973904438,0.25,
he_jitter,erm,True,0.1250674471667098,0.12301265450805741,0.015132113169118697,0.005993037575516474,0.034317319897090186,0.03910574785165413,-0.7674241842702486,1,0.5,design,0.2,0.1490475212100975,0.12907893973904438,0.25,
he_jitter,erm,True,0.1250674471667098,0.12301265450805741,0.015132113169118697,0.005993037575516474,0.034317319897090186,0.03910574785165413,-0.7674241842702486,3,0.0,none,0.02,0.1250674471667098,0.1250674471667098,0.0,309
he_jitter,erm,True,0.1250674471667098,0.12301265450805741,0.015132113169118697,0.005993037575516474,0.034317319897090186,0.03910574785165413,-0.7674241842702486,3,0.0,none,0.05,0.1250674471667098,0.1250674471667098,0.0,52
he_jitter,erm,True,0.1250674471667098,0.12301265450805741,0.015132113169118697,0.005993037575516474,0.034317319897090186,0.03910574785165413,-0.7674241842702486,3,0.0,none,0.1,0.1250674471667098,0.1250674471667098,0.0,15
he_jitter,erm,True,0.1250674471667098,0.12301265450805741,0.015132113169118697,0.005993037575516474,0.034317319897090186,0.03910574785165413,-0.7674241842702486,3,0.0,none,0.2,0.1250674471667098,0.1250674471667098,0.0,6
he_jitter,erm,True,0.1250674471667098,0.12301265450805741,0.015132113169118697,0.005993037575516474,0.034317319897090186,0.03910574785165413,-0.7674241842702486,3,0.25,ratio,0.02,0.13370272501036554,0.1250674471667098,0.125,529
he_jitter,erm,True,0.1250674471667098,0.12301265450805741,0.015132113169118697,0.005993037575516474,0.034317319897090186,0.03910574785165413,-0.7674241842702486,3,0.25,ratio,0.05,0.13370272501036554,0.1250674471667098,0.125,87
he_jitter,erm,True,0.1250674471667098,0.12301265450805741,0.015132113169118697,0.005993037575516474,0.034317319897090186,0.03910574785165413,-0.7674241842702486,3,0.25,ratio,0.1,0.13370272501036554,0.1250674471667098,0.125,24
he_jitter,erm,True,0.1250674471667098,0.12301265450805741,0.015132113169118697,0.005993037575516474,0.034317319897090186,0.03910574785165413,-0.7674241842702486,3,0.25,ratio,0.2,0.13370272501036554,0.1250674471667098,0.125,8
he_jitter,erm,True,0.1250674471667098,0.12301265450805741,0.015132113169118697,0.005993037575516474,0.034317319897090186,0.03910574785165413,-0.7674241842702486,3,0.25,design,0.02,0.13370272501036554,0.1250674471667098,0.125,
he_jitter,erm,True,0.1250674471667098,0.12301265450805741,0.015132113169118697,0.005993037575516474,0.034317319897090186,0.03910574785165413,-0.7674241842702486,3,0.25,design,0.05,0.13370272501036554,0.1250674471667098,0.125,
he_jitter,erm,True,0.1250674471667098,0.12301265450805741,0.015132113169118697,0.005993037575516474,0.034317319897090186,0.03910574785165413,-0.7674241842702486,3,0.25,design,0.1,0.13370272501036554,0.1250674471667098,0.125,
he_jitter,erm,True,0.1250674471667098,0.12301265450805741,0.015132113169118697,0.005993037575516474,0.034317319897090186,0.03910574785165413,-0.7674241842702486,3,0.25,design,0.2,0.13370272501036554,0.1250674471667098,0.125,24
he_jitter,erm,True,0.1250674471667098,0.12301265450805741,0.015132113169118697,0.005993037575516474,0.034317319897090186,0.03910574785165413,-0.7674241842702486,3,0.5,ratio,0.02,0.1444154485771184,0.1250674471667098,0.25,821
he_jitter,erm,True,0.1250674471667098,0.12301265450805741,0.015132113169118697,0.005993037575516474,0.034317319897090186,0.03910574785165413,-0.7674241842702486,3,0.5,ratio,0.05,0.1444154485771184,0.1250674471667098,0.25,133
he_jitter,erm,True,0.1250674471667098,0.12301265450805741,0.015132113169118697,0.005993037575516474,0.034317319897090186,0.03910574785165413,-0.7674241842702486,3,0.5,ratio,0.1,0.1444154485771184,0.1250674471667098,0.25,35
he_jitter,erm,True,0.1250674471667098,0.12301265450805741,0.015132113169118697,0.005993037575516474,0.034317319897090186,0.03910574785165413,-0.7674241842702486,3,0.5,ratio,0.2,0.1444154485771184,0.1250674471667098,0.25,11
he_jitter,erm,True,0.1250674471667098,0.12301265450805741,0.015132113169118697,0.005993037575516474,0.034317319897090186,0.03910574785165413,-0.7674241842702486,3,0.5,design,0.02,0.1444154485771184,0.1250674471667098,0.25,
he_jitter,erm,True,0.1250674471667098,0.12301265450805741,0.015132113169118697,0.005993037575516474,0.034317319897090186,0.03910574785165413,-0.7674241842702486,3,0.5,design,0.05,0.1444154485771184,0.1250674471667098,0.25,
he_jitter,erm,True,0.1250674471667098,0.12301265450805741,0.015132113169118697,0.005993037575516474,0.034317319897090186,0.03910574785165413,-0.7674241842702486,3,0.5,design,0.1,0.1444154485771184,0.1250674471667098,0.25,
he_jitter,erm,True,0.1250674471667098,0.12301265450805741,0.015132113169118697,0.005993037575516474,0.034317319897090186,0.03910574785165413,-0.7674241842702486,3,0.5,design,0.2,0.1444154485771184,0.1250674471667098,0.25,
he_jitter,erm,True,0.1250674471667098,0.12301265450805741,0.015132113169118697,0.005993037575516474,0.034317319897090186,0.03910574785165413,-0.7674241842702486,5,0.0,none,0.02,0.12424960793550267,0.12424960793550267,0.0,305
he_jitter,erm,True,0.1250674471667098,0.12301265450805741,0.015132113169118697,0.005993037575516474,0.034317319897090186,0.03910574785165413,-0.7674241842702486,5,0.0,none,0.05,0.12424960793550267,0.12424960793550267,0.0,51
he_jitter,erm,True,0.1250674471667098,0.12301265450805741,0.015132113169118697,0.005993037575516474,0.034317319897090186,0.03910574785165413,-0.7674241842702486,5,0.0,none,0.1,0.12424960793550267,0.12424960793550267,0.0,15
he_jitter,erm,True,0.1250674471667098,0.12301265450805741,0.015132113169118697,0.005993037575516474,0.034317319897090186,0.03910574785165413,-0.7674241842702486,5,0.0,none,0.2,0.12424960793550267,0.12424960793550267,0.0,6
he_jitter,erm,True,0.1250674471667098,0.12301265450805741,0.015132113169118697,0.005993037575516474,0.034317319897090186,0.03910574785165413,-0.7674241842702486,5,0.25,ratio,0.02,0.13282841809589707,0.12424960793550267,0.125,522
he_jitter,erm,True,0.1250674471667098,0.12301265450805741,0.015132113169118697,0.005993037575516474,0.034317319897090186,0.03910574785165413,-0.7674241842702486,5,0.25,ratio,0.05,0.13282841809589707,0.12424960793550267,0.125,86
he_jitter,erm,True,0.1250674471667098,0.12301265450805741,0.015132113169118697,0.005993037575516474,0.034317319897090186,0.03910574785165413,-0.7674241842702486,5,0.25,ratio,0.1,0.13282841809589707,0.12424960793550267,0.125,23
he_jitter,erm,True,0.1250674471667098,0.12301265450805741,0.015132113169118697,0.005993037575516474,0.034317319897090186,0.03910574785165413,-0.7674241842702486,5,0.25,ratio,0.2,0.13282841809589707,0.12424960793550267,0.125,8
he_jitter,erm,True,0.1250674471667098,0.12301265450805741,0.015132113169118697,0.005993037575516474,0.034317319897090186,0.03910574785165413,-0.7674241842702486,5,0.25,design,0.02,0.13282841809589707,0.12424960793550267,0.125,
he_jitter,erm,True,0.1250674471667098,0.12301265450805741,0.015132113169118697,0.005993037575516474,0.034317319897090186,0.03910574785165413,-0.7674241842702486,5,0.25,design,0.05,0.13282841809589707,0.12424960793550267,0.125,
he_jitter,erm,True,0.1250674471667098,0.12301265450805741,0.015132113169118697,0.005993037575516474,0.034317319897090186,0.03910574785165413,-0.7674241842702486,5,0.25,design,0.1,0.13282841809589707,0.12424960793550267,0.125,
he_jitter,erm,True,0.1250674471667098,0.12301265450805741,0.015132113169118697,0.005993037575516474,0.034317319897090186,0.03910574785165413,-0.7674241842702486,5,0.25,design,0.2,0.13282841809589707,0.12424960793550267,0.125,22
he_jitter,erm,True,0.1250674471667098,0.12301265450805741,0.015132113169118697,0.005993037575516474,0.034317319897090186,0.03910574785165413,-0.7674241842702486,5,0.5,ratio,0.02,0.14347108917653587,0.12424960793550267,0.25,810
he_jitter,erm,True,0.1250674471667098,0.12301265450805741,0.015132113169118697,0.005993037575516474,0.034317319897090186,0.03910574785165413,-0.7674241842702486,5,0.5,ratio,0.05,0.14347108917653587,0.12424960793550267,0.25,132
he_jitter,erm,True,0.1250674471667098,0.12301265450805741,0.015132113169118697,0.005993037575516474,0.034317319897090186,0.03910574785165413,-0.7674241842702486,5,0.5,ratio,0.1,0.14347108917653587,0.12424960793550267,0.25,35
he_jitter,erm,True,0.1250674471667098,0.12301265450805741,0.015132113169118697,0.005993037575516474,0.034317319897090186,0.03910574785165413,-0.7674241842702486,5,0.5,ratio,0.2,0.14347108917653587,0.12424960793550267,0.25,11
he_jitter,erm,True,0.1250674471667098,0.12301265450805741,0.015132113169118697,0.005993037575516474,0.034317319897090186,0.03910574785165413,-0.7674241842702486,5,0.5,design,0.02,0.14347108917653587,0.12424960793550267,0.25,
he_jitter,erm,True,0.1250674471667098,0.12301265450805741,0.015132113169118697,0.005993037575516474,0.034317319897090186,0.03910574785165413,-0.7674241842702486,5,0.5,design,0.05,0.14347108917653587,0.12424960793550267,0.25,
he_jitter,erm,True,0.1250674471667098,0.12301265450805741,0.015132113169118697,0.005993037575516474,0.034317319897090186,0.03910574785165413,-0.7674241842702486,5,0.5,design,0.1,0.14347108917653587,0.12424960793550267,0.25,
he_jitter,erm,True,0.1250674471667098,0.12301265450805741,0.015132113169118697,0.005993037575516474,0.034317319897090186,0.03910574785165413,-0.7674241842702486,5,0.5,design,0.2,0.14347108917653587,0.12424960793550267,0.25,
he_jitter,erm,True,0.1250674471667098,0.12301265450805741,0.015132113169118697,0.005993037575516474,0.034317319897090186,0.03910574785165413,-0.7674241842702486,10,0.0,none,0.02,0.12363267820694661,0.12363267820694661,0.0,302
he_jitter,erm,True,0.1250674471667098,0.12301265450805741,0.015132113169118697,0.005993037575516474,0.034317319897090186,0.03910574785165413,-0.7674241842702486,10,0.0,none,0.05,0.12363267820694661,0.12363267820694661,0.0,50
he_jitter,erm,True,0.1250674471667098,0.12301265450805741,0.015132113169118697,0.005993037575516474,0.034317319897090186,0.03910574785165413,-0.7674241842702486,10,0.0,none,0.1,0.12363267820694661,0.12363267820694661,0.0,15
he_jitter,erm,True,0.1250674471667098,0.12301265450805741,0.015132113169118697,0.005993037575516474,0.034317319897090186,0.03910574785165413,-0.7674241842702486,10,0.0,none,0.2,0.12363267820694661,0.12363267820694661,0.0,6
he_jitter,erm,True,0.1250674471667098,0.12301265450805741,0.015132113169118697,0.005993037575516474,0.034317319897090186,0.03910574785165413,-0.7674241842702486,10,0.25,ratio,0.02,0.1321688924741907,0.12363267820694661,0.125,517
he_jitter,erm,True,0.1250674471667098,0.12301265450805741,0.015132113169118697,0.005993037575516474,0.034317319897090186,0.03910574785165413,-0.7674241842702486,10,0.25,ratio,0.05,0.1321688924741907,0.12363267820694661,0.125,85
he_jitter,erm,True,0.1250674471667098,0.12301265450805741,0.015132113169118697,0.005993037575516474,0.034317319897090186,0.03910574785165413,-0.7674241842702486,10,0.25,ratio,0.1,0.1321688924741907,0.12363267820694661,0.125,23
he_jitter,erm,True,0.1250674471667098,0.12301265450805741,0.015132113169118697,0.005993037575516474,0.034317319897090186,0.03910574785165413,-0.7674241842702486,10,0.25,ratio,0.2,0.1321688924741907,0.12363267820694661,0.125,8
he_jitter,erm,True,0.1250674471667098,0.12301265450805741,0.015132113169118697,0.005993037575516474,0.034317319897090186,0.03910574785165413,-0.7674241842702486,10,0.25,design,0.02,0.1321688924741907,0.12363267820694661,0.125,
he_jitter,erm,True,0.1250674471667098,0.12301265450805741,0.015132113169118697,0.005993037575516474,0.034317319897090186,0.03910574785165413,-0.7674241842702486,10,0.25,design,0.05,0.1321688924741907,0.12363267820694661,0.125,
he_jitter,erm,True,0.1250674471667098,0.12301265450805741,0.015132113169118697,0.005993037575516474,0.034317319897090186,0.03910574785165413,-0.7674241842702486,10,0.25,design,0.1,0.1321688924741907,0.12363267820694661,0.125,
he_jitter,erm,True,0.1250674471667098,0.12301265450805741,0.015132113169118697,0.005993037575516474,0.034317319897090186,0.03910574785165413,-0.7674241842702486,10,0.25,design,0.2,0.1321688924741907,0.12363267820694661,0.125,21
he_jitter,erm,True,0.1250674471667098,0.12301265450805741,0.015132113169118697,0.005993037575516474,0.034317319897090186,0.03910574785165413,-0.7674241842702486,10,0.5,ratio,0.02,0.14275872008683002,0.12363267820694661,0.25,802
he_jitter,erm,True,0.1250674471667098,0.12301265450805741,0.015132113169118697,0.005993037575516474,0.034317319897090186,0.03910574785165413,-0.7674241842702486,10,0.5,ratio,0.05,0.14275872008683002,0.12363267820694661,0.25,130
he_jitter,erm,True,0.1250674471667098,0.12301265450805741,0.015132113169118697,0.005993037575516474,0.034317319897090186,0.03910574785165413,-0.7674241842702486,10,0.5,ratio,0.1,0.14275872008683002,0.12363267820694661,0.25,34
he_jitter,erm,True,0.1250674471667098,0.12301265450805741,0.015132113169118697,0.005993037575516474,0.034317319897090186,0.03910574785165413,-0.7674241842702486,10,0.5,ratio,0.2,0.14275872008683002,0.12363267820694661,0.25,11
he_jitter,erm,True,0.1250674471667098,0.12301265450805741,0.015132113169118697,0.005993037575516474,0.034317319897090186,0.03910574785165413,-0.7674241842702486,10,0.5,design,0.02,0.14275872008683002,0.12363267820694661,0.25,
he_jitter,erm,True,0.1250674471667098,0.12301265450805741,0.015132113169118697,0.005993037575516474,0.034317319897090186,0.03910574785165413,-0.7674241842702486,10,0.5,design,0.05,0.14275872008683002,0.12363267820694661,0.25,
he_jitter,erm,True,0.1250674471667098,0.12301265450805741,0.015132113169118697,0.005993037575516474,0.034317319897090186,0.03910574785165413,-0.7674241842702486,10,0.5,design,0.1,0.14275872008683002,0.12363267820694661,0.25,
he_jitter,erm,True,0.1250674471667098,0.12301265450805741,0.015132113169118697,0.005993037575516474,0.034317319897090186,0.03910574785165413,-0.7674241842702486,10,0.5,design,0.2,0.14275872008683002,0.12363267820694661,0.25,
he_jitter_lunit_bt,erm,True,0.14209847707903991,0.14092528332865611,0.019859935481261998,0.003792732432174513,0.034317319897090186,0.03156144991538437,0.7527026145304794,1,0.0,none,0.02,0.14441627540559032,0.14441627540559032,0.0,412
he_jitter_lunit_bt,erm,True,0.14209847707903991,0.14092528332865611,0.019859935481261998,0.003792732432174513,0.034317319897090186,0.03156144991538437,0.7527026145304794,1,0.0,none,0.05,0.14441627540559032,0.14441627540559032,0.0,68
he_jitter_lunit_bt,erm,True,0.14209847707903991,0.14092528332865611,0.019859935481261998,0.003792732432174513,0.034317319897090186,0.03156144991538437,0.7527026145304794,1,0.0,none,0.1,0.14441627540559032,0.14441627540559032,0.0,19
he_jitter_lunit_bt,erm,True,0.14209847707903991,0.14092528332865611,0.019859935481261998,0.003792732432174513,0.034317319897090186,0.03156144991538437,0.7527026145304794,1,0.0,none,0.2,0.14441627540559032,0.14441627540559032,0.0,7
he_jitter_lunit_bt,erm,True,0.14209847707903991,0.14092528332865611,0.019859935481261998,0.003792732432174513,0.034317319897090186,0.03156144991538437,0.7527026145304794,1,0.25,ratio,0.02,0.1543874924690591,0.14441627540559032,0.125,704
he_jitter_lunit_bt,erm,True,0.14209847707903991,0.14092528332865611,0.019859935481261998,0.003792732432174513,0.034317319897090186,0.03156144991538437,0.7527026145304794,1,0.25,ratio,0.05,0.1543874924690591,0.14441627540559032,0.125,115
he_jitter_lunit_bt,erm,True,0.14209847707903991,0.14092528332865611,0.019859935481261998,0.003792732432174513,0.034317319897090186,0.03156144991538437,0.7527026145304794,1,0.25,ratio,0.1,0.1543874924690591,0.14441627540559032,0.125,31
he_jitter_lunit_bt,erm,True,0.14209847707903991,0.14092528332865611,0.019859935481261998,0.003792732432174513,0.034317319897090186,0.03156144991538437,0.7527026145304794,1,0.25,ratio,0.2,0.1543874924690591,0.14441627540559032,0.125,10
he_jitter_lunit_bt,erm,True,0.14209847707903991,0.14092528332865611,0.019859935481261998,0.003792732432174513,0.034317319897090186,0.03156144991538437,0.7527026145304794,1,0.25,design,0.02,0.1543874924690591,0.14441627540559032,0.125,
he_jitter_lunit_bt,erm,True,0.14209847707903991,0.14092528332865611,0.019859935481261998,0.003792732432174513,0.034317319897090186,0.03156144991538437,0.7527026145304794,1,0.25,design,0.05,0.1543874924690591,0.14441627540559032,0.125,
he_jitter_lunit_bt,erm,True,0.14209847707903991,0.14092528332865611,0.019859935481261998,0.003792732432174513,0.034317319897090186,0.03156144991538437,0.7527026145304794,1,0.25,design,0.1,0.1543874924690591,0.14441627540559032,0.125,
he_jitter_lunit_bt,erm,True,0.14209847707903991,0.14092528332865611,0.019859935481261998,0.003792732432174513,0.034317319897090186,0.03156144991538437,0.7527026145304794,1,0.25,design,0.2,0.1543874924690591,0.14441627540559032,0.125,
he_jitter_lunit_bt,erm,True,0.14209847707903991,0.14092528332865611,0.019859935481261998,0.003792732432174513,0.034317319897090186,0.03156144991538437,0.7527026145304794,1,0.5,ratio,0.02,0.16675755096156142,0.14441627540559032,0.25,
he_jitter_lunit_bt,erm,True,0.14209847707903991,0.14092528332865611,0.019859935481261998,0.003792732432174513,0.034317319897090186,0.03156144991538437,0.7527026145304794,1,0.5,ratio,0.05,0.16675755096156142,0.14441627540559032,0.25,177
he_jitter_lunit_bt,erm,True,0.14209847707903991,0.14092528332865611,0.019859935481261998,0.003792732432174513,0.034317319897090186,0.03156144991538437,0.7527026145304794,1,0.5,ratio,0.1,0.16675755096156142,0.14441627540559032,0.25,46
he_jitter_lunit_bt,erm,True,0.14209847707903991,0.14092528332865611,0.019859935481261998,0.003792732432174513,0.034317319897090186,0.03156144991538437,0.7527026145304794,1,0.5,ratio,0.2,0.16675755096156142,0.14441627540559032,0.25,13
he_jitter_lunit_bt,erm,True,0.14209847707903991,0.14092528332865611,0.019859935481261998,0.003792732432174513,0.034317319897090186,0.03156144991538437,0.7527026145304794,1,0.5,design,0.02,0.16675755096156142,0.14441627540559032,0.25,
he_jitter_lunit_bt,erm,True,0.14209847707903991,0.14092528332865611,0.019859935481261998,0.003792732432174513,0.034317319897090186,0.03156144991538437,0.7527026145304794,1,0.5,design,0.05,0.16675755096156142,0.14441627540559032,0.25,
he_jitter_lunit_bt,erm,True,0.14209847707903991,0.14092528332865611,0.019859935481261998,0.003792732432174513,0.034317319897090186,0.03156144991538437,0.7527026145304794,1,0.5,design,0.1,0.16675755096156142,0.14441627540559032,0.25,
he_jitter_lunit_bt,erm,True,0.14209847707903991,0.14092528332865611,0.019859935481261998,0.003792732432174513,0.034317319897090186,0.03156144991538437,0.7527026145304794,1,0.5,design,0.2,0.16675755096156142,0.14441627540559032,0.25,
he_jitter_lunit_bt,erm,True,0.14209847707903991,0.14092528332865611,0.019859935481261998,0.003792732432174513,0.034317319897090186,0.03156144991538437,0.7527026145304794,3,0.0,none,0.02,0.14209847707903991,0.14209847707903991,0.0,399
he_jitter_lunit_bt,erm,True,0.14209847707903991,0.14092528332865611,0.019859935481261998,0.003792732432174513,0.034317319897090186,0.03156144991538437,0.7527026145304794,3,0.0,none,0.05,0.14209847707903991,0.14209847707903991,0.0,66
he_jitter_lunit_bt,erm,True,0.14209847707903991,0.14092528332865611,0.019859935481261998,0.003792732432174513,0.034317319897090186,0.03156144991538437,0.7527026145304794,3,0.0,none,0.1,0.14209847707903991,0.14209847707903991,0.0,18
he_jitter_lunit_bt,erm,True,0.14209847707903991,0.14092528332865611,0.019859935481261998,0.003792732432174513,0.034317319897090186,0.03156144991538437,0.7527026145304794,3,0.0,none,0.2,0.14209847707903991,0.14209847707903991,0.0,7
he_jitter_lunit_bt,erm,True,0.14209847707903991,0.14092528332865611,0.019859935481261998,0.003792732432174513,0.034317319897090186,0.03156144991538437,0.7527026145304794,3,0.25,ratio,0.02,0.15190966183203353,0.14209847707903991,0.125,682
he_jitter_lunit_bt,erm,True,0.14209847707903991,0.14092528332865611,0.019859935481261998,0.003792732432174513,0.034317319897090186,0.03156144991538437,0.7527026145304794,3,0.25,ratio,0.05,0.15190966183203353,0.14209847707903991,0.125,111
he_jitter_lunit_bt,erm,True,0.14209847707903991,0.14092528332865611,0.019859935481261998,0.003792732432174513,0.034317319897090186,0.03156144991538437,0.7527026145304794,3,0.25,ratio,0.1,0.15190966183203353,0.14209847707903991,0.125,30
he_jitter_lunit_bt,erm,True,0.14209847707903991,0.14092528332865611,0.019859935481261998,0.003792732432174513,0.034317319897090186,0.03156144991538437,0.7527026145304794,3,0.25,ratio,0.2,0.15190966183203353,0.14209847707903991,0.125,9
he_jitter_lunit_bt,erm,True,0.14209847707903991,0.14092528332865611,0.019859935481261998,0.003792732432174513,0.034317319897090186,0.03156144991538437,0.7527026145304794,3,0.25,design,0.02,0.15190966183203353,0.14209847707903991,0.125,
he_jitter_lunit_bt,erm,True,0.14209847707903991,0.14092528332865611,0.019859935481261998,0.003792732432174513,0.034317319897090186,0.03156144991538437,0.7527026145304794,3,0.25,design,0.05,0.15190966183203353,0.14209847707903991,0.125,
he_jitter_lunit_bt,erm,True,0.14209847707903991,0.14092528332865611,0.019859935481261998,0.003792732432174513,0.034317319897090186,0.03156144991538437,0.7527026145304794,3,0.25,design,0.1,0.15190966183203353,0.14209847707903991,0.125,
he_jitter_lunit_bt,erm,True,0.14209847707903991,0.14092528332865611,0.019859935481261998,0.003792732432174513,0.034317319897090186,0.03156144991538437,0.7527026145304794,3,0.25,design,0.2,0.15190966183203353,0.14209847707903991,0.125,
he_jitter_lunit_bt,erm,True,0.14209847707903991,0.14092528332865611,0.019859935481261998,0.003792732432174513,0.034317319897090186,0.03156144991538437,0.7527026145304794,3,0.5,ratio,0.02,0.16408118798603913,0.14209847707903991,0.25,
he_jitter_lunit_bt,erm,True,0.14209847707903991,0.14092528332865611,0.019859935481261998,0.003792732432174513,0.034317319897090186,0.03156144991538437,0.7527026145304794,3,0.5,ratio,0.05,0.16408118798603913,0.14209847707903991,0.25,171
he_jitter_lunit_bt,erm,True,0.14209847707903991,0.14092528332865611,0.019859935481261998,0.003792732432174513,0.034317319897090186,0.03156144991538437,0.7527026145304794,3,0.5,ratio,0.1,0.16408118798603913,0.14209847707903991,0.25,45
he_jitter_lunit_bt,erm,True,0.14209847707903991,0.14092528332865611,0.019859935481261998,0.003792732432174513,0.034317319897090186,0.03156144991538437,0.7527026145304794,3,0.5,ratio,0.2,0.16408118798603913,0.14209847707903991,0.25,13
he_jitter_lunit_bt,erm,True,0.14209847707903991,0.14092528332865611,0.019859935481261998,0.003792732432174513,0.034317319897090186,0.03156144991538437,0.7527026145304794,3,0.5,design,0.02,0.16408118798603913,0.14209847707903991,0.25,
he_jitter_lunit_bt,erm,True,0.14209847707903991,0.14092528332865611,0.019859935481261998,0.003792732432174513,0.034317319897090186,0.03156144991538437,0.7527026145304794,3,0.5,design,0.05,0.16408118798603913,0.14209847707903991,0.25,
he_jitter_lunit_bt,erm,True,0.14209847707903991,0.14092528332865611,0.019859935481261998,0.003792732432174513,0.034317319897090186,0.03156144991538437,0.7527026145304794,3,0.5,design,0.1,0.16408118798603913,0.14209847707903991,0.25,
he_jitter_lunit_bt,erm,True,0.14209847707903991,0.14092528332865611,0.019859935481261998,0.003792732432174513,0.034317319897090186,0.03156144991538437,0.7527026145304794,3,0.5,design,0.2,0.16408118798603913,0.14209847707903991,0.25,
he_jitter_lunit_bt,erm,True,0.14209847707903991,0.14092528332865611,0.019859935481261998,0.003792732432174513,0.034317319897090186,0.03156144991538437,0.7527026145304794,5,0.0,none,0.02,0.1416303657603632,0.1416303657603632,0.0,396
he_jitter_lunit_bt,erm,True,0.14209847707903991,0.14092528332865611,0.019859935481261998,0.003792732432174513,0.034317319897090186,0.03156144991538437,0.7527026145304794,5,0.0,none,0.05,0.1416303657603632,0.1416303657603632,0.0,65
he_jitter_lunit_bt,erm,True,0.14209847707903991,0.14092528332865611,0.019859935481261998,0.003792732432174513,0.034317319897090186,0.03156144991538437,0.7527026145304794,5,0.0,none,0.1,0.1416303657603632,0.1416303657603632,0.0,18
he_jitter_lunit_bt,erm,True,0.14209847707903991,0.14092528332865611,0.019859935481261998,0.003792732432174513,0.034317319897090186,0.03156144991538437,0.7527026145304794,5,0.0,none,0.2,0.1416303657603632,0.1416303657603632,0.0,7
he_jitter_lunit_bt,erm,True,0.14209847707903991,0.14092528332865611,0.019859935481261998,0.003792732432174513,0.034317319897090186,0.03156144991538437,0.7527026145304794,5,0.25,ratio,0.02,0.15140922978250232,0.1416303657603632,0.125,677
he_jitter_lunit_bt,erm,True,0.14209847707903991,0.14092528332865611,0.019859935481261998,0.003792732432174513,0.034317319897090186,0.03156144991538437,0.7527026145304794,5,0.25,ratio,0.05,0.15140922978250232,0.1416303657603632,0.125,110
he_jitter_lunit_bt,erm,True,0.14209847707903991,0.14092528332865611,0.019859935481261998,0.003792732432174513,0.034317319897090186,0.03156144991538437,0.7527026145304794,5,0.25,ratio,0.1,0.15140922978250232,0.1416303657603632,0.125,29
he_jitter_lunit_bt,erm,True,0.14209847707903991,0.14092528332865611,0.019859935481261998,0.003792732432174513,0.034317319897090186,0.03156144991538437,0.7527026145304794,5,0.25,ratio,0.2,0.15140922978250232,0.1416303657603632,0.125,9
he_jitter_lunit_bt,erm,True,0.14209847707903991,0.14092528332865611,0.019859935481261998,0.003792732432174513,0.034317319897090186,0.03156144991538437,0.7527026145304794,5,0.25,design,0.02,0.15140922978250232,0.1416303657603632,0.125,
he_jitter_lunit_bt,erm,True,0.14209847707903991,0.14092528332865611,0.019859935481261998,0.003792732432174513,0.034317319897090186,0.03156144991538437,0.7527026145304794,5,0.25,design,0.05,0.15140922978250232,0.1416303657603632,0.125,
he_jitter_lunit_bt,erm,True,0.14209847707903991,0.14092528332865611,0.019859935481261998,0.003792732432174513,0.034317319897090186,0.03156144991538437,0.7527026145304794,5,0.25,design,0.1,0.15140922978250232,0.1416303657603632,0.125,
he_jitter_lunit_bt,erm,True,0.14209847707903991,0.14092528332865611,0.019859935481261998,0.003792732432174513,0.034317319897090186,0.03156144991538437,0.7527026145304794,5,0.25,design,0.2,0.15140922978250232,0.1416303657603632,0.125,
he_jitter_lunit_bt,erm,True,0.14209847707903991,0.14092528332865611,0.019859935481261998,0.003792732432174513,0.034317319897090186,0.03156144991538437,0.7527026145304794,5,0.5,ratio,0.02,0.1635406595943417,0.1416303657603632,0.25,
he_jitter_lunit_bt,erm,True,0.14209847707903991,0.14092528332865611,0.019859935481261998,0.003792732432174513,0.034317319897090186,0.03156144991538437,0.7527026145304794,5,0.5,ratio,0.05,0.1635406595943417,0.1416303657603632,0.25,170
he_jitter_lunit_bt,erm,True,0.14209847707903991,0.14092528332865611,0.019859935481261998,0.003792732432174513,0.034317319897090186,0.03156144991538437,0.7527026145304794,5,0.5,ratio,0.1,0.1635406595943417,0.1416303657603632,0.25,44
he_jitter_lunit_bt,erm,True,0.14209847707903991,0.14092528332865611,0.019859935481261998,0.003792732432174513,0.034317319897090186,0.03156144991538437,0.7527026145304794,5,0.5,ratio,0.2,0.1635406595943417,0.1416303657603632,0.25,13
he_jitter_lunit_bt,erm,True,0.14209847707903991,0.14092528332865611,0.019859935481261998,0.003792732432174513,0.034317319897090186,0.03156144991538437,0.7527026145304794,5,0.5,design,0.02,0.1635406595943417,0.1416303657603632,0.25,
he_jitter_lunit_bt,erm,True,0.14209847707903991,0.14092528332865611,0.019859935481261998,0.003792732432174513,0.034317319897090186,0.03156144991538437,0.7527026145304794,5,0.5,design,0.05,0.1635406595943417,0.1416303657603632,0.25,
he_jitter_lunit_bt,erm,True,0.14209847707903991,0.14092528332865611,0.019859935481261998,0.003792732432174513,0.034317319897090186,0.03156144991538437,0.7527026145304794,5,0.5,design,0.1,0.1635406595943417,0.1416303657603632,0.25,
he_jitter_lunit_bt,erm,True,0.14209847707903991,0.14092528332865611,0.019859935481261998,0.003792732432174513,0.034317319897090186,0.03156144991538437,0.7527026145304794,5,0.5,design,0.2,0.1635406595943417,0.1416303657603632,0.25,
he_jitter_lunit_bt,erm,True,0.14209847707903991,0.14092528332865611,0.019859935481261998,0.003792732432174513,0.034317319897090186,0.03156144991538437,0.7527026145304794,10,0.0,none,0.02,0.14127826440517355,0.14127826440517355,0.0,394
he_jitter_lunit_bt,erm,True,0.14209847707903991,0.14092528332865611,0.019859935481261998,0.003792732432174513,0.034317319897090186,0.03156144991538437,0.7527026145304794,10,0.0,none,0.05,0.14127826440517355,0.14127826440517355,0.0,65
he_jitter_lunit_bt,erm,True,0.14209847707903991,0.14092528332865611,0.019859935481261998,0.003792732432174513,0.034317319897090186,0.03156144991538437,0.7527026145304794,10,0.0,none,0.1,0.14127826440517355,0.14127826440517355,0.0,18
he_jitter_lunit_bt,erm,True,0.14209847707903991,0.14092528332865611,0.019859935481261998,0.003792732432174513,0.034317319897090186,0.03156144991538437,0.7527026145304794,10,0.0,none,0.2,0.14127826440517355,0.14127826440517355,0.0,7
he_jitter_lunit_bt,erm,True,0.14209847707903991,0.14092528332865611,0.019859935481261998,0.003792732432174513,0.034317319897090186,0.03156144991538437,0.7527026145304794,10,0.25,ratio,0.02,0.15103281760063417,0.14127826440517355,0.125,674
he_jitter_lunit_bt,erm,True,0.14209847707903991,0.14092528332865611,0.019859935481261998,0.003792732432174513,0.034317319897090186,0.03156144991538437,0.7527026145304794,10,0.25,ratio,0.05,0.15103281760063417,0.14127826440517355,0.125,110
he_jitter_lunit_bt,erm,True,0.14209847707903991,0.14092528332865611,0.019859935481261998,0.003792732432174513,0.034317319897090186,0.03156144991538437,0.7527026145304794,10,0.25,ratio,0.1,0.15103281760063417,0.14127826440517355,0.125,29
he_jitter_lunit_bt,erm,True,0.14209847707903991,0.14092528332865611,0.019859935481261998,0.003792732432174513,0.034317319897090186,0.03156144991538437,0.7527026145304794,10,0.25,ratio,0.2,0.15103281760063417,0.14127826440517355,0.125,9
he_jitter_lunit_bt,erm,True,0.14209847707903991,0.14092528332865611,0.019859935481261998,0.003792732432174513,0.034317319897090186,0.03156144991538437,0.7527026145304794,10,0.25,design,0.02,0.15103281760063417,0.14127826440517355,0.125,
he_jitter_lunit_bt,erm,True,0.14209847707903991,0.14092528332865611,0.019859935481261998,0.003792732432174513,0.034317319897090186,0.03156144991538437,0.7527026145304794,10,0.25,design,0.05,0.15103281760063417,0.14127826440517355,0.125,
he_jitter_lunit_bt,erm,True,0.14209847707903991,0.14092528332865611,0.019859935481261998,0.003792732432174513,0.034317319897090186,0.03156144991538437,0.7527026145304794,10,0.25,design,0.1,0.15103281760063417,0.14127826440517355,0.125,
he_jitter_lunit_bt,erm,True,0.14209847707903991,0.14092528332865611,0.019859935481261998,0.003792732432174513,0.034317319897090186,0.03156144991538437,0.7527026145304794,10,0.25,design,0.2,0.15103281760063417,0.14127826440517355,0.125,
he_jitter_lunit_bt,erm,True,0.14209847707903991,0.14092528332865611,0.019859935481261998,0.003792732432174513,0.034317319897090186,0.03156144991538437,0.7527026145304794,10,0.5,ratio,0.02,0.16313408796994017,0.14127826440517355,0.25,
he_jitter_lunit_bt,erm,True,0.14209847707903991,0.14092528332865611,0.019859935481261998,0.003792732432174513,0.034317319897090186,0.03156144991538437,0.7527026145304794,10,0.5,ratio,0.05,0.16313408796994017,0.14127826440517355,0.25,170
he_jitter_lunit_bt,erm,True,0.14209847707903991,0.14092528332865611,0.019859935481261998,0.003792732432174513,0.034317319897090186,0.03156144991538437,0.7527026145304794,10,0.5,ratio,0.1,0.16313408796994017,0.14127826440517355,0.25,44
he_jitter_lunit_bt,erm,True,0.14209847707903991,0.14092528332865611,0.019859935481261998,0.003792732432174513,0.034317319897090186,0.03156144991538437,0.7527026145304794,10,0.5,ratio,0.2,0.16313408796994017,0.14127826440517355,0.25,13
he_jitter_lunit_bt,erm,True,0.14209847707903991,0.14092528332865611,0.019859935481261998,0.003792732432174513,0.034317319897090186,0.03156144991538437,0.7527026145304794,10,0.5,design,0.02,0.16313408796994017,0.14127826440517355,0.25,
he_jitter_lunit_bt,erm,True,0.14209847707903991,0.14092528332865611,0.019859935481261998,0.003792732432174513,0.034317319897090186,0.03156144991538437,0.7527026145304794,10,0.5,design,0.05,0.16313408796994017,0.14127826440517355,0.25,
he_jitter_lunit_bt,erm,True,0.14209847707903991,0.14092528332865611,0.019859935481261998,0.003792732432174513,0.034317319897090186,0.03156144991538437,0.7527026145304794,10,0.5,design,0.1,0.16313408796994017,0.14127826440517355,0.25,
he_jitter_lunit_bt,erm,True,0.14209847707903991,0.14092528332865611,0.019859935481261998,0.003792732432174513,0.034317319897090186,0.03156144991538437,0.7527026145304794,10,0.5,design,0.2,0.16313408796994017,0.14127826440517355,0.25,
he_jitter_lunit_dino,erm,True,0.12382763591557026,0.12185232823532305,0.014847989896368905,0.006407855313748248,0.034317319897090186,0.03815600293807466,-0.5392020280397699,1,0.0,none,0.02,0.12768661032613898,0.12768661032613898,0.0,322
he_jitter_lunit_dino,erm,True,0.12382763591557026,0.12185232823532305,0.014847989896368905,0.006407855313748248,0.034317319897090186,0.03815600293807466,-0.5392020280397699,1,0.0,none,0.05,0.12768661032613898,0.12768661032613898,0.0,54
he_jitter_lunit_dino,erm,True,0.12382763591557026,0.12185232823532305,0.014847989896368905,0.006407855313748248,0.034317319897090186,0.03815600293807466,-0.5392020280397699,1,0.0,none,0.1,0.12768661032613898,0.12768661032613898,0.0,15
he_jitter_lunit_dino,erm,True,0.12382763591557026,0.12185232823532305,0.014847989896368905,0.006407855313748248,0.034317319897090186,0.03815600293807466,-0.5392020280397699,1,0.0,none,0.2,0.12768661032613898,0.12768661032613898,0.0,6
he_jitter_lunit_dino,erm,True,0.12382763591557026,0.12185232823532305,0.014847989896368905,0.006407855313748248,0.034317319897090186,0.03815600293807466,-0.5392020280397699,1,0.25,ratio,0.02,0.1365027282054068,0.12768661032613898,0.125,551
he_jitter_lunit_dino,erm,True,0.12382763591557026,0.12185232823532305,0.014847989896368905,0.006407855313748248,0.034317319897090186,0.03815600293807466,-0.5392020280397699,1,0.25,ratio,0.05,0.1365027282054068,0.12768661032613898,0.125,90
he_jitter_lunit_dino,erm,True,0.12382763591557026,0.12185232823532305,0.014847989896368905,0.006407855313748248,0.034317319897090186,0.03815600293807466,-0.5392020280397699,1,0.25,ratio,0.1,0.1365027282054068,0.12768661032613898,0.125,24
he_jitter_lunit_dino,erm,True,0.12382763591557026,0.12185232823532305,0.014847989896368905,0.006407855313748248,0.034317319897090186,0.03815600293807466,-0.5392020280397699,1,0.25,ratio,0.2,0.1365027282054068,0.12768661032613898,0.125,8
he_jitter_lunit_dino,erm,True,0.12382763591557026,0.12185232823532305,0.014847989896368905,0.006407855313748248,0.034317319897090186,0.03815600293807466,-0.5392020280397699,1,0.25,design,0.02,0.1365027282054068,0.12768661032613898,0.125,
he_jitter_lunit_dino,erm,True,0.12382763591557026,0.12185232823532305,0.014847989896368905,0.006407855313748248,0.034317319897090186,0.03815600293807466,-0.5392020280397699,1,0.25,design,0.05,0.1365027282054068,0.12768661032613898,0.125,
he_jitter_lunit_dino,erm,True,0.12382763591557026,0.12185232823532305,0.014847989896368905,0.006407855313748248,0.034317319897090186,0.03815600293807466,-0.5392020280397699,1,0.25,design,0.1,0.1365027282054068,0.12768661032613898,0.125,
he_jitter_lunit_dino,erm,True,0.12382763591557026,0.12185232823532305,0.014847989896368905,0.006407855313748248,0.034317319897090186,0.03815600293807466,-0.5392020280397699,1,0.25,design,0.2,0.1365027282054068,0.12768661032613898,0.125,34
he_jitter_lunit_dino,erm,True,0.12382763591557026,0.12185232823532305,0.014847989896368905,0.006407855313748248,0.034317319897090186,0.03815600293807466,-0.5392020280397699,1,0.5,ratio,0.02,0.1474397976874144,0.12768661032613898,0.25,856
he_jitter_lunit_dino,erm,True,0.12382763591557026,0.12185232823532305,0.014847989896368905,0.006407855313748248,0.034317319897090186,0.03815600293807466,-0.5392020280397699,1,0.5,ratio,0.05,0.1474397976874144,0.12768661032613898,0.25,139
he_jitter_lunit_dino,erm,True,0.12382763591557026,0.12185232823532305,0.014847989896368905,0.006407855313748248,0.034317319897090186,0.03815600293807466,-0.5392020280397699,1,0.5,ratio,0.1,0.1474397976874144,0.12768661032613898,0.25,37
he_jitter_lunit_dino,erm,True,0.12382763591557026,0.12185232823532305,0.014847989896368905,0.006407855313748248,0.034317319897090186,0.03815600293807466,-0.5392020280397699,1,0.5,ratio,0.2,0.1474397976874144,0.12768661032613898,0.25,11
he_jitter_lunit_dino,erm,True,0.12382763591557026,0.12185232823532305,0.014847989896368905,0.006407855313748248,0.034317319897090186,0.03815600293807466,-0.5392020280397699,1,0.5,design,0.02,0.1474397976874144,0.12768661032613898,0.25,
he_jitter_lunit_dino,erm,True,0.12382763591557026,0.12185232823532305,0.014847989896368905,0.006407855313748248,0.034317319897090186,0.03815600293807466,-0.5392020280397699,1,0.5,design,0.05,0.1474397976874144,0.12768661032613898,0.25,
he_jitter_lunit_dino,erm,True,0.12382763591557026,0.12185232823532305,0.014847989896368905,0.006407855313748248,0.034317319897090186,0.03815600293807466,-0.5392020280397699,1,0.5,design,0.1,0.1474397976874144,0.12768661032613898,0.25,
he_jitter_lunit_dino,erm,True,0.12382763591557026,0.12185232823532305,0.014847989896368905,0.006407855313748248,0.034317319897090186,0.03815600293807466,-0.5392020280397699,1,0.5,design,0.2,0.1474397976874144,0.12768661032613898,0.25,
he_jitter_lunit_dino,erm,True,0.12382763591557026,0.12185232823532305,0.014847989896368905,0.006407855313748248,0.034317319897090186,0.03815600293807466,-0.5392020280397699,3,0.0,none,0.02,0.12382763591557026,0.12382763591557026,0.0,303
he_jitter_lunit_dino,erm,True,0.12382763591557026,0.12185232823532305,0.014847989896368905,0.006407855313748248,0.034317319897090186,0.03815600293807466,-0.5392020280397699,3,0.0,none,0.05,0.12382763591557026,0.12382763591557026,0.0,51
he_jitter_lunit_dino,erm,True,0.12382763591557026,0.12185232823532305,0.014847989896368905,0.006407855313748248,0.034317319897090186,0.03815600293807466,-0.5392020280397699,3,0.0,none,0.1,0.12382763591557026,0.12382763591557026,0.0,15
he_jitter_lunit_dino,erm,True,0.12382763591557026,0.12185232823532305,0.014847989896368905,0.006407855313748248,0.034317319897090186,0.03815600293807466,-0.5392020280397699,3,0.0,none,0.2,0.12382763591557026,0.12382763591557026,0.0,6
he_jitter_lunit_dino,erm,True,0.12382763591557026,0.12185232823532305,0.014847989896368905,0.006407855313748248,0.034317319897090186,0.03815600293807466,-0.5392020280397699,3,0.25,ratio,0.02,0.13237731103149933,0.12382763591557026,0.125,518
he_jitter_lunit_dino,erm,True,0.12382763591557026,0.12185232823532305,0.014847989896368905,0.006407855313748248,0.034317319897090186,0.03815600293807466,-0.5392020280397699,3,0.25,ratio,0.05,0.13237731103149933,0.12382763591557026,0.125,85
he_jitter_lunit_dino,erm,True,0.12382763591557026,0.12185232823532305,0.014847989896368905,0.006407855313748248,0.034317319897090186,0.03815600293807466,-0.5392020280397699,3,0.25,ratio,0.1,0.13237731103149933,0.12382763591557026,0.125,23
he_jitter_lunit_dino,erm,True,0.12382763591557026,0.12185232823532305,0.014847989896368905,0.006407855313748248,0.034317319897090186,0.03815600293807466,-0.5392020280397699,3,0.25,ratio,0.2,0.13237731103149933,0.12382763591557026,0.125,8
he_jitter_lunit_dino,erm,True,0.12382763591557026,0.12185232823532305,0.014847989896368905,0.006407855313748248,0.034317319897090186,0.03815600293807466,-0.5392020280397699,3,0.25,design,0.02,0.13237731103149933,0.12382763591557026,0.125,
he_jitter_lunit_dino,erm,True,0.12382763591557026,0.12185232823532305,0.014847989896368905,0.006407855313748248,0.034317319897090186,0.03815600293807466,-0.5392020280397699,3,0.25,design,0.05,0.13237731103149933,0.12382763591557026,0.125,
he_jitter_lunit_dino,erm,True,0.12382763591557026,0.12185232823532305,0.014847989896368905,0.006407855313748248,0.034317319897090186,0.03815600293807466,-0.5392020280397699,3,0.25,design,0.1,0.13237731103149933,0.12382763591557026,0.125,
he_jitter_lunit_dino,erm,True,0.12382763591557026,0.12185232823532305,0.014847989896368905,0.006407855313748248,0.034317319897090186,0.03815600293807466,-0.5392020280397699,3,0.25,design,0.2,0.13237731103149933,0.12382763591557026,0.125,21
he_jitter_lunit_dino,erm,True,0.12382763591557026,0.12185232823532305,0.014847989896368905,0.006407855313748248,0.034317319897090186,0.03815600293807466,-0.5392020280397699,3,0.5,ratio,0.02,0.14298383785793894,0.12382763591557026,0.25,805
he_jitter_lunit_dino,erm,True,0.12382763591557026,0.12185232823532305,0.014847989896368905,0.006407855313748248,0.034317319897090186,0.03815600293807466,-0.5392020280397699,3,0.5,ratio,0.05,0.14298383785793894,0.12382763591557026,0.25,131
he_jitter_lunit_dino,erm,True,0.12382763591557026,0.12185232823532305,0.014847989896368905,0.006407855313748248,0.034317319897090186,0.03815600293807466,-0.5392020280397699,3,0.5,ratio,0.1,0.14298383785793894,0.12382763591557026,0.25,35
he_jitter_lunit_dino,erm,True,0.12382763591557026,0.12185232823532305,0.014847989896368905,0.006407855313748248,0.034317319897090186,0.03815600293807466,-0.5392020280397699,3,0.5,ratio,0.2,0.14298383785793894,0.12382763591557026,0.25,11
he_jitter_lunit_dino,erm,True,0.12382763591557026,0.12185232823532305,0.014847989896368905,0.006407855313748248,0.034317319897090186,0.03815600293807466,-0.5392020280397699,3,0.5,design,0.02,0.14298383785793894,0.12382763591557026,0.25,
he_jitter_lunit_dino,erm,True,0.12382763591557026,0.12185232823532305,0.014847989896368905,0.006407855313748248,0.034317319897090186,0.03815600293807466,-0.5392020280397699,3,0.5,design,0.05,0.14298383785793894,0.12382763591557026,0.25,
he_jitter_lunit_dino,erm,True,0.12382763591557026,0.12185232823532305,0.014847989896368905,0.006407855313748248,0.034317319897090186,0.03815600293807466,-0.5392020280397699,3,0.5,design,0.1,0.14298383785793894,0.12382763591557026,0.25,
he_jitter_lunit_dino,erm,True,0.12382763591557026,0.12185232823532305,0.014847989896368905,0.006407855313748248,0.034317319897090186,0.03815600293807466,-0.5392020280397699,3,0.5,design,0.2,0.14298383785793894,0.12382763591557026,0.25,
he_jitter_lunit_dino,erm,True,0.12382763591557026,0.12185232823532305,0.014847989896368905,0.006407855313748248,0.034317319897090186,0.03815600293807466,-0.5392020280397699,5,0.0,none,0.02,0.12304131829759862,0.12304131829759862,0.0,299
he_jitter_lunit_dino,erm,True,0.12382763591557026,0.12185232823532305,0.014847989896368905,0.006407855313748248,0.034317319897090186,0.03815600293807466,-0.5392020280397699,5,0.0,none,0.05,0.12304131829759862,0.12304131829759862,0.0,50
he_jitter_lunit_dino,erm,True,0.12382763591557026,0.12185232823532305,0.014847989896368905,0.006407855313748248,0.034317319897090186,0.03815600293807466,-0.5392020280397699,5,0.0,none,0.1,0.12304131829759862,0.12304131829759862,0.0,14
he_jitter_lunit_dino,erm,True,0.12382763591557026,0.12185232823532305,0.014847989896368905,0.006407855313748248,0.034317319897090186,0.03815600293807466,-0.5392020280397699,5,0.0,none,0.2,0.12304131829759862,0.12304131829759862,0.0,6
he_jitter_lunit_dino,erm,True,0.12382763591557026,0.12185232823532305,0.014847989896368905,0.006407855313748248,0.034317319897090186,0.03815600293807466,-0.5392020280397699,5,0.25,ratio,0.02,0.13153670213903246,0.12304131829759862,0.125,512
he_jitter_lunit_dino,erm,True,0.12382763591557026,0.12185232823532305,0.014847989896368905,0.006407855313748248,0.034317319897090186,0.03815600293807466,-0.5392020280397699,5,0.25,ratio,0.05,0.13153670213903246,0.12304131829759862,0.125,84
he_jitter_lunit_dino,erm,True,0.12382763591557026,0.12185232823532305,0.014847989896368905,0.006407855313748248,0.034317319897090186,0.03815600293807466,-0.5392020280397699,5,0.25,ratio,0.1,0.13153670213903246,0.12304131829759862,0.125,23
he_jitter_lunit_dino,erm,True,0.12382763591557026,0.12185232823532305,0.014847989896368905,0.006407855313748248,0.034317319897090186,0.03815600293807466,-0.5392020280397699,5,0.25,ratio,0.2,0.13153670213903246,0.12304131829759862,0.125,8
he_jitter_lunit_dino,erm,True,0.12382763591557026,0.12185232823532305,0.014847989896368905,0.006407855313748248,0.034317319897090186,0.03815600293807466,-0.5392020280397699,5,0.25,design,0.02,0.13153670213903246,0.12304131829759862,0.125,
he_jitter_lunit_dino,erm,True,0.12382763591557026,0.12185232823532305,0.014847989896368905,0.006407855313748248,0.034317319897090186,0.03815600293807466,-0.5392020280397699,5,0.25,design,0.05,0.13153670213903246,0.12304131829759862,0.125,
he_jitter_lunit_dino,erm,True,0.12382763591557026,0.12185232823532305,0.014847989896368905,0.006407855313748248,0.034317319897090186,0.03815600293807466,-0.5392020280397699,5,0.25,design,0.1,0.13153670213903246,0.12304131829759862,0.125,
he_jitter_lunit_dino,erm,True,0.12382763591557026,0.12185232823532305,0.014847989896368905,0.006407855313748248,0.034317319897090186,0.03815600293807466,-0.5392020280397699,5,0.25,design,0.2,0.13153670213903246,0.12304131829759862,0.125,19
he_jitter_lunit_dino,erm,True,0.12382763591557026,0.12185232823532305,0.014847989896368905,0.006407855313748248,0.034317319897090186,0.03815600293807466,-0.5392020280397699,5,0.5,ratio,0.02,0.14207587648113,0.12304131829759862,0.25,795
he_jitter_lunit_dino,erm,True,0.12382763591557026,0.12185232823532305,0.014847989896368905,0.006407855313748248,0.034317319897090186,0.03815600293807466,-0.5392020280397699,5,0.5,ratio,0.05,0.14207587648113,0.12304131829759862,0.25,129
he_jitter_lunit_dino,erm,True,0.12382763591557026,0.12185232823532305,0.014847989896368905,0.006407855313748248,0.034317319897090186,0.03815600293807466,-0.5392020280397699,5,0.5,ratio,0.1,0.14207587648113,0.12304131829759862,0.25,34
he_jitter_lunit_dino,erm,True,0.12382763591557026,0.12185232823532305,0.014847989896368905,0.006407855313748248,0.034317319897090186,0.03815600293807466,-0.5392020280397699,5,0.5,ratio,0.2,0.14207587648113,0.12304131829759862,0.25,11
he_jitter_lunit_dino,erm,True,0.12382763591557026,0.12185232823532305,0.014847989896368905,0.006407855313748248,0.034317319897090186,0.03815600293807466,-0.5392020280397699,5,0.5,design,0.02,0.14207587648113,0.12304131829759862,0.25,
he_jitter_lunit_dino,erm,True,0.12382763591557026,0.12185232823532305,0.014847989896368905,0.006407855313748248,0.034317319897090186,0.03815600293807466,-0.5392020280397699,5,0.5,design,0.05,0.14207587648113,0.12304131829759862,0.25,
he_jitter_lunit_dino,erm,True,0.12382763591557026,0.12185232823532305,0.014847989896368905,0.006407855313748248,0.034317319897090186,0.03815600293807466,-0.5392020280397699,5,0.5,design,0.1,0.14207587648113,0.12304131829759862,0.25,
he_jitter_lunit_dino,erm,True,0.12382763591557026,0.12185232823532305,0.014847989896368905,0.006407855313748248,0.034317319897090186,0.03815600293807466,-0.5392020280397699,5,0.5,design,0.2,0.14207587648113,0.12304131829759862,0.25,
he_jitter_lunit_dino,erm,True,0.12382763591557026,0.12185232823532305,0.014847989896368905,0.006407855313748248,0.034317319897090186,0.03815600293807466,-0.5392020280397699,10,0.0,none,0.02,0.1224482664327672,0.1224482664327672,0.0,297
he_jitter_lunit_dino,erm,True,0.12382763591557026,0.12185232823532305,0.014847989896368905,0.006407855313748248,0.034317319897090186,0.03815600293807466,-0.5392020280397699,10,0.0,none,0.05,0.1224482664327672,0.1224482664327672,0.0,50
he_jitter_lunit_dino,erm,True,0.12382763591557026,0.12185232823532305,0.014847989896368905,0.006407855313748248,0.034317319897090186,0.03815600293807466,-0.5392020280397699,10,0.0,none,0.1,0.1224482664327672,0.1224482664327672,0.0,14
he_jitter_lunit_dino,erm,True,0.12382763591557026,0.12185232823532305,0.014847989896368905,0.006407855313748248,0.034317319897090186,0.03815600293807466,-0.5392020280397699,10,0.0,none,0.2,0.1224482664327672,0.1224482664327672,0.0,6
he_jitter_lunit_dino,erm,True,0.12382763591557026,0.12185232823532305,0.014847989896368905,0.006407855313748248,0.034317319897090186,0.03815600293807466,-0.5392020280397699,10,0.25,ratio,0.02,0.13090270302737916,0.1224482664327672,0.125,507
he_jitter_lunit_dino,erm,True,0.12382763591557026,0.12185232823532305,0.014847989896368905,0.006407855313748248,0.034317319897090186,0.03815600293807466,-0.5392020280397699,10,0.25,ratio,0.05,0.13090270302737916,0.1224482664327672,0.125,83
he_jitter_lunit_dino,erm,True,0.12382763591557026,0.12185232823532305,0.014847989896368905,0.006407855313748248,0.034317319897090186,0.03815600293807466,-0.5392020280397699,10,0.25,ratio,0.1,0.13090270302737916,0.1224482664327672,0.125,23
he_jitter_lunit_dino,erm,True,0.12382763591557026,0.12185232823532305,0.014847989896368905,0.006407855313748248,0.034317319897090186,0.03815600293807466,-0.5392020280397699,10,0.25,ratio,0.2,0.13090270302737916,0.1224482664327672,0.125,8
he_jitter_lunit_dino,erm,True,0.12382763591557026,0.12185232823532305,0.014847989896368905,0.006407855313748248,0.034317319897090186,0.03815600293807466,-0.5392020280397699,10,0.25,design,0.02,0.13090270302737916,0.1224482664327672,0.125,
he_jitter_lunit_dino,erm,True,0.12382763591557026,0.12185232823532305,0.014847989896368905,0.006407855313748248,0.034317319897090186,0.03815600293807466,-0.5392020280397699,10,0.25,design,0.05,0.13090270302737916,0.1224482664327672,0.125,
he_jitter_lunit_dino,erm,True,0.12382763591557026,0.12185232823532305,0.014847989896368905,0.006407855313748248,0.034317319897090186,0.03815600293807466,-0.5392020280397699,10,0.25,design,0.1,0.13090270302737916,0.1224482664327672,0.125,
he_jitter_lunit_dino,erm,True,0.12382763591557026,0.12185232823532305,0.014847989896368905,0.006407855313748248,0.034317319897090186,0.03815600293807466,-0.5392020280397699,10,0.25,design,0.2,0.13090270302737916,0.1224482664327672,0.125,18
he_jitter_lunit_dino,erm,True,0.12382763591557026,0.12185232823532305,0.014847989896368905,0.006407855313748248,0.034317319897090186,0.03815600293807466,-0.5392020280397699,10,0.5,ratio,0.02,0.1413910791735223,0.1224482664327672,0.25,787
he_jitter_lunit_dino,erm,True,0.12382763591557026,0.12185232823532305,0.014847989896368905,0.006407855313748248,0.034317319897090186,0.03815600293807466,-0.5392020280397699,10,0.5,ratio,0.05,0.1413910791735223,0.1224482664327672,0.25,128
he_jitter_lunit_dino,erm,True,0.12382763591557026,0.12185232823532305,0.014847989896368905,0.006407855313748248,0.034317319897090186,0.03815600293807466,-0.5392020280397699,10,0.5,ratio,0.1,0.1413910791735223,0.1224482664327672,0.25,34
he_jitter_lunit_dino,erm,True,0.12382763591557026,0.12185232823532305,0.014847989896368905,0.006407855313748248,0.034317319897090186,0.03815600293807466,-0.5392020280397699,10,0.5,ratio,0.2,0.1413910791735223,0.1224482664327672,0.25,10
he_jitter_lunit_dino,erm,True,0.12382763591557026,0.12185232823532305,0.014847989896368905,0.006407855313748248,0.034317319897090186,0.03815600293807466,-0.5392020280397699,10,0.5,design,0.02,0.1413910791735223,0.1224482664327672,0.25,
he_jitter_lunit_dino,erm,True,0.12382763591557026,0.12185232823532305,0.014847989896368905,0.006407855313748248,0.034317319897090186,0.03815600293807466,-0.5392020280397699,10,0.5,design,0.05,0.1413910791735223,0.1224482664327672,0.25,
he_jitter_lunit_dino,erm,True,0.12382763591557026,0.12185232823532305,0.014847989896368905,0.006407855313748248,0.034317319897090186,0.03815600293807466,-0.5392020280397699,10,0.5,design,0.1,0.1413910791735223,0.1224482664327672,0.25,
he_jitter_lunit_dino,erm,True,0.12382763591557026,0.12185232823532305,0.014847989896368905,0.006407855313748248,0.034317319897090186,0.03815600293807466,-0.5392020280397699,10,0.5,design,0.2,0.1413910791735223,0.1224482664327672,0.25,
irm,erm,True,0.03686716988683946,0.017571922898905253,0.0003087724743650708,0.047334766438052,0.034317319897090186,0.05613597085024927,0.08218756268998263,1,0.0,none,0.02,0.058821932114349204,0.058821932114349204,0.0,70
irm,erm,True,0.03686716988683946,0.017571922898905253,0.0003087724743650708,0.047334766438052,0.034317319897090186,0.05613597085024927,0.08218756268998263,1,0.0,none,0.05,0.058821932114349204,0.058821932114349204,0.0,13
irm,erm,True,0.03686716988683946,0.017571922898905253,0.0003087724743650708,0.047334766438052,0.034317319897090186,0.05613597085024927,0.08218756268998263,1,0.0,none,0.1,0.058821932114349204,0.058821932114349204,0.0,5
irm,erm,True,0.03686716988683946,0.017571922898905253,0.0003087724743650708,0.047334766438052,0.034317319897090186,0.05613597085024927,0.08218756268998263,1,0.0,none,0.2,0.058821932114349204,0.058821932114349204,0.0,3
irm,erm,True,0.03686716988683946,0.017571922898905253,0.0003087724743650708,0.047334766438052,0.034317319897090186,0.05613597085024927,0.08218756268998263,1,0.25,ratio,0.02,0.06288329051427716,0.058821932114349204,0.125,119
irm,erm,True,0.03686716988683946,0.017571922898905253,0.0003087724743650708,0.047334766438052,0.034317319897090186,0.05613597085024927,0.08218756268998263,1,0.25,ratio,0.05,0.06288329051427716,0.058821932114349204,0.125,21
irm,erm,True,0.03686716988683946,0.017571922898905253,0.0003087724743650708,0.047334766438052,0.034317319897090186,0.05613597085024927,0.08218756268998263,1,0.25,ratio,0.1,0.06288329051427716,0.058821932114349204,0.125,7
irm,erm,True,0.03686716988683946,0.017571922898905253,0.0003087724743650708,0.047334766438052,0.034317319897090186,0.05613597085024927,0.08218756268998263,1,0.25,ratio,0.2,0.06288329051427716,0.058821932114349204,0.125,4
irm,erm,True,0.03686716988683946,0.017571922898905253,0.0003087724743650708,0.047334766438052,0.034317319897090186,0.05613597085024927,0.08218756268998263,1,0.25,design,0.02,0.06288329051427716,0.058821932114349204,0.125,
irm,erm,True,0.03686716988683946,0.017571922898905253,0.0003087724743650708,0.047334766438052,0.034317319897090186,0.05613597085024927,0.08218756268998263,1,0.25,design,0.05,0.06288329051427716,0.058821932114349204,0.125,
irm,erm,True,0.03686716988683946,0.017571922898905253,0.0003087724743650708,0.047334766438052,0.034317319897090186,0.05613597085024927,0.08218756268998263,1,0.25,design,0.1,0.06288329051427716,0.058821932114349204,0.125,13
irm,erm,True,0.03686716988683946,0.017571922898905253,0.0003087724743650708,0.047334766438052,0.034317319897090186,0.05613597085024927,0.08218756268998263,1,0.25,design,0.2,0.06288329051427716,0.058821932114349204,0.125,4
irm,erm,True,0.03686716988683946,0.017571922898905253,0.0003087724743650708,0.047334766438052,0.034317319897090186,0.05613597085024927,0.08218756268998263,1,0.5,ratio,0.02,0.06792171668094682,0.058821932114349204,0.25,183
irm,erm,True,0.03686716988683946,0.017571922898905253,0.0003087724743650708,0.047334766438052,0.034317319897090186,0.05613597085024927,0.08218756268998263,1,0.5,ratio,0.05,0.06792171668094682,0.058821932114349204,0.25,31
irm,erm,True,0.03686716988683946,0.017571922898905253,0.0003087724743650708,0.047334766438052,0.034317319897090186,0.05613597085024927,0.08218756268998263,1,0.5,ratio,0.1,0.06792171668094682,0.058821932114349204,0.25,10
irm,erm,True,0.03686716988683946,0.017571922898905253,0.0003087724743650708,0.047334766438052,0.034317319897090186,0.05613597085024927,0.08218756268998263,1,0.5,ratio,0.2,0.06792171668094682,0.058821932114349204,0.25,5
irm,erm,True,0.03686716988683946,0.017571922898905253,0.0003087724743650708,0.047334766438052,0.034317319897090186,0.05613597085024927,0.08218756268998263,1,0.5,design,0.02,0.06792171668094682,0.058821932114349204,0.25,
irm,erm,True,0.03686716988683946,0.017571922898905253,0.0003087724743650708,0.047334766438052,0.034317319897090186,0.05613597085024927,0.08218756268998263,1,0.5,design,0.05,0.06792171668094682,0.058821932114349204,0.25,
irm,erm,True,0.03686716988683946,0.017571922898905253,0.0003087724743650708,0.047334766438052,0.034317319897090186,0.05613597085024927,0.08218756268998263,1,0.5,design,0.1,0.06792171668094682,0.058821932114349204,0.25,
irm,erm,True,0.03686716988683946,0.017571922898905253,0.0003087724743650708,0.047334766438052,0.034317319897090186,0.05613597085024927,0.08218756268998263,1,0.5,design,0.2,0.06792171668094682,0.058821932114349204,0.25,4
irm,erm,True,0.03686716988683946,0.017571922898905253,0.0003087724743650708,0.047334766438052,0.034317319897090186,0.05613597085024927,0.08218756268998263,3,0.0,none,0.02,0.03686716988683946,0.03686716988683946,0.0,29
irm,erm,True,0.03686716988683946,0.017571922898905253,0.0003087724743650708,0.047334766438052,0.034317319897090186,0.05613597085024927,0.08218756268998263,3,0.0,none,0.05,0.03686716988683946,0.03686716988683946,0.0,7
irm,erm,True,0.03686716988683946,0.017571922898905253,0.0003087724743650708,0.047334766438052,0.034317319897090186,0.05613597085024927,0.08218756268998263,3,0.0,none,0.1,0.03686716988683946,0.03686716988683946,0.0,4
irm,erm,True,0.03686716988683946,0.017571922898905253,0.0003087724743650708,0.047334766438052,0.034317319897090186,0.05613597085024927,0.08218756268998263,3,0.0,none,0.2,0.03686716988683946,0.03686716988683946,0.0,3
irm,erm,True,0.03686716988683946,0.017571922898905253,0.0003087724743650708,0.047334766438052,0.034317319897090186,0.05613597085024927,0.08218756268998263,3,0.25,ratio,0.02,0.039412662439012196,0.03686716988683946,0.125,48
irm,erm,True,0.03686716988683946,0.017571922898905253,0.0003087724743650708,0.047334766438052,0.034317319897090186,0.05613597085024927,0.08218756268998263,3,0.25,ratio,0.05,0.039412662439012196,0.03686716988683946,0.125,10
irm,erm,True,0.03686716988683946,0.017571922898905253,0.0003087724743650708,0.047334766438052,0.034317319897090186,0.05613597085024927,0.08218756268998263,3,0.25,ratio,0.1,0.039412662439012196,0.03686716988683946,0.125,5
irm,erm,True,0.03686716988683946,0.017571922898905253,0.0003087724743650708,0.047334766438052,0.034317319897090186,0.05613597085024927,0.08218756268998263,3,0.25,ratio,0.2,0.039412662439012196,0.03686716988683946,0.125,3
irm,erm,True,0.03686716988683946,0.017571922898905253,0.0003087724743650708,0.047334766438052,0.034317319897090186,0.05613597085024927,0.08218756268998263,3,0.25,design,0.02,0.039412662439012196,0.03686716988683946,0.125,
irm,erm,True,0.03686716988683946,0.017571922898905253,0.0003087724743650708,0.047334766438052,0.034317319897090186,0.05613597085024927,0.08218756268998263,3,0.25,design,0.05,0.039412662439012196,0.03686716988683946,0.125,
irm,erm,True,0.03686716988683946,0.017571922898905253,0.0003087724743650708,0.047334766438052,0.034317319897090186,0.05613597085024927,0.08218756268998263,3,0.25,design,0.1,0.039412662439012196,0.03686716988683946,0.125,4
irm,erm,True,0.03686716988683946,0.017571922898905253,0.0003087724743650708,0.047334766438052,0.034317319897090186,0.05613597085024927,0.08218756268998263,3,0.25,design,0.2,0.039412662439012196,0.03686716988683946,0.125,3
irm,erm,True,0.03686716988683946,0.017571922898905253,0.0003087724743650708,0.047334766438052,0.034317319897090186,0.05613597085024927,0.08218756268998263,3,0.5,ratio,0.02,0.04257054091685286,0.03686716988683946,0.25,74
irm,erm,True,0.03686716988683946,0.017571922898905253,0.0003087724743650708,0.047334766438052,0.034317319897090186,0.05613597085024927,0.08218756268998263,3,0.5,ratio,0.05,0.04257054091685286,0.03686716988683946,0.25,14
irm,erm,True,0.03686716988683946,0.017571922898905253,0.0003087724743650708,0.047334766438052,0.034317319897090186,0.05613597085024927,0.08218756268998263,3,0.5,ratio,0.1,0.04257054091685286,0.03686716988683946,0.25,6
irm,erm,True,0.03686716988683946,0.017571922898905253,0.0003087724743650708,0.047334766438052,0.034317319897090186,0.05613597085024927,0.08218756268998263,3,0.5,ratio,0.2,0.04257054091685286,0.03686716988683946,0.25,3
irm,erm,True,0.03686716988683946,0.017571922898905253,0.0003087724743650708,0.047334766438052,0.034317319897090186,0.05613597085024927,0.08218756268998263,3,0.5,design,0.02,0.04257054091685286,0.03686716988683946,0.25,
irm,erm,True,0.03686716988683946,0.017571922898905253,0.0003087724743650708,0.047334766438052,0.034317319897090186,0.05613597085024927,0.08218756268998263,3,0.5,design,0.05,0.04257054091685286,0.03686716988683946,0.25,
irm,erm,True,0.03686716988683946,0.017571922898905253,0.0003087724743650708,0.047334766438052,0.034317319897090186,0.05613597085024927,0.08218756268998263,3,0.5,design,0.1,0.04257054091685286,0.03686716988683946,0.25,6
irm,erm,True,0.03686716988683946,0.017571922898905253,0.0003087724743650708,0.047334766438052,0.034317319897090186,0.05613597085024927,0.08218756268998263,3,0.5,design,0.2,0.04257054091685286,0.03686716988683946,0.25,3
irm,erm,True,0.03686716988683946,0.017571922898905253,0.0003087724743650708,0.047334766438052,0.034317319897090186,0.05613597085024927,0.08218756268998263,5,0.0,none,0.02,0.03064346454017688,0.03064346454017688,0.0,21
irm,erm,True,0.03686716988683946,0.017571922898905253,0.0003087724743650708,0.047334766438052,0.034317319897090186,0.05613597085024927,0.08218756268998263,5,0.0,none,0.05,0.03064346454017688,0.03064346454017688,0.0,6
irm,erm,True,0.03686716988683946,0.017571922898905253,0.0003087724743650708,0.047334766438052,0.034317319897090186,0.05613597085024927,0.08218756268998263,5,0.0,none,0.1,0.03064346454017688,0.03064346454017688,0.0,4
irm,erm,True,0.03686716988683946,0.017571922898905253,0.0003087724743650708,0.047334766438052,0.034317319897090186,0.05613597085024927,0.08218756268998263,5,0.0,none,0.2,0.03064346454017688,0.03064346454017688,0.0,3
irm,erm,True,0.03686716988683946,0.017571922898905253,0.0003087724743650708,0.047334766438052,0.034317319897090186,0.05613597085024927,0.08218756268998263,5,0.25,ratio,0.02,0.03275924155802805,0.03064346454017688,0.125,34
irm,erm,True,0.03686716988683946,0.017571922898905253,0.0003087724743650708,0.047334766438052,0.034317319897090186,0.05613597085024927,0.08218756268998263,5,0.25,ratio,0.05,0.03275924155802805,0.03064346454017688,0.125,8
irm,erm,True,0.03686716988683946,0.017571922898905253,0.0003087724743650708,0.047334766438052,0.034317319897090186,0.05613597085024927,0.08218756268998263,5,0.25,ratio,0.1,0.03275924155802805,0.03064346454017688,0.125,4
irm,erm,True,0.03686716988683946,0.017571922898905253,0.0003087724743650708,0.047334766438052,0.034317319897090186,0.05613597085024927,0.08218756268998263,5,0.25,ratio,0.2,0.03275924155802805,0.03064346454017688,0.125,3
irm,erm,True,0.03686716988683946,0.017571922898905253,0.0003087724743650708,0.047334766438052,0.034317319897090186,0.05613597085024927,0.08218756268998263,5,0.25,design,0.02,0.03275924155802805,0.03064346454017688,0.125,
irm,erm,True,0.03686716988683946,0.017571922898905253,0.0003087724743650708,0.047334766438052,0.034317319897090186,0.05613597085024927,0.08218756268998263,5,0.25,design,0.05,0.03275924155802805,0.03064346454017688,0.125,19
irm,erm,True,0.03686716988683946,0.017571922898905253,0.0003087724743650708,0.047334766438052,0.034317319897090186,0.05613597085024927,0.08218756268998263,5,0.25,design,0.1,0.03275924155802805,0.03064346454017688,0.125,4
irm,erm,True,0.03686716988683946,0.017571922898905253,0.0003087724743650708,0.047334766438052,0.034317319897090186,0.05613597085024927,0.08218756268998263,5,0.25,design,0.2,0.03275924155802805,0.03064346454017688,0.125,3
irm,erm,True,0.03686716988683946,0.017571922898905253,0.0003087724743650708,0.047334766438052,0.034317319897090186,0.05613597085024927,0.08218756268998263,5,0.5,ratio,0.02,0.03538402500234775,0.03064346454017688,0.25,52
irm,erm,True,0.03686716988683946,0.017571922898905253,0.0003087724743650708,0.047334766438052,0.034317319897090186,0.05613597085024927,0.08218756268998263,5,0.5,ratio,0.05,0.03538402500234775,0.03064346454017688,0.25,10
irm,erm,True,0.03686716988683946,0.017571922898905253,0.0003087724743650708,0.047334766438052,0.034317319897090186,0.05613597085024927,0.08218756268998263,5,0.5,ratio,0.1,0.03538402500234775,0.03064346454017688,0.25,5
irm,erm,True,0.03686716988683946,0.017571922898905253,0.0003087724743650708,0.047334766438052,0.034317319897090186,0.05613597085024927,0.08218756268998263,5,0.5,ratio,0.2,0.03538402500234775,0.03064346454017688,0.25,3
irm,erm,True,0.03686716988683946,0.017571922898905253,0.0003087724743650708,0.047334766438052,0.034317319897090186,0.05613597085024927,0.08218756268998263,5,0.5,design,0.02,0.03538402500234775,0.03064346454017688,0.25,
irm,erm,True,0.03686716988683946,0.017571922898905253,0.0003087724743650708,0.047334766438052,0.034317319897090186,0.05613597085024927,0.08218756268998263,5,0.5,design,0.05,0.03538402500234775,0.03064346454017688,0.25,
irm,erm,True,0.03686716988683946,0.017571922898905253,0.0003087724743650708,0.047334766438052,0.034317319897090186,0.05613597085024927,0.08218756268998263,5,0.5,design,0.1,0.03538402500234775,0.03064346454017688,0.25,4
irm,erm,True,0.03686716988683946,0.017571922898905253,0.0003087724743650708,0.047334766438052,0.034317319897090186,0.05613597085024927,0.08218756268998263,5,0.5,design,0.2,0.03538402500234775,0.03064346454017688,0.25,3
irm,erm,True,0.03686716988683946,0.017571922898905253,0.0003087724743650708,0.047334766438052,0.034317319897090186,0.05613597085024927,0.08218756268998263,10,0.0,none,0.02,0.02497793419590728,0.02497793419590728,0.0,15
irm,erm,True,0.03686716988683946,0.017571922898905253,0.0003087724743650708,0.047334766438052,0.034317319897090186,0.05613597085024927,0.08218756268998263,10,0.0,none,0.05,0.02497793419590728,0.02497793419590728,0.0,5
irm,erm,True,0.03686716988683946,0.017571922898905253,0.0003087724743650708,0.047334766438052,0.034317319897090186,0.05613597085024927,0.08218756268998263,10,0.0,none,0.1,0.02497793419590728,0.02497793419590728,0.0,3
irm,erm,True,0.03686716988683946,0.017571922898905253,0.0003087724743650708,0.047334766438052,0.034317319897090186,0.05613597085024927,0.08218756268998263,10,0.0,none,0.2,0.02497793419590728,0.02497793419590728,0.0,3
irm,erm,True,0.03686716988683946,0.017571922898905253,0.0003087724743650708,0.047334766438052,0.034317319897090186,0.05613597085024927,0.08218756268998263,10,0.25,ratio,0.02,0.026702534854419972,0.02497793419590728,0.125,23
irm,erm,True,0.03686716988683946,0.017571922898905253,0.0003087724743650708,0.047334766438052,0.034317319897090186,0.05613597085024927,0.08218756268998263,10,0.25,ratio,0.05,0.026702534854419972,0.02497793419590728,0.125,6
irm,erm,True,0.03686716988683946,0.017571922898905253,0.0003087724743650708,0.047334766438052,0.034317319897090186,0.05613597085024927,0.08218756268998263,10,0.25,ratio,0.1,0.026702534854419972,0.02497793419590728,0.125,4
irm,erm,True,0.03686716988683946,0.017571922898905253,0.0003087724743650708,0.047334766438052,0.034317319897090186,0.05613597085024927,0.08218756268998263,10,0.25,ratio,0.2,0.026702534854419972,0.02497793419590728,0.125,3
irm,erm,True,0.03686716988683946,0.017571922898905253,0.0003087724743650708,0.047334766438052,0.034317319897090186,0.05613597085024927,0.08218756268998263,10,0.25,design,0.02,0.026702534854419972,0.02497793419590728,0.125,
irm,erm,True,0.03686716988683946,0.017571922898905253,0.0003087724743650708,0.047334766438052,0.034317319897090186,0.05613597085024927,0.08218756268998263,10,0.25,design,0.05,0.026702534854419972,0.02497793419590728,0.125,7
irm,erm,True,0.03686716988683946,0.017571922898905253,0.0003087724743650708,0.047334766438052,0.034317319897090186,0.05613597085024927,0.08218756268998263,10,0.25,design,0.1,0.026702534854419972,0.02497793419590728,0.125,3
irm,erm,True,0.03686716988683946,0.017571922898905253,0.0003087724743650708,0.047334766438052,0.034317319897090186,0.05613597085024927,0.08218756268998263,10,0.25,design,0.2,0.026702534854419972,0.02497793419590728,0.125,3
irm,erm,True,0.03686716988683946,0.017571922898905253,0.0003087724743650708,0.047334766438052,0.034317319897090186,0.05613597085024927,0.08218756268998263,10,0.5,ratio,0.02,0.028842034063615657,0.02497793419590728,0.25,35
irm,erm,True,0.03686716988683946,0.017571922898905253,0.0003087724743650708,0.047334766438052,0.034317319897090186,0.05613597085024927,0.08218756268998263,10,0.5,ratio,0.05,0.028842034063615657,0.02497793419590728,0.25,8
irm,erm,True,0.03686716988683946,0.017571922898905253,0.0003087724743650708,0.047334766438052,0.034317319897090186,0.05613597085024927,0.08218756268998263,10,0.5,ratio,0.1,0.028842034063615657,0.02497793419590728,0.25,4
irm,erm,True,0.03686716988683946,0.017571922898905253,0.0003087724743650708,0.047334766438052,0.034317319897090186,0.05613597085024927,0.08218756268998263,10,0.5,ratio,0.2,0.028842034063615657,0.02497793419590728,0.25,3
irm,erm,True,0.03686716988683946,0.017571922898905253,0.0003087724743650708,0.047334766438052,0.034317319897090186,0.05613597085024927,0.08218756268998263,10,0.5,design,0.02,0.028842034063615657,0.02497793419590728,0.25,
irm,erm,True,0.03686716988683946,0.017571922898905253,0.0003087724743650708,0.047334766438052,0.034317319897090186,0.05613597085024927,0.08218756268998263,10,0.5,design,0.05,0.028842034063615657,0.02497793419590728,0.25,
irm,erm,True,0.03686716988683946,0.017571922898905253,0.0003087724743650708,0.047334766438052,0.034317319897090186,0.05613597085024927,0.08218756268998263,10,0.5,design,0.1,0.028842034063615657,0.02497793419590728,0.25,3
irm,erm,True,0.03686716988683946,0.017571922898905253,0.0003087724743650708,0.047334766438052,0.034317319897090186,0.05613597085024927,0.08218756268998263,10,0.5,design,0.2,0.028842034063615657,0.02497793419590728,0.25,3
lisa,erm,True,0.08757118804968786,0.08302711610742489,0.006893502009115814,0.01992350910673159,0.034317319897090186,0.048224816245932355,-0.5492063016660799,1,0.0,none,0.02,0.09601632627355493,0.09601632627355493,0.0,183
lisa,erm,True,0.08757118804968786,0.08302711610742489,0.006893502009115814,0.01992350910673159,0.034317319897090186,0.048224816245932355,-0.5492063016660799,1,0.0,none,0.05,0.09601632627355493,0.09601632627355493,0.0,31
lisa,erm,True,0.08757118804968786,0.08302711610742489,0.006893502009115814,0.01992350910673159,0.034317319897090186,0.048224816245932355,-0.5492063016660799,1,0.0,none,0.1,0.09601632627355493,0.09601632627355493,0.0,10
lisa,erm,True,0.08757118804968786,0.08302711610742489,0.006893502009115814,0.01992350910673159,0.034317319897090186,0.048224816245932355,-0.5492063016660799,1,0.0,none,0.2,0.09601632627355493,0.09601632627355493,0.0,5
lisa,erm,True,0.08757118804968786,0.08302711610742489,0.006893502009115814,0.01992350910673159,0.034317319897090186,0.048224816245932355,-0.5492063016660799,1,0.25,ratio,0.02,0.10264577041495533,0.09601632627355493,0.125,313
lisa,erm,True,0.08757118804968786,0.08302711610742489,0.006893502009115814,0.01992350910673159,0.034317319897090186,0.048224816245932355,-0.5492063016660799,1,0.25,ratio,0.05,0.10264577041495533,0.09601632627355493,0.125,52
lisa,erm,True,0.08757118804968786,0.08302711610742489,0.006893502009115814,0.01992350910673159,0.034317319897090186,0.048224816245932355,-0.5492063016660799,1,0.25,ratio,0.1,0.10264577041495533,0.09601632627355493,0.125,15
lisa,erm,True,0.08757118804968786,0.08302711610742489,0.006893502009115814,0.01992350910673159,0.034317319897090186,0.048224816245932355,-0.5492063016660799,1,0.25,ratio,0.2,0.10264577041495533,0.09601632627355493,0.125,6
lisa,erm,True,0.08757118804968786,0.08302711610742489,0.006893502009115814,0.01992350910673159,0.034317319897090186,0.048224816245932355,-0.5492063016660799,1,0.25,design,0.02,0.10264577041495533,0.09601632627355493,0.125,
lisa,erm,True,0.08757118804968786,0.08302711610742489,0.006893502009115814,0.01992350910673159,0.034317319897090186,0.048224816245932355,-0.5492063016660799,1,0.25,design,0.05,0.10264577041495533,0.09601632627355493,0.125,
lisa,erm,True,0.08757118804968786,0.08302711610742489,0.006893502009115814,0.01992350910673159,0.034317319897090186,0.048224816245932355,-0.5492063016660799,1,0.25,design,0.1,0.10264577041495533,0.09601632627355493,0.125,
lisa,erm,True,0.08757118804968786,0.08302711610742489,0.006893502009115814,0.01992350910673159,0.034317319897090186,0.048224816245932355,-0.5492063016660799,1,0.25,design,0.2,0.10264577041495533,0.09601632627355493,0.125,6
lisa,erm,True,0.08757118804968786,0.08302711610742489,0.006893502009115814,0.01992350910673159,0.034317319897090186,0.048224816245932355,-0.5492063016660799,1,0.5,ratio,0.02,0.11087010364127176,0.09601632627355493,0.25,485
lisa,erm,True,0.08757118804968786,0.08302711610742489,0.006893502009115814,0.01992350910673159,0.034317319897090186,0.048224816245932355,-0.5492063016660799,1,0.5,ratio,0.05,0.11087010364127176,0.09601632627355493,0.25,80
lisa,erm,True,0.08757118804968786,0.08302711610742489,0.006893502009115814,0.01992350910673159,0.034317319897090186,0.048224816245932355,-0.5492063016660799,1,0.5,ratio,0.1,0.11087010364127176,0.09601632627355493,0.25,22
lisa,erm,True,0.08757118804968786,0.08302711610742489,0.006893502009115814,0.01992350910673159,0.034317319897090186,0.048224816245932355,-0.5492063016660799,1,0.5,ratio,0.2,0.11087010364127176,0.09601632627355493,0.25,7
lisa,erm,True,0.08757118804968786,0.08302711610742489,0.006893502009115814,0.01992350910673159,0.034317319897090186,0.048224816245932355,-0.5492063016660799,1,0.5,design,0.02,0.11087010364127176,0.09601632627355493,0.25,
lisa,erm,True,0.08757118804968786,0.08302711610742489,0.006893502009115814,0.01992350910673159,0.034317319897090186,0.048224816245932355,-0.5492063016660799,1,0.5,design,0.05,0.11087010364127176,0.09601632627355493,0.25,
lisa,erm,True,0.08757118804968786,0.08302711610742489,0.006893502009115814,0.01992350910673159,0.034317319897090186,0.048224816245932355,-0.5492063016660799,1,0.5,design,0.1,0.11087010364127176,0.09601632627355493,0.25,
lisa,erm,True,0.08757118804968786,0.08302711610742489,0.006893502009115814,0.01992350910673159,0.034317319897090186,0.048224816245932355,-0.5492063016660799,1,0.5,design,0.2,0.11087010364127176,0.09601632627355493,0.25,
lisa,erm,True,0.08757118804968786,0.08302711610742489,0.006893502009115814,0.01992350910673159,0.034317319897090186,0.048224816245932355,-0.5492063016660799,3,0.0,none,0.02,0.08757118804968786,0.08757118804968786,0.0,153
lisa,erm,True,0.08757118804968786,0.08302711610742489,0.006893502009115814,0.01992350910673159,0.034317319897090186,0.048224816245932355,-0.5492063016660799,3,0.0,none,0.05,0.08757118804968786,0.08757118804968786,0.0,27
lisa,erm,True,0.08757118804968786,0.08302711610742489,0.006893502009115814,0.01992350910673159,0.034317319897090186,0.048224816245932355,-0.5492063016660799,3,0.0,none,0.1,0.08757118804968786,0.08757118804968786,0.0,9
lisa,erm,True,0.08757118804968786,0.08302711610742489,0.006893502009115814,0.01992350910673159,0.034317319897090186,0.048224816245932355,-0.5492063016660799,3,0.0,none,0.2,0.08757118804968786,0.08757118804968786,0.0,4
lisa,erm,True,0.08757118804968786,0.08302711610742489,0.006893502009115814,0.01992350910673159,0.034317319897090186,0.048224816245932355,-0.5492063016660799,3,0.25,ratio,0.02,0.09361753789562414,0.08757118804968786,0.125,260
lisa,erm,True,0.08757118804968786,0.08302711610742489,0.006893502009115814,0.01992350910673159,0.034317319897090186,0.048224816245932355,-0.5492063016660799,3,0.25,ratio,0.05,0.09361753789562414,0.08757118804968786,0.125,44
lisa,erm,True,0.08757118804968786,0.08302711610742489,0.006893502009115814,0.01992350910673159,0.034317319897090186,0.048224816245932355,-0.5492063016660799,3,0.25,ratio,0.1,0.09361753789562414,0.08757118804968786,0.125,13
lisa,erm,True,0.08757118804968786,0.08302711610742489,0.006893502009115814,0.01992350910673159,0.034317319897090186,0.048224816245932355,-0.5492063016660799,3,0.25,ratio,0.2,0.09361753789562414,0.08757118804968786,0.125,5
lisa,erm,True,0.08757118804968786,0.08302711610742489,0.006893502009115814,0.01992350910673159,0.034317319897090186,0.048224816245932355,-0.5492063016660799,3,0.25,design,0.02,0.09361753789562414,0.08757118804968786,0.125,
lisa,erm,True,0.08757118804968786,0.08302711610742489,0.006893502009115814,0.01992350910673159,0.034317319897090186,0.048224816245932355,-0.5492063016660799,3,0.25,design,0.05,0.09361753789562414,0.08757118804968786,0.125,
lisa,erm,True,0.08757118804968786,0.08302711610742489,0.006893502009115814,0.01992350910673159,0.034317319897090186,0.048224816245932355,-0.5492063016660799,3,0.25,design,0.1,0.09361753789562414,0.08757118804968786,0.125,
lisa,erm,True,0.08757118804968786,0.08302711610742489,0.006893502009115814,0.01992350910673159,0.034317319897090186,0.048224816245932355,-0.5492063016660799,3,0.25,design,0.2,0.09361753789562414,0.08757118804968786,0.125,5
lisa,erm,True,0.08757118804968786,0.08302711610742489,0.006893502009115814,0.01992350910673159,0.034317319897090186,0.048224816245932355,-0.5492063016660799,3,0.5,ratio,0.02,0.10111849798748525,0.08757118804968786,0.25,404
lisa,erm,True,0.08757118804968786,0.08302711610742489,0.006893502009115814,0.01992350910673159,0.034317319897090186,0.048224816245932355,-0.5492063016660799,3,0.5,ratio,0.05,0.10111849798748525,0.08757118804968786,0.25,67
lisa,erm,True,0.08757118804968786,0.08302711610742489,0.006893502009115814,0.01992350910673159,0.034317319897090186,0.048224816245932355,-0.5492063016660799,3,0.5,ratio,0.1,0.10111849798748525,0.08757118804968786,0.25,19
lisa,erm,True,0.08757118804968786,0.08302711610742489,0.006893502009115814,0.01992350910673159,0.034317319897090186,0.048224816245932355,-0.5492063016660799,3,0.5,ratio,0.2,0.10111849798748525,0.08757118804968786,0.25,7
lisa,erm,True,0.08757118804968786,0.08302711610742489,0.006893502009115814,0.01992350910673159,0.034317319897090186,0.048224816245932355,-0.5492063016660799,3,0.5,design,0.02,0.10111849798748525,0.08757118804968786,0.25,
lisa,erm,True,0.08757118804968786,0.08302711610742489,0.006893502009115814,0.01992350910673159,0.034317319897090186,0.048224816245932355,-0.5492063016660799,3,0.5,design,0.05,0.10111849798748525,0.08757118804968786,0.25,
lisa,erm,True,0.08757118804968786,0.08302711610742489,0.006893502009115814,0.01992350910673159,0.034317319897090186,0.048224816245932355,-0.5492063016660799,3,0.5,design,0.1,0.10111849798748525,0.08757118804968786,0.25,
lisa,erm,True,0.08757118804968786,0.08302711610742489,0.006893502009115814,0.01992350910673159,0.034317319897090186,0.048224816245932355,-0.5492063016660799,3,0.5,design,0.2,0.10111849798748525,0.08757118804968786,0.25,
lisa,erm,True,0.08757118804968786,0.08302711610742489,0.006893502009115814,0.01992350910673159,0.034317319897090186,0.048224816245932355,-0.5492063016660799,5,0.0,none,0.02,0.08578244919274923,0.08578244919274923,0.0,147
lisa,erm,True,0.08757118804968786,0.08302711610742489,0.006893502009115814,0.01992350910673159,0.034317319897090186,0.048224816245932355,-0.5492063016660799,5,0.0,none,0.05,0.08578244919274923,0.08578244919274923,0.0,26
lisa,erm,True,0.08757118804968786,0.08302711610742489,0.006893502009115814,0.01992350910673159,0.034317319897090186,0.048224816245932355,-0.5492063016660799,5,0.0,none,0.1,0.08578244919274923,0.08578244919274923,0.0,8
lisa,erm,True,0.08757118804968786,0.08302711610742489,0.006893502009115814,0.01992350910673159,0.034317319897090186,0.048224816245932355,-0.5492063016660799,5,0.0,none,0.2,0.08578244919274923,0.08578244919274923,0.0,4
lisa,erm,True,0.08757118804968786,0.08302711610742489,0.006893502009115814,0.01992350910673159,0.034317319897090186,0.048224816245932355,-0.5492063016660799,5,0.25,ratio,0.02,0.09170529562217443,0.08578244919274923,0.125,250
lisa,erm,True,0.08757118804968786,0.08302711610742489,0.006893502009115814,0.01992350910673159,0.034317319897090186,0.048224816245932355,-0.5492063016660799,5,0.25,ratio,0.05,0.09170529562217443,0.08578244919274923,0.125,42
lisa,erm,True,0.08757118804968786,0.08302711610742489,0.006893502009115814,0.01992350910673159,0.034317319897090186,0.048224816245932355,-0.5492063016660799,5,0.25,ratio,0.1,0.09170529562217443,0.08578244919274923,0.125,12
lisa,erm,True,0.08757118804968786,0.08302711610742489,0.006893502009115814,0.01992350910673159,0.034317319897090186,0.048224816245932355,-0.5492063016660799,5,0.25,ratio,0.2,0.09170529562217443,0.08578244919274923,0.125,5
lisa,erm,True,0.08757118804968786,0.08302711610742489,0.006893502009115814,0.01992350910673159,0.034317319897090186,0.048224816245932355,-0.5492063016660799,5,0.25,design,0.02,0.09170529562217443,0.08578244919274923,0.125,
lisa,erm,True,0.08757118804968786,0.08302711610742489,0.006893502009115814,0.01992350910673159,0.034317319897090186,0.048224816245932355,-0.5492063016660799,5,0.25,design,0.05,0.09170529562217443,0.08578244919274923,0.125,
lisa,erm,True,0.08757118804968786,0.08302711610742489,0.006893502009115814,0.01992350910673159,0.034317319897090186,0.048224816245932355,-0.5492063016660799,5,0.25,design,0.1,0.09170529562217443,0.08578244919274923,0.125,
lisa,erm,True,0.08757118804968786,0.08302711610742489,0.006893502009115814,0.01992350910673159,0.034317319897090186,0.048224816245932355,-0.5492063016660799,5,0.25,design,0.2,0.09170529562217443,0.08578244919274923,0.125,5
lisa,erm,True,0.08757118804968786,0.08302711610742489,0.006893502009115814,0.01992350910673159,0.034317319897090186,0.048224816245932355,-0.5492063016660799,5,0.5,ratio,0.02,0.09905304026635833,0.08578244919274923,0.25,387
lisa,erm,True,0.08757118804968786,0.08302711610742489,0.006893502009115814,0.01992350910673159,0.034317319897090186,0.048224816245932355,-0.5492063016660799,5,0.5,ratio,0.05,0.09905304026635833,0.08578244919274923,0.25,64
lisa,erm,True,0.08757118804968786,0.08302711610742489,0.006893502009115814,0.01992350910673159,0.034317319897090186,0.048224816245932355,-0.5492063016660799,5,0.5,ratio,0.1,0.09905304026635833,0.08578244919274923,0.25,18
lisa,erm,True,0.08757118804968786,0.08302711610742489,0.006893502009115814,0.01992350910673159,0.034317319897090186,0.048224816245932355,-0.5492063016660799,5,0.5,ratio,0.2,0.09905304026635833,0.08578244919274923,0.25,7
lisa,erm,True,0.08757118804968786,0.08302711610742489,0.006893502009115814,0.01992350910673159,0.034317319897090186,0.048224816245932355,-0.5492063016660799,5,0.5,design,0.02,0.09905304026635833,0.08578244919274923,0.25,
lisa,erm,True,0.08757118804968786,0.08302711610742489,0.006893502009115814,0.01992350910673159,0.034317319897090186,0.048224816245932355,-0.5492063016660799,5,0.5,design,0.05,0.09905304026635833,0.08578244919274923,0.25,
lisa,erm,True,0.08757118804968786,0.08302711610742489,0.006893502009115814,0.01992350910673159,0.034317319897090186,0.048224816245932355,-0.5492063016660799,5,0.5,design,0.1,0.09905304026635833,0.08578244919274923,0.25,
lisa,erm,True,0.08757118804968786,0.08302711610742489,0.006893502009115814,0.01992350910673159,0.034317319897090186,0.048224816245932355,-0.5492063016660799,5,0.5,design,0.2,0.09905304026635833,0.08578244919274923,0.25,28
lisa,erm,True,0.08757118804968786,0.08302711610742489,0.006893502009115814,0.01992350910673159,0.034317319897090186,0.048224816245932355,-0.5492063016660799,10,0.0,none,0.02,0.08441602513333123,0.08441602513333123,0.0,142
lisa,erm,True,0.08757118804968786,0.08302711610742489,0.006893502009115814,0.01992350910673159,0.034317319897090186,0.048224816245932355,-0.5492063016660799,10,0.0,none,0.05,0.08441602513333123,0.08441602513333123,0.0,25
lisa,erm,True,0.08757118804968786,0.08302711610742489,0.006893502009115814,0.01992350910673159,0.034317319897090186,0.048224816245932355,-0.5492063016660799,10,0.0,none,0.1,0.08441602513333123,0.08441602513333123,0.0,8
lisa,erm,True,0.08757118804968786,0.08302711610742489,0.006893502009115814,0.01992350910673159,0.034317319897090186,0.048224816245932355,-0.5492063016660799,10,0.0,none,0.2,0.08441602513333123,0.08441602513333123,0.0,4
lisa,erm,True,0.08757118804968786,0.08302711610742489,0.006893502009115814,0.01992350910673159,0.034317319897090186,0.048224816245932355,-0.5492063016660799,10,0.25,ratio,0.02,0.09024452685777813,0.08441602513333123,0.125,242
lisa,erm,True,0.08757118804968786,0.08302711610742489,0.006893502009115814,0.01992350910673159,0.034317319897090186,0.048224816245932355,-0.5492063016660799,10,0.25,ratio,0.05,0.09024452685777813,0.08441602513333123,0.125,41
lisa,erm,True,0.08757118804968786,0.08302711610742489,0.006893502009115814,0.01992350910673159,0.034317319897090186,0.048224816245932355,-0.5492063016660799,10,0.25,ratio,0.1,0.09024452685777813,0.08441602513333123,0.125,12
lisa,erm,True,0.08757118804968786,0.08302711610742489,0.006893502009115814,0.01992350910673159,0.034317319897090186,0.048224816245932355,-0.5492063016660799,10,0.25,ratio,0.2,0.09024452685777813,0.08441602513333123,0.125,5
lisa,erm,True,0.08757118804968786,0.08302711610742489,0.006893502009115814,0.01992350910673159,0.034317319897090186,0.048224816245932355,-0.5492063016660799,10,0.25,design,0.02,0.09024452685777813,0.08441602513333123,0.125,
lisa,erm,True,0.08757118804968786,0.08302711610742489,0.006893502009115814,0.01992350910673159,0.034317319897090186,0.048224816245932355,-0.5492063016660799,10,0.25,design,0.05,0.09024452685777813,0.08441602513333123,0.125,
lisa,erm,True,0.08757118804968786,0.08302711610742489,0.006893502009115814,0.01992350910673159,0.034317319897090186,0.048224816245932355,-0.5492063016660799,10,0.25,design,0.1,0.09024452685777813,0.08441602513333123,0.125,
lisa,erm,True,0.08757118804968786,0.08302711610742489,0.006893502009115814,0.01992350910673159,0.034317319897090186,0.048224816245932355,-0.5492063016660799,10,0.25,design,0.2,0.09024452685777813,0.08441602513333123,0.125,5
lisa,erm,True,0.08757118804968786,0.08302711610742489,0.006893502009115814,0.01992350910673159,0.034317319897090186,0.048224816245932355,-0.5492063016660799,10,0.5,ratio,0.02,0.097475229669294,0.08441602513333123,0.25,375
lisa,erm,True,0.08757118804968786,0.08302711610742489,0.006893502009115814,0.01992350910673159,0.034317319897090186,0.048224816245932355,-0.5492063016660799,10,0.5,ratio,0.05,0.097475229669294,0.08441602513333123,0.25,62
lisa,erm,True,0.08757118804968786,0.08302711610742489,0.006893502009115814,0.01992350910673159,0.034317319897090186,0.048224816245932355,-0.5492063016660799,10,0.5,ratio,0.1,0.097475229669294,0.08441602513333123,0.25,17
lisa,erm,True,0.08757118804968786,0.08302711610742489,0.006893502009115814,0.01992350910673159,0.034317319897090186,0.048224816245932355,-0.5492063016660799,10,0.5,ratio,0.2,0.097475229669294,0.08441602513333123,0.25,6
lisa,erm,True,0.08757118804968786,0.08302711610742489,0.006893502009115814,0.01992350910673159,0.034317319897090186,0.048224816245932355,-0.5492063016660799,10,0.5,design,0.02,0.097475229669294,0.08441602513333123,0.25,
lisa,erm,True,0.08757118804968786,0.08302711610742489,0.006893502009115814,0.01992350910673159,0.034317319897090186,0.048224816245932355,-0.5492063016660799,10,0.5,design,0.05,0.097475229669294,0.08441602513333123,0.25,
lisa,erm,True,0.08757118804968786,0.08302711610742489,0.006893502009115814,0.01992350910673159,0.034317319897090186,0.048224816245932355,-0.5492063016660799,10,0.5,design,0.1,0.097475229669294,0.08441602513333123,0.25,
lisa,erm,True,0.08757118804968786,0.08302711610742489,0.006893502009115814,0.01992350910673159,0.034317319897090186,0.048224816245932355,-0.5492063016660799,10,0.5,design,0.2,0.097475229669294,0.08441602513333123,0.25,17
macenko,erm,True,0.13163688974422413,0.13067693677031503,0.01707646180367291,0.009393443493169196,0.034317319897090186,0.027485028899026556,0.7918040196645689,1,0.0,none,0.02,0.13353609481055387,0.13353609481055387,0.0,352
macenko,erm,True,0.13163688974422413,0.13067693677031503,0.01707646180367291,0.009393443493169196,0.034317319897090186,0.027485028899026556,0.7918040196645689,1,0.0,none,0.05,0.13353609481055387,0.13353609481055387,0.0,58
macenko,erm,True,0.13163688974422413,0.13067693677031503,0.01707646180367291,0.009393443493169196,0.034317319897090186,0.027485028899026556,0.7918040196645689,1,0.0,none,0.1,0.13353609481055387,0.13353609481055387,0.0,17
macenko,erm,True,0.13163688974422413,0.13067693677031503,0.01707646180367291,0.009393443493169196,0.034317319897090186,0.027485028899026556,0.7918040196645689,1,0.0,none,0.2,0.13353609481055387,0.13353609481055387,0.0,6
macenko,erm,True,0.13163688974422413,0.13067693677031503,0.01707646180367291,0.009393443493169196,0.034317319897090186,0.027485028899026556,0.7918040196645689,1,0.25,ratio,0.02,0.1427560901568155,0.13353609481055387,0.125,602
macenko,erm,True,0.13163688974422413,0.13067693677031503,0.01707646180367291,0.009393443493169196,0.034317319897090186,0.027485028899026556,0.7918040196645689,1,0.25,ratio,0.05,0.1427560901568155,0.13353609481055387,0.125,98
macenko,erm,True,0.13163688974422413,0.13067693677031503,0.01707646180367291,0.009393443493169196,0.034317319897090186,0.027485028899026556,0.7918040196645689,1,0.25,ratio,0.1,0.1427560901568155,0.13353609481055387,0.125,26
macenko,erm,True,0.13163688974422413,0.13067693677031503,0.01707646180367291,0.009393443493169196,0.034317319897090186,0.027485028899026556,0.7918040196645689,1,0.25,ratio,0.2,0.1427560901568155,0.13353609481055387,0.125,9
macenko,erm,True,0.13163688974422413,0.13067693677031503,0.01707646180367291,0.009393443493169196,0.034317319897090186,0.027485028899026556,0.7918040196645689,1,0.25,design,0.02,0.1427560901568155,0.13353609481055387,0.125,
macenko,erm,True,0.13163688974422413,0.13067693677031503,0.01707646180367291,0.009393443493169196,0.034317319897090186,0.027485028899026556,0.7918040196645689,1,0.25,design,0.05,0.1427560901568155,0.13353609481055387,0.125,
macenko,erm,True,0.13163688974422413,0.13067693677031503,0.01707646180367291,0.009393443493169196,0.034317319897090186,0.027485028899026556,0.7918040196645689,1,0.25,design,0.1,0.1427560901568155,0.13353609481055387,0.125,
macenko,erm,True,0.13163688974422413,0.13067693677031503,0.01707646180367291,0.009393443493169196,0.034317319897090186,0.027485028899026556,0.7918040196645689,1,0.25,design,0.2,0.1427560901568155,0.13353609481055387,0.125,
macenko,erm,True,0.13163688974422413,0.13067693677031503,0.01707646180367291,0.009393443493169196,0.034317319897090186,0.027485028899026556,0.7918040196645689,1,0.5,ratio,0.02,0.15419420057080935,0.13353609481055387,0.25,935
macenko,erm,True,0.13163688974422413,0.13067693677031503,0.01707646180367291,0.009393443493169196,0.034317319897090186,0.027485028899026556,0.7918040196645689,1,0.5,ratio,0.05,0.15419420057080935,0.13353609481055387,0.25,152
macenko,erm,True,0.13163688974422413,0.13067693677031503,0.01707646180367291,0.009393443493169196,0.034317319897090186,0.027485028899026556,0.7918040196645689,1,0.5,ratio,0.1,0.15419420057080935,0.13353609481055387,0.25,40
macenko,erm,True,0.13163688974422413,0.13067693677031503,0.01707646180367291,0.009393443493169196,0.034317319897090186,0.027485028899026556,0.7918040196645689,1,0.5,ratio,0.2,0.15419420057080935,0.13353609481055387,0.25,12
macenko,erm,True,0.13163688974422413,0.13067693677031503,0.01707646180367291,0.009393443493169196,0.034317319897090186,0.027485028899026556,0.7918040196645689,1,0.5,design,0.02,0.15419420057080935,0.13353609481055387,0.25,
macenko,erm,True,0.13163688974422413,0.13067693677031503,0.01707646180367291,0.009393443493169196,0.034317319897090186,0.027485028899026556,0.7918040196645689,1,0.5,design,0.05,0.15419420057080935,0.13353609481055387,0.25,
macenko,erm,True,0.13163688974422413,0.13067693677031503,0.01707646180367291,0.009393443493169196,0.034317319897090186,0.027485028899026556,0.7918040196645689,1,0.5,design,0.1,0.15419420057080935,0.13353609481055387,0.25,
macenko,erm,True,0.13163688974422413,0.13067693677031503,0.01707646180367291,0.009393443493169196,0.034317319897090186,0.027485028899026556,0.7918040196645689,1,0.5,design,0.2,0.15419420057080935,0.13353609481055387,0.25,
macenko,erm,True,0.13163688974422413,0.13067693677031503,0.01707646180367291,0.009393443493169196,0.034317319897090186,0.027485028899026556,0.7918040196645689,3,0.0,none,0.02,0.13163688974422413,0.13163688974422413,0.0,342
macenko,erm,True,0.13163688974422413,0.13067693677031503,0.01707646180367291,0.009393443493169196,0.034317319897090186,0.027485028899026556,0.7918040196645689,3,0.0,none,0.05,0.13163688974422413,0.13163688974422413,0.0,57
macenko,erm,True,0.13163688974422413,0.13067693677031503,0.01707646180367291,0.009393443493169196,0.034317319897090186,0.027485028899026556,0.7918040196645689,3,0.0,none,0.1,0.13163688974422413,0.13163688974422413,0.0,16
macenko,erm,True,0.13163688974422413,0.13067693677031503,0.01707646180367291,0.009393443493169196,0.034317319897090186,0.027485028899026556,0.7918040196645689,3,0.0,none,0.2,0.13163688974422413,0.13163688974422413,0.0,6
macenko,erm,True,0.13163688974422413,0.13067693677031503,0.01707646180367291,0.009393443493169196,0.034317319897090186,0.027485028899026556,0.7918040196645689,3,0.25,ratio,0.02,0.1407257545381209,0.13163688974422413,0.125,585
macenko,erm,True,0.13163688974422413,0.13067693677031503,0.01707646180367291,0.009393443493169196,0.034317319897090186,0.027485028899026556,0.7918040196645689,3,0.25,ratio,0.05,0.1407257545381209,0.13163688974422413,0.125,96
macenko,erm,True,0.13163688974422413,0.13067693677031503,0.01707646180367291,0.009393443493169196,0.034317319897090186,0.027485028899026556,0.7918040196645689,3,0.25,ratio,0.1,0.1407257545381209,0.13163688974422413,0.125,26
macenko,erm,True,0.13163688974422413,0.13067693677031503,0.01707646180367291,0.009393443493169196,0.034317319897090186,0.027485028899026556,0.7918040196645689,3,0.25,ratio,0.2,0.1407257545381209,0.13163688974422413,0.125,8
macenko,erm,True,0.13163688974422413,0.13067693677031503,0.01707646180367291,0.009393443493169196,0.034317319897090186,0.027485028899026556,0.7918040196645689,3,0.25,design,0.02,0.1407257545381209,0.13163688974422413,0.125,
macenko,erm,True,0.13163688974422413,0.13067693677031503,0.01707646180367291,0.009393443493169196,0.034317319897090186,0.027485028899026556,0.7918040196645689,3,0.25,design,0.05,0.1407257545381209,0.13163688974422413,0.125,
macenko,erm,True,0.13163688974422413,0.13067693677031503,0.01707646180367291,0.009393443493169196,0.034317319897090186,0.027485028899026556,0.7918040196645689,3,0.25,design,0.1,0.1407257545381209,0.13163688974422413,0.125,
macenko,erm,True,0.13163688974422413,0.13067693677031503,0.01707646180367291,0.009393443493169196,0.034317319897090186,0.027485028899026556,0.7918040196645689,3,0.25,design,0.2,0.1407257545381209,0.13163688974422413,0.125,102
macenko,erm,True,0.13163688974422413,0.13067693677031503,0.01707646180367291,0.009393443493169196,0.034317319897090186,0.027485028899026556,0.7918040196645689,3,0.5,ratio,0.02,0.1520011874582258,0.13163688974422413,0.25,909
macenko,erm,True,0.13163688974422413,0.13067693677031503,0.01707646180367291,0.009393443493169196,0.034317319897090186,0.027485028899026556,0.7918040196645689,3,0.5,ratio,0.05,0.1520011874582258,0.13163688974422413,0.25,148
macenko,erm,True,0.13163688974422413,0.13067693677031503,0.01707646180367291,0.009393443493169196,0.034317319897090186,0.027485028899026556,0.7918040196645689,3,0.5,ratio,0.1,0.1520011874582258,0.13163688974422413,0.25,39
macenko,erm,True,0.13163688974422413,0.13067693677031503,0.01707646180367291,0.009393443493169196,0.034317319897090186,0.027485028899026556,0.7918040196645689,3,0.5,ratio,0.2,0.1520011874582258,0.13163688974422413,0.25,12
macenko,erm,True,0.13163688974422413,0.13067693677031503,0.01707646180367291,0.009393443493169196,0.034317319897090186,0.027485028899026556,0.7918040196645689,3,0.5,design,0.02,0.1520011874582258,0.13163688974422413,0.25,
macenko,erm,True,0.13163688974422413,0.13067693677031503,0.01707646180367291,0.009393443493169196,0.034317319897090186,0.027485028899026556,0.7918040196645689,3,0.5,design,0.05,0.1520011874582258,0.13163688974422413,0.25,
macenko,erm,True,0.13163688974422413,0.13067693677031503,0.01707646180367291,0.009393443493169196,0.034317319897090186,0.027485028899026556,0.7918040196645689,3,0.5,design,0.1,0.1520011874582258,0.13163688974422413,0.25,
macenko,erm,True,0.13163688974422413,0.13067693677031503,0.01707646180367291,0.009393443493169196,0.034317319897090186,0.027485028899026556,0.7918040196645689,3,0.5,design,0.2,0.1520011874582258,0.13163688974422413,0.25,
macenko,erm,True,0.13163688974422413,0.13067693677031503,0.01707646180367291,0.009393443493169196,0.034317319897090186,0.027485028899026556,0.7918040196645689,5,0.0,none,0.02,0.13125375105645162,0.13125375105645162,0.0,340
macenko,erm,True,0.13163688974422413,0.13067693677031503,0.01707646180367291,0.009393443493169196,0.034317319897090186,0.027485028899026556,0.7918040196645689,5,0.0,none,0.05,0.13125375105645162,0.13125375105645162,0.0,57
macenko,erm,True,0.13163688974422413,0.13067693677031503,0.01707646180367291,0.009393443493169196,0.034317319897090186,0.027485028899026556,0.7918040196645689,5,0.0,none,0.1,0.13125375105645162,0.13125375105645162,0.0,16
macenko,erm,True,0.13163688974422413,0.13067693677031503,0.01707646180367291,0.009393443493169196,0.034317319897090186,0.027485028899026556,0.7918040196645689,5,0.0,none,0.2,0.13125375105645162,0.13125375105645162,0.0,6
macenko,erm,True,0.13163688974422413,0.13067693677031503,0.01707646180367291,0.009393443493169196,0.034317319897090186,0.027485028899026556,0.7918040196645689,5,0.25,ratio,0.02,0.14031616205204578,0.13125375105645162,0.125,582
macenko,erm,True,0.13163688974422413,0.13067693677031503,0.01707646180367291,0.009393443493169196,0.034317319897090186,0.027485028899026556,0.7918040196645689,5,0.25,ratio,0.05,0.14031616205204578,0.13125375105645162,0.125,95
macenko,erm,True,0.13163688974422413,0.13067693677031503,0.01707646180367291,0.009393443493169196,0.034317319897090186,0.027485028899026556,0.7918040196645689,5,0.25,ratio,0.1,0.14031616205204578,0.13125375105645162,0.125,26
macenko,erm,True,0.13163688974422413,0.13067693677031503,0.01707646180367291,0.009393443493169196,0.034317319897090186,0.027485028899026556,0.7918040196645689,5,0.25,ratio,0.2,0.14031616205204578,0.13125375105645162,0.125,8
macenko,erm,True,0.13163688974422413,0.13067693677031503,0.01707646180367291,0.009393443493169196,0.034317319897090186,0.027485028899026556,0.7918040196645689,5,0.25,design,0.02,0.14031616205204578,0.13125375105645162,0.125,
macenko,erm,True,0.13163688974422413,0.13067693677031503,0.01707646180367291,0.009393443493169196,0.034317319897090186,0.027485028899026556,0.7918040196645689,5,0.25,design,0.05,0.14031616205204578,0.13125375105645162,0.125,
macenko,erm,True,0.13163688974422413,0.13067693677031503,0.01707646180367291,0.009393443493169196,0.034317319897090186,0.027485028899026556,0.7918040196645689,5,0.25,design,0.1,0.14031616205204578,0.13125375105645162,0.125,
macenko,erm,True,0.13163688974422413,0.13067693677031503,0.01707646180367291,0.009393443493169196,0.034317319897090186,0.027485028899026556,0.7918040196645689,5,0.25,design,0.2,0.14031616205204578,0.13125375105645162,0.125,86
macenko,erm,True,0.13163688974422413,0.13067693677031503,0.01707646180367291,0.009393443493169196,0.034317319897090186,0.027485028899026556,0.7918040196645689,5,0.5,ratio,0.02,0.15155877700918094,0.13125375105645162,0.25,904
macenko,erm,True,0.13163688974422413,0.13067693677031503,0.01707646180367291,0.009393443493169196,0.034317319897090186,0.027485028899026556,0.7918040196645689,5,0.5,ratio,0.05,0.15155877700918094,0.13125375105645162,0.25,147
macenko,erm,True,0.13163688974422413,0.13067693677031503,0.01707646180367291,0.009393443493169196,0.034317319897090186,0.027485028899026556,0.7918040196645689,5,0.5,ratio,0.1,0.15155877700918094,0.13125375105645162,0.25,39
macenko,erm,True,0.13163688974422413,0.13067693677031503,0.01707646180367291,0.009393443493169196,0.034317319897090186,0.027485028899026556,0.7918040196645689,5,0.5,ratio,0.2,0.15155877700918094,0.13125375105645162,0.25,12
macenko,erm,True,0.13163688974422413,0.13067693677031503,0.01707646180367291,0.009393443493169196,0.034317319897090186,0.027485028899026556,0.7918040196645689,5,0.5,design,0.02,0.15155877700918094,0.13125375105645162,0.25,
macenko,erm,True,0.13163688974422413,0.13067693677031503,0.01707646180367291,0.009393443493169196,0.034317319897090186,0.027485028899026556,0.7918040196645689,5,0.5,design,0.05,0.15155877700918094,0.13125375105645162,0.25,
macenko,erm,True,0.13163688974422413,0.13067693677031503,0.01707646180367291,0.009393443493169196,0.034317319897090186,0.027485028899026556,0.7918040196645689,5,0.5,design,0.1,0.15155877700918094,0.13125375105645162,0.25,
macenko,erm,True,0.13163688974422413,0.13067693677031503,0.01707646180367291,0.009393443493169196,0.034317319897090186,0.027485028899026556,0.7918040196645689,5,0.5,design,0.2,0.15155877700918094,0.13125375105645162,0.25,
macenko,erm,True,0.13163688974422413,0.13067693677031503,0.01707646180367291,0.009393443493169196,0.034317319897090186,0.027485028899026556,0.7918040196645689,10,0.0,none,0.02,0.1309656614728874,0.1309656614728874,0.0,339
macenko,erm,True,0.13163688974422413,0.13067693677031503,0.01707646180367291,0.009393443493169196,0.034317319897090186,0.027485028899026556,0.7918040196645689,10,0.0,none,0.05,0.1309656614728874,0.1309656614728874,0.0,56
macenko,erm,True,0.13163688974422413,0.13067693677031503,0.01707646180367291,0.009393443493169196,0.034317319897090186,0.027485028899026556,0.7918040196645689,10,0.0,none,0.1,0.1309656614728874,0.1309656614728874,0.0,16
macenko,erm,True,0.13163688974422413,0.13067693677031503,0.01707646180367291,0.009393443493169196,0.034317319897090186,0.027485028899026556,0.7918040196645689,10,0.0,none,0.2,0.1309656614728874,0.1309656614728874,0.0,6
macenko,erm,True,0.13163688974422413,0.13067693677031503,0.01707646180367291,0.009393443493169196,0.034317319897090186,0.027485028899026556,0.7918040196645689,10,0.25,ratio,0.02,0.14000818133250417,0.1309656614728874,0.125,579
macenko,erm,True,0.13163688974422413,0.13067693677031503,0.01707646180367291,0.009393443493169196,0.034317319897090186,0.027485028899026556,0.7918040196645689,10,0.25,ratio,0.05,0.14000818133250417,0.1309656614728874,0.125,95
macenko,erm,True,0.13163688974422413,0.13067693677031503,0.01707646180367291,0.009393443493169196,0.034317319897090186,0.027485028899026556,0.7918040196645689,10,0.25,ratio,0.1,0.14000818133250417,0.1309656614728874,0.125,26
macenko,erm,True,0.13163688974422413,0.13067693677031503,0.01707646180367291,0.009393443493169196,0.034317319897090186,0.027485028899026556,0.7918040196645689,10,0.25,ratio,0.2,0.14000818133250417,0.1309656614728874,0.125,8
macenko,erm,True,0.13163688974422413,0.13067693677031503,0.01707646180367291,0.009393443493169196,0.034317319897090186,0.027485028899026556,0.7918040196645689,10,0.25,design,0.02,0.14000818133250417,0.1309656614728874,0.125,
macenko,erm,True,0.13163688974422413,0.13067693677031503,0.01707646180367291,0.009393443493169196,0.034317319897090186,0.027485028899026556,0.7918040196645689,10,0.25,design,0.05,0.14000818133250417,0.1309656614728874,0.125,
macenko,erm,True,0.13163688974422413,0.13067693677031503,0.01707646180367291,0.009393443493169196,0.034317319897090186,0.027485028899026556,0.7918040196645689,10,0.25,design,0.1,0.14000818133250417,0.1309656614728874,0.125,
macenko,erm,True,0.13163688974422413,0.13067693677031503,0.01707646180367291,0.009393443493169196,0.034317319897090186,0.027485028899026556,0.7918040196645689,10,0.25,design,0.2,0.14000818133250417,0.1309656614728874,0.125,76
macenko,erm,True,0.13163688974422413,0.13067693677031503,0.01707646180367291,0.009393443493169196,0.034317319897090186,0.027485028899026556,0.7918040196645689,10,0.5,ratio,0.02,0.1512261198119379,0.1309656614728874,0.25,900
macenko,erm,True,0.13163688974422413,0.13067693677031503,0.01707646180367291,0.009393443493169196,0.034317319897090186,0.027485028899026556,0.7918040196645689,10,0.5,ratio,0.05,0.1512261198119379,0.1309656614728874,0.25,146
macenko,erm,True,0.13163688974422413,0.13067693677031503,0.01707646180367291,0.009393443493169196,0.034317319897090186,0.027485028899026556,0.7918040196645689,10,0.5,ratio,0.1,0.1512261198119379,0.1309656614728874,0.25,38
macenko,erm,True,0.13163688974422413,0.13067693677031503,0.01707646180367291,0.009393443493169196,0.034317319897090186,0.027485028899026556,0.7918040196645689,10,0.5,ratio,0.2,0.1512261198119379,0.1309656614728874,0.25,12
macenko,erm,True,0.13163688974422413,0.13067693677031503,0.01707646180367291,0.009393443493169196,0.034317319897090186,0.027485028899026556,0.7918040196645689,10,0.5,design,0.02,0.1512261198119379,0.1309656614728874,0.25,
macenko,erm,True,0.13163688974422413,0.13067693677031503,0.01707646180367291,0.009393443493169196,0.034317319897090186,0.027485028899026556,0.7918040196645689,10,0.5,design,0.05,0.1512261198119379,0.1309656614728874,0.25,
macenko,erm,True,0.13163688974422413,0.13067693677031503,0.01707646180367291,0.009393443493169196,0.034317319897090186,0.027485028899026556,0.7918040196645689,10,0.5,design,0.1,0.1512261198119379,0.1309656614728874,0.25,
macenko,erm,True,0.13163688974422413,0.13067693677031503,0.01707646180367291,0.009393443493169196,0.034317319897090186,0.027485028899026556,0.7918040196645689,10,0.5,design,0.2,0.1512261198119379,0.1309656614728874,0.25,
macenko_tile,erm,True,0.1362216218587114,0.13405861112215064,0.01797171121600001,0.012290866879255714,0.034317319897090186,0.04187907756211036,-0.5039399659210152,1,0.0,none,0.02,0.14044774242917993,0.14044774242917993,0.0,389
macenko_tile,erm,True,0.1362216218587114,0.13405861112215064,0.01797171121600001,0.012290866879255714,0.034317319897090186,0.04187907756211036,-0.5039399659210152,1,0.0,none,0.05,0.14044774242917993,0.14044774242917993,0.0,64
macenko_tile,erm,True,0.1362216218587114,0.13405861112215064,0.01797171121600001,0.012290866879255714,0.034317319897090186,0.04187907756211036,-0.5039399659210152,1,0.0,none,0.1,0.14044774242917993,0.14044774242917993,0.0,18
macenko_tile,erm,True,0.1362216218587114,0.13405861112215064,0.01797171121600001,0.012290866879255714,0.034317319897090186,0.04187907756211036,-0.5039399659210152,1,0.0,none,0.2,0.14044774242917993,0.14044774242917993,0.0,7
macenko_tile,erm,True,0.1362216218587114,0.13405861112215064,0.01797171121600001,0.012290866879255714,0.034317319897090186,0.04187907756211036,-0.5039399659210152,1,0.25,ratio,0.02,0.1501449522616757,0.14044774242917993,0.125,666
macenko_tile,erm,True,0.1362216218587114,0.13405861112215064,0.01797171121600001,0.012290866879255714,0.034317319897090186,0.04187907756211036,-0.5039399659210152,1,0.25,ratio,0.05,0.1501449522616757,0.14044774242917993,0.125,109
macenko_tile,erm,True,0.1362216218587114,0.13405861112215064,0.01797171121600001,0.012290866879255714,0.034317319897090186,0.04187907756211036,-0.5039399659210152,1,0.25,ratio,0.1,0.1501449522616757,0.14044774242917993,0.125,29
macenko_tile,erm,True,0.1362216218587114,0.13405861112215064,0.01797171121600001,0.012290866879255714,0.034317319897090186,0.04187907756211036,-0.5039399659210152,1,0.25,ratio,0.2,0.1501449522616757,0.14044774242917993,0.125,9
macenko_tile,erm,True,0.1362216218587114,0.13405861112215064,0.01797171121600001,0.012290866879255714,0.034317319897090186,0.04187907756211036,-0.5039399659210152,1,0.25,design,0.02,0.1501449522616757,0.14044774242917993,0.125,
macenko_tile,erm,True,0.1362216218587114,0.13405861112215064,0.01797171121600001,0.012290866879255714,0.034317319897090186,0.04187907756211036,-0.5039399659210152,1,0.25,design,0.05,0.1501449522616757,0.14044774242917993,0.125,
macenko_tile,erm,True,0.1362216218587114,0.13405861112215064,0.01797171121600001,0.012290866879255714,0.034317319897090186,0.04187907756211036,-0.5039399659210152,1,0.25,design,0.1,0.1501449522616757,0.14044774242917993,0.125,
macenko_tile,erm,True,0.1362216218587114,0.13405861112215064,0.01797171121600001,0.012290866879255714,0.034317319897090186,0.04187907756211036,-0.5039399659210152,1,0.25,design,0.2,0.1501449522616757,0.14044774242917993,0.125,
macenko_tile,erm,True,0.1362216218587114,0.13405861112215064,0.01797171121600001,0.012290866879255714,0.034317319897090186,0.04187907756211036,-0.5039399659210152,1,0.5,ratio,0.02,0.16217508379712453,0.14044774242917993,0.25,
macenko_tile,erm,True,0.1362216218587114,0.13405861112215064,0.01797171121600001,0.012290866879255714,0.034317319897090186,0.04187907756211036,-0.5039399659210152,1,0.5,ratio,0.05,0.16217508379712453,0.14044774242917993,0.25,168
macenko_tile,erm,True,0.1362216218587114,0.13405861112215064,0.01797171121600001,0.012290866879255714,0.034317319897090186,0.04187907756211036,-0.5039399659210152,1,0.5,ratio,0.1,0.16217508379712453,0.14044774242917993,0.25,44
macenko_tile,erm,True,0.1362216218587114,0.13405861112215064,0.01797171121600001,0.012290866879255714,0.034317319897090186,0.04187907756211036,-0.5039399659210152,1,0.5,ratio,0.2,0.16217508379712453,0.14044774242917993,0.25,13
macenko_tile,erm,True,0.1362216218587114,0.13405861112215064,0.01797171121600001,0.012290866879255714,0.034317319897090186,0.04187907756211036,-0.5039399659210152,1,0.5,design,0.02,0.16217508379712453,0.14044774242917993,0.25,
macenko_tile,erm,True,0.1362216218587114,0.13405861112215064,0.01797171121600001,0.012290866879255714,0.034317319897090186,0.04187907756211036,-0.5039399659210152,1,0.5,design,0.05,0.16217508379712453,0.14044774242917993,0.25,
macenko_tile,erm,True,0.1362216218587114,0.13405861112215064,0.01797171121600001,0.012290866879255714,0.034317319897090186,0.04187907756211036,-0.5039399659210152,1,0.5,design,0.1,0.16217508379712453,0.14044774242917993,0.25,
macenko_tile,erm,True,0.1362216218587114,0.13405861112215064,0.01797171121600001,0.012290866879255714,0.034317319897090186,0.04187907756211036,-0.5039399659210152,1,0.5,design,0.2,0.16217508379712453,0.14044774242917993,0.25,
macenko_tile,erm,True,0.1362216218587114,0.13405861112215064,0.01797171121600001,0.012290866879255714,0.034317319897090186,0.04187907756211036,-0.5039399659210152,3,0.0,none,0.02,0.1362216218587114,0.1362216218587114,0.0,367
macenko_tile,erm,True,0.1362216218587114,0.13405861112215064,0.01797171121600001,0.012290866879255714,0.034317319897090186,0.04187907756211036,-0.5039399659210152,3,0.0,none,0.05,0.1362216218587114,0.1362216218587114,0.0,61
macenko_tile,erm,True,0.1362216218587114,0.13405861112215064,0.01797171121600001,0.012290866879255714,0.034317319897090186,0.04187907756211036,-0.5039399659210152,3,0.0,none,0.1,0.1362216218587114,0.1362216218587114,0.0,17
macenko_tile,erm,True,0.1362216218587114,0.13405861112215064,0.01797171121600001,0.012290866879255714,0.034317319897090186,0.04187907756211036,-0.5039399659210152,3,0.0,none,0.2,0.1362216218587114,0.1362216218587114,0.0,6
macenko_tile,erm,True,0.1362216218587114,0.13405861112215064,0.01797171121600001,0.012290866879255714,0.034317319897090186,0.04187907756211036,-0.5039399659210152,3,0.25,ratio,0.02,0.14562703933313545,0.1362216218587114,0.125,627
macenko_tile,erm,True,0.1362216218587114,0.13405861112215064,0.01797171121600001,0.012290866879255714,0.034317319897090186,0.04187907756211036,-0.5039399659210152,3,0.25,ratio,0.05,0.14562703933313545,0.1362216218587114,0.125,102
macenko_tile,erm,True,0.1362216218587114,0.13405861112215064,0.01797171121600001,0.012290866879255714,0.034317319897090186,0.04187907756211036,-0.5039399659210152,3,0.25,ratio,0.1,0.14562703933313545,0.1362216218587114,0.125,27
macenko_tile,erm,True,0.1362216218587114,0.13405861112215064,0.01797171121600001,0.012290866879255714,0.034317319897090186,0.04187907756211036,-0.5039399659210152,3,0.25,ratio,0.2,0.14562703933313545,0.1362216218587114,0.125,9
macenko_tile,erm,True,0.1362216218587114,0.13405861112215064,0.01797171121600001,0.012290866879255714,0.034317319897090186,0.04187907756211036,-0.5039399659210152,3,0.25,design,0.02,0.14562703933313545,0.1362216218587114,0.125,
macenko_tile,erm,True,0.1362216218587114,0.13405861112215064,0.01797171121600001,0.012290866879255714,0.034317319897090186,0.04187907756211036,-0.5039399659210152,3,0.25,design,0.05,0.14562703933313545,0.1362216218587114,0.125,
macenko_tile,erm,True,0.1362216218587114,0.13405861112215064,0.01797171121600001,0.012290866879255714,0.034317319897090186,0.04187907756211036,-0.5039399659210152,3,0.25,design,0.1,0.14562703933313545,0.1362216218587114,0.125,
macenko_tile,erm,True,0.1362216218587114,0.13405861112215064,0.01797171121600001,0.012290866879255714,0.034317319897090186,0.04187907756211036,-0.5039399659210152,3,0.25,design,0.2,0.14562703933313545,0.1362216218587114,0.125,
macenko_tile,erm,True,0.1362216218587114,0.13405861112215064,0.01797171121600001,0.012290866879255714,0.034317319897090186,0.04187907756211036,-0.5039399659210152,3,0.5,ratio,0.02,0.15729518009914886,0.1362216218587114,0.25,973
macenko_tile,erm,True,0.1362216218587114,0.13405861112215064,0.01797171121600001,0.012290866879255714,0.034317319897090186,0.04187907756211036,-0.5039399659210152,3,0.5,ratio,0.05,0.15729518009914886,0.1362216218587114,0.25,158
macenko_tile,erm,True,0.1362216218587114,0.13405861112215064,0.01797171121600001,0.012290866879255714,0.034317319897090186,0.04187907756211036,-0.5039399659210152,3,0.5,ratio,0.1,0.15729518009914886,0.1362216218587114,0.25,41
macenko_tile,erm,True,0.1362216218587114,0.13405861112215064,0.01797171121600001,0.012290866879255714,0.034317319897090186,0.04187907756211036,-0.5039399659210152,3,0.5,ratio,0.2,0.15729518009914886,0.1362216218587114,0.25,12
macenko_tile,erm,True,0.1362216218587114,0.13405861112215064,0.01797171121600001,0.012290866879255714,0.034317319897090186,0.04187907756211036,-0.5039399659210152,3,0.5,design,0.02,0.15729518009914886,0.1362216218587114,0.25,
macenko_tile,erm,True,0.1362216218587114,0.13405861112215064,0.01797171121600001,0.012290866879255714,0.034317319897090186,0.04187907756211036,-0.5039399659210152,3,0.5,design,0.05,0.15729518009914886,0.1362216218587114,0.25,
macenko_tile,erm,True,0.1362216218587114,0.13405861112215064,0.01797171121600001,0.012290866879255714,0.034317319897090186,0.04187907756211036,-0.5039399659210152,3,0.5,design,0.1,0.15729518009914886,0.1362216218587114,0.25,
macenko_tile,erm,True,0.1362216218587114,0.13405861112215064,0.01797171121600001,0.012290866879255714,0.034317319897090186,0.04187907756211036,-0.5039399659210152,3,0.5,design,0.2,0.15729518009914886,0.1362216218587114,0.25,
macenko_tile,erm,True,0.1362216218587114,0.13405861112215064,0.01797171121600001,0.012290866879255714,0.034317319897090186,0.04187907756211036,-0.5039399659210152,5,0.0,none,0.02,0.1353605653190421,0.1353605653190421,0.0,362
macenko_tile,erm,True,0.1362216218587114,0.13405861112215064,0.01797171121600001,0.012290866879255714,0.034317319897090186,0.04187907756211036,-0.5039399659210152,5,0.0,none,0.05,0.1353605653190421,0.1353605653190421,0.0,60
macenko_tile,erm,True,0.1362216218587114,0.13405861112215064,0.01797171121600001,0.012290866879255714,0.034317319897090186,0.04187907756211036,-0.5039399659210152,5,0.0,none,0.1,0.1353605653190421,0.1353605653190421,0.0,17
macenko_tile,erm,True,0.1362216218587114,0.13405861112215064,0.01797171121600001,0.012290866879255714,0.034317319897090186,0.04187907756211036,-0.5039399659210152,5,0.0,none,0.2,0.1353605653190421,0.1353605653190421,0.0,6
macenko_tile,erm,True,0.1362216218587114,0.13405861112215064,0.01797171121600001,0.012290866879255714,0.034317319897090186,0.04187907756211036,-0.5039399659210152,5,0.25,ratio,0.02,0.14470653117254012,0.1353605653190421,0.125,619
macenko_tile,erm,True,0.1362216218587114,0.13405861112215064,0.01797171121600001,0.012290866879255714,0.034317319897090186,0.04187907756211036,-0.5039399659210152,5,0.25,ratio,0.05,0.14470653117254012,0.1353605653190421,0.125,101
macenko_tile,erm,True,0.1362216218587114,0.13405861112215064,0.01797171121600001,0.012290866879255714,0.034317319897090186,0.04187907756211036,-0.5039399659210152,5,0.25,ratio,0.1,0.14470653117254012,0.1353605653190421,0.125,27
macenko_tile,erm,True,0.1362216218587114,0.13405861112215064,0.01797171121600001,0.012290866879255714,0.034317319897090186,0.04187907756211036,-0.5039399659210152,5,0.25,ratio,0.2,0.14470653117254012,0.1353605653190421,0.125,9
macenko_tile,erm,True,0.1362216218587114,0.13405861112215064,0.01797171121600001,0.012290866879255714,0.034317319897090186,0.04187907756211036,-0.5039399659210152,5,0.25,design,0.02,0.14470653117254012,0.1353605653190421,0.125,
macenko_tile,erm,True,0.1362216218587114,0.13405861112215064,0.01797171121600001,0.012290866879255714,0.034317319897090186,0.04187907756211036,-0.5039399659210152,5,0.25,design,0.05,0.14470653117254012,0.1353605653190421,0.125,
macenko_tile,erm,True,0.1362216218587114,0.13405861112215064,0.01797171121600001,0.012290866879255714,0.034317319897090186,0.04187907756211036,-0.5039399659210152,5,0.25,design,0.1,0.14470653117254012,0.1353605653190421,0.125,
macenko_tile,erm,True,0.1362216218587114,0.13405861112215064,0.01797171121600001,0.012290866879255714,0.034317319897090186,0.04187907756211036,-0.5039399659210152,5,0.25,design,0.2,0.14470653117254012,0.1353605653190421,0.125,
macenko_tile,erm,True,0.1362216218587114,0.13405861112215064,0.01797171121600001,0.012290866879255714,0.034317319897090186,0.04187907756211036,-0.5039399659210152,5,0.5,ratio,0.02,0.15630091764921775,0.1353605653190421,0.25,961
macenko_tile,erm,True,0.1362216218587114,0.13405861112215064,0.01797171121600001,0.012290866879255714,0.034317319897090186,0.04187907756211036,-0.5039399659210152,5,0.5,ratio,0.05,0.15630091764921775,0.1353605653190421,0.25,156
macenko_tile,erm,True,0.1362216218587114,0.13405861112215064,0.01797171121600001,0.012290866879255714,0.034317319897090186,0.04187907756211036,-0.5039399659210152,5,0.5,ratio,0.1,0.15630091764921775,0.1353605653190421,0.25,41
macenko_tile,erm,True,0.1362216218587114,0.13405861112215064,0.01797171121600001,0.012290866879255714,0.034317319897090186,0.04187907756211036,-0.5039399659210152,5,0.5,ratio,0.2,0.15630091764921775,0.1353605653190421,0.25,12
macenko_tile,erm,True,0.1362216218587114,0.13405861112215064,0.01797171121600001,0.012290866879255714,0.034317319897090186,0.04187907756211036,-0.5039399659210152,5,0.5,design,0.02,0.15630091764921775,0.1353605653190421,0.25,
macenko_tile,erm,True,0.1362216218587114,0.13405861112215064,0.01797171121600001,0.012290866879255714,0.034317319897090186,0.04187907756211036,-0.5039399659210152,5,0.5,design,0.05,0.15630091764921775,0.1353605653190421,0.25,
macenko_tile,erm,True,0.1362216218587114,0.13405861112215064,0.01797171121600001,0.012290866879255714,0.034317319897090186,0.04187907756211036,-0.5039399659210152,5,0.5,design,0.1,0.15630091764921775,0.1353605653190421,0.25,
macenko_tile,erm,True,0.1362216218587114,0.13405861112215064,0.01797171121600001,0.012290866879255714,0.034317319897090186,0.04187907756211036,-0.5039399659210152,5,0.5,design,0.2,0.15630091764921775,0.1353605653190421,0.25,
macenko_tile,erm,True,0.1362216218587114,0.13405861112215064,0.01797171121600001,0.012290866879255714,0.034317319897090186,0.04187907756211036,-0.5039399659210152,10,0.0,none,0.02,0.13471116111794648,0.13471116111794648,0.0,359
macenko_tile,erm,True,0.1362216218587114,0.13405861112215064,0.01797171121600001,0.012290866879255714,0.034317319897090186,0.04187907756211036,-0.5039399659210152,10,0.0,none,0.05,0.13471116111794648,0.13471116111794648,0.0,59
macenko_tile,erm,True,0.1362216218587114,0.13405861112215064,0.01797171121600001,0.012290866879255714,0.034317319897090186,0.04187907756211036,-0.5039399659210152,10,0.0,none,0.1,0.13471116111794648,0.13471116111794648,0.0,17
macenko_tile,erm,True,0.1362216218587114,0.13405861112215064,0.01797171121600001,0.012290866879255714,0.034317319897090186,0.04187907756211036,-0.5039399659210152,10,0.0,none,0.2,0.13471116111794648,0.13471116111794648,0.0,6
macenko_tile,erm,True,0.1362216218587114,0.13405861112215064,0.01797171121600001,0.012290866879255714,0.034317319897090186,0.04187907756211036,-0.5039399659210152,10,0.25,ratio,0.02,0.1440122888793883,0.13471116111794648,0.125,613
macenko_tile,erm,True,0.1362216218587114,0.13405861112215064,0.01797171121600001,0.012290866879255714,0.034317319897090186,0.04187907756211036,-0.5039399659210152,10,0.25,ratio,0.05,0.1440122888793883,0.13471116111794648,0.125,100
macenko_tile,erm,True,0.1362216218587114,0.13405861112215064,0.01797171121600001,0.012290866879255714,0.034317319897090186,0.04187907756211036,-0.5039399659210152,10,0.25,ratio,0.1,0.1440122888793883,0.13471116111794648,0.125,27
macenko_tile,erm,True,0.1362216218587114,0.13405861112215064,0.01797171121600001,0.012290866879255714,0.034317319897090186,0.04187907756211036,-0.5039399659210152,10,0.25,ratio,0.2,0.1440122888793883,0.13471116111794648,0.125,9
macenko_tile,erm,True,0.1362216218587114,0.13405861112215064,0.01797171121600001,0.012290866879255714,0.034317319897090186,0.04187907756211036,-0.5039399659210152,10,0.25,design,0.02,0.1440122888793883,0.13471116111794648,0.125,
macenko_tile,erm,True,0.1362216218587114,0.13405861112215064,0.01797171121600001,0.012290866879255714,0.034317319897090186,0.04187907756211036,-0.5039399659210152,10,0.25,design,0.05,0.1440122888793883,0.13471116111794648,0.125,
macenko_tile,erm,True,0.1362216218587114,0.13405861112215064,0.01797171121600001,0.012290866879255714,0.034317319897090186,0.04187907756211036,-0.5039399659210152,10,0.25,design,0.1,0.1440122888793883,0.13471116111794648,0.125,
macenko_tile,erm,True,0.1362216218587114,0.13405861112215064,0.01797171121600001,0.012290866879255714,0.034317319897090186,0.04187907756211036,-0.5039399659210152,10,0.25,design,0.2,0.1440122888793883,0.13471116111794648,0.125,
macenko_tile,erm,True,0.1362216218587114,0.13405861112215064,0.01797171121600001,0.012290866879255714,0.034317319897090186,0.04187907756211036,-0.5039399659210152,10,0.5,ratio,0.02,0.1555510502685869,0.13471116111794648,0.25,952
macenko_tile,erm,True,0.1362216218587114,0.13405861112215064,0.01797171121600001,0.012290866879255714,0.034317319897090186,0.04187907756211036,-0.5039399659210152,10,0.5,ratio,0.05,0.1555510502685869,0.13471116111794648,0.25,154
macenko_tile,erm,True,0.1362216218587114,0.13405861112215064,0.01797171121600001,0.012290866879255714,0.034317319897090186,0.04187907756211036,-0.5039399659210152,10,0.5,ratio,0.1,0.1555510502685869,0.13471116111794648,0.25,40
macenko_tile,erm,True,0.1362216218587114,0.13405861112215064,0.01797171121600001,0.012290866879255714,0.034317319897090186,0.04187907756211036,-0.5039399659210152,10,0.5,ratio,0.2,0.1555510502685869,0.13471116111794648,0.25,12
macenko_tile,erm,True,0.1362216218587114,0.13405861112215064,0.01797171121600001,0.012290866879255714,0.034317319897090186,0.04187907756211036,-0.5039399659210152,10,0.5,design,0.02,0.1555510502685869,0.13471116111794648,0.25,
macenko_tile,erm,True,0.1362216218587114,0.13405861112215064,0.01797171121600001,0.012290866879255714,0.034317319897090186,0.04187907756211036,-0.5039399659210152,10,0.5,design,0.05,0.1555510502685869,0.13471116111794648,0.25,
macenko_tile,erm,True,0.1362216218587114,0.13405861112215064,0.01797171121600001,0.012290866879255714,0.034317319897090186,0.04187907756211036,-0.5039399659210152,10,0.5,design,0.1,0.1555510502685869,0.13471116111794648,0.25,
macenko_tile,erm,True,0.1362216218587114,0.13405861112215064,0.01797171121600001,0.012290866879255714,0.034317319897090186,0.04187907756211036,-0.5039399659210152,10,0.5,design,0.2,0.1555510502685869,0.13471116111794648,0.25,
mixstyle,erm,True,0.04840083460355579,0.019205771817138065,0.0003688616710919748,0.04388518618965336,0.034317319897090186,0.07695022649535456,-0.9354941016742971,1,0.0,none,0.02,0.0793107749853596,0.0793107749853596,0.0,126
mixstyle,erm,True,0.04840083460355579,0.019205771817138065,0.0003688616710919748,0.04388518618965336,0.034317319897090186,0.07695022649535456,-0.9354941016742971,1,0.0,none,0.05,0.0793107749853596,0.0793107749853596,0.0,22
mixstyle,erm,True,0.04840083460355579,0.019205771817138065,0.0003688616710919748,0.04388518618965336,0.034317319897090186,0.07695022649535456,-0.9354941016742971,1,0.0,none,0.1,0.0793107749853596,0.0793107749853596,0.0,8
mixstyle,erm,True,0.04840083460355579,0.019205771817138065,0.0003688616710919748,0.04388518618965336,0.034317319897090186,0.07695022649535456,-0.9354941016742971,1,0.0,none,0.2,0.0793107749853596,0.0793107749853596,0.0,4
mixstyle,erm,True,0.04840083460355579,0.019205771817138065,0.0003688616710919748,0.04388518618965336,0.034317319897090186,0.07695022649535456,-0.9354941016742971,1,0.25,ratio,0.02,0.0847867848784962,0.0793107749853596,0.125,214
mixstyle,erm,True,0.04840083460355579,0.019205771817138065,0.0003688616710919748,0.04388518618965336,0.034317319897090186,0.07695022649535456,-0.9354941016742971,1,0.25,ratio,0.05,0.0847867848784962,0.0793107749853596,0.125,36
mixstyle,erm,True,0.04840083460355579,0.019205771817138065,0.0003688616710919748,0.04388518618965336,0.034317319897090186,0.07695022649535456,-0.9354941016742971,1,0.25,ratio,0.1,0.0847867848784962,0.0793107749853596,0.125,11
mixstyle,erm,True,0.04840083460355579,0.019205771817138065,0.0003688616710919748,0.04388518618965336,0.034317319897090186,0.07695022649535456,-0.9354941016742971,1,0.25,ratio,0.2,0.0847867848784962,0.0793107749853596,0.125,5
mixstyle,erm,True,0.04840083460355579,0.019205771817138065,0.0003688616710919748,0.04388518618965336,0.034317319897090186,0.07695022649535456,-0.9354941016742971,1,0.25,design,0.02,0.0847867848784962,0.0793107749853596,0.125,
mixstyle,erm,True,0.04840083460355579,0.019205771817138065,0.0003688616710919748,0.04388518618965336,0.034317319897090186,0.07695022649535456,-0.9354941016742971,1,0.25,design,0.05,0.0847867848784962,0.0793107749853596,0.125,
mixstyle,erm,True,0.04840083460355579,0.019205771817138065,0.0003688616710919748,0.04388518618965336,0.034317319897090186,0.07695022649535456,-0.9354941016742971,1,0.25,design,0.1,0.0847867848784962,0.0793107749853596,0.125,
mixstyle,erm,True,0.04840083460355579,0.019205771817138065,0.0003688616710919748,0.04388518618965336,0.034317319897090186,0.07695022649535456,-0.9354941016742971,1,0.25,design,0.2,0.0847867848784962,0.0793107749853596,0.125,5
mixstyle,erm,True,0.04840083460355579,0.019205771817138065,0.0003688616710919748,0.04388518618965336,0.034317319897090186,0.07695022649535456,-0.9354941016742971,1,0.5,ratio,0.02,0.0915801945748704,0.0793107749853596,0.25,332
mixstyle,erm,True,0.04840083460355579,0.019205771817138065,0.0003688616710919748,0.04388518618965336,0.034317319897090186,0.07695022649535456,-0.9354941016742971,1,0.5,ratio,0.05,0.0915801945748704,0.0793107749853596,0.25,55
mixstyle,erm,True,0.04840083460355579,0.019205771817138065,0.0003688616710919748,0.04388518618965336,0.034317319897090186,0.07695022649535456,-0.9354941016742971,1,0.5,ratio,0.1,0.0915801945748704,0.0793107749853596,0.25,16
mixstyle,erm,True,0.04840083460355579,0.019205771817138065,0.0003688616710919748,0.04388518618965336,0.034317319897090186,0.07695022649535456,-0.9354941016742971,1,0.5,ratio,0.2,0.0915801945748704,0.0793107749853596,0.25,6
mixstyle,erm,True,0.04840083460355579,0.019205771817138065,0.0003688616710919748,0.04388518618965336,0.034317319897090186,0.07695022649535456,-0.9354941016742971,1,0.5,design,0.02,0.0915801945748704,0.0793107749853596,0.25,
mixstyle,erm,True,0.04840083460355579,0.019205771817138065,0.0003688616710919748,0.04388518618965336,0.034317319897090186,0.07695022649535456,-0.9354941016742971,1,0.5,design,0.05,0.0915801945748704,0.0793107749853596,0.25,
mixstyle,erm,True,0.04840083460355579,0.019205771817138065,0.0003688616710919748,0.04388518618965336,0.034317319897090186,0.07695022649535456,-0.9354941016742971,1,0.5,design,0.1,0.0915801945748704,0.0793107749853596,0.25,
mixstyle,erm,True,0.04840083460355579,0.019205771817138065,0.0003688616710919748,0.04388518618965336,0.034317319897090186,0.07695022649535456,-0.9354941016742971,1,0.5,design,0.2,0.0915801945748704,0.0793107749853596,0.25,8
mixstyle,erm,True,0.04840083460355579,0.019205771817138065,0.0003688616710919748,0.04388518618965336,0.034317319897090186,0.07695022649535456,-0.9354941016742971,3,0.0,none,0.02,0.04840083460355579,0.04840083460355579,0.0,48
mixstyle,erm,True,0.04840083460355579,0.019205771817138065,0.0003688616710919748,0.04388518618965336,0.034317319897090186,0.07695022649535456,-0.9354941016742971,3,0.0,none,0.05,0.04840083460355579,0.04840083460355579,0.0,10
mixstyle,erm,True,0.04840083460355579,0.019205771817138065,0.0003688616710919748,0.04388518618965336,0.034317319897090186,0.07695022649535456,-0.9354941016742971,3,0.0,none,0.1,0.04840083460355579,0.04840083460355579,0.0,5
mixstyle,erm,True,0.04840083460355579,0.019205771817138065,0.0003688616710919748,0.04388518618965336,0.034317319897090186,0.07695022649535456,-0.9354941016742971,3,0.0,none,0.2,0.04840083460355579,0.04840083460355579,0.0,3
mixstyle,erm,True,0.04840083460355579,0.019205771817138065,0.0003688616710919748,0.04388518618965336,0.034317319897090186,0.07695022649535456,-0.9354941016742971,3,0.25,ratio,0.02,0.051742668662976665,0.04840083460355579,0.125,81
mixstyle,erm,True,0.04840083460355579,0.019205771817138065,0.0003688616710919748,0.04388518618965336,0.034317319897090186,0.07695022649535456,-0.9354941016742971,3,0.25,ratio,0.05,0.051742668662976665,0.04840083460355579,0.125,15
mixstyle,erm,True,0.04840083460355579,0.019205771817138065,0.0003688616710919748,0.04388518618965336,0.034317319897090186,0.07695022649535456,-0.9354941016742971,3,0.25,ratio,0.1,0.051742668662976665,0.04840083460355579,0.125,6
mixstyle,erm,True,0.04840083460355579,0.019205771817138065,0.0003688616710919748,0.04388518618965336,0.034317319897090186,0.07695022649535456,-0.9354941016742971,3,0.25,ratio,0.2,0.051742668662976665,0.04840083460355579,0.125,4
mixstyle,erm,True,0.04840083460355579,0.019205771817138065,0.0003688616710919748,0.04388518618965336,0.034317319897090186,0.07695022649535456,-0.9354941016742971,3,0.25,design,0.02,0.051742668662976665,0.04840083460355579,0.125,
mixstyle,erm,True,0.04840083460355579,0.019205771817138065,0.0003688616710919748,0.04388518618965336,0.034317319897090186,0.07695022649535456,-0.9354941016742971,3,0.25,design,0.05,0.051742668662976665,0.04840083460355579,0.125,
mixstyle,erm,True,0.04840083460355579,0.019205771817138065,0.0003688616710919748,0.04388518618965336,0.034317319897090186,0.07695022649535456,-0.9354941016742971,3,0.25,design,0.1,0.051742668662976665,0.04840083460355579,0.125,6
mixstyle,erm,True,0.04840083460355579,0.019205771817138065,0.0003688616710919748,0.04388518618965336,0.034317319897090186,0.07695022649535456,-0.9354941016742971,3,0.25,design,0.2,0.051742668662976665,0.04840083460355579,0.125,3
mixstyle,erm,True,0.04840083460355579,0.019205771817138065,0.0003688616710919748,0.04388518618965336,0.034317319897090186,0.07695022649535456,-0.9354941016742971,3,0.5,ratio,0.02,0.055888469774730984,0.04840083460355579,0.25,125
mixstyle,erm,True,0.04840083460355579,0.019205771817138065,0.0003688616710919748,0.04388518618965336,0.034317319897090186,0.07695022649535456,-0.9354941016742971,3,0.5,ratio,0.05,0.055888469774730984,0.04840083460355579,0.25,22
mixstyle,erm,True,0.04840083460355579,0.019205771817138065,0.0003688616710919748,0.04388518618965336,0.034317319897090186,0.07695022649535456,-0.9354941016742971,3,0.5,ratio,0.1,0.055888469774730984,0.04840083460355579,0.25,8
mixstyle,erm,True,0.04840083460355579,0.019205771817138065,0.0003688616710919748,0.04388518618965336,0.034317319897090186,0.07695022649535456,-0.9354941016742971,3,0.5,ratio,0.2,0.055888469774730984,0.04840083460355579,0.25,4
mixstyle,erm,True,0.04840083460355579,0.019205771817138065,0.0003688616710919748,0.04388518618965336,0.034317319897090186,0.07695022649535456,-0.9354941016742971,3,0.5,design,0.02,0.055888469774730984,0.04840083460355579,0.25,
mixstyle,erm,True,0.04840083460355579,0.019205771817138065,0.0003688616710919748,0.04388518618965336,0.034317319897090186,0.07695022649535456,-0.9354941016742971,3,0.5,design,0.05,0.055888469774730984,0.04840083460355579,0.25,
mixstyle,erm,True,0.04840083460355579,0.019205771817138065,0.0003688616710919748,0.04388518618965336,0.034317319897090186,0.07695022649535456,-0.9354941016742971,3,0.5,design,0.1,0.055888469774730984,0.04840083460355579,0.25,
mixstyle,erm,True,0.04840083460355579,0.019205771817138065,0.0003688616710919748,0.04388518618965336,0.034317319897090186,0.07695022649535456,-0.9354941016742971,3,0.5,design,0.2,0.055888469774730984,0.04840083460355579,0.25,3
mixstyle,erm,True,0.04840083460355579,0.019205771817138065,0.0003688616710919748,0.04388518618965336,0.034317319897090186,0.07695022649535456,-0.9354941016742971,5,0.0,none,0.02,0.03940975948453946,0.03940975948453946,0.0,33
mixstyle,erm,True,0.04840083460355579,0.019205771817138065,0.0003688616710919748,0.04388518618965336,0.034317319897090186,0.07695022649535456,-0.9354941016742971,5,0.0,none,0.05,0.03940975948453946,0.03940975948453946,0.0,8
mixstyle,erm,True,0.04840083460355579,0.019205771817138065,0.0003688616710919748,0.04388518618965336,0.034317319897090186,0.07695022649535456,-0.9354941016742971,5,0.0,none,0.1,0.03940975948453946,0.03940975948453946,0.0,4
mixstyle,erm,True,0.04840083460355579,0.019205771817138065,0.0003688616710919748,0.04388518618965336,0.034317319897090186,0.07695022649535456,-0.9354941016742971,5,0.0,none,0.2,0.03940975948453946,0.03940975948453946,0.0,3
mixstyle,erm,True,0.04840083460355579,0.019205771817138065,0.0003688616710919748,0.04388518618965336,0.034317319897090186,0.07695022649535456,-0.9354941016742971,5,0.25,ratio,0.02,0.04213080505323185,0.03940975948453946,0.125,55
mixstyle,erm,True,0.04840083460355579,0.019205771817138065,0.0003688616710919748,0.04388518618965336,0.034317319897090186,0.07695022649535456,-0.9354941016742971,5,0.25,ratio,0.05,0.04213080505323185,0.03940975948453946,0.125,11
mixstyle,erm,True,0.04840083460355579,0.019205771817138065,0.0003688616710919748,0.04388518618965336,0.034317319897090186,0.07695022649535456,-0.9354941016742971,5,0.25,ratio,0.1,0.04213080505323185,0.03940975948453946,0.125,5
mixstyle,erm,True,0.04840083460355579,0.019205771817138065,0.0003688616710919748,0.04388518618965336,0.034317319897090186,0.07695022649535456,-0.9354941016742971,5,0.25,ratio,0.2,0.04213080505323185,0.03940975948453946,0.125,3
mixstyle,erm,True,0.04840083460355579,0.019205771817138065,0.0003688616710919748,0.04388518618965336,0.034317319897090186,0.07695022649535456,-0.9354941016742971,5,0.25,design,0.02,0.04213080505323185,0.03940975948453946,0.125,
mixstyle,erm,True,0.04840083460355579,0.019205771817138065,0.0003688616710919748,0.04388518618965336,0.034317319897090186,0.07695022649535456,-0.9354941016742971,5,0.25,design,0.05,0.04213080505323185,0.03940975948453946,0.125,
mixstyle,erm,True,0.04840083460355579,0.019205771817138065,0.0003688616710919748,0.04388518618965336,0.034317319897090186,0.07695022649535456,-0.9354941016742971,5,0.25,design,0.1,0.04213080505323185,0.03940975948453946,0.125,5
mixstyle,erm,True,0.04840083460355579,0.019205771817138065,0.0003688616710919748,0.04388518618965336,0.034317319897090186,0.07695022649535456,-0.9354941016742971,5,0.25,design,0.2,0.04213080505323185,0.03940975948453946,0.125,3
mixstyle,erm,True,0.04840083460355579,0.019205771817138065,0.0003688616710919748,0.04388518618965336,0.034317319897090186,0.07695022649535456,-0.9354941016742971,5,0.5,ratio,0.02,0.04550647049419453,0.03940975948453946,0.25,84
mixstyle,erm,True,0.04840083460355579,0.019205771817138065,0.0003688616710919748,0.04388518618965336,0.034317319897090186,0.07695022649535456,-0.9354941016742971,5,0.5,ratio,0.05,0.04550647049419453,0.03940975948453946,0.25,16
mixstyle,erm,True,0.04840083460355579,0.019205771817138065,0.0003688616710919748,0.04388518618965336,0.034317319897090186,0.07695022649535456,-0.9354941016742971,5,0.5,ratio,0.1,0.04550647049419453,0.03940975948453946,0.25,6
mixstyle,erm,True,0.04840083460355579,0.019205771817138065,0.0003688616710919748,0.04388518618965336,0.034317319897090186,0.07695022649535456,-0.9354941016742971,5,0.5,ratio,0.2,0.04550647049419453,0.03940975948453946,0.25,4
mixstyle,erm,True,0.04840083460355579,0.019205771817138065,0.0003688616710919748,0.04388518618965336,0.034317319897090186,0.07695022649535456,-0.9354941016742971,5,0.5,design,0.02,0.04550647049419453,0.03940975948453946,0.25,
mixstyle,erm,True,0.04840083460355579,0.019205771817138065,0.0003688616710919748,0.04388518618965336,0.034317319897090186,0.07695022649535456,-0.9354941016742971,5,0.5,design,0.05,0.04550647049419453,0.03940975948453946,0.25,
mixstyle,erm,True,0.04840083460355579,0.019205771817138065,0.0003688616710919748,0.04388518618965336,0.034317319897090186,0.07695022649535456,-0.9354941016742971,5,0.5,design,0.1,0.04550647049419453,0.03940975948453946,0.25,8
mixstyle,erm,True,0.04840083460355579,0.019205771817138065,0.0003688616710919748,0.04388518618965336,0.034317319897090186,0.07695022649535456,-0.9354941016742971,5,0.5,design,0.2,0.04550647049419453,0.03940975948453946,0.25,3
mixstyle,erm,True,0.04840083460355579,0.019205771817138065,0.0003688616710919748,0.04388518618965336,0.034317319897090186,0.07695022649535456,-0.9354941016742971,10,0.0,none,0.02,0.030999925917018115,0.030999925917018115,0.0,21
mixstyle,erm,True,0.04840083460355579,0.019205771817138065,0.0003688616710919748,0.04388518618965336,0.034317319897090186,0.07695022649535456,-0.9354941016742971,10,0.0,none,0.05,0.030999925917018115,0.030999925917018115,0.0,6
mixstyle,erm,True,0.04840083460355579,0.019205771817138065,0.0003688616710919748,0.04388518618965336,0.034317319897090186,0.07695022649535456,-0.9354941016742971,10,0.0,none,0.1,0.030999925917018115,0.030999925917018115,0.0,4
mixstyle,erm,True,0.04840083460355579,0.019205771817138065,0.0003688616710919748,0.04388518618965336,0.034317319897090186,0.07695022649535456,-0.9354941016742971,10,0.0,none,0.2,0.030999925917018115,0.030999925917018115,0.0,3
mixstyle,erm,True,0.04840083460355579,0.019205771817138065,0.0003688616710919748,0.04388518618965336,0.034317319897090186,0.07695022649535456,-0.9354941016742971,10,0.25,ratio,0.02,0.03314031479910165,0.030999925917018115,0.125,35
mixstyle,erm,True,0.04840083460355579,0.019205771817138065,0.0003688616710919748,0.04388518618965336,0.034317319897090186,0.07695022649535456,-0.9354941016742971,10,0.25,ratio,0.05,0.03314031479910165,0.030999925917018115,0.125,8
mixstyle,erm,True,0.04840083460355579,0.019205771817138065,0.0003688616710919748,0.04388518618965336,0.034317319897090186,0.07695022649535456,-0.9354941016742971,10,0.25,ratio,0.1,0.03314031479910165,0.030999925917018115,0.125,4
mixstyle,erm,True,0.04840083460355579,0.019205771817138065,0.0003688616710919748,0.04388518618965336,0.034317319897090186,0.07695022649535456,-0.9354941016742971,10,0.25,ratio,0.2,0.03314031479910165,0.030999925917018115,0.125,3
mixstyle,erm,True,0.04840083460355579,0.019205771817138065,0.0003688616710919748,0.04388518618965336,0.034317319897090186,0.07695022649535456,-0.9354941016742971,10,0.25,design,0.02,0.03314031479910165,0.030999925917018115,0.125,
mixstyle,erm,True,0.04840083460355579,0.019205771817138065,0.0003688616710919748,0.04388518618965336,0.034317319897090186,0.07695022649535456,-0.9354941016742971,10,0.25,design,0.05,0.03314031479910165,0.030999925917018115,0.125,21
mixstyle,erm,True,0.04840083460355579,0.019205771817138065,0.0003688616710919748,0.04388518618965336,0.034317319897090186,0.07695022649535456,-0.9354941016742971,10,0.25,design,0.1,0.03314031479910165,0.030999925917018115,0.125,4
mixstyle,erm,True,0.04840083460355579,0.019205771817138065,0.0003688616710919748,0.04388518618965336,0.034317319897090186,0.07695022649535456,-0.9354941016742971,10,0.25,design,0.2,0.03314031479910165,0.030999925917018115,0.125,3
mixstyle,erm,True,0.04840083460355579,0.019205771817138065,0.0003688616710919748,0.04388518618965336,0.034317319897090186,0.07695022649535456,-0.9354941016742971,10,0.5,ratio,0.02,0.03579563114609773,0.030999925917018115,0.25,53
mixstyle,erm,True,0.04840083460355579,0.019205771817138065,0.0003688616710919748,0.04388518618965336,0.034317319897090186,0.07695022649535456,-0.9354941016742971,10,0.5,ratio,0.05,0.03579563114609773,0.030999925917018115,0.25,11
mixstyle,erm,True,0.04840083460355579,0.019205771817138065,0.0003688616710919748,0.04388518618965336,0.034317319897090186,0.07695022649535456,-0.9354941016742971,10,0.5,ratio,0.1,0.03579563114609773,0.030999925917018115,0.25,5
mixstyle,erm,True,0.04840083460355579,0.019205771817138065,0.0003688616710919748,0.04388518618965336,0.034317319897090186,0.07695022649535456,-0.9354941016742971,10,0.5,ratio,0.2,0.03579563114609773,0.030999925917018115,0.25,3
mixstyle,erm,True,0.04840083460355579,0.019205771817138065,0.0003688616710919748,0.04388518618965336,0.034317319897090186,0.07695022649535456,-0.9354941016742971,10,0.5,design,0.02,0.03579563114609773,0.030999925917018115,0.25,
mixstyle,erm,True,0.04840083460355579,0.019205771817138065,0.0003688616710919748,0.04388518618965336,0.034317319897090186,0.07695022649535456,-0.9354941016742971,10,0.5,design,0.05,0.03579563114609773,0.030999925917018115,0.25,
mixstyle,erm,True,0.04840083460355579,0.019205771817138065,0.0003688616710919748,0.04388518618965336,0.034317319897090186,0.07695022649535456,-0.9354941016742971,10,0.5,design,0.1,0.03579563114609773,0.030999925917018115,0.25,4
mixstyle,erm,True,0.04840083460355579,0.019205771817138065,0.0003688616710919748,0.04388518618965336,0.034317319897090186,0.07695022649535456,-0.9354941016742971,10,0.5,design,0.2,0.03579563114609773,0.030999925917018115,0.25,3
probe_resnet50_imagenet,erm,True,0.12464467842022033,0.1230416900688985,0.015139257495010874,0.003044186809626243,0.034317319897090186,0.03451253526485407,-0.019956153477323876,1,0.0,none,0.02,0.12779034621370533,0.12779034621370533,0.0,323
probe_resnet50_imagenet,erm,True,0.12464467842022033,0.1230416900688985,0.015139257495010874,0.003044186809626243,0.034317319897090186,0.03451253526485407,-0.019956153477323876,1,0.0,none,0.05,0.12779034621370533,0.12779034621370533,0.0,54
probe_resnet50_imagenet,erm,True,0.12464467842022033,0.1230416900688985,0.015139257495010874,0.003044186809626243,0.034317319897090186,0.03451253526485407,-0.019956153477323876,1,0.0,none,0.1,0.12779034621370533,0.12779034621370533,0.0,15
probe_resnet50_imagenet,erm,True,0.12464467842022033,0.1230416900688985,0.015139257495010874,0.003044186809626243,0.034317319897090186,0.03451253526485407,-0.019956153477323876,1,0.0,none,0.2,0.12779034621370533,0.12779034621370533,0.0,6
probe_resnet50_imagenet,erm,True,0.12464467842022033,0.1230416900688985,0.015139257495010874,0.003044186809626243,0.034317319897090186,0.03451253526485407,-0.019956153477323876,1,0.25,ratio,0.02,0.13661362653397427,0.12779034621370533,0.125,552
probe_resnet50_imagenet,erm,True,0.12464467842022033,0.1230416900688985,0.015139257495010874,0.003044186809626243,0.034317319897090186,0.03451253526485407,-0.019956153477323876,1,0.25,ratio,0.05,0.13661362653397427,0.12779034621370533,0.125,90
probe_resnet50_imagenet,erm,True,0.12464467842022033,0.1230416900688985,0.015139257495010874,0.003044186809626243,0.034317319897090186,0.03451253526485407,-0.019956153477323876,1,0.25,ratio,0.1,0.13661362653397427,0.12779034621370533,0.125,24
probe_resnet50_imagenet,erm,True,0.12464467842022033,0.1230416900688985,0.015139257495010874,0.003044186809626243,0.034317319897090186,0.03451253526485407,-0.019956153477323876,1,0.25,ratio,0.2,0.13661362653397427,0.12779034621370533,0.125,8
probe_resnet50_imagenet,erm,True,0.12464467842022033,0.1230416900688985,0.015139257495010874,0.003044186809626243,0.034317319897090186,0.03451253526485407,-0.019956153477323876,1,0.25,design,0.02,0.13661362653397427,0.12779034621370533,0.125,
probe_resnet50_imagenet,erm,True,0.12464467842022033,0.1230416900688985,0.015139257495010874,0.003044186809626243,0.034317319897090186,0.03451253526485407,-0.019956153477323876,1,0.25,design,0.05,0.13661362653397427,0.12779034621370533,0.125,
probe_resnet50_imagenet,erm,True,0.12464467842022033,0.1230416900688985,0.015139257495010874,0.003044186809626243,0.034317319897090186,0.03451253526485407,-0.019956153477323876,1,0.25,design,0.1,0.13661362653397427,0.12779034621370533,0.125,
probe_resnet50_imagenet,erm,True,0.12464467842022033,0.1230416900688985,0.015139257495010874,0.003044186809626243,0.034317319897090186,0.03451253526485407,-0.019956153477323876,1,0.25,design,0.2,0.13661362653397427,0.12779034621370533,0.125,35
probe_resnet50_imagenet,erm,True,0.12464467842022033,0.1230416900688985,0.015139257495010874,0.003044186809626243,0.034317319897090186,0.03451253526485407,-0.019956153477323876,1,0.5,ratio,0.02,0.1475595815726365,0.12779034621370533,0.25,857
probe_resnet50_imagenet,erm,True,0.12464467842022033,0.1230416900688985,0.015139257495010874,0.003044186809626243,0.034317319897090186,0.03451253526485407,-0.019956153477323876,1,0.5,ratio,0.05,0.1475595815726365,0.12779034621370533,0.25,139
probe_resnet50_imagenet,erm,True,0.12464467842022033,0.1230416900688985,0.015139257495010874,0.003044186809626243,0.034317319897090186,0.03451253526485407,-0.019956153477323876,1,0.5,ratio,0.1,0.1475595815726365,0.12779034621370533,0.25,37
probe_resnet50_imagenet,erm,True,0.12464467842022033,0.1230416900688985,0.015139257495010874,0.003044186809626243,0.034317319897090186,0.03451253526485407,-0.019956153477323876,1,0.5,ratio,0.2,0.1475595815726365,0.12779034621370533,0.25,11
probe_resnet50_imagenet,erm,True,0.12464467842022033,0.1230416900688985,0.015139257495010874,0.003044186809626243,0.034317319897090186,0.03451253526485407,-0.019956153477323876,1,0.5,design,0.02,0.1475595815726365,0.12779034621370533,0.25,
probe_resnet50_imagenet,erm,True,0.12464467842022033,0.1230416900688985,0.015139257495010874,0.003044186809626243,0.034317319897090186,0.03451253526485407,-0.019956153477323876,1,0.5,design,0.05,0.1475595815726365,0.12779034621370533,0.25,
probe_resnet50_imagenet,erm,True,0.12464467842022033,0.1230416900688985,0.015139257495010874,0.003044186809626243,0.034317319897090186,0.03451253526485407,-0.019956153477323876,1,0.5,design,0.1,0.1475595815726365,0.12779034621370533,0.25,
probe_resnet50_imagenet,erm,True,0.12464467842022033,0.1230416900688985,0.015139257495010874,0.003044186809626243,0.034317319897090186,0.03451253526485407,-0.019956153477323876,1,0.5,design,0.2,0.1475595815726365,0.12779034621370533,0.25,
probe_resnet50_imagenet,erm,True,0.12464467842022033,0.1230416900688985,0.015139257495010874,0.003044186809626243,0.034317319897090186,0.03451253526485407,-0.019956153477323876,3,0.0,none,0.02,0.12464467842022033,0.12464467842022033,0.0,307
probe_resnet50_imagenet,erm,True,0.12464467842022033,0.1230416900688985,0.015139257495010874,0.003044186809626243,0.034317319897090186,0.03451253526485407,-0.019956153477323876,3,0.0,none,0.05,0.12464467842022033,0.12464467842022033,0.0,51
probe_resnet50_imagenet,erm,True,0.12464467842022033,0.1230416900688985,0.015139257495010874,0.003044186809626243,0.034317319897090186,0.03451253526485407,-0.019956153477323876,3,0.0,none,0.1,0.12464467842022033,0.12464467842022033,0.0,15
probe_resnet50_imagenet,erm,True,0.12464467842022033,0.1230416900688985,0.015139257495010874,0.003044186809626243,0.034317319897090186,0.03451253526485407,-0.019956153477323876,3,0.0,none,0.2,0.12464467842022033,0.12464467842022033,0.0,6
probe_resnet50_imagenet,erm,True,0.12464467842022033,0.1230416900688985,0.015139257495010874,0.003044186809626243,0.034317319897090186,0.03451253526485407,-0.019956153477323876,3,0.25,ratio,0.02,0.1332507662094514,0.12464467842022033,0.125,525
probe_resnet50_imagenet,erm,True,0.12464467842022033,0.1230416900688985,0.015139257495010874,0.003044186809626243,0.034317319897090186,0.03451253526485407,-0.019956153477323876,3,0.25,ratio,0.05,0.1332507662094514,0.12464467842022033,0.125,86
probe_resnet50_imagenet,erm,True,0.12464467842022033,0.1230416900688985,0.015139257495010874,0.003044186809626243,0.034317319897090186,0.03451253526485407,-0.019956153477323876,3,0.25,ratio,0.1,0.1332507662094514,0.12464467842022033,0.125,23
probe_resnet50_imagenet,erm,True,0.12464467842022033,0.1230416900688985,0.015139257495010874,0.003044186809626243,0.034317319897090186,0.03451253526485407,-0.019956153477323876,3,0.25,ratio,0.2,0.1332507662094514,0.12464467842022033,0.125,8
probe_resnet50_imagenet,erm,True,0.12464467842022033,0.1230416900688985,0.015139257495010874,0.003044186809626243,0.034317319897090186,0.03451253526485407,-0.019956153477323876,3,0.25,design,0.02,0.1332507662094514,0.12464467842022033,0.125,
probe_resnet50_imagenet,erm,True,0.12464467842022033,0.1230416900688985,0.015139257495010874,0.003044186809626243,0.034317319897090186,0.03451253526485407,-0.019956153477323876,3,0.25,design,0.05,0.1332507662094514,0.12464467842022033,0.125,
probe_resnet50_imagenet,erm,True,0.12464467842022033,0.1230416900688985,0.015139257495010874,0.003044186809626243,0.034317319897090186,0.03451253526485407,-0.019956153477323876,3,0.25,design,0.1,0.1332507662094514,0.12464467842022033,0.125,
probe_resnet50_imagenet,erm,True,0.12464467842022033,0.1230416900688985,0.015139257495010874,0.003044186809626243,0.034317319897090186,0.03451253526485407,-0.019956153477323876,3,0.25,design,0.2,0.1332507662094514,0.12464467842022033,0.125,23
probe_resnet50_imagenet,erm,True,0.12464467842022033,0.1230416900688985,0.015139257495010874,0.003044186809626243,0.034317319897090186,0.03451253526485407,-0.019956153477323876,3,0.5,ratio,0.02,0.14392727727793708,0.12464467842022033,0.25,815
probe_resnet50_imagenet,erm,True,0.12464467842022033,0.1230416900688985,0.015139257495010874,0.003044186809626243,0.034317319897090186,0.03451253526485407,-0.019956153477323876,3,0.5,ratio,0.05,0.14392727727793708,0.12464467842022033,0.25,133
probe_resnet50_imagenet,erm,True,0.12464467842022033,0.1230416900688985,0.015139257495010874,0.003044186809626243,0.034317319897090186,0.03451253526485407,-0.019956153477323876,3,0.5,ratio,0.1,0.14392727727793708,0.12464467842022033,0.25,35
probe_resnet50_imagenet,erm,True,0.12464467842022033,0.1230416900688985,0.015139257495010874,0.003044186809626243,0.034317319897090186,0.03451253526485407,-0.019956153477323876,3,0.5,ratio,0.2,0.14392727727793708,0.12464467842022033,0.25,11
probe_resnet50_imagenet,erm,True,0.12464467842022033,0.1230416900688985,0.015139257495010874,0.003044186809626243,0.034317319897090186,0.03451253526485407,-0.019956153477323876,3,0.5,design,0.02,0.14392727727793708,0.12464467842022033,0.25,
probe_resnet50_imagenet,erm,True,0.12464467842022033,0.1230416900688985,0.015139257495010874,0.003044186809626243,0.034317319897090186,0.03451253526485407,-0.019956153477323876,3,0.5,design,0.05,0.14392727727793708,0.12464467842022033,0.25,
probe_resnet50_imagenet,erm,True,0.12464467842022033,0.1230416900688985,0.015139257495010874,0.003044186809626243,0.034317319897090186,0.03451253526485407,-0.019956153477323876,3,0.5,design,0.1,0.14392727727793708,0.12464467842022033,0.25,
probe_resnet50_imagenet,erm,True,0.12464467842022033,0.1230416900688985,0.015139257495010874,0.003044186809626243,0.034317319897090186,0.03451253526485407,-0.019956153477323876,3,0.5,design,0.2,0.14392727727793708,0.12464467842022033,0.25,
probe_resnet50_imagenet,erm,True,0.12464467842022033,0.1230416900688985,0.015139257495010874,0.003044186809626243,0.034317319897090186,0.03451253526485407,-0.019956153477323876,5,0.0,none,0.02,0.12400596966715931,0.12400596966715931,0.0,304
probe_resnet50_imagenet,erm,True,0.12464467842022033,0.1230416900688985,0.015139257495010874,0.003044186809626243,0.034317319897090186,0.03451253526485407,-0.019956153477323876,5,0.0,none,0.05,0.12400596966715931,0.12400596966715931,0.0,51
probe_resnet50_imagenet,erm,True,0.12464467842022033,0.1230416900688985,0.015139257495010874,0.003044186809626243,0.034317319897090186,0.03451253526485407,-0.019956153477323876,5,0.0,none,0.1,0.12400596966715931,0.12400596966715931,0.0,15
probe_resnet50_imagenet,erm,True,0.12464467842022033,0.1230416900688985,0.015139257495010874,0.003044186809626243,0.034317319897090186,0.03451253526485407,-0.019956153477323876,5,0.0,none,0.2,0.12400596966715931,0.12400596966715931,0.0,6
probe_resnet50_imagenet,erm,True,0.12464467842022033,0.1230416900688985,0.015139257495010874,0.003044186809626243,0.034317319897090186,0.03451253526485407,-0.019956153477323876,5,0.25,ratio,0.02,0.1325679578311977,0.12400596966715931,0.125,520
probe_resnet50_imagenet,erm,True,0.12464467842022033,0.1230416900688985,0.015139257495010874,0.003044186809626243,0.034317319897090186,0.03451253526485407,-0.019956153477323876,5,0.25,ratio,0.05,0.1325679578311977,0.12400596966715931,0.125,85
probe_resnet50_imagenet,erm,True,0.12464467842022033,0.1230416900688985,0.015139257495010874,0.003044186809626243,0.034317319897090186,0.03451253526485407,-0.019956153477323876,5,0.25,ratio,0.1,0.1325679578311977,0.12400596966715931,0.125,23
probe_resnet50_imagenet,erm,True,0.12464467842022033,0.1230416900688985,0.015139257495010874,0.003044186809626243,0.034317319897090186,0.03451253526485407,-0.019956153477323876,5,0.25,ratio,0.2,0.1325679578311977,0.12400596966715931,0.125,8
probe_resnet50_imagenet,erm,True,0.12464467842022033,0.1230416900688985,0.015139257495010874,0.003044186809626243,0.034317319897090186,0.03451253526485407,-0.019956153477323876,5,0.25,design,0.02,0.1325679578311977,0.12400596966715931,0.125,
probe_resnet50_imagenet,erm,True,0.12464467842022033,0.1230416900688985,0.015139257495010874,0.003044186809626243,0.034317319897090186,0.03451253526485407,-0.019956153477323876,5,0.25,design,0.05,0.1325679578311977,0.12400596966715931,0.125,
probe_resnet50_imagenet,erm,True,0.12464467842022033,0.1230416900688985,0.015139257495010874,0.003044186809626243,0.034317319897090186,0.03451253526485407,-0.019956153477323876,5,0.25,design,0.1,0.1325679578311977,0.12400596966715931,0.125,
probe_resnet50_imagenet,erm,True,0.12464467842022033,0.1230416900688985,0.015139257495010874,0.003044186809626243,0.034317319897090186,0.03451253526485407,-0.019956153477323876,5,0.25,design,0.2,0.1325679578311977,0.12400596966715931,0.125,21
probe_resnet50_imagenet,erm,True,0.12464467842022033,0.1230416900688985,0.015139257495010874,0.003044186809626243,0.034317319897090186,0.03451253526485407,-0.019956153477323876,5,0.5,ratio,0.02,0.14318975993691,0.12400596966715931,0.25,807
probe_resnet50_imagenet,erm,True,0.12464467842022033,0.1230416900688985,0.015139257495010874,0.003044186809626243,0.034317319897090186,0.03451253526485407,-0.019956153477323876,5,0.5,ratio,0.05,0.14318975993691,0.12400596966715931,0.25,131
probe_resnet50_imagenet,erm,True,0.12464467842022033,0.1230416900688985,0.015139257495010874,0.003044186809626243,0.034317319897090186,0.03451253526485407,-0.019956153477323876,5,0.5,ratio,0.1,0.14318975993691,0.12400596966715931,0.25,35
probe_resnet50_imagenet,erm,True,0.12464467842022033,0.1230416900688985,0.015139257495010874,0.003044186809626243,0.034317319897090186,0.03451253526485407,-0.019956153477323876,5,0.5,ratio,0.2,0.14318975993691,0.12400596966715931,0.25,11
probe_resnet50_imagenet,erm,True,0.12464467842022033,0.1230416900688985,0.015139257495010874,0.003044186809626243,0.034317319897090186,0.03451253526485407,-0.019956153477323876,5,0.5,design,0.02,0.14318975993691,0.12400596966715931,0.25,
probe_resnet50_imagenet,erm,True,0.12464467842022033,0.1230416900688985,0.015139257495010874,0.003044186809626243,0.034317319897090186,0.03451253526485407,-0.019956153477323876,5,0.5,design,0.05,0.14318975993691,0.12400596966715931,0.25,
probe_resnet50_imagenet,erm,True,0.12464467842022033,0.1230416900688985,0.015139257495010874,0.003044186809626243,0.034317319897090186,0.03451253526485407,-0.019956153477323876,5,0.5,design,0.1,0.14318975993691,0.12400596966715931,0.25,
probe_resnet50_imagenet,erm,True,0.12464467842022033,0.1230416900688985,0.015139257495010874,0.003044186809626243,0.034317319897090186,0.03451253526485407,-0.019956153477323876,5,0.5,design,0.2,0.14318975993691,0.12400596966715931,0.25,
probe_resnet50_imagenet,erm,True,0.12464467842022033,0.1230416900688985,0.015139257495010874,0.003044186809626243,0.034317319897090186,0.03451253526485407,-0.019956153477323876,10,0.0,none,0.02,0.12352477081157306,0.12352477081157306,0.0,302
probe_resnet50_imagenet,erm,True,0.12464467842022033,0.1230416900688985,0.015139257495010874,0.003044186809626243,0.034317319897090186,0.03451253526485407,-0.019956153477323876,10,0.0,none,0.05,0.12352477081157306,0.12352477081157306,0.0,50
probe_resnet50_imagenet,erm,True,0.12464467842022033,0.1230416900688985,0.015139257495010874,0.003044186809626243,0.034317319897090186,0.03451253526485407,-0.019956153477323876,10,0.0,none,0.1,0.12352477081157306,0.12352477081157306,0.0,15
probe_resnet50_imagenet,erm,True,0.12464467842022033,0.1230416900688985,0.015139257495010874,0.003044186809626243,0.034317319897090186,0.03451253526485407,-0.019956153477323876,10,0.0,none,0.2,0.12352477081157306,0.12352477081157306,0.0,6
probe_resnet50_imagenet,erm,True,0.12464467842022033,0.1230416900688985,0.015139257495010874,0.003044186809626243,0.034317319897090186,0.03451253526485407,-0.019956153477323876,10,0.25,ratio,0.02,0.13205353461619443,0.12352477081157306,0.125,516
probe_resnet50_imagenet,erm,True,0.12464467842022033,0.1230416900688985,0.015139257495010874,0.003044186809626243,0.034317319897090186,0.03451253526485407,-0.019956153477323876,10,0.25,ratio,0.05,0.13205353461619443,0.12352477081157306,0.125,85
probe_resnet50_imagenet,erm,True,0.12464467842022033,0.1230416900688985,0.015139257495010874,0.003044186809626243,0.034317319897090186,0.03451253526485407,-0.019956153477323876,10,0.25,ratio,0.1,0.13205353461619443,0.12352477081157306,0.125,23
probe_resnet50_imagenet,erm,True,0.12464467842022033,0.1230416900688985,0.015139257495010874,0.003044186809626243,0.034317319897090186,0.03451253526485407,-0.019956153477323876,10,0.25,ratio,0.2,0.13205353461619443,0.12352477081157306,0.125,8
probe_resnet50_imagenet,erm,True,0.12464467842022033,0.1230416900688985,0.015139257495010874,0.003044186809626243,0.034317319897090186,0.03451253526485407,-0.019956153477323876,10,0.25,design,0.02,0.13205353461619443,0.12352477081157306,0.125,
probe_resnet50_imagenet,erm,True,0.12464467842022033,0.1230416900688985,0.015139257495010874,0.003044186809626243,0.034317319897090186,0.03451253526485407,-0.019956153477323876,10,0.25,design,0.05,0.13205353461619443,0.12352477081157306,0.125,
probe_resnet50_imagenet,erm,True,0.12464467842022033,0.1230416900688985,0.015139257495010874,0.003044186809626243,0.034317319897090186,0.03451253526485407,-0.019956153477323876,10,0.25,design,0.1,0.13205353461619443,0.12352477081157306,0.125,
probe_resnet50_imagenet,erm,True,0.12464467842022033,0.1230416900688985,0.015139257495010874,0.003044186809626243,0.034317319897090186,0.03451253526485407,-0.019956153477323876,10,0.25,design,0.2,0.13205353461619443,0.12352477081157306,0.125,20
probe_resnet50_imagenet,erm,True,0.12464467842022033,0.1230416900688985,0.015139257495010874,0.003044186809626243,0.034317319897090186,0.03451253526485407,-0.019956153477323876,10,0.5,ratio,0.02,0.14263411935929707,0.12352477081157306,0.25,801
probe_resnet50_imagenet,erm,True,0.12464467842022033,0.1230416900688985,0.015139257495010874,0.003044186809626243,0.034317319897090186,0.03451253526485407,-0.019956153477323876,10,0.5,ratio,0.05,0.14263411935929707,0.12352477081157306,0.25,130
probe_resnet50_imagenet,erm,True,0.12464467842022033,0.1230416900688985,0.015139257495010874,0.003044186809626243,0.034317319897090186,0.03451253526485407,-0.019956153477323876,10,0.5,ratio,0.1,0.14263411935929707,0.12352477081157306,0.25,34
probe_resnet50_imagenet,erm,True,0.12464467842022033,0.1230416900688985,0.015139257495010874,0.003044186809626243,0.034317319897090186,0.03451253526485407,-0.019956153477323876,10,0.5,ratio,0.2,0.14263411935929707,0.12352477081157306,0.25,11
probe_resnet50_imagenet,erm,True,0.12464467842022033,0.1230416900688985,0.015139257495010874,0.003044186809626243,0.034317319897090186,0.03451253526485407,-0.019956153477323876,10,0.5,design,0.02,0.14263411935929707,0.12352477081157306,0.25,
probe_resnet50_imagenet,erm,True,0.12464467842022033,0.1230416900688985,0.015139257495010874,0.003044186809626243,0.034317319897090186,0.03451253526485407,-0.019956153477323876,10,0.5,design,0.05,0.14263411935929707,0.12352477081157306,0.25,
probe_resnet50_imagenet,erm,True,0.12464467842022033,0.1230416900688985,0.015139257495010874,0.003044186809626243,0.034317319897090186,0.03451253526485407,-0.019956153477323876,10,0.5,design,0.1,0.14263411935929707,0.12352477081157306,0.25,
probe_resnet50_imagenet,erm,True,0.12464467842022033,0.1230416900688985,0.015139257495010874,0.003044186809626243,0.034317319897090186,0.03451253526485407,-0.019956153477323876,10,0.5,design,0.2,0.14263411935929707,0.12352477081157306,0.25,
probe_resnet50_lunit_bt,erm,True,0.1461982444656219,0.14482569328398615,0.020974481435187233,0.004616261013972763,0.034317319897090186,0.03461698642180647,0.002059623755188483,1,0.0,none,0.02,0.14890539675953576,0.14890539675953576,0.0,438
probe_resnet50_lunit_bt,erm,True,0.1461982444656219,0.14482569328398615,0.020974481435187233,0.004616261013972763,0.034317319897090186,0.03461698642180647,0.002059623755188483,1,0.0,none,0.05,0.14890539675953576,0.14890539675953576,0.0,72
probe_resnet50_lunit_bt,erm,True,0.1461982444656219,0.14482569328398615,0.020974481435187233,0.004616261013972763,0.034317319897090186,0.03461698642180647,0.002059623755188483,1,0.0,none,0.1,0.14890539675953576,0.14890539675953576,0.0,20
probe_resnet50_lunit_bt,erm,True,0.1461982444656219,0.14482569328398615,0.020974481435187233,0.004616261013972763,0.034317319897090186,0.03461698642180647,0.002059623755188483,1,0.0,none,0.2,0.14890539675953576,0.14890539675953576,0.0,7
probe_resnet50_lunit_bt,erm,True,0.1461982444656219,0.14482569328398615,0.020974481435187233,0.004616261013972763,0.034317319897090186,0.03461698642180647,0.002059623755188483,1,0.25,ratio,0.02,0.1591865650616633,0.14890539675953576,0.125,748
probe_resnet50_lunit_bt,erm,True,0.1461982444656219,0.14482569328398615,0.020974481435187233,0.004616261013972763,0.034317319897090186,0.03461698642180647,0.002059623755188483,1,0.25,ratio,0.05,0.1591865650616633,0.14890539675953576,0.125,122
probe_resnet50_lunit_bt,erm,True,0.1461982444656219,0.14482569328398615,0.020974481435187233,0.004616261013972763,0.034317319897090186,0.03461698642180647,0.002059623755188483,1,0.25,ratio,0.1,0.1591865650616633,0.14890539675953576,0.125,32
probe_resnet50_lunit_bt,erm,True,0.1461982444656219,0.14482569328398615,0.020974481435187233,0.004616261013972763,0.034317319897090186,0.03461698642180647,0.002059623755188483,1,0.25,ratio,0.2,0.1591865650616633,0.14890539675953576,0.125,10
probe_resnet50_lunit_bt,erm,True,0.1461982444656219,0.14482569328398615,0.020974481435187233,0.004616261013972763,0.034317319897090186,0.03461698642180647,0.002059623755188483,1,0.25,design,0.02,0.1591865650616633,0.14890539675953576,0.125,
probe_resnet50_lunit_bt,erm,True,0.1461982444656219,0.14482569328398615,0.020974481435187233,0.004616261013972763,0.034317319897090186,0.03461698642180647,0.002059623755188483,1,0.25,design,0.05,0.1591865650616633,0.14890539675953576,0.125,
probe_resnet50_lunit_bt,erm,True,0.1461982444656219,0.14482569328398615,0.020974481435187233,0.004616261013972763,0.034317319897090186,0.03461698642180647,0.002059623755188483,1,0.25,design,0.1,0.1591865650616633,0.14890539675953576,0.125,
probe_resnet50_lunit_bt,erm,True,0.1461982444656219,0.14482569328398615,0.020974481435187233,0.004616261013972763,0.034317319897090186,0.03461698642180647,0.002059623755188483,1,0.25,design,0.2,0.1591865650616633,0.14890539675953576,0.125,
probe_resnet50_lunit_bt,erm,True,0.1461982444656219,0.14482569328398615,0.020974481435187233,0.004616261013972763,0.034317319897090186,0.03461698642180647,0.002059623755188483,1,0.5,ratio,0.02,0.17194114180581202,0.14890539675953576,0.25,
probe_resnet50_lunit_bt,erm,True,0.1461982444656219,0.14482569328398615,0.020974481435187233,0.004616261013972763,0.034317319897090186,0.03461698642180647,0.002059623755188483,1,0.5,ratio,0.05,0.17194114180581202,0.14890539675953576,0.25,188
probe_resnet50_lunit_bt,erm,True,0.1461982444656219,0.14482569328398615,0.020974481435187233,0.004616261013972763,0.034317319897090186,0.03461698642180647,0.002059623755188483,1,0.5,ratio,0.1,0.17194114180581202,0.14890539675953576,0.25,49
probe_resnet50_lunit_bt,erm,True,0.1461982444656219,0.14482569328398615,0.020974481435187233,0.004616261013972763,0.034317319897090186,0.03461698642180647,0.002059623755188483,1,0.5,ratio,0.2,0.17194114180581202,0.14890539675953576,0.25,14
probe_resnet50_lunit_bt,erm,True,0.1461982444656219,0.14482569328398615,0.020974481435187233,0.004616261013972763,0.034317319897090186,0.03461698642180647,0.002059623755188483,1,0.5,design,0.02,0.17194114180581202,0.14890539675953576,0.25,
probe_resnet50_lunit_bt,erm,True,0.1461982444656219,0.14482569328398615,0.020974481435187233,0.004616261013972763,0.034317319897090186,0.03461698642180647,0.002059623755188483,1,0.5,design,0.05,0.17194114180581202,0.14890539675953576,0.25,
probe_resnet50_lunit_bt,erm,True,0.1461982444656219,0.14482569328398615,0.020974481435187233,0.004616261013972763,0.034317319897090186,0.03461698642180647,0.002059623755188483,1,0.5,design,0.1,0.17194114180581202,0.14890539675953576,0.25,
probe_resnet50_lunit_bt,erm,True,0.1461982444656219,0.14482569328398615,0.020974481435187233,0.004616261013972763,0.034317319897090186,0.03461698642180647,0.002059623755188483,1,0.5,design,0.2,0.17194114180581202,0.14890539675953576,0.25,
probe_resnet50_lunit_bt,erm,True,0.1461982444656219,0.14482569328398615,0.020974481435187233,0.004616261013972763,0.034317319897090186,0.03461698642180647,0.002059623755188483,3,0.0,none,0.02,0.1461982444656219,0.1461982444656219,0.0,422
probe_resnet50_lunit_bt,erm,True,0.1461982444656219,0.14482569328398615,0.020974481435187233,0.004616261013972763,0.034317319897090186,0.03461698642180647,0.002059623755188483,3,0.0,none,0.05,0.1461982444656219,0.1461982444656219,0.0,70
probe_resnet50_lunit_bt,erm,True,0.1461982444656219,0.14482569328398615,0.020974481435187233,0.004616261013972763,0.034317319897090186,0.03461698642180647,0.002059623755188483,3,0.0,none,0.1,0.1461982444656219,0.1461982444656219,0.0,19
probe_resnet50_lunit_bt,erm,True,0.1461982444656219,0.14482569328398615,0.020974481435187233,0.004616261013972763,0.034317319897090186,0.03461698642180647,0.002059623755188483,3,0.0,none,0.2,0.1461982444656219,0.1461982444656219,0.0,7
probe_resnet50_lunit_bt,erm,True,0.1461982444656219,0.14482569328398615,0.020974481435187233,0.004616261013972763,0.034317319897090186,0.03461698642180647,0.002059623755188483,3,0.25,ratio,0.02,0.15629249752519334,0.1461982444656219,0.125,721
probe_resnet50_lunit_bt,erm,True,0.1461982444656219,0.14482569328398615,0.020974481435187233,0.004616261013972763,0.034317319897090186,0.03461698642180647,0.002059623755188483,3,0.25,ratio,0.05,0.15629249752519334,0.1461982444656219,0.125,117
probe_resnet50_lunit_bt,erm,True,0.1461982444656219,0.14482569328398615,0.020974481435187233,0.004616261013972763,0.034317319897090186,0.03461698642180647,0.002059623755188483,3,0.25,ratio,0.1,0.15629249752519334,0.1461982444656219,0.125,31
probe_resnet50_lunit_bt,erm,True,0.1461982444656219,0.14482569328398615,0.020974481435187233,0.004616261013972763,0.034317319897090186,0.03461698642180647,0.002059623755188483,3,0.25,ratio,0.2,0.15629249752519334,0.1461982444656219,0.125,10
probe_resnet50_lunit_bt,erm,True,0.1461982444656219,0.14482569328398615,0.020974481435187233,0.004616261013972763,0.034317319897090186,0.03461698642180647,0.002059623755188483,3,0.25,design,0.02,0.15629249752519334,0.1461982444656219,0.125,
probe_resnet50_lunit_bt,erm,True,0.1461982444656219,0.14482569328398615,0.020974481435187233,0.004616261013972763,0.034317319897090186,0.03461698642180647,0.002059623755188483,3,0.25,design,0.05,0.15629249752519334,0.1461982444656219,0.125,
probe_resnet50_lunit_bt,erm,True,0.1461982444656219,0.14482569328398615,0.020974481435187233,0.004616261013972763,0.034317319897090186,0.03461698642180647,0.002059623755188483,3,0.25,design,0.1,0.15629249752519334,0.1461982444656219,0.125,
probe_resnet50_lunit_bt,erm,True,0.1461982444656219,0.14482569328398615,0.020974481435187233,0.004616261013972763,0.034317319897090186,0.03461698642180647,0.002059623755188483,3,0.25,design,0.2,0.15629249752519334,0.1461982444656219,0.125,
probe_resnet50_lunit_bt,erm,True,0.1461982444656219,0.14482569328398615,0.020974481435187233,0.004616261013972763,0.034317319897090186,0.03461698642180647,0.002059623755188483,3,0.5,ratio,0.02,0.16881519159455505,0.1461982444656219,0.25,
probe_resnet50_lunit_bt,erm,True,0.1461982444656219,0.14482569328398615,0.020974481435187233,0.004616261013972763,0.034317319897090186,0.03461698642180647,0.002059623755188483,3,0.5,ratio,0.05,0.16881519159455505,0.1461982444656219,0.25,181
probe_resnet50_lunit_bt,erm,True,0.1461982444656219,0.14482569328398615,0.020974481435187233,0.004616261013972763,0.034317319897090186,0.03461698642180647,0.002059623755188483,3,0.5,ratio,0.1,0.16881519159455505,0.1461982444656219,0.25,47
probe_resnet50_lunit_bt,erm,True,0.1461982444656219,0.14482569328398615,0.020974481435187233,0.004616261013972763,0.034317319897090186,0.03461698642180647,0.002059623755188483,3,0.5,ratio,0.2,0.16881519159455505,0.1461982444656219,0.25,14
probe_resnet50_lunit_bt,erm,True,0.1461982444656219,0.14482569328398615,0.020974481435187233,0.004616261013972763,0.034317319897090186,0.03461698642180647,0.002059623755188483,3,0.5,design,0.02,0.16881519159455505,0.1461982444656219,0.25,
probe_resnet50_lunit_bt,erm,True,0.1461982444656219,0.14482569328398615,0.020974481435187233,0.004616261013972763,0.034317319897090186,0.03461698642180647,0.002059623755188483,3,0.5,design,0.05,0.16881519159455505,0.1461982444656219,0.25,
probe_resnet50_lunit_bt,erm,True,0.1461982444656219,0.14482569328398615,0.020974481435187233,0.004616261013972763,0.034317319897090186,0.03461698642180647,0.002059623755188483,3,0.5,design,0.1,0.16881519159455505,0.1461982444656219,0.25,
probe_resnet50_lunit_bt,erm,True,0.1461982444656219,0.14482569328398615,0.020974481435187233,0.004616261013972763,0.034317319897090186,0.03461698642180647,0.002059623755188483,3,0.5,design,0.2,0.16881519159455505,0.1461982444656219,0.25,
probe_resnet50_lunit_bt,erm,True,0.1461982444656219,0.14482569328398615,0.020974481435187233,0.004616261013972763,0.034317319897090186,0.03461698642180647,0.002059623755188483,5,0.0,none,0.02,0.14565077612210908,0.14565077612210908,0.0,419
probe_resnet50_lunit_bt,erm,True,0.1461982444656219,0.14482569328398615,0.020974481435187233,0.004616261013972763,0.034317319897090186,0.03461698642180647,0.002059623755188483,5,0.0,none,0.05,0.14565077612210908,0.14565077612210908,0.0,69
probe_resnet50_lunit_bt,erm,True,0.1461982444656219,0.14482569328398615,0.020974481435187233,0.004616261013972763,0.034317319897090186,0.03461698642180647,0.002059623755188483,5,0.0,none,0.1,0.14565077612210908,0.14565077612210908,0.0,19
probe_resnet50_lunit_bt,erm,True,0.1461982444656219,0.14482569328398615,0.020974481435187233,0.004616261013972763,0.034317319897090186,0.03461698642180647,0.002059623755188483,5,0.0,none,0.2,0.14565077612210908,0.14565077612210908,0.0,7
probe_resnet50_lunit_bt,erm,True,0.1461982444656219,0.14482569328398615,0.020974481435187233,0.004616261013972763,0.034317319897090186,0.03461698642180647,0.002059623755188483,5,0.25,ratio,0.02,0.15570722924761343,0.14565077612210908,0.125,716
probe_resnet50_lunit_bt,erm,True,0.1461982444656219,0.14482569328398615,0.020974481435187233,0.004616261013972763,0.034317319897090186,0.03461698642180647,0.002059623755188483,5,0.25,ratio,0.05,0.15570722924761343,0.14565077612210908,0.125,117
probe_resnet50_lunit_bt,erm,True,0.1461982444656219,0.14482569328398615,0.020974481435187233,0.004616261013972763,0.034317319897090186,0.03461698642180647,0.002059623755188483,5,0.25,ratio,0.1,0.15570722924761343,0.14565077612210908,0.125,31
probe_resnet50_lunit_bt,erm,True,0.1461982444656219,0.14482569328398615,0.020974481435187233,0.004616261013972763,0.034317319897090186,0.03461698642180647,0.002059623755188483,5,0.25,ratio,0.2,0.15570722924761343,0.14565077612210908,0.125,10
probe_resnet50_lunit_bt,erm,True,0.1461982444656219,0.14482569328398615,0.020974481435187233,0.004616261013972763,0.034317319897090186,0.03461698642180647,0.002059623755188483,5,0.25,design,0.02,0.15570722924761343,0.14565077612210908,0.125,
probe_resnet50_lunit_bt,erm,True,0.1461982444656219,0.14482569328398615,0.020974481435187233,0.004616261013972763,0.034317319897090186,0.03461698642180647,0.002059623755188483,5,0.25,design,0.05,0.15570722924761343,0.14565077612210908,0.125,
probe_resnet50_lunit_bt,erm,True,0.1461982444656219,0.14482569328398615,0.020974481435187233,0.004616261013972763,0.034317319897090186,0.03461698642180647,0.002059623755188483,5,0.25,design,0.1,0.15570722924761343,0.14565077612210908,0.125,
probe_resnet50_lunit_bt,erm,True,0.1461982444656219,0.14482569328398615,0.020974481435187233,0.004616261013972763,0.034317319897090186,0.03461698642180647,0.002059623755188483,5,0.25,design,0.2,0.15570722924761343,0.14565077612210908,0.125,
probe_resnet50_lunit_bt,erm,True,0.1461982444656219,0.14482569328398615,0.020974481435187233,0.004616261013972763,0.034317319897090186,0.03461698642180647,0.002059623755188483,5,0.5,ratio,0.02,0.1681830296035552,0.14565077612210908,0.25,
probe_resnet50_lunit_bt,erm,True,0.1461982444656219,0.14482569328398615,0.020974481435187233,0.004616261013972763,0.034317319897090186,0.03461698642180647,0.002059623755188483,5,0.5,ratio,0.05,0.1681830296035552,0.14565077612210908,0.25,180
probe_resnet50_lunit_bt,erm,True,0.1461982444656219,0.14482569328398615,0.020974481435187233,0.004616261013972763,0.034317319897090186,0.03461698642180647,0.002059623755188483,5,0.5,ratio,0.1,0.1681830296035552,0.14565077612210908,0.25,47
probe_resnet50_lunit_bt,erm,True,0.1461982444656219,0.14482569328398615,0.020974481435187233,0.004616261013972763,0.034317319897090186,0.03461698642180647,0.002059623755188483,5,0.5,ratio,0.2,0.1681830296035552,0.14565077612210908,0.25,14
probe_resnet50_lunit_bt,erm,True,0.1461982444656219,0.14482569328398615,0.020974481435187233,0.004616261013972763,0.034317319897090186,0.03461698642180647,0.002059623755188483,5,0.5,design,0.02,0.1681830296035552,0.14565077612210908,0.25,
probe_resnet50_lunit_bt,erm,True,0.1461982444656219,0.14482569328398615,0.020974481435187233,0.004616261013972763,0.034317319897090186,0.03461698642180647,0.002059623755188483,5,0.5,design,0.05,0.1681830296035552,0.14565077612210908,0.25,
probe_resnet50_lunit_bt,erm,True,0.1461982444656219,0.14482569328398615,0.020974481435187233,0.004616261013972763,0.034317319897090186,0.03461698642180647,0.002059623755188483,5,0.5,design,0.1,0.1681830296035552,0.14565077612210908,0.25,
probe_resnet50_lunit_bt,erm,True,0.1461982444656219,0.14482569328398615,0.020974481435187233,0.004616261013972763,0.034317319897090186,0.03461698642180647,0.002059623755188483,5,0.5,design,0.2,0.1681830296035552,0.14565077612210908,0.25,
probe_resnet50_lunit_bt,erm,True,0.1461982444656219,0.14482569328398615,0.020974481435187233,0.004616261013972763,0.034317319897090186,0.03461698642180647,0.002059623755188483,10,0.0,none,0.02,0.14523882060275753,0.14523882060275753,0.0,416
probe_resnet50_lunit_bt,erm,True,0.1461982444656219,0.14482569328398615,0.020974481435187233,0.004616261013972763,0.034317319897090186,0.03461698642180647,0.002059623755188483,10,0.0,none,0.05,0.14523882060275753,0.14523882060275753,0.0,69
probe_resnet50_lunit_bt,erm,True,0.1461982444656219,0.14482569328398615,0.020974481435187233,0.004616261013972763,0.034317319897090186,0.03461698642180647,0.002059623755188483,10,0.0,none,0.1,0.14523882060275753,0.14523882060275753,0.0,19
probe_resnet50_lunit_bt,erm,True,0.1461982444656219,0.14482569328398615,0.020974481435187233,0.004616261013972763,0.034317319897090186,0.03461698642180647,0.002059623755188483,10,0.0,none,0.2,0.14523882060275753,0.14523882060275753,0.0,7
probe_resnet50_lunit_bt,erm,True,0.1461982444656219,0.14482569328398615,0.020974481435187233,0.004616261013972763,0.034317319897090186,0.03461698642180647,0.002059623755188483,10,0.25,ratio,0.02,0.15526683027275515,0.14523882060275753,0.125,712
probe_resnet50_lunit_bt,erm,True,0.1461982444656219,0.14482569328398615,0.020974481435187233,0.004616261013972763,0.034317319897090186,0.03461698642180647,0.002059623755188483,10,0.25,ratio,0.05,0.15526683027275515,0.14523882060275753,0.125,116
probe_resnet50_lunit_bt,erm,True,0.1461982444656219,0.14482569328398615,0.020974481435187233,0.004616261013972763,0.034317319897090186,0.03461698642180647,0.002059623755188483,10,0.25,ratio,0.1,0.15526683027275515,0.14523882060275753,0.125,31
probe_resnet50_lunit_bt,erm,True,0.1461982444656219,0.14482569328398615,0.020974481435187233,0.004616261013972763,0.034317319897090186,0.03461698642180647,0.002059623755188483,10,0.25,ratio,0.2,0.15526683027275515,0.14523882060275753,0.125,10
probe_resnet50_lunit_bt,erm,True,0.1461982444656219,0.14482569328398615,0.020974481435187233,0.004616261013972763,0.034317319897090186,0.03461698642180647,0.002059623755188483,10,0.25,design,0.02,0.15526683027275515,0.14523882060275753,0.125,
probe_resnet50_lunit_bt,erm,True,0.1461982444656219,0.14482569328398615,0.020974481435187233,0.004616261013972763,0.034317319897090186,0.03461698642180647,0.002059623755188483,10,0.25,design,0.05,0.15526683027275515,0.14523882060275753,0.125,
probe_resnet50_lunit_bt,erm,True,0.1461982444656219,0.14482569328398615,0.020974481435187233,0.004616261013972763,0.034317319897090186,0.03461698642180647,0.002059623755188483,10,0.25,design,0.1,0.15526683027275515,0.14523882060275753,0.125,
probe_resnet50_lunit_bt,erm,True,0.1461982444656219,0.14482569328398615,0.020974481435187233,0.004616261013972763,0.034317319897090186,0.03461698642180647,0.002059623755188483,10,0.25,design,0.2,0.15526683027275515,0.14523882060275753,0.125,
probe_resnet50_lunit_bt,erm,True,0.1461982444656219,0.14482569328398615,0.020974481435187233,0.004616261013972763,0.034317319897090186,0.03461698642180647,0.002059623755188483,10,0.5,ratio,0.02,0.16770734434357165,0.14523882060275753,0.25,
probe_resnet50_lunit_bt,erm,True,0.1461982444656219,0.14482569328398615,0.020974481435187233,0.004616261013972763,0.034317319897090186,0.03461698642180647,0.002059623755188483,10,0.5,ratio,0.05,0.16770734434357165,0.14523882060275753,0.25,179
probe_resnet50_lunit_bt,erm,True,0.1461982444656219,0.14482569328398615,0.020974481435187233,0.004616261013972763,0.034317319897090186,0.03461698642180647,0.002059623755188483,10,0.5,ratio,0.1,0.16770734434357165,0.14523882060275753,0.25,47
probe_resnet50_lunit_bt,erm,True,0.1461982444656219,0.14482569328398615,0.020974481435187233,0.004616261013972763,0.034317319897090186,0.03461698642180647,0.002059623755188483,10,0.5,ratio,0.2,0.16770734434357165,0.14523882060275753,0.25,14
probe_resnet50_lunit_bt,erm,True,0.1461982444656219,0.14482569328398615,0.020974481435187233,0.004616261013972763,0.034317319897090186,0.03461698642180647,0.002059623755188483,10,0.5,design,0.02,0.16770734434357165,0.14523882060275753,0.25,
probe_resnet50_lunit_bt,erm,True,0.1461982444656219,0.14482569328398615,0.020974481435187233,0.004616261013972763,0.034317319897090186,0.03461698642180647,0.002059623755188483,10,0.5,design,0.05,0.16770734434357165,0.14523882060275753,0.25,
probe_resnet50_lunit_bt,erm,True,0.1461982444656219,0.14482569328398615,0.020974481435187233,0.004616261013972763,0.034317319897090186,0.03461698642180647,0.002059623755188483,10,0.5,design,0.1,0.16770734434357165,0.14523882060275753,0.25,
probe_resnet50_lunit_bt,erm,True,0.1461982444656219,0.14482569328398615,0.020974481435187233,0.004616261013972763,0.034317319897090186,0.03461698642180647,0.002059623755188483,10,0.5,design,0.2,0.16770734434357165,0.14523882060275753,0.25,
probe_vit_s16_lunit_dino,erm,True,0.13059736214403883,0.12908781873837474,0.01666366494663149,0.0010018959571767968,0.034317319897090186,0.034293121133096405,0.03874198156081063,1,0.0,none,0.02,0.13356527656423547,0.13356527656423547,0.0,352
probe_vit_s16_lunit_dino,erm,True,0.13059736214403883,0.12908781873837474,0.01666366494663149,0.0010018959571767968,0.034317319897090186,0.034293121133096405,0.03874198156081063,1,0.0,none,0.05,0.13356527656423547,0.13356527656423547,0.0,58
probe_vit_s16_lunit_dino,erm,True,0.13059736214403883,0.12908781873837474,0.01666366494663149,0.0010018959571767968,0.034317319897090186,0.034293121133096405,0.03874198156081063,1,0.0,none,0.1,0.13356527656423547,0.13356527656423547,0.0,17
probe_vit_s16_lunit_dino,erm,True,0.13059736214403883,0.12908781873837474,0.01666366494663149,0.0010018959571767968,0.034317319897090186,0.034293121133096405,0.03874198156081063,1,0.0,none,0.2,0.13356527656423547,0.13356527656423547,0.0,6
probe_vit_s16_lunit_dino,erm,True,0.13059736214403883,0.12908781873837474,0.01666366494663149,0.0010018959571767968,0.034317319897090186,0.034293121133096405,0.03874198156081063,1,0.25,ratio,0.02,0.14278728676373603,0.13356527656423547,0.125,603
probe_vit_s16_lunit_dino,erm,True,0.13059736214403883,0.12908781873837474,0.01666366494663149,0.0010018959571767968,0.034317319897090186,0.034293121133096405,0.03874198156081063,1,0.25,ratio,0.05,0.14278728676373603,0.13356527656423547,0.125,98
probe_vit_s16_lunit_dino,erm,True,0.13059736214403883,0.12908781873837474,0.01666366494663149,0.0010018959571767968,0.034317319897090186,0.034293121133096405,0.03874198156081063,1,0.25,ratio,0.1,0.14278728676373603,0.13356527656423547,0.125,26
probe_vit_s16_lunit_dino,erm,True,0.13059736214403883,0.12908781873837474,0.01666366494663149,0.0010018959571767968,0.034317319897090186,0.034293121133096405,0.03874198156081063,1,0.25,ratio,0.2,0.14278728676373603,0.13356527656423547,0.125,9
probe_vit_s16_lunit_dino,erm,True,0.13059736214403883,0.12908781873837474,0.01666366494663149,0.0010018959571767968,0.034317319897090186,0.034293121133096405,0.03874198156081063,1,0.25,design,0.02,0.14278728676373603,0.13356527656423547,0.125,
probe_vit_s16_lunit_dino,erm,True,0.13059736214403883,0.12908781873837474,0.01666366494663149,0.0010018959571767968,0.034317319897090186,0.034293121133096405,0.03874198156081063,1,0.25,design,0.05,0.14278728676373603,0.13356527656423547,0.125,
probe_vit_s16_lunit_dino,erm,True,0.13059736214403883,0.12908781873837474,0.01666366494663149,0.0010018959571767968,0.034317319897090186,0.034293121133096405,0.03874198156081063,1,0.25,design,0.1,0.14278728676373603,0.13356527656423547,0.125,
probe_vit_s16_lunit_dino,erm,True,0.13059736214403883,0.12908781873837474,0.01666366494663149,0.0010018959571767968,0.034317319897090186,0.034293121133096405,0.03874198156081063,1,0.25,design,0.2,0.14278728676373603,0.13356527656423547,0.125,
probe_vit_s16_lunit_dino,erm,True,0.13059736214403883,0.12908781873837474,0.01666366494663149,0.0010018959571767968,0.034317319897090186,0.034293121133096405,0.03874198156081063,1,0.5,ratio,0.02,0.15422789675749635,0.13356527656423547,0.25,936
probe_vit_s16_lunit_dino,erm,True,0.13059736214403883,0.12908781873837474,0.01666366494663149,0.0010018959571767968,0.034317319897090186,0.034293121133096405,0.03874198156081063,1,0.5,ratio,0.05,0.15422789675749635,0.13356527656423547,0.25,152
probe_vit_s16_lunit_dino,erm,True,0.13059736214403883,0.12908781873837474,0.01666366494663149,0.0010018959571767968,0.034317319897090186,0.034293121133096405,0.03874198156081063,1,0.5,ratio,0.1,0.15422789675749635,0.13356527656423547,0.25,40
probe_vit_s16_lunit_dino,erm,True,0.13059736214403883,0.12908781873837474,0.01666366494663149,0.0010018959571767968,0.034317319897090186,0.034293121133096405,0.03874198156081063,1,0.5,ratio,0.2,0.15422789675749635,0.13356527656423547,0.25,12
probe_vit_s16_lunit_dino,erm,True,0.13059736214403883,0.12908781873837474,0.01666366494663149,0.0010018959571767968,0.034317319897090186,0.034293121133096405,0.03874198156081063,1,0.5,design,0.02,0.15422789675749635,0.13356527656423547,0.25,
probe_vit_s16_lunit_dino,erm,True,0.13059736214403883,0.12908781873837474,0.01666366494663149,0.0010018959571767968,0.034317319897090186,0.034293121133096405,0.03874198156081063,1,0.5,design,0.05,0.15422789675749635,0.13356527656423547,0.25,
probe_vit_s16_lunit_dino,erm,True,0.13059736214403883,0.12908781873837474,0.01666366494663149,0.0010018959571767968,0.034317319897090186,0.034293121133096405,0.03874198156081063,1,0.5,design,0.1,0.15422789675749635,0.13356527656423547,0.25,
probe_vit_s16_lunit_dino,erm,True,0.13059736214403883,0.12908781873837474,0.01666366494663149,0.0010018959571767968,0.034317319897090186,0.034293121133096405,0.03874198156081063,1,0.5,design,0.2,0.15422789675749635,0.13356527656423547,0.25,
probe_vit_s16_lunit_dino,erm,True,0.13059736214403883,0.12908781873837474,0.01666366494663149,0.0010018959571767968,0.034317319897090186,0.034293121133096405,0.03874198156081063,3,0.0,none,0.02,0.13059736214403883,0.13059736214403883,0.0,337
probe_vit_s16_lunit_dino,erm,True,0.13059736214403883,0.12908781873837474,0.01666366494663149,0.0010018959571767968,0.034317319897090186,0.034293121133096405,0.03874198156081063,3,0.0,none,0.05,0.13059736214403883,0.13059736214403883,0.0,56
probe_vit_s16_lunit_dino,erm,True,0.13059736214403883,0.12908781873837474,0.01666366494663149,0.0010018959571767968,0.034317319897090186,0.034293121133096405,0.03874198156081063,3,0.0,none,0.1,0.13059736214403883,0.13059736214403883,0.0,16
probe_vit_s16_lunit_dino,erm,True,0.13059736214403883,0.12908781873837474,0.01666366494663149,0.0010018959571767968,0.034317319897090186,0.034293121133096405,0.03874198156081063,3,0.0,none,0.2,0.13059736214403883,0.13059736214403883,0.0,6
probe_vit_s16_lunit_dino,erm,True,0.13059736214403883,0.12908781873837474,0.01666366494663149,0.0010018959571767968,0.034317319897090186,0.034293121133096405,0.03874198156081063,3,0.25,ratio,0.02,0.13961445278840984,0.13059736214403883,0.125,576
probe_vit_s16_lunit_dino,erm,True,0.13059736214403883,0.12908781873837474,0.01666366494663149,0.0010018959571767968,0.034317319897090186,0.034293121133096405,0.03874198156081063,3,0.25,ratio,0.05,0.13961445278840984,0.13059736214403883,0.125,94
probe_vit_s16_lunit_dino,erm,True,0.13059736214403883,0.12908781873837474,0.01666366494663149,0.0010018959571767968,0.034317319897090186,0.034293121133096405,0.03874198156081063,3,0.25,ratio,0.1,0.13961445278840984,0.13059736214403883,0.125,25
probe_vit_s16_lunit_dino,erm,True,0.13059736214403883,0.12908781873837474,0.01666366494663149,0.0010018959571767968,0.034317319897090186,0.034293121133096405,0.03874198156081063,3,0.25,ratio,0.2,0.13961445278840984,0.13059736214403883,0.125,8
probe_vit_s16_lunit_dino,erm,True,0.13059736214403883,0.12908781873837474,0.01666366494663149,0.0010018959571767968,0.034317319897090186,0.034293121133096405,0.03874198156081063,3,0.25,design,0.02,0.13961445278840984,0.13059736214403883,0.125,
probe_vit_s16_lunit_dino,erm,True,0.13059736214403883,0.12908781873837474,0.01666366494663149,0.0010018959571767968,0.034317319897090186,0.034293121133096405,0.03874198156081063,3,0.25,design,0.05,0.13961445278840984,0.13059736214403883,0.125,
probe_vit_s16_lunit_dino,erm,True,0.13059736214403883,0.12908781873837474,0.01666366494663149,0.0010018959571767968,0.034317319897090186,0.034293121133096405,0.03874198156081063,3,0.25,design,0.1,0.13961445278840984,0.13059736214403883,0.125,
probe_vit_s16_lunit_dino,erm,True,0.13059736214403883,0.12908781873837474,0.01666366494663149,0.0010018959571767968,0.034317319897090186,0.034293121133096405,0.03874198156081063,3,0.25,design,0.2,0.13961445278840984,0.13059736214403883,0.125,67
probe_vit_s16_lunit_dino,erm,True,0.13059736214403883,0.12908781873837474,0.01666366494663149,0.0010018959571767968,0.034317319897090186,0.034293121133096405,0.03874198156081063,3,0.5,ratio,0.02,0.15080084437863173,0.13059736214403883,0.25,895
probe_vit_s16_lunit_dino,erm,True,0.13059736214403883,0.12908781873837474,0.01666366494663149,0.0010018959571767968,0.034317319897090186,0.034293121133096405,0.03874198156081063,3,0.5,ratio,0.05,0.15080084437863173,0.13059736214403883,0.25,145
probe_vit_s16_lunit_dino,erm,True,0.13059736214403883,0.12908781873837474,0.01666366494663149,0.0010018959571767968,0.034317319897090186,0.034293121133096405,0.03874198156081063,3,0.5,ratio,0.1,0.15080084437863173,0.13059736214403883,0.25,38
probe_vit_s16_lunit_dino,erm,True,0.13059736214403883,0.12908781873837474,0.01666366494663149,0.0010018959571767968,0.034317319897090186,0.034293121133096405,0.03874198156081063,3,0.5,ratio,0.2,0.15080084437863173,0.13059736214403883,0.25,11
probe_vit_s16_lunit_dino,erm,True,0.13059736214403883,0.12908781873837474,0.01666366494663149,0.0010018959571767968,0.034317319897090186,0.034293121133096405,0.03874198156081063,3,0.5,design,0.02,0.15080084437863173,0.13059736214403883,0.25,
probe_vit_s16_lunit_dino,erm,True,0.13059736214403883,0.12908781873837474,0.01666366494663149,0.0010018959571767968,0.034317319897090186,0.034293121133096405,0.03874198156081063,3,0.5,design,0.05,0.15080084437863173,0.13059736214403883,0.25,
probe_vit_s16_lunit_dino,erm,True,0.13059736214403883,0.12908781873837474,0.01666366494663149,0.0010018959571767968,0.034317319897090186,0.034293121133096405,0.03874198156081063,3,0.5,design,0.1,0.15080084437863173,0.13059736214403883,0.25,
probe_vit_s16_lunit_dino,erm,True,0.13059736214403883,0.12908781873837474,0.01666366494663149,0.0010018959571767968,0.034317319897090186,0.034293121133096405,0.03874198156081063,3,0.5,design,0.2,0.15080084437863173,0.13059736214403883,0.25,
probe_vit_s16_lunit_dino,erm,True,0.13059736214403883,0.12908781873837474,0.01666366494663149,0.0010018959571767968,0.034317319897090186,0.034293121133096405,0.03874198156081063,5,0.0,none,0.02,0.12999564830424645,0.12999564830424645,0.0,334
probe_vit_s16_lunit_dino,erm,True,0.13059736214403883,0.12908781873837474,0.01666366494663149,0.0010018959571767968,0.034317319897090186,0.034293121133096405,0.03874198156081063,5,0.0,none,0.05,0.12999564830424645,0.12999564830424645,0.0,56
probe_vit_s16_lunit_dino,erm,True,0.13059736214403883,0.12908781873837474,0.01666366494663149,0.0010018959571767968,0.034317319897090186,0.034293121133096405,0.03874198156081063,5,0.0,none,0.1,0.12999564830424645,0.12999564830424645,0.0,16
probe_vit_s16_lunit_dino,erm,True,0.13059736214403883,0.12908781873837474,0.01666366494663149,0.0010018959571767968,0.034317319897090186,0.034293121133096405,0.03874198156081063,5,0.0,none,0.2,0.12999564830424645,0.12999564830424645,0.0,6
probe_vit_s16_lunit_dino,erm,True,0.13059736214403883,0.12908781873837474,0.01666366494663149,0.0010018959571767968,0.034317319897090186,0.034293121133096405,0.03874198156081063,5,0.25,ratio,0.02,0.13897119363601462,0.12999564830424645,0.125,571
probe_vit_s16_lunit_dino,erm,True,0.13059736214403883,0.12908781873837474,0.01666366494663149,0.0010018959571767968,0.034317319897090186,0.034293121133096405,0.03874198156081063,5,0.25,ratio,0.05,0.13897119363601462,0.12999564830424645,0.125,93
probe_vit_s16_lunit_dino,erm,True,0.13059736214403883,0.12908781873837474,0.01666366494663149,0.0010018959571767968,0.034317319897090186,0.034293121133096405,0.03874198156081063,5,0.25,ratio,0.1,0.13897119363601462,0.12999564830424645,0.125,25
probe_vit_s16_lunit_dino,erm,True,0.13059736214403883,0.12908781873837474,0.01666366494663149,0.0010018959571767968,0.034317319897090186,0.034293121133096405,0.03874198156081063,5,0.25,ratio,0.2,0.13897119363601462,0.12999564830424645,0.125,8
probe_vit_s16_lunit_dino,erm,True,0.13059736214403883,0.12908781873837474,0.01666366494663149,0.0010018959571767968,0.034317319897090186,0.034293121133096405,0.03874198156081063,5,0.25,design,0.02,0.13897119363601462,0.12999564830424645,0.125,
probe_vit_s16_lunit_dino,erm,True,0.13059736214403883,0.12908781873837474,0.01666366494663149,0.0010018959571767968,0.034317319897090186,0.034293121133096405,0.03874198156081063,5,0.25,design,0.05,0.13897119363601462,0.12999564830424645,0.125,
probe_vit_s16_lunit_dino,erm,True,0.13059736214403883,0.12908781873837474,0.01666366494663149,0.0010018959571767968,0.034317319897090186,0.034293121133096405,0.03874198156081063,5,0.25,design,0.1,0.13897119363601462,0.12999564830424645,0.125,
probe_vit_s16_lunit_dino,erm,True,0.13059736214403883,0.12908781873837474,0.01666366494663149,0.0010018959571767968,0.034317319897090186,0.034293121133096405,0.03874198156081063,5,0.25,design,0.2,0.13897119363601462,0.12999564830424645,0.125,56
probe_vit_s16_lunit_dino,erm,True,0.13059736214403883,0.12908781873837474,0.01666366494663149,0.0010018959571767968,0.034317319897090186,0.034293121133096405,0.03874198156081063,5,0.5,ratio,0.02,0.15010604508387324,0.12999564830424645,0.25,887
probe_vit_s16_lunit_dino,erm,True,0.13059736214403883,0.12908781873837474,0.01666366494663149,0.0010018959571767968,0.034317319897090186,0.034293121133096405,0.03874198156081063,5,0.5,ratio,0.05,0.15010604508387324,0.12999564830424645,0.25,144
probe_vit_s16_lunit_dino,erm,True,0.13059736214403883,0.12908781873837474,0.01666366494663149,0.0010018959571767968,0.034317319897090186,0.034293121133096405,0.03874198156081063,5,0.5,ratio,0.1,0.15010604508387324,0.12999564830424645,0.25,38
probe_vit_s16_lunit_dino,erm,True,0.13059736214403883,0.12908781873837474,0.01666366494663149,0.0010018959571767968,0.034317319897090186,0.034293121133096405,0.03874198156081063,5,0.5,ratio,0.2,0.15010604508387324,0.12999564830424645,0.25,11
probe_vit_s16_lunit_dino,erm,True,0.13059736214403883,0.12908781873837474,0.01666366494663149,0.0010018959571767968,0.034317319897090186,0.034293121133096405,0.03874198156081063,5,0.5,design,0.02,0.15010604508387324,0.12999564830424645,0.25,
probe_vit_s16_lunit_dino,erm,True,0.13059736214403883,0.12908781873837474,0.01666366494663149,0.0010018959571767968,0.034317319897090186,0.034293121133096405,0.03874198156081063,5,0.5,design,0.05,0.15010604508387324,0.12999564830424645,0.25,
probe_vit_s16_lunit_dino,erm,True,0.13059736214403883,0.12908781873837474,0.01666366494663149,0.0010018959571767968,0.034317319897090186,0.034293121133096405,0.03874198156081063,5,0.5,design,0.1,0.15010604508387324,0.12999564830424645,0.25,
probe_vit_s16_lunit_dino,erm,True,0.13059736214403883,0.12908781873837474,0.01666366494663149,0.0010018959571767968,0.034317319897090186,0.034293121133096405,0.03874198156081063,5,0.5,design,0.2,0.15010604508387324,0.12999564830424645,0.25,
probe_vit_s16_lunit_dino,erm,True,0.13059736214403883,0.12908781873837474,0.01666366494663149,0.0010018959571767968,0.034317319897090186,0.034293121133096405,0.03874198156081063,10,0.0,none,0.02,0.12954252877853054,0.12954252877853054,0.0,332
probe_vit_s16_lunit_dino,erm,True,0.13059736214403883,0.12908781873837474,0.01666366494663149,0.0010018959571767968,0.034317319897090186,0.034293121133096405,0.03874198156081063,10,0.0,none,0.05,0.12954252877853054,0.12954252877853054,0.0,55
probe_vit_s16_lunit_dino,erm,True,0.13059736214403883,0.12908781873837474,0.01666366494663149,0.0010018959571767968,0.034317319897090186,0.034293121133096405,0.03874198156081063,10,0.0,none,0.1,0.12954252877853054,0.12954252877853054,0.0,16
probe_vit_s16_lunit_dino,erm,True,0.13059736214403883,0.12908781873837474,0.01666366494663149,0.0010018959571767968,0.034317319897090186,0.034293121133096405,0.03874198156081063,10,0.0,none,0.2,0.12954252877853054,0.12954252877853054,0.0,6
probe_vit_s16_lunit_dino,erm,True,0.13059736214403883,0.12908781873837474,0.01666366494663149,0.0010018959571767968,0.034317319897090186,0.034293121133096405,0.03874198156081063,10,0.25,ratio,0.02,0.1384867884873042,0.12954252877853054,0.125,567
probe_vit_s16_lunit_dino,erm,True,0.13059736214403883,0.12908781873837474,0.01666366494663149,0.0010018959571767968,0.034317319897090186,0.034293121133096405,0.03874198156081063,10,0.25,ratio,0.05,0.1384867884873042,0.12954252877853054,0.125,93
probe_vit_s16_lunit_dino,erm,True,0.13059736214403883,0.12908781873837474,0.01666366494663149,0.0010018959571767968,0.034317319897090186,0.034293121133096405,0.03874198156081063,10,0.25,ratio,0.1,0.1384867884873042,0.12954252877853054,0.125,25
probe_vit_s16_lunit_dino,erm,True,0.13059736214403883,0.12908781873837474,0.01666366494663149,0.0010018959571767968,0.034317319897090186,0.034293121133096405,0.03874198156081063,10,0.25,ratio,0.2,0.1384867884873042,0.12954252877853054,0.125,8
probe_vit_s16_lunit_dino,erm,True,0.13059736214403883,0.12908781873837474,0.01666366494663149,0.0010018959571767968,0.034317319897090186,0.034293121133096405,0.03874198156081063,10,0.25,design,0.02,0.1384867884873042,0.12954252877853054,0.125,
probe_vit_s16_lunit_dino,erm,True,0.13059736214403883,0.12908781873837474,0.01666366494663149,0.0010018959571767968,0.034317319897090186,0.034293121133096405,0.03874198156081063,10,0.25,design,0.05,0.1384867884873042,0.12954252877853054,0.125,
probe_vit_s16_lunit_dino,erm,True,0.13059736214403883,0.12908781873837474,0.01666366494663149,0.0010018959571767968,0.034317319897090186,0.034293121133096405,0.03874198156081063,10,0.25,design,0.1,0.1384867884873042,0.12954252877853054,0.125,
probe_vit_s16_lunit_dino,erm,True,0.13059736214403883,0.12908781873837474,0.01666366494663149,0.0010018959571767968,0.034317319897090186,0.034293121133096405,0.03874198156081063,10,0.25,design,0.2,0.1384867884873042,0.12954252877853054,0.125,49
probe_vit_s16_lunit_dino,erm,True,0.13059736214403883,0.12908781873837474,0.01666366494663149,0.0010018959571767968,0.034317319897090186,0.034293121133096405,0.03874198156081063,10,0.5,ratio,0.02,0.1495828277235789,0.12954252877853054,0.25,881
probe_vit_s16_lunit_dino,erm,True,0.13059736214403883,0.12908781873837474,0.01666366494663149,0.0010018959571767968,0.034317319897090186,0.034293121133096405,0.03874198156081063,10,0.5,ratio,0.05,0.1495828277235789,0.12954252877853054,0.25,143
probe_vit_s16_lunit_dino,erm,True,0.13059736214403883,0.12908781873837474,0.01666366494663149,0.0010018959571767968,0.034317319897090186,0.034293121133096405,0.03874198156081063,10,0.5,ratio,0.1,0.1495828277235789,0.12954252877853054,0.25,38
probe_vit_s16_lunit_dino,erm,True,0.13059736214403883,0.12908781873837474,0.01666366494663149,0.0010018959571767968,0.034317319897090186,0.034293121133096405,0.03874198156081063,10,0.5,ratio,0.2,0.1495828277235789,0.12954252877853054,0.25,11
probe_vit_s16_lunit_dino,erm,True,0.13059736214403883,0.12908781873837474,0.01666366494663149,0.0010018959571767968,0.034317319897090186,0.034293121133096405,0.03874198156081063,10,0.5,design,0.02,0.1495828277235789,0.12954252877853054,0.25,
probe_vit_s16_lunit_dino,erm,True,0.13059736214403883,0.12908781873837474,0.01666366494663149,0.0010018959571767968,0.034317319897090186,0.034293121133096405,0.03874198156081063,10,0.5,design,0.05,0.1495828277235789,0.12954252877853054,0.25,
probe_vit_s16_lunit_dino,erm,True,0.13059736214403883,0.12908781873837474,0.01666366494663149,0.0010018959571767968,0.034317319897090186,0.034293121133096405,0.03874198156081063,10,0.5,design,0.1,0.1495828277235789,0.12954252877853054,0.25,
probe_vit_s16_lunit_dino,erm,True,0.13059736214403883,0.12908781873837474,0.01666366494663149,0.0010018959571767968,0.034317319897090186,0.034293121133096405,0.03874198156081063,10,0.5,design,0.2,0.1495828277235789,0.12954252877853054,0.25,
sam,erm,True,0.028837401602713256,0.01673415006364013,0.00028003177835242703,0.01667566713661367,0.034317319897090186,0.040677903811912754,-0.17381441814887558,1,0.0,none,0.02,0.04398549348232498,0.04398549348232498,0.0,40
sam,erm,True,0.028837401602713256,0.01673415006364013,0.00028003177835242703,0.01667566713661367,0.034317319897090186,0.040677903811912754,-0.17381441814887558,1,0.0,none,0.05,0.04398549348232498,0.04398549348232498,0.0,9
sam,erm,True,0.028837401602713256,0.01673415006364013,0.00028003177835242703,0.01667566713661367,0.034317319897090186,0.040677903811912754,-0.17381441814887558,1,0.0,none,0.1,0.04398549348232498,0.04398549348232498,0.0,4
sam,erm,True,0.028837401602713256,0.01673415006364013,0.00028003177835242703,0.01667566713661367,0.034317319897090186,0.040677903811912754,-0.17381441814887558,1,0.0,none,0.2,0.04398549348232498,0.04398549348232498,0.0,3
sam,erm,True,0.028837401602713256,0.01673415006364013,0.00028003177835242703,0.01667566713661367,0.034317319897090186,0.040677903811912754,-0.17381441814887558,1,0.25,ratio,0.02,0.04702247045686809,0.04398549348232498,0.125,68
sam,erm,True,0.028837401602713256,0.01673415006364013,0.00028003177835242703,0.01667566713661367,0.034317319897090186,0.040677903811912754,-0.17381441814887558,1,0.25,ratio,0.05,0.04702247045686809,0.04398549348232498,0.125,13
sam,erm,True,0.028837401602713256,0.01673415006364013,0.00028003177835242703,0.01667566713661367,0.034317319897090186,0.040677903811912754,-0.17381441814887558,1,0.25,ratio,0.1,0.04702247045686809,0.04398549348232498,0.125,5
sam,erm,True,0.028837401602713256,0.01673415006364013,0.00028003177835242703,0.01667566713661367,0.034317319897090186,0.040677903811912754,-0.17381441814887558,1,0.25,ratio,0.2,0.04702247045686809,0.04398549348232498,0.125,3
sam,erm,True,0.028837401602713256,0.01673415006364013,0.00028003177835242703,0.01667566713661367,0.034317319897090186,0.040677903811912754,-0.17381441814887558,1,0.25,design,0.02,0.04702247045686809,0.04398549348232498,0.125,
sam,erm,True,0.028837401602713256,0.01673415006364013,0.00028003177835242703,0.01667566713661367,0.034317319897090186,0.040677903811912754,-0.17381441814887558,1,0.25,design,0.05,0.04702247045686809,0.04398549348232498,0.125,
sam,erm,True,0.028837401602713256,0.01673415006364013,0.00028003177835242703,0.01667566713661367,0.034317319897090186,0.040677903811912754,-0.17381441814887558,1,0.25,design,0.1,0.04702247045686809,0.04398549348232498,0.125,5
sam,erm,True,0.028837401602713256,0.01673415006364013,0.00028003177835242703,0.01667566713661367,0.034317319897090186,0.040677903811912754,-0.17381441814887558,1,0.25,design,0.2,0.04702247045686809,0.04398549348232498,0.125,3
sam,erm,True,0.028837401602713256,0.01673415006364013,0.00028003177835242703,0.01667566713661367,0.034317319897090186,0.040677903811912754,-0.17381441814887558,1,0.5,ratio,0.02,0.05079007300491772,0.04398549348232498,0.25,104
sam,erm,True,0.028837401602713256,0.01673415006364013,0.00028003177835242703,0.01667566713661367,0.034317319897090186,0.040677903811912754,-0.17381441814887558,1,0.5,ratio,0.05,0.05079007300491772,0.04398549348232498,0.25,19
sam,erm,True,0.028837401602713256,0.01673415006364013,0.00028003177835242703,0.01667566713661367,0.034317319897090186,0.040677903811912754,-0.17381441814887558,1,0.5,ratio,0.1,0.05079007300491772,0.04398549348232498,0.25,7
sam,erm,True,0.028837401602713256,0.01673415006364013,0.00028003177835242703,0.01667566713661367,0.034317319897090186,0.040677903811912754,-0.17381441814887558,1,0.5,ratio,0.2,0.05079007300491772,0.04398549348232498,0.25,4
sam,erm,True,0.028837401602713256,0.01673415006364013,0.00028003177835242703,0.01667566713661367,0.034317319897090186,0.040677903811912754,-0.17381441814887558,1,0.5,design,0.02,0.05079007300491772,0.04398549348232498,0.25,
sam,erm,True,0.028837401602713256,0.01673415006364013,0.00028003177835242703,0.01667566713661367,0.034317319897090186,0.040677903811912754,-0.17381441814887558,1,0.5,design,0.05,0.05079007300491772,0.04398549348232498,0.25,
sam,erm,True,0.028837401602713256,0.01673415006364013,0.00028003177835242703,0.01667566713661367,0.034317319897090186,0.040677903811912754,-0.17381441814887558,1,0.5,design,0.1,0.05079007300491772,0.04398549348232498,0.25,
sam,erm,True,0.028837401602713256,0.01673415006364013,0.00028003177835242703,0.01667566713661367,0.034317319897090186,0.040677903811912754,-0.17381441814887558,1,0.5,design,0.2,0.05079007300491772,0.04398549348232498,0.25,3
sam,erm,True,0.028837401602713256,0.01673415006364013,0.00028003177835242703,0.01667566713661367,0.034317319897090186,0.040677903811912754,-0.17381441814887558,3,0.0,none,0.02,0.028837401602713256,0.028837401602713256,0.0,19
sam,erm,True,0.028837401602713256,0.01673415006364013,0.00028003177835242703,0.01667566713661367,0.034317319897090186,0.040677903811912754,-0.17381441814887558,3,0.0,none,0.05,0.028837401602713256,0.028837401602713256,0.0,5
sam,erm,True,0.028837401602713256,0.01673415006364013,0.00028003177835242703,0.01667566713661367,0.034317319897090186,0.040677903811912754,-0.17381441814887558,3,0.0,none,0.1,0.028837401602713256,0.028837401602713256,0.0,3
sam,erm,True,0.028837401602713256,0.01673415006364013,0.00028003177835242703,0.01667566713661367,0.034317319897090186,0.040677903811912754,-0.17381441814887558,3,0.0,none,0.2,0.028837401602713256,0.028837401602713256,0.0,3
sam,erm,True,0.028837401602713256,0.01673415006364013,0.00028003177835242703,0.01667566713661367,0.034317319897090186,0.040677903811912754,-0.17381441814887558,3,0.25,ratio,0.02,0.03082847906347393,0.028837401602713256,0.125,30
sam,erm,True,0.028837401602713256,0.01673415006364013,0.00028003177835242703,0.01667566713661367,0.034317319897090186,0.040677903811912754,-0.17381441814887558,3,0.25,ratio,0.05,0.03082847906347393,0.028837401602713256,0.125,7
sam,erm,True,0.028837401602713256,0.01673415006364013,0.00028003177835242703,0.01667566713661367,0.034317319897090186,0.040677903811912754,-0.17381441814887558,3,0.25,ratio,0.1,0.03082847906347393,0.028837401602713256,0.125,4
sam,erm,True,0.028837401602713256,0.01673415006364013,0.00028003177835242703,0.01667566713661367,0.034317319897090186,0.040677903811912754,-0.17381441814887558,3,0.25,ratio,0.2,0.03082847906347393,0.028837401602713256,0.125,3
sam,erm,True,0.028837401602713256,0.01673415006364013,0.00028003177835242703,0.01667566713661367,0.034317319897090186,0.040677903811912754,-0.17381441814887558,3,0.25,design,0.02,0.03082847906347393,0.028837401602713256,0.125,
sam,erm,True,0.028837401602713256,0.01673415006364013,0.00028003177835242703,0.01667566713661367,0.034317319897090186,0.040677903811912754,-0.17381441814887558,3,0.25,design,0.05,0.03082847906347393,0.028837401602713256,0.125,12
sam,erm,True,0.028837401602713256,0.01673415006364013,0.00028003177835242703,0.01667566713661367,0.034317319897090186,0.040677903811912754,-0.17381441814887558,3,0.25,design,0.1,0.03082847906347393,0.028837401602713256,0.125,4
sam,erm,True,0.028837401602713256,0.01673415006364013,0.00028003177835242703,0.01667566713661367,0.034317319897090186,0.040677903811912754,-0.17381441814887558,3,0.25,design,0.2,0.03082847906347393,0.028837401602713256,0.125,3
sam,erm,True,0.028837401602713256,0.01673415006364013,0.00028003177835242703,0.01667566713661367,0.034317319897090186,0.040677903811912754,-0.17381441814887558,3,0.5,ratio,0.02,0.03329856315611169,0.028837401602713256,0.25,46
sam,erm,True,0.028837401602713256,0.01673415006364013,0.00028003177835242703,0.01667566713661367,0.034317319897090186,0.040677903811912754,-0.17381441814887558,3,0.5,ratio,0.05,0.03329856315611169,0.028837401602713256,0.25,10
sam,erm,True,0.028837401602713256,0.01673415006364013,0.00028003177835242703,0.01667566713661367,0.034317319897090186,0.040677903811912754,-0.17381441814887558,3,0.5,ratio,0.1,0.03329856315611169,0.028837401602713256,0.25,5
sam,erm,True,0.028837401602713256,0.01673415006364013,0.00028003177835242703,0.01667566713661367,0.034317319897090186,0.040677903811912754,-0.17381441814887558,3,0.5,ratio,0.2,0.03329856315611169,0.028837401602713256,0.25,3
sam,erm,True,0.028837401602713256,0.01673415006364013,0.00028003177835242703,0.01667566713661367,0.034317319897090186,0.040677903811912754,-0.17381441814887558,3,0.5,design,0.02,0.03329856315611169,0.028837401602713256,0.25,
sam,erm,True,0.028837401602713256,0.01673415006364013,0.00028003177835242703,0.01667566713661367,0.034317319897090186,0.040677903811912754,-0.17381441814887558,3,0.5,design,0.05,0.03329856315611169,0.028837401602713256,0.25,
sam,erm,True,0.028837401602713256,0.01673415006364013,0.00028003177835242703,0.01667566713661367,0.034317319897090186,0.040677903811912754,-0.17381441814887558,3,0.5,design,0.1,0.03329856315611169,0.028837401602713256,0.25,4
sam,erm,True,0.028837401602713256,0.01673415006364013,0.00028003177835242703,0.01667566713661367,0.034317319897090186,0.040677903811912754,-0.17381441814887558,3,0.5,design,0.2,0.03329856315611169,0.028837401602713256,0.25,3
sam,erm,True,0.028837401602713256,0.01673415006364013,0.00028003177835242703,0.01667566713661367,0.034317319897090186,0.040677903811912754,-0.17381441814887558,5,0.0,none,0.02,0.02471781038155832,0.02471781038155832,0.0,15
sam,erm,True,0.028837401602713256,0.01673415006364013,0.00028003177835242703,0.01667566713661367,0.034317319897090186,0.040677903811912754,-0.17381441814887558,5,0.0,none,0.05,0.02471781038155832,0.02471781038155832,0.0,5
sam,erm,True,0.028837401602713256,0.01673415006364013,0.00028003177835242703,0.01667566713661367,0.034317319897090186,0.040677903811912754,-0.17381441814887558,5,0.0,none,0.1,0.02471781038155832,0.02471781038155832,0.0,3
sam,erm,True,0.028837401602713256,0.01673415006364013,0.00028003177835242703,0.01667566713661367,0.034317319897090186,0.040677903811912754,-0.17381441814887558,5,0.0,none,0.2,0.02471781038155832,0.02471781038155832,0.0,3
sam,erm,True,0.028837401602713256,0.01673415006364013,0.00028003177835242703,0.01667566713661367,0.034317319897090186,0.040677903811912754,-0.17381441814887558,5,0.25,ratio,0.02,0.026424450799724372,0.02471781038155832,0.125,23
sam,erm,True,0.028837401602713256,0.01673415006364013,0.00028003177835242703,0.01667566713661367,0.034317319897090186,0.040677903811912754,-0.17381441814887558,5,0.25,ratio,0.05,0.026424450799724372,0.02471781038155832,0.125,6
sam,erm,True,0.028837401602713256,0.01673415006364013,0.00028003177835242703,0.01667566713661367,0.034317319897090186,0.040677903811912754,-0.17381441814887558,5,0.25,ratio,0.1,0.026424450799724372,0.02471781038155832,0.125,4
sam,erm,True,0.028837401602713256,0.01673415006364013,0.00028003177835242703,0.01667566713661367,0.034317319897090186,0.040677903811912754,-0.17381441814887558,5,0.25,ratio,0.2,0.026424450799724372,0.02471781038155832,0.125,3
sam,erm,True,0.028837401602713256,0.01673415006364013,0.00028003177835242703,0.01667566713661367,0.034317319897090186,0.040677903811912754,-0.17381441814887558,5,0.25,design,0.02,0.026424450799724372,0.02471781038155832,0.125,
sam,erm,True,0.028837401602713256,0.01673415006364013,0.00028003177835242703,0.01667566713661367,0.034317319897090186,0.040677903811912754,-0.17381441814887558,5,0.25,design,0.05,0.026424450799724372,0.02471781038155832,0.125,7
sam,erm,True,0.028837401602713256,0.01673415006364013,0.00028003177835242703,0.01667566713661367,0.034317319897090186,0.040677903811912754,-0.17381441814887558,5,0.25,design,0.1,0.026424450799724372,0.02471781038155832,0.125,3
sam,erm,True,0.028837401602713256,0.01673415006364013,0.00028003177835242703,0.01667566713661367,0.034317319897090186,0.040677903811912754,-0.17381441814887558,5,0.25,design,0.2,0.026424450799724372,0.02471781038155832,0.125,3
sam,erm,True,0.028837401602713256,0.01673415006364013,0.00028003177835242703,0.01667566713661367,0.034317319897090186,0.040677903811912754,-0.17381441814887558,5,0.5,ratio,0.02,0.028541668955141646,0.02471781038155832,0.25,34
sam,erm,True,0.028837401602713256,0.01673415006364013,0.00028003177835242703,0.01667566713661367,0.034317319897090186,0.040677903811912754,-0.17381441814887558,5,0.5,ratio,0.05,0.028541668955141646,0.02471781038155832,0.25,8
sam,erm,True,0.028837401602713256,0.01673415006364013,0.00028003177835242703,0.01667566713661367,0.034317319897090186,0.040677903811912754,-0.17381441814887558,5,0.5,ratio,0.1,0.028541668955141646,0.02471781038155832,0.25,4
sam,erm,True,0.028837401602713256,0.01673415006364013,0.00028003177835242703,0.01667566713661367,0.034317319897090186,0.040677903811912754,-0.17381441814887558,5,0.5,ratio,0.2,0.028541668955141646,0.02471781038155832,0.25,3
sam,erm,True,0.028837401602713256,0.01673415006364013,0.00028003177835242703,0.01667566713661367,0.034317319897090186,0.040677903811912754,-0.17381441814887558,5,0.5,design,0.02,0.028541668955141646,0.02471781038155832,0.25,
sam,erm,True,0.028837401602713256,0.01673415006364013,0.00028003177835242703,0.01667566713661367,0.034317319897090186,0.040677903811912754,-0.17381441814887558,5,0.5,design,0.05,0.028541668955141646,0.02471781038155832,0.25,
sam,erm,True,0.028837401602713256,0.01673415006364013,0.00028003177835242703,0.01667566713661367,0.034317319897090186,0.040677903811912754,-0.17381441814887558,5,0.5,design,0.1,0.028541668955141646,0.02471781038155832,0.25,3
sam,erm,True,0.028837401602713256,0.01673415006364013,0.00028003177835242703,0.01667566713661367,0.034317319897090186,0.040677903811912754,-0.17381441814887558,5,0.5,design,0.2,0.028541668955141646,0.02471781038155832,0.25,3
sam,erm,True,0.028837401602713256,0.01673415006364013,0.00028003177835242703,0.01667566713661367,0.034317319897090186,0.040677903811912754,-0.17381441814887558,10,0.0,none,0.02,0.02110689376022795,0.02110689376022795,0.0,11
sam,erm,True,0.028837401602713256,0.01673415006364013,0.00028003177835242703,0.01667566713661367,0.034317319897090186,0.040677903811912754,-0.17381441814887558,10,0.0,none,0.05,0.02110689376022795,0.02110689376022795,0.0,4
sam,erm,True,0.028837401602713256,0.01673415006364013,0.00028003177835242703,0.01667566713661367,0.034317319897090186,0.040677903811912754,-0.17381441814887558,10,0.0,none,0.1,0.02110689376022795,0.02110689376022795,0.0,3
sam,erm,True,0.028837401602713256,0.01673415006364013,0.00028003177835242703,0.01667566713661367,0.034317319897090186,0.040677903811912754,-0.17381441814887558,10,0.0,none,0.2,0.02110689376022795,0.02110689376022795,0.0,3
sam,erm,True,0.028837401602713256,0.01673415006364013,0.00028003177835242703,0.01667566713661367,0.034317319897090186,0.040677903811912754,-0.17381441814887558,10,0.25,ratio,0.02,0.022564218557088494,0.02110689376022795,0.125,18
sam,erm,True,0.028837401602713256,0.01673415006364013,0.00028003177835242703,0.01667566713661367,0.034317319897090186,0.040677903811912754,-0.17381441814887558,10,0.25,ratio,0.05,0.022564218557088494,0.02110689376022795,0.125,5
sam,erm,True,0.028837401602713256,0.01673415006364013,0.00028003177835242703,0.01667566713661367,0.034317319897090186,0.040677903811912754,-0.17381441814887558,10,0.25,ratio,0.1,0.022564218557088494,0.02110689376022795,0.125,3
sam,erm,True,0.028837401602713256,0.01673415006364013,0.00028003177835242703,0.01667566713661367,0.034317319897090186,0.040677903811912754,-0.17381441814887558,10,0.25,ratio,0.2,0.022564218557088494,0.02110689376022795,0.125,3
sam,erm,True,0.028837401602713256,0.01673415006364013,0.00028003177835242703,0.01667566713661367,0.034317319897090186,0.040677903811912754,-0.17381441814887558,10,0.25,design,0.02,0.022564218557088494,0.02110689376022795,0.125,
sam,erm,True,0.028837401602713256,0.01673415006364013,0.00028003177835242703,0.01667566713661367,0.034317319897090186,0.040677903811912754,-0.17381441814887558,10,0.25,design,0.05,0.022564218557088494,0.02110689376022795,0.125,5
sam,erm,True,0.028837401602713256,0.01673415006364013,0.00028003177835242703,0.01667566713661367,0.034317319897090186,0.040677903811912754,-0.17381441814887558,10,0.25,design,0.1,0.022564218557088494,0.02110689376022795,0.125,3
sam,erm,True,0.028837401602713256,0.01673415006364013,0.00028003177835242703,0.01667566713661367,0.034317319897090186,0.040677903811912754,-0.17381441814887558,10,0.25,design,0.2,0.022564218557088494,0.02110689376022795,0.125,3
sam,erm,True,0.028837401602713256,0.01673415006364013,0.00028003177835242703,0.01667566713661367,0.034317319897090186,0.040677903811912754,-0.17381441814887558,10,0.5,ratio,0.02,0.024372141588448883,0.02110689376022795,0.25,26
sam,erm,True,0.028837401602713256,0.01673415006364013,0.00028003177835242703,0.01667566713661367,0.034317319897090186,0.040677903811912754,-0.17381441814887558,10,0.5,ratio,0.05,0.024372141588448883,0.02110689376022795,0.25,6
sam,erm,True,0.028837401602713256,0.01673415006364013,0.00028003177835242703,0.01667566713661367,0.034317319897090186,0.040677903811912754,-0.17381441814887558,10,0.5,ratio,0.1,0.024372141588448883,0.02110689376022795,0.25,4
sam,erm,True,0.028837401602713256,0.01673415006364013,0.00028003177835242703,0.01667566713661367,0.034317319897090186,0.040677903811912754,-0.17381441814887558,10,0.5,ratio,0.2,0.024372141588448883,0.02110689376022795,0.25,3
sam,erm,True,0.028837401602713256,0.01673415006364013,0.00028003177835242703,0.01667566713661367,0.034317319897090186,0.040677903811912754,-0.17381441814887558,10,0.5,design,0.02,0.024372141588448883,0.02110689376022795,0.25,
sam,erm,True,0.028837401602713256,0.01673415006364013,0.00028003177835242703,0.01667566713661367,0.034317319897090186,0.040677903811912754,-0.17381441814887558,10,0.5,design,0.05,0.024372141588448883,0.02110689376022795,0.25,17
sam,erm,True,0.028837401602713256,0.01673415006364013,0.00028003177835242703,0.01667566713661367,0.034317319897090186,0.040677903811912754,-0.17381441814887558,10,0.5,design,0.1,0.024372141588448883,0.02110689376022795,0.25,3
sam,erm,True,0.028837401602713256,0.01673415006364013,0.00028003177835242703,0.01667566713661367,0.034317319897090186,0.040677903811912754,-0.17381441814887558,10,0.5,design,0.2,0.024372141588448883,0.02110689376022795,0.25,3
simclr,erm,True,0.03542340989346154,0.018763461635638207,0.0003520674925520668,0.02955453276859668,0.034317319897090186,0.052040863057643126,-0.3239408465810425,1,0.0,none,0.02,0.05532014931592676,0.05532014931592676,0.0,62
simclr,erm,True,0.03542340989346154,0.018763461635638207,0.0003520674925520668,0.02955453276859668,0.034317319897090186,0.052040863057643126,-0.3239408465810425,1,0.0,none,0.05,0.05532014931592676,0.05532014931592676,0.0,12
simclr,erm,True,0.03542340989346154,0.018763461635638207,0.0003520674925520668,0.02955453276859668,0.034317319897090186,0.052040863057643126,-0.3239408465810425,1,0.0,none,0.1,0.05532014931592676,0.05532014931592676,0.0,5
simclr,erm,True,0.03542340989346154,0.018763461635638207,0.0003520674925520668,0.02955453276859668,0.034317319897090186,0.052040863057643126,-0.3239408465810425,1,0.0,none,0.2,0.05532014931592676,0.05532014931592676,0.0,3
simclr,erm,True,0.03542340989346154,0.018763461635638207,0.0003520674925520668,0.02955453276859668,0.034317319897090186,0.052040863057643126,-0.3239408465810425,1,0.25,ratio,0.02,0.059139727235821365,0.05532014931592676,0.125,105
simclr,erm,True,0.03542340989346154,0.018763461635638207,0.0003520674925520668,0.02955453276859668,0.034317319897090186,0.052040863057643126,-0.3239408465810425,1,0.25,ratio,0.05,0.059139727235821365,0.05532014931592676,0.125,19
simclr,erm,True,0.03542340989346154,0.018763461635638207,0.0003520674925520668,0.02955453276859668,0.034317319897090186,0.052040863057643126,-0.3239408465810425,1,0.25,ratio,0.1,0.059139727235821365,0.05532014931592676,0.125,7
simclr,erm,True,0.03542340989346154,0.018763461635638207,0.0003520674925520668,0.02955453276859668,0.034317319897090186,0.052040863057643126,-0.3239408465810425,1,0.25,ratio,0.2,0.059139727235821365,0.05532014931592676,0.125,4
simclr,erm,True,0.03542340989346154,0.018763461635638207,0.0003520674925520668,0.02955453276859668,0.034317319897090186,0.052040863057643126,-0.3239408465810425,1,0.25,design,0.02,0.059139727235821365,0.05532014931592676,0.125,
simclr,erm,True,0.03542340989346154,0.018763461635638207,0.0003520674925520668,0.02955453276859668,0.034317319897090186,0.052040863057643126,-0.3239408465810425,1,0.25,design,0.05,0.059139727235821365,0.05532014931592676,0.125,
simclr,erm,True,0.03542340989346154,0.018763461635638207,0.0003520674925520668,0.02955453276859668,0.034317319897090186,0.052040863057643126,-0.3239408465810425,1,0.25,design,0.1,0.059139727235821365,0.05532014931592676,0.125,9
simclr,erm,True,0.03542340989346154,0.018763461635638207,0.0003520674925520668,0.02955453276859668,0.034317319897090186,0.052040863057643126,-0.3239408465810425,1,0.25,design,0.2,0.059139727235821365,0.05532014931592676,0.125,3
simclr,erm,True,0.03542340989346154,0.018763461635638207,0.0003520674925520668,0.02955453276859668,0.034317319897090186,0.052040863057643126,-0.3239408465810425,1,0.5,ratio,0.02,0.06387820619832121,0.05532014931592676,0.25,163
simclr,erm,True,0.03542340989346154,0.018763461635638207,0.0003520674925520668,0.02955453276859668,0.034317319897090186,0.052040863057643126,-0.3239408465810425,1,0.5,ratio,0.05,0.06387820619832121,0.05532014931592676,0.25,28
simclr,erm,True,0.03542340989346154,0.018763461635638207,0.0003520674925520668,0.02955453276859668,0.034317319897090186,0.052040863057643126,-0.3239408465810425,1,0.5,ratio,0.1,0.06387820619832121,0.05532014931592676,0.25,9
simclr,erm,True,0.03542340989346154,0.018763461635638207,0.0003520674925520668,0.02955453276859668,0.034317319897090186,0.052040863057643126,-0.3239408465810425,1,0.5,ratio,0.2,0.06387820619832121,0.05532014931592676,0.25,4
simclr,erm,True,0.03542340989346154,0.018763461635638207,0.0003520674925520668,0.02955453276859668,0.034317319897090186,0.052040863057643126,-0.3239408465810425,1,0.5,design,0.02,0.06387820619832121,0.05532014931592676,0.25,
simclr,erm,True,0.03542340989346154,0.018763461635638207,0.0003520674925520668,0.02955453276859668,0.034317319897090186,0.052040863057643126,-0.3239408465810425,1,0.5,design,0.05,0.06387820619832121,0.05532014931592676,0.25,
simclr,erm,True,0.03542340989346154,0.018763461635638207,0.0003520674925520668,0.02955453276859668,0.034317319897090186,0.052040863057643126,-0.3239408465810425,1,0.5,design,0.1,0.06387820619832121,0.05532014931592676,0.25,
simclr,erm,True,0.03542340989346154,0.018763461635638207,0.0003520674925520668,0.02955453276859668,0.034317319897090186,0.052040863057643126,-0.3239408465810425,1,0.5,design,0.2,0.06387820619832121,0.05532014931592676,0.25,4
simclr,erm,True,0.03542340989346154,0.018763461635638207,0.0003520674925520668,0.02955453276859668,0.034317319897090186,0.052040863057643126,-0.3239408465810425,3,0.0,none,0.02,0.03542340989346154,0.03542340989346154,0.0,27
simclr,erm,True,0.03542340989346154,0.018763461635638207,0.0003520674925520668,0.02955453276859668,0.034317319897090186,0.052040863057643126,-0.3239408465810425,3,0.0,none,0.05,0.03542340989346154,0.03542340989346154,0.0,7
simclr,erm,True,0.03542340989346154,0.018763461635638207,0.0003520674925520668,0.02955453276859668,0.034317319897090186,0.052040863057643126,-0.3239408465810425,3,0.0,none,0.1,0.03542340989346154,0.03542340989346154,0.0,4
simclr,erm,True,0.03542340989346154,0.018763461635638207,0.0003520674925520668,0.02955453276859668,0.034317319897090186,0.052040863057643126,-0.3239408465810425,3,0.0,none,0.2,0.03542340989346154,0.03542340989346154,0.0,3
simclr,erm,True,0.03542340989346154,0.018763461635638207,0.0003520674925520668,0.02955453276859668,0.034317319897090186,0.052040863057643126,-0.3239408465810425,3,0.25,ratio,0.02,0.03786921808359756,0.03542340989346154,0.125,45
simclr,erm,True,0.03542340989346154,0.018763461635638207,0.0003520674925520668,0.02955453276859668,0.034317319897090186,0.052040863057643126,-0.3239408465810425,3,0.25,ratio,0.05,0.03786921808359756,0.03542340989346154,0.125,9
simclr,erm,True,0.03542340989346154,0.018763461635638207,0.0003520674925520668,0.02955453276859668,0.034317319897090186,0.052040863057643126,-0.3239408465810425,3,0.25,ratio,0.1,0.03786921808359756,0.03542340989346154,0.125,4
simclr,erm,True,0.03542340989346154,0.018763461635638207,0.0003520674925520668,0.02955453276859668,0.034317319897090186,0.052040863057643126,-0.3239408465810425,3,0.25,ratio,0.2,0.03786921808359756,0.03542340989346154,0.125,3
simclr,erm,True,0.03542340989346154,0.018763461635638207,0.0003520674925520668,0.02955453276859668,0.034317319897090186,0.052040863057643126,-0.3239408465810425,3,0.25,design,0.02,0.03786921808359756,0.03542340989346154,0.125,
simclr,erm,True,0.03542340989346154,0.018763461635638207,0.0003520674925520668,0.02955453276859668,0.034317319897090186,0.052040863057643126,-0.3239408465810425,3,0.25,design,0.05,0.03786921808359756,0.03542340989346154,0.125,
simclr,erm,True,0.03542340989346154,0.018763461635638207,0.0003520674925520668,0.02955453276859668,0.034317319897090186,0.052040863057643126,-0.3239408465810425,3,0.25,design,0.1,0.03786921808359756,0.03542340989346154,0.125,4
simclr,erm,True,0.03542340989346154,0.018763461635638207,0.0003520674925520668,0.02955453276859668,0.034317319897090186,0.052040863057643126,-0.3239408465810425,3,0.25,design,0.2,0.03786921808359756,0.03542340989346154,0.125,3
simclr,erm,True,0.03542340989346154,0.018763461635638207,0.0003520674925520668,0.02955453276859668,0.034317319897090186,0.052040863057643126,-0.3239408465810425,3,0.5,ratio,0.02,0.040903430475208946,0.03542340989346154,0.25,68
simclr,erm,True,0.03542340989346154,0.018763461635638207,0.0003520674925520668,0.02955453276859668,0.034317319897090186,0.052040863057643126,-0.3239408465810425,3,0.5,ratio,0.05,0.040903430475208946,0.03542340989346154,0.25,13
simclr,erm,True,0.03542340989346154,0.018763461635638207,0.0003520674925520668,0.02955453276859668,0.034317319897090186,0.052040863057643126,-0.3239408465810425,3,0.5,ratio,0.1,0.040903430475208946,0.03542340989346154,0.25,5
simclr,erm,True,0.03542340989346154,0.018763461635638207,0.0003520674925520668,0.02955453276859668,0.034317319897090186,0.052040863057643126,-0.3239408465810425,3,0.5,ratio,0.2,0.040903430475208946,0.03542340989346154,0.25,3
simclr,erm,True,0.03542340989346154,0.018763461635638207,0.0003520674925520668,0.02955453276859668,0.034317319897090186,0.052040863057643126,-0.3239408465810425,3,0.5,design,0.02,0.040903430475208946,0.03542340989346154,0.25,
simclr,erm,True,0.03542340989346154,0.018763461635638207,0.0003520674925520668,0.02955453276859668,0.034317319897090186,0.052040863057643126,-0.3239408465810425,3,0.5,design,0.05,0.040903430475208946,0.03542340989346154,0.25,
simclr,erm,True,0.03542340989346154,0.018763461635638207,0.0003520674925520668,0.02955453276859668,0.034317319897090186,0.052040863057643126,-0.3239408465810425,3,0.5,design,0.1,0.040903430475208946,0.03542340989346154,0.25,5
simclr,erm,True,0.03542340989346154,0.018763461635638207,0.0003520674925520668,0.02955453276859668,0.034317319897090186,0.052040863057643126,-0.3239408465810425,3,0.5,design,0.2,0.040903430475208946,0.03542340989346154,0.25,3
simclr,erm,True,0.03542340989346154,0.018763461635638207,0.0003520674925520668,0.02955453276859668,0.034317319897090186,0.052040863057643126,-0.3239408465810425,5,0.0,none,0.02,0.029895112946917258,0.029895112946917258,0.0,20
simclr,erm,True,0.03542340989346154,0.018763461635638207,0.0003520674925520668,0.02955453276859668,0.034317319897090186,0.052040863057643126,-0.3239408465810425,5,0.0,none,0.05,0.029895112946917258,0.029895112946917258,0.0,6
simclr,erm,True,0.03542340989346154,0.018763461635638207,0.0003520674925520668,0.02955453276859668,0.034317319897090186,0.052040863057643126,-0.3239408465810425,5,0.0,none,0.1,0.029895112946917258,0.029895112946917258,0.0,3
simclr,erm,True,0.03542340989346154,0.018763461635638207,0.0003520674925520668,0.02955453276859668,0.034317319897090186,0.052040863057643126,-0.3239408465810425,5,0.0,none,0.2,0.029895112946917258,0.029895112946917258,0.0,3
simclr,erm,True,0.03542340989346154,0.018763461635638207,0.0003520674925520668,0.02955453276859668,0.034317319897090186,0.052040863057643126,-0.3239408465810425,5,0.25,ratio,0.02,0.031959220053221216,0.029895112946917258,0.125,33
simclr,erm,True,0.03542340989346154,0.018763461635638207,0.0003520674925520668,0.02955453276859668,0.034317319897090186,0.052040863057643126,-0.3239408465810425,5,0.25,ratio,0.05,0.031959220053221216,0.029895112946917258,0.125,7
simclr,erm,True,0.03542340989346154,0.018763461635638207,0.0003520674925520668,0.02955453276859668,0.034317319897090186,0.052040863057643126,-0.3239408465810425,5,0.25,ratio,0.1,0.031959220053221216,0.029895112946917258,0.125,4
simclr,erm,True,0.03542340989346154,0.018763461635638207,0.0003520674925520668,0.02955453276859668,0.034317319897090186,0.052040863057643126,-0.3239408465810425,5,0.25,ratio,0.2,0.031959220053221216,0.029895112946917258,0.125,3
simclr,erm,True,0.03542340989346154,0.018763461635638207,0.0003520674925520668,0.02955453276859668,0.034317319897090186,0.052040863057643126,-0.3239408465810425,5,0.25,design,0.02,0.031959220053221216,0.029895112946917258,0.125,
simclr,erm,True,0.03542340989346154,0.018763461635638207,0.0003520674925520668,0.02955453276859668,0.034317319897090186,0.052040863057643126,-0.3239408465810425,5,0.25,design,0.05,0.031959220053221216,0.029895112946917258,0.125,15
simclr,erm,True,0.03542340989346154,0.018763461635638207,0.0003520674925520668,0.02955453276859668,0.034317319897090186,0.052040863057643126,-0.3239408465810425,5,0.25,design,0.1,0.031959220053221216,0.029895112946917258,0.125,4
simclr,erm,True,0.03542340989346154,0.018763461635638207,0.0003520674925520668,0.02955453276859668,0.034317319897090186,0.052040863057643126,-0.3239408465810425,5,0.25,design,0.2,0.031959220053221216,0.029895112946917258,0.125,3
simclr,erm,True,0.03542340989346154,0.018763461635638207,0.0003520674925520668,0.02955453276859668,0.034317319897090186,0.052040863057643126,-0.3239408465810425,5,0.5,ratio,0.02,0.034519903014713894,0.029895112946917258,0.25,49
simclr,erm,True,0.03542340989346154,0.018763461635638207,0.0003520674925520668,0.02955453276859668,0.034317319897090186,0.052040863057643126,-0.3239408465810425,5,0.5,ratio,0.05,0.034519903014713894,0.029895112946917258,0.25,10
simclr,erm,True,0.03542340989346154,0.018763461635638207,0.0003520674925520668,0.02955453276859668,0.034317319897090186,0.052040863057643126,-0.3239408465810425,5,0.5,ratio,0.1,0.034519903014713894,0.029895112946917258,0.25,5
simclr,erm,True,0.03542340989346154,0.018763461635638207,0.0003520674925520668,0.02955453276859668,0.034317319897090186,0.052040863057643126,-0.3239408465810425,5,0.5,ratio,0.2,0.034519903014713894,0.029895112946917258,0.25,3
simclr,erm,True,0.03542340989346154,0.018763461635638207,0.0003520674925520668,0.02955453276859668,0.034317319897090186,0.052040863057643126,-0.3239408465810425,5,0.5,design,0.02,0.034519903014713894,0.029895112946917258,0.25,
simclr,erm,True,0.03542340989346154,0.018763461635638207,0.0003520674925520668,0.02955453276859668,0.034317319897090186,0.052040863057643126,-0.3239408465810425,5,0.5,design,0.05,0.034519903014713894,0.029895112946917258,0.25,
simclr,erm,True,0.03542340989346154,0.018763461635638207,0.0003520674925520668,0.02955453276859668,0.034317319897090186,0.052040863057643126,-0.3239408465810425,5,0.5,design,0.1,0.034519903014713894,0.029895112946917258,0.25,4
simclr,erm,True,0.03542340989346154,0.018763461635638207,0.0003520674925520668,0.02955453276859668,0.034317319897090186,0.052040863057643126,-0.3239408465810425,5,0.5,design,0.2,0.034519903014713894,0.029895112946917258,0.25,3
simclr,erm,True,0.03542340989346154,0.018763461635638207,0.0003520674925520668,0.02955453276859668,0.034317319897090186,0.052040863057643126,-0.3239408465810425,10,0.0,none,0.02,0.024957817118700574,0.024957817118700574,0.0,15
simclr,erm,True,0.03542340989346154,0.018763461635638207,0.0003520674925520668,0.02955453276859668,0.034317319897090186,0.052040863057643126,-0.3239408465810425,10,0.0,none,0.05,0.024957817118700574,0.024957817118700574,0.0,5
simclr,erm,True,0.03542340989346154,0.018763461635638207,0.0003520674925520668,0.02955453276859668,0.034317319897090186,0.052040863057643126,-0.3239408465810425,10,0.0,none,0.1,0.024957817118700574,0.024957817118700574,0.0,3
simclr,erm,True,0.03542340989346154,0.018763461635638207,0.0003520674925520668,0.02955453276859668,0.034317319897090186,0.052040863057643126,-0.3239408465810425,10,0.0,none,0.2,0.024957817118700574,0.024957817118700574,0.0,3
simclr,erm,True,0.03542340989346154,0.018763461635638207,0.0003520674925520668,0.02955453276859668,0.034317319897090186,0.052040863057643126,-0.3239408465810425,10,0.25,ratio,0.02,0.026681028794268324,0.024957817118700574,0.125,23
simclr,erm,True,0.03542340989346154,0.018763461635638207,0.0003520674925520668,0.02955453276859668,0.034317319897090186,0.052040863057643126,-0.3239408465810425,10,0.25,ratio,0.05,0.026681028794268324,0.024957817118700574,0.125,6
simclr,erm,True,0.03542340989346154,0.018763461635638207,0.0003520674925520668,0.02955453276859668,0.034317319897090186,0.052040863057643126,-0.3239408465810425,10,0.25,ratio,0.1,0.026681028794268324,0.024957817118700574,0.125,4
simclr,erm,True,0.03542340989346154,0.018763461635638207,0.0003520674925520668,0.02955453276859668,0.034317319897090186,0.052040863057643126,-0.3239408465810425,10,0.25,ratio,0.2,0.026681028794268324,0.024957817118700574,0.125,3
simclr,erm,True,0.03542340989346154,0.018763461635638207,0.0003520674925520668,0.02955453276859668,0.034317319897090186,0.052040863057643126,-0.3239408465810425,10,0.25,design,0.02,0.026681028794268324,0.024957817118700574,0.125,
simclr,erm,True,0.03542340989346154,0.018763461635638207,0.0003520674925520668,0.02955453276859668,0.034317319897090186,0.052040863057643126,-0.3239408465810425,10,0.25,design,0.05,0.026681028794268324,0.024957817118700574,0.125,7
simclr,erm,True,0.03542340989346154,0.018763461635638207,0.0003520674925520668,0.02955453276859668,0.034317319897090186,0.052040863057643126,-0.3239408465810425,10,0.25,design,0.1,0.026681028794268324,0.024957817118700574,0.125,3
simclr,erm,True,0.03542340989346154,0.018763461635638207,0.0003520674925520668,0.02955453276859668,0.034317319897090186,0.052040863057643126,-0.3239408465810425,10,0.25,design,0.2,0.026681028794268324,0.024957817118700574,0.125,3
simclr,erm,True,0.03542340989346154,0.018763461635638207,0.0003520674925520668,0.02955453276859668,0.034317319897090186,0.052040863057643126,-0.3239408465810425,10,0.5,ratio,0.02,0.028818804863734455,0.024957817118700574,0.25,35
simclr,erm,True,0.03542340989346154,0.018763461635638207,0.0003520674925520668,0.02955453276859668,0.034317319897090186,0.052040863057643126,-0.3239408465810425,10,0.5,ratio,0.05,0.028818804863734455,0.024957817118700574,0.25,8
simclr,erm,True,0.03542340989346154,0.018763461635638207,0.0003520674925520668,0.02955453276859668,0.034317319897090186,0.052040863057643126,-0.3239408465810425,10,0.5,ratio,0.1,0.028818804863734455,0.024957817118700574,0.25,4
simclr,erm,True,0.03542340989346154,0.018763461635638207,0.0003520674925520668,0.02955453276859668,0.034317319897090186,0.052040863057643126,-0.3239408465810425,10,0.5,ratio,0.2,0.028818804863734455,0.024957817118700574,0.25,3
simclr,erm,True,0.03542340989346154,0.018763461635638207,0.0003520674925520668,0.02955453276859668,0.034317319897090186,0.052040863057643126,-0.3239408465810425,10,0.5,design,0.02,0.028818804863734455,0.024957817118700574,0.25,
simclr,erm,True,0.03542340989346154,0.018763461635638207,0.0003520674925520668,0.02955453276859668,0.034317319897090186,0.052040863057643126,-0.3239408465810425,10,0.5,design,0.05,0.028818804863734455,0.024957817118700574,0.25,
simclr,erm,True,0.03542340989346154,0.018763461635638207,0.0003520674925520668,0.02955453276859668,0.034317319897090186,0.052040863057643126,-0.3239408465810425,10,0.5,design,0.1,0.028818804863734455,0.024957817118700574,0.25,3
simclr,erm,True,0.03542340989346154,0.018763461635638207,0.0003520674925520668,0.02955453276859668,0.034317319897090186,0.052040863057643126,-0.3239408465810425,10,0.5,design,0.2,0.028818804863734455,0.024957817118700574,0.25,3
tia_style,erm,True,0.1254317787327261,0.12364741157923496,0.015288682390244729,0.0031968555341880156,0.034317319897090186,0.0365150130416585,-0.6628891762373736,1,0.0,none,0.02,0.128926446347044,0.128926446347044,0.0,329
tia_style,erm,True,0.1254317787327261,0.12364741157923496,0.015288682390244729,0.0031968555341880156,0.034317319897090186,0.0365150130416585,-0.6628891762373736,1,0.0,none,0.05,0.128926446347044,0.128926446347044,0.0,55
tia_style,erm,True,0.1254317787327261,0.12364741157923496,0.015288682390244729,0.0031968555341880156,0.034317319897090186,0.0365150130416585,-0.6628891762373736,1,0.0,none,0.1,0.128926446347044,0.128926446347044,0.0,16
tia_style,erm,True,0.1254317787327261,0.12364741157923496,0.015288682390244729,0.0031968555341880156,0.034317319897090186,0.0365150130416585,-0.6628891762373736,1,0.0,none,0.2,0.128926446347044,0.128926446347044,0.0,6
tia_style,erm,True,0.1254317787327261,0.12364741157923496,0.015288682390244729,0.0031968555341880156,0.034317319897090186,0.0365150130416585,-0.6628891762373736,1,0.25,ratio,0.02,0.13782816866426612,0.128926446347044,0.125,562
tia_style,erm,True,0.1254317787327261,0.12364741157923496,0.015288682390244729,0.0031968555341880156,0.034317319897090186,0.0365150130416585,-0.6628891762373736,1,0.25,ratio,0.05,0.13782816866426612,0.128926446347044,0.125,92
tia_style,erm,True,0.1254317787327261,0.12364741157923496,0.015288682390244729,0.0031968555341880156,0.034317319897090186,0.0365150130416585,-0.6628891762373736,1,0.25,ratio,0.1,0.13782816866426612,0.128926446347044,0.125,25
tia_style,erm,True,0.1254317787327261,0.12364741157923496,0.015288682390244729,0.0031968555341880156,0.034317319897090186,0.0365150130416585,-0.6628891762373736,1,0.25,ratio,0.2,0.13782816866426612,0.128926446347044,0.125,8
tia_style,erm,True,0.1254317787327261,0.12364741157923496,0.015288682390244729,0.0031968555341880156,0.034317319897090186,0.0365150130416585,-0.6628891762373736,1,0.25,design,0.02,0.13782816866426612,0.128926446347044,0.125,
tia_style,erm,True,0.1254317787327261,0.12364741157923496,0.015288682390244729,0.0031968555341880156,0.034317319897090186,0.0365150130416585,-0.6628891762373736,1,0.25,design,0.05,0.13782816866426612,0.128926446347044,0.125,
tia_style,erm,True,0.1254317787327261,0.12364741157923496,0.015288682390244729,0.0031968555341880156,0.034317319897090186,0.0365150130416585,-0.6628891762373736,1,0.25,design,0.1,0.13782816866426612,0.128926446347044,0.125,
tia_style,erm,True,0.1254317787327261,0.12364741157923496,0.015288682390244729,0.0031968555341880156,0.034317319897090186,0.0365150130416585,-0.6628891762373736,1,0.25,design,0.2,0.13782816866426612,0.128926446347044,0.125,43
tia_style,erm,True,0.1254317787327261,0.12364741157923496,0.015288682390244729,0.0031968555341880156,0.034317319897090186,0.0365150130416585,-0.6628891762373736,1,0.5,ratio,0.02,0.14887143700825542,0.128926446347044,0.25,872
tia_style,erm,True,0.1254317787327261,0.12364741157923496,0.015288682390244729,0.0031968555341880156,0.034317319897090186,0.0365150130416585,-0.6628891762373736,1,0.5,ratio,0.05,0.14887143700825542,0.128926446347044,0.25,142
tia_style,erm,True,0.1254317787327261,0.12364741157923496,0.015288682390244729,0.0031968555341880156,0.034317319897090186,0.0365150130416585,-0.6628891762373736,1,0.5,ratio,0.1,0.14887143700825542,0.128926446347044,0.25,37
tia_style,erm,True,0.1254317787327261,0.12364741157923496,0.015288682390244729,0.0031968555341880156,0.034317319897090186,0.0365150130416585,-0.6628891762373736,1,0.5,ratio,0.2,0.14887143700825542,0.128926446347044,0.25,11
tia_style,erm,True,0.1254317787327261,0.12364741157923496,0.015288682390244729,0.0031968555341880156,0.034317319897090186,0.0365150130416585,-0.6628891762373736,1,0.5,design,0.02,0.14887143700825542,0.128926446347044,0.25,
tia_style,erm,True,0.1254317787327261,0.12364741157923496,0.015288682390244729,0.0031968555341880156,0.034317319897090186,0.0365150130416585,-0.6628891762373736,1,0.5,design,0.05,0.14887143700825542,0.128926446347044,0.25,
tia_style,erm,True,0.1254317787327261,0.12364741157923496,0.015288682390244729,0.0031968555341880156,0.034317319897090186,0.0365150130416585,-0.6628891762373736,1,0.5,design,0.1,0.14887143700825542,0.128926446347044,0.25,
tia_style,erm,True,0.1254317787327261,0.12364741157923496,0.015288682390244729,0.0031968555341880156,0.034317319897090186,0.0365150130416585,-0.6628891762373736,1,0.5,design,0.2,0.14887143700825542,0.128926446347044,0.25,
tia_style,erm,True,0.1254317787327261,0.12364741157923496,0.015288682390244729,0.0031968555341880156,0.034317319897090186,0.0365150130416585,-0.6628891762373736,3,0.0,none,0.02,0.1254317787327261,0.1254317787327261,0.0,311
tia_style,erm,True,0.1254317787327261,0.12364741157923496,0.015288682390244729,0.0031968555341880156,0.034317319897090186,0.0365150130416585,-0.6628891762373736,3,0.0,none,0.05,0.1254317787327261,0.1254317787327261,0.0,52
tia_style,erm,True,0.1254317787327261,0.12364741157923496,0.015288682390244729,0.0031968555341880156,0.034317319897090186,0.0365150130416585,-0.6628891762373736,3,0.0,none,0.1,0.1254317787327261,0.1254317787327261,0.0,15
tia_style,erm,True,0.1254317787327261,0.12364741157923496,0.015288682390244729,0.0031968555341880156,0.034317319897090186,0.0365150130416585,-0.6628891762373736,3,0.0,none,0.2,0.1254317787327261,0.1254317787327261,0.0,6
tia_style,erm,True,0.1254317787327261,0.12364741157923496,0.015288682390244729,0.0031968555341880156,0.034317319897090186,0.0365150130416585,-0.6628891762373736,3,0.25,ratio,0.02,0.1340922118375712,0.1254317787327261,0.125,532
tia_style,erm,True,0.1254317787327261,0.12364741157923496,0.015288682390244729,0.0031968555341880156,0.034317319897090186,0.0365150130416585,-0.6628891762373736,3,0.25,ratio,0.05,0.1340922118375712,0.1254317787327261,0.125,87
tia_style,erm,True,0.1254317787327261,0.12364741157923496,0.015288682390244729,0.0031968555341880156,0.034317319897090186,0.0365150130416585,-0.6628891762373736,3,0.25,ratio,0.1,0.1340922118375712,0.1254317787327261,0.125,24
tia_style,erm,True,0.1254317787327261,0.12364741157923496,0.015288682390244729,0.0031968555341880156,0.034317319897090186,0.0365150130416585,-0.6628891762373736,3,0.25,ratio,0.2,0.1340922118375712,0.1254317787327261,0.125,8
tia_style,erm,True,0.1254317787327261,0.12364741157923496,0.015288682390244729,0.0031968555341880156,0.034317319897090186,0.0365150130416585,-0.6628891762373736,3,0.25,design,0.02,0.1340922118375712,0.1254317787327261,0.125,
tia_style,erm,True,0.1254317787327261,0.12364741157923496,0.015288682390244729,0.0031968555341880156,0.034317319897090186,0.0365150130416585,-0.6628891762373736,3,0.25,design,0.05,0.1340922118375712,0.1254317787327261,0.125,
tia_style,erm,True,0.1254317787327261,0.12364741157923496,0.015288682390244729,0.0031968555341880156,0.034317319897090186,0.0365150130416585,-0.6628891762373736,3,0.25,design,0.1,0.1340922118375712,0.1254317787327261,0.125,
tia_style,erm,True,0.1254317787327261,0.12364741157923496,0.015288682390244729,0.0031968555341880156,0.034317319897090186,0.0365150130416585,-0.6628891762373736,3,0.25,design,0.2,0.1340922118375712,0.1254317787327261,0.125,25
tia_style,erm,True,0.1254317787327261,0.12364741157923496,0.015288682390244729,0.0031968555341880156,0.034317319897090186,0.0365150130416585,-0.6628891762373736,3,0.5,ratio,0.02,0.14483614243254597,0.1254317787327261,0.25,826
tia_style,erm,True,0.1254317787327261,0.12364741157923496,0.015288682390244729,0.0031968555341880156,0.034317319897090186,0.0365150130416585,-0.6628891762373736,3,0.5,ratio,0.05,0.14483614243254597,0.1254317787327261,0.25,134
tia_style,erm,True,0.1254317787327261,0.12364741157923496,0.015288682390244729,0.0031968555341880156,0.034317319897090186,0.0365150130416585,-0.6628891762373736,3,0.5,ratio,0.1,0.14483614243254597,0.1254317787327261,0.25,35
tia_style,erm,True,0.1254317787327261,0.12364741157923496,0.015288682390244729,0.0031968555341880156,0.034317319897090186,0.0365150130416585,-0.6628891762373736,3,0.5,ratio,0.2,0.14483614243254597,0.1254317787327261,0.25,11
tia_style,erm,True,0.1254317787327261,0.12364741157923496,0.015288682390244729,0.0031968555341880156,0.034317319897090186,0.0365150130416585,-0.6628891762373736,3,0.5,design,0.02,0.14483614243254597,0.1254317787327261,0.25,
tia_style,erm,True,0.1254317787327261,0.12364741157923496,0.015288682390244729,0.0031968555341880156,0.034317319897090186,0.0365150130416585,-0.6628891762373736,3,0.5,design,0.05,0.14483614243254597,0.1254317787327261,0.25,
tia_style,erm,True,0.1254317787327261,0.12364741157923496,0.015288682390244729,0.0031968555341880156,0.034317319897090186,0.0365150130416585,-0.6628891762373736,3,0.5,design,0.1,0.14483614243254597,0.1254317787327261,0.25,
tia_style,erm,True,0.1254317787327261,0.12364741157923496,0.015288682390244729,0.0031968555341880156,0.034317319897090186,0.0365150130416585,-0.6628891762373736,3,0.5,design,0.2,0.14483614243254597,0.1254317787327261,0.25,
tia_style,erm,True,0.1254317787327261,0.12364741157923496,0.015288682390244729,0.0031968555341880156,0.034317319897090186,0.0365150130416585,-0.6628891762373736,5,0.0,none,0.02,0.12472109535171357,0.12472109535171357,0.0,308
tia_style,erm,True,0.1254317787327261,0.12364741157923496,0.015288682390244729,0.0031968555341880156,0.034317319897090186,0.0365150130416585,-0.6628891762373736,5,0.0,none,0.05,0.12472109535171357,0.12472109535171357,0.0,51
tia_style,erm,True,0.1254317787327261,0.12364741157923496,0.015288682390244729,0.0031968555341880156,0.034317319897090186,0.0365150130416585,-0.6628891762373736,5,0.0,none,0.1,0.12472109535171357,0.12472109535171357,0.0,15
tia_style,erm,True,0.1254317787327261,0.12364741157923496,0.015288682390244729,0.0031968555341880156,0.034317319897090186,0.0365150130416585,-0.6628891762373736,5,0.0,none,0.2,0.12472109535171357,0.12472109535171357,0.0,6
tia_style,erm,True,0.1254317787327261,0.12364741157923496,0.015288682390244729,0.0031968555341880156,0.034317319897090186,0.0365150130416585,-0.6628891762373736,5,0.25,ratio,0.02,0.13333245934550747,0.12472109535171357,0.125,526
tia_style,erm,True,0.1254317787327261,0.12364741157923496,0.015288682390244729,0.0031968555341880156,0.034317319897090186,0.0365150130416585,-0.6628891762373736,5,0.25,ratio,0.05,0.13333245934550747,0.12472109535171357,0.125,86
tia_style,erm,True,0.1254317787327261,0.12364741157923496,0.015288682390244729,0.0031968555341880156,0.034317319897090186,0.0365150130416585,-0.6628891762373736,5,0.25,ratio,0.1,0.13333245934550747,0.12472109535171357,0.125,23
tia_style,erm,True,0.1254317787327261,0.12364741157923496,0.015288682390244729,0.0031968555341880156,0.034317319897090186,0.0365150130416585,-0.6628891762373736,5,0.25,ratio,0.2,0.13333245934550747,0.12472109535171357,0.125,8
tia_style,erm,True,0.1254317787327261,0.12364741157923496,0.015288682390244729,0.0031968555341880156,0.034317319897090186,0.0365150130416585,-0.6628891762373736,5,0.25,design,0.02,0.13333245934550747,0.12472109535171357,0.125,
tia_style,erm,True,0.1254317787327261,0.12364741157923496,0.015288682390244729,0.0031968555341880156,0.034317319897090186,0.0365150130416585,-0.6628891762373736,5,0.25,design,0.05,0.13333245934550747,0.12472109535171357,0.125,
tia_style,erm,True,0.1254317787327261,0.12364741157923496,0.015288682390244729,0.0031968555341880156,0.034317319897090186,0.0365150130416585,-0.6628891762373736,5,0.25,design,0.1,0.13333245934550747,0.12472109535171357,0.125,
tia_style,erm,True,0.1254317787327261,0.12364741157923496,0.015288682390244729,0.0031968555341880156,0.034317319897090186,0.0365150130416585,-0.6628891762373736,5,0.25,design,0.2,0.13333245934550747,0.12472109535171357,0.125,23
tia_style,erm,True,0.1254317787327261,0.12364741157923496,0.015288682390244729,0.0031968555341880156,0.034317319897090186,0.0365150130416585,-0.6628891762373736,5,0.5,ratio,0.02,0.14401551594987363,0.12472109535171357,0.25,816
tia_style,erm,True,0.1254317787327261,0.12364741157923496,0.015288682390244729,0.0031968555341880156,0.034317319897090186,0.0365150130416585,-0.6628891762373736,5,0.5,ratio,0.05,0.14401551594987363,0.12472109535171357,0.25,133
tia_style,erm,True,0.1254317787327261,0.12364741157923496,0.015288682390244729,0.0031968555341880156,0.034317319897090186,0.0365150130416585,-0.6628891762373736,5,0.5,ratio,0.1,0.14401551594987363,0.12472109535171357,0.25,35
tia_style,erm,True,0.1254317787327261,0.12364741157923496,0.015288682390244729,0.0031968555341880156,0.034317319897090186,0.0365150130416585,-0.6628891762373736,5,0.5,ratio,0.2,0.14401551594987363,0.12472109535171357,0.25,11
tia_style,erm,True,0.1254317787327261,0.12364741157923496,0.015288682390244729,0.0031968555341880156,0.034317319897090186,0.0365150130416585,-0.6628891762373736,5,0.5,design,0.02,0.14401551594987363,0.12472109535171357,0.25,
tia_style,erm,True,0.1254317787327261,0.12364741157923496,0.015288682390244729,0.0031968555341880156,0.034317319897090186,0.0365150130416585,-0.6628891762373736,5,0.5,design,0.05,0.14401551594987363,0.12472109535171357,0.25,
tia_style,erm,True,0.1254317787327261,0.12364741157923496,0.015288682390244729,0.0031968555341880156,0.034317319897090186,0.0365150130416585,-0.6628891762373736,5,0.5,design,0.1,0.14401551594987363,0.12472109535171357,0.25,
tia_style,erm,True,0.1254317787327261,0.12364741157923496,0.015288682390244729,0.0031968555341880156,0.034317319897090186,0.0365150130416585,-0.6628891762373736,5,0.5,design,0.2,0.14401551594987363,0.12472109535171357,0.25,
tia_style,erm,True,0.1254317787327261,0.12364741157923496,0.015288682390244729,0.0031968555341880156,0.034317319897090186,0.0365150130416585,-0.6628891762373736,10,0.0,none,0.02,0.12418541382943481,0.12418541382943481,0.0,305
tia_style,erm,True,0.1254317787327261,0.12364741157923496,0.015288682390244729,0.0031968555341880156,0.034317319897090186,0.0365150130416585,-0.6628891762373736,10,0.0,none,0.05,0.12418541382943481,0.12418541382943481,0.0,51
tia_style,erm,True,0.1254317787327261,0.12364741157923496,0.015288682390244729,0.0031968555341880156,0.034317319897090186,0.0365150130416585,-0.6628891762373736,10,0.0,none,0.1,0.12418541382943481,0.12418541382943481,0.0,15
tia_style,erm,True,0.1254317787327261,0.12364741157923496,0.015288682390244729,0.0031968555341880156,0.034317319897090186,0.0365150130416585,-0.6628891762373736,10,0.0,none,0.2,0.12418541382943481,0.12418541382943481,0.0,6
tia_style,erm,True,0.1254317787327261,0.12364741157923496,0.015288682390244729,0.0031968555341880156,0.034317319897090186,0.0365150130416585,-0.6628891762373736,10,0.25,ratio,0.02,0.13275979170985244,0.12418541382943481,0.125,521
tia_style,erm,True,0.1254317787327261,0.12364741157923496,0.015288682390244729,0.0031968555341880156,0.034317319897090186,0.0365150130416585,-0.6628891762373736,10,0.25,ratio,0.05,0.13275979170985244,0.12418541382943481,0.125,85
tia_style,erm,True,0.1254317787327261,0.12364741157923496,0.015288682390244729,0.0031968555341880156,0.034317319897090186,0.0365150130416585,-0.6628891762373736,10,0.25,ratio,0.1,0.13275979170985244,0.12418541382943481,0.125,23
tia_style,erm,True,0.1254317787327261,0.12364741157923496,0.015288682390244729,0.0031968555341880156,0.034317319897090186,0.0365150130416585,-0.6628891762373736,10,0.25,ratio,0.2,0.13275979170985244,0.12418541382943481,0.125,8
tia_style,erm,True,0.1254317787327261,0.12364741157923496,0.015288682390244729,0.0031968555341880156,0.034317319897090186,0.0365150130416585,-0.6628891762373736,10,0.25,design,0.02,0.13275979170985244,0.12418541382943481,0.125,
tia_style,erm,True,0.1254317787327261,0.12364741157923496,0.015288682390244729,0.0031968555341880156,0.034317319897090186,0.0365150130416585,-0.6628891762373736,10,0.25,design,0.05,0.13275979170985244,0.12418541382943481,0.125,
tia_style,erm,True,0.1254317787327261,0.12364741157923496,0.015288682390244729,0.0031968555341880156,0.034317319897090186,0.0365150130416585,-0.6628891762373736,10,0.25,design,0.1,0.13275979170985244,0.12418541382943481,0.125,
tia_style,erm,True,0.1254317787327261,0.12364741157923496,0.015288682390244729,0.0031968555341880156,0.034317319897090186,0.0365150130416585,-0.6628891762373736,10,0.25,design,0.2,0.13275979170985244,0.12418541382943481,0.125,22
tia_style,erm,True,0.1254317787327261,0.12364741157923496,0.015288682390244729,0.0031968555341880156,0.034317319897090186,0.0365150130416585,-0.6628891762373736,10,0.5,ratio,0.02,0.14339696420769854,0.12418541382943481,0.25,809
tia_style,erm,True,0.1254317787327261,0.12364741157923496,0.015288682390244729,0.0031968555341880156,0.034317319897090186,0.0365150130416585,-0.6628891762373736,10,0.5,ratio,0.05,0.14339696420769854,0.12418541382943481,0.25,132
tia_style,erm,True,0.1254317787327261,0.12364741157923496,0.015288682390244729,0.0031968555341880156,0.034317319897090186,0.0365150130416585,-0.6628891762373736,10,0.5,ratio,0.1,0.14339696420769854,0.12418541382943481,0.25,35
tia_style,erm,True,0.1254317787327261,0.12364741157923496,0.015288682390244729,0.0031968555341880156,0.034317319897090186,0.0365150130416585,-0.6628891762373736,10,0.5,ratio,0.2,0.14339696420769854,0.12418541382943481,0.25,11
tia_style,erm,True,0.1254317787327261,0.12364741157923496,0.015288682390244729,0.0031968555341880156,0.034317319897090186,0.0365150130416585,-0.6628891762373736,10,0.5,design,0.02,0.14339696420769854,0.12418541382943481,0.25,
tia_style,erm,True,0.1254317787327261,0.12364741157923496,0.015288682390244729,0.0031968555341880156,0.034317319897090186,0.0365150130416585,-0.6628891762373736,10,0.5,design,0.05,0.14339696420769854,0.12418541382943481,0.25,
tia_style,erm,True,0.1254317787327261,0.12364741157923496,0.015288682390244729,0.0031968555341880156,0.034317319897090186,0.0365150130416585,-0.6628891762373736,10,0.5,design,0.1,0.14339696420769854,0.12418541382943481,0.25,
tia_style,erm,True,0.1254317787327261,0.12364741157923496,0.015288682390244729,0.0031968555341880156,0.034317319897090186,0.0365150130416585,-0.6628891762373736,10,0.5,design,0.2,0.14339696420769854,0.12418541382943481,0.25,
