arm,ref,paired,sd_d_observed,sigma_dxa,sigma_dxa_raw2,sigma_run_arm,sigma_run_ref,sigma_run_diff,run_corr,seeds,rho,keff_mode,delta,sd_delta,sd_delta_uncorrected,rbar_obs,K_min
coral,erm,True,0.02440120778698118,0.0,-0.0004842189734209168,0.036790637688562826,0.04892821600557341,0.05691145530254031,0.14127201897070413,1,0.0,none,0.02,0.05691145530254031,0.05691145530254031,0.0,66
coral,erm,True,0.02440120778698118,0.0,-0.0004842189734209168,0.036790637688562826,0.04892821600557341,0.05691145530254031,0.14127201897070413,1,0.0,none,0.05,0.05691145530254031,0.05691145530254031,0.0,13
coral,erm,True,0.02440120778698118,0.0,-0.0004842189734209168,0.036790637688562826,0.04892821600557341,0.05691145530254031,0.14127201897070413,1,0.0,none,0.1,0.05691145530254031,0.05691145530254031,0.0,5
coral,erm,True,0.02440120778698118,0.0,-0.0004842189734209168,0.036790637688562826,0.04892821600557341,0.05691145530254031,0.14127201897070413,1,0.0,none,0.2,0.05691145530254031,0.05691145530254031,0.0,3
coral,erm,True,0.02440120778698118,0.0,-0.0004842189734209168,0.036790637688562826,0.04892821600557341,0.05691145530254031,0.14127201897070413,1,0.25,ratio,0.02,0.06084090489280142,0.05691145530254031,0.125,111
coral,erm,True,0.02440120778698118,0.0,-0.0004842189734209168,0.036790637688562826,0.04892821600557341,0.05691145530254031,0.14127201897070413,1,0.25,ratio,0.05,0.06084090489280142,0.05691145530254031,0.125,20
coral,erm,True,0.02440120778698118,0.0,-0.0004842189734209168,0.036790637688562826,0.04892821600557341,0.05691145530254031,0.14127201897070413,1,0.25,ratio,0.1,0.06084090489280142,0.05691145530254031,0.125,7
coral,erm,True,0.02440120778698118,0.0,-0.0004842189734209168,0.036790637688562826,0.04892821600557341,0.05691145530254031,0.14127201897070413,1,0.25,ratio,0.2,0.06084090489280142,0.05691145530254031,0.125,4
coral,erm,True,0.02440120778698118,0.0,-0.0004842189734209168,0.036790637688562826,0.04892821600557341,0.05691145530254031,0.14127201897070413,1,0.25,design,0.02,0.06084090489280142,0.05691145530254031,0.125,
coral,erm,True,0.02440120778698118,0.0,-0.0004842189734209168,0.036790637688562826,0.04892821600557341,0.05691145530254031,0.14127201897070413,1,0.25,design,0.05,0.06084090489280142,0.05691145530254031,0.125,
coral,erm,True,0.02440120778698118,0.0,-0.0004842189734209168,0.036790637688562826,0.04892821600557341,0.05691145530254031,0.14127201897070413,1,0.25,design,0.1,0.06084090489280142,0.05691145530254031,0.125,11
coral,erm,True,0.02440120778698118,0.0,-0.0004842189734209168,0.036790637688562826,0.04892821600557341,0.05691145530254031,0.14127201897070413,1,0.25,design,0.2,0.06084090489280142,0.05691145530254031,0.125,3
coral,erm,True,0.02440120778698118,0.0,-0.0004842189734209168,0.036790637688562826,0.04892821600557341,0.05691145530254031,0.14127201897070413,1,0.5,ratio,0.02,0.06571568807779,0.05691145530254031,0.25,172
coral,erm,True,0.02440120778698118,0.0,-0.0004842189734209168,0.036790637688562826,0.04892821600557341,0.05691145530254031,0.14127201897070413,1,0.5,ratio,0.05,0.06571568807779,0.05691145530254031,0.25,30
coral,erm,True,0.02440120778698118,0.0,-0.0004842189734209168,0.036790637688562826,0.04892821600557341,0.05691145530254031,0.14127201897070413,1,0.5,ratio,0.1,0.06571568807779,0.05691145530254031,0.25,9
coral,erm,True,0.02440120778698118,0.0,-0.0004842189734209168,0.036790637688562826,0.04892821600557341,0.05691145530254031,0.14127201897070413,1,0.5,ratio,0.2,0.06571568807779,0.05691145530254031,0.25,4
coral,erm,True,0.02440120778698118,0.0,-0.0004842189734209168,0.036790637688562826,0.04892821600557341,0.05691145530254031,0.14127201897070413,1,0.5,design,0.02,0.06571568807779,0.05691145530254031,0.25,
coral,erm,True,0.02440120778698118,0.0,-0.0004842189734209168,0.036790637688562826,0.04892821600557341,0.05691145530254031,0.14127201897070413,1,0.5,design,0.05,0.06571568807779,0.05691145530254031,0.25,
coral,erm,True,0.02440120778698118,0.0,-0.0004842189734209168,0.036790637688562826,0.04892821600557341,0.05691145530254031,0.14127201897070413,1,0.5,design,0.1,0.06571568807779,0.05691145530254031,0.25,
coral,erm,True,0.02440120778698118,0.0,-0.0004842189734209168,0.036790637688562826,0.04892821600557341,0.05691145530254031,0.14127201897070413,1,0.5,design,0.2,0.06571568807779,0.05691145530254031,0.25,4
coral,erm,True,0.02440120778698118,0.0,-0.0004842189734209168,0.036790637688562826,0.04892821600557341,0.05691145530254031,0.14127201897070413,3,0.0,none,0.02,0.032857844038895,0.032857844038895,0.0,24
coral,erm,True,0.02440120778698118,0.0,-0.0004842189734209168,0.036790637688562826,0.04892821600557341,0.05691145530254031,0.14127201897070413,3,0.0,none,0.05,0.032857844038895,0.032857844038895,0.0,6
coral,erm,True,0.02440120778698118,0.0,-0.0004842189734209168,0.036790637688562826,0.04892821600557341,0.05691145530254031,0.14127201897070413,3,0.0,none,0.1,0.032857844038895,0.032857844038895,0.0,4
coral,erm,True,0.02440120778698118,0.0,-0.0004842189734209168,0.036790637688562826,0.04892821600557341,0.05691145530254031,0.14127201897070413,3,0.0,none,0.2,0.032857844038895,0.032857844038895,0.0,3
coral,erm,True,0.02440120778698118,0.0,-0.0004842189734209168,0.036790637688562826,0.04892821600557341,0.05691145530254031,0.14127201897070413,3,0.25,ratio,0.02,0.03512651281759931,0.032857844038895,0.125,39
coral,erm,True,0.02440120778698118,0.0,-0.0004842189734209168,0.036790637688562826,0.04892821600557341,0.05691145530254031,0.14127201897070413,3,0.25,ratio,0.05,0.03512651281759931,0.032857844038895,0.125,8
coral,erm,True,0.02440120778698118,0.0,-0.0004842189734209168,0.036790637688562826,0.04892821600557341,0.05691145530254031,0.14127201897070413,3,0.25,ratio,0.1,0.03512651281759931,0.032857844038895,0.125,4
coral,erm,True,0.02440120778698118,0.0,-0.0004842189734209168,0.036790637688562826,0.04892821600557341,0.05691145530254031,0.14127201897070413,3,0.25,ratio,0.2,0.03512651281759931,0.032857844038895,0.125,3
coral,erm,True,0.02440120778698118,0.0,-0.0004842189734209168,0.036790637688562826,0.04892821600557341,0.05691145530254031,0.14127201897070413,3,0.25,design,0.02,0.03512651281759931,0.032857844038895,0.125,
coral,erm,True,0.02440120778698118,0.0,-0.0004842189734209168,0.036790637688562826,0.04892821600557341,0.05691145530254031,0.14127201897070413,3,0.25,design,0.05,0.03512651281759931,0.032857844038895,0.125,93
coral,erm,True,0.02440120778698118,0.0,-0.0004842189734209168,0.036790637688562826,0.04892821600557341,0.05691145530254031,0.14127201897070413,3,0.25,design,0.1,0.03512651281759931,0.032857844038895,0.125,4
coral,erm,True,0.02440120778698118,0.0,-0.0004842189734209168,0.036790637688562826,0.04892821600557341,0.05691145530254031,0.14127201897070413,3,0.25,design,0.2,0.03512651281759931,0.032857844038895,0.125,3
coral,erm,True,0.02440120778698118,0.0,-0.0004842189734209168,0.036790637688562826,0.04892821600557341,0.05691145530254031,0.14127201897070413,3,0.5,ratio,0.02,0.03794097020169354,0.032857844038895,0.25,59
coral,erm,True,0.02440120778698118,0.0,-0.0004842189734209168,0.036790637688562826,0.04892821600557341,0.05691145530254031,0.14127201897070413,3,0.5,ratio,0.05,0.03794097020169354,0.032857844038895,0.25,12
coral,erm,True,0.02440120778698118,0.0,-0.0004842189734209168,0.036790637688562826,0.04892821600557341,0.05691145530254031,0.14127201897070413,3,0.5,ratio,0.1,0.03794097020169354,0.032857844038895,0.25,5
coral,erm,True,0.02440120778698118,0.0,-0.0004842189734209168,0.036790637688562826,0.04892821600557341,0.05691145530254031,0.14127201897070413,3,0.5,ratio,0.2,0.03794097020169354,0.032857844038895,0.25,3
coral,erm,True,0.02440120778698118,0.0,-0.0004842189734209168,0.036790637688562826,0.04892821600557341,0.05691145530254031,0.14127201897070413,3,0.5,design,0.02,0.03794097020169354,0.032857844038895,0.25,
coral,erm,True,0.02440120778698118,0.0,-0.0004842189734209168,0.036790637688562826,0.04892821600557341,0.05691145530254031,0.14127201897070413,3,0.5,design,0.05,0.03794097020169354,0.032857844038895,0.25,
coral,erm,True,0.02440120778698118,0.0,-0.0004842189734209168,0.036790637688562826,0.04892821600557341,0.05691145530254031,0.14127201897070413,3,0.5,design,0.1,0.03794097020169354,0.032857844038895,0.25,4
coral,erm,True,0.02440120778698118,0.0,-0.0004842189734209168,0.036790637688562826,0.04892821600557341,0.05691145530254031,0.14127201897070413,3,0.5,design,0.2,0.03794097020169354,0.032857844038895,0.25,3
coral,erm,True,0.02440120778698118,0.0,-0.0004842189734209168,0.036790637688562826,0.04892821600557341,0.05691145530254031,0.14127201897070413,5,0.0,none,0.02,0.0254515765509842,0.0254515765509842,0.0,15
coral,erm,True,0.02440120778698118,0.0,-0.0004842189734209168,0.036790637688562826,0.04892821600557341,0.05691145530254031,0.14127201897070413,5,0.0,none,0.05,0.0254515765509842,0.0254515765509842,0.0,5
coral,erm,True,0.02440120778698118,0.0,-0.0004842189734209168,0.036790637688562826,0.04892821600557341,0.05691145530254031,0.14127201897070413,5,0.0,none,0.1,0.0254515765509842,0.0254515765509842,0.0,3
coral,erm,True,0.02440120778698118,0.0,-0.0004842189734209168,0.036790637688562826,0.04892821600557341,0.05691145530254031,0.14127201897070413,5,0.0,none,0.2,0.0254515765509842,0.0254515765509842,0.0,3
coral,erm,True,0.02440120778698118,0.0,-0.0004842189734209168,0.036790637688562826,0.04892821600557341,0.05691145530254031,0.14127201897070413,5,0.25,ratio,0.02,0.027208879830580703,0.0254515765509842,0.125,24
coral,erm,True,0.02440120778698118,0.0,-0.0004842189734209168,0.036790637688562826,0.04892821600557341,0.05691145530254031,0.14127201897070413,5,0.25,ratio,0.05,0.027208879830580703,0.0254515765509842,0.125,6
coral,erm,True,0.02440120778698118,0.0,-0.0004842189734209168,0.036790637688562826,0.04892821600557341,0.05691145530254031,0.14127201897070413,5,0.25,ratio,0.1,0.027208879830580703,0.0254515765509842,0.125,4
coral,erm,True,0.02440120778698118,0.0,-0.0004842189734209168,0.036790637688562826,0.04892821600557341,0.05691145530254031,0.14127201897070413,5,0.25,ratio,0.2,0.027208879830580703,0.0254515765509842,0.125,3
coral,erm,True,0.02440120778698118,0.0,-0.0004842189734209168,0.036790637688562826,0.04892821600557341,0.05691145530254031,0.14127201897070413,5,0.25,design,0.02,0.027208879830580703,0.0254515765509842,0.125,
coral,erm,True,0.02440120778698118,0.0,-0.0004842189734209168,0.036790637688562826,0.04892821600557341,0.05691145530254031,0.14127201897070413,5,0.25,design,0.05,0.027208879830580703,0.0254515765509842,0.125,7
coral,erm,True,0.02440120778698118,0.0,-0.0004842189734209168,0.036790637688562826,0.04892821600557341,0.05691145530254031,0.14127201897070413,5,0.25,design,0.1,0.027208879830580703,0.0254515765509842,0.125,3
coral,erm,True,0.02440120778698118,0.0,-0.0004842189734209168,0.036790637688562826,0.04892821600557341,0.05691145530254031,0.14127201897070413,5,0.25,design,0.2,0.027208879830580703,0.0254515765509842,0.125,3
coral,erm,True,0.02440120778698118,0.0,-0.0004842189734209168,0.036790637688562826,0.04892821600557341,0.05691145530254031,0.14127201897070413,5,0.5,ratio,0.02,0.029388949146022192,0.0254515765509842,0.25,36
coral,erm,True,0.02440120778698118,0.0,-0.0004842189734209168,0.036790637688562826,0.04892821600557341,0.05691145530254031,0.14127201897070413,5,0.5,ratio,0.05,0.029388949146022192,0.0254515765509842,0.25,8
coral,erm,True,0.02440120778698118,0.0,-0.0004842189734209168,0.036790637688562826,0.04892821600557341,0.05691145530254031,0.14127201897070413,5,0.5,ratio,0.1,0.029388949146022192,0.0254515765509842,0.25,4
coral,erm,True,0.02440120778698118,0.0,-0.0004842189734209168,0.036790637688562826,0.04892821600557341,0.05691145530254031,0.14127201897070413,5,0.5,ratio,0.2,0.029388949146022192,0.0254515765509842,0.25,3
coral,erm,True,0.02440120778698118,0.0,-0.0004842189734209168,0.036790637688562826,0.04892821600557341,0.05691145530254031,0.14127201897070413,5,0.5,design,0.02,0.029388949146022192,0.0254515765509842,0.25,
coral,erm,True,0.02440120778698118,0.0,-0.0004842189734209168,0.036790637688562826,0.04892821600557341,0.05691145530254031,0.14127201897070413,5,0.5,design,0.05,0.029388949146022192,0.0254515765509842,0.25,
coral,erm,True,0.02440120778698118,0.0,-0.0004842189734209168,0.036790637688562826,0.04892821600557341,0.05691145530254031,0.14127201897070413,5,0.5,design,0.1,0.029388949146022192,0.0254515765509842,0.25,3
coral,erm,True,0.02440120778698118,0.0,-0.0004842189734209168,0.036790637688562826,0.04892821600557341,0.05691145530254031,0.14127201897070413,5,0.5,design,0.2,0.029388949146022192,0.0254515765509842,0.25,3
coral,erm,True,0.02440120778698118,0.0,-0.0004842189734209168,0.036790637688562826,0.04892821600557341,0.05691145530254031,0.14127201897070413,10,0.0,none,0.02,0.017996982371089446,0.017996982371089446,0.0,9
coral,erm,True,0.02440120778698118,0.0,-0.0004842189734209168,0.036790637688562826,0.04892821600557341,0.05691145530254031,0.14127201897070413,10,0.0,none,0.05,0.017996982371089446,0.017996982371089446,0.0,4
coral,erm,True,0.02440120778698118,0.0,-0.0004842189734209168,0.036790637688562826,0.04892821600557341,0.05691145530254031,0.14127201897070413,10,0.0,none,0.1,0.017996982371089446,0.017996982371089446,0.0,3
coral,erm,True,0.02440120778698118,0.0,-0.0004842189734209168,0.036790637688562826,0.04892821600557341,0.05691145530254031,0.14127201897070413,10,0.0,none,0.2,0.017996982371089446,0.017996982371089446,0.0,3
coral,erm,True,0.02440120778698118,0.0,-0.0004842189734209168,0.036790637688562826,0.04892821600557341,0.05691145530254031,0.14127201897070413,10,0.25,ratio,0.02,0.019239583436693495,0.017996982371089446,0.125,13
coral,erm,True,0.02440120778698118,0.0,-0.0004842189734209168,0.036790637688562826,0.04892821600557341,0.05691145530254031,0.14127201897070413,10,0.25,ratio,0.05,0.019239583436693495,0.017996982371089446,0.125,5
coral,erm,True,0.02440120778698118,0.0,-0.0004842189734209168,0.036790637688562826,0.04892821600557341,0.05691145530254031,0.14127201897070413,10,0.25,ratio,0.1,0.019239583436693495,0.017996982371089446,0.125,3
coral,erm,True,0.02440120778698118,0.0,-0.0004842189734209168,0.036790637688562826,0.04892821600557341,0.05691145530254031,0.14127201897070413,10,0.25,ratio,0.2,0.019239583436693495,0.017996982371089446,0.125,3
coral,erm,True,0.02440120778698118,0.0,-0.0004842189734209168,0.036790637688562826,0.04892821600557341,0.05691145530254031,0.14127201897070413,10,0.25,design,0.02,0.019239583436693495,0.017996982371089446,0.125,
coral,erm,True,0.02440120778698118,0.0,-0.0004842189734209168,0.036790637688562826,0.04892821600557341,0.05691145530254031,0.14127201897070413,10,0.25,design,0.05,0.019239583436693495,0.017996982371089446,0.125,4
coral,erm,True,0.02440120778698118,0.0,-0.0004842189734209168,0.036790637688562826,0.04892821600557341,0.05691145530254031,0.14127201897070413,10,0.25,design,0.1,0.019239583436693495,0.017996982371089446,0.125,3
coral,erm,True,0.02440120778698118,0.0,-0.0004842189734209168,0.036790637688562826,0.04892821600557341,0.05691145530254031,0.14127201897070413,10,0.25,design,0.2,0.019239583436693495,0.017996982371089446,0.125,3
coral,erm,True,0.02440120778698118,0.0,-0.0004842189734209168,0.036790637688562826,0.04892821600557341,0.05691145530254031,0.14127201897070413,10,0.5,ratio,0.02,0.02078112523309888,0.017996982371089446,0.25,19
coral,erm,True,0.02440120778698118,0.0,-0.0004842189734209168,0.036790637688562826,0.04892821600557341,0.05691145530254031,0.14127201897070413,10,0.5,ratio,0.05,0.02078112523309888,0.017996982371089446,0.25,5
coral,erm,True,0.02440120778698118,0.0,-0.0004842189734209168,0.036790637688562826,0.04892821600557341,0.05691145530254031,0.14127201897070413,10,0.5,ratio,0.1,0.02078112523309888,0.017996982371089446,0.25,3
coral,erm,True,0.02440120778698118,0.0,-0.0004842189734209168,0.036790637688562826,0.04892821600557341,0.05691145530254031,0.14127201897070413,10,0.5,ratio,0.2,0.02078112523309888,0.017996982371089446,0.25,3
coral,erm,True,0.02440120778698118,0.0,-0.0004842189734209168,0.036790637688562826,0.04892821600557341,0.05691145530254031,0.14127201897070413,10,0.5,design,0.02,0.02078112523309888,0.017996982371089446,0.25,
coral,erm,True,0.02440120778698118,0.0,-0.0004842189734209168,0.036790637688562826,0.04892821600557341,0.05691145530254031,0.14127201897070413,10,0.5,design,0.05,0.02078112523309888,0.017996982371089446,0.25,5
coral,erm,True,0.02440120778698118,0.0,-0.0004842189734209168,0.036790637688562826,0.04892821600557341,0.05691145530254031,0.14127201897070413,10,0.5,design,0.1,0.02078112523309888,0.017996982371089446,0.25,3
coral,erm,True,0.02440120778698118,0.0,-0.0004842189734209168,0.036790637688562826,0.04892821600557341,0.05691145530254031,0.14127201897070413,10,0.5,design,0.2,0.02078112523309888,0.017996982371089446,0.25,3
erm_lunit_bt,erm,True,0.05918951949617275,0.052487873922683274,0.002754976908923495,0.010424319560264423,0.04892821600557341,0.04738424767570926,0.252301914503524,1,0.0,none,0.02,0.07071240228359134,0.07071240228359134,0.0,101
erm_lunit_bt,erm,True,0.05918951949617275,0.052487873922683274,0.002754976908923495,0.010424319560264423,0.04892821600557341,0.04738424767570926,0.252301914503524,1,0.0,none,0.05,0.07071240228359134,0.07071240228359134,0.0,18
erm_lunit_bt,erm,True,0.05918951949617275,0.052487873922683274,0.002754976908923495,0.010424319560264423,0.04892821600557341,0.04738424767570926,0.252301914503524,1,0.0,none,0.1,0.07071240228359134,0.07071240228359134,0.0,7
erm_lunit_bt,erm,True,0.05918951949617275,0.052487873922683274,0.002754976908923495,0.010424319560264423,0.04892821600557341,0.04738424767570926,0.252301914503524,1,0.0,none,0.2,0.07071240228359134,0.07071240228359134,0.0,4
erm_lunit_bt,erm,True,0.05918951949617275,0.052487873922683274,0.002754976908923495,0.010424319560264423,0.04892821600557341,0.04738424767570926,0.252301914503524,1,0.25,ratio,0.02,0.0755947378116943,0.07071240228359134,0.125,171
erm_lunit_bt,erm,True,0.05918951949617275,0.052487873922683274,0.002754976908923495,0.010424319560264423,0.04892821600557341,0.04738424767570926,0.252301914503524,1,0.25,ratio,0.05,0.0755947378116943,0.07071240228359134,0.125,29
erm_lunit_bt,erm,True,0.05918951949617275,0.052487873922683274,0.002754976908923495,0.010424319560264423,0.04892821600557341,0.04738424767570926,0.252301914503524,1,0.25,ratio,0.1,0.0755947378116943,0.07071240228359134,0.125,9
erm_lunit_bt,erm,True,0.05918951949617275,0.052487873922683274,0.002754976908923495,0.010424319560264423,0.04892821600557341,0.04738424767570926,0.252301914503524,1,0.25,ratio,0.2,0.0755947378116943,0.07071240228359134,0.125,4
erm_lunit_bt,erm,True,0.05918951949617275,0.052487873922683274,0.002754976908923495,0.010424319560264423,0.04892821600557341,0.04738424767570926,0.252301914503524,1,0.25,design,0.02,0.0755947378116943,0.07071240228359134,0.125,
erm_lunit_bt,erm,True,0.05918951949617275,0.052487873922683274,0.002754976908923495,0.010424319560264423,0.04892821600557341,0.04738424767570926,0.252301914503524,1,0.25,design,0.05,0.0755947378116943,0.07071240228359134,0.125,
erm_lunit_bt,erm,True,0.05918951949617275,0.052487873922683274,0.002754976908923495,0.010424319560264423,0.04892821600557341,0.04738424767570926,0.252301914503524,1,0.25,design,0.1,0.0755947378116943,0.07071240228359134,0.125,
erm_lunit_bt,erm,True,0.05918951949617275,0.052487873922683274,0.002754976908923495,0.010424319560264423,0.04892821600557341,0.04738424767570926,0.252301914503524,1,0.25,design,0.2,0.0755947378116943,0.07071240228359134,0.125,4
erm_lunit_bt,erm,True,0.05918951949617275,0.052487873922683274,0.002754976908923495,0.010424319560264423,0.04892821600557341,0.04738424767570926,0.252301914503524,1,0.5,ratio,0.02,0.08165164898695314,0.07071240228359134,0.25,264
erm_lunit_bt,erm,True,0.05918951949617275,0.052487873922683274,0.002754976908923495,0.010424319560264423,0.04892821600557341,0.04738424767570926,0.252301914503524,1,0.5,ratio,0.05,0.08165164898695314,0.07071240228359134,0.25,44
erm_lunit_bt,erm,True,0.05918951949617275,0.052487873922683274,0.002754976908923495,0.010424319560264423,0.04892821600557341,0.04738424767570926,0.252301914503524,1,0.5,ratio,0.1,0.08165164898695314,0.07071240228359134,0.25,13
erm_lunit_bt,erm,True,0.05918951949617275,0.052487873922683274,0.002754976908923495,0.010424319560264423,0.04892821600557341,0.04738424767570926,0.252301914503524,1,0.5,ratio,0.2,0.08165164898695314,0.07071240228359134,0.25,5
erm_lunit_bt,erm,True,0.05918951949617275,0.052487873922683274,0.002754976908923495,0.010424319560264423,0.04892821600557341,0.04738424767570926,0.252301914503524,1,0.5,design,0.02,0.08165164898695314,0.07071240228359134,0.25,
erm_lunit_bt,erm,True,0.05918951949617275,0.052487873922683274,0.002754976908923495,0.010424319560264423,0.04892821600557341,0.04738424767570926,0.252301914503524,1,0.5,design,0.05,0.08165164898695314,0.07071240228359134,0.25,
erm_lunit_bt,erm,True,0.05918951949617275,0.052487873922683274,0.002754976908923495,0.010424319560264423,0.04892821600557341,0.04738424767570926,0.252301914503524,1,0.5,design,0.1,0.08165164898695314,0.07071240228359134,0.25,
erm_lunit_bt,erm,True,0.05918951949617275,0.052487873922683274,0.002754976908923495,0.010424319560264423,0.04892821600557341,0.04738424767570926,0.252301914503524,1,0.5,design,0.2,0.08165164898695314,0.07071240228359134,0.25,5
erm_lunit_bt,erm,True,0.05918951949617275,0.052487873922683274,0.002754976908923495,0.010424319560264423,0.04892821600557341,0.04738424767570926,0.252301914503524,3,0.0,none,0.02,0.05918951949617275,0.05918951949617275,0.0,71
erm_lunit_bt,erm,True,0.05918951949617275,0.052487873922683274,0.002754976908923495,0.010424319560264423,0.04892821600557341,0.04738424767570926,0.252301914503524,3,0.0,none,0.05,0.05918951949617275,0.05918951949617275,0.0,14
erm_lunit_bt,erm,True,0.05918951949617275,0.052487873922683274,0.002754976908923495,0.010424319560264423,0.04892821600557341,0.04738424767570926,0.252301914503524,3,0.0,none,0.1,0.05918951949617275,0.05918951949617275,0.0,5
erm_lunit_bt,erm,True,0.05918951949617275,0.052487873922683274,0.002754976908923495,0.010424319560264423,0.04892821600557341,0.04738424767570926,0.252301914503524,3,0.0,none,0.2,0.05918951949617275,0.05918951949617275,0.0,3
erm_lunit_bt,erm,True,0.05918951949617275,0.052487873922683274,0.002754976908923495,0.010424319560264423,0.04892821600557341,0.04738424767570926,0.252301914503524,3,0.25,ratio,0.02,0.06327625795498715,0.05918951949617275,0.125,120
erm_lunit_bt,erm,True,0.05918951949617275,0.052487873922683274,0.002754976908923495,0.010424319560264423,0.04892821600557341,0.04738424767570926,0.252301914503524,3,0.25,ratio,0.05,0.06327625795498715,0.05918951949617275,0.125,21
erm_lunit_bt,erm,True,0.05918951949617275,0.052487873922683274,0.002754976908923495,0.010424319560264423,0.04892821600557341,0.04738424767570926,0.252301914503524,3,0.25,ratio,0.1,0.06327625795498715,0.05918951949617275,0.125,7
erm_lunit_bt,erm,True,0.05918951949617275,0.052487873922683274,0.002754976908923495,0.010424319560264423,0.04892821600557341,0.04738424767570926,0.252301914503524,3,0.25,ratio,0.2,0.06327625795498715,0.05918951949617275,0.125,4
erm_lunit_bt,erm,True,0.05918951949617275,0.052487873922683274,0.002754976908923495,0.010424319560264423,0.04892821600557341,0.04738424767570926,0.252301914503524,3,0.25,design,0.02,0.06327625795498715,0.05918951949617275,0.125,
erm_lunit_bt,erm,True,0.05918951949617275,0.052487873922683274,0.002754976908923495,0.010424319560264423,0.04892821600557341,0.04738424767570926,0.252301914503524,3,0.25,design,0.05,0.06327625795498715,0.05918951949617275,0.125,
erm_lunit_bt,erm,True,0.05918951949617275,0.052487873922683274,0.002754976908923495,0.010424319560264423,0.04892821600557341,0.04738424767570926,0.252301914503524,3,0.25,design,0.1,0.06327625795498715,0.05918951949617275,0.125,14
erm_lunit_bt,erm,True,0.05918951949617275,0.052487873922683274,0.002754976908923495,0.010424319560264423,0.04892821600557341,0.04738424767570926,0.252301914503524,3,0.25,design,0.2,0.06327625795498715,0.05918951949617275,0.125,4
erm_lunit_bt,erm,True,0.05918951949617275,0.052487873922683274,0.002754976908923495,0.010424319560264423,0.04892821600557341,0.04738424767570926,0.252301914503524,3,0.5,ratio,0.02,0.06834617002863988,0.05918951949617275,0.25,186
erm_lunit_bt,erm,True,0.05918951949617275,0.052487873922683274,0.002754976908923495,0.010424319560264423,0.04892821600557341,0.04738424767570926,0.252301914503524,3,0.5,ratio,0.05,0.06834617002863988,0.05918951949617275,0.25,32
erm_lunit_bt,erm,True,0.05918951949617275,0.052487873922683274,0.002754976908923495,0.010424319560264423,0.04892821600557341,0.04738424767570926,0.252301914503524,3,0.5,ratio,0.1,0.06834617002863988,0.05918951949617275,0.25,10
erm_lunit_bt,erm,True,0.05918951949617275,0.052487873922683274,0.002754976908923495,0.010424319560264423,0.04892821600557341,0.04738424767570926,0.252301914503524,3,0.5,ratio,0.2,0.06834617002863988,0.05918951949617275,0.25,5
erm_lunit_bt,erm,True,0.05918951949617275,0.052487873922683274,0.002754976908923495,0.010424319560264423,0.04892821600557341,0.04738424767570926,0.252301914503524,3,0.5,design,0.02,0.06834617002863988,0.05918951949617275,0.25,
erm_lunit_bt,erm,True,0.05918951949617275,0.052487873922683274,0.002754976908923495,0.010424319560264423,0.04892821600557341,0.04738424767570926,0.252301914503524,3,0.5,design,0.05,0.06834617002863988,0.05918951949617275,0.25,
erm_lunit_bt,erm,True,0.05918951949617275,0.052487873922683274,0.002754976908923495,0.010424319560264423,0.04892821600557341,0.04738424767570926,0.252301914503524,3,0.5,design,0.1,0.06834617002863988,0.05918951949617275,0.25,
erm_lunit_bt,erm,True,0.05918951949617275,0.052487873922683274,0.002754976908923495,0.010424319560264423,0.04892821600557341,0.04738424767570926,0.252301914503524,3,0.5,design,0.2,0.06834617002863988,0.05918951949617275,0.25,4
erm_lunit_bt,erm,True,0.05918951949617275,0.052487873922683274,0.002754976908923495,0.010424319560264423,0.04892821600557341,0.04738424767570926,0.252301914503524,5,0.0,none,0.02,0.0566041543924303,0.0566041543924303,0.0,65
erm_lunit_bt,erm,True,0.05918951949617275,0.052487873922683274,0.002754976908923495,0.010424319560264423,0.04892821600557341,0.04738424767570926,0.252301914503524,5,0.0,none,0.05,0.0566041543924303,0.0566041543924303,0.0,13
erm_lunit_bt,erm,True,0.05918951949617275,0.052487873922683274,0.002754976908923495,0.010424319560264423,0.04892821600557341,0.04738424767570926,0.252301914503524,5,0.0,none,0.1,0.0566041543924303,0.0566041543924303,0.0,5
erm_lunit_bt,erm,True,0.05918951949617275,0.052487873922683274,0.002754976908923495,0.010424319560264423,0.04892821600557341,0.04738424767570926,0.252301914503524,5,0.0,none,0.2,0.0566041543924303,0.0566041543924303,0.0,3
erm_lunit_bt,erm,True,0.05918951949617275,0.052487873922683274,0.002754976908923495,0.010424319560264423,0.04892821600557341,0.04738424767570926,0.252301914503524,5,0.25,ratio,0.02,0.06051238640129414,0.0566041543924303,0.125,110
erm_lunit_bt,erm,True,0.05918951949617275,0.052487873922683274,0.002754976908923495,0.010424319560264423,0.04892821600557341,0.04738424767570926,0.252301914503524,5,0.25,ratio,0.05,0.06051238640129414,0.0566041543924303,0.125,20
erm_lunit_bt,erm,True,0.05918951949617275,0.052487873922683274,0.002754976908923495,0.010424319560264423,0.04892821600557341,0.04738424767570926,0.252301914503524,5,0.25,ratio,0.1,0.06051238640129414,0.0566041543924303,0.125,7
erm_lunit_bt,erm,True,0.05918951949617275,0.052487873922683274,0.002754976908923495,0.010424319560264423,0.04892821600557341,0.04738424767570926,0.252301914503524,5,0.25,ratio,0.2,0.06051238640129414,0.0566041543924303,0.125,4
erm_lunit_bt,erm,True,0.05918951949617275,0.052487873922683274,0.002754976908923495,0.010424319560264423,0.04892821600557341,0.04738424767570926,0.252301914503524,5,0.25,design,0.02,0.06051238640129414,0.0566041543924303,0.125,
erm_lunit_bt,erm,True,0.05918951949617275,0.052487873922683274,0.002754976908923495,0.010424319560264423,0.04892821600557341,0.04738424767570926,0.252301914503524,5,0.25,design,0.05,0.06051238640129414,0.0566041543924303,0.125,
erm_lunit_bt,erm,True,0.05918951949617275,0.052487873922683274,0.002754976908923495,0.010424319560264423,0.04892821600557341,0.04738424767570926,0.252301914503524,5,0.25,design,0.1,0.06051238640129414,0.0566041543924303,0.125,10
erm_lunit_bt,erm,True,0.05918951949617275,0.052487873922683274,0.002754976908923495,0.010424319560264423,0.04892821600557341,0.04738424767570926,0.252301914503524,5,0.25,design,0.2,0.06051238640129414,0.0566041543924303,0.125,3
erm_lunit_bt,erm,True,0.05918951949617275,0.052487873922683274,0.002754976908923495,0.010424319560264423,0.04892821600557341,0.04738424767570926,0.252301914503524,5,0.5,ratio,0.02,0.06536084755144154,0.0566041543924303,0.25,170
erm_lunit_bt,erm,True,0.05918951949617275,0.052487873922683274,0.002754976908923495,0.010424319560264423,0.04892821600557341,0.04738424767570926,0.252301914503524,5,0.5,ratio,0.05,0.06536084755144154,0.0566041543924303,0.25,29
erm_lunit_bt,erm,True,0.05918951949617275,0.052487873922683274,0.002754976908923495,0.010424319560264423,0.04892821600557341,0.04738424767570926,0.252301914503524,5,0.5,ratio,0.1,0.06536084755144154,0.0566041543924303,0.25,9
erm_lunit_bt,erm,True,0.05918951949617275,0.052487873922683274,0.002754976908923495,0.010424319560264423,0.04892821600557341,0.04738424767570926,0.252301914503524,5,0.5,ratio,0.2,0.06536084755144154,0.0566041543924303,0.25,4
erm_lunit_bt,erm,True,0.05918951949617275,0.052487873922683274,0.002754976908923495,0.010424319560264423,0.04892821600557341,0.04738424767570926,0.252301914503524,5,0.5,design,0.02,0.06536084755144154,0.0566041543924303,0.25,
erm_lunit_bt,erm,True,0.05918951949617275,0.052487873922683274,0.002754976908923495,0.010424319560264423,0.04892821600557341,0.04738424767570926,0.252301914503524,5,0.5,design,0.05,0.06536084755144154,0.0566041543924303,0.25,
erm_lunit_bt,erm,True,0.05918951949617275,0.052487873922683274,0.002754976908923495,0.010424319560264423,0.04892821600557341,0.04738424767570926,0.252301914503524,5,0.5,design,0.1,0.06536084755144154,0.0566041543924303,0.25,
erm_lunit_bt,erm,True,0.05918951949617275,0.052487873922683274,0.002754976908923495,0.010424319560264423,0.04892821600557341,0.04738424767570926,0.252301914503524,5,0.5,design,0.2,0.06536084755144154,0.0566041543924303,0.25,4
erm_lunit_bt,erm,True,0.05918951949617275,0.052487873922683274,0.002754976908923495,0.010424319560264423,0.04892821600557341,0.04738424767570926,0.252301914503524,10,0.0,none,0.02,0.05458482940985335,0.05458482940985335,0.0,61
erm_lunit_bt,erm,True,0.05918951949617275,0.052487873922683274,0.002754976908923495,0.010424319560264423,0.04892821600557341,0.04738424767570926,0.252301914503524,10,0.0,none,0.05,0.05458482940985335,0.05458482940985335,0.0,12
erm_lunit_bt,erm,True,0.05918951949617275,0.052487873922683274,0.002754976908923495,0.010424319560264423,0.04892821600557341,0.04738424767570926,0.252301914503524,10,0.0,none,0.1,0.05458482940985335,0.05458482940985335,0.0,5
erm_lunit_bt,erm,True,0.05918951949617275,0.052487873922683274,0.002754976908923495,0.010424319560264423,0.04892821600557341,0.04738424767570926,0.252301914503524,10,0.0,none,0.2,0.05458482940985335,0.05458482940985335,0.0,3
erm_lunit_bt,erm,True,0.05918951949617275,0.052487873922683274,0.002754976908923495,0.010424319560264423,0.04892821600557341,0.04738424767570926,0.252301914503524,10,0.25,ratio,0.02,0.05835363719062093,0.05458482940985335,0.125,103
erm_lunit_bt,erm,True,0.05918951949617275,0.052487873922683274,0.002754976908923495,0.010424319560264423,0.04892821600557341,0.04738424767570926,0.252301914503524,10,0.25,ratio,0.05,0.05835363719062093,0.05458482940985335,0.125,19
erm_lunit_bt,erm,True,0.05918951949617275,0.052487873922683274,0.002754976908923495,0.010424319560264423,0.04892821600557341,0.04738424767570926,0.252301914503524,10,0.25,ratio,0.1,0.05835363719062093,0.05458482940985335,0.125,7
erm_lunit_bt,erm,True,0.05918951949617275,0.052487873922683274,0.002754976908923495,0.010424319560264423,0.04892821600557341,0.04738424767570926,0.252301914503524,10,0.25,ratio,0.2,0.05835363719062093,0.05458482940985335,0.125,4
erm_lunit_bt,erm,True,0.05918951949617275,0.052487873922683274,0.002754976908923495,0.010424319560264423,0.04892821600557341,0.04738424767570926,0.252301914503524,10,0.25,design,0.02,0.05835363719062093,0.05458482940985335,0.125,
erm_lunit_bt,erm,True,0.05918951949617275,0.052487873922683274,0.002754976908923495,0.010424319560264423,0.04892821600557341,0.04738424767570926,0.252301914503524,10,0.25,design,0.05,0.05835363719062093,0.05458482940985335,0.125,
erm_lunit_bt,erm,True,0.05918951949617275,0.052487873922683274,0.002754976908923495,0.010424319560264423,0.04892821600557341,0.04738424767570926,0.252301914503524,10,0.25,design,0.1,0.05835363719062093,0.05458482940985335,0.125,9
erm_lunit_bt,erm,True,0.05918951949617275,0.052487873922683274,0.002754976908923495,0.010424319560264423,0.04892821600557341,0.04738424767570926,0.252301914503524,10,0.25,design,0.2,0.05835363719062093,0.05458482940985335,0.125,3
erm_lunit_bt,erm,True,0.05918951949617275,0.052487873922683274,0.002754976908923495,0.010424319560264423,0.04892821600557341,0.04738424767570926,0.252301914503524,10,0.5,ratio,0.02,0.06302913190689727,0.05458482940985335,0.25,158
erm_lunit_bt,erm,True,0.05918951949617275,0.052487873922683274,0.002754976908923495,0.010424319560264423,0.04892821600557341,0.04738424767570926,0.252301914503524,10,0.5,ratio,0.05,0.06302913190689727,0.05458482940985335,0.25,27
erm_lunit_bt,erm,True,0.05918951949617275,0.052487873922683274,0.002754976908923495,0.010424319560264423,0.04892821600557341,0.04738424767570926,0.252301914503524,10,0.5,ratio,0.1,0.06302913190689727,0.05458482940985335,0.25,9
erm_lunit_bt,erm,True,0.05918951949617275,0.052487873922683274,0.002754976908923495,0.010424319560264423,0.04892821600557341,0.04738424767570926,0.252301914503524,10,0.5,ratio,0.2,0.06302913190689727,0.05458482940985335,0.25,4
erm_lunit_bt,erm,True,0.05918951949617275,0.052487873922683274,0.002754976908923495,0.010424319560264423,0.04892821600557341,0.04738424767570926,0.252301914503524,10,0.5,design,0.02,0.06302913190689727,0.05458482940985335,0.25,
erm_lunit_bt,erm,True,0.05918951949617275,0.052487873922683274,0.002754976908923495,0.010424319560264423,0.04892821600557341,0.04738424767570926,0.252301914503524,10,0.5,design,0.05,0.06302913190689727,0.05458482940985335,0.25,
erm_lunit_bt,erm,True,0.05918951949617275,0.052487873922683274,0.002754976908923495,0.010424319560264423,0.04892821600557341,0.04738424767570926,0.252301914503524,10,0.5,design,0.1,0.06302913190689727,0.05458482940985335,0.25,
erm_lunit_bt,erm,True,0.05918951949617275,0.052487873922683274,0.002754976908923495,0.010424319560264423,0.04892821600557341,0.04738424767570926,0.252301914503524,10,0.5,design,0.2,0.06302913190689727,0.05458482940985335,0.25,4
erm_lunit_dino,erm,True,0.05707999475767517,0.050953700114195144,0.0025962795553273305,0.006497310151049625,0.04892821600557341,0.04455938440583175,0.7087827590475961,1,0.0,none,0.02,0.06768912980644685,0.06768912980644685,0.0,92
erm_lunit_dino,erm,True,0.05707999475767517,0.050953700114195144,0.0025962795553273305,0.006497310151049625,0.04892821600557341,0.04455938440583175,0.7087827590475961,1,0.0,none,0.05,0.06768912980644685,0.06768912980644685,0.0,17
erm_lunit_dino,erm,True,0.05707999475767517,0.050953700114195144,0.0025962795553273305,0.006497310151049625,0.04892821600557341,0.04455938440583175,0.7087827590475961,1,0.0,none,0.1,0.06768912980644685,0.06768912980644685,0.0,6
erm_lunit_dino,erm,True,0.05707999475767517,0.050953700114195144,0.0025962795553273305,0.006497310151049625,0.04892821600557341,0.04455938440583175,0.7087827590475961,1,0.0,none,0.2,0.06768912980644685,0.06768912980644685,0.0,4
erm_lunit_dino,erm,True,0.05707999475767517,0.050953700114195144,0.0025962795553273305,0.006497310151049625,0.04892821600557341,0.04455938440583175,0.7087827590475961,1,0.25,ratio,0.02,0.07236272358416916,0.06768912980644685,0.125,157
erm_lunit_dino,erm,True,0.05707999475767517,0.050953700114195144,0.0025962795553273305,0.006497310151049625,0.04892821600557341,0.04455938440583175,0.7087827590475961,1,0.25,ratio,0.05,0.07236272358416916,0.06768912980644685,0.125,27
erm_lunit_dino,erm,True,0.05707999475767517,0.050953700114195144,0.0025962795553273305,0.006497310151049625,0.04892821600557341,0.04455938440583175,0.7087827590475961,1,0.25,ratio,0.1,0.07236272358416916,0.06768912980644685,0.125,9
erm_lunit_dino,erm,True,0.05707999475767517,0.050953700114195144,0.0025962795553273305,0.006497310151049625,0.04892821600557341,0.04455938440583175,0.7087827590475961,1,0.25,ratio,0.2,0.07236272358416916,0.06768912980644685,0.125,4
erm_lunit_dino,erm,True,0.05707999475767517,0.050953700114195144,0.0025962795553273305,0.006497310151049625,0.04892821600557341,0.04455938440583175,0.7087827590475961,1,0.25,design,0.02,0.07236272358416916,0.06768912980644685,0.125,
erm_lunit_dino,erm,True,0.05707999475767517,0.050953700114195144,0.0025962795553273305,0.006497310151049625,0.04892821600557341,0.04455938440583175,0.7087827590475961,1,0.25,design,0.05,0.07236272358416916,0.06768912980644685,0.125,
erm_lunit_dino,erm,True,0.05707999475767517,0.050953700114195144,0.0025962795553273305,0.006497310151049625,0.04892821600557341,0.04455938440583175,0.7087827590475961,1,0.25,design,0.1,0.07236272358416916,0.06768912980644685,0.125,
erm_lunit_dino,erm,True,0.05707999475767517,0.050953700114195144,0.0025962795553273305,0.006497310151049625,0.04892821600557341,0.04455938440583175,0.7087827590475961,1,0.25,design,0.2,0.07236272358416916,0.06768912980644685,0.125,4
erm_lunit_dino,erm,True,0.05707999475767517,0.050953700114195144,0.0025962795553273305,0.006497310151049625,0.04892821600557341,0.04455938440583175,0.7087827590475961,1,0.5,ratio,0.02,0.07816067462992723,0.06768912980644685,0.25,242
erm_lunit_dino,erm,True,0.05707999475767517,0.050953700114195144,0.0025962795553273305,0.006497310151049625,0.04892821600557341,0.04455938440583175,0.7087827590475961,1,0.5,ratio,0.05,0.07816067462992723,0.06768912980644685,0.25,41
erm_lunit_dino,erm,True,0.05707999475767517,0.050953700114195144,0.0025962795553273305,0.006497310151049625,0.04892821600557341,0.04455938440583175,0.7087827590475961,1,0.5,ratio,0.1,0.07816067462992723,0.06768912980644685,0.25,12
erm_lunit_dino,erm,True,0.05707999475767517,0.050953700114195144,0.0025962795553273305,0.006497310151049625,0.04892821600557341,0.04455938440583175,0.7087827590475961,1,0.5,ratio,0.2,0.07816067462992723,0.06768912980644685,0.25,5
erm_lunit_dino,erm,True,0.05707999475767517,0.050953700114195144,0.0025962795553273305,0.006497310151049625,0.04892821600557341,0.04455938440583175,0.7087827590475961,1,0.5,design,0.02,0.07816067462992723,0.06768912980644685,0.25,
erm_lunit_dino,erm,True,0.05707999475767517,0.050953700114195144,0.0025962795553273305,0.006497310151049625,0.04892821600557341,0.04455938440583175,0.7087827590475961,1,0.5,design,0.05,0.07816067462992723,0.06768912980644685,0.25,
erm_lunit_dino,erm,True,0.05707999475767517,0.050953700114195144,0.0025962795553273305,0.006497310151049625,0.04892821600557341,0.04455938440583175,0.7087827590475961,1,0.5,design,0.1,0.07816067462992723,0.06768912980644685,0.25,
erm_lunit_dino,erm,True,0.05707999475767517,0.050953700114195144,0.0025962795553273305,0.006497310151049625,0.04892821600557341,0.04455938440583175,0.7087827590475961,1,0.5,design,0.2,0.07816067462992723,0.06768912980644685,0.25,5
erm_lunit_dino,erm,True,0.05707999475767517,0.050953700114195144,0.0025962795553273305,0.006497310151049625,0.04892821600557341,0.04455938440583175,0.7087827590475961,3,0.0,none,0.02,0.05707999475767517,0.05707999475767517,0.0,66
erm_lunit_dino,erm,True,0.05707999475767517,0.050953700114195144,0.0025962795553273305,0.006497310151049625,0.04892821600557341,0.04455938440583175,0.7087827590475961,3,0.0,none,0.05,0.05707999475767517,0.05707999475767517,0.0,13
erm_lunit_dino,erm,True,0.05707999475767517,0.050953700114195144,0.0025962795553273305,0.006497310151049625,0.04892821600557341,0.04455938440583175,0.7087827590475961,3,0.0,none,0.1,0.05707999475767517,0.05707999475767517,0.0,5
erm_lunit_dino,erm,True,0.05707999475767517,0.050953700114195144,0.0025962795553273305,0.006497310151049625,0.04892821600557341,0.04455938440583175,0.7087827590475961,3,0.0,none,0.2,0.05707999475767517,0.05707999475767517,0.0,3
erm_lunit_dino,erm,True,0.05707999475767517,0.050953700114195144,0.0025962795553273305,0.006497310151049625,0.04892821600557341,0.04455938440583175,0.7087827590475961,3,0.25,ratio,0.02,0.061021081149163756,0.05707999475767517,0.125,112
erm_lunit_dino,erm,True,0.05707999475767517,0.050953700114195144,0.0025962795553273305,0.006497310151049625,0.04892821600557341,0.04455938440583175,0.7087827590475961,3,0.25,ratio,0.05,0.061021081149163756,0.05707999475767517,0.125,20
erm_lunit_dino,erm,True,0.05707999475767517,0.050953700114195144,0.0025962795553273305,0.006497310151049625,0.04892821600557341,0.04455938440583175,0.7087827590475961,3,0.25,ratio,0.1,0.061021081149163756,0.05707999475767517,0.125,7
erm_lunit_dino,erm,True,0.05707999475767517,0.050953700114195144,0.0025962795553273305,0.006497310151049625,0.04892821600557341,0.04455938440583175,0.7087827590475961,3,0.25,ratio,0.2,0.061021081149163756,0.05707999475767517,0.125,4
erm_lunit_dino,erm,True,0.05707999475767517,0.050953700114195144,0.0025962795553273305,0.006497310151049625,0.04892821600557341,0.04455938440583175,0.7087827590475961,3,0.25,design,0.02,0.061021081149163756,0.05707999475767517,0.125,
erm_lunit_dino,erm,True,0.05707999475767517,0.050953700114195144,0.0025962795553273305,0.006497310151049625,0.04892821600557341,0.04455938440583175,0.7087827590475961,3,0.25,design,0.05,0.061021081149163756,0.05707999475767517,0.125,
erm_lunit_dino,erm,True,0.05707999475767517,0.050953700114195144,0.0025962795553273305,0.006497310151049625,0.04892821600557341,0.04455938440583175,0.7087827590475961,3,0.25,design,0.1,0.061021081149163756,0.05707999475767517,0.125,11
erm_lunit_dino,erm,True,0.05707999475767517,0.050953700114195144,0.0025962795553273305,0.006497310151049625,0.04892821600557341,0.04455938440583175,0.7087827590475961,3,0.25,design,0.2,0.061021081149163756,0.05707999475767517,0.125,3
erm_lunit_dino,erm,True,0.05707999475767517,0.050953700114195144,0.0025962795553273305,0.006497310151049625,0.04892821600557341,0.04455938440583175,0.7087827590475961,3,0.5,ratio,0.02,0.06591030067737237,0.05707999475767517,0.25,173
erm_lunit_dino,erm,True,0.05707999475767517,0.050953700114195144,0.0025962795553273305,0.006497310151049625,0.04892821600557341,0.04455938440583175,0.7087827590475961,3,0.5,ratio,0.05,0.06591030067737237,0.05707999475767517,0.25,30
erm_lunit_dino,erm,True,0.05707999475767517,0.050953700114195144,0.0025962795553273305,0.006497310151049625,0.04892821600557341,0.04455938440583175,0.7087827590475961,3,0.5,ratio,0.1,0.06591030067737237,0.05707999475767517,0.25,9
erm_lunit_dino,erm,True,0.05707999475767517,0.050953700114195144,0.0025962795553273305,0.006497310151049625,0.04892821600557341,0.04455938440583175,0.7087827590475961,3,0.5,ratio,0.2,0.06591030067737237,0.05707999475767517,0.25,4
erm_lunit_dino,erm,True,0.05707999475767517,0.050953700114195144,0.0025962795553273305,0.006497310151049625,0.04892821600557341,0.04455938440583175,0.7087827590475961,3,0.5,design,0.02,0.06591030067737237,0.05707999475767517,0.25,
erm_lunit_dino,erm,True,0.05707999475767517,0.050953700114195144,0.0025962795553273305,0.006497310151049625,0.04892821600557341,0.04455938440583175,0.7087827590475961,3,0.5,design,0.05,0.06591030067737237,0.05707999475767517,0.25,
erm_lunit_dino,erm,True,0.05707999475767517,0.050953700114195144,0.0025962795553273305,0.006497310151049625,0.04892821600557341,0.04455938440583175,0.7087827590475961,3,0.5,design,0.1,0.06591030067737237,0.05707999475767517,0.25,
erm_lunit_dino,erm,True,0.05707999475767517,0.050953700114195144,0.0025962795553273305,0.006497310151049625,0.04892821600557341,0.04455938440583175,0.7087827590475961,3,0.5,design,0.2,0.06591030067737237,0.05707999475767517,0.25,4
erm_lunit_dino,erm,True,0.05707999475767517,0.050953700114195144,0.0025962795553273305,0.006497310151049625,0.04892821600557341,0.04455938440583175,0.7087827590475961,5,0.0,none,0.02,0.05471185706090287,0.05471185706090287,0.0,61
erm_lunit_dino,erm,True,0.05707999475767517,0.050953700114195144,0.0025962795553273305,0.006497310151049625,0.04892821600557341,0.04455938440583175,0.7087827590475961,5,0.0,none,0.05,0.05471185706090287,0.05471185706090287,0.0,12
erm_lunit_dino,erm,True,0.05707999475767517,0.050953700114195144,0.0025962795553273305,0.006497310151049625,0.04892821600557341,0.04455938440583175,0.7087827590475961,5,0.0,none,0.1,0.05471185706090287,0.05471185706090287,0.0,5
erm_lunit_dino,erm,True,0.05707999475767517,0.050953700114195144,0.0025962795553273305,0.006497310151049625,0.04892821600557341,0.04455938440583175,0.7087827590475961,5,0.0,none,0.2,0.05471185706090287,0.05471185706090287,0.0,3
erm_lunit_dino,erm,True,0.05707999475767517,0.050953700114195144,0.0025962795553273305,0.006497310151049625,0.04892821600557341,0.04455938440583175,0.7087827590475961,5,0.25,ratio,0.02,0.05848943546172779,0.05471185706090287,0.125,103
erm_lunit_dino,erm,True,0.05707999475767517,0.050953700114195144,0.0025962795553273305,0.006497310151049625,0.04892821600557341,0.04455938440583175,0.7087827590475961,5,0.25,ratio,0.05,0.05848943546172779,0.05471185706090287,0.125,19
erm_lunit_dino,erm,True,0.05707999475767517,0.050953700114195144,0.0025962795553273305,0.006497310151049625,0.04892821600557341,0.04455938440583175,0.7087827590475961,5,0.25,ratio,0.1,0.05848943546172779,0.05471185706090287,0.125,7
erm_lunit_dino,erm,True,0.05707999475767517,0.050953700114195144,0.0025962795553273305,0.006497310151049625,0.04892821600557341,0.04455938440583175,0.7087827590475961,5,0.25,ratio,0.2,0.05848943546172779,0.05471185706090287,0.125,4
erm_lunit_dino,erm,True,0.05707999475767517,0.050953700114195144,0.0025962795553273305,0.006497310151049625,0.04892821600557341,0.04455938440583175,0.7087827590475961,5,0.25,design,0.02,0.05848943546172779,0.05471185706090287,0.125,
erm_lunit_dino,erm,True,0.05707999475767517,0.050953700114195144,0.0025962795553273305,0.006497310151049625,0.04892821600557341,0.04455938440583175,0.7087827590475961,5,0.25,design,0.05,0.05848943546172779,0.05471185706090287,0.125,
erm_lunit_dino,erm,True,0.05707999475767517,0.050953700114195144,0.0025962795553273305,0.006497310151049625,0.04892821600557341,0.04455938440583175,0.7087827590475961,5,0.25,design,0.1,0.05848943546172779,0.05471185706090287,0.125,9
erm_lunit_dino,erm,True,0.05707999475767517,0.050953700114195144,0.0025962795553273305,0.006497310151049625,0.04892821600557341,0.04455938440583175,0.7087827590475961,5,0.25,design,0.2,0.05848943546172779,0.05471185706090287,0.125,3
erm_lunit_dino,erm,True,0.05707999475767517,0.050953700114195144,0.0025962795553273305,0.006497310151049625,0.04892821600557341,0.04455938440583175,0.7087827590475961,5,0.5,ratio,0.02,0.0631758108039532,0.05471185706090287,0.25,159
erm_lunit_dino,erm,True,0.05707999475767517,0.050953700114195144,0.0025962795553273305,0.006497310151049625,0.04892821600557341,0.04455938440583175,0.7087827590475961,5,0.5,ratio,0.05,0.0631758108039532,0.05471185706090287,0.25,28
erm_lunit_dino,erm,True,0.05707999475767517,0.050953700114195144,0.0025962795553273305,0.006497310151049625,0.04892821600557341,0.04455938440583175,0.7087827590475961,5,0.5,ratio,0.1,0.0631758108039532,0.05471185706090287,0.25,9
erm_lunit_dino,erm,True,0.05707999475767517,0.050953700114195144,0.0025962795553273305,0.006497310151049625,0.04892821600557341,0.04455938440583175,0.7087827590475961,5,0.5,ratio,0.2,0.0631758108039532,0.05471185706090287,0.25,4
erm_lunit_dino,erm,True,0.05707999475767517,0.050953700114195144,0.0025962795553273305,0.006497310151049625,0.04892821600557341,0.04455938440583175,0.7087827590475961,5,0.5,design,0.02,0.0631758108039532,0.05471185706090287,0.25,
erm_lunit_dino,erm,True,0.05707999475767517,0.050953700114195144,0.0025962795553273305,0.006497310151049625,0.04892821600557341,0.04455938440583175,0.7087827590475961,5,0.5,design,0.05,0.0631758108039532,0.05471185706090287,0.25,
erm_lunit_dino,erm,True,0.05707999475767517,0.050953700114195144,0.0025962795553273305,0.006497310151049625,0.04892821600557341,0.04455938440583175,0.7087827590475961,5,0.5,design,0.1,0.0631758108039532,0.05471185706090287,0.25,
erm_lunit_dino,erm,True,0.05707999475767517,0.050953700114195144,0.0025962795553273305,0.006497310151049625,0.04892821600557341,0.04455938440583175,0.7087827590475961,5,0.5,design,0.2,0.0631758108039532,0.05471185706090287,0.25,4
erm_lunit_dino,erm,True,0.05707999475767517,0.050953700114195144,0.0025962795553273305,0.006497310151049625,0.04892821600557341,0.04455938440583175,0.7087827590475961,10,0.0,none,0.02,0.05286618417466877,0.05286618417466877,0.0,57
erm_lunit_dino,erm,True,0.05707999475767517,0.050953700114195144,0.0025962795553273305,0.006497310151049625,0.04892821600557341,0.04455938440583175,0.7087827590475961,10,0.0,none,0.05,0.05286618417466877,0.05286618417466877,0.0,11
erm_lunit_dino,erm,True,0.05707999475767517,0.050953700114195144,0.0025962795553273305,0.006497310151049625,0.04892821600557341,0.04455938440583175,0.7087827590475961,10,0.0,none,0.1,0.05286618417466877,0.05286618417466877,0.0,5
erm_lunit_dino,erm,True,0.05707999475767517,0.050953700114195144,0.0025962795553273305,0.006497310151049625,0.04892821600557341,0.04455938440583175,0.7087827590475961,10,0.0,none,0.2,0.05286618417466877,0.05286618417466877,0.0,3
erm_lunit_dino,erm,True,0.05707999475767517,0.050953700114195144,0.0025962795553273305,0.006497310151049625,0.04892821600557341,0.04455938440583175,0.7087827590475961,10,0.25,ratio,0.02,0.056516328150771726,0.05286618417466877,0.125,96
erm_lunit_dino,erm,True,0.05707999475767517,0.050953700114195144,0.0025962795553273305,0.006497310151049625,0.04892821600557341,0.04455938440583175,0.7087827590475961,10,0.25,ratio,0.05,0.056516328150771726,0.05286618417466877,0.125,18
erm_lunit_dino,erm,True,0.05707999475767517,0.050953700114195144,0.0025962795553273305,0.006497310151049625,0.04892821600557341,0.04455938440583175,0.7087827590475961,10,0.25,ratio,0.1,0.056516328150771726,0.05286618417466877,0.125,6
erm_lunit_dino,erm,True,0.05707999475767517,0.050953700114195144,0.0025962795553273305,0.006497310151049625,0.04892821600557341,0.04455938440583175,0.7087827590475961,10,0.25,ratio,0.2,0.056516328150771726,0.05286618417466877,0.125,4
erm_lunit_dino,erm,True,0.05707999475767517,0.050953700114195144,0.0025962795553273305,0.006497310151049625,0.04892821600557341,0.04455938440583175,0.7087827590475961,10,0.25,design,0.02,0.056516328150771726,0.05286618417466877,0.125,
erm_lunit_dino,erm,True,0.05707999475767517,0.050953700114195144,0.0025962795553273305,0.006497310151049625,0.04892821600557341,0.04455938440583175,0.7087827590475961,10,0.25,design,0.05,0.056516328150771726,0.05286618417466877,0.125,
erm_lunit_dino,erm,True,0.05707999475767517,0.050953700114195144,0.0025962795553273305,0.006497310151049625,0.04892821600557341,0.04455938440583175,0.7087827590475961,10,0.25,design,0.1,0.056516328150771726,0.05286618417466877,0.125,8
erm_lunit_dino,erm,True,0.05707999475767517,0.050953700114195144,0.0025962795553273305,0.006497310151049625,0.04892821600557341,0.04455938440583175,0.7087827590475961,10,0.25,design,0.2,0.056516328150771726,0.05286618417466877,0.125,3
erm_lunit_dino,erm,True,0.05707999475767517,0.050953700114195144,0.0025962795553273305,0.006497310151049625,0.04892821600557341,0.04455938440583175,0.7087827590475961,10,0.5,ratio,0.02,0.061044611328546695,0.05286618417466877,0.25,149
erm_lunit_dino,erm,True,0.05707999475767517,0.050953700114195144,0.0025962795553273305,0.006497310151049625,0.04892821600557341,0.04455938440583175,0.7087827590475961,10,0.5,ratio,0.05,0.061044611328546695,0.05286618417466877,0.25,26
erm_lunit_dino,erm,True,0.05707999475767517,0.050953700114195144,0.0025962795553273305,0.006497310151049625,0.04892821600557341,0.04455938440583175,0.7087827590475961,10,0.5,ratio,0.1,0.061044611328546695,0.05286618417466877,0.25,8
erm_lunit_dino,erm,True,0.05707999475767517,0.050953700114195144,0.0025962795553273305,0.006497310151049625,0.04892821600557341,0.04455938440583175,0.7087827590475961,10,0.5,ratio,0.2,0.061044611328546695,0.05286618417466877,0.25,4
erm_lunit_dino,erm,True,0.05707999475767517,0.050953700114195144,0.0025962795553273305,0.006497310151049625,0.04892821600557341,0.04455938440583175,0.7087827590475961,10,0.5,design,0.02,0.061044611328546695,0.05286618417466877,0.25,
erm_lunit_dino,erm,True,0.05707999475767517,0.050953700114195144,0.0025962795553273305,0.006497310151049625,0.04892821600557341,0.04455938440583175,0.7087827590475961,10,0.5,design,0.05,0.061044611328546695,0.05286618417466877,0.25,
erm_lunit_dino,erm,True,0.05707999475767517,0.050953700114195144,0.0025962795553273305,0.006497310151049625,0.04892821600557341,0.04455938440583175,0.7087827590475961,10,0.5,design,0.1,0.061044611328546695,0.05286618417466877,0.25,
erm_lunit_dino,erm,True,0.05707999475767517,0.050953700114195144,0.0025962795553273305,0.006497310151049625,0.04892821600557341,0.04455938440583175,0.7087827590475961,10,0.5,design,0.2,0.061044611328546695,0.05286618417466877,0.25,3
fish,erm,True,0.0404759827501275,0.026168622726361678,0.0006847968153946529,0.012675791768536589,0.04892821600557341,0.05348387694045654,-0.2465955834334056,1,0.0,none,0.02,0.05954260582118112,0.05954260582118112,0.0,72
fish,erm,True,0.0404759827501275,0.026168622726361678,0.0006847968153946529,0.012675791768536589,0.04892821600557341,0.05348387694045654,-0.2465955834334056,1,0.0,none,0.05,0.05954260582118112,0.05954260582118112,0.0,14
fish,erm,True,0.0404759827501275,0.026168622726361678,0.0006847968153946529,0.012675791768536589,0.04892821600557341,0.05348387694045654,-0.2465955834334056,1,0.0,none,0.1,0.05954260582118112,0.05954260582118112,0.0,6
fish,erm,True,0.0404759827501275,0.026168622726361678,0.0006847968153946529,0.012675791768536589,0.04892821600557341,0.05348387694045654,-0.2465955834334056,1,0.0,none,0.2,0.05954260582118112,0.05954260582118112,0.0,3
fish,erm,True,0.0404759827501275,0.026168622726361678,0.0006847968153946529,0.012675791768536589,0.04892821600557341,0.05348387694045654,-0.2465955834334056,1,0.25,ratio,0.02,0.06365372311388326,0.05954260582118112,0.125,122
fish,erm,True,0.0404759827501275,0.026168622726361678,0.0006847968153946529,0.012675791768536589,0.04892821600557341,0.05348387694045654,-0.2465955834334056,1,0.25,ratio,0.05,0.06365372311388326,0.05954260582118112,0.125,22
fish,erm,True,0.0404759827501275,0.026168622726361678,0.0006847968153946529,0.012675791768536589,0.04892821600557341,0.05348387694045654,-0.2465955834334056,1,0.25,ratio,0.1,0.06365372311388326,0.05954260582118112,0.125,7
fish,erm,True,0.0404759827501275,0.026168622726361678,0.0006847968153946529,0.012675791768536589,0.04892821600557341,0.05348387694045654,-0.2465955834334056,1,0.25,ratio,0.2,0.06365372311388326,0.05954260582118112,0.125,4
fish,erm,True,0.0404759827501275,0.026168622726361678,0.0006847968153946529,0.012675791768536589,0.04892821600557341,0.05348387694045654,-0.2465955834334056,1,0.25,design,0.02,0.06365372311388326,0.05954260582118112,0.125,
fish,erm,True,0.0404759827501275,0.026168622726361678,0.0006847968153946529,0.012675791768536589,0.04892821600557341,0.05348387694045654,-0.2465955834334056,1,0.25,design,0.05,0.06365372311388326,0.05954260582118112,0.125,
fish,erm,True,0.0404759827501275,0.026168622726361678,0.0006847968153946529,0.012675791768536589,0.04892821600557341,0.05348387694045654,-0.2465955834334056,1,0.25,design,0.1,0.06365372311388326,0.05954260582118112,0.125,14
fish,erm,True,0.0404759827501275,0.026168622726361678,0.0006847968153946529,0.012675791768536589,0.04892821600557341,0.05348387694045654,-0.2465955834334056,1,0.25,design,0.2,0.06365372311388326,0.05954260582118112,0.125,4
fish,erm,True,0.0404759827501275,0.026168622726361678,0.0006847968153946529,0.012675791768536589,0.04892821600557341,0.05348387694045654,-0.2465955834334056,1,0.5,ratio,0.02,0.0687538789982214,0.05954260582118112,0.25,188
fish,erm,True,0.0404759827501275,0.026168622726361678,0.0006847968153946529,0.012675791768536589,0.04892821600557341,0.05348387694045654,-0.2465955834334056,1,0.5,ratio,0.05,0.0687538789982214,0.05954260582118112,0.25,32
fish,erm,True,0.0404759827501275,0.026168622726361678,0.0006847968153946529,0.012675791768536589,0.04892821600557341,0.05348387694045654,-0.2465955834334056,1,0.5,ratio,0.1,0.0687538789982214,0.05954260582118112,0.25,10
fish,erm,True,0.0404759827501275,0.026168622726361678,0.0006847968153946529,0.012675791768536589,0.04892821600557341,0.05348387694045654,-0.2465955834334056,1,0.5,ratio,0.2,0.0687538789982214,0.05954260582118112,0.25,5
fish,erm,True,0.0404759827501275,0.026168622726361678,0.0006847968153946529,0.012675791768536589,0.04892821600557341,0.05348387694045654,-0.2465955834334056,1,0.5,design,0.02,0.0687538789982214,0.05954260582118112,0.25,
fish,erm,True,0.0404759827501275,0.026168622726361678,0.0006847968153946529,0.012675791768536589,0.04892821600557341,0.05348387694045654,-0.2465955834334056,1,0.5,design,0.05,0.0687538789982214,0.05954260582118112,0.25,
fish,erm,True,0.0404759827501275,0.026168622726361678,0.0006847968153946529,0.012675791768536589,0.04892821600557341,0.05348387694045654,-0.2465955834334056,1,0.5,design,0.1,0.0687538789982214,0.05954260582118112,0.25,
fish,erm,True,0.0404759827501275,0.026168622726361678,0.0006847968153946529,0.012675791768536589,0.04892821600557341,0.05348387694045654,-0.2465955834334056,1,0.5,design,0.2,0.0687538789982214,0.05954260582118112,0.25,4
fish,erm,True,0.0404759827501275,0.026168622726361678,0.0006847968153946529,0.012675791768536589,0.04892821600557341,0.05348387694045654,-0.2465955834334056,3,0.0,none,0.02,0.0404759827501275,0.0404759827501275,0.0,35
fish,erm,True,0.0404759827501275,0.026168622726361678,0.0006847968153946529,0.012675791768536589,0.04892821600557341,0.05348387694045654,-0.2465955834334056,3,0.0,none,0.05,0.0404759827501275,0.0404759827501275,0.0,8
fish,erm,True,0.0404759827501275,0.026168622726361678,0.0006847968153946529,0.012675791768536589,0.04892821600557341,0.05348387694045654,-0.2465955834334056,3,0.0,none,0.1,0.0404759827501275,0.0404759827501275,0.0,4
fish,erm,True,0.0404759827501275,0.026168622726361678,0.0006847968153946529,0.012675791768536589,0.04892821600557341,0.05348387694045654,-0.2465955834334056,3,0.0,none,0.2,0.0404759827501275,0.0404759827501275,0.0,3
fish,erm,True,0.0404759827501275,0.026168622726361678,0.0006847968153946529,0.012675791768536589,0.04892821600557341,0.05348387694045654,-0.2465955834334056,3,0.25,ratio,0.02,0.04327064566969977,0.0404759827501275,0.125,58
fish,erm,True,0.0404759827501275,0.026168622726361678,0.0006847968153946529,0.012675791768536589,0.04892821600557341,0.05348387694045654,-0.2465955834334056,3,0.25,ratio,0.05,0.04327064566969977,0.0404759827501275,0.125,11
fish,erm,True,0.0404759827501275,0.026168622726361678,0.0006847968153946529,0.012675791768536589,0.04892821600557341,0.05348387694045654,-0.2465955834334056,3,0.25,ratio,0.1,0.04327064566969977,0.0404759827501275,0.125,5
fish,erm,True,0.0404759827501275,0.026168622726361678,0.0006847968153946529,0.012675791768536589,0.04892821600557341,0.05348387694045654,-0.2465955834334056,3,0.25,ratio,0.2,0.04327064566969977,0.0404759827501275,0.125,3
fish,erm,True,0.0404759827501275,0.026168622726361678,0.0006847968153946529,0.012675791768536589,0.04892821600557341,0.05348387694045654,-0.2465955834334056,3,0.25,design,0.02,0.04327064566969977,0.0404759827501275,0.125,
fish,erm,True,0.0404759827501275,0.026168622726361678,0.0006847968153946529,0.012675791768536589,0.04892821600557341,0.05348387694045654,-0.2465955834334056,3,0.25,design,0.05,0.04327064566969977,0.0404759827501275,0.125,
fish,erm,True,0.0404759827501275,0.026168622726361678,0.0006847968153946529,0.012675791768536589,0.04892821600557341,0.05348387694045654,-0.2465955834334056,3,0.25,design,0.1,0.04327064566969977,0.0404759827501275,0.125,5
fish,erm,True,0.0404759827501275,0.026168622726361678,0.0006847968153946529,0.012675791768536589,0.04892821600557341,0.05348387694045654,-0.2465955834334056,3,0.25,design,0.2,0.04327064566969977,0.0404759827501275,0.125,3
fish,erm,True,0.0404759827501275,0.026168622726361678,0.0006847968153946529,0.012675791768536589,0.04892821600557341,0.05348387694045654,-0.2465955834334056,3,0.5,ratio,0.02,0.046737639073001526,0.0404759827501275,0.25,88
fish,erm,True,0.0404759827501275,0.026168622726361678,0.0006847968153946529,0.012675791768536589,0.04892821600557341,0.05348387694045654,-0.2465955834334056,3,0.5,ratio,0.05,0.046737639073001526,0.0404759827501275,0.25,16
fish,erm,True,0.0404759827501275,0.026168622726361678,0.0006847968153946529,0.012675791768536589,0.04892821600557341,0.05348387694045654,-0.2465955834334056,3,0.5,ratio,0.1,0.046737639073001526,0.0404759827501275,0.25,6
fish,erm,True,0.0404759827501275,0.026168622726361678,0.0006847968153946529,0.012675791768536589,0.04892821600557341,0.05348387694045654,-0.2465955834334056,3,0.5,ratio,0.2,0.046737639073001526,0.0404759827501275,0.25,4
fish,erm,True,0.0404759827501275,0.026168622726361678,0.0006847968153946529,0.012675791768536589,0.04892821600557341,0.05348387694045654,-0.2465955834334056,3,0.5,design,0.02,0.046737639073001526,0.0404759827501275,0.25,
fish,erm,True,0.0404759827501275,0.026168622726361678,0.0006847968153946529,0.012675791768536589,0.04892821600557341,0.05348387694045654,-0.2465955834334056,3,0.5,design,0.05,0.046737639073001526,0.0404759827501275,0.25,
fish,erm,True,0.0404759827501275,0.026168622726361678,0.0006847968153946529,0.012675791768536589,0.04892821600557341,0.05348387694045654,-0.2465955834334056,3,0.5,design,0.1,0.046737639073001526,0.0404759827501275,0.25,9
fish,erm,True,0.0404759827501275,0.026168622726361678,0.0006847968153946529,0.012675791768536589,0.04892821600557341,0.05348387694045654,-0.2465955834334056,3,0.5,design,0.2,0.046737639073001526,0.0404759827501275,0.25,3
fish,erm,True,0.0404759827501275,0.026168622726361678,0.0006847968153946529,0.012675791768536589,0.04892821600557341,0.05348387694045654,-0.2465955834334056,5,0.0,none,0.02,0.035452811368226256,0.035452811368226256,0.0,27
fish,erm,True,0.0404759827501275,0.026168622726361678,0.0006847968153946529,0.012675791768536589,0.04892821600557341,0.05348387694045654,-0.2465955834334056,5,0.0,none,0.05,0.035452811368226256,0.035452811368226256,0.0,7
fish,erm,True,0.0404759827501275,0.026168622726361678,0.0006847968153946529,0.012675791768536589,0.04892821600557341,0.05348387694045654,-0.2465955834334056,5,0.0,none,0.1,0.035452811368226256,0.035452811368226256,0.0,4
fish,erm,True,0.0404759827501275,0.026168622726361678,0.0006847968153946529,0.012675791768536589,0.04892821600557341,0.05348387694045654,-0.2465955834334056,5,0.0,none,0.2,0.035452811368226256,0.035452811368226256,0.0,3
fish,erm,True,0.0404759827501275,0.026168622726361678,0.0006847968153946529,0.012675791768536589,0.04892821600557341,0.05348387694045654,-0.2465955834334056,5,0.25,ratio,0.02,0.03790064958223627,0.035452811368226256,0.125,45
fish,erm,True,0.0404759827501275,0.026168622726361678,0.0006847968153946529,0.012675791768536589,0.04892821600557341,0.05348387694045654,-0.2465955834334056,5,0.25,ratio,0.05,0.03790064958223627,0.035452811368226256,0.125,9
fish,erm,True,0.0404759827501275,0.026168622726361678,0.0006847968153946529,0.012675791768536589,0.04892821600557341,0.05348387694045654,-0.2465955834334056,5,0.25,ratio,0.1,0.03790064958223627,0.035452811368226256,0.125,4
fish,erm,True,0.0404759827501275,0.026168622726361678,0.0006847968153946529,0.012675791768536589,0.04892821600557341,0.05348387694045654,-0.2465955834334056,5,0.25,ratio,0.2,0.03790064958223627,0.035452811368226256,0.125,3
fish,erm,True,0.0404759827501275,0.026168622726361678,0.0006847968153946529,0.012675791768536589,0.04892821600557341,0.05348387694045654,-0.2465955834334056,5,0.25,design,0.02,0.03790064958223627,0.035452811368226256,0.125,
fish,erm,True,0.0404759827501275,0.026168622726361678,0.0006847968153946529,0.012675791768536589,0.04892821600557341,0.05348387694045654,-0.2465955834334056,5,0.25,design,0.05,0.03790064958223627,0.035452811368226256,0.125,
fish,erm,True,0.0404759827501275,0.026168622726361678,0.0006847968153946529,0.012675791768536589,0.04892821600557341,0.05348387694045654,-0.2465955834334056,5,0.25,design,0.1,0.03790064958223627,0.035452811368226256,0.125,4
fish,erm,True,0.0404759827501275,0.026168622726361678,0.0006847968153946529,0.012675791768536589,0.04892821600557341,0.05348387694045654,-0.2465955834334056,5,0.25,design,0.2,0.03790064958223627,0.035452811368226256,0.125,3
fish,erm,True,0.0404759827501275,0.026168622726361678,0.0006847968153946529,0.012675791768536589,0.04892821600557341,0.05348387694045654,-0.2465955834334056,5,0.5,ratio,0.02,0.04093738037394891,0.035452811368226256,0.25,68
fish,erm,True,0.0404759827501275,0.026168622726361678,0.0006847968153946529,0.012675791768536589,0.04892821600557341,0.05348387694045654,-0.2465955834334056,5,0.5,ratio,0.05,0.04093738037394891,0.035452811368226256,0.25,13
fish,erm,True,0.0404759827501275,0.026168622726361678,0.0006847968153946529,0.012675791768536589,0.04892821600557341,0.05348387694045654,-0.2465955834334056,5,0.5,ratio,0.1,0.04093738037394891,0.035452811368226256,0.25,5
fish,erm,True,0.0404759827501275,0.026168622726361678,0.0006847968153946529,0.012675791768536589,0.04892821600557341,0.05348387694045654,-0.2465955834334056,5,0.5,ratio,0.2,0.04093738037394891,0.035452811368226256,0.25,3
fish,erm,True,0.0404759827501275,0.026168622726361678,0.0006847968153946529,0.012675791768536589,0.04892821600557341,0.05348387694045654,-0.2465955834334056,5,0.5,design,0.02,0.04093738037394891,0.035452811368226256,0.25,
fish,erm,True,0.0404759827501275,0.026168622726361678,0.0006847968153946529,0.012675791768536589,0.04892821600557341,0.05348387694045654,-0.2465955834334056,5,0.5,design,0.05,0.04093738037394891,0.035452811368226256,0.25,
fish,erm,True,0.0404759827501275,0.026168622726361678,0.0006847968153946529,0.012675791768536589,0.04892821600557341,0.05348387694045654,-0.2465955834334056,5,0.5,design,0.1,0.04093738037394891,0.035452811368226256,0.25,5
fish,erm,True,0.0404759827501275,0.026168622726361678,0.0006847968153946529,0.012675791768536589,0.04892821600557341,0.05348387694045654,-0.2465955834334056,5,0.5,design,0.2,0.04093738037394891,0.035452811368226256,0.25,3
fish,erm,True,0.0404759827501275,0.026168622726361678,0.0006847968153946529,0.012675791768536589,0.04892821600557341,0.05348387694045654,-0.2465955834334056,10,0.0,none,0.02,0.031158455106966437,0.031158455106966437,0.0,22
fish,erm,True,0.0404759827501275,0.026168622726361678,0.0006847968153946529,0.012675791768536589,0.04892821600557341,0.05348387694045654,-0.2465955834334056,10,0.0,none,0.05,0.031158455106966437,0.031158455106966437,0.0,6
fish,erm,True,0.0404759827501275,0.026168622726361678,0.0006847968153946529,0.012675791768536589,0.04892821600557341,0.05348387694045654,-0.2465955834334056,10,0.0,none,0.1,0.031158455106966437,0.031158455106966437,0.0,4
fish,erm,True,0.0404759827501275,0.026168622726361678,0.0006847968153946529,0.012675791768536589,0.04892821600557341,0.05348387694045654,-0.2465955834334056,10,0.0,none,0.2,0.031158455106966437,0.031158455106966437,0.0,3
fish,erm,True,0.0404759827501275,0.026168622726361678,0.0006847968153946529,0.012675791768536589,0.04892821600557341,0.05348387694045654,-0.2465955834334056,10,0.25,ratio,0.02,0.03330978963184149,0.031158455106966437,0.125,35
fish,erm,True,0.0404759827501275,0.026168622726361678,0.0006847968153946529,0.012675791768536589,0.04892821600557341,0.05348387694045654,-0.2465955834334056,10,0.25,ratio,0.05,0.03330978963184149,0.031158455106966437,0.125,8
fish,erm,True,0.0404759827501275,0.026168622726361678,0.0006847968153946529,0.012675791768536589,0.04892821600557341,0.05348387694045654,-0.2465955834334056,10,0.25,ratio,0.1,0.03330978963184149,0.031158455106966437,0.125,4
fish,erm,True,0.0404759827501275,0.026168622726361678,0.0006847968153946529,0.012675791768536589,0.04892821600557341,0.05348387694045654,-0.2465955834334056,10,0.25,ratio,0.2,0.03330978963184149,0.031158455106966437,0.125,3
fish,erm,True,0.0404759827501275,0.026168622726361678,0.0006847968153946529,0.012675791768536589,0.04892821600557341,0.05348387694045654,-0.2465955834334056,10,0.25,design,0.02,0.03330978963184149,0.031158455106966437,0.125,
fish,erm,True,0.0404759827501275,0.026168622726361678,0.0006847968153946529,0.012675791768536589,0.04892821600557341,0.05348387694045654,-0.2465955834334056,10,0.25,design,0.05,0.03330978963184149,0.031158455106966437,0.125,23
fish,erm,True,0.0404759827501275,0.026168622726361678,0.0006847968153946529,0.012675791768536589,0.04892821600557341,0.05348387694045654,-0.2465955834334056,10,0.25,design,0.1,0.03330978963184149,0.031158455106966437,0.125,4
fish,erm,True,0.0404759827501275,0.026168622726361678,0.0006847968153946529,0.012675791768536589,0.04892821600557341,0.05348387694045654,-0.2465955834334056,10,0.25,design,0.2,0.03330978963184149,0.031158455106966437,0.125,3
fish,erm,True,0.0404759827501275,0.026168622726361678,0.0006847968153946529,0.012675791768536589,0.04892821600557341,0.05348387694045654,-0.2465955834334056,10,0.5,ratio,0.02,0.035978684887079886,0.031158455106966437,0.25,53
fish,erm,True,0.0404759827501275,0.026168622726361678,0.0006847968153946529,0.012675791768536589,0.04892821600557341,0.05348387694045654,-0.2465955834334056,10,0.5,ratio,0.05,0.035978684887079886,0.031158455106966437,0.25,11
fish,erm,True,0.0404759827501275,0.026168622726361678,0.0006847968153946529,0.012675791768536589,0.04892821600557341,0.05348387694045654,-0.2465955834334056,10,0.5,ratio,0.1,0.035978684887079886,0.031158455106966437,0.25,5
fish,erm,True,0.0404759827501275,0.026168622726361678,0.0006847968153946529,0.012675791768536589,0.04892821600557341,0.05348387694045654,-0.2465955834334056,10,0.5,ratio,0.2,0.035978684887079886,0.031158455106966437,0.25,3
fish,erm,True,0.0404759827501275,0.026168622726361678,0.0006847968153946529,0.012675791768536589,0.04892821600557341,0.05348387694045654,-0.2465955834334056,10,0.5,design,0.02,0.035978684887079886,0.031158455106966437,0.25,
fish,erm,True,0.0404759827501275,0.026168622726361678,0.0006847968153946529,0.012675791768536589,0.04892821600557341,0.05348387694045654,-0.2465955834334056,10,0.5,design,0.05,0.035978684887079886,0.031158455106966437,0.25,
fish,erm,True,0.0404759827501275,0.026168622726361678,0.0006847968153946529,0.012675791768536589,0.04892821600557341,0.05348387694045654,-0.2465955834334056,10,0.5,design,0.1,0.035978684887079886,0.031158455106966437,0.25,4
fish,erm,True,0.0404759827501275,0.026168622726361678,0.0006847968153946529,0.012675791768536589,0.04892821600557341,0.05348387694045654,-0.2465955834334056,10,0.5,design,0.2,0.035978684887079886,0.031158455106966437,0.25,3
groupdro,erm,True,0.0037858439190636578,0.0,-0.002512414679417292,0.04163665034509575,0.04892821600557341,0.08706458453809109,-0.8474006005131935,1,0.0,none,0.02,0.08706458453809109,0.08706458453809109,0.0,151
groupdro,erm,True,0.0037858439190636578,0.0,-0.002512414679417292,0.04163665034509575,0.04892821600557341,0.08706458453809109,-0.8474006005131935,1,0.0,none,0.05,0.08706458453809109,0.08706458453809109,0.0,26
groupdro,erm,True,0.0037858439190636578,0.0,-0.002512414679417292,0.04163665034509575,0.04892821600557341,0.08706458453809109,-0.8474006005131935,1,0.0,none,0.1,0.08706458453809109,0.08706458453809109,0.0,9
groupdro,erm,True,0.0037858439190636578,0.0,-0.002512414679417292,0.04163665034509575,0.04892821600557341,0.08706458453809109,-0.8474006005131935,1,0.0,none,0.2,0.08706458453809109,0.08706458453809109,0.0,4
groupdro,erm,True,0.0037858439190636578,0.0,-0.002512414679417292,0.04163665034509575,0.04892821600557341,0.08706458453809109,-0.8474006005131935,1,0.25,ratio,0.02,0.09307595596095794,0.08706458453809109,0.125,257
groupdro,erm,True,0.0037858439190636578,0.0,-0.002512414679417292,0.04163665034509575,0.04892821600557341,0.08706458453809109,-0.8474006005131935,1,0.25,ratio,0.05,0.09307595596095794,0.08706458453809109,0.125,43
groupdro,erm,True,0.0037858439190636578,0.0,-0.002512414679417292,0.04163665034509575,0.04892821600557341,0.08706458453809109,-0.8474006005131935,1,0.25,ratio,0.1,0.09307595596095794,0.08706458453809109,0.125,13
groupdro,erm,True,0.0037858439190636578,0.0,-0.002512414679417292,0.04163665034509575,0.04892821600557341,0.08706458453809109,-0.8474006005131935,1,0.25,ratio,0.2,0.09307595596095794,0.08706458453809109,0.125,5
groupdro,erm,True,0.0037858439190636578,0.0,-0.002512414679417292,0.04163665034509575,0.04892821600557341,0.08706458453809109,-0.8474006005131935,1,0.25,design,0.02,0.09307595596095794,0.08706458453809109,0.125,
groupdro,erm,True,0.0037858439190636578,0.0,-0.002512414679417292,0.04163665034509575,0.04892821600557341,0.08706458453809109,-0.8474006005131935,1,0.25,design,0.05,0.09307595596095794,0.08706458453809109,0.125,
groupdro,erm,True,0.0037858439190636578,0.0,-0.002512414679417292,0.04163665034509575,0.04892821600557341,0.08706458453809109,-0.8474006005131935,1,0.25,design,0.1,0.09307595596095794,0.08706458453809109,0.125,
groupdro,erm,True,0.0037858439190636578,0.0,-0.002512414679417292,0.04163665034509575,0.04892821600557341,0.08706458453809109,-0.8474006005131935,1,0.25,design,0.2,0.09307595596095794,0.08706458453809109,0.125,5
groupdro,erm,True,0.0037858439190636578,0.0,-0.002512414679417292,0.04163665034509575,0.04892821600557341,0.08706458453809109,-0.8474006005131935,1,0.5,ratio,0.02,0.10053352263989965,0.08706458453809109,0.25,399
groupdro,erm,True,0.0037858439190636578,0.0,-0.002512414679417292,0.04163665034509575,0.04892821600557341,0.08706458453809109,-0.8474006005131935,1,0.5,ratio,0.05,0.10053352263989965,0.08706458453809109,0.25,66
groupdro,erm,True,0.0037858439190636578,0.0,-0.002512414679417292,0.04163665034509575,0.04892821600557341,0.08706458453809109,-0.8474006005131935,1,0.5,ratio,0.1,0.10053352263989965,0.08706458453809109,0.25,18
groupdro,erm,True,0.0037858439190636578,0.0,-0.002512414679417292,0.04163665034509575,0.04892821600557341,0.08706458453809109,-0.8474006005131935,1,0.5,ratio,0.2,0.10053352263989965,0.08706458453809109,0.25,7
groupdro,erm,True,0.0037858439190636578,0.0,-0.002512414679417292,0.04163665034509575,0.04892821600557341,0.08706458453809109,-0.8474006005131935,1,0.5,design,0.02,0.10053352263989965,0.08706458453809109,0.25,
groupdro,erm,True,0.0037858439190636578,0.0,-0.002512414679417292,0.04163665034509575,0.04892821600557341,0.08706458453809109,-0.8474006005131935,1,0.5,design,0.05,0.10053352263989965,0.08706458453809109,0.25,
groupdro,erm,True,0.0037858439190636578,0.0,-0.002512414679417292,0.04163665034509575,0.04892821600557341,0.08706458453809109,-0.8474006005131935,1,0.5,design,0.1,0.10053352263989965,0.08706458453809109,0.25,
groupdro,erm,True,0.0037858439190636578,0.0,-0.002512414679417292,0.04163665034509575,0.04892821600557341,0.08706458453809109,-0.8474006005131935,1,0.5,design,0.2,0.10053352263989965,0.08706458453809109,0.25,113
groupdro,erm,True,0.0037858439190636578,0.0,-0.002512414679417292,0.04163665034509575,0.04892821600557341,0.08706458453809109,-0.8474006005131935,3,0.0,none,0.02,0.05026676131994982,0.05026676131994982,0.0,52
groupdro,erm,True,0.0037858439190636578,0.0,-0.002512414679417292,0.04163665034509575,0.04892821600557341,0.08706458453809109,-0.8474006005131935,3,0.0,none,0.05,0.05026676131994982,0.05026676131994982,0.0,11
groupdro,erm,True,0.0037858439190636578,0.0,-0.002512414679417292,0.04163665034509575,0.04892821600557341,0.08706458453809109,-0.8474006005131935,3,0.0,none,0.1,0.05026676131994982,0.05026676131994982,0.0,5
groupdro,erm,True,0.0037858439190636578,0.0,-0.002512414679417292,0.04163665034509575,0.04892821600557341,0.08706458453809109,-0.8474006005131935,3,0.0,none,0.2,0.05026676131994982,0.05026676131994982,0.0,3
groupdro,erm,True,0.0037858439190636578,0.0,-0.002512414679417292,0.04163665034509575,0.04892821600557341,0.08706458453809109,-0.8474006005131935,3,0.25,ratio,0.02,0.05373742822914082,0.05026676131994982,0.125,87
groupdro,erm,True,0.0037858439190636578,0.0,-0.002512414679417292,0.04163665034509575,0.04892821600557341,0.08706458453809109,-0.8474006005131935,3,0.25,ratio,0.05,0.05373742822914082,0.05026676131994982,0.125,16
groupdro,erm,True,0.0037858439190636578,0.0,-0.002512414679417292,0.04163665034509575,0.04892821600557341,0.08706458453809109,-0.8474006005131935,3,0.25,ratio,0.1,0.05373742822914082,0.05026676131994982,0.125,6
groupdro,erm,True,0.0037858439190636578,0.0,-0.002512414679417292,0.04163665034509575,0.04892821600557341,0.08706458453809109,-0.8474006005131935,3,0.25,ratio,0.2,0.05373742822914082,0.05026676131994982,0.125,4
groupdro,erm,True,0.0037858439190636578,0.0,-0.002512414679417292,0.04163665034509575,0.04892821600557341,0.08706458453809109,-0.8474006005131935,3,0.25,design,0.02,0.05373742822914082,0.05026676131994982,0.125,
groupdro,erm,True,0.0037858439190636578,0.0,-0.002512414679417292,0.04163665034509575,0.04892821600557341,0.08706458453809109,-0.8474006005131935,3,0.25,design,0.05,0.05373742822914082,0.05026676131994982,0.125,
groupdro,erm,True,0.0037858439190636578,0.0,-0.002512414679417292,0.04163665034509575,0.04892821600557341,0.08706458453809109,-0.8474006005131935,3,0.25,design,0.1,0.05373742822914082,0.05026676131994982,0.125,7
groupdro,erm,True,0.0037858439190636578,0.0,-0.002512414679417292,0.04163665034509575,0.04892821600557341,0.08706458453809109,-0.8474006005131935,3,0.25,design,0.2,0.05373742822914082,0.05026676131994982,0.125,3
groupdro,erm,True,0.0037858439190636578,0.0,-0.002512414679417292,0.04163665034509575,0.04892821600557341,0.08706458453809109,-0.8474006005131935,3,0.5,ratio,0.02,0.05804305635872739,0.05026676131994982,0.25,135
groupdro,erm,True,0.0037858439190636578,0.0,-0.002512414679417292,0.04163665034509575,0.04892821600557341,0.08706458453809109,-0.8474006005131935,3,0.5,ratio,0.05,0.05804305635872739,0.05026676131994982,0.25,24
groupdro,erm,True,0.0037858439190636578,0.0,-0.002512414679417292,0.04163665034509575,0.04892821600557341,0.08706458453809109,-0.8474006005131935,3,0.5,ratio,0.1,0.05804305635872739,0.05026676131994982,0.25,8
groupdro,erm,True,0.0037858439190636578,0.0,-0.002512414679417292,0.04163665034509575,0.04892821600557341,0.08706458453809109,-0.8474006005131935,3,0.5,ratio,0.2,0.05804305635872739,0.05026676131994982,0.25,4
groupdro,erm,True,0.0037858439190636578,0.0,-0.002512414679417292,0.04163665034509575,0.04892821600557341,0.08706458453809109,-0.8474006005131935,3,0.5,design,0.02,0.05804305635872739,0.05026676131994982,0.25,
groupdro,erm,True,0.0037858439190636578,0.0,-0.002512414679417292,0.04163665034509575,0.04892821600557341,0.08706458453809109,-0.8474006005131935,3,0.5,design,0.05,0.05804305635872739,0.05026676131994982,0.25,
groupdro,erm,True,0.0037858439190636578,0.0,-0.002512414679417292,0.04163665034509575,0.04892821600557341,0.08706458453809109,-0.8474006005131935,3,0.5,design,0.1,0.05804305635872739,0.05026676131994982,0.25,
groupdro,erm,True,0.0037858439190636578,0.0,-0.002512414679417292,0.04163665034509575,0.04892821600557341,0.08706458453809109,-0.8474006005131935,3,0.5,design,0.2,0.05804305635872739,0.05026676131994982,0.25,3
groupdro,erm,True,0.0037858439190636578,0.0,-0.002512414679417292,0.04163665034509575,0.04892821600557341,0.08706458453809109,-0.8474006005131935,5,0.0,none,0.02,0.03893646589198976,0.03893646589198976,0.0,32
groupdro,erm,True,0.0037858439190636578,0.0,-0.002512414679417292,0.04163665034509575,0.04892821600557341,0.08706458453809109,-0.8474006005131935,5,0.0,none,0.05,0.03893646589198976,0.03893646589198976,0.0,7
groupdro,erm,True,0.0037858439190636578,0.0,-0.002512414679417292,0.04163665034509575,0.04892821600557341,0.08706458453809109,-0.8474006005131935,5,0.0,none,0.1,0.03893646589198976,0.03893646589198976,0.0,4
groupdro,erm,True,0.0037858439190636578,0.0,-0.002512414679417292,0.04163665034509575,0.04892821600557341,0.08706458453809109,-0.8474006005131935,5,0.0,none,0.2,0.03893646589198976,0.03893646589198976,0.0,3
groupdro,erm,True,0.0037858439190636578,0.0,-0.002512414679417292,0.04163665034509575,0.04892821600557341,0.08706458453809109,-0.8474006005131935,5,0.25,ratio,0.02,0.04162483291989575,0.03893646589198976,0.125,53
groupdro,erm,True,0.0037858439190636578,0.0,-0.002512414679417292,0.04163665034509575,0.04892821600557341,0.08706458453809109,-0.8474006005131935,5,0.25,ratio,0.05,0.04162483291989575,0.03893646589198976,0.125,11
groupdro,erm,True,0.0037858439190636578,0.0,-0.002512414679417292,0.04163665034509575,0.04892821600557341,0.08706458453809109,-0.8474006005131935,5,0.25,ratio,0.1,0.04162483291989575,0.03893646589198976,0.125,5
groupdro,erm,True,0.0037858439190636578,0.0,-0.002512414679417292,0.04163665034509575,0.04892821600557341,0.08706458453809109,-0.8474006005131935,5,0.25,ratio,0.2,0.04162483291989575,0.03893646589198976,0.125,3
groupdro,erm,True,0.0037858439190636578,0.0,-0.002512414679417292,0.04163665034509575,0.04892821600557341,0.08706458453809109,-0.8474006005131935,5,0.25,design,0.02,0.04162483291989575,0.03893646589198976,0.125,
groupdro,erm,True,0.0037858439190636578,0.0,-0.002512414679417292,0.04163665034509575,0.04892821600557341,0.08706458453809109,-0.8474006005131935,5,0.25,design,0.05,0.04162483291989575,0.03893646589198976,0.125,
groupdro,erm,True,0.0037858439190636578,0.0,-0.002512414679417292,0.04163665034509575,0.04892821600557341,0.08706458453809109,-0.8474006005131935,5,0.25,design,0.1,0.04162483291989575,0.03893646589198976,0.125,4
groupdro,erm,True,0.0037858439190636578,0.0,-0.002512414679417292,0.04163665034509575,0.04892821600557341,0.08706458453809109,-0.8474006005131935,5,0.25,design,0.2,0.04162483291989575,0.03893646589198976,0.125,3
groupdro,erm,True,0.0037858439190636578,0.0,-0.002512414679417292,0.04163665034509575,0.04892821600557341,0.08706458453809109,-0.8474006005131935,5,0.5,ratio,0.02,0.04495995812806595,0.03893646589198976,0.25,82
groupdro,erm,True,0.0037858439190636578,0.0,-0.002512414679417292,0.04163665034509575,0.04892821600557341,0.08706458453809109,-0.8474006005131935,5,0.5,ratio,0.05,0.04495995812806595,0.03893646589198976,0.25,15
groupdro,erm,True,0.0037858439190636578,0.0,-0.002512414679417292,0.04163665034509575,0.04892821600557341,0.08706458453809109,-0.8474006005131935,5,0.5,ratio,0.1,0.04495995812806595,0.03893646589198976,0.25,6
groupdro,erm,True,0.0037858439190636578,0.0,-0.002512414679417292,0.04163665034509575,0.04892821600557341,0.08706458453809109,-0.8474006005131935,5,0.5,ratio,0.2,0.04495995812806595,0.03893646589198976,0.25,4
groupdro,erm,True,0.0037858439190636578,0.0,-0.002512414679417292,0.04163665034509575,0.04892821600557341,0.08706458453809109,-0.8474006005131935,5,0.5,design,0.02,0.04495995812806595,0.03893646589198976,0.25,
groupdro,erm,True,0.0037858439190636578,0.0,-0.002512414679417292,0.04163665034509575,0.04892821600557341,0.08706458453809109,-0.8474006005131935,5,0.5,design,0.05,0.04495995812806595,0.03893646589198976,0.25,
groupdro,erm,True,0.0037858439190636578,0.0,-0.002512414679417292,0.04163665034509575,0.04892821600557341,0.08706458453809109,-0.8474006005131935,5,0.5,design,0.1,0.04495995812806595,0.03893646589198976,0.25,7
groupdro,erm,True,0.0037858439190636578,0.0,-0.002512414679417292,0.04163665034509575,0.04892821600557341,0.08706458453809109,-0.8474006005131935,5,0.5,design,0.2,0.04495995812806595,0.03893646589198976,0.25,3
groupdro,erm,True,0.0037858439190636578,0.0,-0.002512414679417292,0.04163665034509575,0.04892821600557341,0.08706458453809109,-0.8474006005131935,10,0.0,none,0.02,0.027532239067664676,0.027532239067664676,0.0,17
groupdro,erm,True,0.0037858439190636578,0.0,-0.002512414679417292,0.04163665034509575,0.04892821600557341,0.08706458453809109,-0.8474006005131935,10,0.0,none,0.05,0.027532239067664676,0.027532239067664676,0.0,5
groupdro,erm,True,0.0037858439190636578,0.0,-0.002512414679417292,0.04163665034509575,0.04892821600557341,0.08706458453809109,-0.8474006005131935,10,0.0,none,0.1,0.027532239067664676,0.027532239067664676,0.0,3
groupdro,erm,True,0.0037858439190636578,0.0,-0.002512414679417292,0.04163665034509575,0.04892821600557341,0.08706458453809109,-0.8474006005131935,10,0.0,none,0.2,0.027532239067664676,0.027532239067664676,0.0,3
groupdro,erm,True,0.0037858439190636578,0.0,-0.002512414679417292,0.04163665034509575,0.04892821600557341,0.08706458453809109,-0.8474006005131935,10,0.25,ratio,0.02,0.029433201623415322,0.027532239067664676,0.125,28
groupdro,erm,True,0.0037858439190636578,0.0,-0.002512414679417292,0.04163665034509575,0.04892821600557341,0.08706458453809109,-0.8474006005131935,10,0.25,ratio,0.05,0.029433201623415322,0.027532239067664676,0.125,7
groupdro,erm,True,0.0037858439190636578,0.0,-0.002512414679417292,0.04163665034509575,0.04892821600557341,0.08706458453809109,-0.8474006005131935,10,0.25,ratio,0.1,0.029433201623415322,0.027532239067664676,0.125,4
groupdro,erm,True,0.0037858439190636578,0.0,-0.002512414679417292,0.04163665034509575,0.04892821600557341,0.08706458453809109,-0.8474006005131935,10,0.25,ratio,0.2,0.029433201623415322,0.027532239067664676,0.125,3
groupdro,erm,True,0.0037858439190636578,0.0,-0.002512414679417292,0.04163665034509575,0.04892821600557341,0.08706458453809109,-0.8474006005131935,10,0.25,design,0.02,0.029433201623415322,0.027532239067664676,0.125,
groupdro,erm,True,0.0037858439190636578,0.0,-0.002512414679417292,0.04163665034509575,0.04892821600557341,0.08706458453809109,-0.8474006005131935,10,0.25,design,0.05,0.029433201623415322,0.027532239067664676,0.125,9
groupdro,erm,True,0.0037858439190636578,0.0,-0.002512414679417292,0.04163665034509575,0.04892821600557341,0.08706458453809109,-0.8474006005131935,10,0.25,design,0.1,0.029433201623415322,0.027532239067664676,0.125,3
groupdro,erm,True,0.0037858439190636578,0.0,-0.002512414679417292,0.04163665034509575,0.04892821600557341,0.08706458453809109,-0.8474006005131935,10,0.25,design,0.2,0.029433201623415322,0.027532239067664676,0.125,3
groupdro,erm,True,0.0037858439190636578,0.0,-0.002512414679417292,0.04163665034509575,0.04892821600557341,0.08706458453809109,-0.8474006005131935,10,0.5,ratio,0.02,0.03179149127421867,0.027532239067664676,0.25,42
groupdro,erm,True,0.0037858439190636578,0.0,-0.002512414679417292,0.04163665034509575,0.04892821600557341,0.08706458453809109,-0.8474006005131935,10,0.5,ratio,0.05,0.03179149127421867,0.027532239067664676,0.25,9
groupdro,erm,True,0.0037858439190636578,0.0,-0.002512414679417292,0.04163665034509575,0.04892821600557341,0.08706458453809109,-0.8474006005131935,10,0.5,ratio,0.1,0.03179149127421867,0.027532239067664676,0.25,4
groupdro,erm,True,0.0037858439190636578,0.0,-0.002512414679417292,0.04163665034509575,0.04892821600557341,0.08706458453809109,-0.8474006005131935,10,0.5,ratio,0.2,0.03179149127421867,0.027532239067664676,0.25,3
groupdro,erm,True,0.0037858439190636578,0.0,-0.002512414679417292,0.04163665034509575,0.04892821600557341,0.08706458453809109,-0.8474006005131935,10,0.5,design,0.02,0.03179149127421867,0.027532239067664676,0.25,
groupdro,erm,True,0.0037858439190636578,0.0,-0.002512414679417292,0.04163665034509575,0.04892821600557341,0.08706458453809109,-0.8474006005131935,10,0.5,design,0.05,0.03179149127421867,0.027532239067664676,0.25,
groupdro,erm,True,0.0037858439190636578,0.0,-0.002512414679417292,0.04163665034509575,0.04892821600557341,0.08706458453809109,-0.8474006005131935,10,0.5,design,0.1,0.03179149127421867,0.027532239067664676,0.25,4
groupdro,erm,True,0.0037858439190636578,0.0,-0.002512414679417292,0.04163665034509575,0.04892821600557341,0.08706458453809109,-0.8474006005131935,10,0.5,design,0.2,0.03179149127421867,0.027532239067664676,0.25,3
he_jitter,erm,True,0.05677676161334919,0.048538783836545446,0.002356013536330885,0.004464123537190218,0.04892821600557341,0.05101726540010344,-0.4323350983904597,1,0.0,none,0.02,0.07041856932113487,0.07041856932113487,0.0,100
he_jitter,erm,True,0.05677676161334919,0.048538783836545446,0.002356013536330885,0.004464123537190218,0.04892821600557341,0.05101726540010344,-0.4323350983904597,1,0.0,none,0.05,0.07041856932113487,0.07041856932113487,0.0,18
he_jitter,erm,True,0.05677676161334919,0.048538783836545446,0.002356013536330885,0.004464123537190218,0.04892821600557341,0.05101726540010344,-0.4323350983904597,1,0.0,none,0.1,0.07041856932113487,0.07041856932113487,0.0,7
he_jitter,erm,True,0.05677676161334919,0.048538783836545446,0.002356013536330885,0.004464123537190218,0.04892821600557341,0.05101726540010344,-0.4323350983904597,1,0.0,none,0.2,0.07041856932113487,0.07041856932113487,0.0,4
he_jitter,erm,True,0.05677676161334919,0.048538783836545446,0.002356013536330885,0.004464123537190218,0.04892821600557341,0.05101726540010344,-0.4323350983904597,1,0.25,ratio,0.02,0.07528061716185061,0.07041856932113487,0.125,169
he_jitter,erm,True,0.05677676161334919,0.048538783836545446,0.002356013536330885,0.004464123537190218,0.04892821600557341,0.05101726540010344,-0.4323350983904597,1,0.25,ratio,0.05,0.07528061716185061,0.07041856932113487,0.125,29
he_jitter,erm,True,0.05677676161334919,0.048538783836545446,0.002356013536330885,0.004464123537190218,0.04892821600557341,0.05101726540010344,-0.4323350983904597,1,0.25,ratio,0.1,0.07528061716185061,0.07041856932113487,0.125,9
he_jitter,erm,True,0.05677676161334919,0.048538783836545446,0.002356013536330885,0.004464123537190218,0.04892821600557341,0.05101726540010344,-0.4323350983904597,1,0.25,ratio,0.2,0.07528061716185061,0.07041856932113487,0.125,4
he_jitter,erm,True,0.05677676161334919,0.048538783836545446,0.002356013536330885,0.004464123537190218,0.04892821600557341,0.05101726540010344,-0.4323350983904597,1,0.25,design,0.02,0.07528061716185061,0.07041856932113487,0.125,
he_jitter,erm,True,0.05677676161334919,0.048538783836545446,0.002356013536330885,0.004464123537190218,0.04892821600557341,0.05101726540010344,-0.4323350983904597,1,0.25,design,0.05,0.07528061716185061,0.07041856932113487,0.125,
he_jitter,erm,True,0.05677676161334919,0.048538783836545446,0.002356013536330885,0.004464123537190218,0.04892821600557341,0.05101726540010344,-0.4323350983904597,1,0.25,design,0.1,0.07528061716185061,0.07041856932113487,0.125,
he_jitter,erm,True,0.05677676161334919,0.048538783836545446,0.002356013536330885,0.004464123537190218,0.04892821600557341,0.05101726540010344,-0.4323350983904597,1,0.25,design,0.2,0.07528061716185061,0.07041856932113487,0.125,4
he_jitter,erm,True,0.05677676161334919,0.048538783836545446,0.002356013536330885,0.004464123537190218,0.04892821600557341,0.05101726540010344,-0.4323350983904597,1,0.5,ratio,0.02,0.08131235990701108,0.07041856932113487,0.25,262
he_jitter,erm,True,0.05677676161334919,0.048538783836545446,0.002356013536330885,0.004464123537190218,0.04892821600557341,0.05101726540010344,-0.4323350983904597,1,0.5,ratio,0.05,0.08131235990701108,0.07041856932113487,0.25,44
he_jitter,erm,True,0.05677676161334919,0.048538783836545446,0.002356013536330885,0.004464123537190218,0.04892821600557341,0.05101726540010344,-0.4323350983904597,1,0.5,ratio,0.1,0.08131235990701108,0.07041856932113487,0.25,13
he_jitter,erm,True,0.05677676161334919,0.048538783836545446,0.002356013536330885,0.004464123537190218,0.04892821600557341,0.05101726540010344,-0.4323350983904597,1,0.5,ratio,0.2,0.08131235990701108,0.07041856932113487,0.25,5
he_jitter,erm,True,0.05677676161334919,0.048538783836545446,0.002356013536330885,0.004464123537190218,0.04892821600557341,0.05101726540010344,-0.4323350983904597,1,0.5,design,0.02,0.08131235990701108,0.07041856932113487,0.25,
he_jitter,erm,True,0.05677676161334919,0.048538783836545446,0.002356013536330885,0.004464123537190218,0.04892821600557341,0.05101726540010344,-0.4323350983904597,1,0.5,design,0.05,0.08131235990701108,0.07041856932113487,0.25,
he_jitter,erm,True,0.05677676161334919,0.048538783836545446,0.002356013536330885,0.004464123537190218,0.04892821600557341,0.05101726540010344,-0.4323350983904597,1,0.5,design,0.1,0.08131235990701108,0.07041856932113487,0.25,
he_jitter,erm,True,0.05677676161334919,0.048538783836545446,0.002356013536330885,0.004464123537190218,0.04892821600557341,0.05101726540010344,-0.4323350983904597,1,0.5,design,0.2,0.08131235990701108,0.07041856932113487,0.25,5
he_jitter,erm,True,0.05677676161334919,0.048538783836545446,0.002356013536330885,0.004464123537190218,0.04892821600557341,0.05101726540010344,-0.4323350983904597,3,0.0,none,0.02,0.05677676161334919,0.05677676161334919,0.0,66
he_jitter,erm,True,0.05677676161334919,0.048538783836545446,0.002356013536330885,0.004464123537190218,0.04892821600557341,0.05101726540010344,-0.4323350983904597,3,0.0,none,0.05,0.05677676161334919,0.05677676161334919,0.0,13
he_jitter,erm,True,0.05677676161334919,0.048538783836545446,0.002356013536330885,0.004464123537190218,0.04892821600557341,0.05101726540010344,-0.4323350983904597,3,0.0,none,0.1,0.05677676161334919,0.05677676161334919,0.0,5
he_jitter,erm,True,0.05677676161334919,0.048538783836545446,0.002356013536330885,0.004464123537190218,0.04892821600557341,0.05101726540010344,-0.4323350983904597,3,0.0,none,0.2,0.05677676161334919,0.05677676161334919,0.0,3
he_jitter,erm,True,0.05677676161334919,0.048538783836545446,0.002356013536330885,0.004464123537190218,0.04892821600557341,0.05101726540010344,-0.4323350983904597,3,0.25,ratio,0.02,0.06069691128219748,0.05677676161334919,0.125,111
he_jitter,erm,True,0.05677676161334919,0.048538783836545446,0.002356013536330885,0.004464123537190218,0.04892821600557341,0.05101726540010344,-0.4323350983904597,3,0.25,ratio,0.05,0.06069691128219748,0.05677676161334919,0.125,20
he_jitter,erm,True,0.05677676161334919,0.048538783836545446,0.002356013536330885,0.004464123537190218,0.04892821600557341,0.05101726540010344,-0.4323350983904597,3,0.25,ratio,0.1,0.06069691128219748,0.05677676161334919,0.125,7
he_jitter,erm,True,0.05677676161334919,0.048538783836545446,0.002356013536330885,0.004464123537190218,0.04892821600557341,0.05101726540010344,-0.4323350983904597,3,0.25,ratio,0.2,0.06069691128219748,0.05677676161334919,0.125,4
he_jitter,erm,True,0.05677676161334919,0.048538783836545446,0.002356013536330885,0.004464123537190218,0.04892821600557341,0.05101726540010344,-0.4323350983904597,3,0.25,design,0.02,0.06069691128219748,0.05677676161334919,0.125,
he_jitter,erm,True,0.05677676161334919,0.048538783836545446,0.002356013536330885,0.004464123537190218,0.04892821600557341,0.05101726540010344,-0.4323350983904597,3,0.25,design,0.05,0.06069691128219748,0.05677676161334919,0.125,
he_jitter,erm,True,0.05677676161334919,0.048538783836545446,0.002356013536330885,0.004464123537190218,0.04892821600557341,0.05101726540010344,-0.4323350983904597,3,0.25,design,0.1,0.06069691128219748,0.05677676161334919,0.125,11
he_jitter,erm,True,0.05677676161334919,0.048538783836545446,0.002356013536330885,0.004464123537190218,0.04892821600557341,0.05101726540010344,-0.4323350983904597,3,0.25,design,0.2,0.06069691128219748,0.05677676161334919,0.125,3
he_jitter,erm,True,0.05677676161334919,0.048538783836545446,0.002356013536330885,0.004464123537190218,0.04892821600557341,0.05101726540010344,-0.4323350983904597,3,0.5,ratio,0.02,0.06556015720236474,0.05677676161334919,0.25,171
he_jitter,erm,True,0.05677676161334919,0.048538783836545446,0.002356013536330885,0.004464123537190218,0.04892821600557341,0.05101726540010344,-0.4323350983904597,3,0.5,ratio,0.05,0.06556015720236474,0.05677676161334919,0.25,29
he_jitter,erm,True,0.05677676161334919,0.048538783836545446,0.002356013536330885,0.004464123537190218,0.04892821600557341,0.05101726540010344,-0.4323350983904597,3,0.5,ratio,0.1,0.06556015720236474,0.05677676161334919,0.25,9
he_jitter,erm,True,0.05677676161334919,0.048538783836545446,0.002356013536330885,0.004464123537190218,0.04892821600557341,0.05101726540010344,-0.4323350983904597,3,0.5,ratio,0.2,0.06556015720236474,0.05677676161334919,0.25,4
he_jitter,erm,True,0.05677676161334919,0.048538783836545446,0.002356013536330885,0.004464123537190218,0.04892821600557341,0.05101726540010344,-0.4323350983904597,3,0.5,design,0.02,0.06556015720236474,0.05677676161334919,0.25,
he_jitter,erm,True,0.05677676161334919,0.048538783836545446,0.002356013536330885,0.004464123537190218,0.04892821600557341,0.05101726540010344,-0.4323350983904597,3,0.5,design,0.05,0.06556015720236474,0.05677676161334919,0.25,
he_jitter,erm,True,0.05677676161334919,0.048538783836545446,0.002356013536330885,0.004464123537190218,0.04892821600557341,0.05101726540010344,-0.4323350983904597,3,0.5,design,0.1,0.06556015720236474,0.05677676161334919,0.25,
he_jitter,erm,True,0.05677676161334919,0.048538783836545446,0.002356013536330885,0.004464123537190218,0.04892821600557341,0.05101726540010344,-0.4323350983904597,3,0.5,design,0.2,0.06556015720236474,0.05677676161334919,0.25,4
he_jitter,erm,True,0.05677676161334919,0.048538783836545446,0.002356013536330885,0.004464123537190218,0.04892821600557341,0.05101726540010344,-0.4323350983904597,5,0.0,none,0.02,0.05363362574087084,0.05363362574087084,0.0,59
he_jitter,erm,True,0.05677676161334919,0.048538783836545446,0.002356013536330885,0.004464123537190218,0.04892821600557341,0.05101726540010344,-0.4323350983904597,5,0.0,none,0.05,0.05363362574087084,0.05363362574087084,0.0,12
he_jitter,erm,True,0.05677676161334919,0.048538783836545446,0.002356013536330885,0.004464123537190218,0.04892821600557341,0.05101726540010344,-0.4323350983904597,5,0.0,none,0.1,0.05363362574087084,0.05363362574087084,0.0,5
he_jitter,erm,True,0.05677676161334919,0.048538783836545446,0.002356013536330885,0.004464123537190218,0.04892821600557341,0.05101726540010344,-0.4323350983904597,5,0.0,none,0.2,0.05363362574087084,0.05363362574087084,0.0,3
he_jitter,erm,True,0.05677676161334919,0.048538783836545446,0.002356013536330885,0.004464123537190218,0.04892821600557341,0.05101726540010344,-0.4323350983904597,5,0.25,ratio,0.02,0.057336757695085255,0.05363362574087084,0.125,99
he_jitter,erm,True,0.05677676161334919,0.048538783836545446,0.002356013536330885,0.004464123537190218,0.04892821600557341,0.05101726540010344,-0.4323350983904597,5,0.25,ratio,0.05,0.057336757695085255,0.05363362574087084,0.125,18
he_jitter,erm,True,0.05677676161334919,0.048538783836545446,0.002356013536330885,0.004464123537190218,0.04892821600557341,0.05101726540010344,-0.4323350983904597,5,0.25,ratio,0.1,0.057336757695085255,0.05363362574087084,0.125,7
he_jitter,erm,True,0.05677676161334919,0.048538783836545446,0.002356013536330885,0.004464123537190218,0.04892821600557341,0.05101726540010344,-0.4323350983904597,5,0.25,ratio,0.2,0.057336757695085255,0.05363362574087084,0.125,4
he_jitter,erm,True,0.05677676161334919,0.048538783836545446,0.002356013536330885,0.004464123537190218,0.04892821600557341,0.05101726540010344,-0.4323350983904597,5,0.25,design,0.02,0.057336757695085255,0.05363362574087084,0.125,
he_jitter,erm,True,0.05677676161334919,0.048538783836545446,0.002356013536330885,0.004464123537190218,0.04892821600557341,0.05101726540010344,-0.4323350983904597,5,0.25,design,0.05,0.057336757695085255,0.05363362574087084,0.125,
he_jitter,erm,True,0.05677676161334919,0.048538783836545446,0.002356013536330885,0.004464123537190218,0.04892821600557341,0.05101726540010344,-0.4323350983904597,5,0.25,design,0.1,0.057336757695085255,0.05363362574087084,0.125,8
he_jitter,erm,True,0.05677676161334919,0.048538783836545446,0.002356013536330885,0.004464123537190218,0.04892821600557341,0.05101726540010344,-0.4323350983904597,5,0.25,design,0.2,0.057336757695085255,0.05363362574087084,0.125,3
he_jitter,erm,True,0.05677676161334919,0.048538783836545446,0.002356013536330885,0.004464123537190218,0.04892821600557341,0.05101726540010344,-0.4323350983904597,5,0.5,ratio,0.02,0.061930776518214846,0.05363362574087084,0.25,153
he_jitter,erm,True,0.05677676161334919,0.048538783836545446,0.002356013536330885,0.004464123537190218,0.04892821600557341,0.05101726540010344,-0.4323350983904597,5,0.5,ratio,0.05,0.061930776518214846,0.05363362574087084,0.25,27
he_jitter,erm,True,0.05677676161334919,0.048538783836545446,0.002356013536330885,0.004464123537190218,0.04892821600557341,0.05101726540010344,-0.4323350983904597,5,0.5,ratio,0.1,0.061930776518214846,0.05363362574087084,0.25,9
he_jitter,erm,True,0.05677676161334919,0.048538783836545446,0.002356013536330885,0.004464123537190218,0.04892821600557341,0.05101726540010344,-0.4323350983904597,5,0.5,ratio,0.2,0.061930776518214846,0.05363362574087084,0.25,4
he_jitter,erm,True,0.05677676161334919,0.048538783836545446,0.002356013536330885,0.004464123537190218,0.04892821600557341,0.05101726540010344,-0.4323350983904597,5,0.5,design,0.02,0.061930776518214846,0.05363362574087084,0.25,
he_jitter,erm,True,0.05677676161334919,0.048538783836545446,0.002356013536330885,0.004464123537190218,0.04892821600557341,0.05101726540010344,-0.4323350983904597,5,0.5,design,0.05,0.061930776518214846,0.05363362574087084,0.25,
he_jitter,erm,True,0.05677676161334919,0.048538783836545446,0.002356013536330885,0.004464123537190218,0.04892821600557341,0.05101726540010344,-0.4323350983904597,5,0.5,design,0.1,0.061930776518214846,0.05363362574087084,0.25,
he_jitter,erm,True,0.05677676161334919,0.048538783836545446,0.002356013536330885,0.004464123537190218,0.04892821600557341,0.05101726540010344,-0.4323350983904597,5,0.5,design,0.2,0.061930776518214846,0.05363362574087084,0.25,4
he_jitter,erm,True,0.05677676161334919,0.048538783836545446,0.002356013536330885,0.004464123537190218,0.04892821600557341,0.05101726540010344,-0.4323350983904597,10,0.0,none,0.02,0.051149679111616574,0.051149679111616574,0.0,54
he_jitter,erm,True,0.05677676161334919,0.048538783836545446,0.002356013536330885,0.004464123537190218,0.04892821600557341,0.05101726540010344,-0.4323350983904597,10,0.0,none,0.05,0.051149679111616574,0.051149679111616574,0.0,11
he_jitter,erm,True,0.05677676161334919,0.048538783836545446,0.002356013536330885,0.004464123537190218,0.04892821600557341,0.05101726540010344,-0.4323350983904597,10,0.0,none,0.1,0.051149679111616574,0.051149679111616574,0.0,5
he_jitter,erm,True,0.05677676161334919,0.048538783836545446,0.002356013536330885,0.004464123537190218,0.04892821600557341,0.05101726540010344,-0.4323350983904597,10,0.0,none,0.2,0.051149679111616574,0.051149679111616574,0.0,3
he_jitter,erm,True,0.05677676161334919,0.048538783836545446,0.002356013536330885,0.004464123537190218,0.04892821600557341,0.05101726540010344,-0.4323350983904597,10,0.25,ratio,0.02,0.05468130705117055,0.051149679111616574,0.125,90
he_jitter,erm,True,0.05677676161334919,0.048538783836545446,0.002356013536330885,0.004464123537190218,0.04892821600557341,0.05101726540010344,-0.4323350983904597,10,0.25,ratio,0.05,0.05468130705117055,0.051149679111616574,0.125,17
he_jitter,erm,True,0.05677676161334919,0.048538783836545446,0.002356013536330885,0.004464123537190218,0.04892821600557341,0.05101726540010344,-0.4323350983904597,10,0.25,ratio,0.1,0.05468130705117055,0.051149679111616574,0.125,6
he_jitter,erm,True,0.05677676161334919,0.048538783836545446,0.002356013536330885,0.004464123537190218,0.04892821600557341,0.05101726540010344,-0.4323350983904597,10,0.25,ratio,0.2,0.05468130705117055,0.051149679111616574,0.125,4
he_jitter,erm,True,0.05677676161334919,0.048538783836545446,0.002356013536330885,0.004464123537190218,0.04892821600557341,0.05101726540010344,-0.4323350983904597,10,0.25,design,0.02,0.05468130705117055,0.051149679111616574,0.125,
he_jitter,erm,True,0.05677676161334919,0.048538783836545446,0.002356013536330885,0.004464123537190218,0.04892821600557341,0.05101726540010344,-0.4323350983904597,10,0.25,design,0.05,0.05468130705117055,0.051149679111616574,0.125,
he_jitter,erm,True,0.05677676161334919,0.048538783836545446,0.002356013536330885,0.004464123537190218,0.04892821600557341,0.05101726540010344,-0.4323350983904597,10,0.25,design,0.1,0.05468130705117055,0.051149679111616574,0.125,7
he_jitter,erm,True,0.05677676161334919,0.048538783836545446,0.002356013536330885,0.004464123537190218,0.04892821600557341,0.05101726540010344,-0.4323350983904597,10,0.25,design,0.2,0.05468130705117055,0.051149679111616574,0.125,3
he_jitter,erm,True,0.05677676161334919,0.048538783836545446,0.002356013536330885,0.004464123537190218,0.04892821600557341,0.05101726540010344,-0.4323350983904597,10,0.5,ratio,0.02,0.059062562008109616,0.051149679111616574,0.25,139
he_jitter,erm,True,0.05677676161334919,0.048538783836545446,0.002356013536330885,0.004464123537190218,0.04892821600557341,0.05101726540010344,-0.4323350983904597,10,0.5,ratio,0.05,0.059062562008109616,0.051149679111616574,0.25,24
he_jitter,erm,True,0.05677676161334919,0.048538783836545446,0.002356013536330885,0.004464123537190218,0.04892821600557341,0.05101726540010344,-0.4323350983904597,10,0.5,ratio,0.1,0.059062562008109616,0.051149679111616574,0.25,8
he_jitter,erm,True,0.05677676161334919,0.048538783836545446,0.002356013536330885,0.004464123537190218,0.04892821600557341,0.05101726540010344,-0.4323350983904597,10,0.5,ratio,0.2,0.059062562008109616,0.051149679111616574,0.25,4
he_jitter,erm,True,0.05677676161334919,0.048538783836545446,0.002356013536330885,0.004464123537190218,0.04892821600557341,0.05101726540010344,-0.4323350983904597,10,0.5,design,0.02,0.059062562008109616,0.051149679111616574,0.25,
he_jitter,erm,True,0.05677676161334919,0.048538783836545446,0.002356013536330885,0.004464123537190218,0.04892821600557341,0.05101726540010344,-0.4323350983904597,10,0.5,design,0.05,0.059062562008109616,0.051149679111616574,0.25,
he_jitter,erm,True,0.05677676161334919,0.048538783836545446,0.002356013536330885,0.004464123537190218,0.04892821600557341,0.05101726540010344,-0.4323350983904597,10,0.5,design,0.1,0.059062562008109616,0.051149679111616574,0.25,
he_jitter,erm,True,0.05677676161334919,0.048538783836545446,0.002356013536330885,0.004464123537190218,0.04892821600557341,0.05101726540010344,-0.4323350983904597,10,0.5,design,0.2,0.059062562008109616,0.051149679111616574,0.25,3
he_jitter_lunit_bt,erm,True,0.07374445027852775,0.06815843676386366,0.0046455725020936,0.001972862878351448,0.04892821600557341,0.048764888335419705,0.10280975018527704,1,0.0,none,0.02,0.08380684242029139,0.08380684242029139,0.0,140
he_jitter_lunit_bt,erm,True,0.07374445027852775,0.06815843676386366,0.0046455725020936,0.001972862878351448,0.04892821600557341,0.048764888335419705,0.10280975018527704,1,0.0,none,0.05,0.08380684242029139,0.08380684242029139,0.0,25
he_jitter_lunit_bt,erm,True,0.07374445027852775,0.06815843676386366,0.0046455725020936,0.001972862878351448,0.04892821600557341,0.048764888335419705,0.10280975018527704,1,0.0,none,0.1,0.08380684242029139,0.08380684242029139,0.0,8
he_jitter_lunit_bt,erm,True,0.07374445027852775,0.06815843676386366,0.0046455725020936,0.001972862878351448,0.04892821600557341,0.048764888335419705,0.10280975018527704,1,0.0,none,0.2,0.08380684242029139,0.08380684242029139,0.0,4
he_jitter_lunit_bt,erm,True,0.07374445027852775,0.06815843676386366,0.0046455725020936,0.001972862878351448,0.04892821600557341,0.048764888335419705,0.10280975018527704,1,0.25,ratio,0.02,0.0895932831440237,0.08380684242029139,0.125,239
he_jitter_lunit_bt,erm,True,0.07374445027852775,0.06815843676386366,0.0046455725020936,0.001972862878351448,0.04892821600557341,0.048764888335419705,0.10280975018527704,1,0.25,ratio,0.05,0.0895932831440237,0.08380684242029139,0.125,40
he_jitter_lunit_bt,erm,True,0.07374445027852775,0.06815843676386366,0.0046455725020936,0.001972862878351448,0.04892821600557341,0.048764888335419705,0.10280975018527704,1,0.25,ratio,0.1,0.0895932831440237,0.08380684242029139,0.125,12
he_jitter_lunit_bt,erm,True,0.07374445027852775,0.06815843676386366,0.0046455725020936,0.001972862878351448,0.04892821600557341,0.048764888335419705,0.10280975018527704,1,0.25,ratio,0.2,0.0895932831440237,0.08380684242029139,0.125,5
he_jitter_lunit_bt,erm,True,0.07374445027852775,0.06815843676386366,0.0046455725020936,0.001972862878351448,0.04892821600557341,0.048764888335419705,0.10280975018527704,1,0.25,design,0.02,0.0895932831440237,0.08380684242029139,0.125,
he_jitter_lunit_bt,erm,True,0.07374445027852775,0.06815843676386366,0.0046455725020936,0.001972862878351448,0.04892821600557341,0.048764888335419705,0.10280975018527704,1,0.25,design,0.05,0.0895932831440237,0.08380684242029139,0.125,
he_jitter_lunit_bt,erm,True,0.07374445027852775,0.06815843676386366,0.0046455725020936,0.001972862878351448,0.04892821600557341,0.048764888335419705,0.10280975018527704,1,0.25,design,0.1,0.0895932831440237,0.08380684242029139,0.125,
he_jitter_lunit_bt,erm,True,0.07374445027852775,0.06815843676386366,0.0046455725020936,0.001972862878351448,0.04892821600557341,0.048764888335419705,0.10280975018527704,1,0.25,design,0.2,0.0895932831440237,0.08380684242029139,0.125,5
he_jitter_lunit_bt,erm,True,0.07374445027852775,0.06815843676386366,0.0046455725020936,0.001972862878351448,0.04892821600557341,0.048764888335419705,0.10280975018527704,1,0.5,ratio,0.02,0.09677180606257557,0.08380684242029139,0.25,370
he_jitter_lunit_bt,erm,True,0.07374445027852775,0.06815843676386366,0.0046455725020936,0.001972862878351448,0.04892821600557341,0.048764888335419705,0.10280975018527704,1,0.5,ratio,0.05,0.09677180606257557,0.08380684242029139,0.25,61
he_jitter_lunit_bt,erm,True,0.07374445027852775,0.06815843676386366,0.0046455725020936,0.001972862878351448,0.04892821600557341,0.048764888335419705,0.10280975018527704,1,0.5,ratio,0.1,0.09677180606257557,0.08380684242029139,0.25,17
he_jitter_lunit_bt,erm,True,0.07374445027852775,0.06815843676386366,0.0046455725020936,0.001972862878351448,0.04892821600557341,0.048764888335419705,0.10280975018527704,1,0.5,ratio,0.2,0.09677180606257557,0.08380684242029139,0.25,6
he_jitter_lunit_bt,erm,True,0.07374445027852775,0.06815843676386366,0.0046455725020936,0.001972862878351448,0.04892821600557341,0.048764888335419705,0.10280975018527704,1,0.5,design,0.02,0.09677180606257557,0.08380684242029139,0.25,
he_jitter_lunit_bt,erm,True,0.07374445027852775,0.06815843676386366,0.0046455725020936,0.001972862878351448,0.04892821600557341,0.048764888335419705,0.10280975018527704,1,0.5,design,0.05,0.09677180606257557,0.08380684242029139,0.25,
he_jitter_lunit_bt,erm,True,0.07374445027852775,0.06815843676386366,0.0046455725020936,0.001972862878351448,0.04892821600557341,0.048764888335419705,0.10280975018527704,1,0.5,design,0.1,0.09677180606257557,0.08380684242029139,0.25,
he_jitter_lunit_bt,erm,True,0.07374445027852775,0.06815843676386366,0.0046455725020936,0.001972862878351448,0.04892821600557341,0.048764888335419705,0.10280975018527704,1,0.5,design,0.2,0.09677180606257557,0.08380684242029139,0.25,14
he_jitter_lunit_bt,erm,True,0.07374445027852775,0.06815843676386366,0.0046455725020936,0.001972862878351448,0.04892821600557341,0.048764888335419705,0.10280975018527704,3,0.0,none,0.02,0.07374445027852775,0.07374445027852775,0.0,109
he_jitter_lunit_bt,erm,True,0.07374445027852775,0.06815843676386366,0.0046455725020936,0.001972862878351448,0.04892821600557341,0.048764888335419705,0.10280975018527704,3,0.0,none,0.05,0.07374445027852775,0.07374445027852775,0.0,20
he_jitter_lunit_bt,erm,True,0.07374445027852775,0.06815843676386366,0.0046455725020936,0.001972862878351448,0.04892821600557341,0.048764888335419705,0.10280975018527704,3,0.0,none,0.1,0.07374445027852775,0.07374445027852775,0.0,7
he_jitter_lunit_bt,erm,True,0.07374445027852775,0.06815843676386366,0.0046455725020936,0.001972862878351448,0.04892821600557341,0.048764888335419705,0.10280975018527704,3,0.0,none,0.2,0.07374445027852775,0.07374445027852775,0.0,4
he_jitter_lunit_bt,erm,True,0.07374445027852775,0.06815843676386366,0.0046455725020936,0.001972862878351448,0.04892821600557341,0.048764888335419705,0.10280975018527704,3,0.25,ratio,0.02,0.07883613346235342,0.07374445027852775,0.125,185
he_jitter_lunit_bt,erm,True,0.07374445027852775,0.06815843676386366,0.0046455725020936,0.001972862878351448,0.04892821600557341,0.048764888335419705,0.10280975018527704,3,0.25,ratio,0.05,0.07883613346235342,0.07374445027852775,0.125,32
he_jitter_lunit_bt,erm,True,0.07374445027852775,0.06815843676386366,0.0046455725020936,0.001972862878351448,0.04892821600557341,0.048764888335419705,0.10280975018527704,3,0.25,ratio,0.1,0.07883613346235342,0.07374445027852775,0.125,10
he_jitter_lunit_bt,erm,True,0.07374445027852775,0.06815843676386366,0.0046455725020936,0.001972862878351448,0.04892821600557341,0.048764888335419705,0.10280975018527704,3,0.25,ratio,0.2,0.07883613346235342,0.07374445027852775,0.125,5
he_jitter_lunit_bt,erm,True,0.07374445027852775,0.06815843676386366,0.0046455725020936,0.001972862878351448,0.04892821600557341,0.048764888335419705,0.10280975018527704,3,0.25,design,0.02,0.07883613346235342,0.07374445027852775,0.125,
he_jitter_lunit_bt,erm,True,0.07374445027852775,0.06815843676386366,0.0046455725020936,0.001972862878351448,0.04892821600557341,0.048764888335419705,0.10280975018527704,3,0.25,design,0.05,0.07883613346235342,0.07374445027852775,0.125,
he_jitter_lunit_bt,erm,True,0.07374445027852775,0.06815843676386366,0.0046455725020936,0.001972862878351448,0.04892821600557341,0.048764888335419705,0.10280975018527704,3,0.25,design,0.1,0.07883613346235342,0.07374445027852775,0.125,
he_jitter_lunit_bt,erm,True,0.07374445027852775,0.06815843676386366,0.0046455725020936,0.001972862878351448,0.04892821600557341,0.048764888335419705,0.10280975018527704,3,0.25,design,0.2,0.07883613346235342,0.07374445027852775,0.125,4
he_jitter_lunit_bt,erm,True,0.07374445027852775,0.06815843676386366,0.0046455725020936,0.001972862878351448,0.04892821600557341,0.048764888335419705,0.10280975018527704,3,0.5,ratio,0.02,0.08515275643909793,0.07374445027852775,0.25,287
he_jitter_lunit_bt,erm,True,0.07374445027852775,0.06815843676386366,0.0046455725020936,0.001972862878351448,0.04892821600557341,0.048764888335419705,0.10280975018527704,3,0.5,ratio,0.05,0.08515275643909793,0.07374445027852775,0.25,48
he_jitter_lunit_bt,erm,True,0.07374445027852775,0.06815843676386366,0.0046455725020936,0.001972862878351448,0.04892821600557341,0.048764888335419705,0.10280975018527704,3,0.5,ratio,0.1,0.08515275643909793,0.07374445027852775,0.25,14
he_jitter_lunit_bt,erm,True,0.07374445027852775,0.06815843676386366,0.0046455725020936,0.001972862878351448,0.04892821600557341,0.048764888335419705,0.10280975018527704,3,0.5,ratio,0.2,0.08515275643909793,0.07374445027852775,0.25,6
he_jitter_lunit_bt,erm,True,0.07374445027852775,0.06815843676386366,0.0046455725020936,0.001972862878351448,0.04892821600557341,0.048764888335419705,0.10280975018527704,3,0.5,design,0.02,0.08515275643909793,0.07374445027852775,0.25,
he_jitter_lunit_bt,erm,True,0.07374445027852775,0.06815843676386366,0.0046455725020936,0.001972862878351448,0.04892821600557341,0.048764888335419705,0.10280975018527704,3,0.5,design,0.05,0.08515275643909793,0.07374445027852775,0.25,
he_jitter_lunit_bt,erm,True,0.07374445027852775,0.06815843676386366,0.0046455725020936,0.001972862878351448,0.04892821600557341,0.048764888335419705,0.10280975018527704,3,0.5,design,0.1,0.08515275643909793,0.07374445027852775,0.25,
he_jitter_lunit_bt,erm,True,0.07374445027852775,0.06815843676386366,0.0046455725020936,0.001972862878351448,0.04892821600557341,0.048764888335419705,0.10280975018527704,3,0.5,design,0.2,0.08515275643909793,0.07374445027852775,0.25,6
he_jitter_lunit_bt,erm,True,0.07374445027852775,0.06815843676386366,0.0046455725020936,0.001972862878351448,0.04892821600557341,0.048764888335419705,0.10280975018527704,5,0.0,none,0.02,0.07156238794902522,0.07156238794902522,0.0,103
he_jitter_lunit_bt,erm,True,0.07374445027852775,0.06815843676386366,0.0046455725020936,0.001972862878351448,0.04892821600557341,0.048764888335419705,0.10280975018527704,5,0.0,none,0.05,0.07156238794902522,0.07156238794902522,0.0,19
he_jitter_lunit_bt,erm,True,0.07374445027852775,0.06815843676386366,0.0046455725020936,0.001972862878351448,0.04892821600557341,0.048764888335419705,0.10280975018527704,5,0.0,none,0.1,0.07156238794902522,0.07156238794902522,0.0,7
he_jitter_lunit_bt,erm,True,0.07374445027852775,0.06815843676386366,0.0046455725020936,0.001972862878351448,0.04892821600557341,0.048764888335419705,0.10280975018527704,5,0.0,none,0.2,0.07156238794902522,0.07156238794902522,0.0,4
he_jitter_lunit_bt,erm,True,0.07374445027852775,0.06815843676386366,0.0046455725020936,0.001972862878351448,0.04892821600557341,0.048764888335419705,0.10280975018527704,5,0.25,ratio,0.02,0.07650341070990077,0.07156238794902522,0.125,175
he_jitter_lunit_bt,erm,True,0.07374445027852775,0.06815843676386366,0.0046455725020936,0.001972862878351448,0.04892821600557341,0.048764888335419705,0.10280975018527704,5,0.25,ratio,0.05,0.07650341070990077,0.07156238794902522,0.125,30
he_jitter_lunit_bt,erm,True,0.07374445027852775,0.06815843676386366,0.0046455725020936,0.001972862878351448,0.04892821600557341,0.048764888335419705,0.10280975018527704,5,0.25,ratio,0.1,0.07650341070990077,0.07156238794902522,0.125,9
he_jitter_lunit_bt,erm,True,0.07374445027852775,0.06815843676386366,0.0046455725020936,0.001972862878351448,0.04892821600557341,0.048764888335419705,0.10280975018527704,5,0.25,ratio,0.2,0.07650341070990077,0.07156238794902522,0.125,4
he_jitter_lunit_bt,erm,True,0.07374445027852775,0.06815843676386366,0.0046455725020936,0.001972862878351448,0.04892821600557341,0.048764888335419705,0.10280975018527704,5,0.25,design,0.02,0.07650341070990077,0.07156238794902522,0.125,
he_jitter_lunit_bt,erm,True,0.07374445027852775,0.06815843676386366,0.0046455725020936,0.001972862878351448,0.04892821600557341,0.048764888335419705,0.10280975018527704,5,0.25,design,0.05,0.07650341070990077,0.07156238794902522,0.125,
he_jitter_lunit_bt,erm,True,0.07374445027852775,0.06815843676386366,0.0046455725020936,0.001972862878351448,0.04892821600557341,0.048764888335419705,0.10280975018527704,5,0.25,design,0.1,0.07650341070990077,0.07156238794902522,0.125,
he_jitter_lunit_bt,erm,True,0.07374445027852775,0.06815843676386366,0.0046455725020936,0.001972862878351448,0.04892821600557341,0.048764888335419705,0.10280975018527704,5,0.25,design,0.2,0.07650341070990077,0.07156238794902522,0.125,4
he_jitter_lunit_bt,erm,True,0.07374445027852775,0.06815843676386366,0.0046455725020936,0.001972862878351448,0.04892821600557341,0.048764888335419705,0.10280975018527704,5,0.5,ratio,0.02,0.0826331278924443,0.07156238794902522,0.25,270
he_jitter_lunit_bt,erm,True,0.07374445027852775,0.06815843676386366,0.0046455725020936,0.001972862878351448,0.04892821600557341,0.048764888335419705,0.10280975018527704,5,0.5,ratio,0.05,0.0826331278924443,0.07156238794902522,0.25,45
he_jitter_lunit_bt,erm,True,0.07374445027852775,0.06815843676386366,0.0046455725020936,0.001972862878351448,0.04892821600557341,0.048764888335419705,0.10280975018527704,5,0.5,ratio,0.1,0.0826331278924443,0.07156238794902522,0.25,13
he_jitter_lunit_bt,erm,True,0.07374445027852775,0.06815843676386366,0.0046455725020936,0.001972862878351448,0.04892821600557341,0.048764888335419705,0.10280975018527704,5,0.5,ratio,0.2,0.0826331278924443,0.07156238794902522,0.25,5
he_jitter_lunit_bt,erm,True,0.07374445027852775,0.06815843676386366,0.0046455725020936,0.001972862878351448,0.04892821600557341,0.048764888335419705,0.10280975018527704,5,0.5,design,0.02,0.0826331278924443,0.07156238794902522,0.25,
he_jitter_lunit_bt,erm,True,0.07374445027852775,0.06815843676386366,0.0046455725020936,0.001972862878351448,0.04892821600557341,0.048764888335419705,0.10280975018527704,5,0.5,design,0.05,0.0826331278924443,0.07156238794902522,0.25,
he_jitter_lunit_bt,erm,True,0.07374445027852775,0.06815843676386366,0.0046455725020936,0.001972862878351448,0.04892821600557341,0.048764888335419705,0.10280975018527704,5,0.5,design,0.1,0.0826331278924443,0.07156238794902522,0.25,
he_jitter_lunit_bt,erm,True,0.07374445027852775,0.06815843676386366,0.0046455725020936,0.001972862878351448,0.04892821600557341,0.048764888335419705,0.10280975018527704,5,0.5,design,0.2,0.0826331278924443,0.07156238794902522,0.25,5
he_jitter_lunit_bt,erm,True,0.07374445027852775,0.06815843676386366,0.0046455725020936,0.001972862878351448,0.04892821600557341,0.048764888335419705,0.10280975018527704,10,0.0,none,0.02,0.0698811414870292,0.0698811414870292,0.0,98
he_jitter_lunit_bt,erm,True,0.07374445027852775,0.06815843676386366,0.0046455725020936,0.001972862878351448,0.04892821600557341,0.048764888335419705,0.10280975018527704,10,0.0,none,0.05,0.0698811414870292,0.0698811414870292,0.0,18
he_jitter_lunit_bt,erm,True,0.07374445027852775,0.06815843676386366,0.0046455725020936,0.001972862878351448,0.04892821600557341,0.048764888335419705,0.10280975018527704,10,0.0,none,0.1,0.0698811414870292,0.0698811414870292,0.0,7
he_jitter_lunit_bt,erm,True,0.07374445027852775,0.06815843676386366,0.0046455725020936,0.001972862878351448,0.04892821600557341,0.048764888335419705,0.10280975018527704,10,0.0,none,0.2,0.0698811414870292,0.0698811414870292,0.0,4
he_jitter_lunit_bt,erm,True,0.07374445027852775,0.06815843676386366,0.0046455725020936,0.001972862878351448,0.04892821600557341,0.048764888335419705,0.10280975018527704,10,0.25,ratio,0.02,0.07470608264032508,0.0698811414870292,0.125,167
he_jitter_lunit_bt,erm,True,0.07374445027852775,0.06815843676386366,0.0046455725020936,0.001972862878351448,0.04892821600557341,0.048764888335419705,0.10280975018527704,10,0.25,ratio,0.05,0.07470608264032508,0.0698811414870292,0.125,29
he_jitter_lunit_bt,erm,True,0.07374445027852775,0.06815843676386366,0.0046455725020936,0.001972862878351448,0.04892821600557341,0.048764888335419705,0.10280975018527704,10,0.25,ratio,0.1,0.07470608264032508,0.0698811414870292,0.125,9
he_jitter_lunit_bt,erm,True,0.07374445027852775,0.06815843676386366,0.0046455725020936,0.001972862878351448,0.04892821600557341,0.048764888335419705,0.10280975018527704,10,0.25,ratio,0.2,0.07470608264032508,0.0698811414870292,0.125,4
he_jitter_lunit_bt,erm,True,0.07374445027852775,0.06815843676386366,0.0046455725020936,0.001972862878351448,0.04892821600557341,0.048764888335419705,0.10280975018527704,10,0.25,design,0.02,0.07470608264032508,0.0698811414870292,0.125,
he_jitter_lunit_bt,erm,True,0.07374445027852775,0.06815843676386366,0.0046455725020936,0.001972862878351448,0.04892821600557341,0.048764888335419705,0.10280975018527704,10,0.25,design,0.05,0.07470608264032508,0.0698811414870292,0.125,
he_jitter_lunit_bt,erm,True,0.07374445027852775,0.06815843676386366,0.0046455725020936,0.001972862878351448,0.04892821600557341,0.048764888335419705,0.10280975018527704,10,0.25,design,0.1,0.07470608264032508,0.0698811414870292,0.125,
he_jitter_lunit_bt,erm,True,0.07374445027852775,0.06815843676386366,0.0046455725020936,0.001972862878351448,0.04892821600557341,0.048764888335419705,0.10280975018527704,10,0.25,design,0.2,0.07470608264032508,0.0698811414870292,0.125,4
he_jitter_lunit_bt,erm,True,0.07374445027852775,0.06815843676386366,0.0046455725020936,0.001972862878351448,0.04892821600557341,0.048764888335419705,0.10280975018527704,10,0.5,ratio,0.02,0.08069179169762927,0.0698811414870292,0.25,258
he_jitter_lunit_bt,erm,True,0.07374445027852775,0.06815843676386366,0.0046455725020936,0.001972862878351448,0.04892821600557341,0.048764888335419705,0.10280975018527704,10,0.5,ratio,0.05,0.08069179169762927,0.0698811414870292,0.25,43
he_jitter_lunit_bt,erm,True,0.07374445027852775,0.06815843676386366,0.0046455725020936,0.001972862878351448,0.04892821600557341,0.048764888335419705,0.10280975018527704,10,0.5,ratio,0.1,0.08069179169762927,0.0698811414870292,0.25,13
he_jitter_lunit_bt,erm,True,0.07374445027852775,0.06815843676386366,0.0046455725020936,0.001972862878351448,0.04892821600557341,0.048764888335419705,0.10280975018527704,10,0.5,ratio,0.2,0.08069179169762927,0.0698811414870292,0.25,5
he_jitter_lunit_bt,erm,True,0.07374445027852775,0.06815843676386366,0.0046455725020936,0.001972862878351448,0.04892821600557341,0.048764888335419705,0.10280975018527704,10,0.5,design,0.02,0.08069179169762927,0.0698811414870292,0.25,
he_jitter_lunit_bt,erm,True,0.07374445027852775,0.06815843676386366,0.0046455725020936,0.001972862878351448,0.04892821600557341,0.048764888335419705,0.10280975018527704,10,0.5,design,0.05,0.08069179169762927,0.0698811414870292,0.25,
he_jitter_lunit_bt,erm,True,0.07374445027852775,0.06815843676386366,0.0046455725020936,0.001972862878351448,0.04892821600557341,0.048764888335419705,0.10280975018527704,10,0.5,design,0.1,0.08069179169762927,0.0698811414870292,0.25,
he_jitter_lunit_bt,erm,True,0.07374445027852775,0.06815843676386366,0.0046455725020936,0.001972862878351448,0.04892821600557341,0.048764888335419705,0.10280975018527704,10,0.5,design,0.2,0.08069179169762927,0.0698811414870292,0.25,5
he_jitter_lunit_dino,erm,True,0.06001356054264813,0.053511255688201316,0.0028634544853280573,0.0053535096626051775,0.04892821600557341,0.0470586749817088,0.3972538399554753,1,0.0,none,0.02,0.07125990019893491,0.07125990019893491,0.0,102
he_jitter_lunit_dino,erm,True,0.06001356054264813,0.053511255688201316,0.0028634544853280573,0.0053535096626051775,0.04892821600557341,0.0470586749817088,0.3972538399554753,1,0.0,none,0.05,0.07125990019893491,0.07125990019893491,0.0,18
he_jitter_lunit_dino,erm,True,0.06001356054264813,0.053511255688201316,0.0028634544853280573,0.0053535096626051775,0.04892821600557341,0.0470586749817088,0.3972538399554753,1,0.0,none,0.1,0.07125990019893491,0.07125990019893491,0.0,7
he_jitter_lunit_dino,erm,True,0.06001356054264813,0.053511255688201316,0.0028634544853280573,0.0053535096626051775,0.04892821600557341,0.0470586749817088,0.3972538399554753,1,0.0,none,0.2,0.07125990019893491,0.07125990019893491,0.0,4
he_jitter_lunit_dino,erm,True,0.06001356054264813,0.053511255688201316,0.0028634544853280573,0.0053535096626051775,0.04892821600557341,0.0470586749817088,0.3972538399554753,1,0.25,ratio,0.02,0.07618003770289104,0.07125990019893491,0.125,173
he_jitter_lunit_dino,erm,True,0.06001356054264813,0.053511255688201316,0.0028634544853280573,0.0053535096626051775,0.04892821600557341,0.0470586749817088,0.3972538399554753,1,0.25,ratio,0.05,0.07618003770289104,0.07125990019893491,0.125,30
he_jitter_lunit_dino,erm,True,0.06001356054264813,0.053511255688201316,0.0028634544853280573,0.0053535096626051775,0.04892821600557341,0.0470586749817088,0.3972538399554753,1,0.25,ratio,0.1,0.07618003770289104,0.07125990019893491,0.125,9
he_jitter_lunit_dino,erm,True,0.06001356054264813,0.053511255688201316,0.0028634544853280573,0.0053535096626051775,0.04892821600557341,0.0470586749817088,0.3972538399554753,1,0.25,ratio,0.2,0.07618003770289104,0.07125990019893491,0.125,4
he_jitter_lunit_dino,erm,True,0.06001356054264813,0.053511255688201316,0.0028634544853280573,0.0053535096626051775,0.04892821600557341,0.0470586749817088,0.3972538399554753,1,0.25,design,0.02,0.07618003770289104,0.07125990019893491,0.125,
he_jitter_lunit_dino,erm,True,0.06001356054264813,0.053511255688201316,0.0028634544853280573,0.0053535096626051775,0.04892821600557341,0.0470586749817088,0.3972538399554753,1,0.25,design,0.05,0.07618003770289104,0.07125990019893491,0.125,
he_jitter_lunit_dino,erm,True,0.06001356054264813,0.053511255688201316,0.0028634544853280573,0.0053535096626051775,0.04892821600557341,0.0470586749817088,0.3972538399554753,1,0.25,design,0.1,0.07618003770289104,0.07125990019893491,0.125,
he_jitter_lunit_dino,erm,True,0.06001356054264813,0.053511255688201316,0.0028634544853280573,0.0053535096626051775,0.04892821600557341,0.0470586749817088,0.3972538399554753,1,0.25,design,0.2,0.07618003770289104,0.07125990019893491,0.125,4
he_jitter_lunit_dino,erm,True,0.06001356054264813,0.053511255688201316,0.0028634544853280573,0.0053535096626051775,0.04892821600557341,0.0470586749817088,0.3972538399554753,1,0.5,ratio,0.02,0.08228384512456188,0.07125990019893491,0.25,268
he_jitter_lunit_dino,erm,True,0.06001356054264813,0.053511255688201316,0.0028634544853280573,0.0053535096626051775,0.04892821600557341,0.0470586749817088,0.3972538399554753,1,0.5,ratio,0.05,0.08228384512456188,0.07125990019893491,0.25,45
he_jitter_lunit_dino,erm,True,0.06001356054264813,0.053511255688201316,0.0028634544853280573,0.0053535096626051775,0.04892821600557341,0.0470586749817088,0.3972538399554753,1,0.5,ratio,0.1,0.08228384512456188,0.07125990019893491,0.25,13
he_jitter_lunit_dino,erm,True,0.06001356054264813,0.053511255688201316,0.0028634544853280573,0.0053535096626051775,0.04892821600557341,0.0470586749817088,0.3972538399554753,1,0.5,ratio,0.2,0.08228384512456188,0.07125990019893491,0.25,5
he_jitter_lunit_dino,erm,True,0.06001356054264813,0.053511255688201316,0.0028634544853280573,0.0053535096626051775,0.04892821600557341,0.0470586749817088,0.3972538399554753,1,0.5,design,0.02,0.08228384512456188,0.07125990019893491,0.25,
he_jitter_lunit_dino,erm,True,0.06001356054264813,0.053511255688201316,0.0028634544853280573,0.0053535096626051775,0.04892821600557341,0.0470586749817088,0.3972538399554753,1,0.5,design,0.05,0.08228384512456188,0.07125990019893491,0.25,
he_jitter_lunit_dino,erm,True,0.06001356054264813,0.053511255688201316,0.0028634544853280573,0.0053535096626051775,0.04892821600557341,0.0470586749817088,0.3972538399554753,1,0.5,design,0.1,0.08228384512456188,0.07125990019893491,0.25,
he_jitter_lunit_dino,erm,True,0.06001356054264813,0.053511255688201316,0.0028634544853280573,0.0053535096626051775,0.04892821600557341,0.0470586749817088,0.3972538399554753,1,0.5,design,0.2,0.08228384512456188,0.07125990019893491,0.25,5
he_jitter_lunit_dino,erm,True,0.06001356054264813,0.053511255688201316,0.0028634544853280573,0.0053535096626051775,0.04892821600557341,0.0470586749817088,0.3972538399554753,3,0.0,none,0.02,0.06001356054264813,0.06001356054264813,0.0,73
he_jitter_lunit_dino,erm,True,0.06001356054264813,0.053511255688201316,0.0028634544853280573,0.0053535096626051775,0.04892821600557341,0.0470586749817088,0.3972538399554753,3,0.0,none,0.05,0.06001356054264813,0.06001356054264813,0.0,14
he_jitter_lunit_dino,erm,True,0.06001356054264813,0.053511255688201316,0.0028634544853280573,0.0053535096626051775,0.04892821600557341,0.0470586749817088,0.3972538399554753,3,0.0,none,0.1,0.06001356054264813,0.06001356054264813,0.0,6
he_jitter_lunit_dino,erm,True,0.06001356054264813,0.053511255688201316,0.0028634544853280573,0.0053535096626051775,0.04892821600557341,0.0470586749817088,0.3972538399554753,3,0.0,none,0.2,0.06001356054264813,0.06001356054264813,0.0,3
he_jitter_lunit_dino,erm,True,0.06001356054264813,0.053511255688201316,0.0028634544853280573,0.0053535096626051775,0.04892821600557341,0.0470586749817088,0.3972538399554753,3,0.25,ratio,0.02,0.06415719488885843,0.06001356054264813,0.125,124
he_jitter_lunit_dino,erm,True,0.06001356054264813,0.053511255688201316,0.0028634544853280573,0.0053535096626051775,0.04892821600557341,0.0470586749817088,0.3972538399554753,3,0.25,ratio,0.05,0.06415719488885843,0.06001356054264813,0.125,22
he_jitter_lunit_dino,erm,True,0.06001356054264813,0.053511255688201316,0.0028634544853280573,0.0053535096626051775,0.04892821600557341,0.0470586749817088,0.3972538399554753,3,0.25,ratio,0.1,0.06415719488885843,0.06001356054264813,0.125,7
he_jitter_lunit_dino,erm,True,0.06001356054264813,0.053511255688201316,0.0028634544853280573,0.0053535096626051775,0.04892821600557341,0.0470586749817088,0.3972538399554753,3,0.25,ratio,0.2,0.06415719488885843,0.06001356054264813,0.125,4
he_jitter_lunit_dino,erm,True,0.06001356054264813,0.053511255688201316,0.0028634544853280573,0.0053535096626051775,0.04892821600557341,0.0470586749817088,0.3972538399554753,3,0.25,design,0.02,0.06415719488885843,0.06001356054264813,0.125,
he_jitter_lunit_dino,erm,True,0.06001356054264813,0.053511255688201316,0.0028634544853280573,0.0053535096626051775,0.04892821600557341,0.0470586749817088,0.3972538399554753,3,0.25,design,0.05,0.06415719488885843,0.06001356054264813,0.125,
he_jitter_lunit_dino,erm,True,0.06001356054264813,0.053511255688201316,0.0028634544853280573,0.0053535096626051775,0.04892821600557341,0.0470586749817088,0.3972538399554753,3,0.25,design,0.1,0.06415719488885843,0.06001356054264813,0.125,15
he_jitter_lunit_dino,erm,True,0.06001356054264813,0.053511255688201316,0.0028634544853280573,0.0053535096626051775,0.04892821600557341,0.0470586749817088,0.3972538399554753,3,0.25,design,0.2,0.06415719488885843,0.06001356054264813,0.125,4
he_jitter_lunit_dino,erm,True,0.06001356054264813,0.053511255688201316,0.0028634544853280573,0.0053535096626051775,0.04892821600557341,0.0470586749817088,0.3972538399554753,3,0.5,ratio,0.02,0.0692976906686516,0.06001356054264813,0.25,191
he_jitter_lunit_dino,erm,True,0.06001356054264813,0.053511255688201316,0.0028634544853280573,0.0053535096626051775,0.04892821600557341,0.0470586749817088,0.3972538399554753,3,0.5,ratio,0.05,0.0692976906686516,0.06001356054264813,0.25,33
he_jitter_lunit_dino,erm,True,0.06001356054264813,0.053511255688201316,0.0028634544853280573,0.0053535096626051775,0.04892821600557341,0.0470586749817088,0.3972538399554753,3,0.5,ratio,0.1,0.0692976906686516,0.06001356054264813,0.25,10
he_jitter_lunit_dino,erm,True,0.06001356054264813,0.053511255688201316,0.0028634544853280573,0.0053535096626051775,0.04892821600557341,0.0470586749817088,0.3972538399554753,3,0.5,ratio,0.2,0.0692976906686516,0.06001356054264813,0.25,5
he_jitter_lunit_dino,erm,True,0.06001356054264813,0.053511255688201316,0.0028634544853280573,0.0053535096626051775,0.04892821600557341,0.0470586749817088,0.3972538399554753,3,0.5,design,0.02,0.0692976906686516,0.06001356054264813,0.25,
he_jitter_lunit_dino,erm,True,0.06001356054264813,0.053511255688201316,0.0028634544853280573,0.0053535096626051775,0.04892821600557341,0.0470586749817088,0.3972538399554753,3,0.5,design,0.05,0.0692976906686516,0.06001356054264813,0.25,
he_jitter_lunit_dino,erm,True,0.06001356054264813,0.053511255688201316,0.0028634544853280573,0.0053535096626051775,0.04892821600557341,0.0470586749817088,0.3972538399554753,3,0.5,design,0.1,0.0692976906686516,0.06001356054264813,0.25,
he_jitter_lunit_dino,erm,True,0.06001356054264813,0.053511255688201316,0.0028634544853280573,0.0053535096626051775,0.04892821600557341,0.0470586749817088,0.3972538399554753,3,0.5,design,0.2,0.0692976906686516,0.06001356054264813,0.25,4
he_jitter_lunit_dino,erm,True,0.06001356054264813,0.053511255688201316,0.0028634544853280573,0.0053535096626051775,0.04892821600557341,0.0470586749817088,0.3972538399554753,5,0.0,none,0.02,0.0575009414143358,0.0575009414143358,0.0,67
he_jitter_lunit_dino,erm,True,0.06001356054264813,0.053511255688201316,0.0028634544853280573,0.0053535096626051775,0.04892821600557341,0.0470586749817088,0.3972538399554753,5,0.0,none,0.05,0.0575009414143358,0.0575009414143358,0.0,13
he_jitter_lunit_dino,erm,True,0.06001356054264813,0.053511255688201316,0.0028634544853280573,0.0053535096626051775,0.04892821600557341,0.0470586749817088,0.3972538399554753,5,0.0,none,0.1,0.0575009414143358,0.0575009414143358,0.0,5
he_jitter_lunit_dino,erm,True,0.06001356054264813,0.053511255688201316,0.0028634544853280573,0.0053535096626051775,0.04892821600557341,0.0470586749817088,0.3972538399554753,5,0.0,none,0.2,0.0575009414143358,0.0575009414143358,0.0,3
he_jitter_lunit_dino,erm,True,0.06001356054264813,0.053511255688201316,0.0028634544853280573,0.0053535096626051775,0.04892821600557341,0.0470586749817088,0.3972538399554753,5,0.25,ratio,0.02,0.06147109205411577,0.0575009414143358,0.125,114
he_jitter_lunit_dino,erm,True,0.06001356054264813,0.053511255688201316,0.0028634544853280573,0.0053535096626051775,0.04892821600557341,0.0470586749817088,0.3972538399554753,5,0.25,ratio,0.05,0.06147109205411577,0.0575009414143358,0.125,20
he_jitter_lunit_dino,erm,True,0.06001356054264813,0.053511255688201316,0.0028634544853280573,0.0053535096626051775,0.04892821600557341,0.0470586749817088,0.3972538399554753,5,0.25,ratio,0.1,0.06147109205411577,0.0575009414143358,0.125,7
he_jitter_lunit_dino,erm,True,0.06001356054264813,0.053511255688201316,0.0028634544853280573,0.0053535096626051775,0.04892821600557341,0.0470586749817088,0.3972538399554753,5,0.25,ratio,0.2,0.06147109205411577,0.0575009414143358,0.125,4
he_jitter_lunit_dino,erm,True,0.06001356054264813,0.053511255688201316,0.0028634544853280573,0.0053535096626051775,0.04892821600557341,0.0470586749817088,0.3972538399554753,5,0.25,design,0.02,0.06147109205411577,0.0575009414143358,0.125,
he_jitter_lunit_dino,erm,True,0.06001356054264813,0.053511255688201316,0.0028634544853280573,0.0053535096626051775,0.04892821600557341,0.0470586749817088,0.3972538399554753,5,0.25,design,0.05,0.06147109205411577,0.0575009414143358,0.125,
he_jitter_lunit_dino,erm,True,0.06001356054264813,0.053511255688201316,0.0028634544853280573,0.0053535096626051775,0.04892821600557341,0.0470586749817088,0.3972538399554753,5,0.25,design,0.1,0.06147109205411577,0.0575009414143358,0.125,11
he_jitter_lunit_dino,erm,True,0.06001356054264813,0.053511255688201316,0.0028634544853280573,0.0053535096626051775,0.04892821600557341,0.0470586749817088,0.3972538399554753,5,0.25,design,0.2,0.06147109205411577,0.0575009414143358,0.125,4
he_jitter_lunit_dino,erm,True,0.06001356054264813,0.053511255688201316,0.0028634544853280573,0.0053535096626051775,0.04892821600557341,0.0470586749817088,0.3972538399554753,5,0.5,ratio,0.02,0.06639636800844735,0.0575009414143358,0.25,175
he_jitter_lunit_dino,erm,True,0.06001356054264813,0.053511255688201316,0.0028634544853280573,0.0053535096626051775,0.04892821600557341,0.0470586749817088,0.3972538399554753,5,0.5,ratio,0.05,0.06639636800844735,0.0575009414143358,0.25,30
he_jitter_lunit_dino,erm,True,0.06001356054264813,0.053511255688201316,0.0028634544853280573,0.0053535096626051775,0.04892821600557341,0.0470586749817088,0.3972538399554753,5,0.5,ratio,0.1,0.06639636800844735,0.0575009414143358,0.25,10
he_jitter_lunit_dino,erm,True,0.06001356054264813,0.053511255688201316,0.0028634544853280573,0.0053535096626051775,0.04892821600557341,0.0470586749817088,0.3972538399554753,5,0.5,ratio,0.2,0.06639636800844735,0.0575009414143358,0.25,4
he_jitter_lunit_dino,erm,True,0.06001356054264813,0.053511255688201316,0.0028634544853280573,0.0053535096626051775,0.04892821600557341,0.0470586749817088,0.3972538399554753,5,0.5,design,0.02,0.06639636800844735,0.0575009414143358,0.25,
he_jitter_lunit_dino,erm,True,0.06001356054264813,0.053511255688201316,0.0028634544853280573,0.0053535096626051775,0.04892821600557341,0.0470586749817088,0.3972538399554753,5,0.5,design,0.05,0.06639636800844735,0.0575009414143358,0.25,
he_jitter_lunit_dino,erm,True,0.06001356054264813,0.053511255688201316,0.0028634544853280573,0.0053535096626051775,0.04892821600557341,0.0470586749817088,0.3972538399554753,5,0.5,design,0.1,0.06639636800844735,0.0575009414143358,0.25,
he_jitter_lunit_dino,erm,True,0.06001356054264813,0.053511255688201316,0.0028634544853280573,0.0053535096626051775,0.04892821600557341,0.0470586749817088,0.3972538399554753,5,0.5,design,0.2,0.06639636800844735,0.0575009414143358,0.25,4
he_jitter_lunit_dino,erm,True,0.06001356054264813,0.053511255688201316,0.0028634544853280573,0.0053535096626051775,0.04892821600557341,0.0470586749817088,0.3972538399554753,10,0.0,none,0.02,0.05554193347761192,0.05554193347761192,0.0,63
he_jitter_lunit_dino,erm,True,0.06001356054264813,0.053511255688201316,0.0028634544853280573,0.0053535096626051775,0.04892821600557341,0.0470586749817088,0.3972538399554753,10,0.0,none,0.05,0.05554193347761192,0.05554193347761192,0.0,12
he_jitter_lunit_dino,erm,True,0.06001356054264813,0.053511255688201316,0.0028634544853280573,0.0053535096626051775,0.04892821600557341,0.0470586749817088,0.3972538399554753,10,0.0,none,0.1,0.05554193347761192,0.05554193347761192,0.0,5
he_jitter_lunit_dino,erm,True,0.06001356054264813,0.053511255688201316,0.0028634544853280573,0.0053535096626051775,0.04892821600557341,0.0470586749817088,0.3972538399554753,10,0.0,none,0.2,0.05554193347761192,0.05554193347761192,0.0,3
he_jitter_lunit_dino,erm,True,0.06001356054264813,0.053511255688201316,0.0028634544853280573,0.0053535096626051775,0.04892821600557341,0.0470586749817088,0.3972538399554753,10,0.25,ratio,0.02,0.059376824477775286,0.05554193347761192,0.125,106
he_jitter_lunit_dino,erm,True,0.06001356054264813,0.053511255688201316,0.0028634544853280573,0.0053535096626051775,0.04892821600557341,0.0470586749817088,0.3972538399554753,10,0.25,ratio,0.05,0.059376824477775286,0.05554193347761192,0.125,19
he_jitter_lunit_dino,erm,True,0.06001356054264813,0.053511255688201316,0.0028634544853280573,0.0053535096626051775,0.04892821600557341,0.0470586749817088,0.3972538399554753,10,0.25,ratio,0.1,0.059376824477775286,0.05554193347761192,0.125,7
he_jitter_lunit_dino,erm,True,0.06001356054264813,0.053511255688201316,0.0028634544853280573,0.0053535096626051775,0.04892821600557341,0.0470586749817088,0.3972538399554753,10,0.25,ratio,0.2,0.059376824477775286,0.05554193347761192,0.125,4
he_jitter_lunit_dino,erm,True,0.06001356054264813,0.053511255688201316,0.0028634544853280573,0.0053535096626051775,0.04892821600557341,0.0470586749817088,0.3972538399554753,10,0.25,design,0.02,0.059376824477775286,0.05554193347761192,0.125,
he_jitter_lunit_dino,erm,True,0.06001356054264813,0.053511255688201316,0.0028634544853280573,0.0053535096626051775,0.04892821600557341,0.0470586749817088,0.3972538399554753,10,0.25,design,0.05,0.059376824477775286,0.05554193347761192,0.125,
he_jitter_lunit_dino,erm,True,0.06001356054264813,0.053511255688201316,0.0028634544853280573,0.0053535096626051775,0.04892821600557341,0.0470586749817088,0.3972538399554753,10,0.25,design,0.1,0.059376824477775286,0.05554193347761192,0.125,10
he_jitter_lunit_dino,erm,True,0.06001356054264813,0.053511255688201316,0.0028634544853280573,0.0053535096626051775,0.04892821600557341,0.0470586749817088,0.3972538399554753,10,0.25,design,0.2,0.059376824477775286,0.05554193347761192,0.125,3
he_jitter_lunit_dino,erm,True,0.06001356054264813,0.053511255688201316,0.0028634544853280573,0.0053535096626051775,0.04892821600557341,0.0470586749817088,0.3972538399554753,10,0.5,ratio,0.02,0.06413430048922306,0.05554193347761192,0.25,164
he_jitter_lunit_dino,erm,True,0.06001356054264813,0.053511255688201316,0.0028634544853280573,0.0053535096626051775,0.04892821600557341,0.0470586749817088,0.3972538399554753,10,0.5,ratio,0.05,0.06413430048922306,0.05554193347761192,0.25,28
he_jitter_lunit_dino,erm,True,0.06001356054264813,0.053511255688201316,0.0028634544853280573,0.0053535096626051775,0.04892821600557341,0.0470586749817088,0.3972538399554753,10,0.5,ratio,0.1,0.06413430048922306,0.05554193347761192,0.25,9
he_jitter_lunit_dino,erm,True,0.06001356054264813,0.053511255688201316,0.0028634544853280573,0.0053535096626051775,0.04892821600557341,0.0470586749817088,0.3972538399554753,10,0.5,ratio,0.2,0.06413430048922306,0.05554193347761192,0.25,4
he_jitter_lunit_dino,erm,True,0.06001356054264813,0.053511255688201316,0.0028634544853280573,0.0053535096626051775,0.04892821600557341,0.0470586749817088,0.3972538399554753,10,0.5,design,0.02,0.06413430048922306,0.05554193347761192,0.25,
he_jitter_lunit_dino,erm,True,0.06001356054264813,0.053511255688201316,0.0028634544853280573,0.0053535096626051775,0.04892821600557341,0.0470586749817088,0.3972538399554753,10,0.5,design,0.05,0.06413430048922306,0.05554193347761192,0.25,
he_jitter_lunit_dino,erm,True,0.06001356054264813,0.053511255688201316,0.0028634544853280573,0.0053535096626051775,0.04892821600557341,0.0470586749817088,0.3972538399554753,10,0.5,design,0.1,0.06413430048922306,0.05554193347761192,0.25,
he_jitter_lunit_dino,erm,True,0.06001356054264813,0.053511255688201316,0.0028634544853280573,0.0053535096626051775,0.04892821600557341,0.0470586749817088,0.3972538399554753,10,0.5,design,0.2,0.06413430048922306,0.05554193347761192,0.25,4
irm,erm,True,0.03679380187274607,0.022366692128494917,0.0005002689167708764,0.06703242667835078,0.04892821600557341,0.05060182623621451,0.6596136964454761,1,0.0,none,0.02,0.05532462141949933,0.05532462141949933,0.0,63
irm,erm,True,0.03679380187274607,0.022366692128494917,0.0005002689167708764,0.06703242667835078,0.04892821600557341,0.05060182623621451,0.6596136964454761,1,0.0,none,0.05,0.05532462141949933,0.05532462141949933,0.0,12
irm,erm,True,0.03679380187274607,0.022366692128494917,0.0005002689167708764,0.06703242667835078,0.04892821600557341,0.05060182623621451,0.6596136964454761,1,0.0,none,0.1,0.05532462141949933,0.05532462141949933,0.0,5
irm,erm,True,0.03679380187274607,0.022366692128494917,0.0005002689167708764,0.06703242667835078,0.04892821600557341,0.05060182623621451,0.6596136964454761,1,0.0,none,0.2,0.05532462141949933,0.05532462141949933,0.0,3
irm,erm,True,0.03679380187274607,0.022366692128494917,0.0005002689167708764,0.06703242667835078,0.04892821600557341,0.05060182623621451,0.6596136964454761,1,0.25,ratio,0.02,0.059144508115640426,0.05532462141949933,0.125,105
irm,erm,True,0.03679380187274607,0.022366692128494917,0.0005002689167708764,0.06703242667835078,0.04892821600557341,0.05060182623621451,0.6596136964454761,1,0.25,ratio,0.05,0.059144508115640426,0.05532462141949933,0.125,19
irm,erm,True,0.03679380187274607,0.022366692128494917,0.0005002689167708764,0.06703242667835078,0.04892821600557341,0.05060182623621451,0.6596136964454761,1,0.25,ratio,0.1,0.059144508115640426,0.05532462141949933,0.125,7
irm,erm,True,0.03679380187274607,0.022366692128494917,0.0005002689167708764,0.06703242667835078,0.04892821600557341,0.05060182623621451,0.6596136964454761,1,0.25,ratio,0.2,0.059144508115640426,0.05532462141949933,0.125,4
irm,erm,True,0.03679380187274607,0.022366692128494917,0.0005002689167708764,0.06703242667835078,0.04892821600557341,0.05060182623621451,0.6596136964454761,1,0.25,design,0.02,0.059144508115640426,0.05532462141949933,0.125,
irm,erm,True,0.03679380187274607,0.022366692128494917,0.0005002689167708764,0.06703242667835078,0.04892821600557341,0.05060182623621451,0.6596136964454761,1,0.25,design,0.05,0.059144508115640426,0.05532462141949933,0.125,
irm,erm,True,0.03679380187274607,0.022366692128494917,0.0005002689167708764,0.06703242667835078,0.04892821600557341,0.05060182623621451,0.6596136964454761,1,0.25,design,0.1,0.059144508115640426,0.05532462141949933,0.125,9
irm,erm,True,0.03679380187274607,0.022366692128494917,0.0005002689167708764,0.06703242667835078,0.04892821600557341,0.05060182623621451,0.6596136964454761,1,0.25,design,0.2,0.059144508115640426,0.05532462141949933,0.125,3
irm,erm,True,0.03679380187274607,0.022366692128494917,0.0005002689167708764,0.06703242667835078,0.04892821600557341,0.05060182623621451,0.6596136964454761,1,0.5,ratio,0.02,0.06388337013872415,0.05532462141949933,0.25,163
irm,erm,True,0.03679380187274607,0.022366692128494917,0.0005002689167708764,0.06703242667835078,0.04892821600557341,0.05060182623621451,0.6596136964454761,1,0.5,ratio,0.05,0.06388337013872415,0.05532462141949933,0.25,28
irm,erm,True,0.03679380187274607,0.022366692128494917,0.0005002689167708764,0.06703242667835078,0.04892821600557341,0.05060182623621451,0.6596136964454761,1,0.5,ratio,0.1,0.06388337013872415,0.05532462141949933,0.25,9
irm,erm,True,0.03679380187274607,0.022366692128494917,0.0005002689167708764,0.06703242667835078,0.04892821600557341,0.05060182623621451,0.6596136964454761,1,0.5,ratio,0.2,0.06388337013872415,0.05532462141949933,0.25,4
irm,erm,True,0.03679380187274607,0.022366692128494917,0.0005002689167708764,0.06703242667835078,0.04892821600557341,0.05060182623621451,0.6596136964454761,1,0.5,design,0.02,0.06388337013872415,0.05532462141949933,0.25,
irm,erm,True,0.03679380187274607,0.022366692128494917,0.0005002689167708764,0.06703242667835078,0.04892821600557341,0.05060182623621451,0.6596136964454761,1,0.5,design,0.05,0.06388337013872415,0.05532462141949933,0.25,
irm,erm,True,0.03679380187274607,0.022366692128494917,0.0005002689167708764,0.06703242667835078,0.04892821600557341,0.05060182623621451,0.6596136964454761,1,0.5,design,0.1,0.06388337013872415,0.05532462141949933,0.25,
irm,erm,True,0.03679380187274607,0.022366692128494917,0.0005002689167708764,0.06703242667835078,0.04892821600557341,0.05060182623621451,0.6596136964454761,1,0.5,design,0.2,0.06388337013872415,0.05532462141949933,0.25,4
irm,erm,True,0.03679380187274607,0.022366692128494917,0.0005002689167708764,0.06703242667835078,0.04892821600557341,0.05060182623621451,0.6596136964454761,3,0.0,none,0.02,0.03679380187274607,0.03679380187274607,0.0,29
irm,erm,True,0.03679380187274607,0.022366692128494917,0.0005002689167708764,0.06703242667835078,0.04892821600557341,0.05060182623621451,0.6596136964454761,3,0.0,none,0.05,0.03679380187274607,0.03679380187274607,0.0,7
irm,erm,True,0.03679380187274607,0.022366692128494917,0.0005002689167708764,0.06703242667835078,0.04892821600557341,0.05060182623621451,0.6596136964454761,3,0.0,none,0.1,0.03679380187274607,0.03679380187274607,0.0,4
irm,erm,True,0.03679380187274607,0.022366692128494917,0.0005002689167708764,0.06703242667835078,0.04892821600557341,0.05060182623621451,0.6596136964454761,3,0.0,none,0.2,0.03679380187274607,0.03679380187274607,0.0,3
irm,erm,True,0.03679380187274607,0.022366692128494917,0.0005002689167708764,0.06703242667835078,0.04892821600557341,0.05060182623621451,0.6596136964454761,3,0.25,ratio,0.02,0.039334228732759206,0.03679380187274607,0.125,48
irm,erm,True,0.03679380187274607,0.022366692128494917,0.0005002689167708764,0.06703242667835078,0.04892821600557341,0.05060182623621451,0.6596136964454761,3,0.25,ratio,0.05,0.039334228732759206,0.03679380187274607,0.125,10
irm,erm,True,0.03679380187274607,0.022366692128494917,0.0005002689167708764,0.06703242667835078,0.04892821600557341,0.05060182623621451,0.6596136964454761,3,0.25,ratio,0.1,0.039334228732759206,0.03679380187274607,0.125,5
irm,erm,True,0.03679380187274607,0.022366692128494917,0.0005002689167708764,0.06703242667835078,0.04892821600557341,0.05060182623621451,0.6596136964454761,3,0.25,ratio,0.2,0.039334228732759206,0.03679380187274607,0.125,3
irm,erm,True,0.03679380187274607,0.022366692128494917,0.0005002689167708764,0.06703242667835078,0.04892821600557341,0.05060182623621451,0.6596136964454761,3,0.25,design,0.02,0.039334228732759206,0.03679380187274607,0.125,
irm,erm,True,0.03679380187274607,0.022366692128494917,0.0005002689167708764,0.06703242667835078,0.04892821600557341,0.05060182623621451,0.6596136964454761,3,0.25,design,0.05,0.039334228732759206,0.03679380187274607,0.125,
irm,erm,True,0.03679380187274607,0.022366692128494917,0.0005002689167708764,0.06703242667835078,0.04892821600557341,0.05060182623621451,0.6596136964454761,3,0.25,design,0.1,0.039334228732759206,0.03679380187274607,0.125,4
irm,erm,True,0.03679380187274607,0.022366692128494917,0.0005002689167708764,0.06703242667835078,0.04892821600557341,0.05060182623621451,0.6596136964454761,3,0.25,design,0.2,0.039334228732759206,0.03679380187274607,0.125,3
irm,erm,True,0.03679380187274607,0.022366692128494917,0.0005002689167708764,0.06703242667835078,0.04892821600557341,0.05060182623621451,0.6596136964454761,3,0.5,ratio,0.02,0.042485822831479406,0.03679380187274607,0.25,73
irm,erm,True,0.03679380187274607,0.022366692128494917,0.0005002689167708764,0.06703242667835078,0.04892821600557341,0.05060182623621451,0.6596136964454761,3,0.5,ratio,0.05,0.042485822831479406,0.03679380187274607,0.25,14
irm,erm,True,0.03679380187274607,0.022366692128494917,0.0005002689167708764,0.06703242667835078,0.04892821600557341,0.05060182623621451,0.6596136964454761,3,0.5,ratio,0.1,0.042485822831479406,0.03679380187274607,0.25,6
irm,erm,True,0.03679380187274607,0.022366692128494917,0.0005002689167708764,0.06703242667835078,0.04892821600557341,0.05060182623621451,0.6596136964454761,3,0.5,ratio,0.2,0.042485822831479406,0.03679380187274607,0.25,3
irm,erm,True,0.03679380187274607,0.022366692128494917,0.0005002689167708764,0.06703242667835078,0.04892821600557341,0.05060182623621451,0.6596136964454761,3,0.5,design,0.02,0.042485822831479406,0.03679380187274607,0.25,
irm,erm,True,0.03679380187274607,0.022366692128494917,0.0005002689167708764,0.06703242667835078,0.04892821600557341,0.05060182623621451,0.6596136964454761,3,0.5,design,0.05,0.042485822831479406,0.03679380187274607,0.25,
irm,erm,True,0.03679380187274607,0.022366692128494917,0.0005002689167708764,0.06703242667835078,0.04892821600557341,0.05060182623621451,0.6596136964454761,3,0.5,design,0.1,0.042485822831479406,0.03679380187274607,0.25,6
irm,erm,True,0.03679380187274607,0.022366692128494917,0.0005002689167708764,0.06703242667835078,0.04892821600557341,0.05060182623621451,0.6596136964454761,3,0.5,design,0.2,0.042485822831479406,0.03679380187274607,0.25,3
irm,erm,True,0.03679380187274607,0.022366692128494917,0.0005002689167708764,0.06703242667835078,0.04892821600557341,0.05060182623621451,0.6596136964454761,5,0.0,none,0.02,0.0318178861720713,0.0318178861720713,0.0,22
irm,erm,True,0.03679380187274607,0.022366692128494917,0.0005002689167708764,0.06703242667835078,0.04892821600557341,0.05060182623621451,0.6596136964454761,5,0.0,none,0.05,0.0318178861720713,0.0318178861720713,0.0,6
irm,erm,True,0.03679380187274607,0.022366692128494917,0.0005002689167708764,0.06703242667835078,0.04892821600557341,0.05060182623621451,0.6596136964454761,5,0.0,none,0.1,0.0318178861720713,0.0318178861720713,0.0,4
irm,erm,True,0.03679380187274607,0.022366692128494917,0.0005002689167708764,0.06703242667835078,0.04892821600557341,0.05060182623621451,0.6596136964454761,5,0.0,none,0.2,0.0318178861720713,0.0318178861720713,0.0,3
irm,erm,True,0.03679380187274607,0.022366692128494917,0.0005002689167708764,0.06703242667835078,0.04892821600557341,0.05060182623621451,0.6596136964454761,5,0.25,ratio,0.02,0.03401475109350372,0.0318178861720713,0.125,37
irm,erm,True,0.03679380187274607,0.022366692128494917,0.0005002689167708764,0.06703242667835078,0.04892821600557341,0.05060182623621451,0.6596136964454761,5,0.25,ratio,0.05,0.03401475109350372,0.0318178861720713,0.125,8
irm,erm,True,0.03679380187274607,0.022366692128494917,0.0005002689167708764,0.06703242667835078,0.04892821600557341,0.05060182623621451,0.6596136964454761,5,0.25,ratio,0.1,0.03401475109350372,0.0318178861720713,0.125,4
irm,erm,True,0.03679380187274607,0.022366692128494917,0.0005002689167708764,0.06703242667835078,0.04892821600557341,0.05060182623621451,0.6596136964454761,5,0.25,ratio,0.2,0.03401475109350372,0.0318178861720713,0.125,3
irm,erm,True,0.03679380187274607,0.022366692128494917,0.0005002689167708764,0.06703242667835078,0.04892821600557341,0.05060182623621451,0.6596136964454761,5,0.25,design,0.02,0.03401475109350372,0.0318178861720713,0.125,
irm,erm,True,0.03679380187274607,0.022366692128494917,0.0005002689167708764,0.06703242667835078,0.04892821600557341,0.05060182623621451,0.6596136964454761,5,0.25,design,0.05,0.03401475109350372,0.0318178861720713,0.125,32
irm,erm,True,0.03679380187274607,0.022366692128494917,0.0005002689167708764,0.06703242667835078,0.04892821600557341,0.05060182623621451,0.6596136964454761,5,0.25,design,0.1,0.03401475109350372,0.0318178861720713,0.125,4
irm,erm,True,0.03679380187274607,0.022366692128494917,0.0005002689167708764,0.06703242667835078,0.04892821600557341,0.05060182623621451,0.6596136964454761,5,0.25,design,0.2,0.03401475109350372,0.0318178861720713,0.125,3
irm,erm,True,0.03679380187274607,0.022366692128494917,0.0005002689167708764,0.06703242667835078,0.04892821600557341,0.05060182623621451,0.6596136964454761,5,0.5,ratio,0.02,0.036740130292980476,0.0318178861720713,0.25,55
irm,erm,True,0.03679380187274607,0.022366692128494917,0.0005002689167708764,0.06703242667835078,0.04892821600557341,0.05060182623621451,0.6596136964454761,5,0.5,ratio,0.05,0.036740130292980476,0.0318178861720713,0.25,11
irm,erm,True,0.03679380187274607,0.022366692128494917,0.0005002689167708764,0.06703242667835078,0.04892821600557341,0.05060182623621451,0.6596136964454761,5,0.5,ratio,0.1,0.036740130292980476,0.0318178861720713,0.25,5
irm,erm,True,0.03679380187274607,0.022366692128494917,0.0005002689167708764,0.06703242667835078,0.04892821600557341,0.05060182623621451,0.6596136964454761,5,0.5,ratio,0.2,0.036740130292980476,0.0318178861720713,0.25,3
irm,erm,True,0.03679380187274607,0.022366692128494917,0.0005002689167708764,0.06703242667835078,0.04892821600557341,0.05060182623621451,0.6596136964454761,5,0.5,design,0.02,0.036740130292980476,0.0318178861720713,0.25,
irm,erm,True,0.03679380187274607,0.022366692128494917,0.0005002689167708764,0.06703242667835078,0.04892821600557341,0.05060182623621451,0.6596136964454761,5,0.5,design,0.05,0.036740130292980476,0.0318178861720713,0.25,
irm,erm,True,0.03679380187274607,0.022366692128494917,0.0005002689167708764,0.06703242667835078,0.04892821600557341,0.05060182623621451,0.6596136964454761,5,0.5,design,0.1,0.036740130292980476,0.0318178861720713,0.25,4
irm,erm,True,0.03679380187274607,0.022366692128494917,0.0005002689167708764,0.06703242667835078,0.04892821600557341,0.05060182623621451,0.6596136964454761,5,0.5,design,0.2,0.036740130292980476,0.0318178861720713,0.25,3
irm,erm,True,0.03679380187274607,0.022366692128494917,0.0005002689167708764,0.06703242667835078,0.04892821600557341,0.05060182623621451,0.6596136964454761,10,0.0,none,0.02,0.02750133448789133,0.02750133448789133,0.0,17
irm,erm,True,0.03679380187274607,0.022366692128494917,0.0005002689167708764,0.06703242667835078,0.04892821600557341,0.05060182623621451,0.6596136964454761,10,0.0,none,0.05,0.02750133448789133,0.02750133448789133,0.0,5
irm,erm,True,0.03679380187274607,0.022366692128494917,0.0005002689167708764,0.06703242667835078,0.04892821600557341,0.05060182623621451,0.6596136964454761,10,0.0,none,0.1,0.02750133448789133,0.02750133448789133,0.0,3
irm,erm,True,0.03679380187274607,0.022366692128494917,0.0005002689167708764,0.06703242667835078,0.04892821600557341,0.05060182623621451,0.6596136964454761,10,0.0,none,0.2,0.02750133448789133,0.02750133448789133,0.0,3
irm,erm,True,0.03679380187274607,0.022366692128494917,0.0005002689167708764,0.06703242667835078,0.04892821600557341,0.05060182623621451,0.6596136964454761,10,0.25,ratio,0.02,0.0294001632379313,0.02750133448789133,0.125,28
irm,erm,True,0.03679380187274607,0.022366692128494917,0.0005002689167708764,0.06703242667835078,0.04892821600557341,0.05060182623621451,0.6596136964454761,10,0.25,ratio,0.05,0.0294001632379313,0.02750133448789133,0.125,7
irm,erm,True,0.03679380187274607,0.022366692128494917,0.0005002689167708764,0.06703242667835078,0.04892821600557341,0.05060182623621451,0.6596136964454761,10,0.25,ratio,0.1,0.0294001632379313,0.02750133448789133,0.125,4
irm,erm,True,0.03679380187274607,0.022366692128494917,0.0005002689167708764,0.06703242667835078,0.04892821600557341,0.05060182623621451,0.6596136964454761,10,0.25,ratio,0.2,0.0294001632379313,0.02750133448789133,0.125,3
irm,erm,True,0.03679380187274607,0.022366692128494917,0.0005002689167708764,0.06703242667835078,0.04892821600557341,0.05060182623621451,0.6596136964454761,10,0.25,design,0.02,0.0294001632379313,0.02750133448789133,0.125,
irm,erm,True,0.03679380187274607,0.022366692128494917,0.0005002689167708764,0.06703242667835078,0.04892821600557341,0.05060182623621451,0.6596136964454761,10,0.25,design,0.05,0.0294001632379313,0.02750133448789133,0.125,9
irm,erm,True,0.03679380187274607,0.022366692128494917,0.0005002689167708764,0.06703242667835078,0.04892821600557341,0.05060182623621451,0.6596136964454761,10,0.25,design,0.1,0.0294001632379313,0.02750133448789133,0.125,3
irm,erm,True,0.03679380187274607,0.022366692128494917,0.0005002689167708764,0.06703242667835078,0.04892821600557341,0.05060182623621451,0.6596136964454761,10,0.25,design,0.2,0.0294001632379313,0.02750133448789133,0.125,3
irm,erm,True,0.03679380187274607,0.022366692128494917,0.0005002689167708764,0.06703242667835078,0.04892821600557341,0.05060182623621451,0.6596136964454761,10,0.5,ratio,0.02,0.031755805739315995,0.02750133448789133,0.25,42
irm,erm,True,0.03679380187274607,0.022366692128494917,0.0005002689167708764,0.06703242667835078,0.04892821600557341,0.05060182623621451,0.6596136964454761,10,0.5,ratio,0.05,0.031755805739315995,0.02750133448789133,0.25,9
irm,erm,True,0.03679380187274607,0.022366692128494917,0.0005002689167708764,0.06703242667835078,0.04892821600557341,0.05060182623621451,0.6596136964454761,10,0.5,ratio,0.1,0.031755805739315995,0.02750133448789133,0.25,4
irm,erm,True,0.03679380187274607,0.022366692128494917,0.0005002689167708764,0.06703242667835078,0.04892821600557341,0.05060182623621451,0.6596136964454761,10,0.5,ratio,0.2,0.031755805739315995,0.02750133448789133,0.25,3
irm,erm,True,0.03679380187274607,0.022366692128494917,0.0005002689167708764,0.06703242667835078,0.04892821600557341,0.05060182623621451,0.6596136964454761,10,0.5,design,0.02,0.031755805739315995,0.02750133448789133,0.25,
irm,erm,True,0.03679380187274607,0.022366692128494917,0.0005002689167708764,0.06703242667835078,0.04892821600557341,0.05060182623621451,0.6596136964454761,10,0.5,design,0.05,0.031755805739315995,0.02750133448789133,0.25,
irm,erm,True,0.03679380187274607,0.022366692128494917,0.0005002689167708764,0.06703242667835078,0.04892821600557341,0.05060182623621451,0.6596136964454761,10,0.5,design,0.1,0.031755805739315995,0.02750133448789133,0.25,4
irm,erm,True,0.03679380187274607,0.022366692128494917,0.0005002689167708764,0.06703242667835078,0.04892821600557341,0.05060182623621451,0.6596136964454761,10,0.5,design,0.2,0.031755805739315995,0.02750133448789133,0.25,3
lisa,erm,True,0.03450181484021582,0.02037955863423215,0.0004153264101261061,0.015892519299949143,0.04892821600557341,0.04821977241160821,0.206660938297814,1,0.0,none,0.02,0.05234952589616641,0.05234952589616641,0.0,56
lisa,erm,True,0.03450181484021582,0.02037955863423215,0.0004153264101261061,0.015892519299949143,0.04892821600557341,0.04821977241160821,0.206660938297814,1,0.0,none,0.05,0.05234952589616641,0.05234952589616641,0.0,11
lisa,erm,True,0.03450181484021582,0.02037955863423215,0.0004153264101261061,0.015892519299949143,0.04892821600557341,0.04821977241160821,0.206660938297814,1,0.0,none,0.1,0.05234952589616641,0.05234952589616641,0.0,5
lisa,erm,True,0.03450181484021582,0.02037955863423215,0.0004153264101261061,0.015892519299949143,0.04892821600557341,0.04821977241160821,0.206660938297814,1,0.0,none,0.2,0.05234952589616641,0.05234952589616641,0.0,3
lisa,erm,True,0.03450181484021582,0.02037955863423215,0.0004153264101261061,0.015892519299949143,0.04892821600557341,0.04821977241160821,0.206660938297814,1,0.25,ratio,0.02,0.055963997218144226,0.05234952589616641,0.125,95
lisa,erm,True,0.03450181484021582,0.02037955863423215,0.0004153264101261061,0.015892519299949143,0.04892821600557341,0.04821977241160821,0.206660938297814,1,0.25,ratio,0.05,0.055963997218144226,0.05234952589616641,0.125,17
lisa,erm,True,0.03450181484021582,0.02037955863423215,0.0004153264101261061,0.015892519299949143,0.04892821600557341,0.04821977241160821,0.206660938297814,1,0.25,ratio,0.1,0.055963997218144226,0.05234952589616641,0.125,6
lisa,erm,True,0.03450181484021582,0.02037955863423215,0.0004153264101261061,0.015892519299949143,0.04892821600557341,0.04821977241160821,0.206660938297814,1,0.25,ratio,0.2,0.055963997218144226,0.05234952589616641,0.125,4
lisa,erm,True,0.03450181484021582,0.02037955863423215,0.0004153264101261061,0.015892519299949143,0.04892821600557341,0.04821977241160821,0.206660938297814,1,0.25,design,0.02,0.055963997218144226,0.05234952589616641,0.125,
lisa,erm,True,0.03450181484021582,0.02037955863423215,0.0004153264101261061,0.015892519299949143,0.04892821600557341,0.04821977241160821,0.206660938297814,1,0.25,design,0.05,0.055963997218144226,0.05234952589616641,0.125,
lisa,erm,True,0.03450181484021582,0.02037955863423215,0.0004153264101261061,0.015892519299949143,0.04892821600557341,0.04821977241160821,0.206660938297814,1,0.25,design,0.1,0.055963997218144226,0.05234952589616641,0.125,8
lisa,erm,True,0.03450181484021582,0.02037955863423215,0.0004153264101261061,0.015892519299949143,0.04892821600557341,0.04821977241160821,0.206660938297814,1,0.25,design,0.2,0.055963997218144226,0.05234952589616641,0.125,3
lisa,erm,True,0.03450181484021582,0.02037955863423215,0.0004153264101261061,0.015892519299949143,0.04892821600557341,0.04821977241160821,0.206660938297814,1,0.5,ratio,0.02,0.06044802573620193,0.05234952589616641,0.25,146
lisa,erm,True,0.03450181484021582,0.02037955863423215,0.0004153264101261061,0.015892519299949143,0.04892821600557341,0.04821977241160821,0.206660938297814,1,0.5,ratio,0.05,0.06044802573620193,0.05234952589616641,0.25,25
lisa,erm,True,0.03450181484021582,0.02037955863423215,0.0004153264101261061,0.015892519299949143,0.04892821600557341,0.04821977241160821,0.206660938297814,1,0.5,ratio,0.1,0.06044802573620193,0.05234952589616641,0.25,8
lisa,erm,True,0.03450181484021582,0.02037955863423215,0.0004153264101261061,0.015892519299949143,0.04892821600557341,0.04821977241160821,0.206660938297814,1,0.5,ratio,0.2,0.06044802573620193,0.05234952589616641,0.25,4
lisa,erm,True,0.03450181484021582,0.02037955863423215,0.0004153264101261061,0.015892519299949143,0.04892821600557341,0.04821977241160821,0.206660938297814,1,0.5,design,0.02,0.06044802573620193,0.05234952589616641,0.25,
lisa,erm,True,0.03450181484021582,0.02037955863423215,0.0004153264101261061,0.015892519299949143,0.04892821600557341,0.04821977241160821,0.206660938297814,1,0.5,design,0.05,0.06044802573620193,0.05234952589616641,0.25,
lisa,erm,True,0.03450181484021582,0.02037955863423215,0.0004153264101261061,0.015892519299949143,0.04892821600557341,0.04821977241160821,0.206660938297814,1,0.5,design,0.1,0.06044802573620193,0.05234952589616641,0.25,
lisa,erm,True,0.03450181484021582,0.02037955863423215,0.0004153264101261061,0.015892519299949143,0.04892821600557341,0.04821977241160821,0.206660938297814,1,0.5,design,0.2,0.06044802573620193,0.05234952589616641,0.25,3
lisa,erm,True,0.03450181484021582,0.02037955863423215,0.0004153264101261061,0.015892519299949143,0.04892821600557341,0.04821977241160821,0.206660938297814,3,0.0,none,0.02,0.03450181484021582,0.03450181484021582,0.0,26
lisa,erm,True,0.03450181484021582,0.02037955863423215,0.0004153264101261061,0.015892519299949143,0.04892821600557341,0.04821977241160821,0.206660938297814,3,0.0,none,0.05,0.03450181484021582,0.03450181484021582,0.0,6
lisa,erm,True,0.03450181484021582,0.02037955863423215,0.0004153264101261061,0.015892519299949143,0.04892821600557341,0.04821977241160821,0.206660938297814,3,0.0,none,0.1,0.03450181484021582,0.03450181484021582,0.0,4
lisa,erm,True,0.03450181484021582,0.02037955863423215,0.0004153264101261061,0.015892519299949143,0.04892821600557341,0.04821977241160821,0.206660938297814,3,0.0,none,0.2,0.03450181484021582,0.03450181484021582,0.0,3
lisa,erm,True,0.03450181484021582,0.02037955863423215,0.0004153264101261061,0.015892519299949143,0.04892821600557341,0.04821977241160821,0.206660938297814,3,0.25,ratio,0.02,0.036883991529714374,0.03450181484021582,0.125,43
lisa,erm,True,0.03450181484021582,0.02037955863423215,0.0004153264101261061,0.015892519299949143,0.04892821600557341,0.04821977241160821,0.206660938297814,3,0.25,ratio,0.05,0.036883991529714374,0.03450181484021582,0.125,9
lisa,erm,True,0.03450181484021582,0.02037955863423215,0.0004153264101261061,0.015892519299949143,0.04892821600557341,0.04821977241160821,0.206660938297814,3,0.25,ratio,0.1,0.036883991529714374,0.03450181484021582,0.125,4
lisa,erm,True,0.03450181484021582,0.02037955863423215,0.0004153264101261061,0.015892519299949143,0.04892821600557341,0.04821977241160821,0.206660938297814,3,0.25,ratio,0.2,0.036883991529714374,0.03450181484021582,0.125,3
lisa,erm,True,0.03450181484021582,0.02037955863423215,0.0004153264101261061,0.015892519299949143,0.04892821600557341,0.04821977241160821,0.206660938297814,3,0.25,design,0.02,0.036883991529714374,0.03450181484021582,0.125,
lisa,erm,True,0.03450181484021582,0.02037955863423215,0.0004153264101261061,0.015892519299949143,0.04892821600557341,0.04821977241160821,0.206660938297814,3,0.25,design,0.05,0.036883991529714374,0.03450181484021582,0.125,
lisa,erm,True,0.03450181484021582,0.02037955863423215,0.0004153264101261061,0.015892519299949143,0.04892821600557341,0.04821977241160821,0.206660938297814,3,0.25,design,0.1,0.036883991529714374,0.03450181484021582,0.125,4
lisa,erm,True,0.03450181484021582,0.02037955863423215,0.0004153264101261061,0.015892519299949143,0.04892821600557341,0.04821977241160821,0.206660938297814,3,0.25,design,0.2,0.036883991529714374,0.03450181484021582,0.125,3
lisa,erm,True,0.03450181484021582,0.02037955863423215,0.0004153264101261061,0.015892519299949143,0.04892821600557341,0.04821977241160821,0.206660938297814,3,0.5,ratio,0.02,0.03983926417105846,0.03450181484021582,0.25,65
lisa,erm,True,0.03450181484021582,0.02037955863423215,0.0004153264101261061,0.015892519299949143,0.04892821600557341,0.04821977241160821,0.206660938297814,3,0.5,ratio,0.05,0.03983926417105846,0.03450181484021582,0.25,13
lisa,erm,True,0.03450181484021582,0.02037955863423215,0.0004153264101261061,0.015892519299949143,0.04892821600557341,0.04821977241160821,0.206660938297814,3,0.5,ratio,0.1,0.03983926417105846,0.03450181484021582,0.25,5
lisa,erm,True,0.03450181484021582,0.02037955863423215,0.0004153264101261061,0.015892519299949143,0.04892821600557341,0.04821977241160821,0.206660938297814,3,0.5,ratio,0.2,0.03983926417105846,0.03450181484021582,0.25,3
lisa,erm,True,0.03450181484021582,0.02037955863423215,0.0004153264101261061,0.015892519299949143,0.04892821600557341,0.04821977241160821,0.206660938297814,3,0.5,design,0.02,0.03983926417105846,0.03450181484021582,0.25,
lisa,erm,True,0.03450181484021582,0.02037955863423215,0.0004153264101261061,0.015892519299949143,0.04892821600557341,0.04821977241160821,0.206660938297814,3,0.5,design,0.05,0.03983926417105846,0.03450181484021582,0.25,
lisa,erm,True,0.03450181484021582,0.02037955863423215,0.0004153264101261061,0.015892519299949143,0.04892821600557341,0.04821977241160821,0.206660938297814,3,0.5,design,0.1,0.03983926417105846,0.03450181484021582,0.25,5
lisa,erm,True,0.03450181484021582,0.02037955863423215,0.0004153264101261061,0.015892519299949143,0.04892821600557341,0.04821977241160821,0.206660938297814,3,0.5,design,0.2,0.03983926417105846,0.03450181484021582,0.25,3
lisa,erm,True,0.03450181484021582,0.02037955863423215,0.0004153264101261061,0.015892519299949143,0.04892821600557341,0.04821977241160821,0.206660938297814,5,0.0,none,0.02,0.029670788671883403,0.029670788671883403,0.0,20
lisa,erm,True,0.03450181484021582,0.02037955863423215,0.0004153264101261061,0.015892519299949143,0.04892821600557341,0.04821977241160821,0.206660938297814,5,0.0,none,0.05,0.029670788671883403,0.029670788671883403,0.0,5
lisa,erm,True,0.03450181484021582,0.02037955863423215,0.0004153264101261061,0.015892519299949143,0.04892821600557341,0.04821977241160821,0.206660938297814,5,0.0,none,0.1,0.029670788671883403,0.029670788671883403,0.0,3
lisa,erm,True,0.03450181484021582,0.02037955863423215,0.0004153264101261061,0.015892519299949143,0.04892821600557341,0.04821977241160821,0.206660938297814,5,0.0,none,0.2,0.029670788671883403,0.029670788671883403,0.0,3
lisa,erm,True,0.03450181484021582,0.02037955863423215,0.0004153264101261061,0.015892519299949143,0.04892821600557341,0.04821977241160821,0.206660938297814,5,0.25,ratio,0.02,0.0317194073158746,0.029670788671883403,0.125,32
lisa,erm,True,0.03450181484021582,0.02037955863423215,0.0004153264101261061,0.015892519299949143,0.04892821600557341,0.04821977241160821,0.206660938297814,5,0.25,ratio,0.05,0.0317194073158746,0.029670788671883403,0.125,7
lisa,erm,True,0.03450181484021582,0.02037955863423215,0.0004153264101261061,0.015892519299949143,0.04892821600557341,0.04821977241160821,0.206660938297814,5,0.25,ratio,0.1,0.0317194073158746,0.029670788671883403,0.125,4
lisa,erm,True,0.03450181484021582,0.02037955863423215,0.0004153264101261061,0.015892519299949143,0.04892821600557341,0.04821977241160821,0.206660938297814,5,0.25,ratio,0.2,0.0317194073158746,0.029670788671883403,0.125,3
lisa,erm,True,0.03450181484021582,0.02037955863423215,0.0004153264101261061,0.015892519299949143,0.04892821600557341,0.04821977241160821,0.206660938297814,5,0.25,design,0.02,0.0317194073158746,0.029670788671883403,0.125,
lisa,erm,True,0.03450181484021582,0.02037955863423215,0.0004153264101261061,0.015892519299949143,0.04892821600557341,0.04821977241160821,0.206660938297814,5,0.25,design,0.05,0.0317194073158746,0.029670788671883403,0.125,14
lisa,erm,True,0.03450181484021582,0.02037955863423215,0.0004153264101261061,0.015892519299949143,0.04892821600557341,0.04821977241160821,0.206660938297814,5,0.25,design,0.1,0.0317194073158746,0.029670788671883403,0.125,4
lisa,erm,True,0.03450181484021582,0.02037955863423215,0.0004153264101261061,0.015892519299949143,0.04892821600557341,0.04821977241160821,0.206660938297814,5,0.25,design,0.2,0.0317194073158746,0.029670788671883403,0.125,3
lisa,erm,True,0.03450181484021582,0.02037955863423215,0.0004153264101261061,0.015892519299949143,0.04892821600557341,0.04821977241160821,0.206660938297814,5,0.5,ratio,0.02,0.034260875653560764,0.029670788671883403,0.25,49
lisa,erm,True,0.03450181484021582,0.02037955863423215,0.0004153264101261061,0.015892519299949143,0.04892821600557341,0.04821977241160821,0.206660938297814,5,0.5,ratio,0.05,0.034260875653560764,0.029670788671883403,0.25,10
lisa,erm,True,0.03450181484021582,0.02037955863423215,0.0004153264101261061,0.015892519299949143,0.04892821600557341,0.04821977241160821,0.206660938297814,5,0.5,ratio,0.1,0.034260875653560764,0.029670788671883403,0.25,5
lisa,erm,True,0.03450181484021582,0.02037955863423215,0.0004153264101261061,0.015892519299949143,0.04892821600557341,0.04821977241160821,0.206660938297814,5,0.5,ratio,0.2,0.034260875653560764,0.029670788671883403,0.25,3
lisa,erm,True,0.03450181484021582,0.02037955863423215,0.0004153264101261061,0.015892519299949143,0.04892821600557341,0.04821977241160821,0.206660938297814,5,0.5,design,0.02,0.034260875653560764,0.029670788671883403,0.25,
lisa,erm,True,0.03450181484021582,0.02037955863423215,0.0004153264101261061,0.015892519299949143,0.04892821600557341,0.04821977241160821,0.206660938297814,5,0.5,design,0.05,0.034260875653560764,0.029670788671883403,0.25,
lisa,erm,True,0.03450181484021582,0.02037955863423215,0.0004153264101261061,0.015892519299949143,0.04892821600557341,0.04821977241160821,0.206660938297814,5,0.5,design,0.1,0.034260875653560764,0.029670788671883403,0.25,4
lisa,erm,True,0.03450181484021582,0.02037955863423215,0.0004153264101261061,0.015892519299949143,0.04892821600557341,0.04821977241160821,0.206660938297814,5,0.5,design,0.2,0.034260875653560764,0.029670788671883403,0.25,3
lisa,erm,True,0.03450181484021582,0.02037955863423215,0.0004153264101261061,0.015892519299949143,0.04892821600557341,0.04821977241160821,0.206660938297814,10,0.0,none,0.02,0.025452721961881312,0.025452721961881312,0.0,15
lisa,erm,True,0.03450181484021582,0.02037955863423215,0.0004153264101261061,0.015892519299949143,0.04892821600557341,0.04821977241160821,0.206660938297814,10,0.0,none,0.05,0.025452721961881312,0.025452721961881312,0.0,5
lisa,erm,True,0.03450181484021582,0.02037955863423215,0.0004153264101261061,0.015892519299949143,0.04892821600557341,0.04821977241160821,0.206660938297814,10,0.0,none,0.1,0.025452721961881312,0.025452721961881312,0.0,3
lisa,erm,True,0.03450181484021582,0.02037955863423215,0.0004153264101261061,0.015892519299949143,0.04892821600557341,0.04821977241160821,0.206660938297814,10,0.0,none,0.2,0.025452721961881312,0.025452721961881312,0.0,3
lisa,erm,True,0.03450181484021582,0.02037955863423215,0.0004153264101261061,0.015892519299949143,0.04892821600557341,0.04821977241160821,0.206660938297814,10,0.25,ratio,0.02,0.027210104326336155,0.025452721961881312,0.125,24
lisa,erm,True,0.03450181484021582,0.02037955863423215,0.0004153264101261061,0.015892519299949143,0.04892821600557341,0.04821977241160821,0.206660938297814,10,0.25,ratio,0.05,0.027210104326336155,0.025452721961881312,0.125,6
lisa,erm,True,0.03450181484021582,0.02037955863423215,0.0004153264101261061,0.015892519299949143,0.04892821600557341,0.04821977241160821,0.206660938297814,10,0.25,ratio,0.1,0.027210104326336155,0.025452721961881312,0.125,4
lisa,erm,True,0.03450181484021582,0.02037955863423215,0.0004153264101261061,0.015892519299949143,0.04892821600557341,0.04821977241160821,0.206660938297814,10,0.25,ratio,0.2,0.027210104326336155,0.025452721961881312,0.125,3
lisa,erm,True,0.03450181484021582,0.02037955863423215,0.0004153264101261061,0.015892519299949143,0.04892821600557341,0.04821977241160821,0.206660938297814,10,0.25,design,0.02,0.027210104326336155,0.025452721961881312,0.125,
lisa,erm,True,0.03450181484021582,0.02037955863423215,0.0004153264101261061,0.015892519299949143,0.04892821600557341,0.04821977241160821,0.206660938297814,10,0.25,design,0.05,0.027210104326336155,0.025452721961881312,0.125,7
lisa,erm,True,0.03450181484021582,0.02037955863423215,0.0004153264101261061,0.015892519299949143,0.04892821600557341,0.04821977241160821,0.206660938297814,10,0.25,design,0.1,0.027210104326336155,0.025452721961881312,0.125,3
lisa,erm,True,0.03450181484021582,0.02037955863423215,0.0004153264101261061,0.015892519299949143,0.04892821600557341,0.04821977241160821,0.206660938297814,10,0.25,design,0.2,0.027210104326336155,0.025452721961881312,0.125,3
lisa,erm,True,0.03450181484021582,0.02037955863423215,0.0004153264101261061,0.015892519299949143,0.04892821600557341,0.04821977241160821,0.206660938297814,10,0.5,ratio,0.02,0.02939027175260175,0.025452721961881312,0.25,36
lisa,erm,True,0.03450181484021582,0.02037955863423215,0.0004153264101261061,0.015892519299949143,0.04892821600557341,0.04821977241160821,0.206660938297814,10,0.5,ratio,0.05,0.02939027175260175,0.025452721961881312,0.25,8
lisa,erm,True,0.03450181484021582,0.02037955863423215,0.0004153264101261061,0.015892519299949143,0.04892821600557341,0.04821977241160821,0.206660938297814,10,0.5,ratio,0.1,0.02939027175260175,0.025452721961881312,0.25,4
lisa,erm,True,0.03450181484021582,0.02037955863423215,0.0004153264101261061,0.015892519299949143,0.04892821600557341,0.04821977241160821,0.206660938297814,10,0.5,ratio,0.2,0.02939027175260175,0.025452721961881312,0.25,3
lisa,erm,True,0.03450181484021582,0.02037955863423215,0.0004153264101261061,0.015892519299949143,0.04892821600557341,0.04821977241160821,0.206660938297814,10,0.5,design,0.02,0.02939027175260175,0.025452721961881312,0.25,
lisa,erm,True,0.03450181484021582,0.02037955863423215,0.0004153264101261061,0.015892519299949143,0.04892821600557341,0.04821977241160821,0.206660938297814,10,0.5,design,0.05,0.02939027175260175,0.025452721961881312,0.25,
lisa,erm,True,0.03450181484021582,0.02037955863423215,0.0004153264101261061,0.015892519299949143,0.04892821600557341,0.04821977241160821,0.206660938297814,10,0.5,design,0.1,0.02939027175260175,0.025452721961881312,0.25,3
lisa,erm,True,0.03450181484021582,0.02037955863423215,0.0004153264101261061,0.015892519299949143,0.04892821600557341,0.04821977241160821,0.206660938297814,10,0.5,design,0.2,0.02939027175260175,0.025452721961881312,0.25,3
macenko,erm,True,0.06680495254806625,0.06191692081143474,0.0038337050827694803,0.009697890896727956,0.04892821600557341,0.04344640153729314,0.6326964903536011,1,0.0,none,0.02,0.07563924172880891,0.07563924172880891,0.0,115
macenko,erm,True,0.06680495254806625,0.06191692081143474,0.0038337050827694803,0.009697890896727956,0.04892821600557341,0.04344640153729314,0.6326964903536011,1,0.0,none,0.05,0.07563924172880891,0.07563924172880891,0.0,20
macenko,erm,True,0.06680495254806625,0.06191692081143474,0.0038337050827694803,0.009697890896727956,0.04892821600557341,0.04344640153729314,0.6326964903536011,1,0.0,none,0.1,0.07563924172880891,0.07563924172880891,0.0,7
macenko,erm,True,0.06680495254806625,0.06191692081143474,0.0038337050827694803,0.009697890896727956,0.04892821600557341,0.04344640153729314,0.6326964903536011,1,0.0,none,0.2,0.07563924172880891,0.07563924172880891,0.0,4
macenko,erm,True,0.06680495254806625,0.06191692081143474,0.0038337050827694803,0.009697890896727956,0.04892821600557341,0.04344640153729314,0.6326964903536011,1,0.25,ratio,0.02,0.08086175072702217,0.07563924172880891,0.125,195
macenko,erm,True,0.06680495254806625,0.06191692081143474,0.0038337050827694803,0.009697890896727956,0.04892821600557341,0.04344640153729314,0.6326964903536011,1,0.25,ratio,0.05,0.08086175072702217,0.07563924172880891,0.125,33
macenko,erm,True,0.06680495254806625,0.06191692081143474,0.0038337050827694803,0.009697890896727956,0.04892821600557341,0.04344640153729314,0.6326964903536011,1,0.25,ratio,0.1,0.08086175072702217,0.07563924172880891,0.125,10
macenko,erm,True,0.06680495254806625,0.06191692081143474,0.0038337050827694803,0.009697890896727956,0.04892821600557341,0.04344640153729314,0.6326964903536011,1,0.25,ratio,0.2,0.08086175072702217,0.07563924172880891,0.125,5
macenko,erm,True,0.06680495254806625,0.06191692081143474,0.0038337050827694803,0.009697890896727956,0.04892821600557341,0.04344640153729314,0.6326964903536011,1,0.25,design,0.02,0.08086175072702217,0.07563924172880891,0.125,
macenko,erm,True,0.06680495254806625,0.06191692081143474,0.0038337050827694803,0.009697890896727956,0.04892821600557341,0.04344640153729314,0.6326964903536011,1,0.25,design,0.05,0.08086175072702217,0.07563924172880891,0.125,
macenko,erm,True,0.06680495254806625,0.06191692081143474,0.0038337050827694803,0.009697890896727956,0.04892821600557341,0.04344640153729314,0.6326964903536011,1,0.25,design,0.1,0.08086175072702217,0.07563924172880891,0.125,
macenko,erm,True,0.06680495254806625,0.06191692081143474,0.0038337050827694803,0.009697890896727956,0.04892821600557341,0.04344640153729314,0.6326964903536011,1,0.25,design,0.2,0.08086175072702217,0.07563924172880891,0.125,4
macenko,erm,True,0.06680495254806625,0.06191692081143474,0.0038337050827694803,0.009697890896727956,0.04892821600557341,0.04344640153729314,0.6326964903536011,1,0.5,ratio,0.02,0.08734067314685401,0.07563924172880891,0.25,302
macenko,erm,True,0.06680495254806625,0.06191692081143474,0.0038337050827694803,0.009697890896727956,0.04892821600557341,0.04344640153729314,0.6326964903536011,1,0.5,ratio,0.05,0.08734067314685401,0.07563924172880891,0.25,50
macenko,erm,True,0.06680495254806625,0.06191692081143474,0.0038337050827694803,0.009697890896727956,0.04892821600557341,0.04344640153729314,0.6326964903536011,1,0.5,ratio,0.1,0.08734067314685401,0.07563924172880891,0.25,15
macenko,erm,True,0.06680495254806625,0.06191692081143474,0.0038337050827694803,0.009697890896727956,0.04892821600557341,0.04344640153729314,0.6326964903536011,1,0.5,ratio,0.2,0.08734067314685401,0.07563924172880891,0.25,6
macenko,erm,True,0.06680495254806625,0.06191692081143474,0.0038337050827694803,0.009697890896727956,0.04892821600557341,0.04344640153729314,0.6326964903536011,1,0.5,design,0.02,0.08734067314685401,0.07563924172880891,0.25,
macenko,erm,True,0.06680495254806625,0.06191692081143474,0.0038337050827694803,0.009697890896727956,0.04892821600557341,0.04344640153729314,0.6326964903536011,1,0.5,design,0.05,0.08734067314685401,0.07563924172880891,0.25,
macenko,erm,True,0.06680495254806625,0.06191692081143474,0.0038337050827694803,0.009697890896727956,0.04892821600557341,0.04344640153729314,0.6326964903536011,1,0.5,design,0.1,0.08734067314685401,0.07563924172880891,0.25,
macenko,erm,True,0.06680495254806625,0.06191692081143474,0.0038337050827694803,0.009697890896727956,0.04892821600557341,0.04344640153729314,0.6326964903536011,1,0.5,design,0.2,0.08734067314685401,0.07563924172880891,0.25,6
macenko,erm,True,0.06680495254806625,0.06191692081143474,0.0038337050827694803,0.009697890896727956,0.04892821600557341,0.04344640153729314,0.6326964903536011,3,0.0,none,0.02,0.06680495254806625,0.06680495254806625,0.0,90
macenko,erm,True,0.06680495254806625,0.06191692081143474,0.0038337050827694803,0.009697890896727956,0.04892821600557341,0.04344640153729314,0.6326964903536011,3,0.0,none,0.05,0.06680495254806625,0.06680495254806625,0.0,17
macenko,erm,True,0.06680495254806625,0.06191692081143474,0.0038337050827694803,0.009697890896727956,0.04892821600557341,0.04344640153729314,0.6326964903536011,3,0.0,none,0.1,0.06680495254806625,0.06680495254806625,0.0,6
macenko,erm,True,0.06680495254806625,0.06191692081143474,0.0038337050827694803,0.009697890896727956,0.04892821600557341,0.04344640153729314,0.6326964903536011,3,0.0,none,0.2,0.06680495254806625,0.06680495254806625,0.0,4
macenko,erm,True,0.06680495254806625,0.06191692081143474,0.0038337050827694803,0.009697890896727956,0.04892821600557341,0.04344640153729314,0.6326964903536011,3,0.25,ratio,0.02,0.07141749833558705,0.06680495254806625,0.125,153
macenko,erm,True,0.06680495254806625,0.06191692081143474,0.0038337050827694803,0.009697890896727956,0.04892821600557341,0.04344640153729314,0.6326964903536011,3,0.25,ratio,0.05,0.07141749833558705,0.06680495254806625,0.125,27
macenko,erm,True,0.06680495254806625,0.06191692081143474,0.0038337050827694803,0.009697890896727956,0.04892821600557341,0.04344640153729314,0.6326964903536011,3,0.25,ratio,0.1,0.07141749833558705,0.06680495254806625,0.125,9
macenko,erm,True,0.06680495254806625,0.06191692081143474,0.0038337050827694803,0.009697890896727956,0.04892821600557341,0.04344640153729314,0.6326964903536011,3,0.25,ratio,0.2,0.07141749833558705,0.06680495254806625,0.125,4
macenko,erm,True,0.06680495254806625,0.06191692081143474,0.0038337050827694803,0.009697890896727956,0.04892821600557341,0.04344640153729314,0.6326964903536011,3,0.25,design,0.02,0.07141749833558705,0.06680495254806625,0.125,
macenko,erm,True,0.06680495254806625,0.06191692081143474,0.0038337050827694803,0.009697890896727956,0.04892821600557341,0.04344640153729314,0.6326964903536011,3,0.25,design,0.05,0.07141749833558705,0.06680495254806625,0.125,
macenko,erm,True,0.06680495254806625,0.06191692081143474,0.0038337050827694803,0.009697890896727956,0.04892821600557341,0.04344640153729314,0.6326964903536011,3,0.25,design,0.1,0.07141749833558705,0.06680495254806625,0.125,
macenko,erm,True,0.06680495254806625,0.06191692081143474,0.0038337050827694803,0.009697890896727956,0.04892821600557341,0.04344640153729314,0.6326964903536011,3,0.25,design,0.2,0.07141749833558705,0.06680495254806625,0.125,4
macenko,erm,True,0.06680495254806625,0.06191692081143474,0.0038337050827694803,0.009697890896727956,0.04892821600557341,0.04344640153729314,0.6326964903536011,3,0.5,ratio,0.02,0.07713971467365245,0.06680495254806625,0.25,236
macenko,erm,True,0.06680495254806625,0.06191692081143474,0.0038337050827694803,0.009697890896727956,0.04892821600557341,0.04344640153729314,0.6326964903536011,3,0.5,ratio,0.05,0.07713971467365245,0.06680495254806625,0.25,40
macenko,erm,True,0.06680495254806625,0.06191692081143474,0.0038337050827694803,0.009697890896727956,0.04892821600557341,0.04344640153729314,0.6326964903536011,3,0.5,ratio,0.1,0.07713971467365245,0.06680495254806625,0.25,12
macenko,erm,True,0.06680495254806625,0.06191692081143474,0.0038337050827694803,0.009697890896727956,0.04892821600557341,0.04344640153729314,0.6326964903536011,3,0.5,ratio,0.2,0.07713971467365245,0.06680495254806625,0.25,5
macenko,erm,True,0.06680495254806625,0.06191692081143474,0.0038337050827694803,0.009697890896727956,0.04892821600557341,0.04344640153729314,0.6326964903536011,3,0.5,design,0.02,0.07713971467365245,0.06680495254806625,0.25,
macenko,erm,True,0.06680495254806625,0.06191692081143474,0.0038337050827694803,0.009697890896727956,0.04892821600557341,0.04344640153729314,0.6326964903536011,3,0.5,design,0.05,0.07713971467365245,0.06680495254806625,0.25,
macenko,erm,True,0.06680495254806625,0.06191692081143474,0.0038337050827694803,0.009697890896727956,0.04892821600557341,0.04344640153729314,0.6326964903536011,3,0.5,design,0.1,0.07713971467365245,0.06680495254806625,0.25,
macenko,erm,True,0.06680495254806625,0.06191692081143474,0.0038337050827694803,0.009697890896727956,0.04892821600557341,0.04344640153729314,0.6326964903536011,3,0.5,design,0.2,0.07713971467365245,0.06680495254806625,0.25,5
macenko,erm,True,0.06680495254806625,0.06191692081143474,0.0038337050827694803,0.009697890896727956,0.04892821600557341,0.04344640153729314,0.6326964903536011,5,0.0,none,0.02,0.0648939368822498,0.0648939368822498,0.0,85
macenko,erm,True,0.06680495254806625,0.06191692081143474,0.0038337050827694803,0.009697890896727956,0.04892821600557341,0.04344640153729314,0.6326964903536011,5,0.0,none,0.05,0.0648939368822498,0.0648939368822498,0.0,16
macenko,erm,True,0.06680495254806625,0.06191692081143474,0.0038337050827694803,0.009697890896727956,0.04892821600557341,0.04344640153729314,0.6326964903536011,5,0.0,none,0.1,0.0648939368822498,0.0648939368822498,0.0,6
macenko,erm,True,0.06680495254806625,0.06191692081143474,0.0038337050827694803,0.009697890896727956,0.04892821600557341,0.04344640153729314,0.6326964903536011,5,0.0,none,0.2,0.0648939368822498,0.0648939368822498,0.0,4
macenko,erm,True,0.06680495254806625,0.06191692081143474,0.0038337050827694803,0.009697890896727956,0.04892821600557341,0.04344640153729314,0.6326964903536011,5,0.25,ratio,0.02,0.06937453665494625,0.0648939368822498,0.125,144
macenko,erm,True,0.06680495254806625,0.06191692081143474,0.0038337050827694803,0.009697890896727956,0.04892821600557341,0.04344640153729314,0.6326964903536011,5,0.25,ratio,0.05,0.06937453665494625,0.0648939368822498,0.125,25
macenko,erm,True,0.06680495254806625,0.06191692081143474,0.0038337050827694803,0.009697890896727956,0.04892821600557341,0.04344640153729314,0.6326964903536011,5,0.25,ratio,0.1,0.06937453665494625,0.0648939368822498,0.125,8
macenko,erm,True,0.06680495254806625,0.06191692081143474,0.0038337050827694803,0.009697890896727956,0.04892821600557341,0.04344640153729314,0.6326964903536011,5,0.25,ratio,0.2,0.06937453665494625,0.0648939368822498,0.125,4
macenko,erm,True,0.06680495254806625,0.06191692081143474,0.0038337050827694803,0.009697890896727956,0.04892821600557341,0.04344640153729314,0.6326964903536011,5,0.25,design,0.02,0.06937453665494625,0.0648939368822498,0.125,
macenko,erm,True,0.06680495254806625,0.06191692081143474,0.0038337050827694803,0.009697890896727956,0.04892821600557341,0.04344640153729314,0.6326964903536011,5,0.25,design,0.05,0.06937453665494625,0.0648939368822498,0.125,
macenko,erm,True,0.06680495254806625,0.06191692081143474,0.0038337050827694803,0.009697890896727956,0.04892821600557341,0.04344640153729314,0.6326964903536011,5,0.25,design,0.1,0.06937453665494625,0.0648939368822498,0.125,53
macenko,erm,True,0.06680495254806625,0.06191692081143474,0.0038337050827694803,0.009697890896727956,0.04892821600557341,0.04344640153729314,0.6326964903536011,5,0.25,design,0.2,0.06937453665494625,0.0648939368822498,0.125,4
macenko,erm,True,0.06680495254806625,0.06191692081143474,0.0038337050827694803,0.009697890896727956,0.04892821600557341,0.04344640153729314,0.6326964903536011,5,0.5,ratio,0.02,0.07493306385548301,0.0648939368822498,0.25,223
macenko,erm,True,0.06680495254806625,0.06191692081143474,0.0038337050827694803,0.009697890896727956,0.04892821600557341,0.04344640153729314,0.6326964903536011,5,0.5,ratio,0.05,0.07493306385548301,0.0648939368822498,0.25,38
macenko,erm,True,0.06680495254806625,0.06191692081143474,0.0038337050827694803,0.009697890896727956,0.04892821600557341,0.04344640153729314,0.6326964903536011,5,0.5,ratio,0.1,0.07493306385548301,0.0648939368822498,0.25,11
macenko,erm,True,0.06680495254806625,0.06191692081143474,0.0038337050827694803,0.009697890896727956,0.04892821600557341,0.04344640153729314,0.6326964903536011,5,0.5,ratio,0.2,0.07493306385548301,0.0648939368822498,0.25,5
macenko,erm,True,0.06680495254806625,0.06191692081143474,0.0038337050827694803,0.009697890896727956,0.04892821600557341,0.04344640153729314,0.6326964903536011,5,0.5,design,0.02,0.07493306385548301,0.0648939368822498,0.25,
macenko,erm,True,0.06680495254806625,0.06191692081143474,0.0038337050827694803,0.009697890896727956,0.04892821600557341,0.04344640153729314,0.6326964903536011,5,0.5,design,0.05,0.07493306385548301,0.0648939368822498,0.25,
macenko,erm,True,0.06680495254806625,0.06191692081143474,0.0038337050827694803,0.009697890896727956,0.04892821600557341,0.04344640153729314,0.6326964903536011,5,0.5,design,0.1,0.07493306385548301,0.0648939368822498,0.25,
macenko,erm,True,0.06680495254806625,0.06191692081143474,0.0038337050827694803,0.009697890896727956,0.04892821600557341,0.04344640153729314,0.6326964903536011,5,0.5,design,0.2,0.07493306385548301,0.0648939368822498,0.25,4
macenko,erm,True,0.06680495254806625,0.06191692081143474,0.0038337050827694803,0.009697890896727956,0.04892821600557341,0.04344640153729314,0.6326964903536011,10,0.0,none,0.02,0.06342289857317664,0.06342289857317664,0.0,81
macenko,erm,True,0.06680495254806625,0.06191692081143474,0.0038337050827694803,0.009697890896727956,0.04892821600557341,0.04344640153729314,0.6326964903536011,10,0.0,none,0.05,0.06342289857317664,0.06342289857317664,0.0,15
macenko,erm,True,0.06680495254806625,0.06191692081143474,0.0038337050827694803,0.009697890896727956,0.04892821600557341,0.04344640153729314,0.6326964903536011,10,0.0,none,0.1,0.06342289857317664,0.06342289857317664,0.0,6
macenko,erm,True,0.06680495254806625,0.06191692081143474,0.0038337050827694803,0.009697890896727956,0.04892821600557341,0.04344640153729314,0.6326964903536011,10,0.0,none,0.2,0.06342289857317664,0.06342289857317664,0.0,4
macenko,erm,True,0.06680495254806625,0.06191692081143474,0.0038337050827694803,0.009697890896727956,0.04892821600557341,0.04344640153729314,0.6326964903536011,10,0.25,ratio,0.02,0.06780193055341166,0.06342289857317664,0.125,138
macenko,erm,True,0.06680495254806625,0.06191692081143474,0.0038337050827694803,0.009697890896727956,0.04892821600557341,0.04344640153729314,0.6326964903536011,10,0.25,ratio,0.05,0.06780193055341166,0.06342289857317664,0.125,24
macenko,erm,True,0.06680495254806625,0.06191692081143474,0.0038337050827694803,0.009697890896727956,0.04892821600557341,0.04344640153729314,0.6326964903536011,10,0.25,ratio,0.1,0.06780193055341166,0.06342289857317664,0.125,8
macenko,erm,True,0.06680495254806625,0.06191692081143474,0.0038337050827694803,0.009697890896727956,0.04892821600557341,0.04344640153729314,0.6326964903536011,10,0.25,ratio,0.2,0.06780193055341166,0.06342289857317664,0.125,4
macenko,erm,True,0.06680495254806625,0.06191692081143474,0.0038337050827694803,0.009697890896727956,0.04892821600557341,0.04344640153729314,0.6326964903536011,10,0.25,design,0.02,0.06780193055341166,0.06342289857317664,0.125,
macenko,erm,True,0.06680495254806625,0.06191692081143474,0.0038337050827694803,0.009697890896727956,0.04892821600557341,0.04344640153729314,0.6326964903536011,10,0.25,design,0.05,0.06780193055341166,0.06342289857317664,0.125,
macenko,erm,True,0.06680495254806625,0.06191692081143474,0.0038337050827694803,0.009697890896727956,0.04892821600557341,0.04344640153729314,0.6326964903536011,10,0.25,design,0.1,0.06780193055341166,0.06342289857317664,0.125,30
macenko,erm,True,0.06680495254806625,0.06191692081143474,0.0038337050827694803,0.009697890896727956,0.04892821600557341,0.04344640153729314,0.6326964903536011,10,0.25,design,0.2,0.06780193055341166,0.06342289857317664,0.125,4
macenko,erm,True,0.06680495254806625,0.06191692081143474,0.0038337050827694803,0.009697890896727956,0.04892821600557341,0.04344640153729314,0.6326964903536011,10,0.5,ratio,0.02,0.07323445512801972,0.06342289857317664,0.25,213
macenko,erm,True,0.06680495254806625,0.06191692081143474,0.0038337050827694803,0.009697890896727956,0.04892821600557341,0.04344640153729314,0.6326964903536011,10,0.5,ratio,0.05,0.07323445512801972,0.06342289857317664,0.25,36
macenko,erm,True,0.06680495254806625,0.06191692081143474,0.0038337050827694803,0.009697890896727956,0.04892821600557341,0.04344640153729314,0.6326964903536011,10,0.5,ratio,0.1,0.07323445512801972,0.06342289857317664,0.25,11
macenko,erm,True,0.06680495254806625,0.06191692081143474,0.0038337050827694803,0.009697890896727956,0.04892821600557341,0.04344640153729314,0.6326964903536011,10,0.5,ratio,0.2,0.07323445512801972,0.06342289857317664,0.25,5
macenko,erm,True,0.06680495254806625,0.06191692081143474,0.0038337050827694803,0.009697890896727956,0.04892821600557341,0.04344640153729314,0.6326964903536011,10,0.5,design,0.02,0.07323445512801972,0.06342289857317664,0.25,
macenko,erm,True,0.06680495254806625,0.06191692081143474,0.0038337050827694803,0.009697890896727956,0.04892821600557341,0.04344640153729314,0.6326964903536011,10,0.5,design,0.05,0.07323445512801972,0.06342289857317664,0.25,
macenko,erm,True,0.06680495254806625,0.06191692081143474,0.0038337050827694803,0.009697890896727956,0.04892821600557341,0.04344640153729314,0.6326964903536011,10,0.5,design,0.1,0.07323445512801972,0.06342289857317664,0.25,
macenko,erm,True,0.06680495254806625,0.06191692081143474,0.0038337050827694803,0.009697890896727956,0.04892821600557341,0.04344640153729314,0.6326964903536011,10,0.5,design,0.2,0.07323445512801972,0.06342289857317664,0.25,4
macenko_tile,erm,True,0.07195228819294844,0.0657019939350389,0.004316752007039888,0.007694994730650561,0.04892821600557341,0.05080491420604561,-0.16992727564160473,1,0.0,none,0.02,0.08305354486428344,0.08305354486428344,0.0,138
macenko_tile,erm,True,0.07195228819294844,0.0657019939350389,0.004316752007039888,0.007694994730650561,0.04892821600557341,0.05080491420604561,-0.16992727564160473,1,0.0,none,0.05,0.08305354486428344,0.08305354486428344,0.0,24
macenko_tile,erm,True,0.07195228819294844,0.0657019939350389,0.004316752007039888,0.007694994730650561,0.04892821600557341,0.05080491420604561,-0.16992727564160473,1,0.0,none,0.1,0.08305354486428344,0.08305354486428344,0.0,8
macenko_tile,erm,True,0.07195228819294844,0.0657019939350389,0.004316752007039888,0.007694994730650561,0.04892821600557341,0.05080491420604561,-0.16992727564160473,1,0.0,none,0.2,0.08305354486428344,0.08305354486428344,0.0,4
macenko_tile,erm,True,0.07195228819294844,0.0657019939350389,0.004316752007039888,0.007694994730650561,0.04892821600557341,0.05080491420604561,-0.16992727564160473,1,0.25,ratio,0.02,0.0887879741826306,0.08305354486428344,0.125,234
macenko_tile,erm,True,0.07195228819294844,0.0657019939350389,0.004316752007039888,0.007694994730650561,0.04892821600557341,0.05080491420604561,-0.16992727564160473,1,0.25,ratio,0.05,0.0887879741826306,0.08305354486428344,0.125,40
macenko_tile,erm,True,0.07195228819294844,0.0657019939350389,0.004316752007039888,0.007694994730650561,0.04892821600557341,0.05080491420604561,-0.16992727564160473,1,0.25,ratio,0.1,0.0887879741826306,0.08305354486428344,0.125,12
macenko_tile,erm,True,0.07195228819294844,0.0657019939350389,0.004316752007039888,0.007694994730650561,0.04892821600557341,0.05080491420604561,-0.16992727564160473,1,0.25,ratio,0.2,0.0887879741826306,0.08305354486428344,0.125,5
macenko_tile,erm,True,0.07195228819294844,0.0657019939350389,0.004316752007039888,0.007694994730650561,0.04892821600557341,0.05080491420604561,-0.16992727564160473,1,0.25,design,0.02,0.0887879741826306,0.08305354486428344,0.125,
macenko_tile,erm,True,0.07195228819294844,0.0657019939350389,0.004316752007039888,0.007694994730650561,0.04892821600557341,0.05080491420604561,-0.16992727564160473,1,0.25,design,0.05,0.0887879741826306,0.08305354486428344,0.125,
macenko_tile,erm,True,0.07195228819294844,0.0657019939350389,0.004316752007039888,0.007694994730650561,0.04892821600557341,0.05080491420604561,-0.16992727564160473,1,0.25,design,0.1,0.0887879741826306,0.08305354486428344,0.125,
macenko_tile,erm,True,0.07195228819294844,0.0657019939350389,0.004316752007039888,0.007694994730650561,0.04892821600557341,0.05080491420604561,-0.16992727564160473,1,0.25,design,0.2,0.0887879741826306,0.08305354486428344,0.125,5
macenko_tile,erm,True,0.07195228819294844,0.0657019939350389,0.004316752007039888,0.007694994730650561,0.04892821600557341,0.05080491420604561,-0.16992727564160473,1,0.5,ratio,0.02,0.09590197296909342,0.08305354486428344,0.25,363
macenko_tile,erm,True,0.07195228819294844,0.0657019939350389,0.004316752007039888,0.007694994730650561,0.04892821600557341,0.05080491420604561,-0.16992727564160473,1,0.5,ratio,0.05,0.09590197296909342,0.08305354486428344,0.25,60
macenko_tile,erm,True,0.07195228819294844,0.0657019939350389,0.004316752007039888,0.007694994730650561,0.04892821600557341,0.05080491420604561,-0.16992727564160473,1,0.5,ratio,0.1,0.09590197296909342,0.08305354486428344,0.25,17
macenko_tile,erm,True,0.07195228819294844,0.0657019939350389,0.004316752007039888,0.007694994730650561,0.04892821600557341,0.05080491420604561,-0.16992727564160473,1,0.5,ratio,0.2,0.09590197296909342,0.08305354486428344,0.25,6
macenko_tile,erm,True,0.07195228819294844,0.0657019939350389,0.004316752007039888,0.007694994730650561,0.04892821600557341,0.05080491420604561,-0.16992727564160473,1,0.5,design,0.02,0.09590197296909342,0.08305354486428344,0.25,
macenko_tile,erm,True,0.07195228819294844,0.0657019939350389,0.004316752007039888,0.007694994730650561,0.04892821600557341,0.05080491420604561,-0.16992727564160473,1,0.5,design,0.05,0.09590197296909342,0.08305354486428344,0.25,
macenko_tile,erm,True,0.07195228819294844,0.0657019939350389,0.004316752007039888,0.007694994730650561,0.04892821600557341,0.05080491420604561,-0.16992727564160473,1,0.5,design,0.1,0.09590197296909342,0.08305354486428344,0.25,
macenko_tile,erm,True,0.07195228819294844,0.0657019939350389,0.004316752007039888,0.007694994730650561,0.04892821600557341,0.05080491420604561,-0.16992727564160473,1,0.5,design,0.2,0.09590197296909342,0.08305354486428344,0.25,12
macenko_tile,erm,True,0.07195228819294844,0.0657019939350389,0.004316752007039888,0.007694994730650561,0.04892821600557341,0.05080491420604561,-0.16992727564160473,3,0.0,none,0.02,0.07195228819294844,0.07195228819294844,0.0,104
macenko_tile,erm,True,0.07195228819294844,0.0657019939350389,0.004316752007039888,0.007694994730650561,0.04892821600557341,0.05080491420604561,-0.16992727564160473,3,0.0,none,0.05,0.07195228819294844,0.07195228819294844,0.0,19
macenko_tile,erm,True,0.07195228819294844,0.0657019939350389,0.004316752007039888,0.007694994730650561,0.04892821600557341,0.05080491420604561,-0.16992727564160473,3,0.0,none,0.1,0.07195228819294844,0.07195228819294844,0.0,7
macenko_tile,erm,True,0.07195228819294844,0.0657019939350389,0.004316752007039888,0.007694994730650561,0.04892821600557341,0.05080491420604561,-0.16992727564160473,3,0.0,none,0.2,0.07195228819294844,0.07195228819294844,0.0,4
macenko_tile,erm,True,0.07195228819294844,0.0657019939350389,0.004316752007039888,0.007694994730650561,0.04892821600557341,0.05080491420604561,-0.16992727564160473,3,0.25,ratio,0.02,0.07692023160355228,0.07195228819294844,0.125,177
macenko_tile,erm,True,0.07195228819294844,0.0657019939350389,0.004316752007039888,0.007694994730650561,0.04892821600557341,0.05080491420604561,-0.16992727564160473,3,0.25,ratio,0.05,0.07692023160355228,0.07195228819294844,0.125,30
macenko_tile,erm,True,0.07195228819294844,0.0657019939350389,0.004316752007039888,0.007694994730650561,0.04892821600557341,0.05080491420604561,-0.16992727564160473,3,0.25,ratio,0.1,0.07692023160355228,0.07195228819294844,0.125,10
macenko_tile,erm,True,0.07195228819294844,0.0657019939350389,0.004316752007039888,0.007694994730650561,0.04892821600557341,0.05080491420604561,-0.16992727564160473,3,0.25,ratio,0.2,0.07692023160355228,0.07195228819294844,0.125,5
macenko_tile,erm,True,0.07195228819294844,0.0657019939350389,0.004316752007039888,0.007694994730650561,0.04892821600557341,0.05080491420604561,-0.16992727564160473,3,0.25,design,0.02,0.07692023160355228,0.07195228819294844,0.125,
macenko_tile,erm,True,0.07195228819294844,0.0657019939350389,0.004316752007039888,0.007694994730650561,0.04892821600557341,0.05080491420604561,-0.16992727564160473,3,0.25,design,0.05,0.07692023160355228,0.07195228819294844,0.125,
macenko_tile,erm,True,0.07195228819294844,0.0657019939350389,0.004316752007039888,0.007694994730650561,0.04892821600557341,0.05080491420604561,-0.16992727564160473,3,0.25,design,0.1,0.07692023160355228,0.07195228819294844,0.125,
macenko_tile,erm,True,0.07195228819294844,0.0657019939350389,0.004316752007039888,0.007694994730650561,0.04892821600557341,0.05080491420604561,-0.16992727564160473,3,0.25,design,0.2,0.07692023160355228,0.07195228819294844,0.125,4
macenko_tile,erm,True,0.07195228819294844,0.0657019939350389,0.004316752007039888,0.007694994730650561,0.04892821600557341,0.05080491420604561,-0.16992727564160473,3,0.5,ratio,0.02,0.08308334591401663,0.07195228819294844,0.25,273
macenko_tile,erm,True,0.07195228819294844,0.0657019939350389,0.004316752007039888,0.007694994730650561,0.04892821600557341,0.05080491420604561,-0.16992727564160473,3,0.5,ratio,0.05,0.08308334591401663,0.07195228819294844,0.25,46
macenko_tile,erm,True,0.07195228819294844,0.0657019939350389,0.004316752007039888,0.007694994730650561,0.04892821600557341,0.05080491420604561,-0.16992727564160473,3,0.5,ratio,0.1,0.08308334591401663,0.07195228819294844,0.25,13
macenko_tile,erm,True,0.07195228819294844,0.0657019939350389,0.004316752007039888,0.007694994730650561,0.04892821600557341,0.05080491420604561,-0.16992727564160473,3,0.5,ratio,0.2,0.08308334591401663,0.07195228819294844,0.25,5
macenko_tile,erm,True,0.07195228819294844,0.0657019939350389,0.004316752007039888,0.007694994730650561,0.04892821600557341,0.05080491420604561,-0.16992727564160473,3,0.5,design,0.02,0.08308334591401663,0.07195228819294844,0.25,
macenko_tile,erm,True,0.07195228819294844,0.0657019939350389,0.004316752007039888,0.007694994730650561,0.04892821600557341,0.05080491420604561,-0.16992727564160473,3,0.5,design,0.05,0.08308334591401663,0.07195228819294844,0.25,
macenko_tile,erm,True,0.07195228819294844,0.0657019939350389,0.004316752007039888,0.007694994730650561,0.04892821600557341,0.05080491420604561,-0.16992727564160473,3,0.5,design,0.1,0.08308334591401663,0.07195228819294844,0.25,
macenko_tile,erm,True,0.07195228819294844,0.0657019939350389,0.004316752007039888,0.007694994730650561,0.04892821600557341,0.05080491420604561,-0.16992727564160473,3,0.5,design,0.2,0.08308334591401663,0.07195228819294844,0.25,5
macenko_tile,erm,True,0.07195228819294844,0.0657019939350389,0.004316752007039888,0.007694994730650561,0.04892821600557341,0.05080491420604561,-0.16992727564160473,5,0.0,none,0.02,0.06951963656792676,0.06951963656792676,0.0,97
macenko_tile,erm,True,0.07195228819294844,0.0657019939350389,0.004316752007039888,0.007694994730650561,0.04892821600557341,0.05080491420604561,-0.16992727564160473,5,0.0,none,0.05,0.06951963656792676,0.06951963656792676,0.0,18
macenko_tile,erm,True,0.07195228819294844,0.0657019939350389,0.004316752007039888,0.007694994730650561,0.04892821600557341,0.05080491420604561,-0.16992727564160473,5,0.0,none,0.1,0.06951963656792676,0.06951963656792676,0.0,6
macenko_tile,erm,True,0.07195228819294844,0.0657019939350389,0.004316752007039888,0.007694994730650561,0.04892821600557341,0.05080491420604561,-0.16992727564160473,5,0.0,none,0.2,0.06951963656792676,0.06951963656792676,0.0,4
macenko_tile,erm,True,0.07195228819294844,0.0657019939350389,0.004316752007039888,0.007694994730650561,0.04892821600557341,0.05080491420604561,-0.16992727564160473,5,0.25,ratio,0.02,0.07431961762577799,0.06951963656792676,0.125,165
macenko_tile,erm,True,0.07195228819294844,0.0657019939350389,0.004316752007039888,0.007694994730650561,0.04892821600557341,0.05080491420604561,-0.16992727564160473,5,0.25,ratio,0.05,0.07431961762577799,0.06951963656792676,0.125,28
macenko_tile,erm,True,0.07195228819294844,0.0657019939350389,0.004316752007039888,0.007694994730650561,0.04892821600557341,0.05080491420604561,-0.16992727564160473,5,0.25,ratio,0.1,0.07431961762577799,0.06951963656792676,0.125,9
macenko_tile,erm,True,0.07195228819294844,0.0657019939350389,0.004316752007039888,0.007694994730650561,0.04892821600557341,0.05080491420604561,-0.16992727564160473,5,0.25,ratio,0.2,0.07431961762577799,0.06951963656792676,0.125,4
macenko_tile,erm,True,0.07195228819294844,0.0657019939350389,0.004316752007039888,0.007694994730650561,0.04892821600557341,0.05080491420604561,-0.16992727564160473,5,0.25,design,0.02,0.07431961762577799,0.06951963656792676,0.125,
macenko_tile,erm,True,0.07195228819294844,0.0657019939350389,0.004316752007039888,0.007694994730650561,0.04892821600557341,0.05080491420604561,-0.16992727564160473,5,0.25,design,0.05,0.07431961762577799,0.06951963656792676,0.125,
macenko_tile,erm,True,0.07195228819294844,0.0657019939350389,0.004316752007039888,0.007694994730650561,0.04892821600557341,0.05080491420604561,-0.16992727564160473,5,0.25,design,0.1,0.07431961762577799,0.06951963656792676,0.125,
macenko_tile,erm,True,0.07195228819294844,0.0657019939350389,0.004316752007039888,0.007694994730650561,0.04892821600557341,0.05080491420604561,-0.16992727564160473,5,0.25,design,0.2,0.07431961762577799,0.06951963656792676,0.125,4
macenko_tile,erm,True,0.07195228819294844,0.0657019939350389,0.004316752007039888,0.007694994730650561,0.04892821600557341,0.05080491420604561,-0.16992727564160473,5,0.5,ratio,0.02,0.08027436177291493,0.06951963656792676,0.25,255
macenko_tile,erm,True,0.07195228819294844,0.0657019939350389,0.004316752007039888,0.007694994730650561,0.04892821600557341,0.05080491420604561,-0.16992727564160473,5,0.5,ratio,0.05,0.08027436177291493,0.06951963656792676,0.25,43
macenko_tile,erm,True,0.07195228819294844,0.0657019939350389,0.004316752007039888,0.007694994730650561,0.04892821600557341,0.05080491420604561,-0.16992727564160473,5,0.5,ratio,0.1,0.08027436177291493,0.06951963656792676,0.25,13
macenko_tile,erm,True,0.07195228819294844,0.0657019939350389,0.004316752007039888,0.007694994730650561,0.04892821600557341,0.05080491420604561,-0.16992727564160473,5,0.5,ratio,0.2,0.08027436177291493,0.06951963656792676,0.25,5
macenko_tile,erm,True,0.07195228819294844,0.0657019939350389,0.004316752007039888,0.007694994730650561,0.04892821600557341,0.05080491420604561,-0.16992727564160473,5,0.5,design,0.02,0.08027436177291493,0.06951963656792676,0.25,
macenko_tile,erm,True,0.07195228819294844,0.0657019939350389,0.004316752007039888,0.007694994730650561,0.04892821600557341,0.05080491420604561,-0.16992727564160473,5,0.5,design,0.05,0.08027436177291493,0.06951963656792676,0.25,
macenko_tile,erm,True,0.07195228819294844,0.0657019939350389,0.004316752007039888,0.007694994730650561,0.04892821600557341,0.05080491420604561,-0.16992727564160473,5,0.5,design,0.1,0.08027436177291493,0.06951963656792676,0.25,
macenko_tile,erm,True,0.07195228819294844,0.0657019939350389,0.004316752007039888,0.007694994730650561,0.04892821600557341,0.05080491420604561,-0.16992727564160473,5,0.5,design,0.2,0.08027436177291493,0.06951963656792676,0.25,5
macenko_tile,erm,True,0.07195228819294844,0.0657019939350389,0.004316752007039888,0.007694994730650561,0.04892821600557341,0.05080491420604561,-0.16992727564160473,10,0.0,none,0.02,0.06763775526869777,0.06763775526869777,0.0,92
macenko_tile,erm,True,0.07195228819294844,0.0657019939350389,0.004316752007039888,0.007694994730650561,0.04892821600557341,0.05080491420604561,-0.16992727564160473,10,0.0,none,0.05,0.06763775526869777,0.06763775526869777,0.0,17
macenko_tile,erm,True,0.07195228819294844,0.0657019939350389,0.004316752007039888,0.007694994730650561,0.04892821600557341,0.05080491420604561,-0.16992727564160473,10,0.0,none,0.1,0.06763775526869777,0.06763775526869777,0.0,6
macenko_tile,erm,True,0.07195228819294844,0.0657019939350389,0.004316752007039888,0.007694994730650561,0.04892821600557341,0.05080491420604561,-0.16992727564160473,10,0.0,none,0.2,0.06763775526869777,0.06763775526869777,0.0,4
macenko_tile,erm,True,0.07195228819294844,0.0657019939350389,0.004316752007039888,0.007694994730650561,0.04892821600557341,0.05080491420604561,-0.16992727564160473,10,0.25,ratio,0.02,0.07230780189312316,0.06763775526869777,0.125,156
macenko_tile,erm,True,0.07195228819294844,0.0657019939350389,0.004316752007039888,0.007694994730650561,0.04892821600557341,0.05080491420604561,-0.16992727564160473,10,0.25,ratio,0.05,0.07230780189312316,0.06763775526869777,0.125,27
macenko_tile,erm,True,0.07195228819294844,0.0657019939350389,0.004316752007039888,0.007694994730650561,0.04892821600557341,0.05080491420604561,-0.16992727564160473,10,0.25,ratio,0.1,0.07230780189312316,0.06763775526869777,0.125,9
macenko_tile,erm,True,0.07195228819294844,0.0657019939350389,0.004316752007039888,0.007694994730650561,0.04892821600557341,0.05080491420604561,-0.16992727564160473,10,0.25,ratio,0.2,0.07230780189312316,0.06763775526869777,0.125,4
macenko_tile,erm,True,0.07195228819294844,0.0657019939350389,0.004316752007039888,0.007694994730650561,0.04892821600557341,0.05080491420604561,-0.16992727564160473,10,0.25,design,0.02,0.07230780189312316,0.06763775526869777,0.125,
macenko_tile,erm,True,0.07195228819294844,0.0657019939350389,0.004316752007039888,0.007694994730650561,0.04892821600557341,0.05080491420604561,-0.16992727564160473,10,0.25,design,0.05,0.07230780189312316,0.06763775526869777,0.125,
macenko_tile,erm,True,0.07195228819294844,0.0657019939350389,0.004316752007039888,0.007694994730650561,0.04892821600557341,0.05080491420604561,-0.16992727564160473,10,0.25,design,0.1,0.07230780189312316,0.06763775526869777,0.125,
macenko_tile,erm,True,0.07195228819294844,0.0657019939350389,0.004316752007039888,0.007694994730650561,0.04892821600557341,0.05080491420604561,-0.16992727564160473,10,0.25,design,0.2,0.07230780189312316,0.06763775526869777,0.125,4
macenko_tile,erm,True,0.07195228819294844,0.0657019939350389,0.004316752007039888,0.007694994730650561,0.04892821600557341,0.05080491420604561,-0.16992727564160473,10,0.5,ratio,0.02,0.07810135242352938,0.06763775526869777,0.25,242
macenko_tile,erm,True,0.07195228819294844,0.0657019939350389,0.004316752007039888,0.007694994730650561,0.04892821600557341,0.05080491420604561,-0.16992727564160473,10,0.5,ratio,0.05,0.07810135242352938,0.06763775526869777,0.25,41
macenko_tile,erm,True,0.07195228819294844,0.0657019939350389,0.004316752007039888,0.007694994730650561,0.04892821600557341,0.05080491420604561,-0.16992727564160473,10,0.5,ratio,0.1,0.07810135242352938,0.06763775526869777,0.25,12
macenko_tile,erm,True,0.07195228819294844,0.0657019939350389,0.004316752007039888,0.007694994730650561,0.04892821600557341,0.05080491420604561,-0.16992727564160473,10,0.5,ratio,0.2,0.07810135242352938,0.06763775526869777,0.25,5
macenko_tile,erm,True,0.07195228819294844,0.0657019939350389,0.004316752007039888,0.007694994730650561,0.04892821600557341,0.05080491420604561,-0.16992727564160473,10,0.5,design,0.02,0.07810135242352938,0.06763775526869777,0.25,
macenko_tile,erm,True,0.07195228819294844,0.0657019939350389,0.004316752007039888,0.007694994730650561,0.04892821600557341,0.05080491420604561,-0.16992727564160473,10,0.5,design,0.05,0.07810135242352938,0.06763775526869777,0.25,
macenko_tile,erm,True,0.07195228819294844,0.0657019939350389,0.004316752007039888,0.007694994730650561,0.04892821600557341,0.05080491420604561,-0.16992727564160473,10,0.5,design,0.1,0.07810135242352938,0.06763775526869777,0.25,
macenko_tile,erm,True,0.07195228819294844,0.0657019939350389,0.004316752007039888,0.007694994730650561,0.04892821600557341,0.05080491420604561,-0.16992727564160473,10,0.5,design,0.2,0.07810135242352938,0.06763775526869777,0.25,5
mixstyle,erm,True,0.02748169083454144,0.0,-0.00020572401979230875,0.010420523234081502,0.04892821600557341,0.053692662932218985,-0.37299082927624294,1,0.0,none,0.02,0.053692662932218985,0.053692662932218985,0.0,59
mixstyle,erm,True,0.02748169083454144,0.0,-0.00020572401979230875,0.010420523234081502,0.04892821600557341,0.053692662932218985,-0.37299082927624294,1,0.0,none,0.05,0.053692662932218985,0.053692662932218985,0.0,12
mixstyle,erm,True,0.02748169083454144,0.0,-0.00020572401979230875,0.010420523234081502,0.04892821600557341,0.053692662932218985,-0.37299082927624294,1,0.0,none,0.1,0.053692662932218985,0.053692662932218985,0.0,5
mixstyle,erm,True,0.02748169083454144,0.0,-0.00020572401979230875,0.010420523234081502,0.04892821600557341,0.053692662932218985,-0.37299082927624294,1,0.0,none,0.2,0.053692662932218985,0.053692662932218985,0.0,3
mixstyle,erm,True,0.02748169083454144,0.0,-0.00020572401979230875,0.010420523234081502,0.04892821600557341,0.053692662932218985,-0.37299082927624294,1,0.25,ratio,0.02,0.057399871107400156,0.053692662932218985,0.125,99
mixstyle,erm,True,0.02748169083454144,0.0,-0.00020572401979230875,0.010420523234081502,0.04892821600557341,0.053692662932218985,-0.37299082927624294,1,0.25,ratio,0.05,0.057399871107400156,0.053692662932218985,0.125,18
mixstyle,erm,True,0.02748169083454144,0.0,-0.00020572401979230875,0.010420523234081502,0.04892821600557341,0.053692662932218985,-0.37299082927624294,1,0.25,ratio,0.1,0.057399871107400156,0.053692662932218985,0.125,7
mixstyle,erm,True,0.02748169083454144,0.0,-0.00020572401979230875,0.010420523234081502,0.04892821600557341,0.053692662932218985,-0.37299082927624294,1,0.25,ratio,0.2,0.057399871107400156,0.053692662932218985,0.125,4
mixstyle,erm,True,0.02748169083454144,0.0,-0.00020572401979230875,0.010420523234081502,0.04892821600557341,0.053692662932218985,-0.37299082927624294,1,0.25,design,0.02,0.057399871107400156,0.053692662932218985,0.125,
mixstyle,erm,True,0.02748169083454144,0.0,-0.00020572401979230875,0.010420523234081502,0.04892821600557341,0.053692662932218985,-0.37299082927624294,1,0.25,design,0.05,0.057399871107400156,0.053692662932218985,0.125,
mixstyle,erm,True,0.02748169083454144,0.0,-0.00020572401979230875,0.010420523234081502,0.04892821600557341,0.053692662932218985,-0.37299082927624294,1,0.25,design,0.1,0.057399871107400156,0.053692662932218985,0.125,8
mixstyle,erm,True,0.02748169083454144,0.0,-0.00020572401979230875,0.010420523234081502,0.04892821600557341,0.053692662932218985,-0.37299082927624294,1,0.25,design,0.2,0.057399871107400156,0.053692662932218985,0.125,3
mixstyle,erm,True,0.02748169083454144,0.0,-0.00020572401979230875,0.010420523234081502,0.04892821600557341,0.053692662932218985,-0.37299082927624294,1,0.5,ratio,0.02,0.06199894679484895,0.053692662932218985,0.25,153
mixstyle,erm,True,0.02748169083454144,0.0,-0.00020572401979230875,0.010420523234081502,0.04892821600557341,0.053692662932218985,-0.37299082927624294,1,0.5,ratio,0.05,0.06199894679484895,0.053692662932218985,0.25,27
mixstyle,erm,True,0.02748169083454144,0.0,-0.00020572401979230875,0.010420523234081502,0.04892821600557341,0.053692662932218985,-0.37299082927624294,1,0.5,ratio,0.1,0.06199894679484895,0.053692662932218985,0.25,9
mixstyle,erm,True,0.02748169083454144,0.0,-0.00020572401979230875,0.010420523234081502,0.04892821600557341,0.053692662932218985,-0.37299082927624294,1,0.5,ratio,0.2,0.06199894679484895,0.053692662932218985,0.25,4
mixstyle,erm,True,0.02748169083454144,0.0,-0.00020572401979230875,0.010420523234081502,0.04892821600557341,0.053692662932218985,-0.37299082927624294,1,0.5,design,0.02,0.06199894679484895,0.053692662932218985,0.25,
mixstyle,erm,True,0.02748169083454144,0.0,-0.00020572401979230875,0.010420523234081502,0.04892821600557341,0.053692662932218985,-0.37299082927624294,1,0.5,design,0.05,0.06199894679484895,0.053692662932218985,0.25,
mixstyle,erm,True,0.02748169083454144,0.0,-0.00020572401979230875,0.010420523234081502,0.04892821600557341,0.053692662932218985,-0.37299082927624294,1,0.5,design,0.1,0.06199894679484895,0.053692662932218985,0.25,
mixstyle,erm,True,0.02748169083454144,0.0,-0.00020572401979230875,0.010420523234081502,0.04892821600557341,0.053692662932218985,-0.37299082927624294,1,0.5,design,0.2,0.06199894679484895,0.053692662932218985,0.25,4
mixstyle,erm,True,0.02748169083454144,0.0,-0.00020572401979230875,0.010420523234081502,0.04892821600557341,0.053692662932218985,-0.37299082927624294,3,0.0,none,0.02,0.03099947339742447,0.03099947339742447,0.0,21
mixstyle,erm,True,0.02748169083454144,0.0,-0.00020572401979230875,0.010420523234081502,0.04892821600557341,0.053692662932218985,-0.37299082927624294,3,0.0,none,0.05,0.03099947339742447,0.03099947339742447,0.0,6
mixstyle,erm,True,0.02748169083454144,0.0,-0.00020572401979230875,0.010420523234081502,0.04892821600557341,0.053692662932218985,-0.37299082927624294,3,0.0,none,0.1,0.03099947339742447,0.03099947339742447,0.0,4
mixstyle,erm,True,0.02748169083454144,0.0,-0.00020572401979230875,0.010420523234081502,0.04892821600557341,0.053692662932218985,-0.37299082927624294,3,0.0,none,0.2,0.03099947339742447,0.03099947339742447,0.0,3
mixstyle,erm,True,0.02748169083454144,0.0,-0.00020572401979230875,0.010420523234081502,0.04892821600557341,0.053692662932218985,-0.37299082927624294,3,0.25,ratio,0.02,0.03313983103530731,0.03099947339742447,0.125,35
mixstyle,erm,True,0.02748169083454144,0.0,-0.00020572401979230875,0.010420523234081502,0.04892821600557341,0.053692662932218985,-0.37299082927624294,3,0.25,ratio,0.05,0.03313983103530731,0.03099947339742447,0.125,8
mixstyle,erm,True,0.02748169083454144,0.0,-0.00020572401979230875,0.010420523234081502,0.04892821600557341,0.053692662932218985,-0.37299082927624294,3,0.25,ratio,0.1,0.03313983103530731,0.03099947339742447,0.125,4
mixstyle,erm,True,0.02748169083454144,0.0,-0.00020572401979230875,0.010420523234081502,0.04892821600557341,0.053692662932218985,-0.37299082927624294,3,0.25,ratio,0.2,0.03313983103530731,0.03099947339742447,0.125,3
mixstyle,erm,True,0.02748169083454144,0.0,-0.00020572401979230875,0.010420523234081502,0.04892821600557341,0.053692662932218985,-0.37299082927624294,3,0.25,design,0.02,0.03313983103530731,0.03099947339742447,0.125,
mixstyle,erm,True,0.02748169083454144,0.0,-0.00020572401979230875,0.010420523234081502,0.04892821600557341,0.053692662932218985,-0.37299082927624294,3,0.25,design,0.05,0.03313983103530731,0.03099947339742447,0.125,21
mixstyle,erm,True,0.02748169083454144,0.0,-0.00020572401979230875,0.010420523234081502,0.04892821600557341,0.053692662932218985,-0.37299082927624294,3,0.25,design,0.1,0.03313983103530731,0.03099947339742447,0.125,4
mixstyle,erm,True,0.02748169083454144,0.0,-0.00020572401979230875,0.010420523234081502,0.04892821600557341,0.053692662932218985,-0.37299082927624294,3,0.25,design,0.2,0.03313983103530731,0.03099947339742447,0.125,3
mixstyle,erm,True,0.02748169083454144,0.0,-0.00020572401979230875,0.010420523234081502,0.04892821600557341,0.053692662932218985,-0.37299082927624294,3,0.5,ratio,0.02,0.035795108621479325,0.03099947339742447,0.25,53
mixstyle,erm,True,0.02748169083454144,0.0,-0.00020572401979230875,0.010420523234081502,0.04892821600557341,0.053692662932218985,-0.37299082927624294,3,0.5,ratio,0.05,0.035795108621479325,0.03099947339742447,0.25,11
mixstyle,erm,True,0.02748169083454144,0.0,-0.00020572401979230875,0.010420523234081502,0.04892821600557341,0.053692662932218985,-0.37299082927624294,3,0.5,ratio,0.1,0.035795108621479325,0.03099947339742447,0.25,5
mixstyle,erm,True,0.02748169083454144,0.0,-0.00020572401979230875,0.010420523234081502,0.04892821600557341,0.053692662932218985,-0.37299082927624294,3,0.5,ratio,0.2,0.035795108621479325,0.03099947339742447,0.25,3
mixstyle,erm,True,0.02748169083454144,0.0,-0.00020572401979230875,0.010420523234081502,0.04892821600557341,0.053692662932218985,-0.37299082927624294,3,0.5,design,0.02,0.035795108621479325,0.03099947339742447,0.25,
mixstyle,erm,True,0.02748169083454144,0.0,-0.00020572401979230875,0.010420523234081502,0.04892821600557341,0.053692662932218985,-0.37299082927624294,3,0.5,design,0.05,0.035795108621479325,0.03099947339742447,0.25,
mixstyle,erm,True,0.02748169083454144,0.0,-0.00020572401979230875,0.010420523234081502,0.04892821600557341,0.053692662932218985,-0.37299082927624294,3,0.5,design,0.1,0.035795108621479325,0.03099947339742447,0.25,4
mixstyle,erm,True,0.02748169083454144,0.0,-0.00020572401979230875,0.010420523234081502,0.04892821600557341,0.053692662932218985,-0.37299082927624294,3,0.5,design,0.2,0.035795108621479325,0.03099947339742447,0.25,3
mixstyle,erm,True,0.02748169083454144,0.0,-0.00020572401979230875,0.010420523234081502,0.04892821600557341,0.053692662932218985,-0.37299082927624294,5,0.0,none,0.02,0.024012088841884965,0.024012088841884965,0.0,14
mixstyle,erm,True,0.02748169083454144,0.0,-0.00020572401979230875,0.010420523234081502,0.04892821600557341,0.053692662932218985,-0.37299082927624294,5,0.0,none,0.05,0.024012088841884965,0.024012088841884965,0.0,5
mixstyle,erm,True,0.02748169083454144,0.0,-0.00020572401979230875,0.010420523234081502,0.04892821600557341,0.053692662932218985,-0.37299082927624294,5,0.0,none,0.1,0.024012088841884965,0.024012088841884965,0.0,3
mixstyle,erm,True,0.02748169083454144,0.0,-0.00020572401979230875,0.010420523234081502,0.04892821600557341,0.053692662932218985,-0.37299082927624294,5,0.0,none,0.2,0.024012088841884965,0.024012088841884965,0.0,3
mixstyle,erm,True,0.02748169083454144,0.0,-0.00020572401979230875,0.010420523234081502,0.04892821600557341,0.053692662932218985,-0.37299082927624294,5,0.25,ratio,0.02,0.025670002739174577,0.024012088841884965,0.125,22
mixstyle,erm,True,0.02748169083454144,0.0,-0.00020572401979230875,0.010420523234081502,0.04892821600557341,0.053692662932218985,-0.37299082927624294,5,0.25,ratio,0.05,0.025670002739174577,0.024012088841884965,0.125,6
mixstyle,erm,True,0.02748169083454144,0.0,-0.00020572401979230875,0.010420523234081502,0.04892821600557341,0.053692662932218985,-0.37299082927624294,5,0.25,ratio,0.1,0.025670002739174577,0.024012088841884965,0.125,4
mixstyle,erm,True,0.02748169083454144,0.0,-0.00020572401979230875,0.010420523234081502,0.04892821600557341,0.053692662932218985,-0.37299082927624294,5,0.25,ratio,0.2,0.025670002739174577,0.024012088841884965,0.125,3
mixstyle,erm,True,0.02748169083454144,0.0,-0.00020572401979230875,0.010420523234081502,0.04892821600557341,0.053692662932218985,-0.37299082927624294,5,0.25,design,0.02,0.025670002739174577,0.024012088841884965,0.125,
mixstyle,erm,True,0.02748169083454144,0.0,-0.00020572401979230875,0.010420523234081502,0.04892821600557341,0.053692662932218985,-0.37299082927624294,5,0.25,design,0.05,0.025670002739174577,0.024012088841884965,0.125,6
mixstyle,erm,True,0.02748169083454144,0.0,-0.00020572401979230875,0.010420523234081502,0.04892821600557341,0.053692662932218985,-0.37299082927624294,5,0.25,design,0.1,0.025670002739174577,0.024012088841884965,0.125,3
mixstyle,erm,True,0.02748169083454144,0.0,-0.00020572401979230875,0.010420523234081502,0.04892821600557341,0.053692662932218985,-0.37299082927624294,5,0.25,design,0.2,0.025670002739174577,0.024012088841884965,0.125,3
mixstyle,erm,True,0.02748169083454144,0.0,-0.00020572401979230875,0.010420523234081502,0.04892821600557341,0.053692662932218985,-0.37299082927624294,5,0.5,ratio,0.02,0.027726771913334988,0.024012088841884965,0.25,33
mixstyle,erm,True,0.02748169083454144,0.0,-0.00020572401979230875,0.010420523234081502,0.04892821600557341,0.053692662932218985,-0.37299082927624294,5,0.5,ratio,0.05,0.027726771913334988,0.024012088841884965,0.25,7
mixstyle,erm,True,0.02748169083454144,0.0,-0.00020572401979230875,0.010420523234081502,0.04892821600557341,0.053692662932218985,-0.37299082927624294,5,0.5,ratio,0.1,0.027726771913334988,0.024012088841884965,0.25,4
mixstyle,erm,True,0.02748169083454144,0.0,-0.00020572401979230875,0.010420523234081502,0.04892821600557341,0.053692662932218985,-0.37299082927624294,5,0.5,ratio,0.2,0.027726771913334988,0.024012088841884965,0.25,3
mixstyle,erm,True,0.02748169083454144,0.0,-0.00020572401979230875,0.010420523234081502,0.04892821600557341,0.053692662932218985,-0.37299082927624294,5,0.5,design,0.02,0.027726771913334988,0.024012088841884965,0.25,
mixstyle,erm,True,0.02748169083454144,0.0,-0.00020572401979230875,0.010420523234081502,0.04892821600557341,0.053692662932218985,-0.37299082927624294,5,0.5,design,0.05,0.027726771913334988,0.024012088841884965,0.25,
mixstyle,erm,True,0.02748169083454144,0.0,-0.00020572401979230875,0.010420523234081502,0.04892821600557341,0.053692662932218985,-0.37299082927624294,5,0.5,design,0.1,0.027726771913334988,0.024012088841884965,0.25,3
mixstyle,erm,True,0.02748169083454144,0.0,-0.00020572401979230875,0.010420523234081502,0.04892821600557341,0.053692662932218985,-0.37299082927624294,5,0.5,design,0.2,0.027726771913334988,0.024012088841884965,0.25,3
mixstyle,erm,True,0.02748169083454144,0.0,-0.00020572401979230875,0.010420523234081502,0.04892821600557341,0.053692662932218985,-0.37299082927624294,10,0.0,none,0.02,0.016979110850550694,0.016979110850550694,0.0,8
mixstyle,erm,True,0.02748169083454144,0.0,-0.00020572401979230875,0.010420523234081502,0.04892821600557341,0.053692662932218985,-0.37299082927624294,10,0.0,none,0.05,0.016979110850550694,0.016979110850550694,0.0,4
mixstyle,erm,True,0.02748169083454144,0.0,-0.00020572401979230875,0.010420523234081502,0.04892821600557341,0.053692662932218985,-0.37299082927624294,10,0.0,none,0.1,0.016979110850550694,0.016979110850550694,0.0,3
mixstyle,erm,True,0.02748169083454144,0.0,-0.00020572401979230875,0.010420523234081502,0.04892821600557341,0.053692662932218985,-0.37299082927624294,10,0.0,none,0.2,0.016979110850550694,0.016979110850550694,0.0,2
mixstyle,erm,True,0.02748169083454144,0.0,-0.00020572401979230875,0.010420523234081502,0.04892821600557341,0.053692662932218985,-0.37299082927624294,10,0.25,ratio,0.02,0.018151433009947596,0.016979110850550694,0.125,12
mixstyle,erm,True,0.02748169083454144,0.0,-0.00020572401979230875,0.010420523234081502,0.04892821600557341,0.053692662932218985,-0.37299082927624294,10,0.25,ratio,0.05,0.018151433009947596,0.016979110850550694,0.125,4
mixstyle,erm,True,0.02748169083454144,0.0,-0.00020572401979230875,0.010420523234081502,0.04892821600557341,0.053692662932218985,-0.37299082927624294,10,0.25,ratio,0.1,0.018151433009947596,0.016979110850550694,0.125,3
mixstyle,erm,True,0.02748169083454144,0.0,-0.00020572401979230875,0.010420523234081502,0.04892821600557341,0.053692662932218985,-0.37299082927624294,10,0.25,ratio,0.2,0.018151433009947596,0.016979110850550694,0.125,3
mixstyle,erm,True,0.02748169083454144,0.0,-0.00020572401979230875,0.010420523234081502,0.04892821600557341,0.053692662932218985,-0.37299082927624294,10,0.25,design,0.02,0.018151433009947596,0.016979110850550694,0.125,
mixstyle,erm,True,0.02748169083454144,0.0,-0.00020572401979230875,0.010420523234081502,0.04892821600557341,0.053692662932218985,-0.37299082927624294,10,0.25,design,0.05,0.018151433009947596,0.016979110850550694,0.125,4
mixstyle,erm,True,0.02748169083454144,0.0,-0.00020572401979230875,0.010420523234081502,0.04892821600557341,0.053692662932218985,-0.37299082927624294,10,0.25,design,0.1,0.018151433009947596,0.016979110850550694,0.125,3
mixstyle,erm,True,0.02748169083454144,0.0,-0.00020572401979230875,0.010420523234081502,0.04892821600557341,0.053692662932218985,-0.37299082927624294,10,0.25,design,0.2,0.018151433009947596,0.016979110850550694,0.125,3
mixstyle,erm,True,0.02748169083454144,0.0,-0.00020572401979230875,0.010420523234081502,0.04892821600557341,0.053692662932218985,-0.37299082927624294,10,0.5,ratio,0.02,0.01960578844033188,0.016979110850550694,0.25,18
mixstyle,erm,True,0.02748169083454144,0.0,-0.00020572401979230875,0.010420523234081502,0.04892821600557341,0.053692662932218985,-0.37299082927624294,10,0.5,ratio,0.05,0.01960578844033188,0.016979110850550694,0.25,5
mixstyle,erm,True,0.02748169083454144,0.0,-0.00020572401979230875,0.010420523234081502,0.04892821600557341,0.053692662932218985,-0.37299082927624294,10,0.5,ratio,0.1,0.01960578844033188,0.016979110850550694,0.25,3
mixstyle,erm,True,0.02748169083454144,0.0,-0.00020572401979230875,0.010420523234081502,0.04892821600557341,0.053692662932218985,-0.37299082927624294,10,0.5,ratio,0.2,0.01960578844033188,0.016979110850550694,0.25,3
mixstyle,erm,True,0.02748169083454144,0.0,-0.00020572401979230875,0.010420523234081502,0.04892821600557341,0.053692662932218985,-0.37299082927624294,10,0.5,design,0.02,0.01960578844033188,0.016979110850550694,0.25,
mixstyle,erm,True,0.02748169083454144,0.0,-0.00020572401979230875,0.010420523234081502,0.04892821600557341,0.053692662932218985,-0.37299082927624294,10,0.5,design,0.05,0.01960578844033188,0.016979110850550694,0.25,5
mixstyle,erm,True,0.02748169083454144,0.0,-0.00020572401979230875,0.010420523234081502,0.04892821600557341,0.053692662932218985,-0.37299082927624294,10,0.5,design,0.1,0.01960578844033188,0.016979110850550694,0.25,3
mixstyle,erm,True,0.02748169083454144,0.0,-0.00020572401979230875,0.010420523234081502,0.04892821600557341,0.053692662932218985,-0.37299082927624294,10,0.5,design,0.2,0.01960578844033188,0.016979110850550694,0.25,3
probe_resnet50_imagenet,erm,True,0.055842856838164055,0.04784332123119914,0.00228898338643171,0.006906633243085791,0.04892821600557341,0.04988310155000316,-0.06902615998120512,1,0.0,none,0.02,0.06911806715092399,0.06911806715092399,0.0,96
probe_resnet50_imagenet,erm,True,0.055842856838164055,0.04784332123119914,0.00228898338643171,0.006906633243085791,0.04892821600557341,0.04988310155000316,-0.06902615998120512,1,0.0,none,0.05,0.06911806715092399,0.06911806715092399,0.0,18
probe_resnet50_imagenet,erm,True,0.055842856838164055,0.04784332123119914,0.00228898338643171,0.006906633243085791,0.04892821600557341,0.04988310155000316,-0.06902615998120512,1,0.0,none,0.1,0.06911806715092399,0.06911806715092399,0.0,6
probe_resnet50_imagenet,erm,True,0.055842856838164055,0.04784332123119914,0.00228898338643171,0.006906633243085791,0.04892821600557341,0.04988310155000316,-0.06902615998120512,1,0.0,none,0.2,0.06911806715092399,0.06911806715092399,0.0,4
probe_resnet50_imagenet,erm,True,0.055842856838164055,0.04784332123119914,0.00228898338643171,0.006906633243085791,0.04892821600557341,0.04988310155000316,-0.06902615998120512,1,0.25,ratio,0.02,0.07389032186136915,0.06911806715092399,0.125,163
probe_resnet50_imagenet,erm,True,0.055842856838164055,0.04784332123119914,0.00228898338643171,0.006906633243085791,0.04892821600557341,0.04988310155000316,-0.06902615998120512,1,0.25,ratio,0.05,0.07389032186136915,0.06911806715092399,0.125,28
probe_resnet50_imagenet,erm,True,0.055842856838164055,0.04784332123119914,0.00228898338643171,0.006906633243085791,0.04892821600557341,0.04988310155000316,-0.06902615998120512,1,0.25,ratio,0.1,0.07389032186136915,0.06911806715092399,0.125,9
probe_resnet50_imagenet,erm,True,0.055842856838164055,0.04784332123119914,0.00228898338643171,0.006906633243085791,0.04892821600557341,0.04988310155000316,-0.06902615998120512,1,0.25,ratio,0.2,0.07389032186136915,0.06911806715092399,0.125,4
probe_resnet50_imagenet,erm,True,0.055842856838164055,0.04784332123119914,0.00228898338643171,0.006906633243085791,0.04892821600557341,0.04988310155000316,-0.06902615998120512,1,0.25,design,0.02,0.07389032186136915,0.06911806715092399,0.125,
probe_resnet50_imagenet,erm,True,0.055842856838164055,0.04784332123119914,0.00228898338643171,0.006906633243085791,0.04892821600557341,0.04988310155000316,-0.06902615998120512,1,0.25,design,0.05,0.07389032186136915,0.06911806715092399,0.125,
probe_resnet50_imagenet,erm,True,0.055842856838164055,0.04784332123119914,0.00228898338643171,0.006906633243085791,0.04892821600557341,0.04988310155000316,-0.06902615998120512,1,0.25,design,0.1,0.07389032186136915,0.06911806715092399,0.125,
probe_resnet50_imagenet,erm,True,0.055842856838164055,0.04784332123119914,0.00228898338643171,0.006906633243085791,0.04892821600557341,0.04988310155000316,-0.06902615998120512,1,0.25,design,0.2,0.07389032186136915,0.06911806715092399,0.125,4
probe_resnet50_imagenet,erm,True,0.055842856838164055,0.04784332123119914,0.00228898338643171,0.006906633243085791,0.04892821600557341,0.04988310155000316,-0.06902615998120512,1,0.5,ratio,0.02,0.0798106693509052,0.06911806715092399,0.25,252
probe_resnet50_imagenet,erm,True,0.055842856838164055,0.04784332123119914,0.00228898338643171,0.006906633243085791,0.04892821600557341,0.04988310155000316,-0.06902615998120512,1,0.5,ratio,0.05,0.0798106693509052,0.06911806715092399,0.25,42
probe_resnet50_imagenet,erm,True,0.055842856838164055,0.04784332123119914,0.00228898338643171,0.006906633243085791,0.04892821600557341,0.04988310155000316,-0.06902615998120512,1,0.5,ratio,0.1,0.0798106693509052,0.06911806715092399,0.25,13
probe_resnet50_imagenet,erm,True,0.055842856838164055,0.04784332123119914,0.00228898338643171,0.006906633243085791,0.04892821600557341,0.04988310155000316,-0.06902615998120512,1,0.5,ratio,0.2,0.0798106693509052,0.06911806715092399,0.25,5
probe_resnet50_imagenet,erm,True,0.055842856838164055,0.04784332123119914,0.00228898338643171,0.006906633243085791,0.04892821600557341,0.04988310155000316,-0.06902615998120512,1,0.5,design,0.02,0.0798106693509052,0.06911806715092399,0.25,
probe_resnet50_imagenet,erm,True,0.055842856838164055,0.04784332123119914,0.00228898338643171,0.006906633243085791,0.04892821600557341,0.04988310155000316,-0.06902615998120512,1,0.5,design,0.05,0.0798106693509052,0.06911806715092399,0.25,
probe_resnet50_imagenet,erm,True,0.055842856838164055,0.04784332123119914,0.00228898338643171,0.006906633243085791,0.04892821600557341,0.04988310155000316,-0.06902615998120512,1,0.5,design,0.1,0.0798106693509052,0.06911806715092399,0.25,
probe_resnet50_imagenet,erm,True,0.055842856838164055,0.04784332123119914,0.00228898338643171,0.006906633243085791,0.04892821600557341,0.04988310155000316,-0.06902615998120512,1,0.5,design,0.2,0.0798106693509052,0.06911806715092399,0.25,5
probe_resnet50_imagenet,erm,True,0.055842856838164055,0.04784332123119914,0.00228898338643171,0.006906633243085791,0.04892821600557341,0.04988310155000316,-0.06902615998120512,3,0.0,none,0.02,0.055842856838164055,0.055842856838164055,0.0,64
probe_resnet50_imagenet,erm,True,0.055842856838164055,0.04784332123119914,0.00228898338643171,0.006906633243085791,0.04892821600557341,0.04988310155000316,-0.06902615998120512,3,0.0,none,0.05,0.055842856838164055,0.055842856838164055,0.0,12
probe_resnet50_imagenet,erm,True,0.055842856838164055,0.04784332123119914,0.00228898338643171,0.006906633243085791,0.04892821600557341,0.04988310155000316,-0.06902615998120512,3,0.0,none,0.1,0.055842856838164055,0.055842856838164055,0.0,5
probe_resnet50_imagenet,erm,True,0.055842856838164055,0.04784332123119914,0.00228898338643171,0.006906633243085791,0.04892821600557341,0.04988310155000316,-0.06902615998120512,3,0.0,none,0.2,0.055842856838164055,0.055842856838164055,0.0,3
probe_resnet50_imagenet,erm,True,0.055842856838164055,0.04784332123119914,0.00228898338643171,0.006906633243085791,0.04892821600557341,0.04988310155000316,-0.06902615998120512,3,0.25,ratio,0.02,0.05969852508202179,0.055842856838164055,0.125,107
probe_resnet50_imagenet,erm,True,0.055842856838164055,0.04784332123119914,0.00228898338643171,0.006906633243085791,0.04892821600557341,0.04988310155000316,-0.06902615998120512,3,0.25,ratio,0.05,0.05969852508202179,0.055842856838164055,0.125,19
probe_resnet50_imagenet,erm,True,0.055842856838164055,0.04784332123119914,0.00228898338643171,0.006906633243085791,0.04892821600557341,0.04988310155000316,-0.06902615998120512,3,0.25,ratio,0.1,0.05969852508202179,0.055842856838164055,0.125,7
probe_resnet50_imagenet,erm,True,0.055842856838164055,0.04784332123119914,0.00228898338643171,0.006906633243085791,0.04892821600557341,0.04988310155000316,-0.06902615998120512,3,0.25,ratio,0.2,0.05969852508202179,0.055842856838164055,0.125,4
probe_resnet50_imagenet,erm,True,0.055842856838164055,0.04784332123119914,0.00228898338643171,0.006906633243085791,0.04892821600557341,0.04988310155000316,-0.06902615998120512,3,0.25,design,0.02,0.05969852508202179,0.055842856838164055,0.125,
probe_resnet50_imagenet,erm,True,0.055842856838164055,0.04784332123119914,0.00228898338643171,0.006906633243085791,0.04892821600557341,0.04988310155000316,-0.06902615998120512,3,0.25,design,0.05,0.05969852508202179,0.055842856838164055,0.125,
probe_resnet50_imagenet,erm,True,0.055842856838164055,0.04784332123119914,0.00228898338643171,0.006906633243085791,0.04892821600557341,0.04988310155000316,-0.06902615998120512,3,0.25,design,0.1,0.05969852508202179,0.055842856838164055,0.125,10
probe_resnet50_imagenet,erm,True,0.055842856838164055,0.04784332123119914,0.00228898338643171,0.006906633243085791,0.04892821600557341,0.04988310155000316,-0.06902615998120512,3,0.25,design,0.2,0.05969852508202179,0.055842856838164055,0.125,3
probe_resnet50_imagenet,erm,True,0.055842856838164055,0.04784332123119914,0.00228898338643171,0.006906633243085791,0.04892821600557341,0.04988310155000316,-0.06902615998120512,3,0.5,ratio,0.02,0.0644817768556635,0.055842856838164055,0.25,166
probe_resnet50_imagenet,erm,True,0.055842856838164055,0.04784332123119914,0.00228898338643171,0.006906633243085791,0.04892821600557341,0.04988310155000316,-0.06902615998120512,3,0.5,ratio,0.05,0.0644817768556635,0.055842856838164055,0.25,29
probe_resnet50_imagenet,erm,True,0.055842856838164055,0.04784332123119914,0.00228898338643171,0.006906633243085791,0.04892821600557341,0.04988310155000316,-0.06902615998120512,3,0.5,ratio,0.1,0.0644817768556635,0.055842856838164055,0.25,9
probe_resnet50_imagenet,erm,True,0.055842856838164055,0.04784332123119914,0.00228898338643171,0.006906633243085791,0.04892821600557341,0.04988310155000316,-0.06902615998120512,3,0.5,ratio,0.2,0.0644817768556635,0.055842856838164055,0.25,4
probe_resnet50_imagenet,erm,True,0.055842856838164055,0.04784332123119914,0.00228898338643171,0.006906633243085791,0.04892821600557341,0.04988310155000316,-0.06902615998120512,3,0.5,design,0.02,0.0644817768556635,0.055842856838164055,0.25,
probe_resnet50_imagenet,erm,True,0.055842856838164055,0.04784332123119914,0.00228898338643171,0.006906633243085791,0.04892821600557341,0.04988310155000316,-0.06902615998120512,3,0.5,design,0.05,0.0644817768556635,0.055842856838164055,0.25,
probe_resnet50_imagenet,erm,True,0.055842856838164055,0.04784332123119914,0.00228898338643171,0.006906633243085791,0.04892821600557341,0.04988310155000316,-0.06902615998120512,3,0.5,design,0.1,0.0644817768556635,0.055842856838164055,0.25,
probe_resnet50_imagenet,erm,True,0.055842856838164055,0.04784332123119914,0.00228898338643171,0.006906633243085791,0.04892821600557341,0.04988310155000316,-0.06902615998120512,3,0.5,design,0.2,0.0644817768556635,0.055842856838164055,0.25,4
probe_resnet50_imagenet,erm,True,0.055842856838164055,0.04784332123119914,0.00228898338643171,0.006906633243085791,0.04892821600557341,0.04988310155000316,-0.06902615998120512,5,0.0,none,0.02,0.052788712339678225,0.052788712339678225,0.0,57
probe_resnet50_imagenet,erm,True,0.055842856838164055,0.04784332123119914,0.00228898338643171,0.006906633243085791,0.04892821600557341,0.04988310155000316,-0.06902615998120512,5,0.0,none,0.05,0.052788712339678225,0.052788712339678225,0.0,11
probe_resnet50_imagenet,erm,True,0.055842856838164055,0.04784332123119914,0.00228898338643171,0.006906633243085791,0.04892821600557341,0.04988310155000316,-0.06902615998120512,5,0.0,none,0.1,0.052788712339678225,0.052788712339678225,0.0,5
probe_resnet50_imagenet,erm,True,0.055842856838164055,0.04784332123119914,0.00228898338643171,0.006906633243085791,0.04892821600557341,0.04988310155000316,-0.06902615998120512,5,0.0,none,0.2,0.052788712339678225,0.052788712339678225,0.0,3
probe_resnet50_imagenet,erm,True,0.055842856838164055,0.04784332123119914,0.00228898338643171,0.006906633243085791,0.04892821600557341,0.04988310155000316,-0.06902615998120512,5,0.25,ratio,0.02,0.0564335072754405,0.052788712339678225,0.125,96
probe_resnet50_imagenet,erm,True,0.055842856838164055,0.04784332123119914,0.00228898338643171,0.006906633243085791,0.04892821600557341,0.04988310155000316,-0.06902615998120512,5,0.25,ratio,0.05,0.0564335072754405,0.052788712339678225,0.125,18
probe_resnet50_imagenet,erm,True,0.055842856838164055,0.04784332123119914,0.00228898338643171,0.006906633243085791,0.04892821600557341,0.04988310155000316,-0.06902615998120512,5,0.25,ratio,0.1,0.0564335072754405,0.052788712339678225,0.125,6
probe_resnet50_imagenet,erm,True,0.055842856838164055,0.04784332123119914,0.00228898338643171,0.006906633243085791,0.04892821600557341,0.04988310155000316,-0.06902615998120512,5,0.25,ratio,0.2,0.0564335072754405,0.052788712339678225,0.125,4
probe_resnet50_imagenet,erm,True,0.055842856838164055,0.04784332123119914,0.00228898338643171,0.006906633243085791,0.04892821600557341,0.04988310155000316,-0.06902615998120512,5,0.25,design,0.02,0.0564335072754405,0.052788712339678225,0.125,
probe_resnet50_imagenet,erm,True,0.055842856838164055,0.04784332123119914,0.00228898338643171,0.006906633243085791,0.04892821600557341,0.04988310155000316,-0.06902615998120512,5,0.25,design,0.05,0.0564335072754405,0.052788712339678225,0.125,
probe_resnet50_imagenet,erm,True,0.055842856838164055,0.04784332123119914,0.00228898338643171,0.006906633243085791,0.04892821600557341,0.04988310155000316,-0.06902615998120512,5,0.25,design,0.1,0.0564335072754405,0.052788712339678225,0.125,8
probe_resnet50_imagenet,erm,True,0.055842856838164055,0.04784332123119914,0.00228898338643171,0.006906633243085791,0.04892821600557341,0.04988310155000316,-0.06902615998120512,5,0.25,design,0.2,0.0564335072754405,0.052788712339678225,0.125,3
probe_resnet50_imagenet,erm,True,0.055842856838164055,0.04784332123119914,0.00228898338643171,0.006906633243085791,0.04892821600557341,0.04988310155000316,-0.06902615998120512,5,0.5,ratio,0.02,0.060955154558973886,0.052788712339678225,0.25,148
probe_resnet50_imagenet,erm,True,0.055842856838164055,0.04784332123119914,0.00228898338643171,0.006906633243085791,0.04892821600557341,0.04988310155000316,-0.06902615998120512,5,0.5,ratio,0.05,0.060955154558973886,0.052788712339678225,0.25,26
probe_resnet50_imagenet,erm,True,0.055842856838164055,0.04784332123119914,0.00228898338643171,0.006906633243085791,0.04892821600557341,0.04988310155000316,-0.06902615998120512,5,0.5,ratio,0.1,0.060955154558973886,0.052788712339678225,0.25,8
probe_resnet50_imagenet,erm,True,0.055842856838164055,0.04784332123119914,0.00228898338643171,0.006906633243085791,0.04892821600557341,0.04988310155000316,-0.06902615998120512,5,0.5,ratio,0.2,0.060955154558973886,0.052788712339678225,0.25,4
probe_resnet50_imagenet,erm,True,0.055842856838164055,0.04784332123119914,0.00228898338643171,0.006906633243085791,0.04892821600557341,0.04988310155000316,-0.06902615998120512,5,0.5,design,0.02,0.060955154558973886,0.052788712339678225,0.25,
probe_resnet50_imagenet,erm,True,0.055842856838164055,0.04784332123119914,0.00228898338643171,0.006906633243085791,0.04892821600557341,0.04988310155000316,-0.06902615998120512,5,0.5,design,0.05,0.060955154558973886,0.052788712339678225,0.25,
probe_resnet50_imagenet,erm,True,0.055842856838164055,0.04784332123119914,0.00228898338643171,0.006906633243085791,0.04892821600557341,0.04988310155000316,-0.06902615998120512,5,0.5,design,0.1,0.060955154558973886,0.052788712339678225,0.25,
probe_resnet50_imagenet,erm,True,0.055842856838164055,0.04784332123119914,0.00228898338643171,0.006906633243085791,0.04892821600557341,0.04988310155000316,-0.06902615998120512,5,0.5,design,0.2,0.060955154558973886,0.052788712339678225,0.25,3
probe_resnet50_imagenet,erm,True,0.055842856838164055,0.04784332123119914,0.00228898338643171,0.006906633243085791,0.04892821600557341,0.04988310155000316,-0.06902615998120512,10,0.0,none,0.02,0.050376738366596376,0.050376738366596376,0.0,52
probe_resnet50_imagenet,erm,True,0.055842856838164055,0.04784332123119914,0.00228898338643171,0.006906633243085791,0.04892821600557341,0.04988310155000316,-0.06902615998120512,10,0.0,none,0.05,0.050376738366596376,0.050376738366596376,0.0,11
probe_resnet50_imagenet,erm,True,0.055842856838164055,0.04784332123119914,0.00228898338643171,0.006906633243085791,0.04892821600557341,0.04988310155000316,-0.06902615998120512,10,0.0,none,0.1,0.050376738366596376,0.050376738366596376,0.0,5
probe_resnet50_imagenet,erm,True,0.055842856838164055,0.04784332123119914,0.00228898338643171,0.006906633243085791,0.04892821600557341,0.04988310155000316,-0.06902615998120512,10,0.0,none,0.2,0.050376738366596376,0.050376738366596376,0.0,3
probe_resnet50_imagenet,erm,True,0.055842856838164055,0.04784332123119914,0.00228898338643171,0.006906633243085791,0.04892821600557341,0.04988310155000316,-0.06902615998120512,10,0.25,ratio,0.02,0.0538549986374153,0.050376738366596376,0.125,88
probe_resnet50_imagenet,erm,True,0.055842856838164055,0.04784332123119914,0.00228898338643171,0.006906633243085791,0.04892821600557341,0.04988310155000316,-0.06902615998120512,10,0.25,ratio,0.05,0.0538549986374153,0.050376738366596376,0.125,16
probe_resnet50_imagenet,erm,True,0.055842856838164055,0.04784332123119914,0.00228898338643171,0.006906633243085791,0.04892821600557341,0.04988310155000316,-0.06902615998120512,10,0.25,ratio,0.1,0.0538549986374153,0.050376738366596376,0.125,6
probe_resnet50_imagenet,erm,True,0.055842856838164055,0.04784332123119914,0.00228898338643171,0.006906633243085791,0.04892821600557341,0.04988310155000316,-0.06902615998120512,10,0.25,ratio,0.2,0.0538549986374153,0.050376738366596376,0.125,4
probe_resnet50_imagenet,erm,True,0.055842856838164055,0.04784332123119914,0.00228898338643171,0.006906633243085791,0.04892821600557341,0.04988310155000316,-0.06902615998120512,10,0.25,design,0.02,0.0538549986374153,0.050376738366596376,0.125,
probe_resnet50_imagenet,erm,True,0.055842856838164055,0.04784332123119914,0.00228898338643171,0.006906633243085791,0.04892821600557341,0.04988310155000316,-0.06902615998120512,10,0.25,design,0.05,0.0538549986374153,0.050376738366596376,0.125,
probe_resnet50_imagenet,erm,True,0.055842856838164055,0.04784332123119914,0.00228898338643171,0.006906633243085791,0.04892821600557341,0.04988310155000316,-0.06902615998120512,10,0.25,design,0.1,0.0538549986374153,0.050376738366596376,0.125,7
probe_resnet50_imagenet,erm,True,0.055842856838164055,0.04784332123119914,0.00228898338643171,0.006906633243085791,0.04892821600557341,0.04988310155000316,-0.06902615998120512,10,0.25,design,0.2,0.0538549986374153,0.050376738366596376,0.125,3
probe_resnet50_imagenet,erm,True,0.055842856838164055,0.04784332123119914,0.00228898338643171,0.006906633243085791,0.04892821600557341,0.04988310155000316,-0.06902615998120512,10,0.5,ratio,0.02,0.058170046913699536,0.050376738366596376,0.25,135
probe_resnet50_imagenet,erm,True,0.055842856838164055,0.04784332123119914,0.00228898338643171,0.006906633243085791,0.04892821600557341,0.04988310155000316,-0.06902615998120512,10,0.5,ratio,0.05,0.058170046913699536,0.050376738366596376,0.25,24
probe_resnet50_imagenet,erm,True,0.055842856838164055,0.04784332123119914,0.00228898338643171,0.006906633243085791,0.04892821600557341,0.04988310155000316,-0.06902615998120512,10,0.5,ratio,0.1,0.058170046913699536,0.050376738366596376,0.25,8
probe_resnet50_imagenet,erm,True,0.055842856838164055,0.04784332123119914,0.00228898338643171,0.006906633243085791,0.04892821600557341,0.04988310155000316,-0.06902615998120512,10,0.5,ratio,0.2,0.058170046913699536,0.050376738366596376,0.25,4
probe_resnet50_imagenet,erm,True,0.055842856838164055,0.04784332123119914,0.00228898338643171,0.006906633243085791,0.04892821600557341,0.04988310155000316,-0.06902615998120512,10,0.5,design,0.02,0.058170046913699536,0.050376738366596376,0.25,
probe_resnet50_imagenet,erm,True,0.055842856838164055,0.04784332123119914,0.00228898338643171,0.006906633243085791,0.04892821600557341,0.04988310155000316,-0.06902615998120512,10,0.5,design,0.05,0.058170046913699536,0.050376738366596376,0.25,
probe_resnet50_imagenet,erm,True,0.055842856838164055,0.04784332123119914,0.00228898338643171,0.006906633243085791,0.04892821600557341,0.04988310155000316,-0.06902615998120512,10,0.5,design,0.1,0.058170046913699536,0.050376738366596376,0.25,
probe_resnet50_imagenet,erm,True,0.055842856838164055,0.04784332123119914,0.00228898338643171,0.006906633243085791,0.04892821600557341,0.04988310155000316,-0.06902615998120512,10,0.5,design,0.2,0.058170046913699536,0.050376738366596376,0.25,3
probe_resnet50_lunit_bt,erm,True,0.07295969196634504,0.06636390435481956,0.004404167801215639,0.00939947134016303,0.04892821600557341,0.05250568113856767,-0.29846330557302386,1,0.0,none,0.02,0.08462277679821538,0.08462277679821538,0.0,143
probe_resnet50_lunit_bt,erm,True,0.07295969196634504,0.06636390435481956,0.004404167801215639,0.00939947134016303,0.04892821600557341,0.05250568113856767,-0.29846330557302386,1,0.0,none,0.05,0.08462277679821538,0.08462277679821538,0.0,25
probe_resnet50_lunit_bt,erm,True,0.07295969196634504,0.06636390435481956,0.004404167801215639,0.00939947134016303,0.04892821600557341,0.05250568113856767,-0.29846330557302386,1,0.0,none,0.1,0.08462277679821538,0.08462277679821538,0.0,8
probe_resnet50_lunit_bt,erm,True,0.07295969196634504,0.06636390435481956,0.004404167801215639,0.00939947134016303,0.04892821600557341,0.05250568113856767,-0.29846330557302386,1,0.0,none,0.2,0.08462277679821538,0.08462277679821538,0.0,4
probe_resnet50_lunit_bt,erm,True,0.07295969196634504,0.06636390435481956,0.004404167801215639,0.00939947134016303,0.04892821600557341,0.05250568113856767,-0.29846330557302386,1,0.25,ratio,0.02,0.09046555368467574,0.08462277679821538,0.125,243
probe_resnet50_lunit_bt,erm,True,0.07295969196634504,0.06636390435481956,0.004404167801215639,0.00939947134016303,0.04892821600557341,0.05250568113856767,-0.29846330557302386,1,0.25,ratio,0.05,0.09046555368467574,0.08462277679821538,0.125,41
probe_resnet50_lunit_bt,erm,True,0.07295969196634504,0.06636390435481956,0.004404167801215639,0.00939947134016303,0.04892821600557341,0.05250568113856767,-0.29846330557302386,1,0.25,ratio,0.1,0.09046555368467574,0.08462277679821538,0.125,12
probe_resnet50_lunit_bt,erm,True,0.07295969196634504,0.06636390435481956,0.004404167801215639,0.00939947134016303,0.04892821600557341,0.05250568113856767,-0.29846330557302386,1,0.25,ratio,0.2,0.09046555368467574,0.08462277679821538,0.125,5
probe_resnet50_lunit_bt,erm,True,0.07295969196634504,0.06636390435481956,0.004404167801215639,0.00939947134016303,0.04892821600557341,0.05250568113856767,-0.29846330557302386,1,0.25,design,0.02,0.09046555368467574,0.08462277679821538,0.125,
probe_resnet50_lunit_bt,erm,True,0.07295969196634504,0.06636390435481956,0.004404167801215639,0.00939947134016303,0.04892821600557341,0.05250568113856767,-0.29846330557302386,1,0.25,design,0.05,0.09046555368467574,0.08462277679821538,0.125,
probe_resnet50_lunit_bt,erm,True,0.07295969196634504,0.06636390435481956,0.004404167801215639,0.00939947134016303,0.04892821600557341,0.05250568113856767,-0.29846330557302386,1,0.25,design,0.1,0.09046555368467574,0.08462277679821538,0.125,
probe_resnet50_lunit_bt,erm,True,0.07295969196634504,0.06636390435481956,0.004404167801215639,0.00939947134016303,0.04892821600557341,0.05250568113856767,-0.29846330557302386,1,0.25,design,0.2,0.09046555368467574,0.08462277679821538,0.125,5
probe_resnet50_lunit_bt,erm,True,0.07295969196634504,0.06636390435481956,0.004404167801215639,0.00939947134016303,0.04892821600557341,0.05250568113856767,-0.29846330557302386,1,0.5,ratio,0.02,0.09771396592804654,0.08462277679821538,0.25,377
probe_resnet50_lunit_bt,erm,True,0.07295969196634504,0.06636390435481956,0.004404167801215639,0.00939947134016303,0.04892821600557341,0.05250568113856767,-0.29846330557302386,1,0.5,ratio,0.05,0.09771396592804654,0.08462277679821538,0.25,62
probe_resnet50_lunit_bt,erm,True,0.07295969196634504,0.06636390435481956,0.004404167801215639,0.00939947134016303,0.04892821600557341,0.05250568113856767,-0.29846330557302386,1,0.5,ratio,0.1,0.09771396592804654,0.08462277679821538,0.25,18
probe_resnet50_lunit_bt,erm,True,0.07295969196634504,0.06636390435481956,0.004404167801215639,0.00939947134016303,0.04892821600557341,0.05250568113856767,-0.29846330557302386,1,0.5,ratio,0.2,0.09771396592804654,0.08462277679821538,0.25,6
probe_resnet50_lunit_bt,erm,True,0.07295969196634504,0.06636390435481956,0.004404167801215639,0.00939947134016303,0.04892821600557341,0.05250568113856767,-0.29846330557302386,1,0.5,design,0.02,0.09771396592804654,0.08462277679821538,0.25,
probe_resnet50_lunit_bt,erm,True,0.07295969196634504,0.06636390435481956,0.004404167801215639,0.00939947134016303,0.04892821600557341,0.05250568113856767,-0.29846330557302386,1,0.5,design,0.05,0.09771396592804654,0.08462277679821538,0.25,
probe_resnet50_lunit_bt,erm,True,0.07295969196634504,0.06636390435481956,0.004404167801215639,0.00939947134016303,0.04892821600557341,0.05250568113856767,-0.29846330557302386,1,0.5,design,0.1,0.09771396592804654,0.08462277679821538,0.25,
probe_resnet50_lunit_bt,erm,True,0.07295969196634504,0.06636390435481956,0.004404167801215639,0.00939947134016303,0.04892821600557341,0.05250568113856767,-0.29846330557302386,1,0.5,design,0.2,0.09771396592804654,0.08462277679821538,0.25,18
probe_resnet50_lunit_bt,erm,True,0.07295969196634504,0.06636390435481956,0.004404167801215639,0.00939947134016303,0.04892821600557341,0.05250568113856767,-0.29846330557302386,3,0.0,none,0.02,0.07295969196634504,0.07295969196634504,0.0,107
probe_resnet50_lunit_bt,erm,True,0.07295969196634504,0.06636390435481956,0.004404167801215639,0.00939947134016303,0.04892821600557341,0.05250568113856767,-0.29846330557302386,3,0.0,none,0.05,0.07295969196634504,0.07295969196634504,0.0,19
probe_resnet50_lunit_bt,erm,True,0.07295969196634504,0.06636390435481956,0.004404167801215639,0.00939947134016303,0.04892821600557341,0.05250568113856767,-0.29846330557302386,3,0.0,none,0.1,0.07295969196634504,0.07295969196634504,0.0,7
probe_resnet50_lunit_bt,erm,True,0.07295969196634504,0.06636390435481956,0.004404167801215639,0.00939947134016303,0.04892821600557341,0.05250568113856767,-0.29846330557302386,3,0.0,none,0.2,0.07295969196634504,0.07295969196634504,0.0,4
probe_resnet50_lunit_bt,erm,True,0.07295969196634504,0.06636390435481956,0.004404167801215639,0.00939947134016303,0.04892821600557341,0.05250568113856767,-0.29846330557302386,3,0.25,ratio,0.02,0.07799719153789324,0.07295969196634504,0.125,181
probe_resnet50_lunit_bt,erm,True,0.07295969196634504,0.06636390435481956,0.004404167801215639,0.00939947134016303,0.04892821600557341,0.05250568113856767,-0.29846330557302386,3,0.25,ratio,0.05,0.07799719153789324,0.07295969196634504,0.125,31
probe_resnet50_lunit_bt,erm,True,0.07295969196634504,0.06636390435481956,0.004404167801215639,0.00939947134016303,0.04892821600557341,0.05250568113856767,-0.29846330557302386,3,0.25,ratio,0.1,0.07799719153789324,0.07295969196634504,0.125,10
probe_resnet50_lunit_bt,erm,True,0.07295969196634504,0.06636390435481956,0.004404167801215639,0.00939947134016303,0.04892821600557341,0.05250568113856767,-0.29846330557302386,3,0.25,ratio,0.2,0.07799719153789324,0.07295969196634504,0.125,5
probe_resnet50_lunit_bt,erm,True,0.07295969196634504,0.06636390435481956,0.004404167801215639,0.00939947134016303,0.04892821600557341,0.05250568113856767,-0.29846330557302386,3,0.25,design,0.02,0.07799719153789324,0.07295969196634504,0.125,
probe_resnet50_lunit_bt,erm,True,0.07295969196634504,0.06636390435481956,0.004404167801215639,0.00939947134016303,0.04892821600557341,0.05250568113856767,-0.29846330557302386,3,0.25,design,0.05,0.07799719153789324,0.07295969196634504,0.125,
probe_resnet50_lunit_bt,erm,True,0.07295969196634504,0.06636390435481956,0.004404167801215639,0.00939947134016303,0.04892821600557341,0.05250568113856767,-0.29846330557302386,3,0.25,design,0.1,0.07799719153789324,0.07295969196634504,0.125,
probe_resnet50_lunit_bt,erm,True,0.07295969196634504,0.06636390435481956,0.004404167801215639,0.00939947134016303,0.04892821600557341,0.05250568113856767,-0.29846330557302386,3,0.25,design,0.2,0.07799719153789324,0.07295969196634504,0.125,4
probe_resnet50_lunit_bt,erm,True,0.07295969196634504,0.06636390435481956,0.004404167801215639,0.00939947134016303,0.04892821600557341,0.05250568113856767,-0.29846330557302386,3,0.5,ratio,0.02,0.08424659559352297,0.07295969196634504,0.25,281
probe_resnet50_lunit_bt,erm,True,0.07295969196634504,0.06636390435481956,0.004404167801215639,0.00939947134016303,0.04892821600557341,0.05250568113856767,-0.29846330557302386,3,0.5,ratio,0.05,0.08424659559352297,0.07295969196634504,0.25,47
probe_resnet50_lunit_bt,erm,True,0.07295969196634504,0.06636390435481956,0.004404167801215639,0.00939947134016303,0.04892821600557341,0.05250568113856767,-0.29846330557302386,3,0.5,ratio,0.1,0.08424659559352297,0.07295969196634504,0.25,14
probe_resnet50_lunit_bt,erm,True,0.07295969196634504,0.06636390435481956,0.004404167801215639,0.00939947134016303,0.04892821600557341,0.05250568113856767,-0.29846330557302386,3,0.5,ratio,0.2,0.08424659559352297,0.07295969196634504,0.25,6
probe_resnet50_lunit_bt,erm,True,0.07295969196634504,0.06636390435481956,0.004404167801215639,0.00939947134016303,0.04892821600557341,0.05250568113856767,-0.29846330557302386,3,0.5,design,0.02,0.08424659559352297,0.07295969196634504,0.25,
probe_resnet50_lunit_bt,erm,True,0.07295969196634504,0.06636390435481956,0.004404167801215639,0.00939947134016303,0.04892821600557341,0.05250568113856767,-0.29846330557302386,3,0.5,design,0.05,0.08424659559352297,0.07295969196634504,0.25,
probe_resnet50_lunit_bt,erm,True,0.07295969196634504,0.06636390435481956,0.004404167801215639,0.00939947134016303,0.04892821600557341,0.05250568113856767,-0.29846330557302386,3,0.5,design,0.1,0.08424659559352297,0.07295969196634504,0.25,
probe_resnet50_lunit_bt,erm,True,0.07295969196634504,0.06636390435481956,0.004404167801215639,0.00939947134016303,0.04892821600557341,0.05250568113856767,-0.29846330557302386,3,0.5,design,0.2,0.08424659559352297,0.07295969196634504,0.25,6
probe_resnet50_lunit_bt,erm,True,0.07295969196634504,0.06636390435481956,0.004404167801215639,0.00939947134016303,0.04892821600557341,0.05250568113856767,-0.29846330557302386,5,0.0,none,0.02,0.07039557593755894,0.07039557593755894,0.0,100
probe_resnet50_lunit_bt,erm,True,0.07295969196634504,0.06636390435481956,0.004404167801215639,0.00939947134016303,0.04892821600557341,0.05250568113856767,-0.29846330557302386,5,0.0,none,0.05,0.07039557593755894,0.07039557593755894,0.0,18
probe_resnet50_lunit_bt,erm,True,0.07295969196634504,0.06636390435481956,0.004404167801215639,0.00939947134016303,0.04892821600557341,0.05250568113856767,-0.29846330557302386,5,0.0,none,0.1,0.07039557593755894,0.07039557593755894,0.0,7
probe_resnet50_lunit_bt,erm,True,0.07295969196634504,0.06636390435481956,0.004404167801215639,0.00939947134016303,0.04892821600557341,0.05250568113856767,-0.29846330557302386,5,0.0,none,0.2,0.07039557593755894,0.07039557593755894,0.0,4
probe_resnet50_lunit_bt,erm,True,0.07295969196634504,0.06636390435481956,0.004404167801215639,0.00939947134016303,0.04892821600557341,0.05250568113856767,-0.29846330557302386,5,0.25,ratio,0.02,0.07525603620084952,0.07039557593755894,0.125,169
probe_resnet50_lunit_bt,erm,True,0.07295969196634504,0.06636390435481956,0.004404167801215639,0.00939947134016303,0.04892821600557341,0.05250568113856767,-0.29846330557302386,5,0.25,ratio,0.05,0.07525603620084952,0.07039557593755894,0.125,29
probe_resnet50_lunit_bt,erm,True,0.07295969196634504,0.06636390435481956,0.004404167801215639,0.00939947134016303,0.04892821600557341,0.05250568113856767,-0.29846330557302386,5,0.25,ratio,0.1,0.07525603620084952,0.07039557593755894,0.125,9
probe_resnet50_lunit_bt,erm,True,0.07295969196634504,0.06636390435481956,0.004404167801215639,0.00939947134016303,0.04892821600557341,0.05250568113856767,-0.29846330557302386,5,0.25,ratio,0.2,0.07525603620084952,0.07039557593755894,0.125,4
probe_resnet50_lunit_bt,erm,True,0.07295969196634504,0.06636390435481956,0.004404167801215639,0.00939947134016303,0.04892821600557341,0.05250568113856767,-0.29846330557302386,5,0.25,design,0.02,0.07525603620084952,0.07039557593755894,0.125,
probe_resnet50_lunit_bt,erm,True,0.07295969196634504,0.06636390435481956,0.004404167801215639,0.00939947134016303,0.04892821600557341,0.05250568113856767,-0.29846330557302386,5,0.25,design,0.05,0.07525603620084952,0.07039557593755894,0.125,
probe_resnet50_lunit_bt,erm,True,0.07295969196634504,0.06636390435481956,0.004404167801215639,0.00939947134016303,0.04892821600557341,0.05250568113856767,-0.29846330557302386,5,0.25,design,0.1,0.07525603620084952,0.07039557593755894,0.125,
probe_resnet50_lunit_bt,erm,True,0.07295969196634504,0.06636390435481956,0.004404167801215639,0.00939947134016303,0.04892821600557341,0.05250568113856767,-0.29846330557302386,5,0.25,design,0.2,0.07525603620084952,0.07039557593755894,0.125,4
probe_resnet50_lunit_bt,erm,True,0.07295969196634504,0.06636390435481956,0.004404167801215639,0.00939947134016303,0.04892821600557341,0.05250568113856767,-0.29846330557302386,5,0.5,ratio,0.02,0.08128580943461679,0.07039557593755894,0.25,262
probe_resnet50_lunit_bt,erm,True,0.07295969196634504,0.06636390435481956,0.004404167801215639,0.00939947134016303,0.04892821600557341,0.05250568113856767,-0.29846330557302386,5,0.5,ratio,0.05,0.08128580943461679,0.07039557593755894,0.25,44
probe_resnet50_lunit_bt,erm,True,0.07295969196634504,0.06636390435481956,0.004404167801215639,0.00939947134016303,0.04892821600557341,0.05250568113856767,-0.29846330557302386,5,0.5,ratio,0.1,0.08128580943461679,0.07039557593755894,0.25,13
probe_resnet50_lunit_bt,erm,True,0.07295969196634504,0.06636390435481956,0.004404167801215639,0.00939947134016303,0.04892821600557341,0.05250568113856767,-0.29846330557302386,5,0.5,ratio,0.2,0.08128580943461679,0.07039557593755894,0.25,5
probe_resnet50_lunit_bt,erm,True,0.07295969196634504,0.06636390435481956,0.004404167801215639,0.00939947134016303,0.04892821600557341,0.05250568113856767,-0.29846330557302386,5,0.5,design,0.02,0.08128580943461679,0.07039557593755894,0.25,
probe_resnet50_lunit_bt,erm,True,0.07295969196634504,0.06636390435481956,0.004404167801215639,0.00939947134016303,0.04892821600557341,0.05250568113856767,-0.29846330557302386,5,0.5,design,0.05,0.08128580943461679,0.07039557593755894,0.25,
probe_resnet50_lunit_bt,erm,True,0.07295969196634504,0.06636390435481956,0.004404167801215639,0.00939947134016303,0.04892821600557341,0.05250568113856767,-0.29846330557302386,5,0.5,design,0.1,0.08128580943461679,0.07039557593755894,0.25,
probe_resnet50_lunit_bt,erm,True,0.07295969196634504,0.06636390435481956,0.004404167801215639,0.00939947134016303,0.04892821600557341,0.05250568113856767,-0.29846330557302386,5,0.5,design,0.2,0.08128580943461679,0.07039557593755894,0.25,5
probe_resnet50_lunit_bt,erm,True,0.07295969196634504,0.06636390435481956,0.004404167801215639,0.00939947134016303,0.04892821600557341,0.05250568113856767,-0.29846330557302386,10,0.0,none,0.02,0.06840944712828874,0.06840944712828874,0.0,94
probe_resnet50_lunit_bt,erm,True,0.07295969196634504,0.06636390435481956,0.004404167801215639,0.00939947134016303,0.04892821600557341,0.05250568113856767,-0.29846330557302386,10,0.0,none,0.05,0.06840944712828874,0.06840944712828874,0.0,17
probe_resnet50_lunit_bt,erm,True,0.07295969196634504,0.06636390435481956,0.004404167801215639,0.00939947134016303,0.04892821600557341,0.05250568113856767,-0.29846330557302386,10,0.0,none,0.1,0.06840944712828874,0.06840944712828874,0.0,6
probe_resnet50_lunit_bt,erm,True,0.07295969196634504,0.06636390435481956,0.004404167801215639,0.00939947134016303,0.04892821600557341,0.05250568113856767,-0.29846330557302386,10,0.0,none,0.2,0.06840944712828874,0.06840944712828874,0.0,4
probe_resnet50_lunit_bt,erm,True,0.07295969196634504,0.06636390435481956,0.004404167801215639,0.00939947134016303,0.04892821600557341,0.05250568113856767,-0.29846330557302386,10,0.25,ratio,0.02,0.07313277519219513,0.06840944712828874,0.125,160
probe_resnet50_lunit_bt,erm,True,0.07295969196634504,0.06636390435481956,0.004404167801215639,0.00939947134016303,0.04892821600557341,0.05250568113856767,-0.29846330557302386,10,0.25,ratio,0.05,0.07313277519219513,0.06840944712828874,0.125,28
probe_resnet50_lunit_bt,erm,True,0.07295969196634504,0.06636390435481956,0.004404167801215639,0.00939947134016303,0.04892821600557341,0.05250568113856767,-0.29846330557302386,10,0.25,ratio,0.1,0.07313277519219513,0.06840944712828874,0.125,9
probe_resnet50_lunit_bt,erm,True,0.07295969196634504,0.06636390435481956,0.004404167801215639,0.00939947134016303,0.04892821600557341,0.05250568113856767,-0.29846330557302386,10,0.25,ratio,0.2,0.07313277519219513,0.06840944712828874,0.125,4
probe_resnet50_lunit_bt,erm,True,0.07295969196634504,0.06636390435481956,0.004404167801215639,0.00939947134016303,0.04892821600557341,0.05250568113856767,-0.29846330557302386,10,0.25,design,0.02,0.07313277519219513,0.06840944712828874,0.125,
probe_resnet50_lunit_bt,erm,True,0.07295969196634504,0.06636390435481956,0.004404167801215639,0.00939947134016303,0.04892821600557341,0.05250568113856767,-0.29846330557302386,10,0.25,design,0.05,0.07313277519219513,0.06840944712828874,0.125,
probe_resnet50_lunit_bt,erm,True,0.07295969196634504,0.06636390435481956,0.004404167801215639,0.00939947134016303,0.04892821600557341,0.05250568113856767,-0.29846330557302386,10,0.25,design,0.1,0.07313277519219513,0.06840944712828874,0.125,
probe_resnet50_lunit_bt,erm,True,0.07295969196634504,0.06636390435481956,0.004404167801215639,0.00939947134016303,0.04892821600557341,0.05250568113856767,-0.29846330557302386,10,0.25,design,0.2,0.07313277519219513,0.06840944712828874,0.125,4
probe_resnet50_lunit_bt,erm,True,0.07295969196634504,0.06636390435481956,0.004404167801215639,0.00939947134016303,0.04892821600557341,0.05250568113856767,-0.29846330557302386,10,0.5,ratio,0.02,0.07899242542926195,0.06840944712828874,0.25,247
probe_resnet50_lunit_bt,erm,True,0.07295969196634504,0.06636390435481956,0.004404167801215639,0.00939947134016303,0.04892821600557341,0.05250568113856767,-0.29846330557302386,10,0.5,ratio,0.05,0.07899242542926195,0.06840944712828874,0.25,42
probe_resnet50_lunit_bt,erm,True,0.07295969196634504,0.06636390435481956,0.004404167801215639,0.00939947134016303,0.04892821600557341,0.05250568113856767,-0.29846330557302386,10,0.5,ratio,0.1,0.07899242542926195,0.06840944712828874,0.25,12
probe_resnet50_lunit_bt,erm,True,0.07295969196634504,0.06636390435481956,0.004404167801215639,0.00939947134016303,0.04892821600557341,0.05250568113856767,-0.29846330557302386,10,0.5,ratio,0.2,0.07899242542926195,0.06840944712828874,0.25,5
probe_resnet50_lunit_bt,erm,True,0.07295969196634504,0.06636390435481956,0.004404167801215639,0.00939947134016303,0.04892821600557341,0.05250568113856767,-0.29846330557302386,10,0.5,design,0.02,0.07899242542926195,0.06840944712828874,0.25,
probe_resnet50_lunit_bt,erm,True,0.07295969196634504,0.06636390435481956,0.004404167801215639,0.00939947134016303,0.04892821600557341,0.05250568113856767,-0.29846330557302386,10,0.5,design,0.05,0.07899242542926195,0.06840944712828874,0.25,
probe_resnet50_lunit_bt,erm,True,0.07295969196634504,0.06636390435481956,0.004404167801215639,0.00939947134016303,0.04892821600557341,0.05250568113856767,-0.29846330557302386,10,0.5,design,0.1,0.07899242542926195,0.06840944712828874,0.25,
probe_resnet50_lunit_bt,erm,True,0.07295969196634504,0.06636390435481956,0.004404167801215639,0.00939947134016303,0.04892821600557341,0.05250568113856767,-0.29846330557302386,10,0.5,design,0.2,0.07899242542926195,0.06840944712828874,0.25,5
probe_vit_s16_lunit_dino,erm,True,0.058032884075373874,0.05038821561885622,0.002538972273252346,0.0021287202320929683,0.04892821600557341,0.04986511889648223,-0.4225853195668459,1,0.0,none,0.02,0.07089077764993593,0.07089077764993593,0.0,101
probe_vit_s16_lunit_dino,erm,True,0.058032884075373874,0.05038821561885622,0.002538972273252346,0.0021287202320929683,0.04892821600557341,0.04986511889648223,-0.4225853195668459,1,0.0,none,0.05,0.07089077764993593,0.07089077764993593,0.0,18
probe_vit_s16_lunit_dino,erm,True,0.058032884075373874,0.05038821561885622,0.002538972273252346,0.0021287202320929683,0.04892821600557341,0.04986511889648223,-0.4225853195668459,1,0.0,none,0.1,0.07089077764993593,0.07089077764993593,0.0,7
probe_vit_s16_lunit_dino,erm,True,0.058032884075373874,0.05038821561885622,0.002538972273252346,0.0021287202320929683,0.04892821600557341,0.04986511889648223,-0.4225853195668459,1,0.0,none,0.2,0.07089077764993593,0.07089077764993593,0.0,4
probe_vit_s16_lunit_dino,erm,True,0.058032884075373874,0.05038821561885622,0.002538972273252346,0.0021287202320929683,0.04892821600557341,0.04986511889648223,-0.4225853195668459,1,0.25,ratio,0.02,0.07578542909943765,0.07089077764993593,0.125,171
probe_vit_s16_lunit_dino,erm,True,0.058032884075373874,0.05038821561885622,0.002538972273252346,0.0021287202320929683,0.04892821600557341,0.04986511889648223,-0.4225853195668459,1,0.25,ratio,0.05,0.07578542909943765,0.07089077764993593,0.125,30
probe_vit_s16_lunit_dino,erm,True,0.058032884075373874,0.05038821561885622,0.002538972273252346,0.0021287202320929683,0.04892821600557341,0.04986511889648223,-0.4225853195668459,1,0.25,ratio,0.1,0.07578542909943765,0.07089077764993593,0.125,9
probe_vit_s16_lunit_dino,erm,True,0.058032884075373874,0.05038821561885622,0.002538972273252346,0.0021287202320929683,0.04892821600557341,0.04986511889648223,-0.4225853195668459,1,0.25,ratio,0.2,0.07578542909943765,0.07089077764993593,0.125,4
probe_vit_s16_lunit_dino,erm,True,0.058032884075373874,0.05038821561885622,0.002538972273252346,0.0021287202320929683,0.04892821600557341,0.04986511889648223,-0.4225853195668459,1,0.25,design,0.02,0.07578542909943765,0.07089077764993593,0.125,
probe_vit_s16_lunit_dino,erm,True,0.058032884075373874,0.05038821561885622,0.002538972273252346,0.0021287202320929683,0.04892821600557341,0.04986511889648223,-0.4225853195668459,1,0.25,design,0.05,0.07578542909943765,0.07089077764993593,0.125,
probe_vit_s16_lunit_dino,erm,True,0.058032884075373874,0.05038821561885622,0.002538972273252346,0.0021287202320929683,0.04892821600557341,0.04986511889648223,-0.4225853195668459,1,0.25,design,0.1,0.07578542909943765,0.07089077764993593,0.125,
probe_vit_s16_lunit_dino,erm,True,0.058032884075373874,0.05038821561885622,0.002538972273252346,0.0021287202320929683,0.04892821600557341,0.04986511889648223,-0.4225853195668459,1,0.25,design,0.2,0.07578542909943765,0.07089077764993593,0.125,4
probe_vit_s16_lunit_dino,erm,True,0.058032884075373874,0.05038821561885622,0.002538972273252346,0.0021287202320929683,0.04892821600557341,0.04986511889648223,-0.4225853195668459,1,0.5,ratio,0.02,0.08185761911850484,0.07089077764993593,0.25,265
probe_vit_s16_lunit_dino,erm,True,0.058032884075373874,0.05038821561885622,0.002538972273252346,0.0021287202320929683,0.04892821600557341,0.04986511889648223,-0.4225853195668459,1,0.5,ratio,0.05,0.08185761911850484,0.07089077764993593,0.25,45
probe_vit_s16_lunit_dino,erm,True,0.058032884075373874,0.05038821561885622,0.002538972273252346,0.0021287202320929683,0.04892821600557341,0.04986511889648223,-0.4225853195668459,1,0.5,ratio,0.1,0.08185761911850484,0.07089077764993593,0.25,13
probe_vit_s16_lunit_dino,erm,True,0.058032884075373874,0.05038821561885622,0.002538972273252346,0.0021287202320929683,0.04892821600557341,0.04986511889648223,-0.4225853195668459,1,0.5,ratio,0.2,0.08185761911850484,0.07089077764993593,0.25,5
probe_vit_s16_lunit_dino,erm,True,0.058032884075373874,0.05038821561885622,0.002538972273252346,0.0021287202320929683,0.04892821600557341,0.04986511889648223,-0.4225853195668459,1,0.5,design,0.02,0.08185761911850484,0.07089077764993593,0.25,
probe_vit_s16_lunit_dino,erm,True,0.058032884075373874,0.05038821561885622,0.002538972273252346,0.0021287202320929683,0.04892821600557341,0.04986511889648223,-0.4225853195668459,1,0.5,design,0.05,0.08185761911850484,0.07089077764993593,0.25,
probe_vit_s16_lunit_dino,erm,True,0.058032884075373874,0.05038821561885622,0.002538972273252346,0.0021287202320929683,0.04892821600557341,0.04986511889648223,-0.4225853195668459,1,0.5,design,0.1,0.08185761911850484,0.07089077764993593,0.25,
probe_vit_s16_lunit_dino,erm,True,0.058032884075373874,0.05038821561885622,0.002538972273252346,0.0021287202320929683,0.04892821600557341,0.04986511889648223,-0.4225853195668459,1,0.5,design,0.2,0.08185761911850484,0.07089077764993593,0.25,5
probe_vit_s16_lunit_dino,erm,True,0.058032884075373874,0.05038821561885622,0.002538972273252346,0.0021287202320929683,0.04892821600557341,0.04986511889648223,-0.4225853195668459,3,0.0,none,0.02,0.058032884075373874,0.058032884075373874,0.0,69
probe_vit_s16_lunit_dino,erm,True,0.058032884075373874,0.05038821561885622,0.002538972273252346,0.0021287202320929683,0.04892821600557341,0.04986511889648223,-0.4225853195668459,3,0.0,none,0.05,0.058032884075373874,0.058032884075373874,0.0,13
probe_vit_s16_lunit_dino,erm,True,0.058032884075373874,0.05038821561885622,0.002538972273252346,0.0021287202320929683,0.04892821600557341,0.04986511889648223,-0.4225853195668459,3,0.0,none,0.1,0.058032884075373874,0.058032884075373874,0.0,5
probe_vit_s16_lunit_dino,erm,True,0.058032884075373874,0.05038821561885622,0.002538972273252346,0.0021287202320929683,0.04892821600557341,0.04986511889648223,-0.4225853195668459,3,0.0,none,0.2,0.058032884075373874,0.058032884075373874,0.0,3
probe_vit_s16_lunit_dino,erm,True,0.058032884075373874,0.05038821561885622,0.002538972273252346,0.0021287202320929683,0.04892821600557341,0.04986511889648223,-0.4225853195668459,3,0.25,ratio,0.02,0.06203976267897671,0.058032884075373874,0.125,116
probe_vit_s16_lunit_dino,erm,True,0.058032884075373874,0.05038821561885622,0.002538972273252346,0.0021287202320929683,0.04892821600557341,0.04986511889648223,-0.4225853195668459,3,0.25,ratio,0.05,0.06203976267897671,0.058032884075373874,0.125,21
probe_vit_s16_lunit_dino,erm,True,0.058032884075373874,0.05038821561885622,0.002538972273252346,0.0021287202320929683,0.04892821600557341,0.04986511889648223,-0.4225853195668459,3,0.25,ratio,0.1,0.06203976267897671,0.058032884075373874,0.125,7
probe_vit_s16_lunit_dino,erm,True,0.058032884075373874,0.05038821561885622,0.002538972273252346,0.0021287202320929683,0.04892821600557341,0.04986511889648223,-0.4225853195668459,3,0.25,ratio,0.2,0.06203976267897671,0.058032884075373874,0.125,4
probe_vit_s16_lunit_dino,erm,True,0.058032884075373874,0.05038821561885622,0.002538972273252346,0.0021287202320929683,0.04892821600557341,0.04986511889648223,-0.4225853195668459,3,0.25,design,0.02,0.06203976267897671,0.058032884075373874,0.125,
probe_vit_s16_lunit_dino,erm,True,0.058032884075373874,0.05038821561885622,0.002538972273252346,0.0021287202320929683,0.04892821600557341,0.04986511889648223,-0.4225853195668459,3,0.25,design,0.05,0.06203976267897671,0.058032884075373874,0.125,
probe_vit_s16_lunit_dino,erm,True,0.058032884075373874,0.05038821561885622,0.002538972273252346,0.0021287202320929683,0.04892821600557341,0.04986511889648223,-0.4225853195668459,3,0.25,design,0.1,0.06203976267897671,0.058032884075373874,0.125,12
probe_vit_s16_lunit_dino,erm,True,0.058032884075373874,0.05038821561885622,0.002538972273252346,0.0021287202320929683,0.04892821600557341,0.04986511889648223,-0.4225853195668459,3,0.25,design,0.2,0.06203976267897671,0.058032884075373874,0.125,4
probe_vit_s16_lunit_dino,erm,True,0.058032884075373874,0.05038821561885622,0.002538972273252346,0.0021287202320929683,0.04892821600557341,0.04986511889648223,-0.4225853195668459,3,0.5,ratio,0.02,0.0670106024855349,0.058032884075373874,0.25,179
probe_vit_s16_lunit_dino,erm,True,0.058032884075373874,0.05038821561885622,0.002538972273252346,0.0021287202320929683,0.04892821600557341,0.04986511889648223,-0.4225853195668459,3,0.5,ratio,0.05,0.0670106024855349,0.058032884075373874,0.25,31
probe_vit_s16_lunit_dino,erm,True,0.058032884075373874,0.05038821561885622,0.002538972273252346,0.0021287202320929683,0.04892821600557341,0.04986511889648223,-0.4225853195668459,3,0.5,ratio,0.1,0.0670106024855349,0.058032884075373874,0.25,10
probe_vit_s16_lunit_dino,erm,True,0.058032884075373874,0.05038821561885622,0.002538972273252346,0.0021287202320929683,0.04892821600557341,0.04986511889648223,-0.4225853195668459,3,0.5,ratio,0.2,0.0670106024855349,0.058032884075373874,0.25,5
probe_vit_s16_lunit_dino,erm,True,0.058032884075373874,0.05038821561885622,0.002538972273252346,0.0021287202320929683,0.04892821600557341,0.04986511889648223,-0.4225853195668459,3,0.5,design,0.02,0.0670106024855349,0.058032884075373874,0.25,
probe_vit_s16_lunit_dino,erm,True,0.058032884075373874,0.05038821561885622,0.002538972273252346,0.0021287202320929683,0.04892821600557341,0.04986511889648223,-0.4225853195668459,3,0.5,design,0.05,0.0670106024855349,0.058032884075373874,0.25,
probe_vit_s16_lunit_dino,erm,True,0.058032884075373874,0.05038821561885622,0.002538972273252346,0.0021287202320929683,0.04892821600557341,0.04986511889648223,-0.4225853195668459,3,0.5,design,0.1,0.0670106024855349,0.058032884075373874,0.25,
probe_vit_s16_lunit_dino,erm,True,0.058032884075373874,0.05038821561885622,0.002538972273252346,0.0021287202320929683,0.04892821600557341,0.04986511889648223,-0.4225853195668459,3,0.5,design,0.2,0.0670106024855349,0.058032884075373874,0.25,4
probe_vit_s16_lunit_dino,erm,True,0.058032884075373874,0.05038821561885622,0.002538972273252346,0.0021287202320929683,0.04892821600557341,0.04986511889648223,-0.4225853195668459,5,0.0,none,0.02,0.055102434517581955,0.055102434517581955,0.0,62
probe_vit_s16_lunit_dino,erm,True,0.058032884075373874,0.05038821561885622,0.002538972273252346,0.0021287202320929683,0.04892821600557341,0.04986511889648223,-0.4225853195668459,5,0.0,none,0.05,0.055102434517581955,0.055102434517581955,0.0,12
probe_vit_s16_lunit_dino,erm,True,0.058032884075373874,0.05038821561885622,0.002538972273252346,0.0021287202320929683,0.04892821600557341,0.04986511889648223,-0.4225853195668459,5,0.0,none,0.1,0.055102434517581955,0.055102434517581955,0.0,5
probe_vit_s16_lunit_dino,erm,True,0.058032884075373874,0.05038821561885622,0.002538972273252346,0.0021287202320929683,0.04892821600557341,0.04986511889648223,-0.4225853195668459,5,0.0,none,0.2,0.055102434517581955,0.055102434517581955,0.0,3
probe_vit_s16_lunit_dino,erm,True,0.058032884075373874,0.05038821561885622,0.002538972273252346,0.0021287202320929683,0.04892821600557341,0.04986511889648223,-0.4225853195668459,5,0.25,ratio,0.02,0.05890698032626798,0.055102434517581955,0.125,105
probe_vit_s16_lunit_dino,erm,True,0.058032884075373874,0.05038821561885622,0.002538972273252346,0.0021287202320929683,0.04892821600557341,0.04986511889648223,-0.4225853195668459,5,0.25,ratio,0.05,0.05890698032626798,0.055102434517581955,0.125,19
probe_vit_s16_lunit_dino,erm,True,0.058032884075373874,0.05038821561885622,0.002538972273252346,0.0021287202320929683,0.04892821600557341,0.04986511889648223,-0.4225853195668459,5,0.25,ratio,0.1,0.05890698032626798,0.055102434517581955,0.125,7
probe_vit_s16_lunit_dino,erm,True,0.058032884075373874,0.05038821561885622,0.002538972273252346,0.0021287202320929683,0.04892821600557341,0.04986511889648223,-0.4225853195668459,5,0.25,ratio,0.2,0.05890698032626798,0.055102434517581955,0.125,4
probe_vit_s16_lunit_dino,erm,True,0.058032884075373874,0.05038821561885622,0.002538972273252346,0.0021287202320929683,0.04892821600557341,0.04986511889648223,-0.4225853195668459,5,0.25,design,0.02,0.05890698032626798,0.055102434517581955,0.125,
probe_vit_s16_lunit_dino,erm,True,0.058032884075373874,0.05038821561885622,0.002538972273252346,0.0021287202320929683,0.04892821600557341,0.04986511889648223,-0.4225853195668459,5,0.25,design,0.05,0.05890698032626798,0.055102434517581955,0.125,
probe_vit_s16_lunit_dino,erm,True,0.058032884075373874,0.05038821561885622,0.002538972273252346,0.0021287202320929683,0.04892821600557341,0.04986511889648223,-0.4225853195668459,5,0.25,design,0.1,0.05890698032626798,0.055102434517581955,0.125,9
probe_vit_s16_lunit_dino,erm,True,0.058032884075373874,0.05038821561885622,0.002538972273252346,0.0021287202320929683,0.04892821600557341,0.04986511889648223,-0.4225853195668459,5,0.25,design,0.2,0.05890698032626798,0.055102434517581955,0.125,3
probe_vit_s16_lunit_dino,erm,True,0.058032884075373874,0.05038821561885622,0.002538972273252346,0.0021287202320929683,0.04892821600557341,0.04986511889648223,-0.4225853195668459,5,0.5,ratio,0.02,0.06362681080345935,0.055102434517581955,0.25,161
probe_vit_s16_lunit_dino,erm,True,0.058032884075373874,0.05038821561885622,0.002538972273252346,0.0021287202320929683,0.04892821600557341,0.04986511889648223,-0.4225853195668459,5,0.5,ratio,0.05,0.06362681080345935,0.055102434517581955,0.25,28
probe_vit_s16_lunit_dino,erm,True,0.058032884075373874,0.05038821561885622,0.002538972273252346,0.0021287202320929683,0.04892821600557341,0.04986511889648223,-0.4225853195668459,5,0.5,ratio,0.1,0.06362681080345935,0.055102434517581955,0.25,9
probe_vit_s16_lunit_dino,erm,True,0.058032884075373874,0.05038821561885622,0.002538972273252346,0.0021287202320929683,0.04892821600557341,0.04986511889648223,-0.4225853195668459,5,0.5,ratio,0.2,0.06362681080345935,0.055102434517581955,0.25,4
probe_vit_s16_lunit_dino,erm,True,0.058032884075373874,0.05038821561885622,0.002538972273252346,0.0021287202320929683,0.04892821600557341,0.04986511889648223,-0.4225853195668459,5,0.5,design,0.02,0.06362681080345935,0.055102434517581955,0.25,
probe_vit_s16_lunit_dino,erm,True,0.058032884075373874,0.05038821561885622,0.002538972273252346,0.0021287202320929683,0.04892821600557341,0.04986511889648223,-0.4225853195668459,5,0.5,design,0.05,0.06362681080345935,0.055102434517581955,0.25,
probe_vit_s16_lunit_dino,erm,True,0.058032884075373874,0.05038821561885622,0.002538972273252346,0.0021287202320929683,0.04892821600557341,0.04986511889648223,-0.4225853195668459,5,0.5,design,0.1,0.06362681080345935,0.055102434517581955,0.25,
probe_vit_s16_lunit_dino,erm,True,0.058032884075373874,0.05038821561885622,0.002538972273252346,0.0021287202320929683,0.04892821600557341,0.04986511889648223,-0.4225853195668459,5,0.5,design,0.2,0.06362681080345935,0.055102434517581955,0.25,4
probe_vit_s16_lunit_dino,erm,True,0.058032884075373874,0.05038821561885622,0.002538972273252346,0.0021287202320929683,0.04892821600557341,0.04986511889648223,-0.4225853195668459,10,0.0,none,0.02,0.052797966641797645,0.052797966641797645,0.0,57
probe_vit_s16_lunit_dino,erm,True,0.058032884075373874,0.05038821561885622,0.002538972273252346,0.0021287202320929683,0.04892821600557341,0.04986511889648223,-0.4225853195668459,10,0.0,none,0.05,0.052797966641797645,0.052797966641797645,0.0,11
probe_vit_s16_lunit_dino,erm,True,0.058032884075373874,0.05038821561885622,0.002538972273252346,0.0021287202320929683,0.04892821600557341,0.04986511889648223,-0.4225853195668459,10,0.0,none,0.1,0.052797966641797645,0.052797966641797645,0.0,5
probe_vit_s16_lunit_dino,erm,True,0.058032884075373874,0.05038821561885622,0.002538972273252346,0.0021287202320929683,0.04892821600557341,0.04986511889648223,-0.4225853195668459,10,0.0,none,0.2,0.052797966641797645,0.052797966641797645,0.0,3
probe_vit_s16_lunit_dino,erm,True,0.058032884075373874,0.05038821561885622,0.002538972273252346,0.0021287202320929683,0.04892821600557341,0.04986511889648223,-0.4225853195668459,10,0.25,ratio,0.02,0.05644340054055037,0.052797966641797645,0.125,96
probe_vit_s16_lunit_dino,erm,True,0.058032884075373874,0.05038821561885622,0.002538972273252346,0.0021287202320929683,0.04892821600557341,0.04986511889648223,-0.4225853195668459,10,0.25,ratio,0.05,0.05644340054055037,0.052797966641797645,0.125,18
probe_vit_s16_lunit_dino,erm,True,0.058032884075373874,0.05038821561885622,0.002538972273252346,0.0021287202320929683,0.04892821600557341,0.04986511889648223,-0.4225853195668459,10,0.25,ratio,0.1,0.05644340054055037,0.052797966641797645,0.125,6
probe_vit_s16_lunit_dino,erm,True,0.058032884075373874,0.05038821561885622,0.002538972273252346,0.0021287202320929683,0.04892821600557341,0.04986511889648223,-0.4225853195668459,10,0.25,ratio,0.2,0.05644340054055037,0.052797966641797645,0.125,4
probe_vit_s16_lunit_dino,erm,True,0.058032884075373874,0.05038821561885622,0.002538972273252346,0.0021287202320929683,0.04892821600557341,0.04986511889648223,-0.4225853195668459,10,0.25,design,0.02,0.05644340054055037,0.052797966641797645,0.125,
probe_vit_s16_lunit_dino,erm,True,0.058032884075373874,0.05038821561885622,0.002538972273252346,0.0021287202320929683,0.04892821600557341,0.04986511889648223,-0.4225853195668459,10,0.25,design,0.05,0.05644340054055037,0.052797966641797645,0.125,
probe_vit_s16_lunit_dino,erm,True,0.058032884075373874,0.05038821561885622,0.002538972273252346,0.0021287202320929683,0.04892821600557341,0.04986511889648223,-0.4225853195668459,10,0.25,design,0.1,0.05644340054055037,0.052797966641797645,0.125,8
probe_vit_s16_lunit_dino,erm,True,0.058032884075373874,0.05038821561885622,0.002538972273252346,0.0021287202320929683,0.04892821600557341,0.04986511889648223,-0.4225853195668459,10,0.25,design,0.2,0.05644340054055037,0.052797966641797645,0.125,3
probe_vit_s16_lunit_dino,erm,True,0.058032884075373874,0.05038821561885622,0.002538972273252346,0.0021287202320929683,0.04892821600557341,0.04986511889648223,-0.4225853195668459,10,0.5,ratio,0.02,0.06096584050661351,0.052797966641797645,0.25,148
probe_vit_s16_lunit_dino,erm,True,0.058032884075373874,0.05038821561885622,0.002538972273252346,0.0021287202320929683,0.04892821600557341,0.04986511889648223,-0.4225853195668459,10,0.5,ratio,0.05,0.06096584050661351,0.052797966641797645,0.25,26
probe_vit_s16_lunit_dino,erm,True,0.058032884075373874,0.05038821561885622,0.002538972273252346,0.0021287202320929683,0.04892821600557341,0.04986511889648223,-0.4225853195668459,10,0.5,ratio,0.1,0.06096584050661351,0.052797966641797645,0.25,8
probe_vit_s16_lunit_dino,erm,True,0.058032884075373874,0.05038821561885622,0.002538972273252346,0.0021287202320929683,0.04892821600557341,0.04986511889648223,-0.4225853195668459,10,0.5,ratio,0.2,0.06096584050661351,0.052797966641797645,0.25,4
probe_vit_s16_lunit_dino,erm,True,0.058032884075373874,0.05038821561885622,0.002538972273252346,0.0021287202320929683,0.04892821600557341,0.04986511889648223,-0.4225853195668459,10,0.5,design,0.02,0.06096584050661351,0.052797966641797645,0.25,
probe_vit_s16_lunit_dino,erm,True,0.058032884075373874,0.05038821561885622,0.002538972273252346,0.0021287202320929683,0.04892821600557341,0.04986511889648223,-0.4225853195668459,10,0.5,design,0.05,0.06096584050661351,0.052797966641797645,0.25,
probe_vit_s16_lunit_dino,erm,True,0.058032884075373874,0.05038821561885622,0.002538972273252346,0.0021287202320929683,0.04892821600557341,0.04986511889648223,-0.4225853195668459,10,0.5,design,0.1,0.06096584050661351,0.052797966641797645,0.25,
probe_vit_s16_lunit_dino,erm,True,0.058032884075373874,0.05038821561885622,0.002538972273252346,0.0021287202320929683,0.04892821600557341,0.04986511889648223,-0.4225853195668459,10,0.5,design,0.2,0.06096584050661351,0.052797966641797645,0.25,3
sam,erm,True,0.01399652127658375,0.0,-0.00042471864771533366,0.012599446769512546,0.04892821600557341,0.04314931942317962,0.5603308735751475,1,0.0,none,0.02,0.04314931942317962,0.04314931942317962,0.0,39
sam,erm,True,0.01399652127658375,0.0,-0.00042471864771533366,0.012599446769512546,0.04892821600557341,0.04314931942317962,0.5603308735751475,1,0.0,none,0.05,0.04314931942317962,0.04314931942317962,0.0,8
sam,erm,True,0.01399652127658375,0.0,-0.00042471864771533366,0.012599446769512546,0.04892821600557341,0.04314931942317962,0.5603308735751475,1,0.0,none,0.1,0.04314931942317962,0.04314931942317962,0.0,4
sam,erm,True,0.01399652127658375,0.0,-0.00042471864771533366,0.012599446769512546,0.04892821600557341,0.04314931942317962,0.5603308735751475,1,0.0,none,0.2,0.04314931942317962,0.04314931942317962,0.0,3
sam,erm,True,0.01399652127658375,0.0,-0.00042471864771533366,0.012599446769512546,0.04892821600557341,0.04314931942317962,0.5603308735751475,1,0.25,ratio,0.02,0.04612856278685953,0.04314931942317962,0.125,65
sam,erm,True,0.01399652127658375,0.0,-0.00042471864771533366,0.012599446769512546,0.04892821600557341,0.04314931942317962,0.5603308735751475,1,0.25,ratio,0.05,0.04612856278685953,0.04314931942317962,0.125,13
sam,erm,True,0.01399652127658375,0.0,-0.00042471864771533366,0.012599446769512546,0.04892821600557341,0.04314931942317962,0.5603308735751475,1,0.25,ratio,0.1,0.04612856278685953,0.04314931942317962,0.125,5
sam,erm,True,0.01399652127658375,0.0,-0.00042471864771533366,0.012599446769512546,0.04892821600557341,0.04314931942317962,0.5603308735751475,1,0.25,ratio,0.2,0.04612856278685953,0.04314931942317962,0.125,3
sam,erm,True,0.01399652127658375,0.0,-0.00042471864771533366,0.012599446769512546,0.04892821600557341,0.04314931942317962,0.5603308735751475,1,0.25,design,0.02,0.04612856278685953,0.04314931942317962,0.125,
sam,erm,True,0.01399652127658375,0.0,-0.00042471864771533366,0.012599446769512546,0.04892821600557341,0.04314931942317962,0.5603308735751475,1,0.25,design,0.05,0.04612856278685953,0.04314931942317962,0.125,
sam,erm,True,0.01399652127658375,0.0,-0.00042471864771533366,0.012599446769512546,0.04892821600557341,0.04314931942317962,0.5603308735751475,1,0.25,design,0.1,0.04612856278685953,0.04314931942317962,0.125,5
sam,erm,True,0.01399652127658375,0.0,-0.00042471864771533366,0.012599446769512546,0.04892821600557341,0.04314931942317962,0.5603308735751475,1,0.25,design,0.2,0.04612856278685953,0.04314931942317962,0.125,3
sam,erm,True,0.01399652127658375,0.0,-0.00042471864771533366,0.012599446769512546,0.04892821600557341,0.04314931942317962,0.5603308735751475,1,0.5,ratio,0.02,0.04982454236864381,0.04314931942317962,0.25,100
sam,erm,True,0.01399652127658375,0.0,-0.00042471864771533366,0.012599446769512546,0.04892821600557341,0.04314931942317962,0.5603308735751475,1,0.5,ratio,0.05,0.04982454236864381,0.04314931942317962,0.25,18
sam,erm,True,0.01399652127658375,0.0,-0.00042471864771533366,0.012599446769512546,0.04892821600557341,0.04314931942317962,0.5603308735751475,1,0.5,ratio,0.1,0.04982454236864381,0.04314931942317962,0.25,7
sam,erm,True,0.01399652127658375,0.0,-0.00042471864771533366,0.012599446769512546,0.04892821600557341,0.04314931942317962,0.5603308735751475,1,0.5,ratio,0.2,0.04982454236864381,0.04314931942317962,0.25,4
sam,erm,True,0.01399652127658375,0.0,-0.00042471864771533366,0.012599446769512546,0.04892821600557341,0.04314931942317962,0.5603308735751475,1,0.5,design,0.02,0.04982454236864381,0.04314931942317962,0.25,
sam,erm,True,0.01399652127658375,0.0,-0.00042471864771533366,0.012599446769512546,0.04892821600557341,0.04314931942317962,0.5603308735751475,1,0.5,design,0.05,0.04982454236864381,0.04314931942317962,0.25,
sam,erm,True,0.01399652127658375,0.0,-0.00042471864771533366,0.012599446769512546,0.04892821600557341,0.04314931942317962,0.5603308735751475,1,0.5,design,0.1,0.04982454236864381,0.04314931942317962,0.25,39
sam,erm,True,0.01399652127658375,0.0,-0.00042471864771533366,0.012599446769512546,0.04892821600557341,0.04314931942317962,0.5603308735751475,1,0.5,design,0.2,0.04982454236864381,0.04314931942317962,0.25,3
sam,erm,True,0.01399652127658375,0.0,-0.00042471864771533366,0.012599446769512546,0.04892821600557341,0.04314931942317962,0.5603308735751475,3,0.0,none,0.02,0.0249122711843219,0.0249122711843219,0.0,15
sam,erm,True,0.01399652127658375,0.0,-0.00042471864771533366,0.012599446769512546,0.04892821600557341,0.04314931942317962,0.5603308735751475,3,0.0,none,0.05,0.0249122711843219,0.0249122711843219,0.0,5
sam,erm,True,0.01399652127658375,0.0,-0.00042471864771533366,0.012599446769512546,0.04892821600557341,0.04314931942317962,0.5603308735751475,3,0.0,none,0.1,0.0249122711843219,0.0249122711843219,0.0,3
sam,erm,True,0.01399652127658375,0.0,-0.00042471864771533366,0.012599446769512546,0.04892821600557341,0.04314931942317962,0.5603308735751475,3,0.0,none,0.2,0.0249122711843219,0.0249122711843219,0.0,3
sam,erm,True,0.01399652127658375,0.0,-0.00042471864771533366,0.012599446769512546,0.04892821600557341,0.04314931942317962,0.5603308735751475,3,0.25,ratio,0.02,0.0266323381423239,0.0249122711843219,0.125,23
sam,erm,True,0.01399652127658375,0.0,-0.00042471864771533366,0.012599446769512546,0.04892821600557341,0.04314931942317962,0.5603308735751475,3,0.25,ratio,0.05,0.0266323381423239,0.0249122711843219,0.125,6
sam,erm,True,0.01399652127658375,0.0,-0.00042471864771533366,0.012599446769512546,0.04892821600557341,0.04314931942317962,0.5603308735751475,3,0.25,ratio,0.1,0.0266323381423239,0.0249122711843219,0.125,4
sam,erm,True,0.01399652127658375,0.0,-0.00042471864771533366,0.012599446769512546,0.04892821600557341,0.04314931942317962,0.5603308735751475,3,0.25,ratio,0.2,0.0266323381423239,0.0249122711843219,0.125,3
sam,erm,True,0.01399652127658375,0.0,-0.00042471864771533366,0.012599446769512546,0.04892821600557341,0.04314931942317962,0.5603308735751475,3,0.25,design,0.02,0.0266323381423239,0.0249122711843219,0.125,
sam,erm,True,0.01399652127658375,0.0,-0.00042471864771533366,0.012599446769512546,0.04892821600557341,0.04314931942317962,0.5603308735751475,3,0.25,design,0.05,0.0266323381423239,0.0249122711843219,0.125,7
sam,erm,True,0.01399652127658375,0.0,-0.00042471864771533366,0.012599446769512546,0.04892821600557341,0.04314931942317962,0.5603308735751475,3,0.25,design,0.1,0.0266323381423239,0.0249122711843219,0.125,3
sam,erm,True,0.01399652127658375,0.0,-0.00042471864771533366,0.012599446769512546,0.04892821600557341,0.04314931942317962,0.5603308735751475,3,0.25,design,0.2,0.0266323381423239,0.0249122711843219,0.125,3
sam,erm,True,0.01399652127658375,0.0,-0.00042471864771533366,0.012599446769512546,0.04892821600557341,0.04314931942317962,0.5603308735751475,3,0.5,ratio,0.02,0.028766212948786417,0.0249122711843219,0.25,35
sam,erm,True,0.01399652127658375,0.0,-0.00042471864771533366,0.012599446769512546,0.04892821600557341,0.04314931942317962,0.5603308735751475,3,0.5,ratio,0.05,0.028766212948786417,0.0249122711843219,0.25,8
sam,erm,True,0.01399652127658375,0.0,-0.00042471864771533366,0.012599446769512546,0.04892821600557341,0.04314931942317962,0.5603308735751475,3,0.5,ratio,0.1,0.028766212948786417,0.0249122711843219,0.25,4
sam,erm,True,0.01399652127658375,0.0,-0.00042471864771533366,0.012599446769512546,0.04892821600557341,0.04314931942317962,0.5603308735751475,3,0.5,ratio,0.2,0.028766212948786417,0.0249122711843219,0.25,3
sam,erm,True,0.01399652127658375,0.0,-0.00042471864771533366,0.012599446769512546,0.04892821600557341,0.04314931942317962,0.5603308735751475,3,0.5,design,0.02,0.028766212948786417,0.0249122711843219,0.25,
sam,erm,True,0.01399652127658375,0.0,-0.00042471864771533366,0.012599446769512546,0.04892821600557341,0.04314931942317962,0.5603308735751475,3,0.5,design,0.05,0.028766212948786417,0.0249122711843219,0.25,
sam,erm,True,0.01399652127658375,0.0,-0.00042471864771533366,0.012599446769512546,0.04892821600557341,0.04314931942317962,0.5603308735751475,3,0.5,design,0.1,0.028766212948786417,0.0249122711843219,0.25,3
sam,erm,True,0.01399652127658375,0.0,-0.00042471864771533366,0.012599446769512546,0.04892821600557341,0.04314931942317962,0.5603308735751475,3,0.5,design,0.2,0.028766212948786417,0.0249122711843219,0.25,3
sam,erm,True,0.01399652127658375,0.0,-0.00042471864771533366,0.012599446769512546,0.04892821600557341,0.04314931942317962,0.5603308735751475,5,0.0,none,0.02,0.01929696228261633,0.01929696228261633,0.0,10
sam,erm,True,0.01399652127658375,0.0,-0.00042471864771533366,0.012599446769512546,0.04892821600557341,0.04314931942317962,0.5603308735751475,5,0.0,none,0.05,0.01929696228261633,0.01929696228261633,0.0,4
sam,erm,True,0.01399652127658375,0.0,-0.00042471864771533366,0.012599446769512546,0.04892821600557341,0.04314931942317962,0.5603308735751475,5,0.0,none,0.1,0.01929696228261633,0.01929696228261633,0.0,3
sam,erm,True,0.01399652127658375,0.0,-0.00042471864771533366,0.012599446769512546,0.04892821600557341,0.04314931942317962,0.5603308735751475,5,0.0,none,0.2,0.01929696228261633,0.01929696228261633,0.0,3
sam,erm,True,0.01399652127658375,0.0,-0.00042471864771533366,0.012599446769512546,0.04892821600557341,0.04314931942317962,0.5603308735751475,5,0.25,ratio,0.02,0.020629320419157007,0.01929696228261633,0.125,15
sam,erm,True,0.01399652127658375,0.0,-0.00042471864771533366,0.012599446769512546,0.04892821600557341,0.04314931942317962,0.5603308735751475,5,0.25,ratio,0.05,0.020629320419157007,0.01929696228261633,0.125,5
sam,erm,True,0.01399652127658375,0.0,-0.00042471864771533366,0.012599446769512546,0.04892821600557341,0.04314931942317962,0.5603308735751475,5,0.25,ratio,0.1,0.020629320419157007,0.01929696228261633,0.125,3
sam,erm,True,0.01399652127658375,0.0,-0.00042471864771533366,0.012599446769512546,0.04892821600557341,0.04314931942317962,0.5603308735751475,5,0.25,ratio,0.2,0.020629320419157007,0.01929696228261633,0.125,3
sam,erm,True,0.01399652127658375,0.0,-0.00042471864771533366,0.012599446769512546,0.04892821600557341,0.04314931942317962,0.5603308735751475,5,0.25,design,0.02,0.020629320419157007,0.01929696228261633,0.125,
sam,erm,True,0.01399652127658375,0.0,-0.00042471864771533366,0.012599446769512546,0.04892821600557341,0.04314931942317962,0.5603308735751475,5,0.25,design,0.05,0.020629320419157007,0.01929696228261633,0.125,4
sam,erm,True,0.01399652127658375,0.0,-0.00042471864771533366,0.012599446769512546,0.04892821600557341,0.04314931942317962,0.5603308735751475,5,0.25,design,0.1,0.020629320419157007,0.01929696228261633,0.125,3
sam,erm,True,0.01399652127658375,0.0,-0.00042471864771533366,0.012599446769512546,0.04892821600557341,0.04314931942317962,0.5603308735751475,5,0.25,design,0.2,0.020629320419157007,0.01929696228261633,0.125,3
sam,erm,True,0.01399652127658375,0.0,-0.00042471864771533366,0.012599446769512546,0.04892821600557341,0.04314931942317962,0.5603308735751475,5,0.5,ratio,0.02,0.02228221273682119,0.01929696228261633,0.25,22
sam,erm,True,0.01399652127658375,0.0,-0.00042471864771533366,0.012599446769512546,0.04892821600557341,0.04314931942317962,0.5603308735751475,5,0.5,ratio,0.05,0.02228221273682119,0.01929696228261633,0.25,6
sam,erm,True,0.01399652127658375,0.0,-0.00042471864771533366,0.012599446769512546,0.04892821600557341,0.04314931942317962,0.5603308735751475,5,0.5,ratio,0.1,0.02228221273682119,0.01929696228261633,0.25,4
sam,erm,True,0.01399652127658375,0.0,-0.00042471864771533366,0.012599446769512546,0.04892821600557341,0.04314931942317962,0.5603308735751475,5,0.5,ratio,0.2,0.02228221273682119,0.01929696228261633,0.25,3
sam,erm,True,0.01399652127658375,0.0,-0.00042471864771533366,0.012599446769512546,0.04892821600557341,0.04314931942317962,0.5603308735751475,5,0.5,design,0.02,0.02228221273682119,0.01929696228261633,0.25,
sam,erm,True,0.01399652127658375,0.0,-0.00042471864771533366,0.012599446769512546,0.04892821600557341,0.04314931942317962,0.5603308735751475,5,0.5,design,0.05,0.02228221273682119,0.01929696228261633,0.25,7
sam,erm,True,0.01399652127658375,0.0,-0.00042471864771533366,0.012599446769512546,0.04892821600557341,0.04314931942317962,0.5603308735751475,5,0.5,design,0.1,0.02228221273682119,0.01929696228261633,0.25,3
sam,erm,True,0.01399652127658375,0.0,-0.00042471864771533366,0.012599446769512546,0.04892821600557341,0.04314931942317962,0.5603308735751475,5,0.5,design,0.2,0.02228221273682119,0.01929696228261633,0.25,3
sam,erm,True,0.01399652127658375,0.0,-0.00042471864771533366,0.012599446769512546,0.04892821600557341,0.04314931942317962,0.5603308735751475,10,0.0,none,0.02,0.013645012886339045,0.013645012886339045,0.0,6
sam,erm,True,0.01399652127658375,0.0,-0.00042471864771533366,0.012599446769512546,0.04892821600557341,0.04314931942317962,0.5603308735751475,10,0.0,none,0.05,0.013645012886339045,0.013645012886339045,0.0,3
sam,erm,True,0.01399652127658375,0.0,-0.00042471864771533366,0.012599446769512546,0.04892821600557341,0.04314931942317962,0.5603308735751475,10,0.0,none,0.1,0.013645012886339045,0.013645012886339045,0.0,3
sam,erm,True,0.01399652127658375,0.0,-0.00042471864771533366,0.012599446769512546,0.04892821600557341,0.04314931942317962,0.5603308735751475,10,0.0,none,0.2,0.013645012886339045,0.013645012886339045,0.0,2
sam,erm,True,0.01399652127658375,0.0,-0.00042471864771533366,0.012599446769512546,0.04892821600557341,0.04314931942317962,0.5603308735751475,10,0.25,ratio,0.02,0.014587132359656032,0.013645012886339045,0.125,9
sam,erm,True,0.01399652127658375,0.0,-0.00042471864771533366,0.012599446769512546,0.04892821600557341,0.04314931942317962,0.5603308735751475,10,0.25,ratio,0.05,0.014587132359656032,0.013645012886339045,0.125,4
sam,erm,True,0.01399652127658375,0.0,-0.00042471864771533366,0.012599446769512546,0.04892821600557341,0.04314931942317962,0.5603308735751475,10,0.25,ratio,0.1,0.014587132359656032,0.013645012886339045,0.125,3
sam,erm,True,0.01399652127658375,0.0,-0.00042471864771533366,0.012599446769512546,0.04892821600557341,0.04314931942317962,0.5603308735751475,10,0.25,ratio,0.2,0.014587132359656032,0.013645012886339045,0.125,3
sam,erm,True,0.01399652127658375,0.0,-0.00042471864771533366,0.012599446769512546,0.04892821600557341,0.04314931942317962,0.5603308735751475,10,0.25,design,0.02,0.014587132359656032,0.013645012886339045,0.125,
sam,erm,True,0.01399652127658375,0.0,-0.00042471864771533366,0.012599446769512546,0.04892821600557341,0.04314931942317962,0.5603308735751475,10,0.25,design,0.05,0.014587132359656032,0.013645012886339045,0.125,3
sam,erm,True,0.01399652127658375,0.0,-0.00042471864771533366,0.012599446769512546,0.04892821600557341,0.04314931942317962,0.5603308735751475,10,0.25,design,0.1,0.014587132359656032,0.013645012886339045,0.125,3
sam,erm,True,0.01399652127658375,0.0,-0.00042471864771533366,0.012599446769512546,0.04892821600557341,0.04314931942317962,0.5603308735751475,10,0.25,design,0.2,0.014587132359656032,0.013645012886339045,0.125,3
sam,erm,True,0.01399652127658375,0.0,-0.00042471864771533366,0.012599446769512546,0.04892821600557341,0.04314931942317962,0.5603308735751475,10,0.5,ratio,0.02,0.015755903726047522,0.013645012886339045,0.25,12
sam,erm,True,0.01399652127658375,0.0,-0.00042471864771533366,0.012599446769512546,0.04892821600557341,0.04314931942317962,0.5603308735751475,10,0.5,ratio,0.05,0.015755903726047522,0.013645012886339045,0.25,4
sam,erm,True,0.01399652127658375,0.0,-0.00042471864771533366,0.012599446769512546,0.04892821600557341,0.04314931942317962,0.5603308735751475,10,0.5,ratio,0.1,0.015755903726047522,0.013645012886339045,0.25,3
sam,erm,True,0.01399652127658375,0.0,-0.00042471864771533366,0.012599446769512546,0.04892821600557341,0.04314931942317962,0.5603308735751475,10,0.5,ratio,0.2,0.015755903726047522,0.013645012886339045,0.25,3
sam,erm,True,0.01399652127658375,0.0,-0.00042471864771533366,0.012599446769512546,0.04892821600557341,0.04314931942317962,0.5603308735751475,10,0.5,design,0.02,0.015755903726047522,0.013645012886339045,0.25,
sam,erm,True,0.01399652127658375,0.0,-0.00042471864771533366,0.012599446769512546,0.04892821600557341,0.04314931942317962,0.5603308735751475,10,0.5,design,0.05,0.015755903726047522,0.013645012886339045,0.25,4
sam,erm,True,0.01399652127658375,0.0,-0.00042471864771533366,0.012599446769512546,0.04892821600557341,0.04314931942317962,0.5603308735751475,10,0.5,design,0.1,0.015755903726047522,0.013645012886339045,0.25,3
sam,erm,True,0.01399652127658375,0.0,-0.00042471864771533366,0.012599446769512546,0.04892821600557341,0.04314931942317962,0.5603308735751475,10,0.5,design,0.2,0.015755903726047522,0.013645012886339045,0.25,3
simclr,erm,True,0.02204601244960874,0.0,-0.00042740851342646475,0.012885817697120437,0.04892821600557341,0.052347927705538685,-0.14297907574513985,1,0.0,none,0.02,0.052347927705538685,0.052347927705538685,0.0,56
simclr,erm,True,0.02204601244960874,0.0,-0.00042740851342646475,0.012885817697120437,0.04892821600557341,0.052347927705538685,-0.14297907574513985,1,0.0,none,0.05,0.052347927705538685,0.052347927705538685,0.0,11
simclr,erm,True,0.02204601244960874,0.0,-0.00042740851342646475,0.012885817697120437,0.04892821600557341,0.052347927705538685,-0.14297907574513985,1,0.0,none,0.1,0.052347927705538685,0.052347927705538685,0.0,5
simclr,erm,True,0.02204601244960874,0.0,-0.00042740851342646475,0.012885817697120437,0.04892821600557341,0.052347927705538685,-0.14297907574513985,1,0.0,none,0.2,0.052347927705538685,0.052347927705538685,0.0,3
simclr,erm,True,0.02204601244960874,0.0,-0.00042740851342646475,0.012885817697120437,0.04892821600557341,0.052347927705538685,-0.14297907574513985,1,0.25,ratio,0.02,0.05596228868049631,0.052347927705538685,0.125,95
simclr,erm,True,0.02204601244960874,0.0,-0.00042740851342646475,0.012885817697120437,0.04892821600557341,0.052347927705538685,-0.14297907574513985,1,0.25,ratio,0.05,0.05596228868049631,0.052347927705538685,0.125,17
simclr,erm,True,0.02204601244960874,0.0,-0.00042740851342646475,0.012885817697120437,0.04892821600557341,0.052347927705538685,-0.14297907574513985,1,0.25,ratio,0.1,0.05596228868049631,0.052347927705538685,0.125,6
simclr,erm,True,0.02204601244960874,0.0,-0.00042740851342646475,0.012885817697120437,0.04892821600557341,0.052347927705538685,-0.14297907574513985,1,0.25,ratio,0.2,0.05596228868049631,0.052347927705538685,0.125,4
simclr,erm,True,0.02204601244960874,0.0,-0.00042740851342646475,0.012885817697120437,0.04892821600557341,0.052347927705538685,-0.14297907574513985,1,0.25,design,0.02,0.05596228868049631,0.052347927705538685,0.125,
simclr,erm,True,0.02204601244960874,0.0,-0.00042740851342646475,0.012885817697120437,0.04892821600557341,0.052347927705538685,-0.14297907574513985,1,0.25,design,0.05,0.05596228868049631,0.052347927705538685,0.125,
simclr,erm,True,0.02204601244960874,0.0,-0.00042740851342646475,0.012885817697120437,0.04892821600557341,0.052347927705538685,-0.14297907574513985,1,0.25,design,0.1,0.05596228868049631,0.052347927705538685,0.125,8
simclr,erm,True,0.02204601244960874,0.0,-0.00042740851342646475,0.012885817697120437,0.04892821600557341,0.052347927705538685,-0.14297907574513985,1,0.25,design,0.2,0.05596228868049631,0.052347927705538685,0.125,3
simclr,erm,True,0.02204601244960874,0.0,-0.00042740851342646475,0.012885817697120437,0.04892821600557341,0.052347927705538685,-0.14297907574513985,1,0.5,ratio,0.02,0.06044618030462366,0.052347927705538685,0.25,146
simclr,erm,True,0.02204601244960874,0.0,-0.00042740851342646475,0.012885817697120437,0.04892821600557341,0.052347927705538685,-0.14297907574513985,1,0.5,ratio,0.05,0.06044618030462366,0.052347927705538685,0.25,25
simclr,erm,True,0.02204601244960874,0.0,-0.00042740851342646475,0.012885817697120437,0.04892821600557341,0.052347927705538685,-0.14297907574513985,1,0.5,ratio,0.1,0.06044618030462366,0.052347927705538685,0.25,8
simclr,erm,True,0.02204601244960874,0.0,-0.00042740851342646475,0.012885817697120437,0.04892821600557341,0.052347927705538685,-0.14297907574513985,1,0.5,ratio,0.2,0.06044618030462366,0.052347927705538685,0.25,4
simclr,erm,True,0.02204601244960874,0.0,-0.00042740851342646475,0.012885817697120437,0.04892821600557341,0.052347927705538685,-0.14297907574513985,1,0.5,design,0.02,0.06044618030462366,0.052347927705538685,0.25,
simclr,erm,True,0.02204601244960874,0.0,-0.00042740851342646475,0.012885817697120437,0.04892821600557341,0.052347927705538685,-0.14297907574513985,1,0.5,design,0.05,0.06044618030462366,0.052347927705538685,0.25,
simclr,erm,True,0.02204601244960874,0.0,-0.00042740851342646475,0.012885817697120437,0.04892821600557341,0.052347927705538685,-0.14297907574513985,1,0.5,design,0.1,0.06044618030462366,0.052347927705538685,0.25,
simclr,erm,True,0.02204601244960874,0.0,-0.00042740851342646475,0.012885817697120437,0.04892821600557341,0.052347927705538685,-0.14297907574513985,1,0.5,design,0.2,0.06044618030462366,0.052347927705538685,0.25,3
simclr,erm,True,0.02204601244960874,0.0,-0.00042740851342646475,0.012885817697120437,0.04892821600557341,0.052347927705538685,-0.14297907574513985,3,0.0,none,0.02,0.030223090152311827,0.030223090152311827,0.0,20
simclr,erm,True,0.02204601244960874,0.0,-0.00042740851342646475,0.012885817697120437,0.04892821600557341,0.052347927705538685,-0.14297907574513985,3,0.0,none,0.05,0.030223090152311827,0.030223090152311827,0.0,6
simclr,erm,True,0.02204601244960874,0.0,-0.00042740851342646475,0.012885817697120437,0.04892821600557341,0.052347927705538685,-0.14297907574513985,3,0.0,none,0.1,0.030223090152311827,0.030223090152311827,0.0,3
simclr,erm,True,0.02204601244960874,0.0,-0.00042740851342646475,0.012885817697120437,0.04892821600557341,0.052347927705538685,-0.14297907574513985,3,0.0,none,0.2,0.030223090152311827,0.030223090152311827,0.0,3
simclr,erm,True,0.02204601244960874,0.0,-0.00042740851342646475,0.012885817697120437,0.04892821600557341,0.052347927705538685,-0.14297907574513985,3,0.25,ratio,0.02,0.03230984243415209,0.030223090152311827,0.125,33
simclr,erm,True,0.02204601244960874,0.0,-0.00042740851342646475,0.012885817697120437,0.04892821600557341,0.052347927705538685,-0.14297907574513985,3,0.25,ratio,0.05,0.03230984243415209,0.030223090152311827,0.125,8
simclr,erm,True,0.02204601244960874,0.0,-0.00042740851342646475,0.012885817697120437,0.04892821600557341,0.052347927705538685,-0.14297907574513985,3,0.25,ratio,0.1,0.03230984243415209,0.030223090152311827,0.125,4
simclr,erm,True,0.02204601244960874,0.0,-0.00042740851342646475,0.012885817697120437,0.04892821600557341,0.052347927705538685,-0.14297907574513985,3,0.25,ratio,0.2,0.03230984243415209,0.030223090152311827,0.125,3
simclr,erm,True,0.02204601244960874,0.0,-0.00042740851342646475,0.012885817697120437,0.04892821600557341,0.052347927705538685,-0.14297907574513985,3,0.25,design,0.02,0.03230984243415209,0.030223090152311827,0.125,
simclr,erm,True,0.02204601244960874,0.0,-0.00042740851342646475,0.012885817697120437,0.04892821600557341,0.052347927705538685,-0.14297907574513985,3,0.25,design,0.05,0.03230984243415209,0.030223090152311827,0.125,16
simclr,erm,True,0.02204601244960874,0.0,-0.00042740851342646475,0.012885817697120437,0.04892821600557341,0.052347927705538685,-0.14297907574513985,3,0.25,design,0.1,0.03230984243415209,0.030223090152311827,0.125,4
simclr,erm,True,0.02204601244960874,0.0,-0.00042740851342646475,0.012885817697120437,0.04892821600557341,0.052347927705538685,-0.14297907574513985,3,0.25,design,0.2,0.03230984243415209,0.030223090152311827,0.125,3
simclr,erm,True,0.02204601244960874,0.0,-0.00042740851342646475,0.012885817697120437,0.04892821600557341,0.052347927705538685,-0.14297907574513985,3,0.5,ratio,0.02,0.034898618470359126,0.030223090152311827,0.25,50
simclr,erm,True,0.02204601244960874,0.0,-0.00042740851342646475,0.012885817697120437,0.04892821600557341,0.052347927705538685,-0.14297907574513985,3,0.5,ratio,0.05,0.034898618470359126,0.030223090152311827,0.25,10
simclr,erm,True,0.02204601244960874,0.0,-0.00042740851342646475,0.012885817697120437,0.04892821600557341,0.052347927705538685,-0.14297907574513985,3,0.5,ratio,0.1,0.034898618470359126,0.030223090152311827,0.25,5
simclr,erm,True,0.02204601244960874,0.0,-0.00042740851342646475,0.012885817697120437,0.04892821600557341,0.052347927705538685,-0.14297907574513985,3,0.5,ratio,0.2,0.034898618470359126,0.030223090152311827,0.25,3
simclr,erm,True,0.02204601244960874,0.0,-0.00042740851342646475,0.012885817697120437,0.04892821600557341,0.052347927705538685,-0.14297907574513985,3,0.5,design,0.02,0.034898618470359126,0.030223090152311827,0.25,
simclr,erm,True,0.02204601244960874,0.0,-0.00042740851342646475,0.012885817697120437,0.04892821600557341,0.052347927705538685,-0.14297907574513985,3,0.5,design,0.05,0.034898618470359126,0.030223090152311827,0.25,
simclr,erm,True,0.02204601244960874,0.0,-0.00042740851342646475,0.012885817697120437,0.04892821600557341,0.052347927705538685,-0.14297907574513985,3,0.5,design,0.1,0.034898618470359126,0.030223090152311827,0.25,4
simclr,erm,True,0.02204601244960874,0.0,-0.00042740851342646475,0.012885817697120437,0.04892821600557341,0.052347927705538685,-0.14297907574513985,3,0.5,design,0.2,0.034898618470359126,0.030223090152311827,0.25,3
simclr,erm,True,0.02204601244960874,0.0,-0.00042740851342646475,0.012885817697120437,0.04892821600557341,0.052347927705538685,-0.14297907574513985,5,0.0,none,0.02,0.02341070496616582,0.02341070496616582,0.0,13
simclr,erm,True,0.02204601244960874,0.0,-0.00042740851342646475,0.012885817697120437,0.04892821600557341,0.052347927705538685,-0.14297907574513985,5,0.0,none,0.05,0.02341070496616582,0.02341070496616582,0.0,4
simclr,erm,True,0.02204601244960874,0.0,-0.00042740851342646475,0.012885817697120437,0.04892821600557341,0.052347927705538685,-0.14297907574513985,5,0.0,none,0.1,0.02341070496616582,0.02341070496616582,0.0,3
simclr,erm,True,0.02204601244960874,0.0,-0.00042740851342646475,0.012885817697120437,0.04892821600557341,0.052347927705538685,-0.14297907574513985,5,0.0,none,0.2,0.02341070496616582,0.02341070496616582,0.0,3
simclr,erm,True,0.02204601244960874,0.0,-0.00042740851342646475,0.012885817697120437,0.04892821600557341,0.052347927705538685,-0.14297907574513985,5,0.25,ratio,0.02,0.02502709633321135,0.02341070496616582,0.125,21
simclr,erm,True,0.02204601244960874,0.0,-0.00042740851342646475,0.012885817697120437,0.04892821600557341,0.052347927705538685,-0.14297907574513985,5,0.25,ratio,0.05,0.02502709633321135,0.02341070496616582,0.125,6
simclr,erm,True,0.02204601244960874,0.0,-0.00042740851342646475,0.012885817697120437,0.04892821600557341,0.052347927705538685,-0.14297907574513985,5,0.25,ratio,0.1,0.02502709633321135,0.02341070496616582,0.125,4
simclr,erm,True,0.02204601244960874,0.0,-0.00042740851342646475,0.012885817697120437,0.04892821600557341,0.052347927705538685,-0.14297907574513985,5,0.25,ratio,0.2,0.02502709633321135,0.02341070496616582,0.125,3
simclr,erm,True,0.02204601244960874,0.0,-0.00042740851342646475,0.012885817697120437,0.04892821600557341,0.052347927705538685,-0.14297907574513985,5,0.25,design,0.02,0.02502709633321135,0.02341070496616582,0.125,
simclr,erm,True,0.02204601244960874,0.0,-0.00042740851342646475,0.012885817697120437,0.04892821600557341,0.052347927705538685,-0.14297907574513985,5,0.25,design,0.05,0.02502709633321135,0.02341070496616582,0.125,6
simclr,erm,True,0.02204601244960874,0.0,-0.00042740851342646475,0.012885817697120437,0.04892821600557341,0.052347927705538685,-0.14297907574513985,5,0.25,design,0.1,0.02502709633321135,0.02341070496616582,0.125,3
simclr,erm,True,0.02204601244960874,0.0,-0.00042740851342646475,0.012885817697120437,0.04892821600557341,0.052347927705538685,-0.14297907574513985,5,0.25,design,0.2,0.02502709633321135,0.02341070496616582,0.125,3
simclr,erm,True,0.02204601244960874,0.0,-0.00042740851342646475,0.012885817697120437,0.04892821600557341,0.052347927705538685,-0.14297907574513985,5,0.5,ratio,0.02,0.02703235362826949,0.02341070496616582,0.25,31
simclr,erm,True,0.02204601244960874,0.0,-0.00042740851342646475,0.012885817697120437,0.04892821600557341,0.052347927705538685,-0.14297907574513985,5,0.5,ratio,0.05,0.02703235362826949,0.02341070496616582,0.25,7
simclr,erm,True,0.02204601244960874,0.0,-0.00042740851342646475,0.012885817697120437,0.04892821600557341,0.052347927705538685,-0.14297907574513985,5,0.5,ratio,0.1,0.02703235362826949,0.02341070496616582,0.25,4
simclr,erm,True,0.02204601244960874,0.0,-0.00042740851342646475,0.012885817697120437,0.04892821600557341,0.052347927705538685,-0.14297907574513985,5,0.5,ratio,0.2,0.02703235362826949,0.02341070496616582,0.25,3
simclr,erm,True,0.02204601244960874,0.0,-0.00042740851342646475,0.012885817697120437,0.04892821600557341,0.052347927705538685,-0.14297907574513985,5,0.5,design,0.02,0.02703235362826949,0.02341070496616582,0.25,
simclr,erm,True,0.02204601244960874,0.0,-0.00042740851342646475,0.012885817697120437,0.04892821600557341,0.052347927705538685,-0.14297907574513985,5,0.5,design,0.05,0.02703235362826949,0.02341070496616582,0.25,
simclr,erm,True,0.02204601244960874,0.0,-0.00042740851342646475,0.012885817697120437,0.04892821600557341,0.052347927705538685,-0.14297907574513985,5,0.5,design,0.1,0.02703235362826949,0.02341070496616582,0.25,3
simclr,erm,True,0.02204601244960874,0.0,-0.00042740851342646475,0.012885817697120437,0.04892821600557341,0.052347927705538685,-0.14297907574513985,5,0.5,design,0.2,0.02703235362826949,0.02341070496616582,0.25,3
simclr,erm,True,0.02204601244960874,0.0,-0.00042740851342646475,0.012885817697120437,0.04892821600557341,0.052347927705538685,-0.14297907574513985,10,0.0,none,0.02,0.016553868233933434,0.016553868233933434,0.0,8
simclr,erm,True,0.02204601244960874,0.0,-0.00042740851342646475,0.012885817697120437,0.04892821600557341,0.052347927705538685,-0.14297907574513985,10,0.0,none,0.05,0.016553868233933434,0.016553868233933434,0.0,4
simclr,erm,True,0.02204601244960874,0.0,-0.00042740851342646475,0.012885817697120437,0.04892821600557341,0.052347927705538685,-0.14297907574513985,10,0.0,none,0.1,0.016553868233933434,0.016553868233933434,0.0,3
simclr,erm,True,0.02204601244960874,0.0,-0.00042740851342646475,0.012885817697120437,0.04892821600557341,0.052347927705538685,-0.14297907574513985,10,0.0,none,0.2,0.016553868233933434,0.016553868233933434,0.0,2
simclr,erm,True,0.02204601244960874,0.0,-0.00042740851342646475,0.012885817697120437,0.04892821600557341,0.052347927705538685,-0.14297907574513985,10,0.25,ratio,0.02,0.017696829530622724,0.016553868233933434,0.125,12
simclr,erm,True,0.02204601244960874,0.0,-0.00042740851342646475,0.012885817697120437,0.04892821600557341,0.052347927705538685,-0.14297907574513985,10,0.25,ratio,0.05,0.017696829530622724,0.016553868233933434,0.125,4
simclr,erm,True,0.02204601244960874,0.0,-0.00042740851342646475,0.012885817697120437,0.04892821600557341,0.052347927705538685,-0.14297907574513985,10,0.25,ratio,0.1,0.017696829530622724,0.016553868233933434,0.125,3
simclr,erm,True,0.02204601244960874,0.0,-0.00042740851342646475,0.012885817697120437,0.04892821600557341,0.052347927705538685,-0.14297907574513985,10,0.25,ratio,0.2,0.017696829530622724,0.016553868233933434,0.125,3
simclr,erm,True,0.02204601244960874,0.0,-0.00042740851342646475,0.012885817697120437,0.04892821600557341,0.052347927705538685,-0.14297907574513985,10,0.25,design,0.02,0.017696829530622724,0.016553868233933434,0.125,
simclr,erm,True,0.02204601244960874,0.0,-0.00042740851342646475,0.012885817697120437,0.04892821600557341,0.052347927705538685,-0.14297907574513985,10,0.25,design,0.05,0.017696829530622724,0.016553868233933434,0.125,4
simclr,erm,True,0.02204601244960874,0.0,-0.00042740851342646475,0.012885817697120437,0.04892821600557341,0.052347927705538685,-0.14297907574513985,10,0.25,design,0.1,0.017696829530622724,0.016553868233933434,0.125,3
simclr,erm,True,0.02204601244960874,0.0,-0.00042740851342646475,0.012885817697120437,0.04892821600557341,0.052347927705538685,-0.14297907574513985,10,0.25,design,0.2,0.017696829530622724,0.016553868233933434,0.125,3
simclr,erm,True,0.02204601244960874,0.0,-0.00042740851342646475,0.012885817697120437,0.04892821600557341,0.052347927705538685,-0.14297907574513985,10,0.5,ratio,0.02,0.01911476056198213,0.016553868233933434,0.25,17
simclr,erm,True,0.02204601244960874,0.0,-0.00042740851342646475,0.012885817697120437,0.04892821600557341,0.052347927705538685,-0.14297907574513985,10,0.5,ratio,0.05,0.01911476056198213,0.016553868233933434,0.25,5
simclr,erm,True,0.02204601244960874,0.0,-0.00042740851342646475,0.012885817697120437,0.04892821600557341,0.052347927705538685,-0.14297907574513985,10,0.5,ratio,0.1,0.01911476056198213,0.016553868233933434,0.25,3
simclr,erm,True,0.02204601244960874,0.0,-0.00042740851342646475,0.012885817697120437,0.04892821600557341,0.052347927705538685,-0.14297907574513985,10,0.5,ratio,0.2,0.01911476056198213,0.016553868233933434,0.25,3
simclr,erm,True,0.02204601244960874,0.0,-0.00042740851342646475,0.012885817697120437,0.04892821600557341,0.052347927705538685,-0.14297907574513985,10,0.5,design,0.02,0.01911476056198213,0.016553868233933434,0.25,
simclr,erm,True,0.02204601244960874,0.0,-0.00042740851342646475,0.012885817697120437,0.04892821600557341,0.052347927705538685,-0.14297907574513985,10,0.5,design,0.05,0.01911476056198213,0.016553868233933434,0.25,4
simclr,erm,True,0.02204601244960874,0.0,-0.00042740851342646475,0.012885817697120437,0.04892821600557341,0.052347927705538685,-0.14297907574513985,10,0.5,design,0.1,0.01911476056198213,0.016553868233933434,0.25,3
simclr,erm,True,0.02204601244960874,0.0,-0.00042740851342646475,0.012885817697120437,0.04892821600557341,0.052347927705538685,-0.14297907574513985,10,0.5,design,0.2,0.01911476056198213,0.016553868233933434,0.25,3
tia_style,erm,True,0.06050154778175848,0.05273615833871407,0.0027811023963259214,0.0072579445577628035,0.04892821600557341,0.05136150954739793,-0.26942654542070893,1,0.0,none,0.02,0.0736145845557344,0.0736145845557344,0.0,109
tia_style,erm,True,0.06050154778175848,0.05273615833871407,0.0027811023963259214,0.0072579445577628035,0.04892821600557341,0.05136150954739793,-0.26942654542070893,1,0.0,none,0.05,0.0736145845557344,0.0736145845557344,0.0,20
tia_style,erm,True,0.06050154778175848,0.05273615833871407,0.0027811023963259214,0.0072579445577628035,0.04892821600557341,0.05136150954739793,-0.26942654542070893,1,0.0,none,0.1,0.0736145845557344,0.0736145845557344,0.0,7
tia_style,erm,True,0.06050154778175848,0.05273615833871407,0.0027811023963259214,0.0072579445577628035,0.04892821600557341,0.05136150954739793,-0.26942654542070893,1,0.0,none,0.2,0.0736145845557344,0.0736145845557344,0.0,4
tia_style,erm,True,0.06050154778175848,0.05273615833871407,0.0027811023963259214,0.0072579445577628035,0.04892821600557341,0.05136150954739793,-0.26942654542070893,1,0.25,ratio,0.02,0.07869730116493101,0.0736145845557344,0.125,185
tia_style,erm,True,0.06050154778175848,0.05273615833871407,0.0027811023963259214,0.0072579445577628035,0.04892821600557341,0.05136150954739793,-0.26942654542070893,1,0.25,ratio,0.05,0.07869730116493101,0.0736145845557344,0.125,32
tia_style,erm,True,0.06050154778175848,0.05273615833871407,0.0027811023963259214,0.0072579445577628035,0.04892821600557341,0.05136150954739793,-0.26942654542070893,1,0.25,ratio,0.1,0.07869730116493101,0.0736145845557344,0.125,10
tia_style,erm,True,0.06050154778175848,0.05273615833871407,0.0027811023963259214,0.0072579445577628035,0.04892821600557341,0.05136150954739793,-0.26942654542070893,1,0.25,ratio,0.2,0.07869730116493101,0.0736145845557344,0.125,5
tia_style,erm,True,0.06050154778175848,0.05273615833871407,0.0027811023963259214,0.0072579445577628035,0.04892821600557341,0.05136150954739793,-0.26942654542070893,1,0.25,design,0.02,0.07869730116493101,0.0736145845557344,0.125,
tia_style,erm,True,0.06050154778175848,0.05273615833871407,0.0027811023963259214,0.0072579445577628035,0.04892821600557341,0.05136150954739793,-0.26942654542070893,1,0.25,design,0.05,0.07869730116493101,0.0736145845557344,0.125,
tia_style,erm,True,0.06050154778175848,0.05273615833871407,0.0027811023963259214,0.0072579445577628035,0.04892821600557341,0.05136150954739793,-0.26942654542070893,1,0.25,design,0.1,0.07869730116493101,0.0736145845557344,0.125,
tia_style,erm,True,0.06050154778175848,0.05273615833871407,0.0027811023963259214,0.0072579445577628035,0.04892821600557341,0.05136150954739793,-0.26942654542070893,1,0.25,design,0.2,0.07869730116493101,0.0736145845557344,0.125,4
tia_style,erm,True,0.06050154778175848,0.05273615833871407,0.0027811023963259214,0.0072579445577628035,0.04892821600557341,0.05136150954739793,-0.26942654542070893,1,0.5,ratio,0.02,0.08500280041907145,0.0736145845557344,0.25,286
tia_style,erm,True,0.06050154778175848,0.05273615833871407,0.0027811023963259214,0.0072579445577628035,0.04892821600557341,0.05136150954739793,-0.26942654542070893,1,0.5,ratio,0.05,0.08500280041907145,0.0736145845557344,0.25,48
tia_style,erm,True,0.06050154778175848,0.05273615833871407,0.0027811023963259214,0.0072579445577628035,0.04892821600557341,0.05136150954739793,-0.26942654542070893,1,0.5,ratio,0.1,0.08500280041907145,0.0736145845557344,0.25,14
tia_style,erm,True,0.06050154778175848,0.05273615833871407,0.0027811023963259214,0.0072579445577628035,0.04892821600557341,0.05136150954739793,-0.26942654542070893,1,0.5,ratio,0.2,0.08500280041907145,0.0736145845557344,0.25,6
tia_style,erm,True,0.06050154778175848,0.05273615833871407,0.0027811023963259214,0.0072579445577628035,0.04892821600557341,0.05136150954739793,-0.26942654542070893,1,0.5,design,0.02,0.08500280041907145,0.0736145845557344,0.25,
tia_style,erm,True,0.06050154778175848,0.05273615833871407,0.0027811023963259214,0.0072579445577628035,0.04892821600557341,0.05136150954739793,-0.26942654542070893,1,0.5,design,0.05,0.08500280041907145,0.0736145845557344,0.25,
tia_style,erm,True,0.06050154778175848,0.05273615833871407,0.0027811023963259214,0.0072579445577628035,0.04892821600557341,0.05136150954739793,-0.26942654542070893,1,0.5,design,0.1,0.08500280041907145,0.0736145845557344,0.25,
tia_style,erm,True,0.06050154778175848,0.05273615833871407,0.0027811023963259214,0.0072579445577628035,0.04892821600557341,0.05136150954739793,-0.26942654542070893,1,0.5,design,0.2,0.08500280041907145,0.0736145845557344,0.25,6
tia_style,erm,True,0.06050154778175848,0.05273615833871407,0.0027811023963259214,0.0072579445577628035,0.04892821600557341,0.05136150954739793,-0.26942654542070893,3,0.0,none,0.02,0.06050154778175848,0.06050154778175848,0.0,74
tia_style,erm,True,0.06050154778175848,0.05273615833871407,0.0027811023963259214,0.0072579445577628035,0.04892821600557341,0.05136150954739793,-0.26942654542070893,3,0.0,none,0.05,0.06050154778175848,0.06050154778175848,0.0,14
tia_style,erm,True,0.06050154778175848,0.05273615833871407,0.0027811023963259214,0.0072579445577628035,0.04892821600557341,0.05136150954739793,-0.26942654542070893,3,0.0,none,0.1,0.06050154778175848,0.06050154778175848,0.0,6
tia_style,erm,True,0.06050154778175848,0.05273615833871407,0.0027811023963259214,0.0072579445577628035,0.04892821600557341,0.05136150954739793,-0.26942654542070893,3,0.0,none,0.2,0.06050154778175848,0.06050154778175848,0.0,3
tia_style,erm,True,0.06050154778175848,0.05273615833871407,0.0027811023963259214,0.0072579445577628035,0.04892821600557341,0.05136150954739793,-0.26942654542070893,3,0.25,ratio,0.02,0.06467887519110663,0.06050154778175848,0.125,126
tia_style,erm,True,0.06050154778175848,0.05273615833871407,0.0027811023963259214,0.0072579445577628035,0.04892821600557341,0.05136150954739793,-0.26942654542070893,3,0.25,ratio,0.05,0.06467887519110663,0.06050154778175848,0.125,22
tia_style,erm,True,0.06050154778175848,0.05273615833871407,0.0027811023963259214,0.0072579445577628035,0.04892821600557341,0.05136150954739793,-0.26942654542070893,3,0.25,ratio,0.1,0.06467887519110663,0.06050154778175848,0.125,8
tia_style,erm,True,0.06050154778175848,0.05273615833871407,0.0027811023963259214,0.0072579445577628035,0.04892821600557341,0.05136150954739793,-0.26942654542070893,3,0.25,ratio,0.2,0.06467887519110663,0.06050154778175848,0.125,4
tia_style,erm,True,0.06050154778175848,0.05273615833871407,0.0027811023963259214,0.0072579445577628035,0.04892821600557341,0.05136150954739793,-0.26942654542070893,3,0.25,design,0.02,0.06467887519110663,0.06050154778175848,0.125,
tia_style,erm,True,0.06050154778175848,0.05273615833871407,0.0027811023963259214,0.0072579445577628035,0.04892821600557341,0.05136150954739793,-0.26942654542070893,3,0.25,design,0.05,0.06467887519110663,0.06050154778175848,0.125,
tia_style,erm,True,0.06050154778175848,0.05273615833871407,0.0027811023963259214,0.0072579445577628035,0.04892821600557341,0.05136150954739793,-0.26942654542070893,3,0.25,design,0.1,0.06467887519110663,0.06050154778175848,0.125,16
tia_style,erm,True,0.06050154778175848,0.05273615833871407,0.0027811023963259214,0.0072579445577628035,0.04892821600557341,0.05136150954739793,-0.26942654542070893,3,0.25,design,0.2,0.06467887519110663,0.06050154778175848,0.125,4
tia_style,erm,True,0.06050154778175848,0.05273615833871407,0.0027811023963259214,0.0072579445577628035,0.04892821600557341,0.05136150954739793,-0.26942654542070893,3,0.5,ratio,0.02,0.06986116979637454,0.06050154778175848,0.25,194
tia_style,erm,True,0.06050154778175848,0.05273615833871407,0.0027811023963259214,0.0072579445577628035,0.04892821600557341,0.05136150954739793,-0.26942654542070893,3,0.5,ratio,0.05,0.06986116979637454,0.06050154778175848,0.25,33
tia_style,erm,True,0.06050154778175848,0.05273615833871407,0.0027811023963259214,0.0072579445577628035,0.04892821600557341,0.05136150954739793,-0.26942654542070893,3,0.5,ratio,0.1,0.06986116979637454,0.06050154778175848,0.25,10
tia_style,erm,True,0.06050154778175848,0.05273615833871407,0.0027811023963259214,0.0072579445577628035,0.04892821600557341,0.05136150954739793,-0.26942654542070893,3,0.5,ratio,0.2,0.06986116979637454,0.06050154778175848,0.25,5
tia_style,erm,True,0.06050154778175848,0.05273615833871407,0.0027811023963259214,0.0072579445577628035,0.04892821600557341,0.05136150954739793,-0.26942654542070893,3,0.5,design,0.02,0.06986116979637454,0.06050154778175848,0.25,
tia_style,erm,True,0.06050154778175848,0.05273615833871407,0.0027811023963259214,0.0072579445577628035,0.04892821600557341,0.05136150954739793,-0.26942654542070893,3,0.5,design,0.05,0.06986116979637454,0.06050154778175848,0.25,
tia_style,erm,True,0.06050154778175848,0.05273615833871407,0.0027811023963259214,0.0072579445577628035,0.04892821600557341,0.05136150954739793,-0.26942654542070893,3,0.5,design,0.1,0.06986116979637454,0.06050154778175848,0.25,
tia_style,erm,True,0.06050154778175848,0.05273615833871407,0.0027811023963259214,0.0072579445577628035,0.04892821600557341,0.05136150954739793,-0.26942654542070893,3,0.5,design,0.2,0.06986116979637454,0.06050154778175848,0.25,4
tia_style,erm,True,0.06050154778175848,0.05273615833871407,0.0027811023963259214,0.0072579445577628035,0.04892821600557341,0.05136150954739793,-0.26942654542070893,5,0.0,none,0.02,0.05752132933898008,0.05752132933898008,0.0,67
tia_style,erm,True,0.06050154778175848,0.05273615833871407,0.0027811023963259214,0.0072579445577628035,0.04892821600557341,0.05136150954739793,-0.26942654542070893,5,0.0,none,0.05,0.05752132933898008,0.05752132933898008,0.0,13
tia_style,erm,True,0.06050154778175848,0.05273615833871407,0.0027811023963259214,0.0072579445577628035,0.04892821600557341,0.05136150954739793,-0.26942654542070893,5,0.0,none,0.1,0.05752132933898008,0.05752132933898008,0.0,5
tia_style,erm,True,0.06050154778175848,0.05273615833871407,0.0027811023963259214,0.0072579445577628035,0.04892821600557341,0.05136150954739793,-0.26942654542070893,5,0.0,none,0.2,0.05752132933898008,0.05752132933898008,0.0,3
tia_style,erm,True,0.06050154778175848,0.05273615833871407,0.0027811023963259214,0.0072579445577628035,0.04892821600557341,0.05136150954739793,-0.26942654542070893,5,0.25,ratio,0.02,0.06149288766235756,0.05752132933898008,0.125,114
tia_style,erm,True,0.06050154778175848,0.05273615833871407,0.0027811023963259214,0.0072579445577628035,0.04892821600557341,0.05136150954739793,-0.26942654542070893,5,0.25,ratio,0.05,0.06149288766235756,0.05752132933898008,0.125,20
tia_style,erm,True,0.06050154778175848,0.05273615833871407,0.0027811023963259214,0.0072579445577628035,0.04892821600557341,0.05136150954739793,-0.26942654542070893,5,0.25,ratio,0.1,0.06149288766235756,0.05752132933898008,0.125,7
tia_style,erm,True,0.06050154778175848,0.05273615833871407,0.0027811023963259214,0.0072579445577628035,0.04892821600557341,0.05136150954739793,-0.26942654542070893,5,0.25,ratio,0.2,0.06149288766235756,0.05752132933898008,0.125,4
tia_style,erm,True,0.06050154778175848,0.05273615833871407,0.0027811023963259214,0.0072579445577628035,0.04892821600557341,0.05136150954739793,-0.26942654542070893,5,0.25,design,0.02,0.06149288766235756,0.05752132933898008,0.125,
tia_style,erm,True,0.06050154778175848,0.05273615833871407,0.0027811023963259214,0.0072579445577628035,0.04892821600557341,0.05136150954739793,-0.26942654542070893,5,0.25,design,0.05,0.06149288766235756,0.05752132933898008,0.125,
tia_style,erm,True,0.06050154778175848,0.05273615833871407,0.0027811023963259214,0.0072579445577628035,0.04892821600557341,0.05136150954739793,-0.26942654542070893,5,0.25,design,0.1,0.06149288766235756,0.05752132933898008,0.125,11
tia_style,erm,True,0.06050154778175848,0.05273615833871407,0.0027811023963259214,0.0072579445577628035,0.04892821600557341,0.05136150954739793,-0.26942654542070893,5,0.25,design,0.2,0.06149288766235756,0.05752132933898008,0.125,4
tia_style,erm,True,0.06050154778175848,0.05273615833871407,0.0027811023963259214,0.0072579445577628035,0.04892821600557341,0.05136150954739793,-0.26942654542070893,5,0.5,ratio,0.02,0.06641990995601055,0.05752132933898008,0.25,176
tia_style,erm,True,0.06050154778175848,0.05273615833871407,0.0027811023963259214,0.0072579445577628035,0.04892821600557341,0.05136150954739793,-0.26942654542070893,5,0.5,ratio,0.05,0.06641990995601055,0.05752132933898008,0.25,30
tia_style,erm,True,0.06050154778175848,0.05273615833871407,0.0027811023963259214,0.0072579445577628035,0.04892821600557341,0.05136150954739793,-0.26942654542070893,5,0.5,ratio,0.1,0.06641990995601055,0.05752132933898008,0.25,10
tia_style,erm,True,0.06050154778175848,0.05273615833871407,0.0027811023963259214,0.0072579445577628035,0.04892821600557341,0.05136150954739793,-0.26942654542070893,5,0.5,ratio,0.2,0.06641990995601055,0.05752132933898008,0.25,4
tia_style,erm,True,0.06050154778175848,0.05273615833871407,0.0027811023963259214,0.0072579445577628035,0.04892821600557341,0.05136150954739793,-0.26942654542070893,5,0.5,design,0.02,0.06641990995601055,0.05752132933898008,0.25,
tia_style,erm,True,0.06050154778175848,0.05273615833871407,0.0027811023963259214,0.0072579445577628035,0.04892821600557341,0.05136150954739793,-0.26942654542070893,5,0.5,design,0.05,0.06641990995601055,0.05752132933898008,0.25,
tia_style,erm,True,0.06050154778175848,0.05273615833871407,0.0027811023963259214,0.0072579445577628035,0.04892821600557341,0.05136150954739793,-0.26942654542070893,5,0.5,design,0.1,0.06641990995601055,0.05752132933898008,0.25,
tia_style,erm,True,0.06050154778175848,0.05273615833871407,0.0027811023963259214,0.0072579445577628035,0.04892821600557341,0.05136150954739793,-0.26942654542070893,5,0.5,design,0.2,0.06641990995601055,0.05752132933898008,0.25,4
tia_style,erm,True,0.06050154778175848,0.05273615833871407,0.0027811023963259214,0.0072579445577628035,0.04892821600557341,0.05136150954739793,-0.26942654542070893,10,0.0,none,0.02,0.05518063847605124,0.05518063847605124,0.0,62
tia_style,erm,True,0.06050154778175848,0.05273615833871407,0.0027811023963259214,0.0072579445577628035,0.04892821600557341,0.05136150954739793,-0.26942654542070893,10,0.0,none,0.05,0.05518063847605124,0.05518063847605124,0.0,12
tia_style,erm,True,0.06050154778175848,0.05273615833871407,0.0027811023963259214,0.0072579445577628035,0.04892821600557341,0.05136150954739793,-0.26942654542070893,10,0.0,none,0.1,0.05518063847605124,0.05518063847605124,0.0,5
tia_style,erm,True,0.06050154778175848,0.05273615833871407,0.0027811023963259214,0.0072579445577628035,0.04892821600557341,0.05136150954739793,-0.26942654542070893,10,0.0,none,0.2,0.05518063847605124,0.05518063847605124,0.0,3
tia_style,erm,True,0.06050154778175848,0.05273615833871407,0.0027811023963259214,0.0072579445577628035,0.04892821600557341,0.05136150954739793,-0.26942654542070893,10,0.25,ratio,0.02,0.05899058387451985,0.05518063847605124,0.125,105
tia_style,erm,True,0.06050154778175848,0.05273615833871407,0.0027811023963259214,0.0072579445577628035,0.04892821600557341,0.05136150954739793,-0.26942654542070893,10,0.25,ratio,0.05,0.05899058387451985,0.05518063847605124,0.125,19
tia_style,erm,True,0.06050154778175848,0.05273615833871407,0.0027811023963259214,0.0072579445577628035,0.04892821600557341,0.05136150954739793,-0.26942654542070893,10,0.25,ratio,0.1,0.05899058387451985,0.05518063847605124,0.125,7
tia_style,erm,True,0.06050154778175848,0.05273615833871407,0.0027811023963259214,0.0072579445577628035,0.04892821600557341,0.05136150954739793,-0.26942654542070893,10,0.25,ratio,0.2,0.05899058387451985,0.05518063847605124,0.125,4
tia_style,erm,True,0.06050154778175848,0.05273615833871407,0.0027811023963259214,0.0072579445577628035,0.04892821600557341,0.05136150954739793,-0.26942654542070893,10,0.25,design,0.02,0.05899058387451985,0.05518063847605124,0.125,
tia_style,erm,True,0.06050154778175848,0.05273615833871407,0.0027811023963259214,0.0072579445577628035,0.04892821600557341,0.05136150954739793,-0.26942654542070893,10,0.25,design,0.05,0.05899058387451985,0.05518063847605124,0.125,
tia_style,erm,True,0.06050154778175848,0.05273615833871407,0.0027811023963259214,0.0072579445577628035,0.04892821600557341,0.05136150954739793,-0.26942654542070893,10,0.25,design,0.1,0.05899058387451985,0.05518063847605124,0.125,9
tia_style,erm,True,0.06050154778175848,0.05273615833871407,0.0027811023963259214,0.0072579445577628035,0.04892821600557341,0.05136150954739793,-0.26942654542070893,10,0.25,design,0.2,0.05899058387451985,0.05518063847605124,0.125,3
tia_style,erm,True,0.06050154778175848,0.05273615833871407,0.0027811023963259214,0.0072579445577628035,0.04892821600557341,0.05136150954739793,-0.26942654542070893,10,0.5,ratio,0.02,0.06371711295640721,0.05518063847605124,0.25,162
tia_style,erm,True,0.06050154778175848,0.05273615833871407,0.0027811023963259214,0.0072579445577628035,0.04892821600557341,0.05136150954739793,-0.26942654542070893,10,0.5,ratio,0.05,0.06371711295640721,0.05518063847605124,0.25,28
tia_style,erm,True,0.06050154778175848,0.05273615833871407,0.0027811023963259214,0.0072579445577628035,0.04892821600557341,0.05136150954739793,-0.26942654542070893,10,0.5,ratio,0.1,0.06371711295640721,0.05518063847605124,0.25,9
tia_style,erm,True,0.06050154778175848,0.05273615833871407,0.0027811023963259214,0.0072579445577628035,0.04892821600557341,0.05136150954739793,-0.26942654542070893,10,0.5,ratio,0.2,0.06371711295640721,0.05518063847605124,0.25,4
tia_style,erm,True,0.06050154778175848,0.05273615833871407,0.0027811023963259214,0.0072579445577628035,0.04892821600557341,0.05136150954739793,-0.26942654542070893,10,0.5,design,0.02,0.06371711295640721,0.05518063847605124,0.25,
tia_style,erm,True,0.06050154778175848,0.05273615833871407,0.0027811023963259214,0.0072579445577628035,0.04892821600557341,0.05136150954739793,-0.26942654542070893,10,0.5,design,0.05,0.06371711295640721,0.05518063847605124,0.25,
tia_style,erm,True,0.06050154778175848,0.05273615833871407,0.0027811023963259214,0.0072579445577628035,0.04892821600557341,0.05136150954739793,-0.26942654542070893,10,0.5,design,0.1,0.06371711295640721,0.05518063847605124,0.25,
tia_style,erm,True,0.06050154778175848,0.05273615833871407,0.0027811023963259214,0.0072579445577628035,0.04892821600557341,0.05136150954739793,-0.26942654542070893,10,0.5,design,0.2,0.06371711295640721,0.05518063847605124,0.25,4
