tier,cohort,fold,arm,hpkey,hp,id_val_auroc,selected_step,status,cache_fingerprint,ood_val_auroc_at_id,ood_test_auroc_at_id,path
C,c17,0,coral,coral_lambda=0.1,"{""coral_lambda"": 0.1, ""lr"": 0.02}",0.9770968888888889,1200,ok,48ee357c0fbd380adc628fee79068ddff03dd618dddeea477f5caa80842a6efd,0.7185845833333332,0.9432426752,$HISTOPATH_DATA/v2/runs_tune/C/c17/fold0/coral__coral_lambda=0.1__s0.json
C,c17,0,coral,coral_lambda=10,"{""coral_lambda"": 10.0, ""lr"": 0.02}",0.9745484166666667,1080,ok,48ee357c0fbd380adc628fee79068ddff03dd618dddeea477f5caa80842a6efd,0.7615817222222222,0.912662144,$HISTOPATH_DATA/v2/runs_tune/C/c17/fold0/coral__coral_lambda=10__s0.json
C,c17,0,coral,default,"{""coral_lambda"": 1.0, ""lr"": 0.02}",0.9718458333333334,1200,ok,48ee357c0fbd380adc628fee79068ddff03dd618dddeea477f5caa80842a6efd,0.7010536944444445,0.9314927808,$HISTOPATH_DATA/v2/runs_tune/C/c17/fold0/coral__default__s0.json
C,c17,0,fish,default,"{""lr"": 0.02, ""meta_lr"": 0.1}",0.8289478611111112,120,ok,48ee357c0fbd380adc628fee79068ddff03dd618dddeea477f5caa80842a6efd,0.7663754166666666,0.9394081024,$HISTOPATH_DATA/v2/runs_tune/C/c17/fold0/fish__default__s0.json
C,c17,0,fish,meta_lr=0.01,"{""lr"": 0.02, ""meta_lr"": 0.01}",0.8854259861111111,120,ok,48ee357c0fbd380adc628fee79068ddff03dd618dddeea477f5caa80842a6efd,0.4758336527777778,0.8960352832,$HISTOPATH_DATA/v2/runs_tune/C/c17/fold0/fish__meta_lr=0.01__s0.json
C,c17,0,fish,meta_lr=0.05,"{""lr"": 0.02, ""meta_lr"": 0.05}",0.8596522499999999,120,ok,48ee357c0fbd380adc628fee79068ddff03dd618dddeea477f5caa80842a6efd,0.7144984027777778,0.9246456128,$HISTOPATH_DATA/v2/runs_tune/C/c17/fold0/fish__meta_lr=0.05__s0.json
C,c17,0,fish,meta_lr=0.5,"{""lr"": 0.02, ""meta_lr"": 0.5}",0.7640038888888889,240,ok,48ee357c0fbd380adc628fee79068ddff03dd618dddeea477f5caa80842a6efd,0.8728007777777779,0.8445991936,$HISTOPATH_DATA/v2/runs_tune/C/c17/fold0/fish__meta_lr=0.5__s0.json
C,c17,0,groupdro,default,"{""eta"": 0.01, ""lr"": 0.02}",0.969656138888889,1200,ok,48ee357c0fbd380adc628fee79068ddff03dd618dddeea477f5caa80842a6efd,0.7110249166666667,0.9318820351999999,$HISTOPATH_DATA/v2/runs_tune/C/c17/fold0/groupdro__default__s0.json
C,c17,0,groupdro,eta=0.001,"{""eta"": 0.001, ""lr"": 0.02}",0.9711607777777779,1200,ok,48ee357c0fbd380adc628fee79068ddff03dd618dddeea477f5caa80842a6efd,0.7027719166666666,0.9314184896000002,$HISTOPATH_DATA/v2/runs_tune/C/c17/fold0/groupdro__eta=0.001__s0.json
C,c17,0,groupdro,eta=0.1,"{""eta"": 0.1, ""lr"": 0.02}",0.936915027777778,720,ok,48ee357c0fbd380adc628fee79068ddff03dd618dddeea477f5caa80842a6efd,0.5829763888888889,0.943086928,$HISTOPATH_DATA/v2/runs_tune/C/c17/fold0/groupdro__eta=0.1__s0.json
C,c17,0,he_jitter,default,"{""jitter"": 0.4, ""lr"": 0.02}",0.9663576666666667,1200,ok,48ee357c0fbd380adc628fee79068ddff03dd618dddeea477f5caa80842a6efd,0.9400497777777778,0.9682776479999999,$HISTOPATH_DATA/v2/runs_tune/C/c17/fold0/he_jitter__default__s0.json
C,c17,0,he_jitter,jitter=0.2,"{""jitter"": 0.2, ""lr"": 0.02}",0.9705686388888889,1200,ok,48ee357c0fbd380adc628fee79068ddff03dd618dddeea477f5caa80842a6efd,0.83605075,0.9681072063999999,$HISTOPATH_DATA/v2/runs_tune/C/c17/fold0/he_jitter__jitter=0.2__s0.json
C,c17,0,irm,default,"{""irm_lambda"": 10.0, ""lr"": 0.02}",0.9342505833333333,120,diverged,48ee357c0fbd380adc628fee79068ddff03dd618dddeea477f5caa80842a6efd,0.5423819722222223,0.9464434688000002,$HISTOPATH_DATA/v2/runs_tune/C/c17/fold0/irm__default__s0.json
C,c17,0,irm,irm_lambda=100,"{""irm_lambda"": 100.0, ""lr"": 0.02}",0.9371034166666666,120,diverged,48ee357c0fbd380adc628fee79068ddff03dd618dddeea477f5caa80842a6efd,0.46674372222222227,0.9484392255999999,$HISTOPATH_DATA/v2/runs_tune/C/c17/fold0/irm__irm_lambda=100__s0.json
C,c17,0,irm,irm_lambda=1,"{""irm_lambda"": 1.0, ""lr"": 0.02}",0.9721983333333333,1200,ok,48ee357c0fbd380adc628fee79068ddff03dd618dddeea477f5caa80842a6efd,0.6595026249999999,0.9385631232,$HISTOPATH_DATA/v2/runs_tune/C/c17/fold0/irm__irm_lambda=1__s0.json
C,c17,0,lisa,default,"{""lisa_alpha"": 2.0, ""lr"": 0.02, ""p_sel"": 0.5}",0.9518948333333334,960,ok,48ee357c0fbd380adc628fee79068ddff03dd618dddeea477f5caa80842a6efd,0.9155874305555555,0.9447557312,$HISTOPATH_DATA/v2/runs_tune/C/c17/fold0/lisa__default__s0.json
C,c17,0,lisa,"lisa_alpha=0.5,p_sel=1","{""lisa_alpha"": 0.5, ""lr"": 0.02, ""p_sel"": 1.0}",0.9480063333333333,1200,ok,48ee357c0fbd380adc628fee79068ddff03dd618dddeea477f5caa80842a6efd,0.7924924999999999,0.9525598975999999,"$HISTOPATH_DATA/v2/runs_tune/C/c17/fold0/lisa__lisa_alpha=0.5,p_sel=1__s0.json"
C,c17,0,lisa,lisa_alpha=0.5,"{""lisa_alpha"": 0.5, ""lr"": 0.02, ""p_sel"": 0.5}",0.9553353333333333,960,ok,48ee357c0fbd380adc628fee79068ddff03dd618dddeea477f5caa80842a6efd,0.8490815277777777,0.9480962752,$HISTOPATH_DATA/v2/runs_tune/C/c17/fold0/lisa__lisa_alpha=0.5__s0.json
C,c17,0,lisa,p_sel=1,"{""lisa_alpha"": 2.0, ""lr"": 0.02, ""p_sel"": 1.0}",0.9437285972222222,960,ok,48ee357c0fbd380adc628fee79068ddff03dd618dddeea477f5caa80842a6efd,0.6950030277777778,0.9547013024,$HISTOPATH_DATA/v2/runs_tune/C/c17/fold0/lisa__p_sel=1__s0.json
C,c17,0,mixstyle,default,"{""lr"": 0.02, ""ms_alpha"": 0.1, ""ms_p"": 0.5}",0.9727363888888889,1200,ok,48ee357c0fbd380adc628fee79068ddff03dd618dddeea477f5caa80842a6efd,0.6091808611111111,0.9350887488,$HISTOPATH_DATA/v2/runs_tune/C/c17/fold0/mixstyle__default__s0.json
C,c17,0,mixstyle,"ms_alpha=0.3,ms_p=1","{""lr"": 0.02, ""ms_alpha"": 0.3, ""ms_p"": 1.0}",0.9607805416666667,1200,ok,48ee357c0fbd380adc628fee79068ddff03dd618dddeea477f5caa80842a6efd,0.5856559166666666,0.9454366464000001,"$HISTOPATH_DATA/v2/runs_tune/C/c17/fold0/mixstyle__ms_alpha=0.3,ms_p=1__s0.json"
C,c17,0,mixstyle,ms_alpha=0.3,"{""lr"": 0.02, ""ms_alpha"": 0.3, ""ms_p"": 0.5}",0.9644055277777777,1200,ok,48ee357c0fbd380adc628fee79068ddff03dd618dddeea477f5caa80842a6efd,0.57284475,0.9388708416,$HISTOPATH_DATA/v2/runs_tune/C/c17/fold0/mixstyle__ms_alpha=0.3__s0.json
C,c17,0,mixstyle,ms_p=1,"{""lr"": 0.02, ""ms_alpha"": 0.1, ""ms_p"": 1.0}",0.9584326388888889,1200,ok,48ee357c0fbd380adc628fee79068ddff03dd618dddeea477f5caa80842a6efd,0.6268477222222223,0.9336494848,$HISTOPATH_DATA/v2/runs_tune/C/c17/fold0/mixstyle__ms_p=1__s0.json
C,c17,0,sam,default,"{""lr"": 0.02, ""rho"": 0.05}",0.9579190555555556,1200,ok,48ee357c0fbd380adc628fee79068ddff03dd618dddeea477f5caa80842a6efd,0.697985361111111,0.9414510976000001,$HISTOPATH_DATA/v2/runs_tune/C/c17/fold0/sam__default__s0.json
C,c17,0,sam,rho=0.02,"{""lr"": 0.02, ""rho"": 0.02}",0.9701686666666668,1200,ok,48ee357c0fbd380adc628fee79068ddff03dd618dddeea477f5caa80842a6efd,0.7177334861111111,0.9434200032000001,$HISTOPATH_DATA/v2/runs_tune/C/c17/fold0/sam__rho=0.02__s0.json
C,c17,0,sam,rho=0.1,"{""lr"": 0.02, ""rho"": 0.1}",0.9412626111111112,720,ok,48ee357c0fbd380adc628fee79068ddff03dd618dddeea477f5caa80842a6efd,0.6088564583333334,0.9399238656,$HISTOPATH_DATA/v2/runs_tune/C/c17/fold0/sam__rho=0.1__s0.json
C,c17,1,coral,coral_lambda=0.1,"{""coral_lambda"": 0.1, ""lr"": 0.02}",0.9270121666666666,480,ok,da1021d5dec79fac408f264fe754e19d529b7183a35678055ab12cb47542573d,0.5585256944444446,0.747621808,$HISTOPATH_DATA/v2/runs_tune/C/c17/fold1/coral__coral_lambda=0.1__s0.json
C,c17,1,coral,coral_lambda=10,"{""coral_lambda"": 10.0, ""lr"": 0.02}",0.9363612499999999,120,ok,da1021d5dec79fac408f264fe754e19d529b7183a35678055ab12cb47542573d,0.8653979722222221,0.8094552256,$HISTOPATH_DATA/v2/runs_tune/C/c17/fold1/coral__coral_lambda=10__s0.json
C,c17,1,coral,default,"{""coral_lambda"": 1.0, ""lr"": 0.02}",0.92699325,480,ok,da1021d5dec79fac408f264fe754e19d529b7183a35678055ab12cb47542573d,0.49334041666666667,0.7533455360000001,$HISTOPATH_DATA/v2/runs_tune/C/c17/fold1/coral__default__s0.json
C,c17,1,fish,default,"{""lr"": 0.02, ""meta_lr"": 0.1}",0.9096943888888888,600,ok,da1021d5dec79fac408f264fe754e19d529b7183a35678055ab12cb47542573d,0.7309536527777778,0.7928192992,$HISTOPATH_DATA/v2/runs_tune/C/c17/fold1/fish__default__s0.json
C,c17,1,fish,meta_lr=0.01,"{""lr"": 0.02, ""meta_lr"": 0.01}",0.9374419722222223,120,ok,da1021d5dec79fac408f264fe754e19d529b7183a35678055ab12cb47542573d,0.9300787500000001,0.8814179392000001,$HISTOPATH_DATA/v2/runs_tune/C/c17/fold1/fish__meta_lr=0.01__s0.json
C,c17,1,fish,meta_lr=0.05,"{""lr"": 0.02, ""meta_lr"": 0.05}",0.9216124722222222,240,ok,da1021d5dec79fac408f264fe754e19d529b7183a35678055ab12cb47542573d,0.8266734027777778,0.7719977728,$HISTOPATH_DATA/v2/runs_tune/C/c17/fold1/fish__meta_lr=0.05__s0.json
C,c17,1,fish,meta_lr=0.5,"{""lr"": 0.02, ""meta_lr"": 0.5}",0.887052611111111,120,ok,da1021d5dec79fac408f264fe754e19d529b7183a35678055ab12cb47542573d,0.6672619583333335,0.5291487807999999,$HISTOPATH_DATA/v2/runs_tune/C/c17/fold1/fish__meta_lr=0.5__s0.json
C,c17,1,groupdro,default,"{""eta"": 0.01, ""lr"": 0.02}",0.9466220833333333,240,ok,da1021d5dec79fac408f264fe754e19d529b7183a35678055ab12cb47542573d,0.5099553333333333,0.6926872128,$HISTOPATH_DATA/v2/runs_tune/C/c17/fold1/groupdro__default__s0.json
C,c17,1,groupdro,eta=0.001,"{""eta"": 0.001, ""lr"": 0.02}",0.9063073611111111,240,ok,da1021d5dec79fac408f264fe754e19d529b7183a35678055ab12cb47542573d,0.5104424861111111,0.7340428960000001,$HISTOPATH_DATA/v2/runs_tune/C/c17/fold1/groupdro__eta=0.001__s0.json
C,c17,1,groupdro,eta=0.1,"{""eta"": 0.1, ""lr"": 0.02}",0.9483106527777778,720,ok,da1021d5dec79fac408f264fe754e19d529b7183a35678055ab12cb47542573d,0.5397523888888889,0.7733699935999999,$HISTOPATH_DATA/v2/runs_tune/C/c17/fold1/groupdro__eta=0.1__s0.json
C,c17,1,he_jitter,default,"{""jitter"": 0.4, ""lr"": 0.02}",0.9377008611111111,960,ok,da1021d5dec79fac408f264fe754e19d529b7183a35678055ab12cb47542573d,0.9609825972222222,0.9194236896000001,$HISTOPATH_DATA/v2/runs_tune/C/c17/fold1/he_jitter__default__s0.json
C,c17,1,he_jitter,jitter=0.2,"{""jitter"": 0.2, ""lr"": 0.02}",0.9336979444444444,840,ok,da1021d5dec79fac408f264fe754e19d529b7183a35678055ab12cb47542573d,0.9668504027777778,0.9130468352000001,$HISTOPATH_DATA/v2/runs_tune/C/c17/fold1/he_jitter__jitter=0.2__s0.json
C,c17,1,irm,default,"{""irm_lambda"": 10.0, ""lr"": 0.02}",0.9016090555555556,240,diverged,da1021d5dec79fac408f264fe754e19d529b7183a35678055ab12cb47542573d,0.5006463194444444,0.7629824128,$HISTOPATH_DATA/v2/runs_tune/C/c17/fold1/irm__default__s0.json
C,c17,1,irm,irm_lambda=100,"{""irm_lambda"": 100.0, ""lr"": 0.02}",0.8581229166666667,240,diverged,da1021d5dec79fac408f264fe754e19d529b7183a35678055ab12cb47542573d,0.5879662222222222,0.7628223328,$HISTOPATH_DATA/v2/runs_tune/C/c17/fold1/irm__irm_lambda=100__s0.json
C,c17,1,irm,irm_lambda=1,"{""irm_lambda"": 1.0, ""lr"": 0.02}",0.8877228611111111,480,ok,da1021d5dec79fac408f264fe754e19d529b7183a35678055ab12cb47542573d,0.4827180694444445,0.7379427424,$HISTOPATH_DATA/v2/runs_tune/C/c17/fold1/irm__irm_lambda=1__s0.json
C,c17,1,lisa,default,"{""lisa_alpha"": 2.0, ""lr"": 0.02, ""p_sel"": 0.5}",0.9466304027777778,600,ok,da1021d5dec79fac408f264fe754e19d529b7183a35678055ab12cb47542573d,0.8364831666666668,0.8670516191999998,$HISTOPATH_DATA/v2/runs_tune/C/c17/fold1/lisa__default__s0.json
C,c17,1,lisa,"lisa_alpha=0.5,p_sel=1","{""lisa_alpha"": 0.5, ""lr"": 0.02, ""p_sel"": 1.0}",0.9281530833333334,240,ok,da1021d5dec79fac408f264fe754e19d529b7183a35678055ab12cb47542573d,0.7272789305555556,0.8567965728,"$HISTOPATH_DATA/v2/runs_tune/C/c17/fold1/lisa__lisa_alpha=0.5,p_sel=1__s0.json"
C,c17,1,lisa,lisa_alpha=0.5,"{""lisa_alpha"": 0.5, ""lr"": 0.02, ""p_sel"": 0.5}",0.9375284444444445,480,ok,da1021d5dec79fac408f264fe754e19d529b7183a35678055ab12cb47542573d,0.8051818611111111,0.8706669248000001,$HISTOPATH_DATA/v2/runs_tune/C/c17/fold1/lisa__lisa_alpha=0.5__s0.json
C,c17,1,lisa,p_sel=1,"{""lisa_alpha"": 2.0, ""lr"": 0.02, ""p_sel"": 1.0}",0.9263639583333332,600,ok,da1021d5dec79fac408f264fe754e19d529b7183a35678055ab12cb47542573d,0.8707008611111111,0.8778434336000001,$HISTOPATH_DATA/v2/runs_tune/C/c17/fold1/lisa__p_sel=1__s0.json
C,c17,1,mixstyle,default,"{""lr"": 0.02, ""ms_alpha"": 0.1, ""ms_p"": 0.5}",0.9419078611111111,120,ok,da1021d5dec79fac408f264fe754e19d529b7183a35678055ab12cb47542573d,0.8791583333333334,0.8324583264000001,$HISTOPATH_DATA/v2/runs_tune/C/c17/fold1/mixstyle__default__s0.json
C,c17,1,mixstyle,"ms_alpha=0.3,ms_p=1","{""lr"": 0.02, ""ms_alpha"": 0.3, ""ms_p"": 1.0}",0.9413630000000001,120,ok,da1021d5dec79fac408f264fe754e19d529b7183a35678055ab12cb47542573d,0.8680456388888887,0.790629648,"$HISTOPATH_DATA/v2/runs_tune/C/c17/fold1/mixstyle__ms_alpha=0.3,ms_p=1__s0.json"
C,c17,1,mixstyle,ms_alpha=0.3,"{""lr"": 0.02, ""ms_alpha"": 0.3, ""ms_p"": 0.5}",0.9410040138888889,120,ok,da1021d5dec79fac408f264fe754e19d529b7183a35678055ab12cb47542573d,0.9342437499999999,0.8478152512,$HISTOPATH_DATA/v2/runs_tune/C/c17/fold1/mixstyle__ms_alpha=0.3__s0.json
C,c17,1,mixstyle,ms_p=1,"{""lr"": 0.02, ""ms_alpha"": 0.1, ""ms_p"": 1.0}",0.9509145555555556,240,ok,da1021d5dec79fac408f264fe754e19d529b7183a35678055ab12cb47542573d,0.8641016666666668,0.872559024,$HISTOPATH_DATA/v2/runs_tune/C/c17/fold1/mixstyle__ms_p=1__s0.json
C,c17,1,sam,default,"{""lr"": 0.02, ""rho"": 0.05}",0.9390462777777778,240,ok,da1021d5dec79fac408f264fe754e19d529b7183a35678055ab12cb47542573d,0.7260455277777778,0.7935922944,$HISTOPATH_DATA/v2/runs_tune/C/c17/fold1/sam__default__s0.json
C,c17,1,sam,rho=0.02,"{""lr"": 0.02, ""rho"": 0.02}",0.8893415833333334,240,ok,da1021d5dec79fac408f264fe754e19d529b7183a35678055ab12cb47542573d,0.6494550694444444,0.763226016,$HISTOPATH_DATA/v2/runs_tune/C/c17/fold1/sam__rho=0.02__s0.json
C,c17,1,sam,rho=0.1,"{""lr"": 0.02, ""rho"": 0.1}",0.8575828611111111,1080,ok,da1021d5dec79fac408f264fe754e19d529b7183a35678055ab12cb47542573d,0.7803114999999999,0.8668976416,$HISTOPATH_DATA/v2/runs_tune/C/c17/fold1/sam__rho=0.1__s0.json
C,c17,2,coral,coral_lambda=0.1,"{""coral_lambda"": 0.1, ""lr"": 0.02}",0.9365919444444444,120,ok,760a63474eaa86ce153ae8dd946c66f9e1e7c42d7405ad8107c6cfb542d8c670,0.9078666666666668,0.8156330143999999,$HISTOPATH_DATA/v2/runs_tune/C/c17/fold2/coral__coral_lambda=0.1__s0.json
C,c17,2,coral,coral_lambda=10,"{""coral_lambda"": 10.0, ""lr"": 0.02}",0.9056258611111111,600,ok,760a63474eaa86ce153ae8dd946c66f9e1e7c42d7405ad8107c6cfb542d8c670,0.87914775,0.8558893151999999,$HISTOPATH_DATA/v2/runs_tune/C/c17/fold2/coral__coral_lambda=10__s0.json
C,c17,2,coral,default,"{""coral_lambda"": 1.0, ""lr"": 0.02}",0.9327770000000001,120,ok,760a63474eaa86ce153ae8dd946c66f9e1e7c42d7405ad8107c6cfb542d8c670,0.909655,0.7789910464,$HISTOPATH_DATA/v2/runs_tune/C/c17/fold2/coral__default__s0.json
C,c17,2,fish,default,"{""lr"": 0.02, ""meta_lr"": 0.1}",0.9465724444444445,120,ok,760a63474eaa86ce153ae8dd946c66f9e1e7c42d7405ad8107c6cfb542d8c670,0.8901180000000001,0.8405424736,$HISTOPATH_DATA/v2/runs_tune/C/c17/fold2/fish__default__s0.json
C,c17,2,fish,meta_lr=0.01,"{""lr"": 0.02, ""meta_lr"": 0.01}",0.9399443333333333,960,ok,760a63474eaa86ce153ae8dd946c66f9e1e7c42d7405ad8107c6cfb542d8c670,0.8774136666666668,0.8734489344,$HISTOPATH_DATA/v2/runs_tune/C/c17/fold2/fish__meta_lr=0.01__s0.json
C,c17,2,fish,meta_lr=0.05,"{""lr"": 0.02, ""meta_lr"": 0.05}",0.9664893888888888,240,ok,760a63474eaa86ce153ae8dd946c66f9e1e7c42d7405ad8107c6cfb542d8c670,0.9021145277777777,0.9133732,$HISTOPATH_DATA/v2/runs_tune/C/c17/fold2/fish__meta_lr=0.05__s0.json
C,c17,2,fish,meta_lr=0.5,"{""lr"": 0.02, ""meta_lr"": 0.5}",0.9455254444444445,120,ok,760a63474eaa86ce153ae8dd946c66f9e1e7c42d7405ad8107c6cfb542d8c670,0.8841231388888889,0.7652868224,$HISTOPATH_DATA/v2/runs_tune/C/c17/fold2/fish__meta_lr=0.5__s0.json
C,c17,2,groupdro,default,"{""eta"": 0.01, ""lr"": 0.02}",0.9537431666666666,120,ok,760a63474eaa86ce153ae8dd946c66f9e1e7c42d7405ad8107c6cfb542d8c670,0.9009916666666666,0.8039128320000001,$HISTOPATH_DATA/v2/runs_tune/C/c17/fold2/groupdro__default__s0.json
C,c17,2,groupdro,eta=0.001,"{""eta"": 0.001, ""lr"": 0.02}",0.8902019166666667,120,ok,760a63474eaa86ce153ae8dd946c66f9e1e7c42d7405ad8107c6cfb542d8c670,0.8853540833333332,0.5518153407999999,$HISTOPATH_DATA/v2/runs_tune/C/c17/fold2/groupdro__eta=0.001__s0.json
C,c17,2,groupdro,eta=0.1,"{""eta"": 0.1, ""lr"": 0.02}",0.9156079444444445,120,ok,760a63474eaa86ce153ae8dd946c66f9e1e7c42d7405ad8107c6cfb542d8c670,0.896134361111111,0.674262224,$HISTOPATH_DATA/v2/runs_tune/C/c17/fold2/groupdro__eta=0.1__s0.json
C,c17,2,he_jitter,default,"{""jitter"": 0.4, ""lr"": 0.02}",0.9522895833333334,960,ok,760a63474eaa86ce153ae8dd946c66f9e1e7c42d7405ad8107c6cfb542d8c670,0.907350513888889,0.95575232,$HISTOPATH_DATA/v2/runs_tune/C/c17/fold2/he_jitter__default__s0.json
C,c17,2,he_jitter,jitter=0.2,"{""jitter"": 0.2, ""lr"": 0.02}",0.9561013888888888,600,ok,760a63474eaa86ce153ae8dd946c66f9e1e7c42d7405ad8107c6cfb542d8c670,0.9140460555555556,0.9007049696,$HISTOPATH_DATA/v2/runs_tune/C/c17/fold2/he_jitter__jitter=0.2__s0.json
C,c17,2,irm,default,"{""irm_lambda"": 10.0, ""lr"": 0.02}",0.9328115,120,ok,760a63474eaa86ce153ae8dd946c66f9e1e7c42d7405ad8107c6cfb542d8c670,0.9099375833333333,0.8556452064,$HISTOPATH_DATA/v2/runs_tune/C/c17/fold2/irm__default__s0.json
C,c17,2,irm,irm_lambda=100,"{""irm_lambda"": 100.0, ""lr"": 0.02}",0.9407515555555556,120,diverged,760a63474eaa86ce153ae8dd946c66f9e1e7c42d7405ad8107c6cfb542d8c670,0.9106564722222222,0.8396425632000001,$HISTOPATH_DATA/v2/runs_tune/C/c17/fold2/irm__irm_lambda=100__s0.json
C,c17,2,irm,irm_lambda=1,"{""irm_lambda"": 1.0, ""lr"": 0.02}",0.8905458333333333,120,ok,760a63474eaa86ce153ae8dd946c66f9e1e7c42d7405ad8107c6cfb542d8c670,0.9099514166666667,0.7274028416,$HISTOPATH_DATA/v2/runs_tune/C/c17/fold2/irm__irm_lambda=1__s0.json
C,c17,2,lisa,default,"{""lisa_alpha"": 2.0, ""lr"": 0.02, ""p_sel"": 0.5}",0.9245118333333333,480,ok,760a63474eaa86ce153ae8dd946c66f9e1e7c42d7405ad8107c6cfb542d8c670,0.8655323333333333,0.6219925376,$HISTOPATH_DATA/v2/runs_tune/C/c17/fold2/lisa__default__s0.json
C,c17,2,lisa,"lisa_alpha=0.5,p_sel=1","{""lisa_alpha"": 0.5, ""lr"": 0.02, ""p_sel"": 1.0}",0.8693554166666667,120,ok,760a63474eaa86ce153ae8dd946c66f9e1e7c42d7405ad8107c6cfb542d8c670,0.8742983888888889,0.8348490688000001,"$HISTOPATH_DATA/v2/runs_tune/C/c17/fold2/lisa__lisa_alpha=0.5,p_sel=1__s0.json"
C,c17,2,lisa,lisa_alpha=0.5,"{""lisa_alpha"": 0.5, ""lr"": 0.02, ""p_sel"": 0.5}",0.9321486527777778,600,ok,760a63474eaa86ce153ae8dd946c66f9e1e7c42d7405ad8107c6cfb542d8c670,0.8525325833333333,0.7927919296000001,$HISTOPATH_DATA/v2/runs_tune/C/c17/fold2/lisa__lisa_alpha=0.5__s0.json
C,c17,2,lisa,p_sel=1,"{""lisa_alpha"": 2.0, ""lr"": 0.02, ""p_sel"": 1.0}",0.8790215555555555,720,ok,760a63474eaa86ce153ae8dd946c66f9e1e7c42d7405ad8107c6cfb542d8c670,0.868509388888889,0.656162352,$HISTOPATH_DATA/v2/runs_tune/C/c17/fold2/lisa__p_sel=1__s0.json
C,c17,2,mixstyle,default,"{""lr"": 0.02, ""ms_alpha"": 0.1, ""ms_p"": 0.5}",0.9314169999999998,600,ok,760a63474eaa86ce153ae8dd946c66f9e1e7c42d7405ad8107c6cfb542d8c670,0.8927916666666667,0.7311419712,$HISTOPATH_DATA/v2/runs_tune/C/c17/fold2/mixstyle__default__s0.json
C,c17,2,mixstyle,"ms_alpha=0.3,ms_p=1","{""lr"": 0.02, ""ms_alpha"": 0.3, ""ms_p"": 1.0}",0.9614065,480,ok,760a63474eaa86ce153ae8dd946c66f9e1e7c42d7405ad8107c6cfb542d8c670,0.890179625,0.8602493696,"$HISTOPATH_DATA/v2/runs_tune/C/c17/fold2/mixstyle__ms_alpha=0.3,ms_p=1__s0.json"
C,c17,2,mixstyle,ms_alpha=0.3,"{""lr"": 0.02, ""ms_alpha"": 0.3, ""ms_p"": 0.5}",0.93283275,600,ok,760a63474eaa86ce153ae8dd946c66f9e1e7c42d7405ad8107c6cfb542d8c670,0.9102425277777779,0.821540112,$HISTOPATH_DATA/v2/runs_tune/C/c17/fold2/mixstyle__ms_alpha=0.3__s0.json
C,c17,2,mixstyle,ms_p=1,"{""lr"": 0.02, ""ms_alpha"": 0.1, ""ms_p"": 1.0}",0.947537361111111,360,ok,760a63474eaa86ce153ae8dd946c66f9e1e7c42d7405ad8107c6cfb542d8c670,0.8858832777777778,0.7320251872,$HISTOPATH_DATA/v2/runs_tune/C/c17/fold2/mixstyle__ms_p=1__s0.json
C,c17,2,sam,default,"{""lr"": 0.02, ""rho"": 0.05}",0.9110644444444443,120,ok,760a63474eaa86ce153ae8dd946c66f9e1e7c42d7405ad8107c6cfb542d8c670,0.8942931666666668,0.8853216608000001,$HISTOPATH_DATA/v2/runs_tune/C/c17/fold2/sam__default__s0.json
C,c17,2,sam,rho=0.02,"{""lr"": 0.02, ""rho"": 0.02}",0.9263410833333332,120,ok,760a63474eaa86ce153ae8dd946c66f9e1e7c42d7405ad8107c6cfb542d8c670,0.8912780555555555,0.7459119679999999,$HISTOPATH_DATA/v2/runs_tune/C/c17/fold2/sam__rho=0.02__s0.json
C,c17,2,sam,rho=0.1,"{""lr"": 0.02, ""rho"": 0.1}",0.8185678611111111,240,ok,760a63474eaa86ce153ae8dd946c66f9e1e7c42d7405ad8107c6cfb542d8c670,0.87990075,0.6313536544,$HISTOPATH_DATA/v2/runs_tune/C/c17/fold2/sam__rho=0.1__s0.json
C,c17,3,coral,coral_lambda=0.1,"{""coral_lambda"": 0.1, ""lr"": 0.02}",0.954546888888889,720,ok,8cbf5ae06227d7dc704444505edafc562b9f232c4f0d66e15ab0ceab27c923cd,0.9156589166666667,0.9608254911999999,$HISTOPATH_DATA/v2/runs_tune/C/c17/fold3/coral__coral_lambda=0.1__s0.json
C,c17,3,coral,coral_lambda=10,"{""coral_lambda"": 10.0, ""lr"": 0.02}",0.9544021666666667,960,ok,8cbf5ae06227d7dc704444505edafc562b9f232c4f0d66e15ab0ceab27c923cd,0.702859138888889,0.9636638912,$HISTOPATH_DATA/v2/runs_tune/C/c17/fold3/coral__coral_lambda=10__s0.json
C,c17,3,coral,default,"{""coral_lambda"": 1.0, ""lr"": 0.02}",0.9551578055555555,960,ok,8cbf5ae06227d7dc704444505edafc562b9f232c4f0d66e15ab0ceab27c923cd,0.831612611111111,0.9697655936,$HISTOPATH_DATA/v2/runs_tune/C/c17/fold3/coral__default__s0.json
C,c17,3,fish,default,"{""lr"": 0.02, ""meta_lr"": 0.1}",0.8979773888888888,1080,ok,8cbf5ae06227d7dc704444505edafc562b9f232c4f0d66e15ab0ceab27c923cd,0.514357111111111,0.9515254912,$HISTOPATH_DATA/v2/runs_tune/C/c17/fold3/fish__default__s0.json
C,c17,3,fish,meta_lr=0.01,"{""lr"": 0.02, ""meta_lr"": 0.01}",0.7756666944444445,120,ok,8cbf5ae06227d7dc704444505edafc562b9f232c4f0d66e15ab0ceab27c923cd,0.9496078611111112,0.9553607488000001,$HISTOPATH_DATA/v2/runs_tune/C/c17/fold3/fish__meta_lr=0.01__s0.json
C,c17,3,fish,meta_lr=0.05,"{""lr"": 0.02, ""meta_lr"": 0.05}",0.7793048611111111,1080,ok,8cbf5ae06227d7dc704444505edafc562b9f232c4f0d66e15ab0ceab27c923cd,0.8604042777777777,0.9458251616000001,$HISTOPATH_DATA/v2/runs_tune/C/c17/fold3/fish__meta_lr=0.05__s0.json
C,c17,3,fish,meta_lr=0.5,"{""lr"": 0.02, ""meta_lr"": 0.5}",0.8234171388888889,1200,ok,8cbf5ae06227d7dc704444505edafc562b9f232c4f0d66e15ab0ceab27c923cd,0.8430454722222224,0.9337396608000001,$HISTOPATH_DATA/v2/runs_tune/C/c17/fold3/fish__meta_lr=0.5__s0.json
C,c17,3,groupdro,default,"{""eta"": 0.01, ""lr"": 0.02}",0.9330599166666668,1080,ok,8cbf5ae06227d7dc704444505edafc562b9f232c4f0d66e15ab0ceab27c923cd,0.8498032777777778,0.96864704,$HISTOPATH_DATA/v2/runs_tune/C/c17/fold3/groupdro__default__s0.json
C,c17,3,groupdro,eta=0.001,"{""eta"": 0.001, ""lr"": 0.02}",0.9455676388888888,960,ok,8cbf5ae06227d7dc704444505edafc562b9f232c4f0d66e15ab0ceab27c923cd,0.8790324722222222,0.9661798496000001,$HISTOPATH_DATA/v2/runs_tune/C/c17/fold3/groupdro__eta=0.001__s0.json
C,c17,3,groupdro,eta=0.1,"{""eta"": 0.1, ""lr"": 0.02}",0.9105199166666667,360,ok,8cbf5ae06227d7dc704444505edafc562b9f232c4f0d66e15ab0ceab27c923cd,0.9149680555555556,0.8562209152,$HISTOPATH_DATA/v2/runs_tune/C/c17/fold3/groupdro__eta=0.1__s0.json
C,c17,3,he_jitter,default,"{""jitter"": 0.4, ""lr"": 0.02}",0.9573658888888888,1080,ok,8cbf5ae06227d7dc704444505edafc562b9f232c4f0d66e15ab0ceab27c923cd,0.9653469722222222,0.9733618815999999,$HISTOPATH_DATA/v2/runs_tune/C/c17/fold3/he_jitter__default__s0.json
C,c17,3,he_jitter,jitter=0.2,"{""jitter"": 0.2, ""lr"": 0.02}",0.9616366944444443,720,ok,8cbf5ae06227d7dc704444505edafc562b9f232c4f0d66e15ab0ceab27c923cd,0.9419261944444445,0.9561839168,$HISTOPATH_DATA/v2/runs_tune/C/c17/fold3/he_jitter__jitter=0.2__s0.json
C,c17,3,irm,default,"{""irm_lambda"": 10.0, ""lr"": 0.02}",0.8982229444444445,120,diverged,8cbf5ae06227d7dc704444505edafc562b9f232c4f0d66e15ab0ceab27c923cd,0.8562400277777777,0.9055533951999999,$HISTOPATH_DATA/v2/runs_tune/C/c17/fold3/irm__default__s0.json
C,c17,3,irm,irm_lambda=100,"{""irm_lambda"": 100.0, ""lr"": 0.02}",0.8800055277777779,120,diverged,8cbf5ae06227d7dc704444505edafc562b9f232c4f0d66e15ab0ceab27c923cd,0.8779244166666667,0.949858784,$HISTOPATH_DATA/v2/runs_tune/C/c17/fold3/irm__irm_lambda=100__s0.json
C,c17,3,irm,irm_lambda=1,"{""irm_lambda"": 1.0, ""lr"": 0.02}",0.9556764999999999,960,ok,8cbf5ae06227d7dc704444505edafc562b9f232c4f0d66e15ab0ceab27c923cd,0.8293711388888889,0.9344245983999999,$HISTOPATH_DATA/v2/runs_tune/C/c17/fold3/irm__irm_lambda=1__s0.json
C,c17,3,lisa,default,"{""lisa_alpha"": 2.0, ""lr"": 0.02, ""p_sel"": 0.5}",0.9386725555555555,600,ok,8cbf5ae06227d7dc704444505edafc562b9f232c4f0d66e15ab0ceab27c923cd,0.90344775,0.8948844864000001,$HISTOPATH_DATA/v2/runs_tune/C/c17/fold3/lisa__default__s0.json
C,c17,3,lisa,"lisa_alpha=0.5,p_sel=1","{""lisa_alpha"": 0.5, ""lr"": 0.02, ""p_sel"": 1.0}",0.9474076944444445,960,ok,8cbf5ae06227d7dc704444505edafc562b9f232c4f0d66e15ab0ceab27c923cd,0.8964546666666666,0.9361233792000001,"$HISTOPATH_DATA/v2/runs_tune/C/c17/fold3/lisa__lisa_alpha=0.5,p_sel=1__s0.json"
C,c17,3,lisa,lisa_alpha=0.5,"{""lisa_alpha"": 0.5, ""lr"": 0.02, ""p_sel"": 0.5}",0.9335260277777778,960,ok,8cbf5ae06227d7dc704444505edafc562b9f232c4f0d66e15ab0ceab27c923cd,0.8729189722222221,0.965990784,$HISTOPATH_DATA/v2/runs_tune/C/c17/fold3/lisa__lisa_alpha=0.5__s0.json
C,c17,3,lisa,p_sel=1,"{""lisa_alpha"": 2.0, ""lr"": 0.02, ""p_sel"": 1.0}",0.9305437777777777,720,ok,8cbf5ae06227d7dc704444505edafc562b9f232c4f0d66e15ab0ceab27c923cd,0.9272836944444445,0.9315823552,$HISTOPATH_DATA/v2/runs_tune/C/c17/fold3/lisa__p_sel=1__s0.json
C,c17,3,mixstyle,default,"{""lr"": 0.02, ""ms_alpha"": 0.1, ""ms_p"": 0.5}",0.9431457222222223,1080,ok,8cbf5ae06227d7dc704444505edafc562b9f232c4f0d66e15ab0ceab27c923cd,0.8856932222222222,0.9663581696000001,$HISTOPATH_DATA/v2/runs_tune/C/c17/fold3/mixstyle__default__s0.json
C,c17,3,mixstyle,"ms_alpha=0.3,ms_p=1","{""lr"": 0.02, ""ms_alpha"": 0.3, ""ms_p"": 1.0}",0.9370671111111111,1080,ok,8cbf5ae06227d7dc704444505edafc562b9f232c4f0d66e15ab0ceab27c923cd,0.8672995555555556,0.9633265343999999,"$HISTOPATH_DATA/v2/runs_tune/C/c17/fold3/mixstyle__ms_alpha=0.3,ms_p=1__s0.json"
C,c17,3,mixstyle,ms_alpha=0.3,"{""lr"": 0.02, ""ms_alpha"": 0.3, ""ms_p"": 0.5}",0.9477075833333333,960,ok,8cbf5ae06227d7dc704444505edafc562b9f232c4f0d66e15ab0ceab27c923cd,0.8342994305555554,0.9637430464000001,$HISTOPATH_DATA/v2/runs_tune/C/c17/fold3/mixstyle__ms_alpha=0.3__s0.json
C,c17,3,mixstyle,ms_p=1,"{""lr"": 0.02, ""ms_alpha"": 0.1, ""ms_p"": 1.0}",0.9415243888888889,960,ok,8cbf5ae06227d7dc704444505edafc562b9f232c4f0d66e15ab0ceab27c923cd,0.8827145833333332,0.9636700576000001,$HISTOPATH_DATA/v2/runs_tune/C/c17/fold3/mixstyle__ms_p=1__s0.json
C,c17,3,sam,default,"{""lr"": 0.02, ""rho"": 0.05}",0.9444207777777778,840,ok,8cbf5ae06227d7dc704444505edafc562b9f232c4f0d66e15ab0ceab27c923cd,0.8477985277777778,0.9550566655999999,$HISTOPATH_DATA/v2/runs_tune/C/c17/fold3/sam__default__s0.json
C,c17,3,sam,rho=0.02,"{""lr"": 0.02, ""rho"": 0.02}",0.94090425,720,ok,8cbf5ae06227d7dc704444505edafc562b9f232c4f0d66e15ab0ceab27c923cd,0.8939943055555557,0.96200264,$HISTOPATH_DATA/v2/runs_tune/C/c17/fold3/sam__rho=0.02__s0.json
C,c17,3,sam,rho=0.1,"{""lr"": 0.02, ""rho"": 0.1}",0.9391816388888888,840,ok,8cbf5ae06227d7dc704444505edafc562b9f232c4f0d66e15ab0ceab27c923cd,0.84158225,0.9426407104,$HISTOPATH_DATA/v2/runs_tune/C/c17/fold3/sam__rho=0.1__s0.json
C,c17,4,coral,coral_lambda=0.1,"{""coral_lambda"": 0.1, ""lr"": 0.02}",0.9627377222222222,720,ok,e16d223e601b8b124938a0b15ca1b4430e6af5833b70a8191db914bfef9ecd81,0.9587818333333333,0.7677659968,$HISTOPATH_DATA/v2/runs_tune/C/c17/fold4/coral__coral_lambda=0.1__s0.json
C,c17,4,coral,coral_lambda=10,"{""coral_lambda"": 10.0, ""lr"": 0.02}",0.9670636111111112,720,ok,e16d223e601b8b124938a0b15ca1b4430e6af5833b70a8191db914bfef9ecd81,0.9452953611111111,0.5724996960000001,$HISTOPATH_DATA/v2/runs_tune/C/c17/fold4/coral__coral_lambda=10__s0.json
C,c17,4,coral,default,"{""coral_lambda"": 1.0, ""lr"": 0.02}",0.9659464444444444,720,ok,e16d223e601b8b124938a0b15ca1b4430e6af5833b70a8191db914bfef9ecd81,0.9423638333333333,0.723825392,$HISTOPATH_DATA/v2/runs_tune/C/c17/fold4/coral__default__s0.json
C,c17,4,fish,default,"{""lr"": 0.02, ""meta_lr"": 0.1}",0.9106301805555556,120,ok,e16d223e601b8b124938a0b15ca1b4430e6af5833b70a8191db914bfef9ecd81,0.8807124722222223,0.5351326112,$HISTOPATH_DATA/v2/runs_tune/C/c17/fold4/fish__default__s0.json
C,c17,4,fish,meta_lr=0.01,"{""lr"": 0.02, ""meta_lr"": 0.01}",0.9096998333333333,240,ok,e16d223e601b8b124938a0b15ca1b4430e6af5833b70a8191db914bfef9ecd81,0.9470873333333335,0.5464408512000001,$HISTOPATH_DATA/v2/runs_tune/C/c17/fold4/fish__meta_lr=0.01__s0.json
C,c17,4,fish,meta_lr=0.05,"{""lr"": 0.02, ""meta_lr"": 0.05}",0.9078590972222222,240,ok,e16d223e601b8b124938a0b15ca1b4430e6af5833b70a8191db914bfef9ecd81,0.8692384444444444,0.6501098431999999,$HISTOPATH_DATA/v2/runs_tune/C/c17/fold4/fish__meta_lr=0.05__s0.json
C,c17,4,fish,meta_lr=0.5,"{""lr"": 0.02, ""meta_lr"": 0.5}",0.8991948611111112,120,ok,e16d223e601b8b124938a0b15ca1b4430e6af5833b70a8191db914bfef9ecd81,0.8026513055555555,0.527261888,$HISTOPATH_DATA/v2/runs_tune/C/c17/fold4/fish__meta_lr=0.5__s0.json
C,c17,4,groupdro,default,"{""eta"": 0.01, ""lr"": 0.02}",0.9545878611111112,720,ok,e16d223e601b8b124938a0b15ca1b4430e6af5833b70a8191db914bfef9ecd81,0.9291288055555555,0.8120856256,$HISTOPATH_DATA/v2/runs_tune/C/c17/fold4/groupdro__default__s0.json
C,c17,4,groupdro,eta=0.001,"{""eta"": 0.001, ""lr"": 0.02}",0.9590163055555555,720,ok,e16d223e601b8b124938a0b15ca1b4430e6af5833b70a8191db914bfef9ecd81,0.9300516111111111,0.8328495168,$HISTOPATH_DATA/v2/runs_tune/C/c17/fold4/groupdro__eta=0.001__s0.json
C,c17,4,groupdro,eta=0.1,"{""eta"": 0.1, ""lr"": 0.02}",0.9460213333333333,240,ok,e16d223e601b8b124938a0b15ca1b4430e6af5833b70a8191db914bfef9ecd81,0.8200074444444445,0.49326912640000004,$HISTOPATH_DATA/v2/runs_tune/C/c17/fold4/groupdro__eta=0.1__s0.json
C,c17,4,he_jitter,default,"{""jitter"": 0.4, ""lr"": 0.02}",0.9681213333333333,720,ok,e16d223e601b8b124938a0b15ca1b4430e6af5833b70a8191db914bfef9ecd81,0.9650806944444446,0.9449483264,$HISTOPATH_DATA/v2/runs_tune/C/c17/fold4/he_jitter__default__s0.json
C,c17,4,he_jitter,jitter=0.2,"{""jitter"": 0.2, ""lr"": 0.02}",0.970728111111111,720,ok,e16d223e601b8b124938a0b15ca1b4430e6af5833b70a8191db914bfef9ecd81,0.9529318055555556,0.9100806656,$HISTOPATH_DATA/v2/runs_tune/C/c17/fold4/he_jitter__jitter=0.2__s0.json
C,c17,4,irm,default,"{""irm_lambda"": 10.0, ""lr"": 0.02}",0.9529429722222222,240,diverged,e16d223e601b8b124938a0b15ca1b4430e6af5833b70a8191db914bfef9ecd81,0.8265075138888889,0.5403997535999999,$HISTOPATH_DATA/v2/runs_tune/C/c17/fold4/irm__default__s0.json
C,c17,4,irm,irm_lambda=100,"{""irm_lambda"": 100.0, ""lr"": 0.02}",0.9539015277777778,240,diverged,e16d223e601b8b124938a0b15ca1b4430e6af5833b70a8191db914bfef9ecd81,0.7917279722222224,0.5385242687999999,$HISTOPATH_DATA/v2/runs_tune/C/c17/fold4/irm__irm_lambda=100__s0.json
C,c17,4,irm,irm_lambda=1,"{""irm_lambda"": 1.0, ""lr"": 0.02}",0.9616047222222224,720,ok,e16d223e601b8b124938a0b15ca1b4430e6af5833b70a8191db914bfef9ecd81,0.9230701250000001,0.7362614144,$HISTOPATH_DATA/v2/runs_tune/C/c17/fold4/irm__irm_lambda=1__s0.json
C,c17,4,lisa,default,"{""lisa_alpha"": 2.0, ""lr"": 0.02, ""p_sel"": 0.5}",0.9543024722222222,720,ok,e16d223e601b8b124938a0b15ca1b4430e6af5833b70a8191db914bfef9ecd81,0.9104747222222223,0.8165351232,$HISTOPATH_DATA/v2/runs_tune/C/c17/fold4/lisa__default__s0.json
C,c17,4,lisa,"lisa_alpha=0.5,p_sel=1","{""lisa_alpha"": 0.5, ""lr"": 0.02, ""p_sel"": 1.0}",0.9595446666666667,720,ok,e16d223e601b8b124938a0b15ca1b4430e6af5833b70a8191db914bfef9ecd81,0.7318932361111111,0.8438595872,"$HISTOPATH_DATA/v2/runs_tune/C/c17/fold4/lisa__lisa_alpha=0.5,p_sel=1__s0.json"
C,c17,4,lisa,lisa_alpha=0.5,"{""lisa_alpha"": 0.5, ""lr"": 0.02, ""p_sel"": 0.5}",0.962721361111111,720,ok,e16d223e601b8b124938a0b15ca1b4430e6af5833b70a8191db914bfef9ecd81,0.9452292499999999,0.7878372223999999,$HISTOPATH_DATA/v2/runs_tune/C/c17/fold4/lisa__lisa_alpha=0.5__s0.json
C,c17,4,lisa,p_sel=1,"{""lisa_alpha"": 2.0, ""lr"": 0.02, ""p_sel"": 1.0}",0.9663102777777778,720,ok,e16d223e601b8b124938a0b15ca1b4430e6af5833b70a8191db914bfef9ecd81,0.8031098055555554,0.8521319424,$HISTOPATH_DATA/v2/runs_tune/C/c17/fold4/lisa__p_sel=1__s0.json
C,c17,4,mixstyle,default,"{""lr"": 0.02, ""ms_alpha"": 0.1, ""ms_p"": 0.5}",0.9550720000000001,840,ok,e16d223e601b8b124938a0b15ca1b4430e6af5833b70a8191db914bfef9ecd81,0.8677857916666667,0.7192976768,$HISTOPATH_DATA/v2/runs_tune/C/c17/fold4/mixstyle__default__s0.json
C,c17,4,mixstyle,"ms_alpha=0.3,ms_p=1","{""lr"": 0.02, ""ms_alpha"": 0.3, ""ms_p"": 1.0}",0.9573133194444445,720,ok,e16d223e601b8b124938a0b15ca1b4430e6af5833b70a8191db914bfef9ecd81,0.9306081388888889,0.6476172447999999,"$HISTOPATH_DATA/v2/runs_tune/C/c17/fold4/mixstyle__ms_alpha=0.3,ms_p=1__s0.json"
C,c17,4,mixstyle,ms_alpha=0.3,"{""lr"": 0.02, ""ms_alpha"": 0.3, ""ms_p"": 0.5}",0.9523404166666666,240,ok,e16d223e601b8b124938a0b15ca1b4430e6af5833b70a8191db914bfef9ecd81,0.9093641388888889,0.6066959999999999,$HISTOPATH_DATA/v2/runs_tune/C/c17/fold4/mixstyle__ms_alpha=0.3__s0.json
C,c17,4,mixstyle,ms_p=1,"{""lr"": 0.02, ""ms_alpha"": 0.1, ""ms_p"": 1.0}",0.9586718888888889,720,ok,e16d223e601b8b124938a0b15ca1b4430e6af5833b70a8191db914bfef9ecd81,0.9468698055555556,0.7657064735999999,$HISTOPATH_DATA/v2/runs_tune/C/c17/fold4/mixstyle__ms_p=1__s0.json
C,c17,4,sam,default,"{""lr"": 0.02, ""rho"": 0.05}",0.959494611111111,720,ok,e16d223e601b8b124938a0b15ca1b4430e6af5833b70a8191db914bfef9ecd81,0.9004067361111111,0.6948060192000001,$HISTOPATH_DATA/v2/runs_tune/C/c17/fold4/sam__default__s0.json
C,c17,4,sam,rho=0.02,"{""lr"": 0.02, ""rho"": 0.02}",0.9606655277777777,720,ok,e16d223e601b8b124938a0b15ca1b4430e6af5833b70a8191db914bfef9ecd81,0.9186736944444445,0.7877717632,$HISTOPATH_DATA/v2/runs_tune/C/c17/fold4/sam__rho=0.02__s0.json
C,c17,4,sam,rho=0.1,"{""lr"": 0.02, ""rho"": 0.1}",0.9501972777777777,720,ok,e16d223e601b8b124938a0b15ca1b4430e6af5833b70a8191db914bfef9ecd81,0.8899236944444445,0.7567417247999999,$HISTOPATH_DATA/v2/runs_tune/C/c17/fold4/sam__rho=0.1__s0.json
C,canine,0,coral,coral_lambda=0.1,"{""coral_lambda"": 0.1, ""lr"": 0.02}",0.8783018022592457,1200,ok,abdd04007c74280de394bdf418e5916e9544febeda5532592428adde698b6540,0.8290011659806785,0.8160838099671519,$HISTOPATH_DATA/v2/runs_tune/C/canine/fold0/coral__coral_lambda=0.1__s0.json
C,canine,0,coral,coral_lambda=10,"{""coral_lambda"": 10.0, ""lr"": 0.02}",0.876515671949391,960,ok,abdd04007c74280de394bdf418e5916e9544febeda5532592428adde698b6540,0.8328098085777255,0.7728704366091284,$HISTOPATH_DATA/v2/runs_tune/C/canine/fold0/coral__coral_lambda=10__s0.json
C,canine,0,coral,default,"{""coral_lambda"": 1.0, ""lr"": 0.02}",0.8783633311628963,960,ok,abdd04007c74280de394bdf418e5916e9544febeda5532592428adde698b6540,0.824273225293757,0.7673433668888106,$HISTOPATH_DATA/v2/runs_tune/C/canine/fold0/coral__default__s0.json
C,canine,0,fish,default,"{""lr"": 0.02, ""meta_lr"": 0.1}",0.7895886723098029,1200,ok,abdd04007c74280de394bdf418e5916e9544febeda5532592428adde698b6540,0.8313706845484514,0.5635933911340976,$HISTOPATH_DATA/v2/runs_tune/C/canine/fold0/fish__default__s0.json
C,canine,0,fish,meta_lr=0.01,"{""lr"": 0.02, ""meta_lr"": 0.01}",0.7396865410999138,120,ok,abdd04007c74280de394bdf418e5916e9544febeda5532592428adde698b6540,0.6711119324379922,0.747443691034036,$HISTOPATH_DATA/v2/runs_tune/C/canine/fold0/fish__meta_lr=0.01__s0.json
C,canine,0,fish,meta_lr=0.05,"{""lr"": 0.02, ""meta_lr"": 0.05}",0.7575080196653544,1200,ok,abdd04007c74280de394bdf418e5916e9544febeda5532592428adde698b6540,0.8058275133882921,0.5494201668303937,$HISTOPATH_DATA/v2/runs_tune/C/canine/fold0/fish__meta_lr=0.05__s0.json
C,canine,0,fish,meta_lr=0.5,"{""lr"": 0.02, ""meta_lr"": 0.5}",0.7997409414121381,1200,ok,abdd04007c74280de394bdf418e5916e9544febeda5532592428adde698b6540,0.8671302705997033,0.6800646122636655,$HISTOPATH_DATA/v2/runs_tune/C/canine/fold0/fish__meta_lr=0.5__s0.json
C,canine,0,groupdro,default,"{""eta"": 0.01, ""lr"": 0.02}",0.8687011029404443,1200,ok,abdd04007c74280de394bdf418e5916e9544febeda5532592428adde698b6540,0.8205900579234618,0.8278704423139018,$HISTOPATH_DATA/v2/runs_tune/C/canine/fold0/groupdro__default__s0.json
C,canine,0,groupdro,eta=0.001,"{""eta"": 0.001, ""lr"": 0.02}",0.8672885267511345,1200,ok,abdd04007c74280de394bdf418e5916e9544febeda5532592428adde698b6540,0.8218345673153253,0.8318278436298789,$HISTOPATH_DATA/v2/runs_tune/C/canine/fold0/groupdro__eta=0.001__s0.json
C,canine,0,groupdro,eta=0.1,"{""eta"": 0.1, ""lr"": 0.02}",0.8636009741080797,1200,ok,abdd04007c74280de394bdf418e5916e9544febeda5532592428adde698b6540,0.8253956737507533,0.8185342953863215,$HISTOPATH_DATA/v2/runs_tune/C/canine/fold0/groupdro__eta=0.1__s0.json
C,canine,0,he_jitter,default,"{""jitter"": 0.4, ""lr"": 0.02}",0.8126345322509025,1080,ok,abdd04007c74280de394bdf418e5916e9544febeda5532592428adde698b6540,0.8079879065781455,0.7895454892927107,$HISTOPATH_DATA/v2/runs_tune/C/canine/fold0/he_jitter__default__s0.json
C,canine,0,he_jitter,jitter=0.2,"{""jitter"": 0.2, ""lr"": 0.02}",0.8415778081771713,1080,ok,abdd04007c74280de394bdf418e5916e9544febeda5532592428adde698b6540,0.8270422160120046,0.8189322033318158,$HISTOPATH_DATA/v2/runs_tune/C/canine/fold0/he_jitter__jitter=0.2__s0.json
C,canine,0,irm,default,"{""irm_lambda"": 10.0, ""lr"": 0.02}",0.7805891243182538,1080,ok,abdd04007c74280de394bdf418e5916e9544febeda5532592428adde698b6540,0.7474610471974639,0.685017496540055,$HISTOPATH_DATA/v2/runs_tune/C/canine/fold0/irm__default__s0.json
C,canine,0,irm,irm_lambda=100,"{""irm_lambda"": 100.0, ""lr"": 0.02}",0.720473195102379,120,diverged,abdd04007c74280de394bdf418e5916e9544febeda5532592428adde698b6540,0.37312747429465,0.5475276082509279,$HISTOPATH_DATA/v2/runs_tune/C/canine/fold0/irm__irm_lambda=100__s0.json
C,canine,0,irm,irm_lambda=1,"{""irm_lambda"": 1.0, ""lr"": 0.02}",0.8718802954183865,960,ok,abdd04007c74280de394bdf418e5916e9544febeda5532592428adde698b6540,0.7862132600853914,0.790720957854275,$HISTOPATH_DATA/v2/runs_tune/C/canine/fold0/irm__irm_lambda=1__s0.json
C,canine,0,lisa,default,"{""lisa_alpha"": 2.0, ""lr"": 0.02, ""p_sel"": 0.5}",0.8081566617483368,960,ok,abdd04007c74280de394bdf418e5916e9544febeda5532592428adde698b6540,0.6306056270944547,0.6733769063926549,$HISTOPATH_DATA/v2/runs_tune/C/canine/fold0/lisa__default__s0.json
C,canine,0,lisa,"lisa_alpha=0.5,p_sel=1","{""lisa_alpha"": 0.5, ""lr"": 0.02, ""p_sel"": 1.0}",0.8349731084840195,1200,ok,abdd04007c74280de394bdf418e5916e9544febeda5532592428adde698b6540,0.766190145329334,0.7266138518744174,"$HISTOPATH_DATA/v2/runs_tune/C/canine/fold0/lisa__lisa_alpha=0.5,p_sel=1__s0.json"
C,canine,0,lisa,lisa_alpha=0.5,"{""lisa_alpha"": 0.5, ""lr"": 0.02, ""p_sel"": 0.5}",0.8276589347335638,1200,ok,abdd04007c74280de394bdf418e5916e9544febeda5532592428adde698b6540,0.7924409284825351,0.7273742981702509,$HISTOPATH_DATA/v2/runs_tune/C/canine/fold0/lisa__lisa_alpha=0.5__s0.json
C,canine,0,lisa,p_sel=1,"{""lisa_alpha"": 2.0, ""lr"": 0.02, ""p_sel"": 1.0}",0.8370756447094102,960,ok,abdd04007c74280de394bdf418e5916e9544febeda5532592428adde698b6540,0.7823819978046104,0.6847981480023595,$HISTOPATH_DATA/v2/runs_tune/C/canine/fold0/lisa__p_sel=1__s0.json
C,canine,0,mixstyle,default,"{""lr"": 0.02, ""ms_alpha"": 0.1, ""ms_p"": 0.5}",0.8046835642160641,960,ok,abdd04007c74280de394bdf418e5916e9544febeda5532592428adde698b6540,0.7413989719567136,0.709094777964514,$HISTOPATH_DATA/v2/runs_tune/C/canine/fold0/mixstyle__default__s0.json
C,canine,0,mixstyle,"ms_alpha=0.3,ms_p=1","{""lr"": 0.02, ""ms_alpha"": 0.3, ""ms_p"": 1.0}",0.8319743211410525,1080,ok,abdd04007c74280de394bdf418e5916e9544febeda5532592428adde698b6540,0.7463906666917048,0.7166153807536919,"$HISTOPATH_DATA/v2/runs_tune/C/canine/fold0/mixstyle__ms_alpha=0.3,ms_p=1__s0.json"
C,canine,0,mixstyle,ms_alpha=0.3,"{""lr"": 0.02, ""ms_alpha"": 0.3, ""ms_p"": 0.5}",0.8311274524445295,1200,ok,abdd04007c74280de394bdf418e5916e9544febeda5532592428adde698b6540,0.7485911778111999,0.8031984382612307,$HISTOPATH_DATA/v2/runs_tune/C/canine/fold0/mixstyle__ms_alpha=0.3__s0.json
C,canine,0,mixstyle,ms_p=1,"{""lr"": 0.02, ""ms_alpha"": 0.1, ""ms_p"": 1.0}",0.8356224474963311,1080,ok,abdd04007c74280de394bdf418e5916e9544febeda5532592428adde698b6540,0.7204949698944814,0.7821087466726908,$HISTOPATH_DATA/v2/runs_tune/C/canine/fold0/mixstyle__ms_p=1__s0.json
C,canine,0,sam,default,"{""lr"": 0.02, ""rho"": 0.05}",0.8209463105556916,960,ok,abdd04007c74280de394bdf418e5916e9544febeda5532592428adde698b6540,0.7758542985081252,0.7355452451284088,$HISTOPATH_DATA/v2/runs_tune/C/canine/fold0/sam__default__s0.json
C,canine,0,sam,rho=0.02,"{""lr"": 0.02, ""rho"": 0.02}",0.8570615866492235,960,ok,abdd04007c74280de394bdf418e5916e9544febeda5532592428adde698b6540,0.8136966026088605,0.7986919525043386,$HISTOPATH_DATA/v2/runs_tune/C/canine/fold0/sam__rho=0.02__s0.json
C,canine,0,sam,rho=0.1,"{""lr"": 0.02, ""rho"": 0.1}",0.790267083231283,1080,ok,abdd04007c74280de394bdf418e5916e9544febeda5532592428adde698b6540,0.7511894539352275,0.7314509292505411,$HISTOPATH_DATA/v2/runs_tune/C/canine/fold0/sam__rho=0.1__s0.json
C,canine,1,coral,coral_lambda=0.1,"{""coral_lambda"": 0.1, ""lr"": 0.02}",0.9151657229176421,1200,ok,341685960d3c16ed869f628237ec96dacd5f71d1080cd09f36d028e86ab8ad94,0.85723034391797,0.6454981253738312,$HISTOPATH_DATA/v2/runs_tune/C/canine/fold1/coral__coral_lambda=0.1__s0.json
C,canine,1,coral,coral_lambda=10,"{""coral_lambda"": 10.0, ""lr"": 0.02}",0.9177714861176137,1200,ok,341685960d3c16ed869f628237ec96dacd5f71d1080cd09f36d028e86ab8ad94,0.7936455099439905,0.7724516025500752,$HISTOPATH_DATA/v2/runs_tune/C/canine/fold1/coral__coral_lambda=10__s0.json
C,canine,1,coral,default,"{""coral_lambda"": 1.0, ""lr"": 0.02}",0.9225563378415386,1200,ok,341685960d3c16ed869f628237ec96dacd5f71d1080cd09f36d028e86ab8ad94,0.8234965925388409,0.6905101609114913,$HISTOPATH_DATA/v2/runs_tune/C/canine/fold1/coral__default__s0.json
C,canine,1,fish,default,"{""lr"": 0.02, ""meta_lr"": 0.1}",0.7577731203787952,600,ok,341685960d3c16ed869f628237ec96dacd5f71d1080cd09f36d028e86ab8ad94,0.5927416456445767,0.627869053350256,$HISTOPATH_DATA/v2/runs_tune/C/canine/fold1/fish__default__s0.json
C,canine,1,fish,meta_lr=0.01,"{""lr"": 0.02, ""meta_lr"": 0.01}",0.7250174468423424,240,ok,341685960d3c16ed869f628237ec96dacd5f71d1080cd09f36d028e86ab8ad94,0.7509338714075616,0.7236337111762733,$HISTOPATH_DATA/v2/runs_tune/C/canine/fold1/fish__meta_lr=0.01__s0.json
C,canine,1,fish,meta_lr=0.05,"{""lr"": 0.02, ""meta_lr"": 0.05}",0.7493480622962695,960,ok,341685960d3c16ed869f628237ec96dacd5f71d1080cd09f36d028e86ab8ad94,0.5509778552105689,0.5862552701066421,$HISTOPATH_DATA/v2/runs_tune/C/canine/fold1/fish__meta_lr=0.05__s0.json
C,canine,1,fish,meta_lr=0.5,"{""lr"": 0.02, ""meta_lr"": 0.5}",0.7798857783941839,1200,ok,341685960d3c16ed869f628237ec96dacd5f71d1080cd09f36d028e86ab8ad94,0.5216353531654077,0.5686708389863888,$HISTOPATH_DATA/v2/runs_tune/C/canine/fold1/fish__meta_lr=0.5__s0.json
C,canine,1,groupdro,default,"{""eta"": 0.01, ""lr"": 0.02}",0.9129433485569916,1200,ok,341685960d3c16ed869f628237ec96dacd5f71d1080cd09f36d028e86ab8ad94,0.8412030682553319,0.6763067676192978,$HISTOPATH_DATA/v2/runs_tune/C/canine/fold1/groupdro__default__s0.json
C,canine,1,groupdro,eta=0.001,"{""eta"": 0.001, ""lr"": 0.02}",0.917000512362965,1200,ok,341685960d3c16ed869f628237ec96dacd5f71d1080cd09f36d028e86ab8ad94,0.8185999002805607,0.6600072942652486,$HISTOPATH_DATA/v2/runs_tune/C/canine/fold1/groupdro__eta=0.001__s0.json
C,canine,1,groupdro,eta=0.1,"{""eta"": 0.1, ""lr"": 0.02}",0.9100094080440985,1200,ok,341685960d3c16ed869f628237ec96dacd5f71d1080cd09f36d028e86ab8ad94,0.8293146057031759,0.7082013800749851,$HISTOPATH_DATA/v2/runs_tune/C/canine/fold1/groupdro__eta=0.1__s0.json
C,canine,1,he_jitter,default,"{""jitter"": 0.4, ""lr"": 0.02}",0.8704925309847086,1200,ok,341685960d3c16ed869f628237ec96dacd5f71d1080cd09f36d028e86ab8ad94,0.811311196530585,0.7495044276190059,$HISTOPATH_DATA/v2/runs_tune/C/canine/fold1/he_jitter__default__s0.json
C,canine,1,he_jitter,jitter=0.2,"{""jitter"": 0.2, ""lr"": 0.02}",0.9139886131747954,1080,ok,341685960d3c16ed869f628237ec96dacd5f71d1080cd09f36d028e86ab8ad94,0.7773406970548538,0.6774365034210105,$HISTOPATH_DATA/v2/runs_tune/C/canine/fold1/he_jitter__jitter=0.2__s0.json
C,canine,1,irm,default,"{""irm_lambda"": 10.0, ""lr"": 0.02}",0.7467661504757025,240,ok,341685960d3c16ed869f628237ec96dacd5f71d1080cd09f36d028e86ab8ad94,0.6501308104543396,0.6902411484091208,$HISTOPATH_DATA/v2/runs_tune/C/canine/fold1/irm__default__s0.json
C,canine,1,irm,irm_lambda=100,"{""irm_lambda"": 100.0, ""lr"": 0.02}",0.7608477398609552,120,diverged,341685960d3c16ed869f628237ec96dacd5f71d1080cd09f36d028e86ab8ad94,0.7289026069673539,0.6968100719214554,$HISTOPATH_DATA/v2/runs_tune/C/canine/fold1/irm__irm_lambda=100__s0.json
C,canine,1,irm,irm_lambda=1,"{""irm_lambda"": 1.0, ""lr"": 0.02}",0.9111902721707407,1200,ok,341685960d3c16ed869f628237ec96dacd5f71d1080cd09f36d028e86ab8ad94,0.846643995897127,0.6992457729732884,$HISTOPATH_DATA/v2/runs_tune/C/canine/fold1/irm__irm_lambda=1__s0.json
C,canine,1,lisa,default,"{""lisa_alpha"": 2.0, ""lr"": 0.02, ""p_sel"": 0.5}",0.8568117772811195,960,ok,341685960d3c16ed869f628237ec96dacd5f71d1080cd09f36d028e86ab8ad94,0.8046865284057783,0.7693162355755904,$HISTOPATH_DATA/v2/runs_tune/C/canine/fold1/lisa__default__s0.json
C,canine,1,lisa,"lisa_alpha=0.5,p_sel=1","{""lisa_alpha"": 0.5, ""lr"": 0.02, ""p_sel"": 1.0}",0.8740059716786953,960,ok,341685960d3c16ed869f628237ec96dacd5f71d1080cd09f36d028e86ab8ad94,0.7552138776599933,0.727946080791282,"$HISTOPATH_DATA/v2/runs_tune/C/canine/fold1/lisa__lisa_alpha=0.5,p_sel=1__s0.json"
C,canine,1,lisa,lisa_alpha=0.5,"{""lisa_alpha"": 0.5, ""lr"": 0.02, ""p_sel"": 0.5}",0.8791159088700631,960,ok,341685960d3c16ed869f628237ec96dacd5f71d1080cd09f36d028e86ab8ad94,0.78895133714184,0.7118625176885932,$HISTOPATH_DATA/v2/runs_tune/C/canine/fold1/lisa__lisa_alpha=0.5__s0.json
C,canine,1,lisa,p_sel=1,"{""lisa_alpha"": 2.0, ""lr"": 0.02, ""p_sel"": 1.0}",0.8705082110582063,960,ok,341685960d3c16ed869f628237ec96dacd5f71d1080cd09f36d028e86ab8ad94,0.6862925133976603,0.6905965250120356,$HISTOPATH_DATA/v2/runs_tune/C/canine/fold1/lisa__p_sel=1__s0.json
C,canine,1,mixstyle,default,"{""lr"": 0.02, ""ms_alpha"": 0.1, ""ms_p"": 0.5}",0.8117362037437833,960,ok,341685960d3c16ed869f628237ec96dacd5f71d1080cd09f36d028e86ab8ad94,0.7378573897923348,0.7091893153602638,$HISTOPATH_DATA/v2/runs_tune/C/canine/fold1/mixstyle__default__s0.json
C,canine,1,mixstyle,"ms_alpha=0.3,ms_p=1","{""lr"": 0.02, ""ms_alpha"": 0.3, ""ms_p"": 1.0}",0.8619490993895814,1200,ok,341685960d3c16ed869f628237ec96dacd5f71d1080cd09f36d028e86ab8ad94,0.8082123636131295,0.7216420849927787,"$HISTOPATH_DATA/v2/runs_tune/C/canine/fold1/mixstyle__ms_alpha=0.3,ms_p=1__s0.json"
C,canine,1,mixstyle,ms_alpha=0.3,"{""lr"": 0.02, ""ms_alpha"": 0.3, ""ms_p"": 0.5}",0.7988019098771212,1200,ok,341685960d3c16ed869f628237ec96dacd5f71d1080cd09f36d028e86ab8ad94,0.7360193117989546,0.6563198972967453,$HISTOPATH_DATA/v2/runs_tune/C/canine/fold1/mixstyle__ms_alpha=0.3__s0.json
C,canine,1,mixstyle,ms_p=1,"{""lr"": 0.02, ""ms_alpha"": 0.1, ""ms_p"": 1.0}",0.8550664305085645,1200,ok,341685960d3c16ed869f628237ec96dacd5f71d1080cd09f36d028e86ab8ad94,0.817635793573915,0.746326462135469,$HISTOPATH_DATA/v2/runs_tune/C/canine/fold1/mixstyle__ms_p=1__s0.json
C,canine,1,sam,default,"{""lr"": 0.02, ""rho"": 0.05}",0.8822342558811318,960,ok,341685960d3c16ed869f628237ec96dacd5f71d1080cd09f36d028e86ab8ad94,0.8023321684186026,0.7153532612659927,$HISTOPATH_DATA/v2/runs_tune/C/canine/fold1/sam__default__s0.json
C,canine,1,sam,rho=0.02,"{""lr"": 0.02, ""rho"": 0.02}",0.907271578872978,1200,ok,341685960d3c16ed869f628237ec96dacd5f71d1080cd09f36d028e86ab8ad94,0.8497066035034155,0.703318890688141,$HISTOPATH_DATA/v2/runs_tune/C/canine/fold1/sam__rho=0.02__s0.json
C,canine,1,sam,rho=0.1,"{""lr"": 0.02, ""rho"": 0.1}",0.8352715523714455,1200,ok,341685960d3c16ed869f628237ec96dacd5f71d1080cd09f36d028e86ab8ad94,0.7907078368754272,0.6900240710753206,$HISTOPATH_DATA/v2/runs_tune/C/canine/fold1/sam__rho=0.1__s0.json
C,canine,2,coral,coral_lambda=0.1,"{""coral_lambda"": 0.1, ""lr"": 0.02}",0.8812228781878618,960,ok,97de388818b827913ad22700f0c0ed798c35813d547e149b48f12181ef2a775f,0.6995754737625279,0.5762853937636447,$HISTOPATH_DATA/v2/runs_tune/C/canine/fold2/coral__coral_lambda=0.1__s0.json
C,canine,2,coral,coral_lambda=10,"{""coral_lambda"": 10.0, ""lr"": 0.02}",0.8872603236767279,960,ok,97de388818b827913ad22700f0c0ed798c35813d547e149b48f12181ef2a775f,0.6922228543918771,0.6201410786203465,$HISTOPATH_DATA/v2/runs_tune/C/canine/fold2/coral__coral_lambda=10__s0.json
C,canine,2,coral,default,"{""coral_lambda"": 1.0, ""lr"": 0.02}",0.8727752939929045,960,ok,97de388818b827913ad22700f0c0ed798c35813d547e149b48f12181ef2a775f,0.6717566049571827,0.5578365852628648,$HISTOPATH_DATA/v2/runs_tune/C/canine/fold2/coral__default__s0.json
C,canine,2,fish,default,"{""lr"": 0.02, ""meta_lr"": 0.1}",0.8337097921110971,120,ok,97de388818b827913ad22700f0c0ed798c35813d547e149b48f12181ef2a775f,0.7784784162691292,0.7197722907529709,$HISTOPATH_DATA/v2/runs_tune/C/canine/fold2/fish__default__s0.json
C,canine,2,fish,meta_lr=0.01,"{""lr"": 0.02, ""meta_lr"": 0.01}",0.8246044994119656,720,ok,97de388818b827913ad22700f0c0ed798c35813d547e149b48f12181ef2a775f,0.7714747545479745,0.69428267535826,$HISTOPATH_DATA/v2/runs_tune/C/canine/fold2/fish__meta_lr=0.01__s0.json
C,canine,2,fish,meta_lr=0.05,"{""lr"": 0.02, ""meta_lr"": 0.05}",0.8302056612785396,120,ok,97de388818b827913ad22700f0c0ed798c35813d547e149b48f12181ef2a775f,0.782572541467898,0.6786270226841914,$HISTOPATH_DATA/v2/runs_tune/C/canine/fold2/fish__meta_lr=0.05__s0.json
C,canine,2,fish,meta_lr=0.5,"{""lr"": 0.02, ""meta_lr"": 0.5}",0.8155918622647255,120,ok,97de388818b827913ad22700f0c0ed798c35813d547e149b48f12181ef2a775f,0.7696225947160343,0.6088608945630751,$HISTOPATH_DATA/v2/runs_tune/C/canine/fold2/fish__meta_lr=0.5__s0.json
C,canine,2,groupdro,default,"{""eta"": 0.01, ""lr"": 0.02}",0.8870672304793478,960,ok,97de388818b827913ad22700f0c0ed798c35813d547e149b48f12181ef2a775f,0.5606722394853166,0.5387438387946806,$HISTOPATH_DATA/v2/runs_tune/C/canine/fold2/groupdro__default__s0.json
C,canine,2,groupdro,eta=0.001,"{""eta"": 0.001, ""lr"": 0.02}",0.8803753595570434,960,ok,97de388818b827913ad22700f0c0ed798c35813d547e149b48f12181ef2a775f,0.5963948823435016,0.568796654832131,$HISTOPATH_DATA/v2/runs_tune/C/canine/fold2/groupdro__eta=0.001__s0.json
C,canine,2,groupdro,eta=0.1,"{""eta"": 0.1, ""lr"": 0.02}",0.8576618602511087,960,ok,97de388818b827913ad22700f0c0ed798c35813d547e149b48f12181ef2a775f,0.6802970224809255,0.471530067366696,$HISTOPATH_DATA/v2/runs_tune/C/canine/fold2/groupdro__eta=0.1__s0.json
C,canine,2,he_jitter,default,"{""jitter"": 0.4, ""lr"": 0.02}",0.8710939969902751,1200,ok,97de388818b827913ad22700f0c0ed798c35813d547e149b48f12181ef2a775f,0.8000064189534187,0.8442055283372649,$HISTOPATH_DATA/v2/runs_tune/C/canine/fold2/he_jitter__default__s0.json
C,canine,2,he_jitter,jitter=0.2,"{""jitter"": 0.2, ""lr"": 0.02}",0.8933126037815138,1200,ok,97de388818b827913ad22700f0c0ed798c35813d547e149b48f12181ef2a775f,0.7555335755029395,0.8523479056752135,$HISTOPATH_DATA/v2/runs_tune/C/canine/fold2/he_jitter__jitter=0.2__s0.json
C,canine,2,irm,default,"{""irm_lambda"": 10.0, ""lr"": 0.02}",0.7195832007945518,120,ok,97de388818b827913ad22700f0c0ed798c35813d547e149b48f12181ef2a775f,0.7922213955388274,0.6021213718931491,$HISTOPATH_DATA/v2/runs_tune/C/canine/fold2/irm__default__s0.json
C,canine,2,irm,irm_lambda=100,"{""irm_lambda"": 100.0, ""lr"": 0.02}",0.8170643802875679,240,diverged,97de388818b827913ad22700f0c0ed798c35813d547e149b48f12181ef2a775f,0.7900051059856741,0.6802253126679745,$HISTOPATH_DATA/v2/runs_tune/C/canine/fold2/irm__irm_lambda=100__s0.json
C,canine,2,irm,irm_lambda=1,"{""irm_lambda"": 1.0, ""lr"": 0.02}",0.8811214677806734,960,ok,97de388818b827913ad22700f0c0ed798c35813d547e149b48f12181ef2a775f,0.6699467518636848,0.6104563314765552,$HISTOPATH_DATA/v2/runs_tune/C/canine/fold2/irm__irm_lambda=1__s0.json
C,canine,2,lisa,default,"{""lisa_alpha"": 2.0, ""lr"": 0.02, ""p_sel"": 0.5}",0.8449510263122313,720,ok,97de388818b827913ad22700f0c0ed798c35813d547e149b48f12181ef2a775f,0.7803720075276817,0.7308616044069666,$HISTOPATH_DATA/v2/runs_tune/C/canine/fold2/lisa__default__s0.json
C,canine,2,lisa,"lisa_alpha=0.5,p_sel=1","{""lisa_alpha"": 0.5, ""lr"": 0.02, ""p_sel"": 1.0}",0.8524626921569143,960,ok,97de388818b827913ad22700f0c0ed798c35813d547e149b48f12181ef2a775f,0.6448982449997811,0.6185773107872305,"$HISTOPATH_DATA/v2/runs_tune/C/canine/fold2/lisa__lisa_alpha=0.5,p_sel=1__s0.json"
C,canine,2,lisa,lisa_alpha=0.5,"{""lisa_alpha"": 0.5, ""lr"": 0.02, ""p_sel"": 0.5}",0.86122508635692,960,ok,97de388818b827913ad22700f0c0ed798c35813d547e149b48f12181ef2a775f,0.6517671086991408,0.6788849402395893,$HISTOPATH_DATA/v2/runs_tune/C/canine/fold2/lisa__lisa_alpha=0.5__s0.json
C,canine,2,lisa,p_sel=1,"{""lisa_alpha"": 2.0, ""lr"": 0.02, ""p_sel"": 1.0}",0.8420096381229198,960,ok,97de388818b827913ad22700f0c0ed798c35813d547e149b48f12181ef2a775f,0.7511266722103083,0.7185310625176177,$HISTOPATH_DATA/v2/runs_tune/C/canine/fold2/lisa__p_sel=1__s0.json
C,canine,2,mixstyle,default,"{""lr"": 0.02, ""ms_alpha"": 0.1, ""ms_p"": 0.5}",0.842532497536481,1080,ok,97de388818b827913ad22700f0c0ed798c35813d547e149b48f12181ef2a775f,0.738267174347528,0.6870509980610533,$HISTOPATH_DATA/v2/runs_tune/C/canine/fold2/mixstyle__default__s0.json
C,canine,2,mixstyle,"ms_alpha=0.3,ms_p=1","{""lr"": 0.02, ""ms_alpha"": 0.3, ""ms_p"": 1.0}",0.8532516018953288,1080,ok,97de388818b827913ad22700f0c0ed798c35813d547e149b48f12181ef2a775f,0.730691642230878,0.698300654266082,"$HISTOPATH_DATA/v2/runs_tune/C/canine/fold2/mixstyle__ms_alpha=0.3,ms_p=1__s0.json"
C,canine,2,mixstyle,ms_alpha=0.3,"{""lr"": 0.02, ""ms_alpha"": 0.3, ""ms_p"": 0.5}",0.8370320165058206,960,ok,97de388818b827913ad22700f0c0ed798c35813d547e149b48f12181ef2a775f,0.7416908106846398,0.5769661363379588,$HISTOPATH_DATA/v2/runs_tune/C/canine/fold2/mixstyle__ms_alpha=0.3__s0.json
C,canine,2,mixstyle,ms_p=1,"{""lr"": 0.02, ""ms_alpha"": 0.1, ""ms_p"": 1.0}",0.8649203648634584,1080,ok,97de388818b827913ad22700f0c0ed798c35813d547e149b48f12181ef2a775f,0.6994844413322246,0.6846370152776209,$HISTOPATH_DATA/v2/runs_tune/C/canine/fold2/mixstyle__ms_p=1__s0.json
C,canine,2,sam,default,"{""lr"": 0.02, ""rho"": 0.05}",0.8487800595524713,1080,ok,97de388818b827913ad22700f0c0ed798c35813d547e149b48f12181ef2a775f,0.6977145608122893,0.7024795463389972,$HISTOPATH_DATA/v2/runs_tune/C/canine/fold2/sam__default__s0.json
C,canine,2,sam,rho=0.02,"{""lr"": 0.02, ""rho"": 0.02}",0.8577092823839665,960,ok,97de388818b827913ad22700f0c0ed798c35813d547e149b48f12181ef2a775f,0.6422664740980641,0.6288355250619402,$HISTOPATH_DATA/v2/runs_tune/C/canine/fold2/sam__rho=0.02__s0.json
C,canine,2,sam,rho=0.1,"{""lr"": 0.02, ""rho"": 0.1}",0.8436300159241089,720,ok,97de388818b827913ad22700f0c0ed798c35813d547e149b48f12181ef2a775f,0.7826157235181701,0.6382654930276668,$HISTOPATH_DATA/v2/runs_tune/C/canine/fold2/sam__rho=0.1__s0.json
C,canine,3,coral,coral_lambda=0.1,"{""coral_lambda"": 0.1, ""lr"": 0.02}",0.765656022941299,1200,ok,74377312145ec3645a6b2ba7e738730f27fe0c0323030b362b3104d640b4c623,0.6314977249617402,0.7765768399024846,$HISTOPATH_DATA/v2/runs_tune/C/canine/fold3/coral__coral_lambda=0.1__s0.json
C,canine,3,coral,coral_lambda=10,"{""coral_lambda"": 10.0, ""lr"": 0.02}",0.763887648856974,1200,ok,74377312145ec3645a6b2ba7e738730f27fe0c0323030b362b3104d640b4c623,0.5652768219992262,0.8418244694193531,$HISTOPATH_DATA/v2/runs_tune/C/canine/fold3/coral__coral_lambda=10__s0.json
C,canine,3,coral,default,"{""coral_lambda"": 1.0, ""lr"": 0.02}",0.7643364518364518,1200,ok,74377312145ec3645a6b2ba7e738730f27fe0c0323030b362b3104d640b4c623,0.5803698492095284,0.7999144910447071,$HISTOPATH_DATA/v2/runs_tune/C/canine/fold3/coral__default__s0.json
C,canine,3,fish,default,"{""lr"": 0.02, ""meta_lr"": 0.1}",0.6928825799608008,480,ok,74377312145ec3645a6b2ba7e738730f27fe0c0323030b362b3104d640b4c623,0.7522887329971275,0.8523766254946797,$HISTOPATH_DATA/v2/runs_tune/C/canine/fold3/fish__default__s0.json
C,canine,3,fish,meta_lr=0.01,"{""lr"": 0.02, ""meta_lr"": 0.01}",0.6790978980396158,360,ok,74377312145ec3645a6b2ba7e738730f27fe0c0323030b362b3104d640b4c623,0.6711282980066169,0.7925412347723104,$HISTOPATH_DATA/v2/runs_tune/C/canine/fold3/fish__meta_lr=0.01__s0.json
C,canine,3,fish,meta_lr=0.05,"{""lr"": 0.02, ""meta_lr"": 0.05}",0.6860906151550323,600,ok,74377312145ec3645a6b2ba7e738730f27fe0c0323030b362b3104d640b4c623,0.7284246544075942,0.8338781276504069,$HISTOPATH_DATA/v2/runs_tune/C/canine/fold3/fish__meta_lr=0.05__s0.json
C,canine,3,fish,meta_lr=0.5,"{""lr"": 0.02, ""meta_lr"": 0.5}",0.7118496209753878,480,ok,74377312145ec3645a6b2ba7e738730f27fe0c0323030b362b3104d640b4c623,0.7414008461065291,0.8589949460152857,$HISTOPATH_DATA/v2/runs_tune/C/canine/fold3/fish__meta_lr=0.5__s0.json
C,canine,3,groupdro,default,"{""eta"": 0.01, ""lr"": 0.02}",0.7660912741434213,1200,ok,74377312145ec3645a6b2ba7e738730f27fe0c0323030b362b3104d640b4c623,0.5940152285480497,0.7867652954673294,$HISTOPATH_DATA/v2/runs_tune/C/canine/fold3/groupdro__default__s0.json
C,canine,3,groupdro,eta=0.001,"{""eta"": 0.001, ""lr"": 0.02}",0.7685608862756101,1200,ok,74377312145ec3645a6b2ba7e738730f27fe0c0323030b362b3104d640b4c623,0.5496362905977639,0.7913920379846151,$HISTOPATH_DATA/v2/runs_tune/C/canine/fold3/groupdro__eta=0.001__s0.json
C,canine,3,groupdro,eta=0.1,"{""eta"": 0.1, ""lr"": 0.02}",0.7559933399657326,1200,ok,74377312145ec3645a6b2ba7e738730f27fe0c0323030b362b3104d640b4c623,0.6129824399228987,0.8486306917843927,$HISTOPATH_DATA/v2/runs_tune/C/canine/fold3/groupdro__eta=0.1__s0.json
C,canine,3,he_jitter,default,"{""jitter"": 0.4, ""lr"": 0.02}",0.7053365304899046,1080,ok,74377312145ec3645a6b2ba7e738730f27fe0c0323030b362b3104d640b4c623,0.8159607029508735,0.8223380496393707,$HISTOPATH_DATA/v2/runs_tune/C/canine/fold3/he_jitter__default__s0.json
C,canine,3,he_jitter,jitter=0.2,"{""jitter"": 0.2, ""lr"": 0.02}",0.7618694969155091,1200,ok,74377312145ec3645a6b2ba7e738730f27fe0c0323030b362b3104d640b4c623,0.8455364856336498,0.8437225503696462,$HISTOPATH_DATA/v2/runs_tune/C/canine/fold3/he_jitter__jitter=0.2__s0.json
C,canine,3,irm,default,"{""irm_lambda"": 10.0, ""lr"": 0.02}",0.7409917881543648,120,ok,74377312145ec3645a6b2ba7e738730f27fe0c0323030b362b3104d640b4c623,0.7103480289278504,0.8539143343085469,$HISTOPATH_DATA/v2/runs_tune/C/canine/fold3/irm__default__s0.json
C,canine,3,irm,irm_lambda=100,"{""irm_lambda"": 100.0, ""lr"": 0.02}",0.7243385138323788,120,diverged,74377312145ec3645a6b2ba7e738730f27fe0c0323030b362b3104d640b4c623,0.6400720571435745,0.8049829995730604,$HISTOPATH_DATA/v2/runs_tune/C/canine/fold3/irm__irm_lambda=100__s0.json
C,canine,3,irm,irm_lambda=1,"{""irm_lambda"": 1.0, ""lr"": 0.02}",0.76966708331739,1200,ok,74377312145ec3645a6b2ba7e738730f27fe0c0323030b362b3104d640b4c623,0.5719162019015143,0.8057751525983861,$HISTOPATH_DATA/v2/runs_tune/C/canine/fold3/irm__irm_lambda=1__s0.json
C,canine,3,lisa,default,"{""lisa_alpha"": 2.0, ""lr"": 0.02, ""p_sel"": 0.5}",0.7524576546815811,960,ok,74377312145ec3645a6b2ba7e738730f27fe0c0323030b362b3104d640b4c623,0.7572453720346615,0.8195080239534004,$HISTOPATH_DATA/v2/runs_tune/C/canine/fold3/lisa__default__s0.json
C,canine,3,lisa,"lisa_alpha=0.5,p_sel=1","{""lisa_alpha"": 0.5, ""lr"": 0.02, ""p_sel"": 1.0}",0.7643454863546888,1200,ok,74377312145ec3645a6b2ba7e738730f27fe0c0323030b362b3104d640b4c623,0.7483894418139136,0.855499548097577,"$HISTOPATH_DATA/v2/runs_tune/C/canine/fold3/lisa__lisa_alpha=0.5,p_sel=1__s0.json"
C,canine,3,lisa,lisa_alpha=0.5,"{""lisa_alpha"": 0.5, ""lr"": 0.02, ""p_sel"": 0.5}",0.7614799497468209,1200,ok,74377312145ec3645a6b2ba7e738730f27fe0c0323030b362b3104d640b4c623,0.7122137942525469,0.8563113687877789,$HISTOPATH_DATA/v2/runs_tune/C/canine/fold3/lisa__lisa_alpha=0.5__s0.json
C,canine,3,lisa,p_sel=1,"{""lisa_alpha"": 2.0, ""lr"": 0.02, ""p_sel"": 1.0}",0.7518013235037775,1080,ok,74377312145ec3645a6b2ba7e738730f27fe0c0323030b362b3104d640b4c623,0.7425683224745478,0.8385063830649908,$HISTOPATH_DATA/v2/runs_tune/C/canine/fold3/lisa__p_sel=1__s0.json
C,canine,3,mixstyle,default,"{""lr"": 0.02, ""ms_alpha"": 0.1, ""ms_p"": 0.5}",0.7457293300851582,480,ok,74377312145ec3645a6b2ba7e738730f27fe0c0323030b362b3104d640b4c623,0.687630313986093,0.7961392071268356,$HISTOPATH_DATA/v2/runs_tune/C/canine/fold3/mixstyle__default__s0.json
C,canine,3,mixstyle,"ms_alpha=0.3,ms_p=1","{""lr"": 0.02, ""ms_alpha"": 0.3, ""ms_p"": 1.0}",0.760249660939845,1200,ok,74377312145ec3645a6b2ba7e738730f27fe0c0323030b362b3104d640b4c623,0.6201099801540431,0.8479559395894056,"$HISTOPATH_DATA/v2/runs_tune/C/canine/fold3/mixstyle__ms_alpha=0.3,ms_p=1__s0.json"
C,canine,3,mixstyle,ms_alpha=0.3,"{""lr"": 0.02, ""ms_alpha"": 0.3, ""ms_p"": 0.5}",0.753931344038706,1080,ok,74377312145ec3645a6b2ba7e738730f27fe0c0323030b362b3104d640b4c623,0.6173678942857568,0.8528023547943868,$HISTOPATH_DATA/v2/runs_tune/C/canine/fold3/mixstyle__ms_alpha=0.3__s0.json
C,canine,3,mixstyle,ms_p=1,"{""lr"": 0.02, ""ms_alpha"": 0.1, ""ms_p"": 1.0}",0.7524557946337086,1200,ok,74377312145ec3645a6b2ba7e738730f27fe0c0323030b362b3104d640b4c623,0.6301761827973555,0.8535936000813334,$HISTOPATH_DATA/v2/runs_tune/C/canine/fold3/mixstyle__ms_p=1__s0.json
C,canine,3,sam,default,"{""lr"": 0.02, ""rho"": 0.05}",0.7527130126823379,1200,ok,74377312145ec3645a6b2ba7e738730f27fe0c0323030b362b3104d640b4c623,0.6016266495025958,0.8406595384997566,$HISTOPATH_DATA/v2/runs_tune/C/canine/fold3/sam__default__s0.json
C,canine,3,sam,rho=0.02,"{""lr"": 0.02, ""rho"": 0.02}",0.7741617561402837,1200,ok,74377312145ec3645a6b2ba7e738730f27fe0c0323030b362b3104d640b4c623,0.5898691467836198,0.8038050577366995,$HISTOPATH_DATA/v2/runs_tune/C/canine/fold3/sam__rho=0.02__s0.json
C,canine,3,sam,rho=0.1,"{""lr"": 0.02, ""rho"": 0.1}",0.745946689965095,1080,ok,74377312145ec3645a6b2ba7e738730f27fe0c0323030b362b3104d640b4c623,0.6290711886689743,0.8730670089445514,$HISTOPATH_DATA/v2/runs_tune/C/canine/fold3/sam__rho=0.1__s0.json
C,canine,4,coral,coral_lambda=0.1,"{""coral_lambda"": 0.1, ""lr"": 0.02}",0.7749082722516025,960,ok,272e601f55b6ecc2d1c084924df2dd2e194dee9906874eacf0d23f5789517eef,0.78719647119731,0.6185075105885727,$HISTOPATH_DATA/v2/runs_tune/C/canine/fold4/coral__coral_lambda=0.1__s0.json
C,canine,4,coral,coral_lambda=10,"{""coral_lambda"": 10.0, ""lr"": 0.02}",0.7656760864322848,360,ok,272e601f55b6ecc2d1c084924df2dd2e194dee9906874eacf0d23f5789517eef,0.6814773260569025,0.3950741157410806,$HISTOPATH_DATA/v2/runs_tune/C/canine/fold4/coral__coral_lambda=10__s0.json
C,canine,4,coral,default,"{""coral_lambda"": 1.0, ""lr"": 0.02}",0.7815975279424382,1200,ok,272e601f55b6ecc2d1c084924df2dd2e194dee9906874eacf0d23f5789517eef,0.8304529281673337,0.6673848060596852,$HISTOPATH_DATA/v2/runs_tune/C/canine/fold4/coral__default__s0.json
C,canine,4,fish,default,"{""lr"": 0.02, ""meta_lr"": 0.1}",0.7020043406818348,480,ok,272e601f55b6ecc2d1c084924df2dd2e194dee9906874eacf0d23f5789517eef,0.7357071297100654,0.7652349971746735,$HISTOPATH_DATA/v2/runs_tune/C/canine/fold4/fish__default__s0.json
C,canine,4,fish,meta_lr=0.01,"{""lr"": 0.02, ""meta_lr"": 0.01}",0.7098854962902312,720,ok,272e601f55b6ecc2d1c084924df2dd2e194dee9906874eacf0d23f5789517eef,0.7444686205432693,0.7707379821193535,$HISTOPATH_DATA/v2/runs_tune/C/canine/fold4/fish__meta_lr=0.01__s0.json
C,canine,4,fish,meta_lr=0.05,"{""lr"": 0.02, ""meta_lr"": 0.05}",0.6974715808718377,480,ok,272e601f55b6ecc2d1c084924df2dd2e194dee9906874eacf0d23f5789517eef,0.7243759828159073,0.7320071085557034,$HISTOPATH_DATA/v2/runs_tune/C/canine/fold4/fish__meta_lr=0.05__s0.json
C,canine,4,fish,meta_lr=0.5,"{""lr"": 0.02, ""meta_lr"": 0.5}",0.7119098509362749,360,ok,272e601f55b6ecc2d1c084924df2dd2e194dee9906874eacf0d23f5789517eef,0.729723015736855,0.6367867757646734,$HISTOPATH_DATA/v2/runs_tune/C/canine/fold4/fish__meta_lr=0.5__s0.json
C,canine,4,groupdro,default,"{""eta"": 0.01, ""lr"": 0.02}",0.7685865234166886,1200,ok,272e601f55b6ecc2d1c084924df2dd2e194dee9906874eacf0d23f5789517eef,0.8156074721392398,0.6994996355243412,$HISTOPATH_DATA/v2/runs_tune/C/canine/fold4/groupdro__default__s0.json
C,canine,4,groupdro,eta=0.001,"{""eta"": 0.001, ""lr"": 0.02}",0.7703164519692899,1200,ok,272e601f55b6ecc2d1c084924df2dd2e194dee9906874eacf0d23f5789517eef,0.822163461291161,0.7007671913864245,$HISTOPATH_DATA/v2/runs_tune/C/canine/fold4/groupdro__eta=0.001__s0.json
C,canine,4,groupdro,eta=0.1,"{""eta"": 0.1, ""lr"": 0.02}",0.773549355627464,960,ok,272e601f55b6ecc2d1c084924df2dd2e194dee9906874eacf0d23f5789517eef,0.7782119793023546,0.6483194001772017,$HISTOPATH_DATA/v2/runs_tune/C/canine/fold4/groupdro__eta=0.1__s0.json
C,canine,4,he_jitter,default,"{""jitter"": 0.4, ""lr"": 0.02}",0.7110178099745953,960,ok,272e601f55b6ecc2d1c084924df2dd2e194dee9906874eacf0d23f5789517eef,0.8325458702896321,0.7876156804769083,$HISTOPATH_DATA/v2/runs_tune/C/canine/fold4/he_jitter__default__s0.json
C,canine,4,he_jitter,jitter=0.2,"{""jitter"": 0.2, ""lr"": 0.02}",0.7602812540308335,1200,ok,272e601f55b6ecc2d1c084924df2dd2e194dee9906874eacf0d23f5789517eef,0.8398746473814621,0.7951510226657768,$HISTOPATH_DATA/v2/runs_tune/C/canine/fold4/he_jitter__jitter=0.2__s0.json
C,canine,4,irm,default,"{""irm_lambda"": 10.0, ""lr"": 0.02}",0.7378068165248748,240,ok,272e601f55b6ecc2d1c084924df2dd2e194dee9906874eacf0d23f5789517eef,0.4859038820036933,0.4463187958475382,$HISTOPATH_DATA/v2/runs_tune/C/canine/fold4/irm__default__s0.json
C,canine,4,irm,irm_lambda=100,"{""irm_lambda"": 100.0, ""lr"": 0.02}",0.7282899311884159,240,diverged,272e601f55b6ecc2d1c084924df2dd2e194dee9906874eacf0d23f5789517eef,0.6165915815737582,0.47451828609375984,$HISTOPATH_DATA/v2/runs_tune/C/canine/fold4/irm__irm_lambda=100__s0.json
C,canine,4,irm,irm_lambda=1,"{""irm_lambda"": 1.0, ""lr"": 0.02}",0.7674780442256033,840,ok,272e601f55b6ecc2d1c084924df2dd2e194dee9906874eacf0d23f5789517eef,0.6889368174752951,0.6857886928895663,$HISTOPATH_DATA/v2/runs_tune/C/canine/fold4/irm__irm_lambda=1__s0.json
C,canine,4,lisa,default,"{""lisa_alpha"": 2.0, ""lr"": 0.02, ""p_sel"": 0.5}",0.778803284112768,480,ok,272e601f55b6ecc2d1c084924df2dd2e194dee9906874eacf0d23f5789517eef,0.7342500583221909,0.5141565077256889,$HISTOPATH_DATA/v2/runs_tune/C/canine/fold4/lisa__default__s0.json
C,canine,4,lisa,"lisa_alpha=0.5,p_sel=1","{""lisa_alpha"": 0.5, ""lr"": 0.02, ""p_sel"": 1.0}",0.7742829673102914,960,ok,272e601f55b6ecc2d1c084924df2dd2e194dee9906874eacf0d23f5789517eef,0.8307582308421059,0.7983237533993544,"$HISTOPATH_DATA/v2/runs_tune/C/canine/fold4/lisa__lisa_alpha=0.5,p_sel=1__s0.json"
C,canine,4,lisa,lisa_alpha=0.5,"{""lisa_alpha"": 0.5, ""lr"": 0.02, ""p_sel"": 0.5}",0.7638497683848064,960,ok,272e601f55b6ecc2d1c084924df2dd2e194dee9906874eacf0d23f5789517eef,0.7516893767680096,0.7386453455519459,$HISTOPATH_DATA/v2/runs_tune/C/canine/fold4/lisa__lisa_alpha=0.5__s0.json
C,canine,4,lisa,p_sel=1,"{""lisa_alpha"": 2.0, ""lr"": 0.02, ""p_sel"": 1.0}",0.7717070894999244,840,ok,272e601f55b6ecc2d1c084924df2dd2e194dee9906874eacf0d23f5789517eef,0.8005205577023569,0.7978577025571338,$HISTOPATH_DATA/v2/runs_tune/C/canine/fold4/lisa__p_sel=1__s0.json
C,canine,4,mixstyle,default,"{""lr"": 0.02, ""ms_alpha"": 0.1, ""ms_p"": 0.5}",0.7655031111023873,480,ok,272e601f55b6ecc2d1c084924df2dd2e194dee9906874eacf0d23f5789517eef,0.7051605229420285,0.6757771355115377,$HISTOPATH_DATA/v2/runs_tune/C/canine/fold4/mixstyle__default__s0.json
C,canine,4,mixstyle,"ms_alpha=0.3,ms_p=1","{""lr"": 0.02, ""ms_alpha"": 0.3, ""ms_p"": 1.0}",0.769805587646442,480,ok,272e601f55b6ecc2d1c084924df2dd2e194dee9906874eacf0d23f5789517eef,0.6667698462624023,0.5255790212249455,"$HISTOPATH_DATA/v2/runs_tune/C/canine/fold4/mixstyle__ms_alpha=0.3,ms_p=1__s0.json"
C,canine,4,mixstyle,ms_alpha=0.3,"{""lr"": 0.02, ""ms_alpha"": 0.3, ""ms_p"": 0.5}",0.7610132884310175,1200,ok,272e601f55b6ecc2d1c084924df2dd2e194dee9906874eacf0d23f5789517eef,0.8119462606776509,0.7338422904435677,$HISTOPATH_DATA/v2/runs_tune/C/canine/fold4/mixstyle__ms_alpha=0.3__s0.json
C,canine,4,mixstyle,ms_p=1,"{""lr"": 0.02, ""ms_alpha"": 0.1, ""ms_p"": 1.0}",0.7612961477850746,480,ok,272e601f55b6ecc2d1c084924df2dd2e194dee9906874eacf0d23f5789517eef,0.7245498147154679,0.6173705513910679,$HISTOPATH_DATA/v2/runs_tune/C/canine/fold4/mixstyle__ms_p=1__s0.json
C,canine,4,sam,default,"{""lr"": 0.02, ""rho"": 0.05}",0.7603015834515711,480,ok,272e601f55b6ecc2d1c084924df2dd2e194dee9906874eacf0d23f5789517eef,0.7281580747716205,0.5552278783760944,$HISTOPATH_DATA/v2/runs_tune/C/canine/fold4/sam__default__s0.json
C,canine,4,sam,rho=0.02,"{""lr"": 0.02, ""rho"": 0.02}",0.7716930692097602,960,ok,272e601f55b6ecc2d1c084924df2dd2e194dee9906874eacf0d23f5789517eef,0.7815568439388947,0.628173370913306,$HISTOPATH_DATA/v2/runs_tune/C/canine/fold4/sam__rho=0.02__s0.json
C,canine,4,sam,rho=0.1,"{""lr"": 0.02, ""rho"": 0.1}",0.7502542930128482,960,ok,272e601f55b6ecc2d1c084924df2dd2e194dee9906874eacf0d23f5789517eef,0.790945430702193,0.6243920426513341,$HISTOPATH_DATA/v2/runs_tune/C/canine/fold4/sam__rho=0.1__s0.json
C,midog21,0,coral,coral_lambda=0.1,"{""coral_lambda"": 0.1, ""lr"": 0.02}",0.9126730144717344,840,ok,8a005a6d48af6af0215bc225ea3b7e5764f0807cf84750dc5f33470ce1b73932,,0.8510798593671522,$HISTOPATH_DATA/v2/runs_tune/C/midog21/fold0/coral__coral_lambda=0.1__s0.json
C,midog21,0,coral,coral_lambda=10,"{""coral_lambda"": 10.0, ""lr"": 0.02}",0.9076126367563137,1200,ok,8a005a6d48af6af0215bc225ea3b7e5764f0807cf84750dc5f33470ce1b73932,,0.8238108071688452,$HISTOPATH_DATA/v2/runs_tune/C/midog21/fold0/coral__coral_lambda=10__s0.json
C,midog21,0,coral,default,"{""coral_lambda"": 1.0, ""lr"": 0.02}",0.9149667370810606,1080,ok,8a005a6d48af6af0215bc225ea3b7e5764f0807cf84750dc5f33470ce1b73932,,0.8331577464443656,$HISTOPATH_DATA/v2/runs_tune/C/midog21/fold0/coral__default__s0.json
C,midog21,0,fish,default,"{""lr"": 0.02, ""meta_lr"": 0.1}",0.8917930447394142,840,ok,8a005a6d48af6af0215bc225ea3b7e5764f0807cf84750dc5f33470ce1b73932,,0.680779973294459,$HISTOPATH_DATA/v2/runs_tune/C/midog21/fold0/fish__default__s0.json
C,midog21,0,fish,meta_lr=0.01,"{""lr"": 0.02, ""meta_lr"": 0.01}",0.7850048869691333,840,ok,8a005a6d48af6af0215bc225ea3b7e5764f0807cf84750dc5f33470ce1b73932,,0.6634673102130318,$HISTOPATH_DATA/v2/runs_tune/C/midog21/fold0/fish__meta_lr=0.01__s0.json
C,midog21,0,fish,meta_lr=0.05,"{""lr"": 0.02, ""meta_lr"": 0.05}",0.8682252419837942,840,ok,8a005a6d48af6af0215bc225ea3b7e5764f0807cf84750dc5f33470ce1b73932,,0.6622698484644315,$HISTOPATH_DATA/v2/runs_tune/C/midog21/fold0/fish__meta_lr=0.05__s0.json
C,midog21,0,fish,meta_lr=0.5,"{""lr"": 0.02, ""meta_lr"": 0.5}",0.9007866443862913,1080,ok,8a005a6d48af6af0215bc225ea3b7e5764f0807cf84750dc5f33470ce1b73932,,0.7732111575259399,$HISTOPATH_DATA/v2/runs_tune/C/midog21/fold0/fish__meta_lr=0.5__s0.json
C,midog21,0,groupdro,default,"{""eta"": 0.01, ""lr"": 0.02}",0.915707664659331,1200,ok,8a005a6d48af6af0215bc225ea3b7e5764f0807cf84750dc5f33470ce1b73932,,0.8509634820105108,$HISTOPATH_DATA/v2/runs_tune/C/midog21/fold0/groupdro__default__s0.json
C,midog21,0,groupdro,eta=0.001,"{""eta"": 0.001, ""lr"": 0.02}",0.9154869628275057,1200,ok,8a005a6d48af6af0215bc225ea3b7e5764f0807cf84750dc5f33470ce1b73932,,0.85352684641864,$HISTOPATH_DATA/v2/runs_tune/C/midog21/fold0/groupdro__eta=0.001__s0.json
C,midog21,0,groupdro,eta=0.1,"{""eta"": 0.1, ""lr"": 0.02}",0.9162515370306145,1080,ok,8a005a6d48af6af0215bc225ea3b7e5764f0807cf84750dc5f33470ce1b73932,,0.8460051941051806,$HISTOPATH_DATA/v2/runs_tune/C/midog21/fold0/groupdro__eta=0.1__s0.json
C,midog21,0,he_jitter,default,"{""jitter"": 0.4, ""lr"": 0.02}",0.8821058107639437,1200,ok,8a005a6d48af6af0215bc225ea3b7e5764f0807cf84750dc5f33470ce1b73932,,0.8962802121742965,$HISTOPATH_DATA/v2/runs_tune/C/midog21/fold0/he_jitter__default__s0.json
C,midog21,0,he_jitter,jitter=0.2,"{""jitter"": 0.2, ""lr"": 0.02}",0.9019768578364914,720,ok,8a005a6d48af6af0215bc225ea3b7e5764f0807cf84750dc5f33470ce1b73932,,0.8718777180237901,$HISTOPATH_DATA/v2/runs_tune/C/midog21/fold0/he_jitter__jitter=0.2__s0.json
C,midog21,0,irm,default,"{""irm_lambda"": 10.0, ""lr"": 0.02}",0.8519563640949649,240,ok,8a005a6d48af6af0215bc225ea3b7e5764f0807cf84750dc5f33470ce1b73932,,0.7708131714667221,$HISTOPATH_DATA/v2/runs_tune/C/midog21/fold0/irm__default__s0.json
C,midog21,0,irm,irm_lambda=100,"{""irm_lambda"": 100.0, ""lr"": 0.02}",0.8595154018349781,240,diverged,8a005a6d48af6af0215bc225ea3b7e5764f0807cf84750dc5f33470ce1b73932,,0.7399180458404283,$HISTOPATH_DATA/v2/runs_tune/C/midog21/fold0/irm__irm_lambda=100__s0.json
C,midog21,0,irm,irm_lambda=1,"{""irm_lambda"": 1.0, ""lr"": 0.02}",0.9179540940189804,1200,ok,8a005a6d48af6af0215bc225ea3b7e5764f0807cf84750dc5f33470ce1b73932,,0.8536646617093996,$HISTOPATH_DATA/v2/runs_tune/C/midog21/fold0/irm__irm_lambda=1__s0.json
C,midog21,0,lisa,default,"{""lisa_alpha"": 2.0, ""lr"": 0.02, ""p_sel"": 0.5}",0.8962780212504335,1200,ok,8a005a6d48af6af0215bc225ea3b7e5764f0807cf84750dc5f33470ce1b73932,,0.8228246621994095,$HISTOPATH_DATA/v2/runs_tune/C/midog21/fold0/lisa__default__s0.json
C,midog21,0,lisa,"lisa_alpha=0.5,p_sel=1","{""lisa_alpha"": 0.5, ""lr"": 0.02, ""p_sel"": 1.0}",0.9079909827537282,1080,ok,8a005a6d48af6af0215bc225ea3b7e5764f0807cf84750dc5f33470ce1b73932,,0.8110858619887052,"$HISTOPATH_DATA/v2/runs_tune/C/midog21/fold0/lisa__lisa_alpha=0.5,p_sel=1__s0.json"
C,midog21,0,lisa,lisa_alpha=0.5,"{""lisa_alpha"": 0.5, ""lr"": 0.02, ""p_sel"": 0.5}",0.9135479395907558,1080,ok,8a005a6d48af6af0215bc225ea3b7e5764f0807cf84750dc5f33470ce1b73932,,0.794875721233355,$HISTOPATH_DATA/v2/runs_tune/C/midog21/fold0/lisa__lisa_alpha=0.5__s0.json
C,midog21,0,lisa,p_sel=1,"{""lisa_alpha"": 2.0, ""lr"": 0.02, ""p_sel"": 1.0}",0.8993757291042659,1200,ok,8a005a6d48af6af0215bc225ea3b7e5764f0807cf84750dc5f33470ce1b73932,,0.8011784738640959,$HISTOPATH_DATA/v2/runs_tune/C/midog21/fold0/lisa__p_sel=1__s0.json
C,midog21,0,mixstyle,default,"{""lr"": 0.02, ""ms_alpha"": 0.1, ""ms_p"": 0.5}",0.8957735599205473,1200,ok,8a005a6d48af6af0215bc225ea3b7e5764f0807cf84750dc5f33470ce1b73932,,0.8380425328612905,$HISTOPATH_DATA/v2/runs_tune/C/midog21/fold0/mixstyle__default__s0.json
C,midog21,0,mixstyle,"ms_alpha=0.3,ms_p=1","{""lr"": 0.02, ""ms_alpha"": 0.3, ""ms_p"": 1.0}",0.8965460163319355,1200,ok,8a005a6d48af6af0215bc225ea3b7e5764f0807cf84750dc5f33470ce1b73932,,0.7652699342161677,"$HISTOPATH_DATA/v2/runs_tune/C/midog21/fold0/mixstyle__ms_alpha=0.3,ms_p=1__s0.json"
C,midog21,0,mixstyle,ms_alpha=0.3,"{""lr"": 0.02, ""ms_alpha"": 0.3, ""ms_p"": 0.5}",0.9053740896049437,1200,ok,8a005a6d48af6af0215bc225ea3b7e5764f0807cf84750dc5f33470ce1b73932,,0.8118484399309086,$HISTOPATH_DATA/v2/runs_tune/C/midog21/fold0/mixstyle__ms_alpha=0.3__s0.json
C,midog21,0,mixstyle,ms_p=1,"{""lr"": 0.02, ""ms_alpha"": 0.1, ""ms_p"": 1.0}",0.9011255793423084,1200,ok,8a005a6d48af6af0215bc225ea3b7e5764f0807cf84750dc5f33470ce1b73932,,0.7894886746456616,$HISTOPATH_DATA/v2/runs_tune/C/midog21/fold0/mixstyle__ms_p=1__s0.json
C,midog21,0,sam,default,"{""lr"": 0.02, ""rho"": 0.05}",0.914020872087524,1200,ok,8a005a6d48af6af0215bc225ea3b7e5764f0807cf84750dc5f33470ce1b73932,,0.8367317563180654,$HISTOPATH_DATA/v2/runs_tune/C/midog21/fold0/sam__default__s0.json
C,midog21,0,sam,rho=0.02,"{""lr"": 0.02, ""rho"": 0.02}",0.9174417504808148,1200,ok,8a005a6d48af6af0215bc225ea3b7e5764f0807cf84750dc5f33470ce1b73932,,0.852960272445517,$HISTOPATH_DATA/v2/runs_tune/C/midog21/fold0/sam__rho=0.02__s0.json
C,midog21,0,sam,rho=0.1,"{""lr"": 0.02, ""rho"": 0.1}",0.9002427720150079,1200,ok,8a005a6d48af6af0215bc225ea3b7e5764f0807cf84750dc5f33470ce1b73932,,0.8110797368646716,$HISTOPATH_DATA/v2/runs_tune/C/midog21/fold0/sam__rho=0.1__s0.json
C,midog21,1,coral,coral_lambda=0.1,"{""coral_lambda"": 0.1, ""lr"": 0.02}",0.9066269796697741,1200,ok,2f6990f4a61c182d06202fcf5b8fa93b998bc64fdbda36b5f55135e76aeaa3cc,,0.7799575121048594,$HISTOPATH_DATA/v2/runs_tune/C/midog21/fold1/coral__coral_lambda=0.1__s0.json
C,midog21,1,coral,coral_lambda=10,"{""coral_lambda"": 10.0, ""lr"": 0.02}",0.9023924519824779,1200,ok,2f6990f4a61c182d06202fcf5b8fa93b998bc64fdbda36b5f55135e76aeaa3cc,,0.7640551762377259,$HISTOPATH_DATA/v2/runs_tune/C/midog21/fold1/coral__coral_lambda=10__s0.json
C,midog21,1,coral,default,"{""coral_lambda"": 1.0, ""lr"": 0.02}",0.9085589127260474,1200,ok,2f6990f4a61c182d06202fcf5b8fa93b998bc64fdbda36b5f55135e76aeaa3cc,,0.7727461751223381,$HISTOPATH_DATA/v2/runs_tune/C/midog21/fold1/coral__default__s0.json
C,midog21,1,fish,default,"{""lr"": 0.02, ""meta_lr"": 0.1}",0.7889924744468156,840,ok,2f6990f4a61c182d06202fcf5b8fa93b998bc64fdbda36b5f55135e76aeaa3cc,,0.7898203129533277,$HISTOPATH_DATA/v2/runs_tune/C/midog21/fold1/fish__default__s0.json
C,midog21,1,fish,meta_lr=0.01,"{""lr"": 0.02, ""meta_lr"": 0.01}",0.6750533528024261,480,ok,2f6990f4a61c182d06202fcf5b8fa93b998bc64fdbda36b5f55135e76aeaa3cc,,0.6448102228841479,$HISTOPATH_DATA/v2/runs_tune/C/midog21/fold1/fish__meta_lr=0.01__s0.json
C,midog21,1,fish,meta_lr=0.05,"{""lr"": 0.02, ""meta_lr"": 0.05}",0.7708300572840615,840,ok,2f6990f4a61c182d06202fcf5b8fa93b998bc64fdbda36b5f55135e76aeaa3cc,,0.7759843458862821,$HISTOPATH_DATA/v2/runs_tune/C/midog21/fold1/fish__meta_lr=0.05__s0.json
C,midog21,1,fish,meta_lr=0.5,"{""lr"": 0.02, ""meta_lr"": 0.5}",0.7778726272043133,840,ok,2f6990f4a61c182d06202fcf5b8fa93b998bc64fdbda36b5f55135e76aeaa3cc,,0.8236881298234078,$HISTOPATH_DATA/v2/runs_tune/C/midog21/fold1/fish__meta_lr=0.5__s0.json
C,midog21,1,groupdro,default,"{""eta"": 0.01, ""lr"": 0.02}",0.9018645400426823,1200,ok,2f6990f4a61c182d06202fcf5b8fa93b998bc64fdbda36b5f55135e76aeaa3cc,,0.7618211768953534,$HISTOPATH_DATA/v2/runs_tune/C/midog21/fold1/groupdro__default__s0.json
C,midog21,1,groupdro,eta=0.001,"{""eta"": 0.001, ""lr"": 0.02}",0.8981017634505223,1200,ok,2f6990f4a61c182d06202fcf5b8fa93b998bc64fdbda36b5f55135e76aeaa3cc,,0.7531575791570762,$HISTOPATH_DATA/v2/runs_tune/C/midog21/fold1/groupdro__eta=0.001__s0.json
C,midog21,1,groupdro,eta=0.1,"{""eta"": 0.1, ""lr"": 0.02}",0.9022239694485005,1200,ok,2f6990f4a61c182d06202fcf5b8fa93b998bc64fdbda36b5f55135e76aeaa3cc,,0.7797254082770804,$HISTOPATH_DATA/v2/runs_tune/C/midog21/fold1/groupdro__eta=0.1__s0.json
C,midog21,1,he_jitter,default,"{""jitter"": 0.4, ""lr"": 0.02}",0.9024598449960688,1200,ok,2f6990f4a61c182d06202fcf5b8fa93b998bc64fdbda36b5f55135e76aeaa3cc,,0.8908531749869443,$HISTOPATH_DATA/v2/runs_tune/C/midog21/fold1/he_jitter__default__s0.json
C,midog21,1,he_jitter,jitter=0.2,"{""jitter"": 0.2, ""lr"": 0.02}",0.9144108727395259,1200,ok,2f6990f4a61c182d06202fcf5b8fa93b998bc64fdbda36b5f55135e76aeaa3cc,,0.8774411197720225,$HISTOPATH_DATA/v2/runs_tune/C/midog21/fold1/he_jitter__jitter=0.2__s0.json
C,midog21,1,irm,default,"{""irm_lambda"": 10.0, ""lr"": 0.02}",0.7946310232505898,120,ok,2f6990f4a61c182d06202fcf5b8fa93b998bc64fdbda36b5f55135e76aeaa3cc,,0.7297666711797967,$HISTOPATH_DATA/v2/runs_tune/C/midog21/fold1/irm__default__s0.json
C,midog21,1,irm,irm_lambda=100,"{""irm_lambda"": 100.0, ""lr"": 0.02}",0.7836459620352689,120,diverged,2f6990f4a61c182d06202fcf5b8fa93b998bc64fdbda36b5f55135e76aeaa3cc,,0.7488507636860666,$HISTOPATH_DATA/v2/runs_tune/C/midog21/fold1/irm__irm_lambda=100__s0.json
C,midog21,1,irm,irm_lambda=1,"{""irm_lambda"": 1.0, ""lr"": 0.02}",0.902684488374705,1200,ok,2f6990f4a61c182d06202fcf5b8fa93b998bc64fdbda36b5f55135e76aeaa3cc,,0.7786132441023063,$HISTOPATH_DATA/v2/runs_tune/C/midog21/fold1/irm__irm_lambda=1__s0.json
C,midog21,1,lisa,default,"{""lisa_alpha"": 2.0, ""lr"": 0.02, ""p_sel"": 0.5}",0.8599685499269909,1200,ok,2f6990f4a61c182d06202fcf5b8fa93b998bc64fdbda36b5f55135e76aeaa3cc,,0.77625352185322,$HISTOPATH_DATA/v2/runs_tune/C/midog21/fold1/lisa__default__s0.json
C,midog21,1,lisa,"lisa_alpha=0.5,p_sel=1","{""lisa_alpha"": 0.5, ""lr"": 0.02, ""p_sel"": 1.0}",0.8883859373244973,1200,ok,2f6990f4a61c182d06202fcf5b8fa93b998bc64fdbda36b5f55135e76aeaa3cc,,0.7802137934146987,"$HISTOPATH_DATA/v2/runs_tune/C/midog21/fold1/lisa__lisa_alpha=0.5,p_sel=1__s0.json"
C,midog21,1,lisa,lisa_alpha=0.5,"{""lisa_alpha"": 0.5, ""lr"": 0.02, ""p_sel"": 0.5}",0.8777153768392677,1080,ok,2f6990f4a61c182d06202fcf5b8fa93b998bc64fdbda36b5f55135e76aeaa3cc,,0.7692420520557306,$HISTOPATH_DATA/v2/runs_tune/C/midog21/fold1/lisa__lisa_alpha=0.5__s0.json
C,midog21,1,lisa,p_sel=1,"{""lisa_alpha"": 2.0, ""lr"": 0.02, ""p_sel"": 1.0}",0.867864764686061,1200,ok,2f6990f4a61c182d06202fcf5b8fa93b998bc64fdbda36b5f55135e76aeaa3cc,,0.7322714583212445,$HISTOPATH_DATA/v2/runs_tune/C/midog21/fold1/lisa__p_sel=1__s0.json
C,midog21,1,mixstyle,default,"{""lr"": 0.02, ""ms_alpha"": 0.1, ""ms_p"": 0.5}",0.9000336965067954,1200,ok,2f6990f4a61c182d06202fcf5b8fa93b998bc64fdbda36b5f55135e76aeaa3cc,,0.7764034222419941,$HISTOPATH_DATA/v2/runs_tune/C/midog21/fold1/mixstyle__default__s0.json
C,midog21,1,mixstyle,"ms_alpha=0.3,ms_p=1","{""lr"": 0.02, ""ms_alpha"": 0.3, ""ms_p"": 1.0}",0.8854992699090195,1080,ok,2f6990f4a61c182d06202fcf5b8fa93b998bc64fdbda36b5f55135e76aeaa3cc,,0.7544615513561956,"$HISTOPATH_DATA/v2/runs_tune/C/midog21/fold1/mixstyle__ms_alpha=0.3,ms_p=1__s0.json"
C,midog21,1,mixstyle,ms_alpha=0.3,"{""lr"": 0.02, ""ms_alpha"": 0.3, ""ms_p"": 0.5}",0.8944400763787487,1200,ok,2f6990f4a61c182d06202fcf5b8fa93b998bc64fdbda36b5f55135e76aeaa3cc,,0.7607331902026395,$HISTOPATH_DATA/v2/runs_tune/C/midog21/fold1/mixstyle__ms_alpha=0.3__s0.json
C,midog21,1,mixstyle,ms_p=1,"{""lr"": 0.02, ""ms_alpha"": 0.1, ""ms_p"": 1.0}",0.8824890486352915,1200,ok,2f6990f4a61c182d06202fcf5b8fa93b998bc64fdbda36b5f55135e76aeaa3cc,,0.74169745266049,$HISTOPATH_DATA/v2/runs_tune/C/midog21/fold1/mixstyle__ms_p=1__s0.json
C,midog21,1,sam,default,"{""lr"": 0.02, ""rho"": 0.05}",0.8926204650117937,1080,ok,2f6990f4a61c182d06202fcf5b8fa93b998bc64fdbda36b5f55135e76aeaa3cc,,0.7900201801383597,$HISTOPATH_DATA/v2/runs_tune/C/midog21/fold1/sam__default__s0.json
C,midog21,1,sam,rho=0.02,"{""lr"": 0.02, ""rho"": 0.02}",0.9062226215882287,1200,ok,2f6990f4a61c182d06202fcf5b8fa93b998bc64fdbda36b5f55135e76aeaa3cc,,0.7922864161234792,$HISTOPATH_DATA/v2/runs_tune/C/midog21/fold1/sam__rho=0.02__s0.json
C,midog21,1,sam,rho=0.1,"{""lr"": 0.02, ""rho"": 0.1}",0.8661574750084242,1080,ok,2f6990f4a61c182d06202fcf5b8fa93b998bc64fdbda36b5f55135e76aeaa3cc,,0.7587570840022437,$HISTOPATH_DATA/v2/runs_tune/C/midog21/fold1/sam__rho=0.1__s0.json
C,midog21,2,coral,coral_lambda=0.1,"{""coral_lambda"": 0.1, ""lr"": 0.02}",0.904548664015757,1200,ok,6c3ede47a3b1b4b4b6c91006297c92738917a3c52626290f278623acea4b6121,,0.748062015503876,$HISTOPATH_DATA/v2/runs_tune/C/midog21/fold2/coral__coral_lambda=0.1__s0.json
C,midog21,2,coral,coral_lambda=10,"{""coral_lambda"": 10.0, ""lr"": 0.02}",0.9019194321602438,1200,ok,6c3ede47a3b1b4b4b6c91006297c92738917a3c52626290f278623acea4b6121,,0.7787787551595691,$HISTOPATH_DATA/v2/runs_tune/C/midog21/fold2/coral__coral_lambda=10__s0.json
C,midog21,2,coral,default,"{""coral_lambda"": 1.0, ""lr"": 0.02}",0.8960106284142852,1200,ok,6c3ede47a3b1b4b4b6c91006297c92738917a3c52626290f278623acea4b6121,,0.7795117915030706,$HISTOPATH_DATA/v2/runs_tune/C/midog21/fold2/coral__default__s0.json
C,midog21,2,fish,default,"{""lr"": 0.02, ""meta_lr"": 0.1}",0.7872644840016351,1200,ok,6c3ede47a3b1b4b4b6c91006297c92738917a3c52626290f278623acea4b6121,,0.6672785789791604,$HISTOPATH_DATA/v2/runs_tune/C/midog21/fold2/fish__default__s0.json
C,midog21,2,fish,meta_lr=0.01,"{""lr"": 0.02, ""meta_lr"": 0.01}",0.6473856330595711,1200,ok,6c3ede47a3b1b4b4b6c91006297c92738917a3c52626290f278623acea4b6121,,0.6028830665458572,$HISTOPATH_DATA/v2/runs_tune/C/midog21/fold2/fish__meta_lr=0.01__s0.json
C,midog21,2,fish,meta_lr=0.05,"{""lr"": 0.02, ""meta_lr"": 0.05}",0.7754190047939351,1200,ok,6c3ede47a3b1b4b4b6c91006297c92738917a3c52626290f278623acea4b6121,,0.625736182422229,$HISTOPATH_DATA/v2/runs_tune/C/midog21/fold2/fish__meta_lr=0.05__s0.json
C,midog21,2,fish,meta_lr=0.5,"{""lr"": 0.02, ""meta_lr"": 0.5}",0.8027797391207403,480,ok,6c3ede47a3b1b4b4b6c91006297c92738917a3c52626290f278623acea4b6121,,0.5896836932447397,$HISTOPATH_DATA/v2/runs_tune/C/midog21/fold2/fish__meta_lr=0.5__s0.json
C,midog21,2,groupdro,default,"{""eta"": 0.01, ""lr"": 0.02}",0.8998383440484596,1200,ok,6c3ede47a3b1b4b4b6c91006297c92738917a3c52626290f278623acea4b6121,,0.7864882210812443,$HISTOPATH_DATA/v2/runs_tune/C/midog21/fold2/groupdro__default__s0.json
C,midog21,2,groupdro,eta=0.001,"{""eta"": 0.001, ""lr"": 0.02}",0.895378869523208,1200,ok,6c3ede47a3b1b4b4b6c91006297c92738917a3c52626290f278623acea4b6121,,0.7782580791301721,$HISTOPATH_DATA/v2/runs_tune/C/midog21/fold2/groupdro__eta=0.001__s0.json
C,midog21,2,groupdro,eta=0.1,"{""eta"": 0.1, ""lr"": 0.02}",0.8968839421754803,1200,ok,6c3ede47a3b1b4b4b6c91006297c92738917a3c52626290f278623acea4b6121,,0.7761911054062216,$HISTOPATH_DATA/v2/runs_tune/C/midog21/fold2/groupdro__eta=0.1__s0.json
C,midog21,2,he_jitter,default,"{""jitter"": 0.4, ""lr"": 0.02}",0.8909101044260284,1200,ok,6c3ede47a3b1b4b4b6c91006297c92738917a3c52626290f278623acea4b6121,,0.8511259815765629,$HISTOPATH_DATA/v2/runs_tune/C/midog21/fold2/he_jitter__default__s0.json
C,midog21,2,he_jitter,jitter=0.2,"{""jitter"": 0.2, ""lr"": 0.02}",0.8985841168382327,1200,ok,6c3ede47a3b1b4b4b6c91006297c92738917a3c52626290f278623acea4b6121,,0.8528453136011276,$HISTOPATH_DATA/v2/runs_tune/C/midog21/fold2/he_jitter__jitter=0.2__s0.json
C,midog21,2,irm,default,"{""irm_lambda"": 10.0, ""lr"": 0.02}",0.805678397562154,240,ok,6c3ede47a3b1b4b4b6c91006297c92738917a3c52626290f278623acea4b6121,,0.6457043441055068,$HISTOPATH_DATA/v2/runs_tune/C/midog21/fold2/irm__default__s0.json
C,midog21,2,irm,irm_lambda=100,"{""irm_lambda"": 100.0, ""lr"": 0.02}",0.8334293359099185,240,diverged,6c3ede47a3b1b4b4b6c91006297c92738917a3c52626290f278623acea4b6121,,0.7240385583408839,$HISTOPATH_DATA/v2/runs_tune/C/midog21/fold2/irm__irm_lambda=100__s0.json
C,midog21,2,irm,irm_lambda=1,"{""irm_lambda"": 1.0, ""lr"": 0.02}",0.8960849529897061,1200,ok,6c3ede47a3b1b4b4b6c91006297c92738917a3c52626290f278623acea4b6121,,0.7749200896003222,$HISTOPATH_DATA/v2/runs_tune/C/midog21/fold2/irm__irm_lambda=1__s0.json
C,midog21,2,lisa,default,"{""lisa_alpha"": 2.0, ""lr"": 0.02, ""p_sel"": 0.5}",0.8634471738080195,960,ok,6c3ede47a3b1b4b4b6c91006297c92738917a3c52626290f278623acea4b6121,,0.6765091739655693,$HISTOPATH_DATA/v2/runs_tune/C/midog21/fold2/lisa__default__s0.json
C,midog21,2,lisa,"lisa_alpha=0.5,p_sel=1","{""lisa_alpha"": 0.5, ""lr"": 0.02, ""p_sel"": 1.0}",0.889572262068453,960,ok,6c3ede47a3b1b4b4b6c91006297c92738917a3c52626290f278623acea4b6121,,0.7358583761200042,"$HISTOPATH_DATA/v2/runs_tune/C/midog21/fold2/lisa__lisa_alpha=0.5,p_sel=1__s0.json"
C,midog21,2,lisa,lisa_alpha=0.5,"{""lisa_alpha"": 0.5, ""lr"": 0.02, ""p_sel"": 0.5}",0.8924709205098666,1200,ok,6c3ede47a3b1b4b4b6c91006297c92738917a3c52626290f278623acea4b6121,,0.751967872244035,$HISTOPATH_DATA/v2/runs_tune/C/midog21/fold2/lisa__lisa_alpha=0.5__s0.json
C,midog21,2,lisa,p_sel=1,"{""lisa_alpha"": 2.0, ""lr"": 0.02, ""p_sel"": 1.0}",0.8577892155041065,1200,ok,6c3ede47a3b1b4b4b6c91006297c92738917a3c52626290f278623acea4b6121,,0.6443924292761501,$HISTOPATH_DATA/v2/runs_tune/C/midog21/fold2/lisa__p_sel=1__s0.json
C,midog21,2,mixstyle,default,"{""lr"": 0.02, ""ms_alpha"": 0.1, ""ms_p"": 0.5}",0.905347653201531,1200,ok,6c3ede47a3b1b4b4b6c91006297c92738917a3c52626290f278623acea4b6121,,0.8099705527031109,$HISTOPATH_DATA/v2/runs_tune/C/midog21/fold2/mixstyle__default__s0.json
C,midog21,2,mixstyle,"ms_alpha=0.3,ms_p=1","{""lr"": 0.02, ""ms_alpha"": 0.3, ""ms_p"": 1.0}",0.8877698911144971,1200,ok,6c3ede47a3b1b4b4b6c91006297c92738917a3c52626290f278623acea4b6121,,0.783714952682976,"$HISTOPATH_DATA/v2/runs_tune/C/midog21/fold2/mixstyle__ms_alpha=0.3,ms_p=1__s0.json"
C,midog21,2,mixstyle,ms_alpha=0.3,"{""lr"": 0.02, ""ms_alpha"": 0.3, ""ms_p"": 0.5}",0.8938459251551526,1200,ok,6c3ede47a3b1b4b4b6c91006297c92738917a3c52626290f278623acea4b6121,,0.7948678017718716,$HISTOPATH_DATA/v2/runs_tune/C/midog21/fold2/mixstyle__ms_alpha=0.3__s0.json
C,midog21,2,mixstyle,ms_p=1,"{""lr"": 0.02, ""ms_alpha"": 0.1, ""ms_p"": 1.0}",0.8886432048756921,1200,ok,6c3ede47a3b1b4b4b6c91006297c92738917a3c52626290f278623acea4b6121,,0.785012710158059,$HISTOPATH_DATA/v2/runs_tune/C/midog21/fold2/mixstyle__ms_p=1__s0.json
C,midog21,2,sam,default,"{""lr"": 0.02, ""rho"": 0.05}",0.892415177078301,1200,ok,6c3ede47a3b1b4b4b6c91006297c92738917a3c52626290f278623acea4b6121,,0.7634951047015,$HISTOPATH_DATA/v2/runs_tune/C/midog21/fold2/sam__default__s0.json
C,midog21,2,sam,rho=0.02,"{""lr"": 0.02, ""rho"": 0.02}",0.8993831060240067,1200,ok,6c3ede47a3b1b4b4b6c91006297c92738917a3c52626290f278623acea4b6121,,0.7645726366656599,$HISTOPATH_DATA/v2/runs_tune/C/midog21/fold2/sam__rho=0.02__s0.json
C,midog21,2,sam,rho=0.1,"{""lr"": 0.02, ""rho"": 0.1}",0.875023226429819,1080,ok,6c3ede47a3b1b4b4b6c91006297c92738917a3c52626290f278623acea4b6121,,0.740728505990134,$HISTOPATH_DATA/v2/runs_tune/C/midog21/fold2/sam__rho=0.1__s0.json
C,midog21sn,0,coral,coral_lambda=0.1,"{""coral_lambda"": 0.1, ""lr"": 0.02}",0.9134612352996816,1200,ok,4cc707b5bd4227f32baa66f724d09ba5dcc72ca08c1f773829bcd9643f0bbdcd,,0.847386409574794,$HISTOPATH_DATA/v2/runs_tune/C/midog21sn/fold0/coral__coral_lambda=0.1__s0.json
C,midog21sn,0,coral,coral_lambda=10,"{""coral_lambda"": 10.0, ""lr"": 0.02}",0.907502285840401,1080,ok,4cc707b5bd4227f32baa66f724d09ba5dcc72ca08c1f773829bcd9643f0bbdcd,,0.8255503423944336,$HISTOPATH_DATA/v2/runs_tune/C/midog21sn/fold0/coral__coral_lambda=10__s0.json
C,midog21sn,0,coral,default,"{""coral_lambda"": 1.0, ""lr"": 0.02}",0.9151086168300913,1200,ok,4cc707b5bd4227f32baa66f724d09ba5dcc72ca08c1f773829bcd9643f0bbdcd,,0.8205828668030528,$HISTOPATH_DATA/v2/runs_tune/C/midog21sn/fold0/coral__default__s0.json
C,midog21sn,0,fish,default,"{""lr"": 0.02, ""meta_lr"": 0.1}",0.8895387331714854,1200,ok,4cc707b5bd4227f32baa66f724d09ba5dcc72ca08c1f773829bcd9643f0bbdcd,,0.6833770258847742,$HISTOPATH_DATA/v2/runs_tune/C/midog21sn/fold0/fish__default__s0.json
C,midog21sn,0,fish,meta_lr=0.01,"{""lr"": 0.02, ""meta_lr"": 0.01}",0.7710139672730711,600,ok,4cc707b5bd4227f32baa66f724d09ba5dcc72ca08c1f773829bcd9643f0bbdcd,,0.6557067780622557,$HISTOPATH_DATA/v2/runs_tune/C/midog21sn/fold0/fish__meta_lr=0.01__s0.json
C,midog21sn,0,fish,meta_lr=0.05,"{""lr"": 0.02, ""meta_lr"": 0.05}",0.865963048207586,1200,ok,4cc707b5bd4227f32baa66f724d09ba5dcc72ca08c1f773829bcd9643f0bbdcd,,0.6475909887175214,$HISTOPATH_DATA/v2/runs_tune/C/midog21sn/fold0/fish__meta_lr=0.05__s0.json
C,midog21sn,0,fish,meta_lr=0.5,"{""lr"": 0.02, ""meta_lr"": 0.5}",0.9051139767317211,1080,ok,4cc707b5bd4227f32baa66f724d09ba5dcc72ca08c1f773829bcd9643f0bbdcd,,0.8124732025823522,$HISTOPATH_DATA/v2/runs_tune/C/midog21sn/fold0/fish__meta_lr=0.5__s0.json
C,midog21sn,0,groupdro,default,"{""eta"": 0.01, ""lr"": 0.02}",0.9157155468676105,1200,ok,4cc707b5bd4227f32baa66f724d09ba5dcc72ca08c1f773829bcd9643f0bbdcd,,0.8517873111930516,$HISTOPATH_DATA/v2/runs_tune/C/midog21sn/fold0/groupdro__default__s0.json
C,midog21sn,0,groupdro,eta=0.001,"{""eta"": 0.001, ""lr"": 0.02}",0.9113330390642242,1200,ok,4cc707b5bd4227f32baa66f724d09ba5dcc72ca08c1f773829bcd9643f0bbdcd,,0.8398341316411656,$HISTOPATH_DATA/v2/runs_tune/C/midog21sn/fold0/groupdro__eta=0.001__s0.json
C,midog21sn,0,groupdro,eta=0.1,"{""eta"": 0.1, ""lr"": 0.02}",0.912097613267333,1200,ok,4cc707b5bd4227f32baa66f724d09ba5dcc72ca08c1f773829bcd9643f0bbdcd,,0.835405666964756,$HISTOPATH_DATA/v2/runs_tune/C/midog21sn/fold0/groupdro__eta=0.1__s0.json
C,midog21sn,0,he_jitter,default,"{""jitter"": 0.4, ""lr"": 0.02}",0.8874184191443074,1200,ok,4cc707b5bd4227f32baa66f724d09ba5dcc72ca08c1f773829bcd9643f0bbdcd,,0.8880051696046843,$HISTOPATH_DATA/v2/runs_tune/C/midog21sn/fold0/he_jitter__default__s0.json
C,midog21sn,0,he_jitter,jitter=0.2,"{""jitter"": 0.2, ""lr"": 0.02}",0.8989106788157771,1200,ok,4cc707b5bd4227f32baa66f724d09ba5dcc72ca08c1f773829bcd9643f0bbdcd,,0.8838217098896254,$HISTOPATH_DATA/v2/runs_tune/C/midog21sn/fold0/he_jitter__jitter=0.2__s0.json
C,midog21sn,0,irm,default,"{""irm_lambda"": 10.0, ""lr"": 0.02}",0.8638112053472901,240,ok,4cc707b5bd4227f32baa66f724d09ba5dcc72ca08c1f773829bcd9643f0bbdcd,,0.78369736987174,$HISTOPATH_DATA/v2/runs_tune/C/midog21sn/fold0/irm__default__s0.json
C,midog21sn,0,irm,irm_lambda=100,"{""irm_lambda"": 100.0, ""lr"": 0.02}",0.8600356275814233,240,diverged,4cc707b5bd4227f32baa66f724d09ba5dcc72ca08c1f773829bcd9643f0bbdcd,,0.7519998529970232,$HISTOPATH_DATA/v2/runs_tune/C/midog21sn/fold0/irm__irm_lambda=100__s0.json
C,midog21sn,0,irm,irm_lambda=1,"{""irm_lambda"": 1.0, ""lr"": 0.02}",0.9141942806696725,1200,ok,4cc707b5bd4227f32baa66f724d09ba5dcc72ca08c1f773829bcd9643f0bbdcd,,0.8371145765701756,$HISTOPATH_DATA/v2/runs_tune/C/midog21sn/fold0/irm__irm_lambda=1__s0.json
C,midog21sn,0,lisa,default,"{""lisa_alpha"": 2.0, ""lr"": 0.02, ""p_sel"": 0.5}",0.8920373931960778,1200,ok,4cc707b5bd4227f32baa66f724d09ba5dcc72ca08c1f773829bcd9643f0bbdcd,,0.7885454055444623,$HISTOPATH_DATA/v2/runs_tune/C/midog21sn/fold0/lisa__default__s0.json
C,midog21sn,0,lisa,"lisa_alpha=0.5,p_sel=1","{""lisa_alpha"": 0.5, ""lr"": 0.02, ""p_sel"": 1.0}",0.8997383106851216,1080,ok,4cc707b5bd4227f32baa66f724d09ba5dcc72ca08c1f773829bcd9643f0bbdcd,,0.8053374330830199,"$HISTOPATH_DATA/v2/runs_tune/C/midog21sn/fold0/lisa__lisa_alpha=0.5,p_sel=1__s0.json"
C,midog21sn,0,lisa,lisa_alpha=0.5,"{""lisa_alpha"": 0.5, ""lr"": 0.02, ""p_sel"": 0.5}",0.9051060945234417,1080,ok,4cc707b5bd4227f32baa66f724d09ba5dcc72ca08c1f773829bcd9643f0bbdcd,,0.7817893937352232,$HISTOPATH_DATA/v2/runs_tune/C/midog21sn/fold0/lisa__lisa_alpha=0.5__s0.json
C,midog21sn,0,lisa,p_sel=1,"{""lisa_alpha"": 2.0, ""lr"": 0.02, ""p_sel"": 1.0}",0.9031670712866916,1200,ok,4cc707b5bd4227f32baa66f724d09ba5dcc72ca08c1f773829bcd9643f0bbdcd,,0.7843741960774705,$HISTOPATH_DATA/v2/runs_tune/C/midog21sn/fold0/lisa__p_sel=1__s0.json
C,midog21sn,0,mixstyle,default,"{""lr"": 0.02, ""ms_alpha"": 0.1, ""ms_p"": 0.5}",0.8915881073241478,1200,ok,4cc707b5bd4227f32baa66f724d09ba5dcc72ca08c1f773829bcd9643f0bbdcd,,0.8139983584667589,$HISTOPATH_DATA/v2/runs_tune/C/midog21sn/fold0/mixstyle__default__s0.json
C,midog21sn,0,mixstyle,"ms_alpha=0.3,ms_p=1","{""lr"": 0.02, ""ms_alpha"": 0.3, ""ms_p"": 1.0}",0.8973657659930007,1200,ok,4cc707b5bd4227f32baa66f724d09ba5dcc72ca08c1f773829bcd9643f0bbdcd,,0.8228307873234433,"$HISTOPATH_DATA/v2/runs_tune/C/midog21sn/fold0/mixstyle__ms_alpha=0.3,ms_p=1__s0.json"
C,midog21sn,0,mixstyle,ms_alpha=0.3,"{""lr"": 0.02, ""ms_alpha"": 0.3, ""ms_p"": 0.5}",0.8992023205221175,1080,ok,4cc707b5bd4227f32baa66f724d09ba5dcc72ca08c1f773829bcd9643f0bbdcd,,0.8293877326015852,$HISTOPATH_DATA/v2/runs_tune/C/midog21sn/fold0/mixstyle__ms_alpha=0.3__s0.json
C,midog21sn,0,mixstyle,ms_p=1,"{""lr"": 0.02, ""ms_alpha"": 0.1, ""ms_p"": 1.0}",0.8940000630576662,1200,ok,4cc707b5bd4227f32baa66f724d09ba5dcc72ca08c1f773829bcd9643f0bbdcd,,0.8017297350271343,$HISTOPATH_DATA/v2/runs_tune/C/midog21sn/fold0/mixstyle__ms_p=1__s0.json
C,midog21sn,0,sam,default,"{""lr"": 0.02, ""rho"": 0.05}",0.9119872623514204,1200,ok,4cc707b5bd4227f32baa66f724d09ba5dcc72ca08c1f773829bcd9643f0bbdcd,,0.8342204554642232,$HISTOPATH_DATA/v2/runs_tune/C/midog21sn/fold0/sam__default__s0.json
C,midog21sn,0,sam,rho=0.02,"{""lr"": 0.02, ""rho"": 0.02}",0.9145647444588075,1200,ok,4cc707b5bd4227f32baa66f724d09ba5dcc72ca08c1f773829bcd9643f0bbdcd,,0.847074028249072,$HISTOPATH_DATA/v2/runs_tune/C/midog21sn/fold0/sam__rho=0.02__s0.json
C,midog21sn,0,sam,rho=0.1,"{""lr"": 0.02, ""rho"": 0.1}",0.8961203770848442,1200,ok,4cc707b5bd4227f32baa66f724d09ba5dcc72ca08c1f773829bcd9643f0bbdcd,,0.7904319437468609,$HISTOPATH_DATA/v2/runs_tune/C/midog21sn/fold0/sam__rho=0.1__s0.json
C,midog21sn,1,coral,coral_lambda=0.1,"{""coral_lambda"": 0.1, ""lr"": 0.02}",0.9156913399977535,1080,ok,0d4598b41bed5f6bba41b4a884e7aced6b76d2a3a7934fc699db8039b2c2cc56,,0.8168313959111043,$HISTOPATH_DATA/v2/runs_tune/C/midog21sn/fold1/coral__coral_lambda=0.1__s0.json
C,midog21sn,1,coral,coral_lambda=10,"{""coral_lambda"": 10.0, ""lr"": 0.02}",0.8997641244524317,1200,ok,0d4598b41bed5f6bba41b4a884e7aced6b76d2a3a7934fc699db8039b2c2cc56,,0.8106516314964894,$HISTOPATH_DATA/v2/runs_tune/C/midog21sn/fold1/coral__coral_lambda=10__s0.json
C,midog21sn,1,coral,default,"{""coral_lambda"": 1.0, ""lr"": 0.02}",0.911029989891048,1200,ok,0d4598b41bed5f6bba41b4a884e7aced6b76d2a3a7934fc699db8039b2c2cc56,,0.8061868564760191,$HISTOPATH_DATA/v2/runs_tune/C/midog21sn/fold1/coral__default__s0.json
C,midog21sn,1,fish,default,"{""lr"": 0.02, ""meta_lr"": 0.1}",0.7632146467482872,480,ok,0d4598b41bed5f6bba41b4a884e7aced6b76d2a3a7934fc699db8039b2c2cc56,,0.8237574386053139,$HISTOPATH_DATA/v2/runs_tune/C/midog21sn/fold1/fish__default__s0.json
C,midog21sn,1,fish,meta_lr=0.01,"{""lr"": 0.02, ""meta_lr"": 0.01}",0.6677524429967426,840,ok,0d4598b41bed5f6bba41b4a884e7aced6b76d2a3a7934fc699db8039b2c2cc56,,0.6913663823394776,$HISTOPATH_DATA/v2/runs_tune/C/midog21sn/fold1/fish__meta_lr=0.01__s0.json
C,midog21sn,1,fish,meta_lr=0.05,"{""lr"": 0.02, ""meta_lr"": 0.05}",0.7447264966865101,840,ok,0d4598b41bed5f6bba41b4a884e7aced6b76d2a3a7934fc699db8039b2c2cc56,,0.7958147166721468,$HISTOPATH_DATA/v2/runs_tune/C/midog21sn/fold1/fish__meta_lr=0.05__s0.json
C,midog21sn,1,fish,meta_lr=0.5,"{""lr"": 0.02, ""meta_lr"": 0.5}",0.8457710883971694,240,ok,0d4598b41bed5f6bba41b4a884e7aced6b76d2a3a7934fc699db8039b2c2cc56,,0.7633556410901143,$HISTOPATH_DATA/v2/runs_tune/C/midog21sn/fold1/fish__meta_lr=0.5__s0.json
C,midog21sn,1,groupdro,default,"{""eta"": 0.01, ""lr"": 0.02}",0.9034482758620689,1080,ok,0d4598b41bed5f6bba41b4a884e7aced6b76d2a3a7934fc699db8039b2c2cc56,,0.7920398058064642,$HISTOPATH_DATA/v2/runs_tune/C/midog21sn/fold1/groupdro__default__s0.json
C,midog21sn,1,groupdro,eta=0.001,"{""eta"": 0.001, ""lr"": 0.02}",0.9048972256542738,1200,ok,0d4598b41bed5f6bba41b4a884e7aced6b76d2a3a7934fc699db8039b2c2cc56,,0.7793353448998406,$HISTOPATH_DATA/v2/runs_tune/C/midog21sn/fold1/groupdro__eta=0.001__s0.json
C,midog21sn,1,groupdro,eta=0.1,"{""eta"": 0.1, ""lr"": 0.02}",0.9088958777940019,1080,ok,0d4598b41bed5f6bba41b4a884e7aced6b76d2a3a7934fc699db8039b2c2cc56,,0.8195715105446059,$HISTOPATH_DATA/v2/runs_tune/C/midog21sn/fold1/groupdro__eta=0.1__s0.json
C,midog21sn,1,he_jitter,default,"{""jitter"": 0.4, ""lr"": 0.02}",0.9041559025047736,1200,ok,0d4598b41bed5f6bba41b4a884e7aced6b76d2a3a7934fc699db8039b2c2cc56,,0.8843591033055452,$HISTOPATH_DATA/v2/runs_tune/C/midog21sn/fold1/he_jitter__default__s0.json
C,midog21sn,1,he_jitter,jitter=0.2,"{""jitter"": 0.2, ""lr"": 0.02}",0.9103672919240705,1200,ok,0d4598b41bed5f6bba41b4a884e7aced6b76d2a3a7934fc699db8039b2c2cc56,,0.8742158436651774,$HISTOPATH_DATA/v2/runs_tune/C/midog21sn/fold1/he_jitter__jitter=0.2__s0.json
C,midog21sn,1,irm,default,"{""irm_lambda"": 10.0, ""lr"": 0.02}",0.7944962372234079,240,ok,0d4598b41bed5f6bba41b4a884e7aced6b76d2a3a7934fc699db8039b2c2cc56,,0.7550772712326648,$HISTOPATH_DATA/v2/runs_tune/C/midog21sn/fold1/irm__default__s0.json
C,midog21sn,1,irm,irm_lambda=100,"{""irm_lambda"": 100.0, ""lr"": 0.02}",0.7925081433224754,120,diverged,0d4598b41bed5f6bba41b4a884e7aced6b76d2a3a7934fc699db8039b2c2cc56,,0.7606139146244754,$HISTOPATH_DATA/v2/runs_tune/C/midog21sn/fold1/irm__irm_lambda=100__s0.json
C,midog21sn,1,irm,irm_lambda=1,"{""irm_lambda"": 1.0, ""lr"": 0.02}",0.9014601819611366,1200,ok,0d4598b41bed5f6bba41b4a884e7aced6b76d2a3a7934fc699db8039b2c2cc56,,0.8094846650290453,$HISTOPATH_DATA/v2/runs_tune/C/midog21sn/fold1/irm__irm_lambda=1__s0.json
C,midog21sn,1,lisa,default,"{""lisa_alpha"": 2.0, ""lr"": 0.02, ""p_sel"": 0.5}",0.8599797820959227,1200,ok,0d4598b41bed5f6bba41b4a884e7aced6b76d2a3a7934fc699db8039b2c2cc56,,0.7875814781145432,$HISTOPATH_DATA/v2/runs_tune/C/midog21sn/fold1/lisa__default__s0.json
C,midog21sn,1,lisa,"lisa_alpha=0.5,p_sel=1","{""lisa_alpha"": 0.5, ""lr"": 0.02, ""p_sel"": 1.0}",0.8906211389419297,1200,ok,0d4598b41bed5f6bba41b4a884e7aced6b76d2a3a7934fc699db8039b2c2cc56,,0.8092412783763049,"$HISTOPATH_DATA/v2/runs_tune/C/midog21sn/fold1/lisa__lisa_alpha=0.5,p_sel=1__s0.json"
C,midog21sn,1,lisa,lisa_alpha=0.5,"{""lisa_alpha"": 0.5, ""lr"": 0.02, ""p_sel"": 0.5}",0.8922161069302481,1200,ok,0d4598b41bed5f6bba41b4a884e7aced6b76d2a3a7934fc699db8039b2c2cc56,,0.7909244179674152,$HISTOPATH_DATA/v2/runs_tune/C/midog21sn/fold1/lisa__lisa_alpha=0.5__s0.json
C,midog21sn,1,lisa,p_sel=1,"{""lisa_alpha"": 2.0, ""lr"": 0.02, ""p_sel"": 1.0}",0.8682803549365382,1200,ok,0d4598b41bed5f6bba41b4a884e7aced6b76d2a3a7934fc699db8039b2c2cc56,,0.7733135400346867,$HISTOPATH_DATA/v2/runs_tune/C/midog21sn/fold1/lisa__p_sel=1__s0.json
C,midog21sn,1,mixstyle,default,"{""lr"": 0.02, ""ms_alpha"": 0.1, ""ms_p"": 0.5}",0.9014826462990004,1080,ok,0d4598b41bed5f6bba41b4a884e7aced6b76d2a3a7934fc699db8039b2c2cc56,,0.824211169351979,$HISTOPATH_DATA/v2/runs_tune/C/midog21sn/fold1/mixstyle__default__s0.json
C,midog21sn,1,mixstyle,"ms_alpha=0.3,ms_p=1","{""lr"": 0.02, ""ms_alpha"": 0.3, ""ms_p"": 1.0}",0.8804447938897001,1200,ok,0d4598b41bed5f6bba41b4a884e7aced6b76d2a3a7934fc699db8039b2c2cc56,,0.772773576268673,"$HISTOPATH_DATA/v2/runs_tune/C/midog21sn/fold1/mixstyle__ms_alpha=0.3,ms_p=1__s0.json"
C,midog21sn,1,mixstyle,ms_alpha=0.3,"{""lr"": 0.02, ""ms_alpha"": 0.3, ""ms_p"": 0.5}",0.8840166236100191,1200,ok,0d4598b41bed5f6bba41b4a884e7aced6b76d2a3a7934fc699db8039b2c2cc56,,0.7894366969046377,$HISTOPATH_DATA/v2/runs_tune/C/midog21sn/fold1/mixstyle__ms_alpha=0.3__s0.json
C,midog21sn,1,mixstyle,ms_p=1,"{""lr"": 0.02, ""ms_alpha"": 0.1, ""ms_p"": 1.0}",0.8749859597888352,1200,ok,0d4598b41bed5f6bba41b4a884e7aced6b76d2a3a7934fc699db8039b2c2cc56,,0.7573950858461798,$HISTOPATH_DATA/v2/runs_tune/C/midog21sn/fold1/mixstyle__ms_p=1__s0.json
C,midog21sn,1,sam,default,"{""lr"": 0.02, ""rho"": 0.05}",0.8996293384252498,1080,ok,0d4598b41bed5f6bba41b4a884e7aced6b76d2a3a7934fc699db8039b2c2cc56,,0.8196440429907869,$HISTOPATH_DATA/v2/runs_tune/C/midog21sn/fold1/sam__default__s0.json
C,midog21sn,1,sam,rho=0.02,"{""lr"": 0.02, ""rho"": 0.02}",0.903437043693137,1200,ok,0d4598b41bed5f6bba41b4a884e7aced6b76d2a3a7934fc699db8039b2c2cc56,,0.8119991231633173,$HISTOPATH_DATA/v2/runs_tune/C/midog21sn/fold1/sam__rho=0.02__s0.json
C,midog21sn,1,sam,rho=0.1,"{""lr"": 0.02, ""rho"": 0.1}",0.8642143097832191,1080,ok,0d4598b41bed5f6bba41b4a884e7aced6b76d2a3a7934fc699db8039b2c2cc56,,0.7714663804052792,$HISTOPATH_DATA/v2/runs_tune/C/midog21sn/fold1/sam__rho=0.1__s0.json
C,midog21sn,2,coral,coral_lambda=0.1,"{""coral_lambda"": 0.1, ""lr"": 0.02}",0.8876026608198002,1200,ok,63866457882bcd8300b6fe238c4d4156fff7d888c87be6f0bb39afed3ac188d1,,0.7891089046612303,$HISTOPATH_DATA/v2/runs_tune/C/midog21sn/fold2/coral__coral_lambda=0.1__s0.json
C,midog21sn,2,coral,coral_lambda=10,"{""coral_lambda"": 10.0, ""lr"": 0.02}",0.8901947303876027,1200,ok,63866457882bcd8300b6fe238c4d4156fff7d888c87be6f0bb39afed3ac188d1,,0.8143152874257525,$HISTOPATH_DATA/v2/runs_tune/C/midog21sn/fold2/coral__coral_lambda=10__s0.json
C,midog21sn,2,coral,default,"{""coral_lambda"": 1.0, ""lr"": 0.02}",0.8955089375301942,720,ok,63866457882bcd8300b6fe238c4d4156fff7d888c87be6f0bb39afed3ac188d1,,0.8232297015000503,$HISTOPATH_DATA/v2/runs_tune/C/midog21sn/fold2/coral__default__s0.json
C,midog21sn,2,fish,default,"{""lr"": 0.02, ""meta_lr"": 0.1}",0.7655802891225985,600,ok,63866457882bcd8300b6fe238c4d4156fff7d888c87be6f0bb39afed3ac188d1,,0.668159481022853,$HISTOPATH_DATA/v2/runs_tune/C/midog21sn/fold2/fish__default__s0.json
C,midog21sn,2,fish,meta_lr=0.01,"{""lr"": 0.02, ""meta_lr"": 0.01}",0.6415976067486715,720,ok,63866457882bcd8300b6fe238c4d4156fff7d888c87be6f0bb39afed3ac188d1,,0.6125761351052048,$HISTOPATH_DATA/v2/runs_tune/C/midog21sn/fold2/fish__meta_lr=0.01__s0.json
C,midog21sn,2,fish,meta_lr=0.05,"{""lr"": 0.02, ""meta_lr"": 0.05}",0.7505945966033669,1200,ok,63866457882bcd8300b6fe238c4d4156fff7d888c87be6f0bb39afed3ac188d1,,0.6327236232759489,$HISTOPATH_DATA/v2/runs_tune/C/midog21sn/fold2/fish__meta_lr=0.05__s0.json
C,midog21sn,2,fish,meta_lr=0.5,"{""lr"": 0.02, ""meta_lr"": 0.5}",0.8178583373592477,480,ok,63866457882bcd8300b6fe238c4d4156fff7d888c87be6f0bb39afed3ac188d1,,0.6615212549078828,$HISTOPATH_DATA/v2/runs_tune/C/midog21sn/fold2/fish__meta_lr=0.5__s0.json
C,midog21sn,2,groupdro,default,"{""eta"": 0.01, ""lr"": 0.02}",0.896112824705489,1200,ok,63866457882bcd8300b6fe238c4d4156fff7d888c87be6f0bb39afed3ac188d1,,0.8191413721936978,$HISTOPATH_DATA/v2/runs_tune/C/midog21sn/fold2/groupdro__default__s0.json
C,midog21sn,2,groupdro,eta=0.001,"{""eta"": 0.001, ""lr"": 0.02}",0.8950722806495969,1200,ok,63866457882bcd8300b6fe238c4d4156fff7d888c87be6f0bb39afed3ac188d1,,0.7636791503070572,$HISTOPATH_DATA/v2/runs_tune/C/midog21sn/fold2/groupdro__eta=0.001__s0.json
C,midog21sn,2,groupdro,eta=0.1,"{""eta"": 0.1, ""lr"": 0.02}",0.8951094429373072,1200,ok,63866457882bcd8300b6fe238c4d4156fff7d888c87be6f0bb39afed3ac188d1,,0.8073011049028491,$HISTOPATH_DATA/v2/runs_tune/C/midog21sn/fold2/groupdro__eta=0.1__s0.json
C,midog21sn,2,he_jitter,default,"{""jitter"": 0.4, ""lr"": 0.02}",0.874976773570181,1200,ok,63866457882bcd8300b6fe238c4d4156fff7d888c87be6f0bb39afed3ac188d1,,0.8655822133293064,$HISTOPATH_DATA/v2/runs_tune/C/midog21sn/fold2/he_jitter__default__s0.json
C,midog21sn,2,he_jitter,jitter=0.2,"{""jitter"": 0.2, ""lr"": 0.02}",0.8921085882046899,1200,ok,63866457882bcd8300b6fe238c4d4156fff7d888c87be6f0bb39afed3ac188d1,,0.8668721056075707,$HISTOPATH_DATA/v2/runs_tune/C/midog21sn/fold2/he_jitter__jitter=0.2__s0.json
C,midog21sn,2,irm,default,"{""irm_lambda"": 10.0, ""lr"": 0.02}",0.8241201828384555,240,diverged,63866457882bcd8300b6fe238c4d4156fff7d888c87be6f0bb39afed3ac188d1,,0.6832748162690023,$HISTOPATH_DATA/v2/runs_tune/C/midog21sn/fold2/irm__default__s0.json
C,midog21sn,2,irm,irm_lambda=100,"{""irm_lambda"": 100.0, ""lr"": 0.02}",0.8501802370953955,240,diverged,63866457882bcd8300b6fe238c4d4156fff7d888c87be6f0bb39afed3ac188d1,,0.6430380423839727,$HISTOPATH_DATA/v2/runs_tune/C/midog21sn/fold2/irm__irm_lambda=100__s0.json
C,midog21sn,2,irm,irm_lambda=1,"{""irm_lambda"": 1.0, ""lr"": 0.02}",0.8971347876175257,1200,ok,63866457882bcd8300b6fe238c4d4156fff7d888c87be6f0bb39afed3ac188d1,,0.8092501006745194,$HISTOPATH_DATA/v2/runs_tune/C/midog21sn/fold2/irm__irm_lambda=1__s0.json
C,midog21sn,2,lisa,default,"{""lisa_alpha"": 2.0, ""lr"": 0.02, ""p_sel"": 0.5}",0.869551079564458,960,ok,63866457882bcd8300b6fe238c4d4156fff7d888c87be6f0bb39afed3ac188d1,,0.6603493405818988,$HISTOPATH_DATA/v2/runs_tune/C/midog21sn/fold2/lisa__default__s0.json
C,midog21sn,2,lisa,"lisa_alpha=0.5,p_sel=1","{""lisa_alpha"": 0.5, ""lr"": 0.02, ""p_sel"": 1.0}",0.8833940317365936,1200,ok,63866457882bcd8300b6fe238c4d4156fff7d888c87be6f0bb39afed3ac188d1,,0.695802501761804,"$HISTOPATH_DATA/v2/runs_tune/C/midog21sn/fold2/lisa__lisa_alpha=0.5,p_sel=1__s0.json"
C,midog21sn,2,lisa,lisa_alpha=0.5,"{""lisa_alpha"": 0.5, ""lr"": 0.02, ""p_sel"": 0.5}",0.8885874614441265,1200,ok,63866457882bcd8300b6fe238c4d4156fff7d888c87be6f0bb39afed3ac188d1,,0.7416518800966476,$HISTOPATH_DATA/v2/runs_tune/C/midog21sn/fold2/lisa__lisa_alpha=0.5__s0.json
C,midog21sn,2,lisa,p_sel=1,"{""lisa_alpha"": 2.0, ""lr"": 0.02, ""p_sel"": 1.0}",0.8673956668772531,960,ok,63866457882bcd8300b6fe238c4d4156fff7d888c87be6f0bb39afed3ac188d1,,0.6148271544347126,$HISTOPATH_DATA/v2/runs_tune/C/midog21sn/fold2/lisa__p_sel=1__s0.json
C,midog21sn,2,mixstyle,default,"{""lr"": 0.02, ""ms_alpha"": 0.1, ""ms_p"": 0.5}",0.8853078895536809,1200,ok,63866457882bcd8300b6fe238c4d4156fff7d888c87be6f0bb39afed3ac188d1,,0.7783162815866305,$HISTOPATH_DATA/v2/runs_tune/C/midog21sn/fold2/mixstyle__default__s0.json
C,midog21sn,2,mixstyle,"ms_alpha=0.3,ms_p=1","{""lr"": 0.02, ""ms_alpha"": 0.3, ""ms_p"": 1.0}",0.8798264521163922,1200,ok,63866457882bcd8300b6fe238c4d4156fff7d888c87be6f0bb39afed3ac188d1,,0.7734901968186852,"$HISTOPATH_DATA/v2/runs_tune/C/midog21sn/fold2/mixstyle__ms_alpha=0.3,ms_p=1__s0.json"
C,midog21sn,2,mixstyle,ms_alpha=0.3,"{""lr"": 0.02, ""ms_alpha"": 0.3, ""ms_p"": 0.5}",0.8880114459846148,960,ok,63866457882bcd8300b6fe238c4d4156fff7d888c87be6f0bb39afed3ac188d1,,0.7736994110540623,$HISTOPATH_DATA/v2/runs_tune/C/midog21sn/fold2/mixstyle__ms_alpha=0.3__s0.json
C,midog21sn,2,mixstyle,ms_p=1,"{""lr"": 0.02, ""ms_alpha"": 0.1, ""ms_p"": 1.0}",0.8884388122932848,1200,ok,63866457882bcd8300b6fe238c4d4156fff7d888c87be6f0bb39afed3ac188d1,,0.7769367260646329,$HISTOPATH_DATA/v2/runs_tune/C/midog21sn/fold2/mixstyle__ms_p=1__s0.json
C,midog21sn,2,sam,default,"{""lr"": 0.02, ""rho"": 0.05}",0.8956575866810361,1200,ok,63866457882bcd8300b6fe238c4d4156fff7d888c87be6f0bb39afed3ac188d1,,0.8282225284405517,$HISTOPATH_DATA/v2/runs_tune/C/midog21sn/fold2/sam__default__s0.json
C,midog21sn,2,sam,rho=0.02,"{""lr"": 0.02, ""rho"": 0.02}",0.8947285294882753,1200,ok,63866457882bcd8300b6fe238c4d4156fff7d888c87be6f0bb39afed3ac188d1,,0.8203793541729588,$HISTOPATH_DATA/v2/runs_tune/C/midog21sn/fold2/sam__rho=0.02__s0.json
C,midog21sn,2,sam,rho=0.1,"{""lr"": 0.02, ""rho"": 0.1}",0.8857631275781336,1080,ok,63866457882bcd8300b6fe238c4d4156fff7d888c87be6f0bb39afed3ac188d1,,0.7656658990234572,$HISTOPATH_DATA/v2/runs_tune/C/midog21sn/fold2/sam__rho=0.1__s0.json
C,midogpp,0,coral,coral_lambda=0.1,"{""coral_lambda"": 0.1, ""lr"": 0.02}",0.8922978385595209,1200,ok,dafcc2b3adb7a29adbca17d9286d9fbe043b8aa896e1f2b8bcd6fff07e831fbd,0.8149054590017231,0.8617162710834239,$HISTOPATH_DATA/v2/runs_tune/C/midogpp/fold0/coral__coral_lambda=0.1__s0.json
C,midogpp,0,coral,coral_lambda=10,"{""coral_lambda"": 10.0, ""lr"": 0.02}",0.8958232067770276,1200,ok,dafcc2b3adb7a29adbca17d9286d9fbe043b8aa896e1f2b8bcd6fff07e831fbd,0.825924948390577,0.8768348013421915,$HISTOPATH_DATA/v2/runs_tune/C/midogpp/fold0/coral__coral_lambda=10__s0.json
C,midogpp,0,coral,default,"{""coral_lambda"": 1.0, ""lr"": 0.02}",0.8990567179132326,1200,ok,dafcc2b3adb7a29adbca17d9286d9fbe043b8aa896e1f2b8bcd6fff07e831fbd,0.8257072246082972,0.866932269412291,$HISTOPATH_DATA/v2/runs_tune/C/midogpp/fold0/coral__default__s0.json
C,midogpp,0,fish,default,"{""lr"": 0.02, ""meta_lr"": 0.1}",0.7889538993167361,1080,ok,dafcc2b3adb7a29adbca17d9286d9fbe043b8aa896e1f2b8bcd6fff07e831fbd,0.7508697842934952,0.8509416796017972,$HISTOPATH_DATA/v2/runs_tune/C/midogpp/fold0/fish__default__s0.json
C,midogpp,0,fish,meta_lr=0.01,"{""lr"": 0.02, ""meta_lr"": 0.01}",0.653274848711902,360,ok,dafcc2b3adb7a29adbca17d9286d9fbe043b8aa896e1f2b8bcd6fff07e831fbd,0.6626001196147798,0.7352418392277051,$HISTOPATH_DATA/v2/runs_tune/C/midogpp/fold0/fish__meta_lr=0.01__s0.json
C,midogpp,0,fish,meta_lr=0.05,"{""lr"": 0.02, ""meta_lr"": 0.05}",0.7265774079270506,1080,ok,dafcc2b3adb7a29adbca17d9286d9fbe043b8aa896e1f2b8bcd6fff07e831fbd,0.6799869187996932,0.8319753281391469,$HISTOPATH_DATA/v2/runs_tune/C/midogpp/fold0/fish__meta_lr=0.05__s0.json
C,midogpp,0,fish,meta_lr=0.5,"{""lr"": 0.02, ""meta_lr"": 0.5}",0.8136792352707691,1200,ok,dafcc2b3adb7a29adbca17d9286d9fbe043b8aa896e1f2b8bcd6fff07e831fbd,0.7504921001813772,0.7853236026755744,$HISTOPATH_DATA/v2/runs_tune/C/midogpp/fold0/fish__meta_lr=0.5__s0.json
C,midogpp,0,groupdro,default,"{""eta"": 0.01, ""lr"": 0.02}",0.8515121380706868,1200,ok,dafcc2b3adb7a29adbca17d9286d9fbe043b8aa896e1f2b8bcd6fff07e831fbd,0.7387723400152317,0.8454265006691453,$HISTOPATH_DATA/v2/runs_tune/C/midogpp/fold0/groupdro__default__s0.json
C,midogpp,0,groupdro,eta=0.001,"{""eta"": 0.001, ""lr"": 0.02}",0.85971252608141,1200,ok,dafcc2b3adb7a29adbca17d9286d9fbe043b8aa896e1f2b8bcd6fff07e831fbd,0.7605758216406776,0.8588506179605258,$HISTOPATH_DATA/v2/runs_tune/C/midogpp/fold0/groupdro__eta=0.001__s0.json
C,midogpp,0,groupdro,eta=0.1,"{""eta"": 0.1, ""lr"": 0.02}",0.7944105654386029,1200,ok,dafcc2b3adb7a29adbca17d9286d9fbe043b8aa896e1f2b8bcd6fff07e831fbd,0.6866954772994076,0.7891531773231798,$HISTOPATH_DATA/v2/runs_tune/C/midogpp/fold0/groupdro__eta=0.1__s0.json
C,midogpp,0,he_jitter,default,"{""jitter"": 0.4, ""lr"": 0.02}",0.8487999898115347,1080,ok,dafcc2b3adb7a29adbca17d9286d9fbe043b8aa896e1f2b8bcd6fff07e831fbd,0.7909496222714545,0.8216279577510427,$HISTOPATH_DATA/v2/runs_tune/C/midogpp/fold0/he_jitter__default__s0.json
C,midogpp,0,he_jitter,jitter=0.2,"{""jitter"": 0.2, ""lr"": 0.02}",0.8831473230868504,1080,ok,dafcc2b3adb7a29adbca17d9286d9fbe043b8aa896e1f2b8bcd6fff07e831fbd,0.8265354636494594,0.8502423331431077,$HISTOPATH_DATA/v2/runs_tune/C/midogpp/fold0/he_jitter__jitter=0.2__s0.json
C,midogpp,0,irm,default,"{""irm_lambda"": 10.0, ""lr"": 0.02}",0.7136653853256382,120,ok,dafcc2b3adb7a29adbca17d9286d9fbe043b8aa896e1f2b8bcd6fff07e831fbd,0.6296234089501359,0.7485372868377522,$HISTOPATH_DATA/v2/runs_tune/C/midogpp/fold0/irm__default__s0.json
C,midogpp,0,irm,irm_lambda=100,"{""irm_lambda"": 100.0, ""lr"": 0.02}",0.6882756765247144,240,diverged,dafcc2b3adb7a29adbca17d9286d9fbe043b8aa896e1f2b8bcd6fff07e831fbd,0.6151896551877356,0.6779413606016581,$HISTOPATH_DATA/v2/runs_tune/C/midogpp/fold0/irm__irm_lambda=100__s0.json
C,midogpp,0,irm,irm_lambda=1,"{""irm_lambda"": 1.0, ""lr"": 0.02}",0.8686828861375315,1080,ok,dafcc2b3adb7a29adbca17d9286d9fbe043b8aa896e1f2b8bcd6fff07e831fbd,0.7553024627670115,0.8401362577319782,$HISTOPATH_DATA/v2/runs_tune/C/midogpp/fold0/irm__irm_lambda=1__s0.json
C,midogpp,0,lisa,default,"{""lisa_alpha"": 2.0, ""lr"": 0.02, ""p_sel"": 0.5}",0.7979293005406254,1080,ok,dafcc2b3adb7a29adbca17d9286d9fbe043b8aa896e1f2b8bcd6fff07e831fbd,0.6822690195053849,0.7363850803572047,$HISTOPATH_DATA/v2/runs_tune/C/midogpp/fold0/lisa__default__s0.json
C,midogpp,0,lisa,"lisa_alpha=0.5,p_sel=1","{""lisa_alpha"": 0.5, ""lr"": 0.02, ""p_sel"": 1.0}",0.8404828589682904,1200,ok,dafcc2b3adb7a29adbca17d9286d9fbe043b8aa896e1f2b8bcd6fff07e831fbd,0.7033224649175894,0.7629589874042133,"$HISTOPATH_DATA/v2/runs_tune/C/midogpp/fold0/lisa__lisa_alpha=0.5,p_sel=1__s0.json"
C,midogpp,0,lisa,lisa_alpha=0.5,"{""lisa_alpha"": 0.5, ""lr"": 0.02, ""p_sel"": 0.5}",0.8274673597653257,1080,ok,dafcc2b3adb7a29adbca17d9286d9fbe043b8aa896e1f2b8bcd6fff07e831fbd,0.7031776119522359,0.7769824096905573,$HISTOPATH_DATA/v2/runs_tune/C/midogpp/fold0/lisa__lisa_alpha=0.5__s0.json
C,midogpp,0,lisa,p_sel=1,"{""lisa_alpha"": 2.0, ""lr"": 0.02, ""p_sel"": 1.0}",0.8054119854559656,1200,ok,dafcc2b3adb7a29adbca17d9286d9fbe043b8aa896e1f2b8bcd6fff07e831fbd,0.6781846990835162,0.7093937046864078,$HISTOPATH_DATA/v2/runs_tune/C/midogpp/fold0/lisa__p_sel=1__s0.json
C,midogpp,0,mixstyle,default,"{""lr"": 0.02, ""ms_alpha"": 0.1, ""ms_p"": 0.5}",0.8637475828927176,1080,ok,dafcc2b3adb7a29adbca17d9286d9fbe043b8aa896e1f2b8bcd6fff07e831fbd,0.7517211287156341,0.829556086453442,$HISTOPATH_DATA/v2/runs_tune/C/midogpp/fold0/mixstyle__default__s0.json
C,midogpp,0,mixstyle,"ms_alpha=0.3,ms_p=1","{""lr"": 0.02, ""ms_alpha"": 0.3, ""ms_p"": 1.0}",0.8463722695443423,1200,ok,dafcc2b3adb7a29adbca17d9286d9fbe043b8aa896e1f2b8bcd6fff07e831fbd,0.7225639152601266,0.8105170633614812,"$HISTOPATH_DATA/v2/runs_tune/C/midogpp/fold0/mixstyle__ms_alpha=0.3,ms_p=1__s0.json"
C,midogpp,0,mixstyle,ms_alpha=0.3,"{""lr"": 0.02, ""ms_alpha"": 0.3, ""ms_p"": 0.5}",0.8701363344024148,1200,ok,dafcc2b3adb7a29adbca17d9286d9fbe043b8aa896e1f2b8bcd6fff07e831fbd,0.7630489860736759,0.840311487591398,$HISTOPATH_DATA/v2/runs_tune/C/midogpp/fold0/mixstyle__ms_alpha=0.3__s0.json
C,midogpp,0,mixstyle,ms_p=1,"{""lr"": 0.02, ""ms_alpha"": 0.1, ""ms_p"": 1.0}",0.8510815162134568,1080,ok,dafcc2b3adb7a29adbca17d9286d9fbe043b8aa896e1f2b8bcd6fff07e831fbd,0.7406181044878648,0.7966968699605685,$HISTOPATH_DATA/v2/runs_tune/C/midogpp/fold0/mixstyle__ms_p=1__s0.json
C,midogpp,0,sam,default,"{""lr"": 0.02, ""rho"": 0.05}",0.8164547961139494,1080,ok,dafcc2b3adb7a29adbca17d9286d9fbe043b8aa896e1f2b8bcd6fff07e831fbd,0.680080228992099,0.8115001752298594,$HISTOPATH_DATA/v2/runs_tune/C/midogpp/fold0/sam__default__s0.json
C,midogpp,0,sam,rho=0.02,"{""lr"": 0.02, ""rho"": 0.02}",0.8801228877507052,1200,ok,dafcc2b3adb7a29adbca17d9286d9fbe043b8aa896e1f2b8bcd6fff07e831fbd,0.7651702377810303,0.8560960171542795,$HISTOPATH_DATA/v2/runs_tune/C/midogpp/fold0/sam__rho=0.02__s0.json
C,midogpp,0,sam,rho=0.1,"{""lr"": 0.02, ""rho"": 0.1}",0.7395862740145313,720,ok,dafcc2b3adb7a29adbca17d9286d9fbe043b8aa896e1f2b8bcd6fff07e831fbd,0.6748984029738402,0.7417344673043733,$HISTOPATH_DATA/v2/runs_tune/C/midogpp/fold0/sam__rho=0.1__s0.json
C,midogpp,1,coral,coral_lambda=0.1,"{""coral_lambda"": 0.1, ""lr"": 0.02}",0.884846518387175,1200,ok,18076bfa05267b9f11bbf0a98a55873b4372fd28edf56782710917a5a673b42c,0.8723634512669087,0.823578750591867,$HISTOPATH_DATA/v2/runs_tune/C/midogpp/fold1/coral__coral_lambda=0.1__s0.json
C,midogpp,1,coral,coral_lambda=10,"{""coral_lambda"": 10.0, ""lr"": 0.02}",0.8865586349519633,1200,ok,18076bfa05267b9f11bbf0a98a55873b4372fd28edf56782710917a5a673b42c,0.8807074756141068,0.8336438713327307,$HISTOPATH_DATA/v2/runs_tune/C/midogpp/fold1/coral__coral_lambda=10__s0.json
C,midogpp,1,coral,default,"{""coral_lambda"": 1.0, ""lr"": 0.02}",0.8892043644590516,1200,ok,18076bfa05267b9f11bbf0a98a55873b4372fd28edf56782710917a5a673b42c,0.8785823809994204,0.8295779757841852,$HISTOPATH_DATA/v2/runs_tune/C/midogpp/fold1/coral__default__s0.json
C,midogpp,1,fish,default,"{""lr"": 0.02, ""meta_lr"": 0.1}",0.7649029276413679,1200,ok,18076bfa05267b9f11bbf0a98a55873b4372fd28edf56782710917a5a673b42c,0.8128957221892594,0.7798685286648096,$HISTOPATH_DATA/v2/runs_tune/C/midogpp/fold1/fish__default__s0.json
C,midogpp,1,fish,meta_lr=0.01,"{""lr"": 0.02, ""meta_lr"": 0.01}",0.5945816040346703,240,ok,18076bfa05267b9f11bbf0a98a55873b4372fd28edf56782710917a5a673b42c,0.6883315160182744,0.6291241598563531,$HISTOPATH_DATA/v2/runs_tune/C/midogpp/fold1/fish__meta_lr=0.01__s0.json
C,midogpp,1,fish,meta_lr=0.05,"{""lr"": 0.02, ""meta_lr"": 0.05}",0.6711545321626029,1080,ok,18076bfa05267b9f11bbf0a98a55873b4372fd28edf56782710917a5a673b42c,0.8104097861944038,0.698085733084903,$HISTOPATH_DATA/v2/runs_tune/C/midogpp/fold1/fish__meta_lr=0.05__s0.json
C,midogpp,1,fish,meta_lr=0.5,"{""lr"": 0.02, ""meta_lr"": 0.5}",0.7960946860407258,1200,ok,18076bfa05267b9f11bbf0a98a55873b4372fd28edf56782710917a5a673b42c,0.8428795330895006,0.796442033931657,$HISTOPATH_DATA/v2/runs_tune/C/midogpp/fold1/fish__meta_lr=0.5__s0.json
C,midogpp,1,groupdro,default,"{""eta"": 0.01, ""lr"": 0.02}",0.8652110763645924,1200,ok,18076bfa05267b9f11bbf0a98a55873b4372fd28edf56782710917a5a673b42c,0.8771987886803398,0.7968085302636192,$HISTOPATH_DATA/v2/runs_tune/C/midogpp/fold1/groupdro__default__s0.json
C,midogpp,1,groupdro,eta=0.001,"{""eta"": 0.001, ""lr"": 0.02}",0.8571112515547895,1200,ok,18076bfa05267b9f11bbf0a98a55873b4372fd28edf56782710917a5a673b42c,0.8708426951799519,0.8047091089096734,$HISTOPATH_DATA/v2/runs_tune/C/midogpp/fold1/groupdro__eta=0.001__s0.json
C,midogpp,1,groupdro,eta=0.1,"{""eta"": 0.1, ""lr"": 0.02}",0.8383857662870835,1200,ok,18076bfa05267b9f11bbf0a98a55873b4372fd28edf56782710917a5a673b42c,0.8557924322093244,0.7751065360562289,$HISTOPATH_DATA/v2/runs_tune/C/midogpp/fold1/groupdro__eta=0.1__s0.json
C,midogpp,1,he_jitter,default,"{""jitter"": 0.4, ""lr"": 0.02}",0.8214525060370321,1080,ok,18076bfa05267b9f11bbf0a98a55873b4372fd28edf56782710917a5a673b42c,0.8109247795155351,0.7659551964383444,$HISTOPATH_DATA/v2/runs_tune/C/midogpp/fold1/he_jitter__default__s0.json
C,midogpp,1,he_jitter,jitter=0.2,"{""jitter"": 0.2, ""lr"": 0.02}",0.8708433995339193,1200,ok,18076bfa05267b9f11bbf0a98a55873b4372fd28edf56782710917a5a673b42c,0.84910475473797,0.8045111025021368,$HISTOPATH_DATA/v2/runs_tune/C/midogpp/fold1/he_jitter__jitter=0.2__s0.json
C,midogpp,1,irm,default,"{""irm_lambda"": 10.0, ""lr"": 0.02}",0.6655969410399099,240,ok,18076bfa05267b9f11bbf0a98a55873b4372fd28edf56782710917a5a673b42c,0.726860692576357,0.6051580054236537,$HISTOPATH_DATA/v2/runs_tune/C/midogpp/fold1/irm__default__s0.json
C,midogpp,1,irm,irm_lambda=100,"{""irm_lambda"": 100.0, ""lr"": 0.02}",0.6630708365714979,240,diverged,18076bfa05267b9f11bbf0a98a55873b4372fd28edf56782710917a5a673b42c,0.7346047827369961,0.5761187054562449,$HISTOPATH_DATA/v2/runs_tune/C/midogpp/fold1/irm__irm_lambda=100__s0.json
C,midogpp,1,irm,irm_lambda=1,"{""irm_lambda"": 1.0, ""lr"": 0.02}",0.852696146756535,1200,ok,18076bfa05267b9f11bbf0a98a55873b4372fd28edf56782710917a5a673b42c,0.8518983654231533,0.8032947774272696,$HISTOPATH_DATA/v2/runs_tune/C/midogpp/fold1/irm__irm_lambda=1__s0.json
C,midogpp,1,lisa,default,"{""lisa_alpha"": 2.0, ""lr"": 0.02, ""p_sel"": 0.5}",0.7670715010953083,1200,ok,18076bfa05267b9f11bbf0a98a55873b4372fd28edf56782710917a5a673b42c,0.7433728822197376,0.7490926756077013,$HISTOPATH_DATA/v2/runs_tune/C/midogpp/fold1/lisa__default__s0.json
C,midogpp,1,lisa,"lisa_alpha=0.5,p_sel=1","{""lisa_alpha"": 0.5, ""lr"": 0.02, ""p_sel"": 1.0}",0.8256993293202045,1200,ok,18076bfa05267b9f11bbf0a98a55873b4372fd28edf56782710917a5a673b42c,0.7943625691402916,0.787491160428235,"$HISTOPATH_DATA/v2/runs_tune/C/midogpp/fold1/lisa__lisa_alpha=0.5,p_sel=1__s0.json"
C,midogpp,1,lisa,lisa_alpha=0.5,"{""lisa_alpha"": 0.5, ""lr"": 0.02, ""p_sel"": 0.5}",0.8069620159587867,1200,ok,18076bfa05267b9f11bbf0a98a55873b4372fd28edf56782710917a5a673b42c,0.7869352769481188,0.7605352322270802,$HISTOPATH_DATA/v2/runs_tune/C/midogpp/fold1/lisa__lisa_alpha=0.5__s0.json
C,midogpp,1,lisa,p_sel=1,"{""lisa_alpha"": 2.0, ""lr"": 0.02, ""p_sel"": 1.0}",0.7749546567339354,1200,ok,18076bfa05267b9f11bbf0a98a55873b4372fd28edf56782710917a5a673b42c,0.7142249523544664,0.7614170371600224,$HISTOPATH_DATA/v2/runs_tune/C/midogpp/fold1/lisa__p_sel=1__s0.json
C,midogpp,1,mixstyle,default,"{""lr"": 0.02, ""ms_alpha"": 0.1, ""ms_p"": 0.5}",0.855761504770082,1200,ok,18076bfa05267b9f11bbf0a98a55873b4372fd28edf56782710917a5a673b42c,0.8253030658618887,0.8097674962028275,$HISTOPATH_DATA/v2/runs_tune/C/midogpp/fold1/mixstyle__default__s0.json
C,midogpp,1,mixstyle,"ms_alpha=0.3,ms_p=1","{""lr"": 0.02, ""ms_alpha"": 0.3, ""ms_p"": 1.0}",0.8487100791756464,1200,ok,18076bfa05267b9f11bbf0a98a55873b4372fd28edf56782710917a5a673b42c,0.8301233026770215,0.7937683325031822,"$HISTOPATH_DATA/v2/runs_tune/C/midogpp/fold1/mixstyle__ms_alpha=0.3,ms_p=1__s0.json"
C,midogpp,1,mixstyle,ms_alpha=0.3,"{""lr"": 0.02, ""ms_alpha"": 0.3, ""ms_p"": 0.5}",0.8583271258243038,1200,ok,18076bfa05267b9f11bbf0a98a55873b4372fd28edf56782710917a5a673b42c,0.8492730634898363,0.8088807718560334,$HISTOPATH_DATA/v2/runs_tune/C/midogpp/fold1/mixstyle__ms_alpha=0.3__s0.json
C,midogpp,1,mixstyle,ms_p=1,"{""lr"": 0.02, ""ms_alpha"": 0.1, ""ms_p"": 1.0}",0.8411288087469828,1200,ok,18076bfa05267b9f11bbf0a98a55873b4372fd28edf56782710917a5a673b42c,0.8170282525902246,0.7902558710129688,$HISTOPATH_DATA/v2/runs_tune/C/midogpp/fold1/mixstyle__ms_p=1__s0.json
C,midogpp,1,sam,default,"{""lr"": 0.02, ""rho"": 0.05}",0.7846203598589983,1080,ok,18076bfa05267b9f11bbf0a98a55873b4372fd28edf56782710917a5a673b42c,0.8066695567533966,0.7236470074590613,$HISTOPATH_DATA/v2/runs_tune/C/midogpp/fold1/sam__default__s0.json
C,midogpp,1,sam,rho=0.02,"{""lr"": 0.02, ""rho"": 0.02}",0.8590545535875818,1200,ok,18076bfa05267b9f11bbf0a98a55873b4372fd28edf56782710917a5a673b42c,0.8537318297332039,0.7883151622484181,$HISTOPATH_DATA/v2/runs_tune/C/midogpp/fold1/sam__rho=0.02__s0.json
C,midogpp,1,sam,rho=0.1,"{""lr"": 0.02, ""rho"": 0.1}",0.6592616527556636,480,ok,18076bfa05267b9f11bbf0a98a55873b4372fd28edf56782710917a5a673b42c,0.6618664591173322,0.6519231833527036,$HISTOPATH_DATA/v2/runs_tune/C/midogpp/fold1/sam__rho=0.1__s0.json
C,midogpp,2,coral,coral_lambda=0.1,"{""coral_lambda"": 0.1, ""lr"": 0.02}",0.9018429773740553,1200,ok,860cf98708ab87795dd4a38a0045e2f95d04059a3b0121a40449174552e9b4bd,0.8179029768603071,0.8412052466605825,$HISTOPATH_DATA/v2/runs_tune/C/midogpp/fold2/coral__coral_lambda=0.1__s0.json
C,midogpp,2,coral,coral_lambda=10,"{""coral_lambda"": 10.0, ""lr"": 0.02}",0.9021021282506589,1200,ok,860cf98708ab87795dd4a38a0045e2f95d04059a3b0121a40449174552e9b4bd,0.8365524747726308,0.8380955296843147,$HISTOPATH_DATA/v2/runs_tune/C/midogpp/fold2/coral__coral_lambda=10__s0.json
C,midogpp,2,coral,default,"{""coral_lambda"": 1.0, ""lr"": 0.02}",0.9002258759040479,1200,ok,860cf98708ab87795dd4a38a0045e2f95d04059a3b0121a40449174552e9b4bd,0.8250927002047705,0.8475975827638509,$HISTOPATH_DATA/v2/runs_tune/C/midogpp/fold2/coral__default__s0.json
C,midogpp,2,fish,default,"{""lr"": 0.02, ""meta_lr"": 0.1}",0.8368608950656637,1080,ok,860cf98708ab87795dd4a38a0045e2f95d04059a3b0121a40449174552e9b4bd,0.793223507419091,0.7789367087345788,$HISTOPATH_DATA/v2/runs_tune/C/midogpp/fold2/fish__default__s0.json
C,midogpp,2,fish,meta_lr=0.01,"{""lr"": 0.02, ""meta_lr"": 0.01}",0.7167278781037204,840,ok,860cf98708ab87795dd4a38a0045e2f95d04059a3b0121a40449174552e9b4bd,0.5982277811598748,0.5776855178072304,$HISTOPATH_DATA/v2/runs_tune/C/midogpp/fold2/fish__meta_lr=0.01__s0.json
C,midogpp,2,fish,meta_lr=0.05,"{""lr"": 0.02, ""meta_lr"": 0.05}",0.7772022900644664,1080,ok,860cf98708ab87795dd4a38a0045e2f95d04059a3b0121a40449174552e9b4bd,0.7122056806931454,0.6736879536270973,$HISTOPATH_DATA/v2/runs_tune/C/midogpp/fold2/fish__meta_lr=0.05__s0.json
C,midogpp,2,fish,meta_lr=0.5,"{""lr"": 0.02, ""meta_lr"": 0.5}",0.8539321999110594,1200,ok,860cf98708ab87795dd4a38a0045e2f95d04059a3b0121a40449174552e9b4bd,0.7923294039515192,0.8016974908954912,$HISTOPATH_DATA/v2/runs_tune/C/midogpp/fold2/fish__meta_lr=0.5__s0.json
C,midogpp,2,groupdro,default,"{""eta"": 0.01, ""lr"": 0.02}",0.8844285567680361,1200,ok,860cf98708ab87795dd4a38a0045e2f95d04059a3b0121a40449174552e9b4bd,0.7606348503575799,0.8141083823544158,$HISTOPATH_DATA/v2/runs_tune/C/midogpp/fold2/groupdro__default__s0.json
C,midogpp,2,groupdro,eta=0.001,"{""eta"": 0.001, ""lr"": 0.02}",0.8896115743001113,1200,ok,860cf98708ab87795dd4a38a0045e2f95d04059a3b0121a40449174552e9b4bd,0.7733330873626406,0.8166537049388602,$HISTOPATH_DATA/v2/runs_tune/C/midogpp/fold2/groupdro__eta=0.001__s0.json
C,midogpp,2,groupdro,eta=0.1,"{""eta"": 0.1, ""lr"": 0.02}",0.8728128961769026,1080,ok,860cf98708ab87795dd4a38a0045e2f95d04059a3b0121a40449174552e9b4bd,0.7090818528972274,0.7934377640963166,$HISTOPATH_DATA/v2/runs_tune/C/midogpp/fold2/groupdro__eta=0.1__s0.json
C,midogpp,2,he_jitter,default,"{""jitter"": 0.4, ""lr"": 0.02}",0.8786779988161988,1200,ok,860cf98708ab87795dd4a38a0045e2f95d04059a3b0121a40449174552e9b4bd,0.80509405304358,0.8061893867153593,$HISTOPATH_DATA/v2/runs_tune/C/midogpp/fold2/he_jitter__default__s0.json
C,midogpp,2,he_jitter,jitter=0.2,"{""jitter"": 0.2, ""lr"": 0.02}",0.8993903734778774,1200,ok,860cf98708ab87795dd4a38a0045e2f95d04059a3b0121a40449174552e9b4bd,0.8157396646189606,0.8399926175409765,$HISTOPATH_DATA/v2/runs_tune/C/midogpp/fold2/he_jitter__jitter=0.2__s0.json
C,midogpp,2,irm,default,"{""irm_lambda"": 10.0, ""lr"": 0.02}",0.7776371452354075,240,ok,860cf98708ab87795dd4a38a0045e2f95d04059a3b0121a40449174552e9b4bd,0.7115821449874248,0.6720473709171818,$HISTOPATH_DATA/v2/runs_tune/C/midogpp/fold2/irm__default__s0.json
C,midogpp,2,irm,irm_lambda=100,"{""irm_lambda"": 100.0, ""lr"": 0.02}",0.7633268338293481,240,diverged,860cf98708ab87795dd4a38a0045e2f95d04059a3b0121a40449174552e9b4bd,0.7158780231335438,0.6967247918128161,$HISTOPATH_DATA/v2/runs_tune/C/midogpp/fold2/irm__irm_lambda=100__s0.json
C,midogpp,2,irm,irm_lambda=1,"{""irm_lambda"": 1.0, ""lr"": 0.02}",0.8932749310917819,1080,ok,860cf98708ab87795dd4a38a0045e2f95d04059a3b0121a40449174552e9b4bd,0.8054457911339863,0.8315444724920925,$HISTOPATH_DATA/v2/runs_tune/C/midogpp/fold2/irm__irm_lambda=1__s0.json
C,midogpp,2,lisa,default,"{""lisa_alpha"": 2.0, ""lr"": 0.02, ""p_sel"": 0.5}",0.8132242619123884,1080,ok,860cf98708ab87795dd4a38a0045e2f95d04059a3b0121a40449174552e9b4bd,0.7656846286764932,0.7051711568121044,$HISTOPATH_DATA/v2/runs_tune/C/midogpp/fold2/lisa__default__s0.json
C,midogpp,2,lisa,"lisa_alpha=0.5,p_sel=1","{""lisa_alpha"": 0.5, ""lr"": 0.02, ""p_sel"": 1.0}",0.8506865943324738,1200,ok,860cf98708ab87795dd4a38a0045e2f95d04059a3b0121a40449174552e9b4bd,0.806901937634131,0.7886804332142302,"$HISTOPATH_DATA/v2/runs_tune/C/midogpp/fold2/lisa__lisa_alpha=0.5,p_sel=1__s0.json"
C,midogpp,2,lisa,lisa_alpha=0.5,"{""lisa_alpha"": 0.5, ""lr"": 0.02, ""p_sel"": 0.5}",0.8494893172825647,1200,ok,860cf98708ab87795dd4a38a0045e2f95d04059a3b0121a40449174552e9b4bd,0.7957533159923995,0.7967830113015942,$HISTOPATH_DATA/v2/runs_tune/C/midogpp/fold2/lisa__lisa_alpha=0.5__s0.json
C,midogpp,2,lisa,p_sel=1,"{""lisa_alpha"": 2.0, ""lr"": 0.02, ""p_sel"": 1.0}",0.815431190777546,960,ok,860cf98708ab87795dd4a38a0045e2f95d04059a3b0121a40449174552e9b4bd,0.7266404707879057,0.6790991857281794,$HISTOPATH_DATA/v2/runs_tune/C/midogpp/fold2/lisa__p_sel=1__s0.json
C,midogpp,2,mixstyle,default,"{""lr"": 0.02, ""ms_alpha"": 0.1, ""ms_p"": 0.5}",0.8655395676741416,1080,ok,860cf98708ab87795dd4a38a0045e2f95d04059a3b0121a40449174552e9b4bd,0.751986520806046,0.772011514784825,$HISTOPATH_DATA/v2/runs_tune/C/midogpp/fold2/mixstyle__default__s0.json
C,midogpp,2,mixstyle,"ms_alpha=0.3,ms_p=1","{""lr"": 0.02, ""ms_alpha"": 0.3, ""ms_p"": 1.0}",0.8445587127043016,1080,ok,860cf98708ab87795dd4a38a0045e2f95d04059a3b0121a40449174552e9b4bd,0.7439777150552511,0.7294286046731167,"$HISTOPATH_DATA/v2/runs_tune/C/midogpp/fold2/mixstyle__ms_alpha=0.3,ms_p=1__s0.json"
C,midogpp,2,mixstyle,ms_alpha=0.3,"{""lr"": 0.02, ""ms_alpha"": 0.3, ""ms_p"": 0.5}",0.8759631342328978,1080,ok,860cf98708ab87795dd4a38a0045e2f95d04059a3b0121a40449174552e9b4bd,0.7638582962839977,0.7708129183895321,$HISTOPATH_DATA/v2/runs_tune/C/midogpp/fold2/mixstyle__ms_alpha=0.3__s0.json
C,midogpp,2,mixstyle,ms_p=1,"{""lr"": 0.02, ""ms_alpha"": 0.1, ""ms_p"": 1.0}",0.8444078868941182,1080,ok,860cf98708ab87795dd4a38a0045e2f95d04059a3b0121a40449174552e9b4bd,0.7642088045209413,0.7366282526030407,$HISTOPATH_DATA/v2/runs_tune/C/midogpp/fold2/mixstyle__ms_p=1__s0.json
C,midogpp,2,sam,default,"{""lr"": 0.02, ""rho"": 0.05}",0.8787267191810004,1080,ok,860cf98708ab87795dd4a38a0045e2f95d04059a3b0121a40449174552e9b4bd,0.7836490982099483,0.783522591173102,$HISTOPATH_DATA/v2/runs_tune/C/midogpp/fold2/sam__default__s0.json
C,midogpp,2,sam,rho=0.02,"{""lr"": 0.02, ""rho"": 0.02}",0.8911037650475956,1080,ok,860cf98708ab87795dd4a38a0045e2f95d04059a3b0121a40449174552e9b4bd,0.80579629937093,0.8167524086889443,$HISTOPATH_DATA/v2/runs_tune/C/midogpp/fold2/sam__rho=0.02__s0.json
C,midogpp,2,sam,rho=0.1,"{""lr"": 0.02, ""rho"": 0.1}",0.8149512433540758,1080,ok,860cf98708ab87795dd4a38a0045e2f95d04059a3b0121a40449174552e9b4bd,0.7169848912502076,0.6590378784467026,$HISTOPATH_DATA/v2/runs_tune/C/midogpp/fold2/sam__rho=0.1__s0.json
C,midogpp,3,coral,coral_lambda=0.1,"{""coral_lambda"": 0.1, ""lr"": 0.02}",0.8887116639602928,1080,ok,ed4fa6d8ea742758a0c0f1adee0d91a108ac8d03a27452dff5be031bb140ec50,0.8149161391934701,0.8885346648113286,$HISTOPATH_DATA/v2/runs_tune/C/midogpp/fold3/coral__coral_lambda=0.1__s0.json
C,midogpp,3,coral,coral_lambda=10,"{""coral_lambda"": 10.0, ""lr"": 0.02}",0.8926670547504519,1080,ok,ed4fa6d8ea742758a0c0f1adee0d91a108ac8d03a27452dff5be031bb140ec50,0.8251573578676383,0.8993635098633053,$HISTOPATH_DATA/v2/runs_tune/C/midogpp/fold3/coral__coral_lambda=10__s0.json
C,midogpp,3,coral,default,"{""coral_lambda"": 1.0, ""lr"": 0.02}",0.8975936762768467,1080,ok,ed4fa6d8ea742758a0c0f1adee0d91a108ac8d03a27452dff5be031bb140ec50,0.8305268774731935,0.8986756159449946,$HISTOPATH_DATA/v2/runs_tune/C/midogpp/fold3/coral__default__s0.json
C,midogpp,3,fish,default,"{""lr"": 0.02, ""meta_lr"": 0.1}",0.7550200680167898,840,ok,ed4fa6d8ea742758a0c0f1adee0d91a108ac8d03a27452dff5be031bb140ec50,0.7011202089445949,0.8148851600229189,$HISTOPATH_DATA/v2/runs_tune/C/midogpp/fold3/fish__default__s0.json
C,midogpp,3,fish,meta_lr=0.01,"{""lr"": 0.02, ""meta_lr"": 0.01}",0.6814026165017311,840,ok,ed4fa6d8ea742758a0c0f1adee0d91a108ac8d03a27452dff5be031bb140ec50,0.5969120411632909,0.6953900302856675,$HISTOPATH_DATA/v2/runs_tune/C/midogpp/fold3/fish__meta_lr=0.01__s0.json
C,midogpp,3,fish,meta_lr=0.05,"{""lr"": 0.02, ""meta_lr"": 0.05}",0.716472931155979,840,ok,ed4fa6d8ea742758a0c0f1adee0d91a108ac8d03a27452dff5be031bb140ec50,0.6056893173824276,0.7697634443807809,$HISTOPATH_DATA/v2/runs_tune/C/midogpp/fold3/fish__meta_lr=0.05__s0.json
C,midogpp,3,fish,meta_lr=0.5,"{""lr"": 0.02, ""meta_lr"": 0.5}",0.7536015196544013,840,ok,ed4fa6d8ea742758a0c0f1adee0d91a108ac8d03a27452dff5be031bb140ec50,0.6509995008147583,0.6916847016452485,$HISTOPATH_DATA/v2/runs_tune/C/midogpp/fold3/fish__meta_lr=0.5__s0.json
C,midogpp,3,groupdro,default,"{""eta"": 0.01, ""lr"": 0.02}",0.8561879959557585,1200,ok,ed4fa6d8ea742758a0c0f1adee0d91a108ac8d03a27452dff5be031bb140ec50,0.7845352020531329,0.869647540312679,$HISTOPATH_DATA/v2/runs_tune/C/midogpp/fold3/groupdro__default__s0.json
C,midogpp,3,groupdro,eta=0.001,"{""eta"": 0.001, ""lr"": 0.02}",0.8613015104629431,1200,ok,ed4fa6d8ea742758a0c0f1adee0d91a108ac8d03a27452dff5be031bb140ec50,0.7950386813677404,0.8730516493410821,$HISTOPATH_DATA/v2/runs_tune/C/midogpp/fold3/groupdro__eta=0.001__s0.json
C,midogpp,3,groupdro,eta=0.1,"{""eta"": 0.1, ""lr"": 0.02}",0.7868549894298231,600,ok,ed4fa6d8ea742758a0c0f1adee0d91a108ac8d03a27452dff5be031bb140ec50,0.6335567354910976,0.7186916591634608,$HISTOPATH_DATA/v2/runs_tune/C/midogpp/fold3/groupdro__eta=0.1__s0.json
C,midogpp,3,he_jitter,default,"{""jitter"": 0.4, ""lr"": 0.02}",0.8602058886608046,1200,ok,ed4fa6d8ea742758a0c0f1adee0d91a108ac8d03a27452dff5be031bb140ec50,0.8110407932185807,0.8629516247851355,$HISTOPATH_DATA/v2/runs_tune/C/midogpp/fold3/he_jitter__default__s0.json
C,midogpp,3,he_jitter,jitter=0.2,"{""jitter"": 0.2, ""lr"": 0.02}",0.8975287233064738,1200,ok,ed4fa6d8ea742758a0c0f1adee0d91a108ac8d03a27452dff5be031bb140ec50,0.8306432333817685,0.900605385937628,$HISTOPATH_DATA/v2/runs_tune/C/midogpp/fold3/he_jitter__jitter=0.2__s0.json
C,midogpp,3,irm,default,"{""irm_lambda"": 10.0, ""lr"": 0.02}",0.7403094457550783,240,ok,ed4fa6d8ea742758a0c0f1adee0d91a108ac8d03a27452dff5be031bb140ec50,0.6390169782910492,0.7146962429401653,$HISTOPATH_DATA/v2/runs_tune/C/midogpp/fold3/irm__default__s0.json
C,midogpp,3,irm,irm_lambda=100,"{""irm_lambda"": 100.0, ""lr"": 0.02}",0.7499292257728485,240,diverged,ed4fa6d8ea742758a0c0f1adee0d91a108ac8d03a27452dff5be031bb140ec50,0.6170202527516155,0.725055905705165,$HISTOPATH_DATA/v2/runs_tune/C/midogpp/fold3/irm__irm_lambda=100__s0.json
C,midogpp,3,irm,irm_lambda=1,"{""irm_lambda"": 1.0, ""lr"": 0.02}",0.8193823340175863,1080,ok,ed4fa6d8ea742758a0c0f1adee0d91a108ac8d03a27452dff5be031bb140ec50,0.7012894026586702,0.7662925431775396,$HISTOPATH_DATA/v2/runs_tune/C/midogpp/fold3/irm__irm_lambda=1__s0.json
C,midogpp,3,lisa,default,"{""lisa_alpha"": 2.0, ""lr"": 0.02, ""p_sel"": 0.5}",0.8104574282300316,1080,ok,ed4fa6d8ea742758a0c0f1adee0d91a108ac8d03a27452dff5be031bb140ec50,0.6985227902419817,0.8140492755995744,$HISTOPATH_DATA/v2/runs_tune/C/midogpp/fold3/lisa__default__s0.json
C,midogpp,3,lisa,"lisa_alpha=0.5,p_sel=1","{""lisa_alpha"": 0.5, ""lr"": 0.02, ""p_sel"": 1.0}",0.8380961426514293,1200,ok,ed4fa6d8ea742758a0c0f1adee0d91a108ac8d03a27452dff5be031bb140ec50,0.7683045318341992,0.8637285749365637,"$HISTOPATH_DATA/v2/runs_tune/C/midogpp/fold3/lisa__lisa_alpha=0.5,p_sel=1__s0.json"
C,midogpp,3,lisa,lisa_alpha=0.5,"{""lisa_alpha"": 0.5, ""lr"": 0.02, ""p_sel"": 0.5}",0.8421789883268482,1200,ok,ed4fa6d8ea742758a0c0f1adee0d91a108ac8d03a27452dff5be031bb140ec50,0.7388263171788493,0.8488008512728166,$HISTOPATH_DATA/v2/runs_tune/C/midogpp/fold3/lisa__lisa_alpha=0.5__s0.json
C,midogpp,3,lisa,p_sel=1,"{""lisa_alpha"": 2.0, ""lr"": 0.02, ""p_sel"": 1.0}",0.8187738594932442,1080,ok,ed4fa6d8ea742758a0c0f1adee0d91a108ac8d03a27452dff5be031bb140ec50,0.7608538672437823,0.8595599574363592,$HISTOPATH_DATA/v2/runs_tune/C/midogpp/fold3/lisa__p_sel=1__s0.json
C,midogpp,3,mixstyle,default,"{""lr"": 0.02, ""ms_alpha"": 0.1, ""ms_p"": 0.5}",0.8507546187076811,1080,ok,ed4fa6d8ea742758a0c0f1adee0d91a108ac8d03a27452dff5be031bb140ec50,0.7323390450971412,0.8142309896046493,$HISTOPATH_DATA/v2/runs_tune/C/midogpp/fold3/mixstyle__default__s0.json
C,midogpp,3,mixstyle,"ms_alpha=0.3,ms_p=1","{""lr"": 0.02, ""ms_alpha"": 0.3, ""ms_p"": 1.0}",0.8462624467661387,1080,ok,ed4fa6d8ea742758a0c0f1adee0d91a108ac8d03a27452dff5be031bb140ec50,0.7702093629066027,0.806400916755341,"$HISTOPATH_DATA/v2/runs_tune/C/midogpp/fold3/mixstyle__ms_alpha=0.3,ms_p=1__s0.json"
C,midogpp,3,mixstyle,ms_alpha=0.3,"{""lr"": 0.02, ""ms_alpha"": 0.3, ""ms_p"": 0.5}",0.855954532920739,840,ok,ed4fa6d8ea742758a0c0f1adee0d91a108ac8d03a27452dff5be031bb140ec50,0.7581289376551277,0.806732913153802,$HISTOPATH_DATA/v2/runs_tune/C/midogpp/fold3/mixstyle__ms_alpha=0.3__s0.json
C,midogpp,3,mixstyle,ms_p=1,"{""lr"": 0.02, ""ms_alpha"": 0.1, ""ms_p"": 1.0}",0.8452918287937743,960,ok,ed4fa6d8ea742758a0c0f1adee0d91a108ac8d03a27452dff5be031bb140ec50,0.7420220995530712,0.8007059016125072,$HISTOPATH_DATA/v2/runs_tune/C/midogpp/fold3/mixstyle__ms_p=1__s0.json
C,midogpp,3,sam,default,"{""lr"": 0.02, ""rho"": 0.05}",0.8557694782315635,960,ok,ed4fa6d8ea742758a0c0f1adee0d91a108ac8d03a27452dff5be031bb140ec50,0.7243044945718278,0.8231366129164279,$HISTOPATH_DATA/v2/runs_tune/C/midogpp/fold3/sam__default__s0.json
C,midogpp,3,sam,rho=0.02,"{""lr"": 0.02, ""rho"": 0.02}",0.8850914550078127,1080,ok,ed4fa6d8ea742758a0c0f1adee0d91a108ac8d03a27452dff5be031bb140ec50,0.7947063461082153,0.8804613243840551,$HISTOPATH_DATA/v2/runs_tune/C/midogpp/fold3/sam__rho=0.02__s0.json
C,midogpp,3,sam,rho=0.1,"{""lr"": 0.02, ""rho"": 0.1}",0.7960384815711266,1080,ok,ed4fa6d8ea742758a0c0f1adee0d91a108ac8d03a27452dff5be031bb140ec50,0.6370521002122828,0.7495021691086191,$HISTOPATH_DATA/v2/runs_tune/C/midogpp/fold3/sam__rho=0.1__s0.json
C,midogpp,4,coral,coral_lambda=0.1,"{""coral_lambda"": 0.1, ""lr"": 0.02}",0.8674339725519377,1200,ok,c659e20f2be6c96cc7c7a92d183b07abf467af90dc47fba12e82f351f86374d3,0.8752279610378979,0.8460612906499408,$HISTOPATH_DATA/v2/runs_tune/C/midogpp/fold4/coral__coral_lambda=0.1__s0.json
C,midogpp,4,coral,coral_lambda=10,"{""coral_lambda"": 10.0, ""lr"": 0.02}",0.876771855861656,1200,ok,c659e20f2be6c96cc7c7a92d183b07abf467af90dc47fba12e82f351f86374d3,0.8881538839322256,0.8621307212435403,$HISTOPATH_DATA/v2/runs_tune/C/midogpp/fold4/coral__coral_lambda=10__s0.json
C,midogpp,4,coral,default,"{""coral_lambda"": 1.0, ""lr"": 0.02}",0.8772974629205763,1200,ok,c659e20f2be6c96cc7c7a92d183b07abf467af90dc47fba12e82f351f86374d3,0.8972441679626749,0.864527744105178,$HISTOPATH_DATA/v2/runs_tune/C/midogpp/fold4/coral__default__s0.json
C,midogpp,4,fish,default,"{""lr"": 0.02, ""meta_lr"": 0.1}",0.6632638923115579,480,ok,c659e20f2be6c96cc7c7a92d183b07abf467af90dc47fba12e82f351f86374d3,0.741566996807727,0.6924411566855656,$HISTOPATH_DATA/v2/runs_tune/C/midogpp/fold4/fish__default__s0.json
C,midogpp,4,fish,meta_lr=0.01,"{""lr"": 0.02, ""meta_lr"": 0.01}",0.6410251991533763,1080,ok,c659e20f2be6c96cc7c7a92d183b07abf467af90dc47fba12e82f351f86374d3,0.7003680117868544,0.6781114731242697,$HISTOPATH_DATA/v2/runs_tune/C/midogpp/fold4/fish__meta_lr=0.01__s0.json
C,midogpp,4,fish,meta_lr=0.05,"{""lr"": 0.02, ""meta_lr"": 0.05}",0.6663356778280332,480,ok,c659e20f2be6c96cc7c7a92d183b07abf467af90dc47fba12e82f351f86374d3,0.7219893590897929,0.6889460335865808,$HISTOPATH_DATA/v2/runs_tune/C/midogpp/fold4/fish__meta_lr=0.05__s0.json
C,midogpp,4,fish,meta_lr=0.5,"{""lr"": 0.02, ""meta_lr"": 0.5}",0.6989774271586165,840,ok,c659e20f2be6c96cc7c7a92d183b07abf467af90dc47fba12e82f351f86374d3,0.7622198575755095,0.7100475850572728,$HISTOPATH_DATA/v2/runs_tune/C/midogpp/fold4/fish__meta_lr=0.5__s0.json
C,midogpp,4,groupdro,default,"{""eta"": 0.01, ""lr"": 0.02}",0.8239336983746163,1080,ok,c659e20f2be6c96cc7c7a92d183b07abf467af90dc47fba12e82f351f86374d3,0.8039659490873372,0.7837639596180007,$HISTOPATH_DATA/v2/runs_tune/C/midogpp/fold4/groupdro__default__s0.json
C,midogpp,4,groupdro,eta=0.001,"{""eta"": 0.001, ""lr"": 0.02}",0.8313342457642104,1080,ok,c659e20f2be6c96cc7c7a92d183b07abf467af90dc47fba12e82f351f86374d3,0.8174321028075633,0.7984845831351157,$HISTOPATH_DATA/v2/runs_tune/C/midogpp/fold4/groupdro__eta=0.001__s0.json
C,midogpp,4,groupdro,eta=0.1,"{""eta"": 0.1, ""lr"": 0.02}",0.7852896887613492,1200,ok,c659e20f2be6c96cc7c7a92d183b07abf467af90dc47fba12e82f351f86374d3,0.7412995006957519,0.7457914007768273,$HISTOPATH_DATA/v2/runs_tune/C/midogpp/fold4/groupdro__eta=0.1__s0.json
C,midogpp,4,he_jitter,default,"{""jitter"": 0.4, ""lr"": 0.02}",0.8490235944147098,1200,ok,c659e20f2be6c96cc7c7a92d183b07abf467af90dc47fba12e82f351f86374d3,0.8675586477858721,0.847925641764548,$HISTOPATH_DATA/v2/runs_tune/C/midogpp/fold4/he_jitter__default__s0.json
C,midogpp,4,he_jitter,jitter=0.2,"{""jitter"": 0.2, ""lr"": 0.02}",0.8703811633459215,1200,ok,c659e20f2be6c96cc7c7a92d183b07abf467af90dc47fba12e82f351f86374d3,0.8833389539166734,0.863904723693659,$HISTOPATH_DATA/v2/runs_tune/C/midogpp/fold4/he_jitter__jitter=0.2__s0.json
C,midogpp,4,irm,default,"{""irm_lambda"": 10.0, ""lr"": 0.02}",0.7601356858930857,240,ok,c659e20f2be6c96cc7c7a92d183b07abf467af90dc47fba12e82f351f86374d3,0.712225914709012,0.725777244725415,$HISTOPATH_DATA/v2/runs_tune/C/midogpp/fold4/irm__default__s0.json
C,midogpp,4,irm,irm_lambda=100,"{""irm_lambda"": 100.0, ""lr"": 0.02}",0.7327176090772513,120,diverged,c659e20f2be6c96cc7c7a92d183b07abf467af90dc47fba12e82f351f86374d3,0.687105508717361,0.6866611972182888,$HISTOPATH_DATA/v2/runs_tune/C/midogpp/fold4/irm__irm_lambda=100__s0.json
C,midogpp,4,irm,irm_lambda=1,"{""irm_lambda"": 1.0, ""lr"": 0.02}",0.8307634881972781,1080,ok,c659e20f2be6c96cc7c7a92d183b07abf467af90dc47fba12e82f351f86374d3,0.7850608168944913,0.7931679281937931,$HISTOPATH_DATA/v2/runs_tune/C/midogpp/fold4/irm__irm_lambda=1__s0.json
C,midogpp,4,lisa,default,"{""lisa_alpha"": 2.0, ""lr"": 0.02, ""p_sel"": 0.5}",0.7865981918427852,1200,ok,c659e20f2be6c96cc7c7a92d183b07abf467af90dc47fba12e82f351f86374d3,0.7691639518703446,0.7708807110739629,$HISTOPATH_DATA/v2/runs_tune/C/midogpp/fold4/lisa__default__s0.json
C,midogpp,4,lisa,"lisa_alpha=0.5,p_sel=1","{""lisa_alpha"": 0.5, ""lr"": 0.02, ""p_sel"": 1.0}",0.8277442633866947,1200,ok,c659e20f2be6c96cc7c7a92d183b07abf467af90dc47fba12e82f351f86374d3,0.8130464107391341,0.8115645862352311,"$HISTOPATH_DATA/v2/runs_tune/C/midogpp/fold4/lisa__lisa_alpha=0.5,p_sel=1__s0.json"
C,midogpp,4,lisa,lisa_alpha=0.5,"{""lisa_alpha"": 0.5, ""lr"": 0.02, ""p_sel"": 0.5}",0.8070098403981241,960,ok,c659e20f2be6c96cc7c7a92d183b07abf467af90dc47fba12e82f351f86374d3,0.76561414422526,0.7750654385528457,$HISTOPATH_DATA/v2/runs_tune/C/midogpp/fold4/lisa__lisa_alpha=0.5__s0.json
C,midogpp,4,lisa,p_sel=1,"{""lisa_alpha"": 2.0, ""lr"": 0.02, ""p_sel"": 1.0}",0.8190581328300373,1080,ok,c659e20f2be6c96cc7c7a92d183b07abf467af90dc47fba12e82f351f86374d3,0.8220473111238439,0.8045223146214541,$HISTOPATH_DATA/v2/runs_tune/C/midogpp/fold4/lisa__p_sel=1__s0.json
C,midogpp,4,mixstyle,default,"{""lr"": 0.02, ""ms_alpha"": 0.1, ""ms_p"": 0.5}",0.8404642988729262,1200,ok,c659e20f2be6c96cc7c7a92d183b07abf467af90dc47fba12e82f351f86374d3,0.8158362936891217,0.7995867512033286,$HISTOPATH_DATA/v2/runs_tune/C/midogpp/fold4/mixstyle__default__s0.json
C,midogpp,4,mixstyle,"ms_alpha=0.3,ms_p=1","{""lr"": 0.02, ""ms_alpha"": 0.3, ""ms_p"": 1.0}",0.827651549748105,1200,ok,c659e20f2be6c96cc7c7a92d183b07abf467af90dc47fba12e82f351f86374d3,0.8044960301219611,0.7835768393981836,"$HISTOPATH_DATA/v2/runs_tune/C/midogpp/fold4/mixstyle__ms_alpha=0.3,ms_p=1__s0.json"
C,midogpp,4,mixstyle,ms_alpha=0.3,"{""lr"": 0.02, ""ms_alpha"": 0.3, ""ms_p"": 0.5}",0.8473626761085225,1200,ok,c659e20f2be6c96cc7c7a92d183b07abf467af90dc47fba12e82f351f86374d3,0.8389565359744617,0.815358587854656,$HISTOPATH_DATA/v2/runs_tune/C/midogpp/fold4/mixstyle__ms_alpha=0.3__s0.json
C,midogpp,4,mixstyle,ms_p=1,"{""lr"": 0.02, ""ms_alpha"": 0.1, ""ms_p"": 1.0}",0.8285152686265663,1200,ok,c659e20f2be6c96cc7c7a92d183b07abf467af90dc47fba12e82f351f86374d3,0.7872891871981664,0.7780159005085645,$HISTOPATH_DATA/v2/runs_tune/C/midogpp/fold4/mixstyle__ms_p=1__s0.json
C,midogpp,4,sam,default,"{""lr"": 0.02, ""rho"": 0.05}",0.8415313673676255,1200,ok,c659e20f2be6c96cc7c7a92d183b07abf467af90dc47fba12e82f351f86374d3,0.8032531718097733,0.8016609167520554,$HISTOPATH_DATA/v2/runs_tune/C/midogpp/fold4/sam__default__s0.json
C,midogpp,4,sam,rho=0.02,"{""lr"": 0.02, ""rho"": 0.02}",0.8586558176774234,1080,ok,c659e20f2be6c96cc7c7a92d183b07abf467af90dc47fba12e82f351f86374d3,0.8557881640337235,0.8399708914587113,$HISTOPATH_DATA/v2/runs_tune/C/midogpp/fold4/sam__rho=0.02__s0.json
C,midogpp,4,sam,rho=0.1,"{""lr"": 0.02, ""rho"": 0.1}",0.7394484813747262,1080,ok,c659e20f2be6c96cc7c7a92d183b07abf467af90dc47fba12e82f351f86374d3,0.6833857739215847,0.7076319358121982,$HISTOPATH_DATA/v2/runs_tune/C/midogpp/fold4/sam__rho=0.1__s0.json
C,midogpp,5,coral,coral_lambda=0.1,"{""coral_lambda"": 0.1, ""lr"": 0.02}",0.8785932551033223,1080,ok,eabc070b357ac01525e63dd449f7bb64ce767c79d80d5b8a7723c2d729db6cba,0.8731613939728449,0.8502900117508814,$HISTOPATH_DATA/v2/runs_tune/C/midogpp/fold5/coral__coral_lambda=0.1__s0.json
C,midogpp,5,coral,coral_lambda=10,"{""coral_lambda"": 10.0, ""lr"": 0.02}",0.8765882041049826,1080,ok,eabc070b357ac01525e63dd449f7bb64ce767c79d80d5b8a7723c2d729db6cba,0.8628978285062455,0.8649410105757933,$HISTOPATH_DATA/v2/runs_tune/C/midogpp/fold5/coral__coral_lambda=10__s0.json
C,midogpp,5,coral,default,"{""coral_lambda"": 1.0, ""lr"": 0.02}",0.8793275335221644,1080,ok,eabc070b357ac01525e63dd449f7bb64ce767c79d80d5b8a7723c2d729db6cba,0.8783423118210737,0.8563064629847239,$HISTOPATH_DATA/v2/runs_tune/C/midogpp/fold5/coral__default__s0.json
C,midogpp,5,fish,default,"{""lr"": 0.02, ""meta_lr"": 0.1}",0.697867278739762,960,ok,eabc070b357ac01525e63dd449f7bb64ce767c79d80d5b8a7723c2d729db6cba,0.7301878438655184,0.8203647473560517,$HISTOPATH_DATA/v2/runs_tune/C/midogpp/fold5/fish__default__s0.json
C,midogpp,5,fish,meta_lr=0.01,"{""lr"": 0.02, ""meta_lr"": 0.01}",0.6325771951610877,360,ok,eabc070b357ac01525e63dd449f7bb64ce767c79d80d5b8a7723c2d729db6cba,0.6768144773672313,0.6883985898942421,$HISTOPATH_DATA/v2/runs_tune/C/midogpp/fold5/fish__meta_lr=0.01__s0.json
C,midogpp,5,fish,meta_lr=0.05,"{""lr"": 0.02, ""meta_lr"": 0.05}",0.6548151920635141,840,ok,eabc070b357ac01525e63dd449f7bb64ce767c79d80d5b8a7723c2d729db6cba,0.7041070533189859,0.7619666274970623,$HISTOPATH_DATA/v2/runs_tune/C/midogpp/fold5/fish__meta_lr=0.05__s0.json
C,midogpp,5,fish,meta_lr=0.5,"{""lr"": 0.02, ""meta_lr"": 0.5}",0.7061072430199947,960,ok,eabc070b357ac01525e63dd449f7bb64ce767c79d80d5b8a7723c2d729db6cba,0.727829358348923,0.8168987074030551,$HISTOPATH_DATA/v2/runs_tune/C/midogpp/fold5/fish__meta_lr=0.5__s0.json
C,midogpp,5,groupdro,default,"{""eta"": 0.01, ""lr"": 0.02}",0.8281321073267381,1080,ok,eabc070b357ac01525e63dd449f7bb64ce767c79d80d5b8a7723c2d729db6cba,0.8241108471065091,0.8106857814336075,$HISTOPATH_DATA/v2/runs_tune/C/midogpp/fold5/groupdro__default__s0.json
C,midogpp,5,groupdro,eta=0.001,"{""eta"": 0.001, ""lr"": 0.02}",0.8325597538684787,1080,ok,eabc070b357ac01525e63dd449f7bb64ce767c79d80d5b8a7723c2d729db6cba,0.8381255949202641,0.8342101057579318,$HISTOPATH_DATA/v2/runs_tune/C/midogpp/fold5/groupdro__eta=0.001__s0.json
C,midogpp,5,groupdro,eta=0.1,"{""eta"": 0.1, ""lr"": 0.02}",0.7521065593213244,360,ok,eabc070b357ac01525e63dd449f7bb64ce767c79d80d5b8a7723c2d729db6cba,0.6745576876222757,0.6840761457109283,$HISTOPATH_DATA/v2/runs_tune/C/midogpp/fold5/groupdro__eta=0.1__s0.json
C,midogpp,5,he_jitter,default,"{""jitter"": 0.4, ""lr"": 0.02}",0.857529754845191,1200,ok,eabc070b357ac01525e63dd449f7bb64ce767c79d80d5b8a7723c2d729db6cba,0.8529847387831704,0.8405819036427732,$HISTOPATH_DATA/v2/runs_tune/C/midogpp/fold5/he_jitter__default__s0.json
C,midogpp,5,he_jitter,jitter=0.2,"{""jitter"": 0.2, ""lr"": 0.02}",0.8839836609970837,1200,ok,eabc070b357ac01525e63dd449f7bb64ce767c79d80d5b8a7723c2d729db6cba,0.8669530276865132,0.8539478260869566,$HISTOPATH_DATA/v2/runs_tune/C/midogpp/fold5/he_jitter__jitter=0.2__s0.json
C,midogpp,5,irm,default,"{""irm_lambda"": 10.0, ""lr"": 0.02}",0.7360058044621803,240,diverged,eabc070b357ac01525e63dd449f7bb64ce767c79d80d5b8a7723c2d729db6cba,0.6590519727481023,0.6900869565217391,$HISTOPATH_DATA/v2/runs_tune/C/midogpp/fold5/irm__default__s0.json
C,midogpp,5,irm,irm_lambda=100,"{""irm_lambda"": 100.0, ""lr"": 0.02}",0.6983315659490157,240,diverged,eabc070b357ac01525e63dd449f7bb64ce767c79d80d5b8a7723c2d729db6cba,0.6458884720670619,0.6781113983548765,$HISTOPATH_DATA/v2/runs_tune/C/midogpp/fold5/irm__irm_lambda=100__s0.json
C,midogpp,5,irm,irm_lambda=1,"{""irm_lambda"": 1.0, ""lr"": 0.02}",0.8564693242545591,1080,ok,eabc070b357ac01525e63dd449f7bb64ce767c79d80d5b8a7723c2d729db6cba,0.8483561895472163,0.8399388954171563,$HISTOPATH_DATA/v2/runs_tune/C/midogpp/fold5/irm__irm_lambda=1__s0.json
C,midogpp,5,lisa,default,"{""lisa_alpha"": 2.0, ""lr"": 0.02, ""p_sel"": 0.5}",0.7604434971884637,1200,ok,eabc070b357ac01525e63dd449f7bb64ce767c79d80d5b8a7723c2d729db6cba,0.7759250354436527,0.7559717978848413,$HISTOPATH_DATA/v2/runs_tune/C/midogpp/fold5/lisa__default__s0.json
C,midogpp,5,lisa,"lisa_alpha=0.5,p_sel=1","{""lisa_alpha"": 0.5, ""lr"": 0.02, ""p_sel"": 1.0}",0.8226391466324352,1200,ok,eabc070b357ac01525e63dd449f7bb64ce767c79d80d5b8a7723c2d729db6cba,0.8296829190069184,0.8099863689776734,"$HISTOPATH_DATA/v2/runs_tune/C/midogpp/fold5/lisa__lisa_alpha=0.5,p_sel=1__s0.json"
C,midogpp,5,lisa,lisa_alpha=0.5,"{""lisa_alpha"": 0.5, ""lr"": 0.02, ""p_sel"": 0.5}",0.7989350346732897,1080,ok,eabc070b357ac01525e63dd449f7bb64ce767c79d80d5b8a7723c2d729db6cba,0.8029431398601607,0.8057118683901293,$HISTOPATH_DATA/v2/runs_tune/C/midogpp/fold5/lisa__lisa_alpha=0.5__s0.json
C,midogpp,5,lisa,p_sel=1,"{""lisa_alpha"": 2.0, ""lr"": 0.02, ""p_sel"": 1.0}",0.7868792643960429,1200,ok,eabc070b357ac01525e63dd449f7bb64ce767c79d80d5b8a7723c2d729db6cba,0.7818291708005106,0.7672601645123384,$HISTOPATH_DATA/v2/runs_tune/C/midogpp/fold5/lisa__p_sel=1__s0.json
C,midogpp,5,mixstyle,default,"{""lr"": 0.02, ""ms_alpha"": 0.1, ""ms_p"": 0.5}",0.8363560256177707,1080,ok,eabc070b357ac01525e63dd449f7bb64ce767c79d80d5b8a7723c2d729db6cba,0.8029125240804882,0.7870768507638074,$HISTOPATH_DATA/v2/runs_tune/C/midogpp/fold5/mixstyle__default__s0.json
C,midogpp,5,mixstyle,"ms_alpha=0.3,ms_p=1","{""lr"": 0.02, ""ms_alpha"": 0.3, ""ms_p"": 1.0}",0.8106255842833024,1080,ok,eabc070b357ac01525e63dd449f7bb64ce767c79d80d5b8a7723c2d729db6cba,0.7710098111798551,0.7932860164512339,"$HISTOPATH_DATA/v2/runs_tune/C/midogpp/fold5/mixstyle__ms_alpha=0.3,ms_p=1__s0.json"
C,midogpp,5,mixstyle,ms_alpha=0.3,"{""lr"": 0.02, ""ms_alpha"": 0.3, ""ms_p"": 0.5}",0.8544220653281056,1200,ok,eabc070b357ac01525e63dd449f7bb64ce767c79d80d5b8a7723c2d729db6cba,0.8309081924829055,0.8151943595769683,$HISTOPATH_DATA/v2/runs_tune/C/midogpp/fold5/mixstyle__ms_alpha=0.3__s0.json
C,midogpp,5,mixstyle,ms_p=1,"{""lr"": 0.02, ""ms_alpha"": 0.1, ""ms_p"": 1.0}",0.8072792978833248,1080,ok,eabc070b357ac01525e63dd449f7bb64ce767c79d80d5b8a7723c2d729db6cba,0.76502346282024,0.7686486486486487,$HISTOPATH_DATA/v2/runs_tune/C/midogpp/fold5/mixstyle__ms_p=1__s0.json
C,midogpp,5,sam,default,"{""lr"": 0.02, ""rho"": 0.05}",0.8330805508657857,1080,ok,eabc070b357ac01525e63dd449f7bb64ce767c79d80d5b8a7723c2d729db6cba,0.7783830757682741,0.7524230317273795,$HISTOPATH_DATA/v2/runs_tune/C/midogpp/fold5/sam__default__s0.json
C,midogpp,5,sam,rho=0.02,"{""lr"": 0.02, ""rho"": 0.02}",0.8590502867348505,1080,ok,eabc070b357ac01525e63dd449f7bb64ce767c79d80d5b8a7723c2d729db6cba,0.843570921774756,0.8102448883666276,$HISTOPATH_DATA/v2/runs_tune/C/midogpp/fold5/sam__rho=0.02__s0.json
C,midogpp,5,sam,rho=0.1,"{""lr"": 0.02, ""rho"": 0.1}",0.7411994725753115,1080,ok,eabc070b357ac01525e63dd449f7bb64ce767c79d80d5b8a7723c2d729db6cba,0.6836060421418714,0.6720817861339601,$HISTOPATH_DATA/v2/runs_tune/C/midogpp/fold5/sam__rho=0.1__s0.json
C,midogpp,6,coral,coral_lambda=0.1,"{""coral_lambda"": 0.1, ""lr"": 0.02}",0.8943549326125881,1200,ok,146ea54cc804d257987841db4b79e51eafe24ce110bfcc5e4025884ccf48cd7e,0.8527924794359576,0.7811564954113602,$HISTOPATH_DATA/v2/runs_tune/C/midogpp/fold6/coral__coral_lambda=0.1__s0.json
C,midogpp,6,coral,coral_lambda=10,"{""coral_lambda"": 10.0, ""lr"": 0.02}",0.896904799082649,1200,ok,146ea54cc804d257987841db4b79e51eafe24ce110bfcc5e4025884ccf48cd7e,0.8492747356051704,0.8025636308862069,$HISTOPATH_DATA/v2/runs_tune/C/midogpp/fold6/coral__coral_lambda=10__s0.json
C,midogpp,6,coral,default,"{""coral_lambda"": 1.0, ""lr"": 0.02}",0.8972779960796876,1200,ok,146ea54cc804d257987841db4b79e51eafe24ce110bfcc5e4025884ccf48cd7e,0.8597330199764983,0.8109970949426765,$HISTOPATH_DATA/v2/runs_tune/C/midogpp/fold6/coral__default__s0.json
C,midogpp,6,fish,default,"{""lr"": 0.02, ""meta_lr"": 0.1}",0.7951076046869894,1080,ok,146ea54cc804d257987841db4b79e51eafe24ce110bfcc5e4025884ccf48cd7e,0.8344723854289071,0.7304632895486364,$HISTOPATH_DATA/v2/runs_tune/C/midogpp/fold6/fish__default__s0.json
C,midogpp,6,fish,meta_lr=0.01,"{""lr"": 0.02, ""meta_lr"": 0.01}",0.6705427105316676,1080,ok,146ea54cc804d257987841db4b79e51eafe24ce110bfcc5e4025884ccf48cd7e,0.7272084606345476,0.6718156119504584,$HISTOPATH_DATA/v2/runs_tune/C/midogpp/fold6/fish__meta_lr=0.01__s0.json
C,midogpp,6,fish,meta_lr=0.05,"{""lr"": 0.02, ""meta_lr"": 0.05}",0.7327737793024034,960,ok,146ea54cc804d257987841db4b79e51eafe24ce110bfcc5e4025884ccf48cd7e,0.7822082256169213,0.692571353415464,$HISTOPATH_DATA/v2/runs_tune/C/midogpp/fold6/fish__meta_lr=0.05__s0.json
C,midogpp,6,fish,meta_lr=0.5,"{""lr"": 0.02, ""meta_lr"": 0.5}",0.811290564045273,1200,ok,146ea54cc804d257987841db4b79e51eafe24ce110bfcc5e4025884ccf48cd7e,0.8531609870740305,0.7151755253586,$HISTOPATH_DATA/v2/runs_tune/C/midogpp/fold6/fish__meta_lr=0.5__s0.json
C,midogpp,6,groupdro,default,"{""eta"": 0.01, ""lr"": 0.02}",0.8654191530815983,1200,ok,146ea54cc804d257987841db4b79e51eafe24ce110bfcc5e4025884ccf48cd7e,0.812166392479436,0.7328609171592111,$HISTOPATH_DATA/v2/runs_tune/C/midogpp/fold6/groupdro__default__s0.json
C,midogpp,6,groupdro,eta=0.001,"{""eta"": 0.001, ""lr"": 0.02}",0.855383346560229,1200,ok,146ea54cc804d257987841db4b79e51eafe24ce110bfcc5e4025884ccf48cd7e,0.8032874265569917,0.7355873521144534,$HISTOPATH_DATA/v2/runs_tune/C/midogpp/fold6/groupdro__eta=0.001__s0.json
C,midogpp,6,groupdro,eta=0.1,"{""eta"": 0.1, ""lr"": 0.02}",0.7903987761499485,1080,ok,146ea54cc804d257987841db4b79e51eafe24ce110bfcc5e4025884ccf48cd7e,0.7609212690951822,0.7014615930804716,$HISTOPATH_DATA/v2/runs_tune/C/midogpp/fold6/groupdro__eta=0.1__s0.json
C,midogpp,6,he_jitter,default,"{""jitter"": 0.4, ""lr"": 0.02}",0.8693432215781377,1080,ok,146ea54cc804d257987841db4b79e51eafe24ce110bfcc5e4025884ccf48cd7e,0.8538312573443008,0.8046999899580459,$HISTOPATH_DATA/v2/runs_tune/C/midogpp/fold6/he_jitter__default__s0.json
C,midogpp,6,he_jitter,jitter=0.2,"{""jitter"": 0.2, ""lr"": 0.02}",0.8939648330916005,1080,ok,146ea54cc804d257987841db4b79e51eafe24ce110bfcc5e4025884ccf48cd7e,0.8573593419506463,0.8088447398378535,$HISTOPATH_DATA/v2/runs_tune/C/midogpp/fold6/he_jitter__jitter=0.2__s0.json
C,midogpp,6,irm,default,"{""irm_lambda"": 10.0, ""lr"": 0.02}",0.6979445189407537,120,ok,146ea54cc804d257987841db4b79e51eafe24ce110bfcc5e4025884ccf48cd7e,0.6576235017626322,0.6385029845931542,$HISTOPATH_DATA/v2/runs_tune/C/midogpp/fold6/irm__default__s0.json
C,midogpp,6,irm,irm_lambda=100,"{""irm_lambda"": 100.0, ""lr"": 0.02}",0.689085315892075,120,diverged,146ea54cc804d257987841db4b79e51eafe24ce110bfcc5e4025884ccf48cd7e,0.6473504112808461,0.6296891704190695,$HISTOPATH_DATA/v2/runs_tune/C/midogpp/fold6/irm__irm_lambda=100__s0.json
C,midogpp,6,irm,irm_lambda=1,"{""irm_lambda"": 1.0, ""lr"": 0.02}",0.8771452119978944,1200,ok,146ea54cc804d257987841db4b79e51eafe24ce110bfcc5e4025884ccf48cd7e,0.8300032902467684,0.7457679384401558,$HISTOPATH_DATA/v2/runs_tune/C/midogpp/fold6/irm__irm_lambda=1__s0.json
C,midogpp,6,lisa,default,"{""lisa_alpha"": 2.0, ""lr"": 0.02, ""p_sel"": 0.5}",0.8128217180798519,1200,ok,146ea54cc804d257987841db4b79e51eafe24ce110bfcc5e4025884ccf48cd7e,0.7479793184488837,0.6982366150972336,$HISTOPATH_DATA/v2/runs_tune/C/midogpp/fold6/lisa__default__s0.json
C,midogpp,6,lisa,"lisa_alpha=0.5,p_sel=1","{""lisa_alpha"": 0.5, ""lr"": 0.02, ""p_sel"": 1.0}",0.853043017728333,1200,ok,146ea54cc804d257987841db4b79e51eafe24ce110bfcc5e4025884ccf48cd7e,0.781551116333725,0.6973719406476083,"$HISTOPATH_DATA/v2/runs_tune/C/midogpp/fold6/lisa__lisa_alpha=0.5,p_sel=1__s0.json"
C,midogpp,6,lisa,lisa_alpha=0.5,"{""lisa_alpha"": 0.5, ""lr"": 0.02, ""p_sel"": 0.5}",0.8544883176730107,1200,ok,146ea54cc804d257987841db4b79e51eafe24ce110bfcc5e4025884ccf48cd7e,0.7901414806110458,0.721924962609273,$HISTOPATH_DATA/v2/runs_tune/C/midogpp/fold6/lisa__lisa_alpha=0.5__s0.json
C,midogpp,6,lisa,p_sel=1,"{""lisa_alpha"": 2.0, ""lr"": 0.02, ""p_sel"": 1.0}",0.826865569129445,1200,ok,146ea54cc804d257987841db4b79e51eafe24ce110bfcc5e4025884ccf48cd7e,0.7918317273795535,0.6945433088149694,$HISTOPATH_DATA/v2/runs_tune/C/midogpp/fold6/lisa__p_sel=1__s0.json
C,midogpp,6,mixstyle,default,"{""lr"": 0.02, ""ms_alpha"": 0.1, ""ms_p"": 0.5}",0.8722764802184128,1200,ok,146ea54cc804d257987841db4b79e51eafe24ce110bfcc5e4025884ccf48cd7e,0.7798495887191539,0.7383688845166398,$HISTOPATH_DATA/v2/runs_tune/C/midogpp/fold6/mixstyle__default__s0.json
C,midogpp,6,mixstyle,"ms_alpha=0.3,ms_p=1","{""lr"": 0.02, ""ms_alpha"": 0.3, ""ms_p"": 1.0}",0.8731876067474875,1200,ok,146ea54cc804d257987841db4b79e51eafe24ce110bfcc5e4025884ccf48cd7e,0.8058698002350176,0.7341832558858736,"$HISTOPATH_DATA/v2/runs_tune/C/midogpp/fold6/mixstyle__ms_alpha=0.3,ms_p=1__s0.json"
C,midogpp,6,mixstyle,ms_alpha=0.3,"{""lr"": 0.02, ""ms_alpha"": 0.3, ""ms_p"": 0.5}",0.8694988321160833,1200,ok,146ea54cc804d257987841db4b79e51eafe24ce110bfcc5e4025884ccf48cd7e,0.8071727379553466,0.7302971085393045,$HISTOPATH_DATA/v2/runs_tune/C/midogpp/fold6/mixstyle__ms_alpha=0.3__s0.json
C,midogpp,6,mixstyle,ms_p=1,"{""lr"": 0.02, ""ms_alpha"": 0.1, ""ms_p"": 1.0}",0.8619235501524716,1200,ok,146ea54cc804d257987841db4b79e51eafe24ce110bfcc5e4025884ccf48cd7e,0.8249964747356051,0.7318913798266918,$HISTOPATH_DATA/v2/runs_tune/C/midogpp/fold6/mixstyle__ms_p=1__s0.json
C,midogpp,6,sam,default,"{""lr"": 0.02, ""rho"": 0.05}",0.8510292027320918,1200,ok,146ea54cc804d257987841db4b79e51eafe24ce110bfcc5e4025884ccf48cd7e,0.8011309048178613,0.7159548876323116,$HISTOPATH_DATA/v2/runs_tune/C/midogpp/fold6/sam__default__s0.json
C,midogpp,6,sam,rho=0.02,"{""lr"": 0.02, ""rho"": 0.02}",0.8772839200118908,1200,ok,146ea54cc804d257987841db4b79e51eafe24ce110bfcc5e4025884ccf48cd7e,0.8307497062279671,0.7485930155987981,$HISTOPATH_DATA/v2/runs_tune/C/midogpp/fold6/sam__rho=0.02__s0.json
C,midogpp,6,sam,rho=0.1,"{""lr"": 0.02, ""rho"": 0.1}",0.7529760515382102,1080,ok,146ea54cc804d257987841db4b79e51eafe24ce110bfcc5e4025884ccf48cd7e,0.7235572267920094,0.6685533098902583,$HISTOPATH_DATA/v2/runs_tune/C/midogpp/fold6/sam__rho=0.1__s0.json
S,c17,0,coral,"coral_lambda=0.1,lr=0.03","{""coral_lambda"": 0.1, ""lr"": 0.03}",0.9895815,360,ok,35e401317736042baf5595b3adbaa0db1a9b91adfe519beab6704d16adbecd7b,0.9716122222222223,0.9697095775999999,"$HISTOPATH_DATA/v2/runs_tune/S/c17/fold0/coral__coral_lambda=0.1,lr=0.03__s0.json"
S,c17,0,coral,"coral_lambda=10,lr=0.03","{""coral_lambda"": 10.0, ""lr"": 0.03}",0.9903206666666667,360,ok,35e401317736042baf5595b3adbaa0db1a9b91adfe519beab6704d16adbecd7b,0.9854324027777778,0.9824584448,"$HISTOPATH_DATA/v2/runs_tune/S/c17/fold0/coral__coral_lambda=10,lr=0.03__s0.json"
S,c17,0,coral,lr=0.03,"{""coral_lambda"": 1.0, ""lr"": 0.03}",0.99082,720,ok,35e401317736042baf5595b3adbaa0db1a9b91adfe519beab6704d16adbecd7b,0.9459743611111111,0.9750224192000002,$HISTOPATH_DATA/v2/runs_tune/S/c17/fold0/coral__lr=0.03__s0.json
S,c17,0,erm,default,"{""lr"": 0.003}",0.9832289444444444,480,ok,35e401317736042baf5595b3adbaa0db1a9b91adfe519beab6704d16adbecd7b,0.9595738611111111,0.9648259168,$HISTOPATH_DATA/v2/runs_tune/S/c17/fold0/erm__default__s0.json
S,c17,0,erm,lr=0.001,"{""lr"": 0.001}",0.9769593333333333,1200,ok,35e401317736042baf5595b3adbaa0db1a9b91adfe519beab6704d16adbecd7b,0.9552997638888889,0.958034496,$HISTOPATH_DATA/v2/runs_tune/S/c17/fold0/erm__lr=0.001__s0.json
S,c17,0,erm,lr=0.01,"{""lr"": 0.01}",0.988910013888889,720,ok,35e401317736042baf5595b3adbaa0db1a9b91adfe519beab6704d16adbecd7b,0.9699963611111111,0.9714114591999999,$HISTOPATH_DATA/v2/runs_tune/S/c17/fold0/erm__lr=0.01__s0.json
S,c17,0,erm,lr=0.03,"{""lr"": 0.03}",0.9900327777777778,360,ok,35e401317736042baf5595b3adbaa0db1a9b91adfe519beab6704d16adbecd7b,0.9620712777777778,0.9786643392000001,$HISTOPATH_DATA/v2/runs_tune/S/c17/fold0/erm__lr=0.03__s0.json
S,c17,0,erm,lr=0.1,"{""lr"": 0.1}",0.9898769999999999,1080,ok,35e401317736042baf5595b3adbaa0db1a9b91adfe519beab6704d16adbecd7b,0.9593719722222221,0.95286832,$HISTOPATH_DATA/v2/runs_tune/S/c17/fold0/erm__lr=0.1__s0.json
S,c17,0,erm_lunit_bt,default,"{""lr"": 0.003}",0.9870916944444444,1200,ok,35e401317736042baf5595b3adbaa0db1a9b91adfe519beab6704d16adbecd7b,0.9856500555555555,0.9899756095999999,$HISTOPATH_DATA/v2/runs_tune/S/c17/fold0/erm_lunit_bt__default__s0.json
S,c17,0,erm_lunit_bt,lr=0.0003,"{""lr"": 0.0003}",0.9661627777777778,960,ok,35e401317736042baf5595b3adbaa0db1a9b91adfe519beab6704d16adbecd7b,0.9720810555555556,0.9803712575999999,$HISTOPATH_DATA/v2/runs_tune/S/c17/fold0/erm_lunit_bt__lr=0.0003__s0.json
S,c17,0,erm_lunit_bt,lr=0.001,"{""lr"": 0.001}",0.9783807500000001,960,ok,35e401317736042baf5595b3adbaa0db1a9b91adfe519beab6704d16adbecd7b,0.9773951666666668,0.9865065536000002,$HISTOPATH_DATA/v2/runs_tune/S/c17/fold0/erm_lunit_bt__lr=0.001__s0.json
S,c17,0,erm_lunit_bt,lr=0.01,"{""lr"": 0.01}",0.9908707777777779,600,ok,35e401317736042baf5595b3adbaa0db1a9b91adfe519beab6704d16adbecd7b,0.9831470555555555,0.9915159936,$HISTOPATH_DATA/v2/runs_tune/S/c17/fold0/erm_lunit_bt__lr=0.01__s0.json
S,c17,0,erm_lunit_bt,lr=0.03,"{""lr"": 0.03}",0.9910948055555556,360,ok,35e401317736042baf5595b3adbaa0db1a9b91adfe519beab6704d16adbecd7b,0.9811259722222222,0.9902363296,$HISTOPATH_DATA/v2/runs_tune/S/c17/fold0/erm_lunit_bt__lr=0.03__s0.json
S,c17,0,erm_lunit_dino,default,"{""lr"": 3e-05}",0.9945770555555556,360,ok,35e401317736042baf5595b3adbaa0db1a9b91adfe519beab6704d16adbecd7b,0.9773413055555555,0.9913576352000001,$HISTOPATH_DATA/v2/runs_tune/S/c17/fold0/erm_lunit_dino__default__s0.json
S,c17,0,erm_lunit_dino,lr=0.0001,"{""lr"": 0.0001}",0.9937271388888889,1080,ok,35e401317736042baf5595b3adbaa0db1a9b91adfe519beab6704d16adbecd7b,0.9943602222222222,0.9941863296,$HISTOPATH_DATA/v2/runs_tune/S/c17/fold0/erm_lunit_dino__lr=0.0001__s0.json
S,c17,0,erm_lunit_dino,lr=1e-05,"{""lr"": 1e-05}",0.9953806388888891,360,ok,35e401317736042baf5595b3adbaa0db1a9b91adfe519beab6704d16adbecd7b,0.9758301111111113,0.9938390847999999,$HISTOPATH_DATA/v2/runs_tune/S/c17/fold0/erm_lunit_dino__lr=1e-05__s0.json
S,c17,0,fish,"lr=0.03,meta_lr=0.01","{""lr"": 0.03, ""meta_lr"": 0.01}",0.9139192222222221,1200,ok,35e401317736042baf5595b3adbaa0db1a9b91adfe519beab6704d16adbecd7b,0.9363229444444444,0.9617803424,"$HISTOPATH_DATA/v2/runs_tune/S/c17/fold0/fish__lr=0.03,meta_lr=0.01__s0.json"
S,c17,0,fish,"lr=0.03,meta_lr=0.05","{""lr"": 0.03, ""meta_lr"": 0.05}",0.9471781944444444,1200,ok,35e401317736042baf5595b3adbaa0db1a9b91adfe519beab6704d16adbecd7b,0.9638240277777778,0.9771819903999999,"$HISTOPATH_DATA/v2/runs_tune/S/c17/fold0/fish__lr=0.03,meta_lr=0.05__s0.json"
S,c17,0,fish,"lr=0.03,meta_lr=0.5","{""lr"": 0.03, ""meta_lr"": 0.5}",0.9615028055555556,120,ok,35e401317736042baf5595b3adbaa0db1a9b91adfe519beab6704d16adbecd7b,0.9057990833333331,0.9633307007999999,"$HISTOPATH_DATA/v2/runs_tune/S/c17/fold0/fish__lr=0.03,meta_lr=0.5__s0.json"
S,c17,0,fish,lr=0.03,"{""lr"": 0.03, ""meta_lr"": 0.1}",0.9639580000000001,720,ok,35e401317736042baf5595b3adbaa0db1a9b91adfe519beab6704d16adbecd7b,0.9643027222222222,0.9803281408000002,$HISTOPATH_DATA/v2/runs_tune/S/c17/fold0/fish__lr=0.03__s0.json
S,c17,0,groupdro,"eta=0.001,lr=0.03","{""eta"": 0.001, ""lr"": 0.03}",0.9876586388888889,360,ok,35e401317736042baf5595b3adbaa0db1a9b91adfe519beab6704d16adbecd7b,0.9767886111111111,0.9818191616,"$HISTOPATH_DATA/v2/runs_tune/S/c17/fold0/groupdro__eta=0.001,lr=0.03__s0.json"
S,c17,0,groupdro,"eta=0.1,lr=0.03","{""eta"": 0.1, ""lr"": 0.03}",0.9843960833333333,720,ok,35e401317736042baf5595b3adbaa0db1a9b91adfe519beab6704d16adbecd7b,0.9813619722222223,0.9433719104,"$HISTOPATH_DATA/v2/runs_tune/S/c17/fold0/groupdro__eta=0.1,lr=0.03__s0.json"
S,c17,0,groupdro,lr=0.03,"{""eta"": 0.01, ""lr"": 0.03}",0.9894560555555556,360,ok,35e401317736042baf5595b3adbaa0db1a9b91adfe519beab6704d16adbecd7b,0.9873977777777778,0.933942336,$HISTOPATH_DATA/v2/runs_tune/S/c17/fold0/groupdro__lr=0.03__s0.json
S,c17,0,he_jitter,"jitter=0.2,lr=0.03","{""jitter"": 0.2, ""lr"": 0.03}",0.9909989722222222,1080,ok,35e401317736042baf5595b3adbaa0db1a9b91adfe519beab6704d16adbecd7b,0.9845218333333333,0.9871668672,"$HISTOPATH_DATA/v2/runs_tune/S/c17/fold0/he_jitter__jitter=0.2,lr=0.03__s0.json"
S,c17,0,he_jitter,lr=0.03,"{""jitter"": 0.4, ""lr"": 0.03}",0.9894406388888888,1200,ok,35e401317736042baf5595b3adbaa0db1a9b91adfe519beab6704d16adbecd7b,0.9879427222222222,0.9909694144,$HISTOPATH_DATA/v2/runs_tune/S/c17/fold0/he_jitter__lr=0.03__s0.json
S,c17,0,irm,"irm_lambda=1,lr=0.03","{""irm_lambda"": 1.0, ""lr"": 0.03}",0.98697575,1080,ok,35e401317736042baf5595b3adbaa0db1a9b91adfe519beab6704d16adbecd7b,0.9654114444444444,0.9696197472000001,"$HISTOPATH_DATA/v2/runs_tune/S/c17/fold0/irm__irm_lambda=1,lr=0.03__s0.json"
S,c17,0,irm,"irm_lambda=100,lr=0.03","{""irm_lambda"": 100.0, ""lr"": 0.03}",0.9836078055555555,240,diverged,35e401317736042baf5595b3adbaa0db1a9b91adfe519beab6704d16adbecd7b,0.9612268333333331,0.9745762112,"$HISTOPATH_DATA/v2/runs_tune/S/c17/fold0/irm__irm_lambda=100,lr=0.03__s0.json"
S,c17,0,irm,lr=0.03,"{""irm_lambda"": 10.0, ""lr"": 0.03}",0.9836078055555555,240,ok,35e401317736042baf5595b3adbaa0db1a9b91adfe519beab6704d16adbecd7b,0.9612268333333331,0.9745762112,$HISTOPATH_DATA/v2/runs_tune/S/c17/fold0/irm__lr=0.03__s0.json
S,c17,0,lisa,"lisa_alpha=0.5,lr=0.03,p_sel=1","{""lisa_alpha"": 0.5, ""lr"": 0.03, ""p_sel"": 1.0}",0.9877649166666665,1200,ok,35e401317736042baf5595b3adbaa0db1a9b91adfe519beab6704d16adbecd7b,0.9871398333333332,0.9770327232,"$HISTOPATH_DATA/v2/runs_tune/S/c17/fold0/lisa__lisa_alpha=0.5,lr=0.03,p_sel=1__s0.json"
S,c17,0,lisa,"lisa_alpha=0.5,lr=0.03","{""lisa_alpha"": 0.5, ""lr"": 0.03, ""p_sel"": 0.5}",0.9860449444444445,720,ok,35e401317736042baf5595b3adbaa0db1a9b91adfe519beab6704d16adbecd7b,0.9678837777777777,0.9601137279999999,"$HISTOPATH_DATA/v2/runs_tune/S/c17/fold0/lisa__lisa_alpha=0.5,lr=0.03__s0.json"
S,c17,0,lisa,"lr=0.03,p_sel=1","{""lisa_alpha"": 2.0, ""lr"": 0.03, ""p_sel"": 1.0}",0.9807216666666667,720,ok,35e401317736042baf5595b3adbaa0db1a9b91adfe519beab6704d16adbecd7b,0.9703617222222222,0.9761225152,"$HISTOPATH_DATA/v2/runs_tune/S/c17/fold0/lisa__lr=0.03,p_sel=1__s0.json"
S,c17,0,lisa,lr=0.03,"{""lisa_alpha"": 2.0, ""lr"": 0.03, ""p_sel"": 0.5}",0.9811540555555556,1080,ok,35e401317736042baf5595b3adbaa0db1a9b91adfe519beab6704d16adbecd7b,0.9595459444444445,0.9620101440000001,$HISTOPATH_DATA/v2/runs_tune/S/c17/fold0/lisa__lr=0.03__s0.json
S,c17,0,mixstyle,"lr=0.03,ms_alpha=0.3,ms_p=1","{""lr"": 0.03, ""ms_alpha"": 0.3, ""ms_p"": 1.0}",0.9873663888888888,1200,ok,35e401317736042baf5595b3adbaa0db1a9b91adfe519beab6704d16adbecd7b,0.9704149305555556,0.9471550144,"$HISTOPATH_DATA/v2/runs_tune/S/c17/fold0/mixstyle__lr=0.03,ms_alpha=0.3,ms_p=1__s0.json"
S,c17,0,mixstyle,"lr=0.03,ms_alpha=0.3","{""lr"": 0.03, ""ms_alpha"": 0.3, ""ms_p"": 0.5}",0.98802475,1200,ok,35e401317736042baf5595b3adbaa0db1a9b91adfe519beab6704d16adbecd7b,0.9722762500000001,0.9774672128,"$HISTOPATH_DATA/v2/runs_tune/S/c17/fold0/mixstyle__lr=0.03,ms_alpha=0.3__s0.json"
S,c17,0,mixstyle,"lr=0.03,ms_p=1","{""lr"": 0.03, ""ms_alpha"": 0.1, ""ms_p"": 1.0}",0.987048611111111,1200,ok,35e401317736042baf5595b3adbaa0db1a9b91adfe519beab6704d16adbecd7b,0.9809526666666667,0.9599305856,"$HISTOPATH_DATA/v2/runs_tune/S/c17/fold0/mixstyle__lr=0.03,ms_p=1__s0.json"
S,c17,0,mixstyle,lr=0.03,"{""lr"": 0.03, ""ms_alpha"": 0.1, ""ms_p"": 0.5}",0.9882525277777778,1080,ok,35e401317736042baf5595b3adbaa0db1a9b91adfe519beab6704d16adbecd7b,0.9805852777777778,0.9759068223999999,$HISTOPATH_DATA/v2/runs_tune/S/c17/fold0/mixstyle__lr=0.03__s0.json
S,c17,0,sam,"lr=0.03,rho=0.02","{""lr"": 0.03, ""rho"": 0.02}",0.9919203055555555,360,ok,35e401317736042baf5595b3adbaa0db1a9b91adfe519beab6704d16adbecd7b,0.9863135555555556,0.9736064383999999,"$HISTOPATH_DATA/v2/runs_tune/S/c17/fold0/sam__lr=0.03,rho=0.02__s0.json"
S,c17,0,sam,"lr=0.03,rho=0.1","{""lr"": 0.03, ""rho"": 0.1}",0.9904865277777778,360,ok,35e401317736042baf5595b3adbaa0db1a9b91adfe519beab6704d16adbecd7b,0.9891547222222221,0.9756966271999999,"$HISTOPATH_DATA/v2/runs_tune/S/c17/fold0/sam__lr=0.03,rho=0.1__s0.json"
S,c17,0,sam,lr=0.03,"{""lr"": 0.03, ""rho"": 0.05}",0.9923295277777778,360,ok,35e401317736042baf5595b3adbaa0db1a9b91adfe519beab6704d16adbecd7b,0.9866549722222221,0.9710137856000001,$HISTOPATH_DATA/v2/runs_tune/S/c17/fold0/sam__lr=0.03__s0.json
S,c17,1,coral,"coral_lambda=0.1,lr=0.03","{""coral_lambda"": 0.1, ""lr"": 0.03}",0.9878046388888889,120,ok,8b2b294a8db36011a9f2be29cdb2501e8eda8a3da0399af5e44e7f4b2dcbe186,0.9669893611111113,0.9535520799999998,"$HISTOPATH_DATA/v2/runs_tune/S/c17/fold1/coral__coral_lambda=0.1,lr=0.03__s0.json"
S,c17,1,coral,"coral_lambda=10,lr=0.03","{""coral_lambda"": 10.0, ""lr"": 0.03}",0.9795403333333333,840,ok,8b2b294a8db36011a9f2be29cdb2501e8eda8a3da0399af5e44e7f4b2dcbe186,0.9806321388888889,0.9646905759999999,"$HISTOPATH_DATA/v2/runs_tune/S/c17/fold1/coral__coral_lambda=10,lr=0.03__s0.json"
S,c17,1,coral,lr=0.03,"{""coral_lambda"": 1.0, ""lr"": 0.03}",0.9719687222222221,600,ok,8b2b294a8db36011a9f2be29cdb2501e8eda8a3da0399af5e44e7f4b2dcbe186,0.9736150555555554,0.9476064448,$HISTOPATH_DATA/v2/runs_tune/S/c17/fold1/coral__lr=0.03__s0.json
S,c17,1,erm,default,"{""lr"": 0.003}",0.9513300277777779,1080,ok,8b2b294a8db36011a9f2be29cdb2501e8eda8a3da0399af5e44e7f4b2dcbe186,0.9702519305555555,0.9495269120000002,$HISTOPATH_DATA/v2/runs_tune/S/c17/fold1/erm__default__s0.json
S,c17,1,erm,lr=0.001,"{""lr"": 0.001}",0.9472681111111112,1080,ok,8b2b294a8db36011a9f2be29cdb2501e8eda8a3da0399af5e44e7f4b2dcbe186,0.9696338333333334,0.92711856,$HISTOPATH_DATA/v2/runs_tune/S/c17/fold1/erm__lr=0.001__s0.json
S,c17,1,erm,lr=0.01,"{""lr"": 0.01}",0.9629341111111112,360,ok,8b2b294a8db36011a9f2be29cdb2501e8eda8a3da0399af5e44e7f4b2dcbe186,0.9404020833333333,0.9234865632,$HISTOPATH_DATA/v2/runs_tune/S/c17/fold1/erm__lr=0.01__s0.json
S,c17,1,erm,lr=0.03,"{""lr"": 0.03}",0.9767916666666667,120,ok,8b2b294a8db36011a9f2be29cdb2501e8eda8a3da0399af5e44e7f4b2dcbe186,0.9591492222222222,0.939397632,$HISTOPATH_DATA/v2/runs_tune/S/c17/fold1/erm__lr=0.03__s0.json
S,c17,1,erm,lr=0.1,"{""lr"": 0.1}",0.95438875,240,ok,8b2b294a8db36011a9f2be29cdb2501e8eda8a3da0399af5e44e7f4b2dcbe186,0.8899814444444445,0.8617026752000001,$HISTOPATH_DATA/v2/runs_tune/S/c17/fold1/erm__lr=0.1__s0.json
S,c17,1,erm_lunit_bt,default,"{""lr"": 0.003}",0.9700564999999999,600,ok,8b2b294a8db36011a9f2be29cdb2501e8eda8a3da0399af5e44e7f4b2dcbe186,0.9883802222222223,0.9707962208,$HISTOPATH_DATA/v2/runs_tune/S/c17/fold1/erm_lunit_bt__default__s0.json
S,c17,1,erm_lunit_bt,lr=0.0003,"{""lr"": 0.0003}",0.9677801666666667,720,ok,8b2b294a8db36011a9f2be29cdb2501e8eda8a3da0399af5e44e7f4b2dcbe186,0.9774288055555557,0.9535409344,$HISTOPATH_DATA/v2/runs_tune/S/c17/fold1/erm_lunit_bt__lr=0.0003__s0.json
S,c17,1,erm_lunit_bt,lr=0.001,"{""lr"": 0.001}",0.9699241388888888,240,ok,8b2b294a8db36011a9f2be29cdb2501e8eda8a3da0399af5e44e7f4b2dcbe186,0.9801241944444443,0.9580373439999998,$HISTOPATH_DATA/v2/runs_tune/S/c17/fold1/erm_lunit_bt__lr=0.001__s0.json
S,c17,1,erm_lunit_bt,lr=0.01,"{""lr"": 0.01}",0.9720231388888889,240,ok,8b2b294a8db36011a9f2be29cdb2501e8eda8a3da0399af5e44e7f4b2dcbe186,0.9886244444444445,0.9768113344,$HISTOPATH_DATA/v2/runs_tune/S/c17/fold1/erm_lunit_bt__lr=0.01__s0.json
S,c17,1,erm_lunit_bt,lr=0.03,"{""lr"": 0.03}",0.9759075555555555,360,ok,8b2b294a8db36011a9f2be29cdb2501e8eda8a3da0399af5e44e7f4b2dcbe186,0.9642899444444445,0.9201630912000001,$HISTOPATH_DATA/v2/runs_tune/S/c17/fold1/erm_lunit_bt__lr=0.03__s0.json
S,c17,1,erm_lunit_dino,default,"{""lr"": 3e-05}",0.9931288333333332,600,ok,8b2b294a8db36011a9f2be29cdb2501e8eda8a3da0399af5e44e7f4b2dcbe186,0.9964210555555556,0.9895198463999999,$HISTOPATH_DATA/v2/runs_tune/S/c17/fold1/erm_lunit_dino__default__s0.json
S,c17,1,erm_lunit_dino,lr=0.0001,"{""lr"": 0.0001}",0.9903619444444445,840,ok,8b2b294a8db36011a9f2be29cdb2501e8eda8a3da0399af5e44e7f4b2dcbe186,0.9958975555555555,0.9812149279999999,$HISTOPATH_DATA/v2/runs_tune/S/c17/fold1/erm_lunit_dino__lr=0.0001__s0.json
S,c17,1,erm_lunit_dino,lr=1e-05,"{""lr"": 1e-05}",0.9914406388888889,1200,ok,8b2b294a8db36011a9f2be29cdb2501e8eda8a3da0399af5e44e7f4b2dcbe186,0.9964608611111111,0.9896858719999999,$HISTOPATH_DATA/v2/runs_tune/S/c17/fold1/erm_lunit_dino__lr=1e-05__s0.json
S,c17,1,fish,"lr=0.03,meta_lr=0.01","{""lr"": 0.03, ""meta_lr"": 0.01}",0.9507651388888889,840,ok,8b2b294a8db36011a9f2be29cdb2501e8eda8a3da0399af5e44e7f4b2dcbe186,0.9306287777777777,0.7741159712000001,"$HISTOPATH_DATA/v2/runs_tune/S/c17/fold1/fish__lr=0.03,meta_lr=0.01__s0.json"
S,c17,1,fish,"lr=0.03,meta_lr=0.05","{""lr"": 0.03, ""meta_lr"": 0.05}",0.9665226944444445,720,ok,8b2b294a8db36011a9f2be29cdb2501e8eda8a3da0399af5e44e7f4b2dcbe186,0.9320795277777778,0.8584489823999999,"$HISTOPATH_DATA/v2/runs_tune/S/c17/fold1/fish__lr=0.03,meta_lr=0.05__s0.json"
S,c17,1,fish,"lr=0.03,meta_lr=0.5","{""lr"": 0.03, ""meta_lr"": 0.5}",0.9740532777777777,120,ok,8b2b294a8db36011a9f2be29cdb2501e8eda8a3da0399af5e44e7f4b2dcbe186,0.9032988333333334,0.8876123296,"$HISTOPATH_DATA/v2/runs_tune/S/c17/fold1/fish__lr=0.03,meta_lr=0.5__s0.json"
S,c17,1,fish,lr=0.03,"{""lr"": 0.03, ""meta_lr"": 0.1}",0.9669114722222223,360,ok,8b2b294a8db36011a9f2be29cdb2501e8eda8a3da0399af5e44e7f4b2dcbe186,0.8929609027777778,0.9024573695999999,$HISTOPATH_DATA/v2/runs_tune/S/c17/fold1/fish__lr=0.03__s0.json
S,c17,1,groupdro,"eta=0.001,lr=0.03","{""eta"": 0.001, ""lr"": 0.03}",0.9609024444444445,840,ok,8b2b294a8db36011a9f2be29cdb2501e8eda8a3da0399af5e44e7f4b2dcbe186,0.9774836111111112,0.9559395136,"$HISTOPATH_DATA/v2/runs_tune/S/c17/fold1/groupdro__eta=0.001,lr=0.03__s0.json"
S,c17,1,groupdro,"eta=0.1,lr=0.03","{""eta"": 0.1, ""lr"": 0.03}",0.9836205277777776,120,ok,8b2b294a8db36011a9f2be29cdb2501e8eda8a3da0399af5e44e7f4b2dcbe186,0.9383158055555556,0.9404413120000001,"$HISTOPATH_DATA/v2/runs_tune/S/c17/fold1/groupdro__eta=0.1,lr=0.03__s0.json"
S,c17,1,groupdro,lr=0.03,"{""eta"": 0.01, ""lr"": 0.03}",0.9811795555555556,120,ok,8b2b294a8db36011a9f2be29cdb2501e8eda8a3da0399af5e44e7f4b2dcbe186,0.9771569444444446,0.9524659008,$HISTOPATH_DATA/v2/runs_tune/S/c17/fold1/groupdro__lr=0.03__s0.json
S,c17,1,he_jitter,"jitter=0.2,lr=0.03","{""jitter"": 0.2, ""lr"": 0.03}",0.9914958611111111,600,ok,8b2b294a8db36011a9f2be29cdb2501e8eda8a3da0399af5e44e7f4b2dcbe186,0.98846575,0.9531630176,"$HISTOPATH_DATA/v2/runs_tune/S/c17/fold1/he_jitter__jitter=0.2,lr=0.03__s0.json"
S,c17,1,he_jitter,lr=0.03,"{""jitter"": 0.4, ""lr"": 0.03}",0.9864975,600,ok,8b2b294a8db36011a9f2be29cdb2501e8eda8a3da0399af5e44e7f4b2dcbe186,0.9928735000000001,0.9574230336,$HISTOPATH_DATA/v2/runs_tune/S/c17/fold1/he_jitter__lr=0.03__s0.json
S,c17,1,irm,"irm_lambda=1,lr=0.03","{""irm_lambda"": 1.0, ""lr"": 0.03}",0.9701093611111111,120,ok,8b2b294a8db36011a9f2be29cdb2501e8eda8a3da0399af5e44e7f4b2dcbe186,0.9302884722222223,0.956805824,"$HISTOPATH_DATA/v2/runs_tune/S/c17/fold1/irm__irm_lambda=1,lr=0.03__s0.json"
S,c17,1,irm,"irm_lambda=100,lr=0.03","{""irm_lambda"": 100.0, ""lr"": 0.03}",0.9701093611111111,120,diverged,8b2b294a8db36011a9f2be29cdb2501e8eda8a3da0399af5e44e7f4b2dcbe186,0.9302884722222223,0.956805824,"$HISTOPATH_DATA/v2/runs_tune/S/c17/fold1/irm__irm_lambda=100,lr=0.03__s0.json"
S,c17,1,irm,lr=0.03,"{""irm_lambda"": 10.0, ""lr"": 0.03}",0.9701093611111111,120,diverged,8b2b294a8db36011a9f2be29cdb2501e8eda8a3da0399af5e44e7f4b2dcbe186,0.9302884722222223,0.956805824,$HISTOPATH_DATA/v2/runs_tune/S/c17/fold1/irm__lr=0.03__s0.json
S,c17,1,lisa,"lisa_alpha=0.5,lr=0.03,p_sel=1","{""lisa_alpha"": 0.5, ""lr"": 0.03, ""p_sel"": 1.0}",0.9821418611111111,120,ok,8b2b294a8db36011a9f2be29cdb2501e8eda8a3da0399af5e44e7f4b2dcbe186,0.9432344722222223,0.9321533568,"$HISTOPATH_DATA/v2/runs_tune/S/c17/fold1/lisa__lisa_alpha=0.5,lr=0.03,p_sel=1__s0.json"
S,c17,1,lisa,"lisa_alpha=0.5,lr=0.03","{""lisa_alpha"": 0.5, ""lr"": 0.03, ""p_sel"": 0.5}",0.9632133888888889,120,ok,8b2b294a8db36011a9f2be29cdb2501e8eda8a3da0399af5e44e7f4b2dcbe186,0.9526923611111111,0.9302806911999999,"$HISTOPATH_DATA/v2/runs_tune/S/c17/fold1/lisa__lisa_alpha=0.5,lr=0.03__s0.json"
S,c17,1,lisa,"lr=0.03,p_sel=1","{""lisa_alpha"": 2.0, ""lr"": 0.03, ""p_sel"": 1.0}",0.9640135277777776,120,ok,8b2b294a8db36011a9f2be29cdb2501e8eda8a3da0399af5e44e7f4b2dcbe186,0.9253393472222222,0.9192914464,"$HISTOPATH_DATA/v2/runs_tune/S/c17/fold1/lisa__lr=0.03,p_sel=1__s0.json"
S,c17,1,lisa,lr=0.03,"{""lisa_alpha"": 2.0, ""lr"": 0.03, ""p_sel"": 0.5}",0.9748593611111112,480,ok,8b2b294a8db36011a9f2be29cdb2501e8eda8a3da0399af5e44e7f4b2dcbe186,0.9612403611111111,0.9430736608000002,$HISTOPATH_DATA/v2/runs_tune/S/c17/fold1/lisa__lr=0.03__s0.json
S,c17,1,mixstyle,"lr=0.03,ms_alpha=0.3,ms_p=1","{""lr"": 0.03, ""ms_alpha"": 0.3, ""ms_p"": 1.0}",0.9736515833333335,600,ok,8b2b294a8db36011a9f2be29cdb2501e8eda8a3da0399af5e44e7f4b2dcbe186,0.9383031388888888,0.9112806496000001,"$HISTOPATH_DATA/v2/runs_tune/S/c17/fold1/mixstyle__lr=0.03,ms_alpha=0.3,ms_p=1__s0.json"
S,c17,1,mixstyle,"lr=0.03,ms_alpha=0.3","{""lr"": 0.03, ""ms_alpha"": 0.3, ""ms_p"": 0.5}",0.9766692222222222,480,ok,8b2b294a8db36011a9f2be29cdb2501e8eda8a3da0399af5e44e7f4b2dcbe186,0.9772071944444444,0.9388765024,"$HISTOPATH_DATA/v2/runs_tune/S/c17/fold1/mixstyle__lr=0.03,ms_alpha=0.3__s0.json"
S,c17,1,mixstyle,"lr=0.03,ms_p=1","{""lr"": 0.03, ""ms_alpha"": 0.1, ""ms_p"": 1.0}",0.9697261388888889,600,ok,8b2b294a8db36011a9f2be29cdb2501e8eda8a3da0399af5e44e7f4b2dcbe186,0.9217483611111111,0.9402302976,"$HISTOPATH_DATA/v2/runs_tune/S/c17/fold1/mixstyle__lr=0.03,ms_p=1__s0.json"
S,c17,1,mixstyle,lr=0.03,"{""lr"": 0.03, ""ms_alpha"": 0.1, ""ms_p"": 0.5}",0.9666676527777777,600,ok,8b2b294a8db36011a9f2be29cdb2501e8eda8a3da0399af5e44e7f4b2dcbe186,0.9601197499999999,0.9418403071999999,$HISTOPATH_DATA/v2/runs_tune/S/c17/fold1/mixstyle__lr=0.03__s0.json
S,c17,1,sam,"lr=0.03,rho=0.02","{""lr"": 0.03, ""rho"": 0.02}",0.9697194444444444,600,ok,8b2b294a8db36011a9f2be29cdb2501e8eda8a3da0399af5e44e7f4b2dcbe186,0.9841175416666667,0.9645171775999999,"$HISTOPATH_DATA/v2/runs_tune/S/c17/fold1/sam__lr=0.03,rho=0.02__s0.json"
S,c17,1,sam,"lr=0.03,rho=0.1","{""lr"": 0.03, ""rho"": 0.1}",0.971354638888889,480,ok,8b2b294a8db36011a9f2be29cdb2501e8eda8a3da0399af5e44e7f4b2dcbe186,0.9677147500000001,0.9590051008,"$HISTOPATH_DATA/v2/runs_tune/S/c17/fold1/sam__lr=0.03,rho=0.1__s0.json"
S,c17,1,sam,lr=0.03,"{""lr"": 0.03, ""rho"": 0.05}",0.9657278888888887,120,ok,8b2b294a8db36011a9f2be29cdb2501e8eda8a3da0399af5e44e7f4b2dcbe186,0.9486801527777777,0.9424312255999999,$HISTOPATH_DATA/v2/runs_tune/S/c17/fold1/sam__lr=0.03__s0.json
S,c17,2,coral,"coral_lambda=0.1,lr=0.03","{""coral_lambda"": 0.1, ""lr"": 0.03}",0.9802009444444444,840,ok,26f00a1785fa4b786a34dbae9e4d3ecd27249a0c12fe924c2100e62334a6f4ae,0.9672444722222222,0.8114766752,"$HISTOPATH_DATA/v2/runs_tune/S/c17/fold2/coral__coral_lambda=0.1,lr=0.03__s0.json"
S,c17,2,coral,"coral_lambda=10,lr=0.03","{""coral_lambda"": 10.0, ""lr"": 0.03}",0.9868148888888888,480,ok,26f00a1785fa4b786a34dbae9e4d3ecd27249a0c12fe924c2100e62334a6f4ae,0.9532686388888889,0.9334122688000001,"$HISTOPATH_DATA/v2/runs_tune/S/c17/fold2/coral__coral_lambda=10,lr=0.03__s0.json"
S,c17,2,coral,lr=0.03,"{""coral_lambda"": 1.0, ""lr"": 0.03}",0.9824313055555556,480,ok,26f00a1785fa4b786a34dbae9e4d3ecd27249a0c12fe924c2100e62334a6f4ae,0.9619430277777778,0.8640193439999999,$HISTOPATH_DATA/v2/runs_tune/S/c17/fold2/coral__lr=0.03__s0.json
S,c17,2,erm,default,"{""lr"": 0.003}",0.9716239166666666,1080,ok,26f00a1785fa4b786a34dbae9e4d3ecd27249a0c12fe924c2100e62334a6f4ae,0.95807425,0.9195715808,$HISTOPATH_DATA/v2/runs_tune/S/c17/fold2/erm__default__s0.json
S,c17,2,erm,lr=0.001,"{""lr"": 0.001}",0.9614240277777778,1080,ok,26f00a1785fa4b786a34dbae9e4d3ecd27249a0c12fe924c2100e62334a6f4ae,0.944386861111111,0.9228827424000001,$HISTOPATH_DATA/v2/runs_tune/S/c17/fold2/erm__lr=0.001__s0.json
S,c17,2,erm,lr=0.01,"{""lr"": 0.01}",0.9368444166666667,480,ok,26f00a1785fa4b786a34dbae9e4d3ecd27249a0c12fe924c2100e62334a6f4ae,0.9635740555555556,0.9293212768,$HISTOPATH_DATA/v2/runs_tune/S/c17/fold2/erm__lr=0.01__s0.json
S,c17,2,erm,lr=0.03,"{""lr"": 0.03}",0.9826315833333333,600,ok,26f00a1785fa4b786a34dbae9e4d3ecd27249a0c12fe924c2100e62334a6f4ae,0.9708618333333333,0.8556144800000001,$HISTOPATH_DATA/v2/runs_tune/S/c17/fold2/erm__lr=0.03__s0.json
S,c17,2,erm,lr=0.1,"{""lr"": 0.1}",0.978141138888889,120,ok,26f00a1785fa4b786a34dbae9e4d3ecd27249a0c12fe924c2100e62334a6f4ae,0.9256423333333333,0.9136842688,$HISTOPATH_DATA/v2/runs_tune/S/c17/fold2/erm__lr=0.1__s0.json
S,c17,2,erm_lunit_bt,default,"{""lr"": 0.003}",0.9818071111111113,840,ok,26f00a1785fa4b786a34dbae9e4d3ecd27249a0c12fe924c2100e62334a6f4ae,0.9816446388888889,0.9826020736000001,$HISTOPATH_DATA/v2/runs_tune/S/c17/fold2/erm_lunit_bt__default__s0.json
S,c17,2,erm_lunit_bt,lr=0.0003,"{""lr"": 0.0003}",0.9715149444444445,1080,ok,26f00a1785fa4b786a34dbae9e4d3ecd27249a0c12fe924c2100e62334a6f4ae,0.9633353333333333,0.9769344959999999,$HISTOPATH_DATA/v2/runs_tune/S/c17/fold2/erm_lunit_bt__lr=0.0003__s0.json
S,c17,2,erm_lunit_bt,lr=0.001,"{""lr"": 0.001}",0.9762485555555557,840,ok,26f00a1785fa4b786a34dbae9e4d3ecd27249a0c12fe924c2100e62334a6f4ae,0.9747583611111111,0.9795370816,$HISTOPATH_DATA/v2/runs_tune/S/c17/fold2/erm_lunit_bt__lr=0.001__s0.json
S,c17,2,erm_lunit_bt,lr=0.01,"{""lr"": 0.01}",0.9864988055555555,840,ok,26f00a1785fa4b786a34dbae9e4d3ecd27249a0c12fe924c2100e62334a6f4ae,0.9850378611111112,0.9834685567999999,$HISTOPATH_DATA/v2/runs_tune/S/c17/fold2/erm_lunit_bt__lr=0.01__s0.json
S,c17,2,erm_lunit_bt,lr=0.03,"{""lr"": 0.03}",0.9887011944444444,1080,ok,26f00a1785fa4b786a34dbae9e4d3ecd27249a0c12fe924c2100e62334a6f4ae,0.9828338055555556,0.9804320383999999,$HISTOPATH_DATA/v2/runs_tune/S/c17/fold2/erm_lunit_bt__lr=0.03__s0.json
S,c17,2,erm_lunit_dino,default,"{""lr"": 3e-05}",0.994502861111111,720,ok,26f00a1785fa4b786a34dbae9e4d3ecd27249a0c12fe924c2100e62334a6f4ae,0.9882768888888889,0.9952974656000001,$HISTOPATH_DATA/v2/runs_tune/S/c17/fold2/erm_lunit_dino__default__s0.json
S,c17,2,erm_lunit_dino,lr=0.0001,"{""lr"": 0.0001}",0.9954391388888889,480,ok,26f00a1785fa4b786a34dbae9e4d3ecd27249a0c12fe924c2100e62334a6f4ae,0.9734251944444445,0.9897973375999999,$HISTOPATH_DATA/v2/runs_tune/S/c17/fold2/erm_lunit_dino__lr=0.0001__s0.json
S,c17,2,erm_lunit_dino,lr=1e-05,"{""lr"": 1e-05}",0.9938280833333334,480,ok,26f00a1785fa4b786a34dbae9e4d3ecd27249a0c12fe924c2100e62334a6f4ae,0.9877986666666667,0.9945818112000001,$HISTOPATH_DATA/v2/runs_tune/S/c17/fold2/erm_lunit_dino__lr=1e-05__s0.json
S,c17,2,fish,"lr=0.03,meta_lr=0.01","{""lr"": 0.03, ""meta_lr"": 0.01}",0.9344708888888889,1080,ok,26f00a1785fa4b786a34dbae9e4d3ecd27249a0c12fe924c2100e62334a6f4ae,0.9398391944444445,0.8582904576,"$HISTOPATH_DATA/v2/runs_tune/S/c17/fold2/fish__lr=0.03,meta_lr=0.01__s0.json"
S,c17,2,fish,"lr=0.03,meta_lr=0.05","{""lr"": 0.03, ""meta_lr"": 0.05}",0.9704801944444444,1080,ok,26f00a1785fa4b786a34dbae9e4d3ecd27249a0c12fe924c2100e62334a6f4ae,0.9638229166666668,0.8878553504000001,"$HISTOPATH_DATA/v2/runs_tune/S/c17/fold2/fish__lr=0.03,meta_lr=0.05__s0.json"
S,c17,2,fish,"lr=0.03,meta_lr=0.5","{""lr"": 0.03, ""meta_lr"": 0.5}",0.9851235833333333,360,ok,26f00a1785fa4b786a34dbae9e4d3ecd27249a0c12fe924c2100e62334a6f4ae,0.9258571388888889,0.9038416128,"$HISTOPATH_DATA/v2/runs_tune/S/c17/fold2/fish__lr=0.03,meta_lr=0.5__s0.json"
S,c17,2,fish,lr=0.03,"{""lr"": 0.03, ""meta_lr"": 0.1}",0.9834566944444445,720,ok,26f00a1785fa4b786a34dbae9e4d3ecd27249a0c12fe924c2100e62334a6f4ae,0.9749797222222222,0.9114460640000001,$HISTOPATH_DATA/v2/runs_tune/S/c17/fold2/fish__lr=0.03__s0.json
S,c17,2,groupdro,"eta=0.001,lr=0.03","{""eta"": 0.001, ""lr"": 0.03}",0.9820830277777778,480,ok,26f00a1785fa4b786a34dbae9e4d3ecd27249a0c12fe924c2100e62334a6f4ae,0.9642490555555556,0.8177213536000001,"$HISTOPATH_DATA/v2/runs_tune/S/c17/fold2/groupdro__eta=0.001,lr=0.03__s0.json"
S,c17,2,groupdro,"eta=0.1,lr=0.03","{""eta"": 0.1, ""lr"": 0.03}",0.9876817222222223,720,ok,26f00a1785fa4b786a34dbae9e4d3ecd27249a0c12fe924c2100e62334a6f4ae,0.9652892777777778,0.7688657664,"$HISTOPATH_DATA/v2/runs_tune/S/c17/fold2/groupdro__eta=0.1,lr=0.03__s0.json"
S,c17,2,groupdro,lr=0.03,"{""eta"": 0.01, ""lr"": 0.03}",0.985925375,1080,ok,26f00a1785fa4b786a34dbae9e4d3ecd27249a0c12fe924c2100e62334a6f4ae,0.9792185277777776,0.9058997376000002,$HISTOPATH_DATA/v2/runs_tune/S/c17/fold2/groupdro__lr=0.03__s0.json
S,c17,2,he_jitter,"jitter=0.2,lr=0.03","{""jitter"": 0.2, ""lr"": 0.03}",0.9897406111111113,840,ok,26f00a1785fa4b786a34dbae9e4d3ecd27249a0c12fe924c2100e62334a6f4ae,0.9770374722222224,0.9727972672,"$HISTOPATH_DATA/v2/runs_tune/S/c17/fold2/he_jitter__jitter=0.2,lr=0.03__s0.json"
S,c17,2,he_jitter,lr=0.03,"{""jitter"": 0.4, ""lr"": 0.03}",0.9895443888888888,480,ok,26f00a1785fa4b786a34dbae9e4d3ecd27249a0c12fe924c2100e62334a6f4ae,0.9736998888888888,0.9816508223999998,$HISTOPATH_DATA/v2/runs_tune/S/c17/fold2/he_jitter__lr=0.03__s0.json
S,c17,2,irm,"irm_lambda=1,lr=0.03","{""irm_lambda"": 1.0, ""lr"": 0.03}",0.9823446944444444,600,ok,26f00a1785fa4b786a34dbae9e4d3ecd27249a0c12fe924c2100e62334a6f4ae,0.9699683055555557,0.9055530815999999,"$HISTOPATH_DATA/v2/runs_tune/S/c17/fold2/irm__irm_lambda=1,lr=0.03__s0.json"
S,c17,2,irm,"irm_lambda=100,lr=0.03","{""irm_lambda"": 100.0, ""lr"": 0.03}",0.9755888194444445,120,diverged,26f00a1785fa4b786a34dbae9e4d3ecd27249a0c12fe924c2100e62334a6f4ae,0.9731349166666666,0.9486382943999999,"$HISTOPATH_DATA/v2/runs_tune/S/c17/fold2/irm__irm_lambda=100,lr=0.03__s0.json"
S,c17,2,irm,lr=0.03,"{""irm_lambda"": 10.0, ""lr"": 0.03}",0.9755888194444445,120,diverged,26f00a1785fa4b786a34dbae9e4d3ecd27249a0c12fe924c2100e62334a6f4ae,0.9731349166666666,0.9486382943999999,$HISTOPATH_DATA/v2/runs_tune/S/c17/fold2/irm__lr=0.03__s0.json
S,c17,2,lisa,"lisa_alpha=0.5,lr=0.03,p_sel=1","{""lisa_alpha"": 0.5, ""lr"": 0.03, ""p_sel"": 1.0}",0.9821537499999999,600,ok,26f00a1785fa4b786a34dbae9e4d3ecd27249a0c12fe924c2100e62334a6f4ae,0.9330234444444445,0.9266510399999999,"$HISTOPATH_DATA/v2/runs_tune/S/c17/fold2/lisa__lisa_alpha=0.5,lr=0.03,p_sel=1__s0.json"
S,c17,2,lisa,"lisa_alpha=0.5,lr=0.03","{""lisa_alpha"": 0.5, ""lr"": 0.03, ""p_sel"": 0.5}",0.9846166111111111,480,ok,26f00a1785fa4b786a34dbae9e4d3ecd27249a0c12fe924c2100e62334a6f4ae,0.9627927500000001,0.9464480096,"$HISTOPATH_DATA/v2/runs_tune/S/c17/fold2/lisa__lisa_alpha=0.5,lr=0.03__s0.json"
S,c17,2,lisa,"lr=0.03,p_sel=1","{""lisa_alpha"": 2.0, ""lr"": 0.03, ""p_sel"": 1.0}",0.9808451666666667,480,ok,26f00a1785fa4b786a34dbae9e4d3ecd27249a0c12fe924c2100e62334a6f4ae,0.9628241111111111,0.9111231488000001,"$HISTOPATH_DATA/v2/runs_tune/S/c17/fold2/lisa__lr=0.03,p_sel=1__s0.json"
S,c17,2,lisa,lr=0.03,"{""lisa_alpha"": 2.0, ""lr"": 0.03, ""p_sel"": 0.5}",0.9449242499999999,600,ok,26f00a1785fa4b786a34dbae9e4d3ecd27249a0c12fe924c2100e62334a6f4ae,0.9564230833333333,0.8375157728,$HISTOPATH_DATA/v2/runs_tune/S/c17/fold2/lisa__lr=0.03__s0.json
S,c17,2,mixstyle,"lr=0.03,ms_alpha=0.3,ms_p=1","{""lr"": 0.03, ""ms_alpha"": 0.3, ""ms_p"": 1.0}",0.9822071111111111,480,ok,26f00a1785fa4b786a34dbae9e4d3ecd27249a0c12fe924c2100e62334a6f4ae,0.9582644444444444,0.8635550943999999,"$HISTOPATH_DATA/v2/runs_tune/S/c17/fold2/mixstyle__lr=0.03,ms_alpha=0.3,ms_p=1__s0.json"
S,c17,2,mixstyle,"lr=0.03,ms_alpha=0.3","{""lr"": 0.03, ""ms_alpha"": 0.3, ""ms_p"": 0.5}",0.9874447222222223,360,ok,26f00a1785fa4b786a34dbae9e4d3ecd27249a0c12fe924c2100e62334a6f4ae,0.965707277777778,0.9676664320000001,"$HISTOPATH_DATA/v2/runs_tune/S/c17/fold2/mixstyle__lr=0.03,ms_alpha=0.3__s0.json"
S,c17,2,mixstyle,"lr=0.03,ms_p=1","{""lr"": 0.03, ""ms_alpha"": 0.1, ""ms_p"": 1.0}",0.9885916388888889,480,ok,26f00a1785fa4b786a34dbae9e4d3ecd27249a0c12fe924c2100e62334a6f4ae,0.9728028055555555,0.9000527424,"$HISTOPATH_DATA/v2/runs_tune/S/c17/fold2/mixstyle__lr=0.03,ms_p=1__s0.json"
S,c17,2,mixstyle,lr=0.03,"{""lr"": 0.03, ""ms_alpha"": 0.1, ""ms_p"": 0.5}",0.97856275,1200,ok,26f00a1785fa4b786a34dbae9e4d3ecd27249a0c12fe924c2100e62334a6f4ae,0.9711695277777779,0.9235283456000001,$HISTOPATH_DATA/v2/runs_tune/S/c17/fold2/mixstyle__lr=0.03__s0.json
S,c17,2,sam,"lr=0.03,rho=0.02","{""lr"": 0.03, ""rho"": 0.02}",0.9842307499999998,480,ok,26f00a1785fa4b786a34dbae9e4d3ecd27249a0c12fe924c2100e62334a6f4ae,0.9520489444444444,0.9251183935999999,"$HISTOPATH_DATA/v2/runs_tune/S/c17/fold2/sam__lr=0.03,rho=0.02__s0.json"
S,c17,2,sam,"lr=0.03,rho=0.1","{""lr"": 0.03, ""rho"": 0.1}",0.9884963333333334,480,ok,26f00a1785fa4b786a34dbae9e4d3ecd27249a0c12fe924c2100e62334a6f4ae,0.9760147499999998,0.8755867648,"$HISTOPATH_DATA/v2/runs_tune/S/c17/fold2/sam__lr=0.03,rho=0.1__s0.json"
S,c17,2,sam,lr=0.03,"{""lr"": 0.03, ""rho"": 0.05}",0.9860074999999999,480,ok,26f00a1785fa4b786a34dbae9e4d3ecd27249a0c12fe924c2100e62334a6f4ae,0.9644961111111111,0.9152499519999998,$HISTOPATH_DATA/v2/runs_tune/S/c17/fold2/sam__lr=0.03__s0.json
S,c17,3,coral,"coral_lambda=0.1,lr=0.1","{""coral_lambda"": 0.1, ""lr"": 0.1}",0.9663455972222222,480,ok,0e569f448e5dc2ffd28854df6f3bf6b46cb3dfd3e876032711e60022eb53a74e,0.8791463055555556,0.9895810304,"$HISTOPATH_DATA/v2/runs_tune/S/c17/fold3/coral__coral_lambda=0.1,lr=0.1__s0.json"
S,c17,3,coral,"coral_lambda=10,lr=0.1","{""coral_lambda"": 10.0, ""lr"": 0.1}",0.9845782222222221,960,ok,0e569f448e5dc2ffd28854df6f3bf6b46cb3dfd3e876032711e60022eb53a74e,0.8710983333333333,0.9905678527999998,"$HISTOPATH_DATA/v2/runs_tune/S/c17/fold3/coral__coral_lambda=10,lr=0.1__s0.json"
S,c17,3,coral,lr=0.1,"{""coral_lambda"": 1.0, ""lr"": 0.1}",0.9873742500000002,960,ok,0e569f448e5dc2ffd28854df6f3bf6b46cb3dfd3e876032711e60022eb53a74e,0.9477908333333332,0.9861301632,$HISTOPATH_DATA/v2/runs_tune/S/c17/fold3/coral__lr=0.1__s0.json
S,c17,3,erm,default,"{""lr"": 0.003}",0.9682809722222223,720,ok,0e569f448e5dc2ffd28854df6f3bf6b46cb3dfd3e876032711e60022eb53a74e,0.9624007777777777,0.9836064384000001,$HISTOPATH_DATA/v2/runs_tune/S/c17/fold3/erm__default__s0.json
S,c17,3,erm,lr=0.001,"{""lr"": 0.001}",0.9552348611111112,960,ok,0e569f448e5dc2ffd28854df6f3bf6b46cb3dfd3e876032711e60022eb53a74e,0.964287,0.9733444287999999,$HISTOPATH_DATA/v2/runs_tune/S/c17/fold3/erm__lr=0.001__s0.json
S,c17,3,erm,lr=0.01,"{""lr"": 0.01}",0.973368,480,ok,0e569f448e5dc2ffd28854df6f3bf6b46cb3dfd3e876032711e60022eb53a74e,0.9406514444444445,0.9848707711999999,$HISTOPATH_DATA/v2/runs_tune/S/c17/fold3/erm__lr=0.01__s0.json
S,c17,3,erm,lr=0.03,"{""lr"": 0.03}",0.9703943055555556,960,ok,0e569f448e5dc2ffd28854df6f3bf6b46cb3dfd3e876032711e60022eb53a74e,0.9014544999999998,0.9868010176,$HISTOPATH_DATA/v2/runs_tune/S/c17/fold3/erm__lr=0.03__s0.json
S,c17,3,erm,lr=0.1,"{""lr"": 0.1}",0.9836860833333334,600,ok,0e569f448e5dc2ffd28854df6f3bf6b46cb3dfd3e876032711e60022eb53a74e,0.9049564999999999,0.986231584,$HISTOPATH_DATA/v2/runs_tune/S/c17/fold3/erm__lr=0.1__s0.json
S,c17,3,erm_lunit_bt,default,"{""lr"": 0.003}",0.9856610555555556,720,ok,0e569f448e5dc2ffd28854df6f3bf6b46cb3dfd3e876032711e60022eb53a74e,0.9852623333333334,0.9867306432000001,$HISTOPATH_DATA/v2/runs_tune/S/c17/fold3/erm_lunit_bt__default__s0.json
S,c17,3,erm_lunit_bt,lr=0.0003,"{""lr"": 0.0003}",0.979251388888889,960,ok,0e569f448e5dc2ffd28854df6f3bf6b46cb3dfd3e876032711e60022eb53a74e,0.9796161666666665,0.9779405247999999,$HISTOPATH_DATA/v2/runs_tune/S/c17/fold3/erm_lunit_bt__lr=0.0003__s0.json
S,c17,3,erm_lunit_bt,lr=0.001,"{""lr"": 0.001}",0.9843845277777779,960,ok,0e569f448e5dc2ffd28854df6f3bf6b46cb3dfd3e876032711e60022eb53a74e,0.9823465833333335,0.982771104,$HISTOPATH_DATA/v2/runs_tune/S/c17/fold3/erm_lunit_bt__lr=0.001__s0.json
S,c17,3,erm_lunit_bt,lr=0.01,"{""lr"": 0.01}",0.9875944722222224,360,ok,0e569f448e5dc2ffd28854df6f3bf6b46cb3dfd3e876032711e60022eb53a74e,0.9835569444444443,0.9886782912000001,$HISTOPATH_DATA/v2/runs_tune/S/c17/fold3/erm_lunit_bt__lr=0.01__s0.json
S,c17,3,erm_lunit_bt,lr=0.03,"{""lr"": 0.03}",0.9326550833333334,600,ok,0e569f448e5dc2ffd28854df6f3bf6b46cb3dfd3e876032711e60022eb53a74e,0.9010049444444443,0.9547691264,$HISTOPATH_DATA/v2/runs_tune/S/c17/fold3/erm_lunit_bt__lr=0.03__s0.json
S,c17,3,erm_lunit_dino,default,"{""lr"": 3e-05}",0.9960052222222222,600,ok,0e569f448e5dc2ffd28854df6f3bf6b46cb3dfd3e876032711e60022eb53a74e,0.9949508055555555,0.9929292416000001,$HISTOPATH_DATA/v2/runs_tune/S/c17/fold3/erm_lunit_dino__default__s0.json
S,c17,3,erm_lunit_dino,lr=0.0001,"{""lr"": 0.0001}",0.9943200555555556,840,ok,0e569f448e5dc2ffd28854df6f3bf6b46cb3dfd3e876032711e60022eb53a74e,0.994258611111111,0.993693632,$HISTOPATH_DATA/v2/runs_tune/S/c17/fold3/erm_lunit_dino__lr=0.0001__s0.json
S,c17,3,erm_lunit_dino,lr=1e-05,"{""lr"": 1e-05}",0.9947956666666667,600,ok,0e569f448e5dc2ffd28854df6f3bf6b46cb3dfd3e876032711e60022eb53a74e,0.993375388888889,0.9943691647999999,$HISTOPATH_DATA/v2/runs_tune/S/c17/fold3/erm_lunit_dino__lr=1e-05__s0.json
S,c17,3,fish,"lr=0.1,meta_lr=0.01","{""lr"": 0.1, ""meta_lr"": 0.01}",0.9826110555555555,1080,ok,0e569f448e5dc2ffd28854df6f3bf6b46cb3dfd3e876032711e60022eb53a74e,0.9482965,0.9832133888,"$HISTOPATH_DATA/v2/runs_tune/S/c17/fold3/fish__lr=0.1,meta_lr=0.01__s0.json"
S,c17,3,fish,"lr=0.1,meta_lr=0.05","{""lr"": 0.1, ""meta_lr"": 0.05}",0.9798981944444444,480,ok,0e569f448e5dc2ffd28854df6f3bf6b46cb3dfd3e876032711e60022eb53a74e,0.96400625,0.9817176639999998,"$HISTOPATH_DATA/v2/runs_tune/S/c17/fold3/fish__lr=0.1,meta_lr=0.05__s0.json"
S,c17,3,fish,"lr=0.1,meta_lr=0.5","{""lr"": 0.1, ""meta_lr"": 0.5}",0.9138288888888888,1080,ok,0e569f448e5dc2ffd28854df6f3bf6b46cb3dfd3e876032711e60022eb53a74e,0.9602066944444445,0.9712202592000001,"$HISTOPATH_DATA/v2/runs_tune/S/c17/fold3/fish__lr=0.1,meta_lr=0.5__s0.json"
S,c17,3,fish,lr=0.1,"{""lr"": 0.1, ""meta_lr"": 0.1}",0.9790128888888889,240,ok,0e569f448e5dc2ffd28854df6f3bf6b46cb3dfd3e876032711e60022eb53a74e,0.9597278055555556,0.9797709407999999,$HISTOPATH_DATA/v2/runs_tune/S/c17/fold3/fish__lr=0.1__s0.json
S,c17,3,groupdro,"eta=0.001,lr=0.1","{""eta"": 0.001, ""lr"": 0.1}",0.9597498888888889,840,ok,0e569f448e5dc2ffd28854df6f3bf6b46cb3dfd3e876032711e60022eb53a74e,0.8953475833333331,0.9769487967999999,"$HISTOPATH_DATA/v2/runs_tune/S/c17/fold3/groupdro__eta=0.001,lr=0.1__s0.json"
S,c17,3,groupdro,"eta=0.1,lr=0.1","{""eta"": 0.1, ""lr"": 0.1}",0.9597247222222222,1080,ok,0e569f448e5dc2ffd28854df6f3bf6b46cb3dfd3e876032711e60022eb53a74e,0.9488527222222221,0.9849693151999998,"$HISTOPATH_DATA/v2/runs_tune/S/c17/fold3/groupdro__eta=0.1,lr=0.1__s0.json"
S,c17,3,groupdro,lr=0.1,"{""eta"": 0.01, ""lr"": 0.1}",0.9716321111111111,960,ok,0e569f448e5dc2ffd28854df6f3bf6b46cb3dfd3e876032711e60022eb53a74e,0.9502788333333333,0.9862539648,$HISTOPATH_DATA/v2/runs_tune/S/c17/fold3/groupdro__lr=0.1__s0.json
S,c17,3,he_jitter,"jitter=0.2,lr=0.1","{""jitter"": 0.2, ""lr"": 0.1}",0.9779984722222221,600,ok,0e569f448e5dc2ffd28854df6f3bf6b46cb3dfd3e876032711e60022eb53a74e,0.9872016388888889,0.9874201088,"$HISTOPATH_DATA/v2/runs_tune/S/c17/fold3/he_jitter__jitter=0.2,lr=0.1__s0.json"
S,c17,3,he_jitter,lr=0.1,"{""jitter"": 0.4, ""lr"": 0.1}",0.9814622499999999,600,ok,0e569f448e5dc2ffd28854df6f3bf6b46cb3dfd3e876032711e60022eb53a74e,0.989473888888889,0.9893652256,$HISTOPATH_DATA/v2/runs_tune/S/c17/fold3/he_jitter__lr=0.1__s0.json
S,c17,3,irm,"irm_lambda=1,lr=0.1","{""irm_lambda"": 1.0, ""lr"": 0.1}",0.9683729722222222,600,ok,0e569f448e5dc2ffd28854df6f3bf6b46cb3dfd3e876032711e60022eb53a74e,0.9577309444444445,0.9778030560000001,"$HISTOPATH_DATA/v2/runs_tune/S/c17/fold3/irm__irm_lambda=1,lr=0.1__s0.json"
S,c17,3,irm,"irm_lambda=100,lr=0.1","{""irm_lambda"": 100.0, ""lr"": 0.1}",0.9360970000000001,120,diverged,0e569f448e5dc2ffd28854df6f3bf6b46cb3dfd3e876032711e60022eb53a74e,0.6229666527777777,0.8589081344,"$HISTOPATH_DATA/v2/runs_tune/S/c17/fold3/irm__irm_lambda=100,lr=0.1__s0.json"
S,c17,3,irm,lr=0.1,"{""irm_lambda"": 10.0, ""lr"": 0.1}",0.9360970000000001,120,diverged,0e569f448e5dc2ffd28854df6f3bf6b46cb3dfd3e876032711e60022eb53a74e,0.6229666527777777,0.8589081344,$HISTOPATH_DATA/v2/runs_tune/S/c17/fold3/irm__lr=0.1__s0.json
S,c17,3,lisa,"lisa_alpha=0.5,lr=0.1,p_sel=1","{""lisa_alpha"": 0.5, ""lr"": 0.1, ""p_sel"": 1.0}",0.9836475277777778,720,ok,0e569f448e5dc2ffd28854df6f3bf6b46cb3dfd3e876032711e60022eb53a74e,0.976909111111111,0.9795300800000001,"$HISTOPATH_DATA/v2/runs_tune/S/c17/fold3/lisa__lisa_alpha=0.5,lr=0.1,p_sel=1__s0.json"
S,c17,3,lisa,"lisa_alpha=0.5,lr=0.1","{""lisa_alpha"": 0.5, ""lr"": 0.1, ""p_sel"": 0.5}",0.9842366111111113,840,ok,0e569f448e5dc2ffd28854df6f3bf6b46cb3dfd3e876032711e60022eb53a74e,0.9274364305555556,0.9859146367999998,"$HISTOPATH_DATA/v2/runs_tune/S/c17/fold3/lisa__lisa_alpha=0.5,lr=0.1__s0.json"
S,c17,3,lisa,"lr=0.1,p_sel=1","{""lisa_alpha"": 2.0, ""lr"": 0.1, ""p_sel"": 1.0}",0.9851798888888887,600,ok,0e569f448e5dc2ffd28854df6f3bf6b46cb3dfd3e876032711e60022eb53a74e,0.9725700416666667,0.9815947456000002,"$HISTOPATH_DATA/v2/runs_tune/S/c17/fold3/lisa__lr=0.1,p_sel=1__s0.json"
S,c17,3,lisa,lr=0.1,"{""lisa_alpha"": 2.0, ""lr"": 0.1, ""p_sel"": 0.5}",0.984977,960,ok,0e569f448e5dc2ffd28854df6f3bf6b46cb3dfd3e876032711e60022eb53a74e,0.9585405555555556,0.9754595455999999,$HISTOPATH_DATA/v2/runs_tune/S/c17/fold3/lisa__lr=0.1__s0.json
S,c17,3,mixstyle,"lr=0.1,ms_alpha=0.3,ms_p=1","{""lr"": 0.1, ""ms_alpha"": 0.3, ""ms_p"": 1.0}",0.9776101388888888,1080,ok,0e569f448e5dc2ffd28854df6f3bf6b46cb3dfd3e876032711e60022eb53a74e,0.9579436666666666,0.9840595167999999,"$HISTOPATH_DATA/v2/runs_tune/S/c17/fold3/mixstyle__lr=0.1,ms_alpha=0.3,ms_p=1__s0.json"
S,c17,3,mixstyle,"lr=0.1,ms_alpha=0.3","{""lr"": 0.1, ""ms_alpha"": 0.3, ""ms_p"": 0.5}",0.9792982499999999,1080,ok,0e569f448e5dc2ffd28854df6f3bf6b46cb3dfd3e876032711e60022eb53a74e,0.9249309166666668,0.9848335296000001,"$HISTOPATH_DATA/v2/runs_tune/S/c17/fold3/mixstyle__lr=0.1,ms_alpha=0.3__s0.json"
S,c17,3,mixstyle,"lr=0.1,ms_p=1","{""lr"": 0.1, ""ms_alpha"": 0.1, ""ms_p"": 1.0}",0.9736140555555558,600,ok,0e569f448e5dc2ffd28854df6f3bf6b46cb3dfd3e876032711e60022eb53a74e,0.9631835277777777,0.9809532608,"$HISTOPATH_DATA/v2/runs_tune/S/c17/fold3/mixstyle__lr=0.1,ms_p=1__s0.json"
S,c17,3,mixstyle,lr=0.1,"{""lr"": 0.1, ""ms_alpha"": 0.1, ""ms_p"": 0.5}",0.9779323611111109,840,ok,0e569f448e5dc2ffd28854df6f3bf6b46cb3dfd3e876032711e60022eb53a74e,0.9202065277777779,0.9846778592,$HISTOPATH_DATA/v2/runs_tune/S/c17/fold3/mixstyle__lr=0.1__s0.json
S,c17,3,sam,"lr=0.1,rho=0.02","{""lr"": 0.1, ""rho"": 0.02}",0.9878147222222222,600,ok,0e569f448e5dc2ffd28854df6f3bf6b46cb3dfd3e876032711e60022eb53a74e,0.8632898055555556,0.9858638911999998,"$HISTOPATH_DATA/v2/runs_tune/S/c17/fold3/sam__lr=0.1,rho=0.02__s0.json"
S,c17,3,sam,"lr=0.1,rho=0.1","{""lr"": 0.1, ""rho"": 0.1}",0.9862810555555558,600,ok,0e569f448e5dc2ffd28854df6f3bf6b46cb3dfd3e876032711e60022eb53a74e,0.8849210555555556,0.9879096127999999,"$HISTOPATH_DATA/v2/runs_tune/S/c17/fold3/sam__lr=0.1,rho=0.1__s0.json"
S,c17,3,sam,lr=0.1,"{""lr"": 0.1, ""rho"": 0.05}",0.9884571666666667,960,ok,0e569f448e5dc2ffd28854df6f3bf6b46cb3dfd3e876032711e60022eb53a74e,0.9407069722222223,0.9868042464,$HISTOPATH_DATA/v2/runs_tune/S/c17/fold3/sam__lr=0.1__s0.json
S,c17,4,coral,"coral_lambda=0.1,lr=0.03","{""coral_lambda"": 0.1, ""lr"": 0.03}",0.9850399444444445,600,ok,a38a33d32aa634e5c504771fcc53ee65b92167c7591cac880875d6888091f029,0.9860455833333334,0.9862373311999999,"$HISTOPATH_DATA/v2/runs_tune/S/c17/fold4/coral__coral_lambda=0.1,lr=0.03__s0.json"
S,c17,4,coral,"coral_lambda=10,lr=0.03","{""coral_lambda"": 10.0, ""lr"": 0.03}",0.986313611111111,600,ok,a38a33d32aa634e5c504771fcc53ee65b92167c7591cac880875d6888091f029,0.9867962222222222,0.9856755328,"$HISTOPATH_DATA/v2/runs_tune/S/c17/fold4/coral__coral_lambda=10,lr=0.03__s0.json"
S,c17,4,coral,lr=0.03,"{""coral_lambda"": 1.0, ""lr"": 0.03}",0.9842416666666667,600,ok,a38a33d32aa634e5c504771fcc53ee65b92167c7591cac880875d6888091f029,0.9866061944444444,0.990039136,$HISTOPATH_DATA/v2/runs_tune/S/c17/fold4/coral__lr=0.03__s0.json
S,c17,4,erm,default,"{""lr"": 0.003}",0.9805145000000001,720,ok,a38a33d32aa634e5c504771fcc53ee65b92167c7591cac880875d6888091f029,0.98282175,0.9745099008,$HISTOPATH_DATA/v2/runs_tune/S/c17/fold4/erm__default__s0.json
S,c17,4,erm,lr=0.001,"{""lr"": 0.001}",0.9750555277777778,840,ok,a38a33d32aa634e5c504771fcc53ee65b92167c7591cac880875d6888091f029,0.97634525,0.9620391808000001,$HISTOPATH_DATA/v2/runs_tune/S/c17/fold4/erm__lr=0.001__s0.json
S,c17,4,erm,lr=0.01,"{""lr"": 0.01}",0.9826223611111111,840,ok,a38a33d32aa634e5c504771fcc53ee65b92167c7591cac880875d6888091f029,0.9853463888888889,0.98481328,$HISTOPATH_DATA/v2/runs_tune/S/c17/fold4/erm__lr=0.01__s0.json
S,c17,4,erm,lr=0.03,"{""lr"": 0.03}",0.9866935,600,ok,a38a33d32aa634e5c504771fcc53ee65b92167c7591cac880875d6888091f029,0.981903388888889,0.9846818432000001,$HISTOPATH_DATA/v2/runs_tune/S/c17/fold4/erm__lr=0.03__s0.json
S,c17,4,erm,lr=0.1,"{""lr"": 0.1}",0.9865735,720,ok,a38a33d32aa634e5c504771fcc53ee65b92167c7591cac880875d6888091f029,0.9672688611111111,0.9612571583999999,$HISTOPATH_DATA/v2/runs_tune/S/c17/fold4/erm__lr=0.1__s0.json
S,c17,4,erm_lunit_bt,default,"{""lr"": 0.003}",0.9874247500000001,600,ok,a38a33d32aa634e5c504771fcc53ee65b92167c7591cac880875d6888091f029,0.9887700555555555,0.9870557375999999,$HISTOPATH_DATA/v2/runs_tune/S/c17/fold4/erm_lunit_bt__default__s0.json
S,c17,4,erm_lunit_bt,lr=0.0003,"{""lr"": 0.0003}",0.9718129166666667,720,ok,a38a33d32aa634e5c504771fcc53ee65b92167c7591cac880875d6888091f029,0.9784909444444444,0.9775937792,$HISTOPATH_DATA/v2/runs_tune/S/c17/fold4/erm_lunit_bt__lr=0.0003__s0.json
S,c17,4,erm_lunit_bt,lr=0.001,"{""lr"": 0.001}",0.9807525277777778,720,ok,a38a33d32aa634e5c504771fcc53ee65b92167c7591cac880875d6888091f029,0.9830615694444444,0.9822158079999999,$HISTOPATH_DATA/v2/runs_tune/S/c17/fold4/erm_lunit_bt__lr=0.001__s0.json
S,c17,4,erm_lunit_bt,lr=0.01,"{""lr"": 0.01}",0.9902517222222221,600,ok,a38a33d32aa634e5c504771fcc53ee65b92167c7591cac880875d6888091f029,0.9885555277777779,0.9770157664000001,$HISTOPATH_DATA/v2/runs_tune/S/c17/fold4/erm_lunit_bt__lr=0.01__s0.json
S,c17,4,erm_lunit_bt,lr=0.03,"{""lr"": 0.03}",0.9893463888888889,600,ok,a38a33d32aa634e5c504771fcc53ee65b92167c7591cac880875d6888091f029,0.9858575555555557,0.9805308576,$HISTOPATH_DATA/v2/runs_tune/S/c17/fold4/erm_lunit_bt__lr=0.03__s0.json
S,c17,4,erm_lunit_dino,default,"{""lr"": 3e-05}",0.9947640555555556,120,ok,a38a33d32aa634e5c504771fcc53ee65b92167c7591cac880875d6888091f029,0.991036138888889,0.9816526272,$HISTOPATH_DATA/v2/runs_tune/S/c17/fold4/erm_lunit_dino__default__s0.json
S,c17,4,erm_lunit_dino,lr=0.0001,"{""lr"": 0.0001}",0.9936830555555556,960,ok,a38a33d32aa634e5c504771fcc53ee65b92167c7591cac880875d6888091f029,0.9830981111111111,0.9935316864,$HISTOPATH_DATA/v2/runs_tune/S/c17/fold4/erm_lunit_dino__lr=0.0001__s0.json
S,c17,4,erm_lunit_dino,lr=1e-05,"{""lr"": 1e-05}",0.9933911388888887,720,ok,a38a33d32aa634e5c504771fcc53ee65b92167c7591cac880875d6888091f029,0.9885893888888888,0.9831659391999998,$HISTOPATH_DATA/v2/runs_tune/S/c17/fold4/erm_lunit_dino__lr=1e-05__s0.json
S,c17,4,fish,"lr=0.03,meta_lr=0.01","{""lr"": 0.03, ""meta_lr"": 0.01}",0.9274364444444444,720,ok,a38a33d32aa634e5c504771fcc53ee65b92167c7591cac880875d6888091f029,0.9722965277777778,0.9509676512,"$HISTOPATH_DATA/v2/runs_tune/S/c17/fold4/fish__lr=0.03,meta_lr=0.01__s0.json"
S,c17,4,fish,"lr=0.03,meta_lr=0.05","{""lr"": 0.03, ""meta_lr"": 0.05}",0.9292389722222223,720,ok,a38a33d32aa634e5c504771fcc53ee65b92167c7591cac880875d6888091f029,0.979434138888889,0.967737504,"$HISTOPATH_DATA/v2/runs_tune/S/c17/fold4/fish__lr=0.03,meta_lr=0.05__s0.json"
S,c17,4,fish,"lr=0.03,meta_lr=0.5","{""lr"": 0.03, ""meta_lr"": 0.5}",0.9583869166666665,120,ok,a38a33d32aa634e5c504771fcc53ee65b92167c7591cac880875d6888091f029,0.9633289444444444,0.9123405568,"$HISTOPATH_DATA/v2/runs_tune/S/c17/fold4/fish__lr=0.03,meta_lr=0.5__s0.json"
S,c17,4,fish,lr=0.03,"{""lr"": 0.03, ""meta_lr"": 0.1}",0.9461732222222221,720,ok,a38a33d32aa634e5c504771fcc53ee65b92167c7591cac880875d6888091f029,0.9774242222222222,0.9656869439999999,$HISTOPATH_DATA/v2/runs_tune/S/c17/fold4/fish__lr=0.03__s0.json
S,c17,4,groupdro,"eta=0.001,lr=0.03","{""eta"": 0.001, ""lr"": 0.03}",0.9838906666666666,720,ok,a38a33d32aa634e5c504771fcc53ee65b92167c7591cac880875d6888091f029,0.9806990555555556,0.9856939968,"$HISTOPATH_DATA/v2/runs_tune/S/c17/fold4/groupdro__eta=0.001,lr=0.03__s0.json"
S,c17,4,groupdro,"eta=0.1,lr=0.03","{""eta"": 0.1, ""lr"": 0.03}",0.9821337222222223,240,ok,a38a33d32aa634e5c504771fcc53ee65b92167c7591cac880875d6888091f029,0.978634,0.9809633248,"$HISTOPATH_DATA/v2/runs_tune/S/c17/fold4/groupdro__eta=0.1,lr=0.03__s0.json"
S,c17,4,groupdro,lr=0.03,"{""eta"": 0.01, ""lr"": 0.03}",0.9840705555555556,600,ok,a38a33d32aa634e5c504771fcc53ee65b92167c7591cac880875d6888091f029,0.9862488611111109,0.9850312064,$HISTOPATH_DATA/v2/runs_tune/S/c17/fold4/groupdro__lr=0.03__s0.json
S,c17,4,he_jitter,"jitter=0.2,lr=0.03","{""jitter"": 0.2, ""lr"": 0.03}",0.983240888888889,720,ok,a38a33d32aa634e5c504771fcc53ee65b92167c7591cac880875d6888091f029,0.9815291944444444,0.9833174752,"$HISTOPATH_DATA/v2/runs_tune/S/c17/fold4/he_jitter__jitter=0.2,lr=0.03__s0.json"
S,c17,4,he_jitter,lr=0.03,"{""jitter"": 0.4, ""lr"": 0.03}",0.9861852500000001,720,ok,a38a33d32aa634e5c504771fcc53ee65b92167c7591cac880875d6888091f029,0.9832890416666668,0.9906515199999999,$HISTOPATH_DATA/v2/runs_tune/S/c17/fold4/he_jitter__lr=0.03__s0.json
S,c17,4,irm,"irm_lambda=1,lr=0.03","{""irm_lambda"": 1.0, ""lr"": 0.03}",0.9845212916666667,240,ok,a38a33d32aa634e5c504771fcc53ee65b92167c7591cac880875d6888091f029,0.9885915,0.9763866496,"$HISTOPATH_DATA/v2/runs_tune/S/c17/fold4/irm__irm_lambda=1,lr=0.03__s0.json"
S,c17,4,irm,"irm_lambda=100,lr=0.03","{""irm_lambda"": 100.0, ""lr"": 0.03}",0.9845212916666667,240,diverged,a38a33d32aa634e5c504771fcc53ee65b92167c7591cac880875d6888091f029,0.9885915,0.9763866496,"$HISTOPATH_DATA/v2/runs_tune/S/c17/fold4/irm__irm_lambda=100,lr=0.03__s0.json"
S,c17,4,irm,lr=0.03,"{""irm_lambda"": 10.0, ""lr"": 0.03}",0.9845212916666667,240,diverged,a38a33d32aa634e5c504771fcc53ee65b92167c7591cac880875d6888091f029,0.9885915,0.9763866496,$HISTOPATH_DATA/v2/runs_tune/S/c17/fold4/irm__lr=0.03__s0.json
S,c17,4,lisa,"lisa_alpha=0.5,lr=0.03,p_sel=1","{""lisa_alpha"": 0.5, ""lr"": 0.03, ""p_sel"": 1.0}",0.9879901944444445,360,ok,a38a33d32aa634e5c504771fcc53ee65b92167c7591cac880875d6888091f029,0.9811099444444444,0.9872413951999999,"$HISTOPATH_DATA/v2/runs_tune/S/c17/fold4/lisa__lisa_alpha=0.5,lr=0.03,p_sel=1__s0.json"
S,c17,4,lisa,"lisa_alpha=0.5,lr=0.03","{""lisa_alpha"": 0.5, ""lr"": 0.03, ""p_sel"": 0.5}",0.9819300277777777,1080,ok,a38a33d32aa634e5c504771fcc53ee65b92167c7591cac880875d6888091f029,0.9837349166666667,0.9626237248,"$HISTOPATH_DATA/v2/runs_tune/S/c17/fold4/lisa__lisa_alpha=0.5,lr=0.03__s0.json"
S,c17,4,lisa,"lr=0.03,p_sel=1","{""lisa_alpha"": 2.0, ""lr"": 0.03, ""p_sel"": 1.0}",0.9821173611111111,480,ok,a38a33d32aa634e5c504771fcc53ee65b92167c7591cac880875d6888091f029,0.9819639722222222,0.9509625792,"$HISTOPATH_DATA/v2/runs_tune/S/c17/fold4/lisa__lr=0.03,p_sel=1__s0.json"
S,c17,4,lisa,lr=0.03,"{""lisa_alpha"": 2.0, ""lr"": 0.03, ""p_sel"": 0.5}",0.9833335972222221,720,ok,a38a33d32aa634e5c504771fcc53ee65b92167c7591cac880875d6888091f029,0.9774756111111111,0.9834346944,$HISTOPATH_DATA/v2/runs_tune/S/c17/fold4/lisa__lr=0.03__s0.json
S,c17,4,mixstyle,"lr=0.03,ms_alpha=0.3,ms_p=1","{""lr"": 0.03, ""ms_alpha"": 0.3, ""ms_p"": 1.0}",0.9845801388888888,720,ok,a38a33d32aa634e5c504771fcc53ee65b92167c7591cac880875d6888091f029,0.9629946666666667,0.8807124992000002,"$HISTOPATH_DATA/v2/runs_tune/S/c17/fold4/mixstyle__lr=0.03,ms_alpha=0.3,ms_p=1__s0.json"
S,c17,4,mixstyle,"lr=0.03,ms_alpha=0.3","{""lr"": 0.03, ""ms_alpha"": 0.3, ""ms_p"": 0.5}",0.9828274444444445,120,ok,a38a33d32aa634e5c504771fcc53ee65b92167c7591cac880875d6888091f029,0.9666687777777778,0.9418540799999998,"$HISTOPATH_DATA/v2/runs_tune/S/c17/fold4/mixstyle__lr=0.03,ms_alpha=0.3__s0.json"
S,c17,4,mixstyle,"lr=0.03,ms_p=1","{""lr"": 0.03, ""ms_alpha"": 0.1, ""ms_p"": 1.0}",0.9833709444444443,720,ok,a38a33d32aa634e5c504771fcc53ee65b92167c7591cac880875d6888091f029,0.9651220555555555,0.8251238752,"$HISTOPATH_DATA/v2/runs_tune/S/c17/fold4/mixstyle__lr=0.03,ms_p=1__s0.json"
S,c17,4,mixstyle,lr=0.03,"{""lr"": 0.03, ""ms_alpha"": 0.1, ""ms_p"": 0.5}",0.9855686944444445,720,ok,a38a33d32aa634e5c504771fcc53ee65b92167c7591cac880875d6888091f029,0.968528638888889,0.9456588704,$HISTOPATH_DATA/v2/runs_tune/S/c17/fold4/mixstyle__lr=0.03__s0.json
S,c17,4,sam,"lr=0.03,rho=0.02","{""lr"": 0.03, ""rho"": 0.02}",0.98784675,600,ok,a38a33d32aa634e5c504771fcc53ee65b92167c7591cac880875d6888091f029,0.9806898611111112,0.9852344096000001,"$HISTOPATH_DATA/v2/runs_tune/S/c17/fold4/sam__lr=0.03,rho=0.02__s0.json"
S,c17,4,sam,"lr=0.03,rho=0.1","{""lr"": 0.03, ""rho"": 0.1}",0.9865374722222222,600,ok,a38a33d32aa634e5c504771fcc53ee65b92167c7591cac880875d6888091f029,0.9868624722222221,0.9880462207999999,"$HISTOPATH_DATA/v2/runs_tune/S/c17/fold4/sam__lr=0.03,rho=0.1__s0.json"
S,c17,4,sam,lr=0.03,"{""lr"": 0.03, ""rho"": 0.05}",0.9860134722222222,600,ok,a38a33d32aa634e5c504771fcc53ee65b92167c7591cac880875d6888091f029,0.9879284166666666,0.9917139775999999,$HISTOPATH_DATA/v2/runs_tune/S/c17/fold4/sam__lr=0.03__s0.json
S,canine,0,coral,"coral_lambda=0.1,lr=0.01","{""coral_lambda"": 0.1, ""lr"": 0.01}",0.936933869371549,1080,ok,e0686ded209095f5b61306c140b9856652559a5b0432aa506af398a4a66ef62b,0.874727923615462,0.862164259822764,"$HISTOPATH_DATA/v2/runs_tune/S/canine/fold0/coral__coral_lambda=0.1,lr=0.01__s0.json"
S,canine,0,coral,"coral_lambda=10,lr=0.01","{""coral_lambda"": 10.0, ""lr"": 0.01}",0.9367066704101727,960,ok,e0686ded209095f5b61306c140b9856652559a5b0432aa506af398a4a66ef62b,0.8781131940188435,0.8452585916739973,"$HISTOPATH_DATA/v2/runs_tune/S/canine/fold0/coral__coral_lambda=10,lr=0.01__s0.json"
S,canine,0,coral,lr=0.01,"{""coral_lambda"": 1.0, ""lr"": 0.01}",0.9365003793286777,960,ok,e0686ded209095f5b61306c140b9856652559a5b0432aa506af398a4a66ef62b,0.892171540852856,0.8609618362068276,$HISTOPATH_DATA/v2/runs_tune/S/canine/fold0/coral__lr=0.01__s0.json
S,canine,0,erm,default,"{""lr"": 0.003}",0.9332351658592243,960,ok,e0686ded209095f5b61306c140b9856652559a5b0432aa506af398a4a66ef62b,0.877929675830057,0.8531374542334553,$HISTOPATH_DATA/v2/runs_tune/S/canine/fold0/erm__default__s0.json
S,canine,0,erm,lr=0.001,"{""lr"": 0.001}",0.8978180138310605,1080,ok,e0686ded209095f5b61306c140b9856652559a5b0432aa506af398a4a66ef62b,0.8574447780966349,0.8345159328616626,$HISTOPATH_DATA/v2/runs_tune/S/canine/fold0/erm__lr=0.001__s0.json
S,canine,0,erm,lr=0.01,"{""lr"": 0.01}",0.9411301804250473,960,ok,e0686ded209095f5b61306c140b9856652559a5b0432aa506af398a4a66ef62b,0.8891814747350937,0.8816698784540976,$HISTOPATH_DATA/v2/runs_tune/S/canine/fold0/erm__lr=0.01__s0.json
S,canine,0,erm,lr=0.03,"{""lr"": 0.03}",0.9369049965850462,1080,ok,e0686ded209095f5b61306c140b9856652559a5b0432aa506af398a4a66ef62b,0.8658055253485565,0.8625831328105478,$HISTOPATH_DATA/v2/runs_tune/S/canine/fold0/erm__lr=0.03__s0.json
S,canine,0,erm,lr=0.1,"{""lr"": 0.1}",0.9297182613405337,1080,ok,e0686ded209095f5b61306c140b9856652559a5b0432aa506af398a4a66ef62b,0.8662485297205572,0.8622819207743888,$HISTOPATH_DATA/v2/runs_tune/S/canine/fold0/erm__lr=0.1__s0.json
S,canine,0,erm_lunit_bt,default,"{""lr"": 0.003}",0.9285203393846712,1200,ok,e0686ded209095f5b61306c140b9856652559a5b0432aa506af398a4a66ef62b,0.8874931073982584,0.9212521635353166,$HISTOPATH_DATA/v2/runs_tune/S/canine/fold0/erm_lunit_bt__default__s0.json
S,canine,0,erm_lunit_bt,lr=0.0003,"{""lr"": 0.0003}",0.8616157211326895,1200,ok,e0686ded209095f5b61306c140b9856652559a5b0432aa506af398a4a66ef62b,0.8400071358700385,0.8963294346911835,$HISTOPATH_DATA/v2/runs_tune/S/canine/fold0/erm_lunit_bt__lr=0.0003__s0.json
S,canine,0,erm_lunit_bt,lr=0.001,"{""lr"": 0.001}",0.9026825805500963,1200,ok,e0686ded209095f5b61306c140b9856652559a5b0432aa506af398a4a66ef62b,0.8667751842437258,0.9123515760577507,$HISTOPATH_DATA/v2/runs_tune/S/canine/fold0/erm_lunit_bt__lr=0.001__s0.json
S,canine,0,erm_lunit_bt,lr=0.01,"{""lr"": 0.01}",0.9379462090031322,960,ok,e0686ded209095f5b61306c140b9856652559a5b0432aa506af398a4a66ef62b,0.8962857625735565,0.9201271822184496,$HISTOPATH_DATA/v2/runs_tune/S/canine/fold0/erm_lunit_bt__lr=0.01__s0.json
S,canine,0,erm_lunit_bt,lr=0.03,"{""lr"": 0.03}",0.7931898057160152,1200,ok,e0686ded209095f5b61306c140b9856652559a5b0432aa506af398a4a66ef62b,0.6744890938981483,0.7410141261599231,$HISTOPATH_DATA/v2/runs_tune/S/canine/fold0/erm_lunit_bt__lr=0.03__s0.json
S,canine,0,erm_lunit_dino,default,"{""lr"": 3e-05}",0.9599972521072155,720,ok,e0686ded209095f5b61306c140b9856652559a5b0432aa506af398a4a66ef62b,0.9132624753957591,0.9359182802618263,$HISTOPATH_DATA/v2/runs_tune/S/canine/fold0/erm_lunit_dino__default__s0.json
S,canine,0,erm_lunit_dino,lr=0.0001,"{""lr"": 0.0001}",0.9546442374896207,600,ok,e0686ded209095f5b61306c140b9856652559a5b0432aa506af398a4a66ef62b,0.895168435554387,0.9266979402345119,$HISTOPATH_DATA/v2/runs_tune/S/canine/fold0/erm_lunit_dino__lr=0.0001__s0.json
S,canine,0,erm_lunit_dino,lr=1e-05,"{""lr"": 1e-05}",0.9578411518847957,1080,ok,e0686ded209095f5b61306c140b9856652559a5b0432aa506af398a4a66ef62b,0.9179340802665878,0.9482579903908795,$HISTOPATH_DATA/v2/runs_tune/S/canine/fold0/erm_lunit_dino__lr=1e-05__s0.json
S,canine,0,fish,"lr=0.01,meta_lr=0.01","{""lr"": 0.01, ""meta_lr"": 0.01}",0.8326105180574388,1200,ok,e0686ded209095f5b61306c140b9856652559a5b0432aa506af398a4a66ef62b,0.8296072027901593,0.8076048052447404,"$HISTOPATH_DATA/v2/runs_tune/S/canine/fold0/fish__lr=0.01,meta_lr=0.01__s0.json"
S,canine,0,fish,"lr=0.01,meta_lr=0.05","{""lr"": 0.01, ""meta_lr"": 0.05}",0.875319741220184,840,ok,e0686ded209095f5b61306c140b9856652559a5b0432aa506af398a4a66ef62b,0.8837433613362173,0.8287213092683172,"$HISTOPATH_DATA/v2/runs_tune/S/canine/fold0/fish__lr=0.01,meta_lr=0.05__s0.json"
S,canine,0,fish,"lr=0.01,meta_lr=0.5","{""lr"": 0.01, ""meta_lr"": 0.5}",0.9097478509686321,1200,ok,e0686ded209095f5b61306c140b9856652559a5b0432aa506af398a4a66ef62b,0.8964325771245858,0.8249387592574211,"$HISTOPATH_DATA/v2/runs_tune/S/canine/fold0/fish__lr=0.01,meta_lr=0.5__s0.json"
S,canine,0,fish,lr=0.01,"{""lr"": 0.01, ""meta_lr"": 0.1}",0.8925569938849429,840,ok,e0686ded209095f5b61306c140b9856652559a5b0432aa506af398a4a66ef62b,0.8913495500816868,0.858851070044349,$HISTOPATH_DATA/v2/runs_tune/S/canine/fold0/fish__lr=0.01__s0.json
S,canine,0,groupdro,"eta=0.001,lr=0.01","{""eta"": 0.001, ""lr"": 0.01}",0.9403611686907486,960,ok,e0686ded209095f5b61306c140b9856652559a5b0432aa506af398a4a66ef62b,0.8730045597868117,0.8620819684662946,"$HISTOPATH_DATA/v2/runs_tune/S/canine/fold0/groupdro__eta=0.001,lr=0.01__s0.json"
S,canine,0,groupdro,"eta=0.1,lr=0.01","{""eta"": 0.1, ""lr"": 0.01}",0.9355507633367383,840,ok,e0686ded209095f5b61306c140b9856652559a5b0432aa506af398a4a66ef62b,0.8801788406089047,0.8847575870633995,"$HISTOPATH_DATA/v2/runs_tune/S/canine/fold0/groupdro__eta=0.1,lr=0.01__s0.json"
S,canine,0,groupdro,lr=0.01,"{""eta"": 0.01, ""lr"": 0.01}",0.9368345071614468,960,ok,e0686ded209095f5b61306c140b9856652559a5b0432aa506af398a4a66ef62b,0.8820020724751738,0.8610725088110225,$HISTOPATH_DATA/v2/runs_tune/S/canine/fold0/groupdro__lr=0.01__s0.json
S,canine,0,he_jitter,"jitter=0.2,lr=0.01","{""jitter"": 0.2, ""lr"": 0.01}",0.9384501884696029,840,ok,e0686ded209095f5b61306c140b9856652559a5b0432aa506af398a4a66ef62b,0.8880052511809181,0.9121302308493608,"$HISTOPATH_DATA/v2/runs_tune/S/canine/fold0/he_jitter__jitter=0.2,lr=0.01__s0.json"
S,canine,0,he_jitter,lr=0.01,"{""jitter"": 0.4, ""lr"": 0.01}",0.9371467315010065,1200,ok,e0686ded209095f5b61306c140b9856652559a5b0432aa506af398a4a66ef62b,0.8962806411357299,0.9247531829783253,$HISTOPATH_DATA/v2/runs_tune/S/canine/fold0/he_jitter__lr=0.01__s0.json
S,canine,0,irm,"irm_lambda=1,lr=0.01","{""irm_lambda"": 1.0, ""lr"": 0.01}",0.9404185160184229,960,ok,e0686ded209095f5b61306c140b9856652559a5b0432aa506af398a4a66ef62b,0.8788003202605789,0.8488052493043029,"$HISTOPATH_DATA/v2/runs_tune/S/canine/fold0/irm__irm_lambda=1,lr=0.01__s0.json"
S,canine,0,irm,"irm_lambda=100,lr=0.01","{""irm_lambda"": 100.0, ""lr"": 0.01}",0.9220239624215705,240,diverged,e0686ded209095f5b61306c140b9856652559a5b0432aa506af398a4a66ef62b,0.8708578237644959,0.8407874755122602,"$HISTOPATH_DATA/v2/runs_tune/S/canine/fold0/irm__irm_lambda=100,lr=0.01__s0.json"
S,canine,0,irm,lr=0.01,"{""irm_lambda"": 10.0, ""lr"": 0.01}",0.9220239624215705,240,ok,e0686ded209095f5b61306c140b9856652559a5b0432aa506af398a4a66ef62b,0.8708578237644959,0.8407874755122602,$HISTOPATH_DATA/v2/runs_tune/S/canine/fold0/irm__lr=0.01__s0.json
S,canine,0,lisa,"lisa_alpha=0.5,lr=0.01,p_sel=1","{""lisa_alpha"": 0.5, ""lr"": 0.01, ""p_sel"": 1.0}",0.9333602148931806,720,ok,e0686ded209095f5b61306c140b9856652559a5b0432aa506af398a4a66ef62b,0.8816845433299246,0.8645156248038984,"$HISTOPATH_DATA/v2/runs_tune/S/canine/fold0/lisa__lisa_alpha=0.5,lr=0.01,p_sel=1__s0.json"
S,canine,0,lisa,"lisa_alpha=0.5,lr=0.01","{""lisa_alpha"": 0.5, ""lr"": 0.01, ""p_sel"": 0.5}",0.930835140371523,1200,ok,e0686ded209095f5b61306c140b9856652559a5b0432aa506af398a4a66ef62b,0.8924387091928102,0.8593607915487205,"$HISTOPATH_DATA/v2/runs_tune/S/canine/fold0/lisa__lisa_alpha=0.5,lr=0.01__s0.json"
S,canine,0,lisa,"lr=0.01,p_sel=1","{""lisa_alpha"": 2.0, ""lr"": 0.01, ""p_sel"": 1.0}",0.9314119987335798,960,ok,e0686ded209095f5b61306c140b9856652559a5b0432aa506af398a4a66ef62b,0.8806295271376454,0.8498563538054833,"$HISTOPATH_DATA/v2/runs_tune/S/canine/fold0/lisa__lr=0.01,p_sel=1__s0.json"
S,canine,0,lisa,lr=0.01,"{""lisa_alpha"": 2.0, ""lr"": 0.01, ""p_sel"": 0.5}",0.9104933662283976,1080,ok,e0686ded209095f5b61306c140b9856652559a5b0432aa506af398a4a66ef62b,0.8791605280543828,0.8449941754263463,$HISTOPATH_DATA/v2/runs_tune/S/canine/fold0/lisa__lr=0.01__s0.json
S,canine,0,mixstyle,"lr=0.01,ms_alpha=0.3,ms_p=1","{""lr"": 0.01, ""ms_alpha"": 0.3, ""ms_p"": 1.0}",0.9117741232131229,1200,ok,e0686ded209095f5b61306c140b9856652559a5b0432aa506af398a4a66ef62b,0.8649382952099192,0.8888310805183129,"$HISTOPATH_DATA/v2/runs_tune/S/canine/fold0/mixstyle__lr=0.01,ms_alpha=0.3,ms_p=1__s0.json"
S,canine,0,mixstyle,"lr=0.01,ms_alpha=0.3","{""lr"": 0.01, ""ms_alpha"": 0.3, ""ms_p"": 0.5}",0.919365077468673,1080,ok,e0686ded209095f5b61306c140b9856652559a5b0432aa506af398a4a66ef62b,0.8809299848234727,0.8702109853398733,"$HISTOPATH_DATA/v2/runs_tune/S/canine/fold0/mixstyle__lr=0.01,ms_alpha=0.3__s0.json"
S,canine,0,mixstyle,"lr=0.01,ms_p=1","{""lr"": 0.01, ""ms_alpha"": 0.1, ""ms_p"": 1.0}",0.9223363858837961,1200,ok,e0686ded209095f5b61306c140b9856652559a5b0432aa506af398a4a66ef62b,0.8713964283092598,0.8587178635851762,"$HISTOPATH_DATA/v2/runs_tune/S/canine/fold0/mixstyle__lr=0.01,ms_p=1__s0.json"
S,canine,0,mixstyle,lr=0.01,"{""lr"": 0.01, ""ms_alpha"": 0.1, ""ms_p"": 0.5}",0.9314042329496237,960,ok,e0686ded209095f5b61306c140b9856652559a5b0432aa506af398a4a66ef62b,0.892480534268394,0.8748349894290549,$HISTOPATH_DATA/v2/runs_tune/S/canine/fold0/mixstyle__lr=0.01__s0.json
S,canine,0,sam,"lr=0.01,rho=0.02","{""lr"": 0.01, ""rho"": 0.02}",0.942352395346105,960,ok,e0686ded209095f5b61306c140b9856652559a5b0432aa506af398a4a66ef62b,0.8897371507392796,0.8651619756314899,"$HISTOPATH_DATA/v2/runs_tune/S/canine/fold0/sam__lr=0.01,rho=0.02__s0.json"
S,canine,0,sam,"lr=0.01,rho=0.1","{""lr"": 0.01, ""rho"": 0.1}",0.9353765310043947,1200,ok,e0686ded209095f5b61306c140b9856652559a5b0432aa506af398a4a66ef62b,0.8874325037173104,0.8640426990880348,"$HISTOPATH_DATA/v2/runs_tune/S/canine/fold0/sam__lr=0.01,rho=0.1__s0.json"
S,canine,0,sam,lr=0.01,"{""lr"": 0.01, ""rho"": 0.05}",0.9365746520829227,960,ok,e0686ded209095f5b61306c140b9856652559a5b0432aa506af398a4a66ef62b,0.8810759458015306,0.8726626117137253,$HISTOPATH_DATA/v2/runs_tune/S/canine/fold0/sam__lr=0.01__s0.json
S,canine,1,coral,"coral_lambda=0.1,lr=0.1","{""coral_lambda"": 0.1, ""lr"": 0.1}",0.9745165678748419,960,ok,c3deeaa4f55f9d98f4c3256f0b076aaf6b73c7d4187628e6cacf5b56d6afad09,0.801862950805457,0.6373478051555868,"$HISTOPATH_DATA/v2/runs_tune/S/canine/fold1/coral__coral_lambda=0.1,lr=0.1__s0.json"
S,canine,1,coral,"coral_lambda=10,lr=0.1","{""coral_lambda"": 10.0, ""lr"": 0.1}",0.9714675665409316,840,ok,c3deeaa4f55f9d98f4c3256f0b076aaf6b73c7d4187628e6cacf5b56d6afad09,0.836168320480479,0.5379100471209535,"$HISTOPATH_DATA/v2/runs_tune/S/canine/fold1/coral__coral_lambda=10,lr=0.1__s0.json"
S,canine,1,coral,lr=0.1,"{""coral_lambda"": 1.0, ""lr"": 0.1}",0.9745019920318726,960,ok,c3deeaa4f55f9d98f4c3256f0b076aaf6b73c7d4187628e6cacf5b56d6afad09,0.8221782194033035,0.7107170262739434,$HISTOPATH_DATA/v2/runs_tune/S/canine/fold1/coral__lr=0.1__s0.json
S,canine,1,erm,default,"{""lr"": 0.003}",0.9593197056563105,1200,ok,c3deeaa4f55f9d98f4c3256f0b076aaf6b73c7d4187628e6cacf5b56d6afad09,0.836416763362576,0.8086708389863889,$HISTOPATH_DATA/v2/runs_tune/S/canine/fold1/erm__default__s0.json
S,canine,1,erm,lr=0.001,"{""lr"": 0.001}",0.9349513255183258,1200,ok,c3deeaa4f55f9d98f4c3256f0b076aaf6b73c7d4187628e6cacf5b56d6afad09,0.8277566320843303,0.8263894845872175,$HISTOPATH_DATA/v2/runs_tune/S/canine/fold1/erm__lr=0.001__s0.json
S,canine,1,erm,lr=0.01,"{""lr"": 0.01}",0.9672569146915664,1200,ok,c3deeaa4f55f9d98f4c3256f0b076aaf6b73c7d4187628e6cacf5b56d6afad09,0.859394449711852,0.7726715975899748,$HISTOPATH_DATA/v2/runs_tune/S/canine/fold1/erm__lr=0.01__s0.json
S,canine,1,erm,lr=0.03,"{""lr"": 0.03}",0.9705302956687661,960,ok,c3deeaa4f55f9d98f4c3256f0b076aaf6b73c7d4187628e6cacf5b56d6afad09,0.8139137141611872,0.6054911228791924,$HISTOPATH_DATA/v2/runs_tune/S/canine/fold1/erm__lr=0.03__s0.json
S,canine,1,erm,lr=0.1,"{""lr"": 0.1}",0.972858455313999,1200,ok,c3deeaa4f55f9d98f4c3256f0b076aaf6b73c7d4187628e6cacf5b56d6afad09,0.8615246121039318,0.46052256116241413,$HISTOPATH_DATA/v2/runs_tune/S/canine/fold1/erm__lr=0.1__s0.json
S,canine,1,erm_lunit_bt,default,"{""lr"": 0.003}",0.9630129150802554,1200,ok,c3deeaa4f55f9d98f4c3256f0b076aaf6b73c7d4187628e6cacf5b56d6afad09,0.9163258064552933,0.8968404160648897,$HISTOPATH_DATA/v2/runs_tune/S/canine/fold1/erm_lunit_bt__default__s0.json
S,canine,1,erm_lunit_bt,lr=0.0003,"{""lr"": 0.0003}",0.9323186190934709,1200,ok,c3deeaa4f55f9d98f4c3256f0b076aaf6b73c7d4187628e6cacf5b56d6afad09,0.8795032055121803,0.8787722292733453,$HISTOPATH_DATA/v2/runs_tune/S/canine/fold1/erm_lunit_bt__lr=0.0003__s0.json
S,canine,1,erm_lunit_bt,lr=0.001,"{""lr"": 0.001}",0.9488231111032589,1200,ok,c3deeaa4f55f9d98f4c3256f0b076aaf6b73c7d4187628e6cacf5b56d6afad09,0.9002426240132168,0.8943551140093658,$HISTOPATH_DATA/v2/runs_tune/S/canine/fold1/erm_lunit_bt__lr=0.001__s0.json
S,canine,1,erm_lunit_bt,lr=0.01,"{""lr"": 0.01}",0.9708613439810603,1200,ok,c3deeaa4f55f9d98f4c3256f0b076aaf6b73c7d4187628e6cacf5b56d6afad09,0.8892304146571601,0.8313326622609305,$HISTOPATH_DATA/v2/runs_tune/S/canine/fold1/erm_lunit_bt__lr=0.01__s0.json
S,canine,1,erm_lunit_bt,lr=0.03,"{""lr"": 0.03}",0.8915762669941077,1200,ok,c3deeaa4f55f9d98f4c3256f0b076aaf6b73c7d4187628e6cacf5b56d6afad09,0.6332786245563112,0.7245136913358717,$HISTOPATH_DATA/v2/runs_tune/S/canine/fold1/erm_lunit_bt__lr=0.03__s0.json
S,canine,1,erm_lunit_dino,default,"{""lr"": 3e-05}",0.9822444148019893,960,ok,c3deeaa4f55f9d98f4c3256f0b076aaf6b73c7d4187628e6cacf5b56d6afad09,0.9262769279566985,0.8596525012035536,$HISTOPATH_DATA/v2/runs_tune/S/canine/fold1/erm_lunit_dino__default__s0.json
S,canine,1,erm_lunit_dino,lr=0.0001,"{""lr"": 0.0001}",0.9833223646434218,1080,ok,c3deeaa4f55f9d98f4c3256f0b076aaf6b73c7d4187628e6cacf5b56d6afad09,0.9128162298521666,0.8496716121785052,$HISTOPATH_DATA/v2/runs_tune/S/canine/fold1/erm_lunit_dino__lr=0.0001__s0.json
S,canine,1,erm_lunit_dino,lr=1e-05,"{""lr"": 1e-05}",0.9813086898525631,600,ok,c3deeaa4f55f9d98f4c3256f0b076aaf6b73c7d4187628e6cacf5b56d6afad09,0.9321594050605905,0.8859556216902272,$HISTOPATH_DATA/v2/runs_tune/S/canine/fold1/erm_lunit_dino__lr=1e-05__s0.json
S,canine,1,fish,"lr=0.1,meta_lr=0.01","{""lr"": 0.1, ""meta_lr"": 0.01}",0.9278078373865956,600,ok,c3deeaa4f55f9d98f4c3256f0b076aaf6b73c7d4187628e6cacf5b56d6afad09,0.8636336668343869,0.8096371832465316,"$HISTOPATH_DATA/v2/runs_tune/S/canine/fold1/fish__lr=0.1,meta_lr=0.01__s0.json"
S,canine,1,fish,"lr=0.1,meta_lr=0.05","{""lr"": 0.1, ""meta_lr"": 0.05}",0.9181553166491462,240,ok,c3deeaa4f55f9d98f4c3256f0b076aaf6b73c7d4187628e6cacf5b56d6afad09,0.8168936025530001,0.7201622244591303,"$HISTOPATH_DATA/v2/runs_tune/S/canine/fold1/fish__lr=0.1,meta_lr=0.05__s0.json"
S,canine,1,fish,"lr=0.1,meta_lr=0.5","{""lr"": 0.1, ""meta_lr"": 0.5}",0.9167525021863765,1200,ok,c3deeaa4f55f9d98f4c3256f0b076aaf6b73c7d4187628e6cacf5b56d6afad09,0.7832029222131326,0.715771076779436,"$HISTOPATH_DATA/v2/runs_tune/S/canine/fold1/fish__lr=0.1,meta_lr=0.5__s0.json"
S,canine,1,fish,lr=0.1,"{""lr"": 0.1, ""meta_lr"": 0.1}",0.9248010176588546,1200,ok,c3deeaa4f55f9d98f4c3256f0b076aaf6b73c7d4187628e6cacf5b56d6afad09,0.8085589285979151,0.6644066115220214,$HISTOPATH_DATA/v2/runs_tune/S/canine/fold1/fish__lr=0.1__s0.json
S,canine,1,groupdro,"eta=0.001,lr=0.1","{""eta"": 0.001, ""lr"": 0.1}",0.9716957005680162,960,ok,c3deeaa4f55f9d98f4c3256f0b076aaf6b73c7d4187628e6cacf5b56d6afad09,0.8090612338968509,0.6648150903759464,"$HISTOPATH_DATA/v2/runs_tune/S/canine/fold1/groupdro__eta=0.001,lr=0.1__s0.json"
S,canine,1,groupdro,"eta=0.1,lr=0.1","{""eta"": 0.1, ""lr"": 0.1}",0.9684733350412099,1200,ok,c3deeaa4f55f9d98f4c3256f0b076aaf6b73c7d4187628e6cacf5b56d6afad09,0.7726525142647859,0.6878212029702249,"$HISTOPATH_DATA/v2/runs_tune/S/canine/fold1/groupdro__eta=0.1,lr=0.1__s0.json"
S,canine,1,groupdro,lr=0.1,"{""eta"": 0.01, ""lr"": 0.1}",0.9724320014840858,960,ok,c3deeaa4f55f9d98f4c3256f0b076aaf6b73c7d4187628e6cacf5b56d6afad09,0.8467441146705094,0.6290831108582433,$HISTOPATH_DATA/v2/runs_tune/S/canine/fold1/groupdro__lr=0.1__s0.json
S,canine,1,he_jitter,"jitter=0.2,lr=0.1","{""jitter"": 0.2, ""lr"": 0.1}",0.9746470879232515,840,ok,c3deeaa4f55f9d98f4c3256f0b076aaf6b73c7d4187628e6cacf5b56d6afad09,0.890712514789625,0.8567452988460471,"$HISTOPATH_DATA/v2/runs_tune/S/canine/fold1/he_jitter__jitter=0.2,lr=0.1__s0.json"
S,canine,1,he_jitter,lr=0.1,"{""jitter"": 0.4, ""lr"": 0.1}",0.9701840089751858,1200,ok,c3deeaa4f55f9d98f4c3256f0b076aaf6b73c7d4187628e6cacf5b56d6afad09,0.896486601198687,0.876501670386742,$HISTOPATH_DATA/v2/runs_tune/S/canine/fold1/he_jitter__lr=0.1__s0.json
S,canine,1,irm,"irm_lambda=1,lr=0.1","{""irm_lambda"": 1.0, ""lr"": 0.1}",0.5263118258672627,840,ok,c3deeaa4f55f9d98f4c3256f0b076aaf6b73c7d4187628e6cacf5b56d6afad09,0.5374067697405128,0.4972273038936789,"$HISTOPATH_DATA/v2/runs_tune/S/canine/fold1/irm__irm_lambda=1,lr=0.1__s0.json"
S,canine,1,irm,"irm_lambda=100,lr=0.1","{""irm_lambda"": 100.0, ""lr"": 0.1}",0.5180509668642503,120,diverged,c3deeaa4f55f9d98f4c3256f0b076aaf6b73c7d4187628e6cacf5b56d6afad09,0.5522156484216604,0.4963948823435016,"$HISTOPATH_DATA/v2/runs_tune/S/canine/fold1/irm__irm_lambda=100,lr=0.1__s0.json"
S,canine,1,irm,lr=0.1,"{""irm_lambda"": 10.0, ""lr"": 0.1}",0.5230327028913172,1200,ok,c3deeaa4f55f9d98f4c3256f0b076aaf6b73c7d4187628e6cacf5b56d6afad09,0.5015964808393776,0.497695303952033,$HISTOPATH_DATA/v2/runs_tune/S/canine/fold1/irm__lr=0.1__s0.json
S,canine,1,lisa,"lisa_alpha=0.5,lr=0.1,p_sel=1","{""lisa_alpha"": 0.5, ""lr"": 0.1, ""p_sel"": 1.0}",0.9718725982986016,1200,ok,c3deeaa4f55f9d98f4c3256f0b076aaf6b73c7d4187628e6cacf5b56d6afad09,0.8152497720943023,0.7477736443608036,"$HISTOPATH_DATA/v2/runs_tune/S/canine/fold1/lisa__lisa_alpha=0.5,lr=0.1,p_sel=1__s0.json"
S,canine,1,lisa,"lisa_alpha=0.5,lr=0.1","{""lisa_alpha"": 0.5, ""lr"": 0.1, ""p_sel"": 0.5}",0.9669075361525075,1200,ok,c3deeaa4f55f9d98f4c3256f0b076aaf6b73c7d4187628e6cacf5b56d6afad09,0.788570543516582,0.5823303718616423,"$HISTOPATH_DATA/v2/runs_tune/S/canine/fold1/lisa__lisa_alpha=0.5,lr=0.1__s0.json"
S,canine,1,lisa,"lr=0.1,p_sel=1","{""lisa_alpha"": 2.0, ""lr"": 0.1, ""p_sel"": 1.0}",0.9616756919108489,1080,ok,c3deeaa4f55f9d98f4c3256f0b076aaf6b73c7d4187628e6cacf5b56d6afad09,0.8545054588976781,0.8440299356645806,"$HISTOPATH_DATA/v2/runs_tune/S/canine/fold1/lisa__lr=0.1,p_sel=1__s0.json"
S,canine,1,lisa,lr=0.1,"{""lisa_alpha"": 2.0, ""lr"": 0.1, ""p_sel"": 0.5}",0.961022208284379,1200,ok,c3deeaa4f55f9d98f4c3256f0b076aaf6b73c7d4187628e6cacf5b56d6afad09,0.7473874990159266,0.7071533400440574,$HISTOPATH_DATA/v2/runs_tune/S/canine/fold1/lisa__lr=0.1__s0.json
S,canine,1,mixstyle,"lr=0.1,ms_alpha=0.3,ms_p=1","{""lr"": 0.1, ""ms_alpha"": 0.3, ""ms_p"": 1.0}",0.9453220377911856,1200,ok,c3deeaa4f55f9d98f4c3256f0b076aaf6b73c7d4187628e6cacf5b56d6afad09,0.8300644981681973,0.6164296030460852,"$HISTOPATH_DATA/v2/runs_tune/S/canine/fold1/mixstyle__lr=0.1,ms_alpha=0.3,ms_p=1__s0.json"
S,canine,1,mixstyle,"lr=0.1,ms_alpha=0.3","{""lr"": 0.1, ""ms_alpha"": 0.3, ""ms_p"": 0.5}",0.9657547194812767,1200,ok,c3deeaa4f55f9d98f4c3256f0b076aaf6b73c7d4187628e6cacf5b56d6afad09,0.8317234462764374,0.7395830597983866,"$HISTOPATH_DATA/v2/runs_tune/S/canine/fold1/mixstyle__lr=0.1,ms_alpha=0.3__s0.json"
S,canine,1,mixstyle,"lr=0.1,ms_p=1","{""lr"": 0.1, ""ms_alpha"": 0.1, ""ms_p"": 1.0}",0.9545962491497425,1200,ok,c3deeaa4f55f9d98f4c3256f0b076aaf6b73c7d4187628e6cacf5b56d6afad09,0.7860866851729515,0.6805070973200869,"$HISTOPATH_DATA/v2/runs_tune/S/canine/fold1/mixstyle__lr=0.1,ms_p=1__s0.json"
S,canine,1,mixstyle,lr=0.1,"{""lr"": 0.1, ""ms_alpha"": 0.1, ""ms_p"": 0.5}",0.9615557724755083,1200,ok,c3deeaa4f55f9d98f4c3256f0b076aaf6b73c7d4187628e6cacf5b56d6afad09,0.8134173988743341,0.6740764730768669,$HISTOPATH_DATA/v2/runs_tune/S/canine/fold1/mixstyle__lr=0.1__s0.json
S,canine,1,sam,"lr=0.1,rho=0.02","{""lr"": 0.1, ""rho"": 0.02}",0.9757422637609209,960,ok,c3deeaa4f55f9d98f4c3256f0b076aaf6b73c7d4187628e6cacf5b56d6afad09,0.8371763539423978,0.6618536186849898,"$HISTOPATH_DATA/v2/runs_tune/S/canine/fold1/sam__lr=0.1,rho=0.02__s0.json"
S,canine,1,sam,"lr=0.1,rho=0.1","{""lr"": 0.1, ""rho"": 0.1}",0.9716016201270307,1200,ok,c3deeaa4f55f9d98f4c3256f0b076aaf6b73c7d4187628e6cacf5b56d6afad09,0.8442380077105718,0.7487767517177994,"$HISTOPATH_DATA/v2/runs_tune/S/canine/fold1/sam__lr=0.1,rho=0.1__s0.json"
S,canine,1,sam,lr=0.1,"{""lr"": 0.1, ""rho"": 0.05}",0.9727124760381975,960,ok,c3deeaa4f55f9d98f4c3256f0b076aaf6b73c7d4187628e6cacf5b56d6afad09,0.815475395882751,0.6418492421258406,$HISTOPATH_DATA/v2/runs_tune/S/canine/fold1/sam__lr=0.1__s0.json
S,canine,2,coral,"coral_lambda=0.1,lr=0.03","{""coral_lambda"": 0.1, ""lr"": 0.03}",0.9576452260260448,960,ok,cc5663efe06c30ceb1458e83b5203f2501b1382d0c6a93b3c6d1894aaed4fbea,0.659199089675697,0.7638761927260402,"$HISTOPATH_DATA/v2/runs_tune/S/canine/fold2/coral__coral_lambda=0.1,lr=0.03__s0.json"
S,canine,2,coral,"coral_lambda=10,lr=0.03","{""coral_lambda"": 10.0, ""lr"": 0.03}",0.9623101047567074,840,ok,cc5663efe06c30ceb1458e83b5203f2501b1382d0c6a93b3c6d1894aaed4fbea,0.7113274103899514,0.7746385445233033,"$HISTOPATH_DATA/v2/runs_tune/S/canine/fold2/coral__coral_lambda=10,lr=0.03__s0.json"
S,canine,2,coral,lr=0.03,"{""coral_lambda"": 1.0, ""lr"": 0.03}",0.9610474600705641,960,ok,cc5663efe06c30ceb1458e83b5203f2501b1382d0c6a93b3c6d1894aaed4fbea,0.61858287014749,0.7380056924458687,$HISTOPATH_DATA/v2/runs_tune/S/canine/fold2/coral__lr=0.03__s0.json
S,canine,2,erm,default,"{""lr"": 0.003}",0.9451469405185403,1200,ok,cc5663efe06c30ceb1458e83b5203f2501b1382d0c6a93b3c6d1894aaed4fbea,0.8079163201890674,0.8704369420107755,$HISTOPATH_DATA/v2/runs_tune/S/canine/fold2/erm__default__s0.json
S,canine,2,erm,lr=0.001,"{""lr"": 0.001}",0.9301340660174455,1200,ok,cc5663efe06c30ceb1458e83b5203f2501b1382d0c6a93b3c6d1894aaed4fbea,0.8109075524822386,0.8514029687908347,$HISTOPATH_DATA/v2/runs_tune/S/canine/fold2/erm__lr=0.001__s0.json
S,canine,2,erm,lr=0.01,"{""lr"": 0.01}",0.9544694022671185,960,ok,cc5663efe06c30ceb1458e83b5203f2501b1382d0c6a93b3c6d1894aaed4fbea,0.6617520825127285,0.817578679119748,$HISTOPATH_DATA/v2/runs_tune/S/canine/fold2/erm__lr=0.01__s0.json
S,canine,2,erm,lr=0.03,"{""lr"": 0.03}",0.9643079140973598,960,ok,cc5663efe06c30ceb1458e83b5203f2501b1382d0c6a93b3c6d1894aaed4fbea,0.636463740207449,0.7582214073853437,$HISTOPATH_DATA/v2/runs_tune/S/canine/fold2/erm__lr=0.03__s0.json
S,canine,2,erm,lr=0.1,"{""lr"": 0.1}",0.9550049075827747,720,ok,cc5663efe06c30ceb1458e83b5203f2501b1382d0c6a93b3c6d1894aaed4fbea,0.7176424934716326,0.73405090904526,$HISTOPATH_DATA/v2/runs_tune/S/canine/fold2/erm__lr=0.1__s0.json
S,canine,2,erm_lunit_bt,default,"{""lr"": 0.003}",0.9548293240959882,960,ok,cc5663efe06c30ceb1458e83b5203f2501b1382d0c6a93b3c6d1894aaed4fbea,0.8978341867623675,0.9093194400221856,$HISTOPATH_DATA/v2/runs_tune/S/canine/fold2/erm_lunit_bt__default__s0.json
S,canine,2,erm_lunit_bt,lr=0.0003,"{""lr"": 0.0003}",0.9153548975146911,840,ok,cc5663efe06c30ceb1458e83b5203f2501b1382d0c6a93b3c6d1894aaed4fbea,0.8826025938407223,0.9183200209072991,$HISTOPATH_DATA/v2/runs_tune/S/canine/fold2/erm_lunit_bt__lr=0.0003__s0.json
S,canine,2,erm_lunit_bt,lr=0.001,"{""lr"": 0.001}",0.9421262722507081,840,ok,cc5663efe06c30ceb1458e83b5203f2501b1382d0c6a93b3c6d1894aaed4fbea,0.9084540534231987,0.9300004907280922,$HISTOPATH_DATA/v2/runs_tune/S/canine/fold2/erm_lunit_bt__lr=0.001__s0.json
S,canine,2,erm_lunit_bt,lr=0.01,"{""lr"": 0.01}",0.9609030049581664,840,ok,cc5663efe06c30ceb1458e83b5203f2501b1382d0c6a93b3c6d1894aaed4fbea,0.8123156374458401,0.8544560393221561,$HISTOPATH_DATA/v2/runs_tune/S/canine/fold2/erm_lunit_bt__lr=0.01__s0.json
S,canine,2,erm_lunit_bt,lr=0.03,"{""lr"": 0.03}",0.9397104185696319,960,ok,cc5663efe06c30ceb1458e83b5203f2501b1382d0c6a93b3c6d1894aaed4fbea,0.7627998307730463,0.7472507814559559,$HISTOPATH_DATA/v2/runs_tune/S/canine/fold2/erm_lunit_bt__lr=0.03__s0.json
S,canine,2,erm_lunit_dino,default,"{""lr"": 3e-05}",0.9777894184927836,480,ok,cc5663efe06c30ceb1458e83b5203f2501b1382d0c6a93b3c6d1894aaed4fbea,0.9143624082746146,0.9609896844390123,$HISTOPATH_DATA/v2/runs_tune/S/canine/fold2/erm_lunit_dino__default__s0.json
S,canine,2,erm_lunit_dino,lr=0.0001,"{""lr"": 0.0001}",0.9765576589906042,1080,ok,cc5663efe06c30ceb1458e83b5203f2501b1382d0c6a93b3c6d1894aaed4fbea,0.8782003588778502,0.9517046524446817,$HISTOPATH_DATA/v2/runs_tune/S/canine/fold2/erm_lunit_dino__lr=0.0001__s0.json
S,canine,2,erm_lunit_dino,lr=1e-05,"{""lr"": 1e-05}",0.9748998298639786,960,ok,cc5663efe06c30ceb1458e83b5203f2501b1382d0c6a93b3c6d1894aaed4fbea,0.8789951420193445,0.9482270450522626,$HISTOPATH_DATA/v2/runs_tune/S/canine/fold2/erm_lunit_dino__lr=1e-05__s0.json
S,canine,2,fish,"lr=0.03,meta_lr=0.01","{""lr"": 0.03, ""meta_lr"": 0.01}",0.9138959981556437,1200,ok,cc5663efe06c30ceb1458e83b5203f2501b1382d0c6a93b3c6d1894aaed4fbea,0.7906860985892891,0.7802473954321204,"$HISTOPATH_DATA/v2/runs_tune/S/canine/fold2/fish__lr=0.03,meta_lr=0.01__s0.json"
S,canine,2,fish,"lr=0.03,meta_lr=0.05","{""lr"": 0.03, ""meta_lr"": 0.05}",0.9409480146420091,1200,ok,cc5663efe06c30ceb1458e83b5203f2501b1382d0c6a93b3c6d1894aaed4fbea,0.7937756575780122,0.8262217702958862,"$HISTOPATH_DATA/v2/runs_tune/S/canine/fold2/fish__lr=0.03,meta_lr=0.05__s0.json"
S,canine,2,fish,"lr=0.03,meta_lr=0.5","{""lr"": 0.03, ""meta_lr"": 0.5}",0.9408825964177077,720,ok,cc5663efe06c30ceb1458e83b5203f2501b1382d0c6a93b3c6d1894aaed4fbea,0.7188533415029104,0.6775853667165384,"$HISTOPATH_DATA/v2/runs_tune/S/canine/fold2/fish__lr=0.03,meta_lr=0.5__s0.json"
S,canine,2,fish,lr=0.03,"{""lr"": 0.03, ""meta_lr"": 0.1}",0.9350482149336431,720,ok,cc5663efe06c30ceb1458e83b5203f2501b1382d0c6a93b3c6d1894aaed4fbea,0.733574919398369,0.7622222678713472,$HISTOPATH_DATA/v2/runs_tune/S/canine/fold2/fish__lr=0.03__s0.json
S,canine,2,groupdro,"eta=0.001,lr=0.03","{""eta"": 0.001, ""lr"": 0.03}",0.9577585527640537,1200,ok,cc5663efe06c30ceb1458e83b5203f2501b1382d0c6a93b3c6d1894aaed4fbea,0.6332233358133836,0.7954165996195146,"$HISTOPATH_DATA/v2/runs_tune/S/canine/fold2/groupdro__eta=0.001,lr=0.03__s0.json"
S,canine,2,groupdro,"eta=0.1,lr=0.03","{""eta"": 0.1, ""lr"": 0.03}",0.9557837249185556,960,ok,cc5663efe06c30ceb1458e83b5203f2501b1382d0c6a93b3c6d1894aaed4fbea,0.6571636979007105,0.73282194901221,"$HISTOPATH_DATA/v2/runs_tune/S/canine/fold2/groupdro__eta=0.1,lr=0.03__s0.json"
S,canine,2,groupdro,lr=0.03,"{""eta"": 0.01, ""lr"": 0.03}",0.9620219241031868,960,ok,cc5663efe06c30ceb1458e83b5203f2501b1382d0c6a93b3c6d1894aaed4fbea,0.6057948560841466,0.7943983388283469,$HISTOPATH_DATA/v2/runs_tune/S/canine/fold2/groupdro__lr=0.03__s0.json
S,canine,2,he_jitter,"jitter=0.2,lr=0.03","{""jitter"": 0.2, ""lr"": 0.03}",0.9586800012840454,1200,ok,cc5663efe06c30ceb1458e83b5203f2501b1382d0c6a93b3c6d1894aaed4fbea,0.8356981341269493,0.9336210369426955,"$HISTOPATH_DATA/v2/runs_tune/S/canine/fold2/he_jitter__jitter=0.2,lr=0.03__s0.json"
S,canine,2,he_jitter,lr=0.03,"{""jitter"": 0.4, ""lr"": 0.03}",0.9535185277057122,1080,ok,cc5663efe06c30ceb1458e83b5203f2501b1382d0c6a93b3c6d1894aaed4fbea,0.8688298539688097,0.9464293254542944,$HISTOPATH_DATA/v2/runs_tune/S/canine/fold2/he_jitter__lr=0.03__s0.json
S,canine,2,irm,"irm_lambda=1,lr=0.03","{""irm_lambda"": 1.0, ""lr"": 0.03}",0.9606496005354079,1200,ok,cc5663efe06c30ceb1458e83b5203f2501b1382d0c6a93b3c6d1894aaed4fbea,0.6584825010576684,0.7561880241803414,"$HISTOPATH_DATA/v2/runs_tune/S/canine/fold2/irm__irm_lambda=1,lr=0.03__s0.json"
S,canine,2,irm,"irm_lambda=100,lr=0.03","{""irm_lambda"": 100.0, ""lr"": 0.03}",0.9466374546328262,240,diverged,cc5663efe06c30ceb1458e83b5203f2501b1382d0c6a93b3c6d1894aaed4fbea,0.7164333960640145,0.7388564780102459,"$HISTOPATH_DATA/v2/runs_tune/S/canine/fold2/irm__irm_lambda=100,lr=0.03__s0.json"
S,canine,2,irm,lr=0.03,"{""irm_lambda"": 10.0, ""lr"": 0.03}",0.9466374546328262,240,ok,cc5663efe06c30ceb1458e83b5203f2501b1382d0c6a93b3c6d1894aaed4fbea,0.7164333960640145,0.7388564780102459,$HISTOPATH_DATA/v2/runs_tune/S/canine/fold2/irm__lr=0.03__s0.json
S,canine,2,lisa,"lisa_alpha=0.5,lr=0.03,p_sel=1","{""lisa_alpha"": 0.5, ""lr"": 0.03, ""p_sel"": 1.0}",0.964835394128994,960,ok,cc5663efe06c30ceb1458e83b5203f2501b1382d0c6a93b3c6d1894aaed4fbea,0.7066001429675989,0.8003332956728053,"$HISTOPATH_DATA/v2/runs_tune/S/canine/fold2/lisa__lisa_alpha=0.5,lr=0.03,p_sel=1__s0.json"
S,canine,2,lisa,"lisa_alpha=0.5,lr=0.03","{""lisa_alpha"": 0.5, ""lr"": 0.03, ""p_sel"": 0.5}",0.9567517444049178,960,ok,cc5663efe06c30ceb1458e83b5203f2501b1382d0c6a93b3c6d1894aaed4fbea,0.6500765897851111,0.7677329731617384,"$HISTOPATH_DATA/v2/runs_tune/S/canine/fold2/lisa__lisa_alpha=0.5,lr=0.03__s0.json"
S,canine,2,lisa,"lr=0.03,p_sel=1","{""lisa_alpha"": 2.0, ""lr"": 0.03, ""p_sel"": 1.0}",0.9628373415979168,960,ok,cc5663efe06c30ceb1458e83b5203f2501b1382d0c6a93b3c6d1894aaed4fbea,0.768179497279239,0.81652332841464,"$HISTOPATH_DATA/v2/runs_tune/S/canine/fold2/lisa__lr=0.03,p_sel=1__s0.json"
S,canine,2,lisa,lr=0.03,"{""lisa_alpha"": 2.0, ""lr"": 0.03, ""p_sel"": 0.5}",0.9642227974486408,960,ok,cc5663efe06c30ceb1458e83b5203f2501b1382d0c6a93b3c6d1894aaed4fbea,0.7082929960465082,0.7985974877004139,$HISTOPATH_DATA/v2/runs_tune/S/canine/fold2/lisa__lr=0.03__s0.json
S,canine,2,mixstyle,"lr=0.03,ms_alpha=0.3,ms_p=1","{""lr"": 0.03, ""ms_alpha"": 0.3, ""ms_p"": 1.0}",0.9566369585243595,960,ok,cc5663efe06c30ceb1458e83b5203f2501b1382d0c6a93b3c6d1894aaed4fbea,0.6644690504325499,0.7789563811199784,"$HISTOPATH_DATA/v2/runs_tune/S/canine/fold2/mixstyle__lr=0.03,ms_alpha=0.3,ms_p=1__s0.json"
S,canine,2,mixstyle,"lr=0.03,ms_alpha=0.3","{""lr"": 0.03, ""ms_alpha"": 0.3, ""ms_p"": 0.5}",0.9508305439391597,1200,ok,cc5663efe06c30ceb1458e83b5203f2501b1382d0c6a93b3c6d1894aaed4fbea,0.713743271040308,0.8166462957447027,"$HISTOPATH_DATA/v2/runs_tune/S/canine/fold2/mixstyle__lr=0.03,ms_alpha=0.3__s0.json"
S,canine,2,mixstyle,"lr=0.03,ms_p=1","{""lr"": 0.03, ""ms_alpha"": 0.1, ""ms_p"": 1.0}",0.9437439749572227,1200,ok,cc5663efe06c30ceb1458e83b5203f2501b1382d0c6a93b3c6d1894aaed4fbea,0.7215002844763446,0.7840048890212714,"$HISTOPATH_DATA/v2/runs_tune/S/canine/fold2/mixstyle__lr=0.03,ms_p=1__s0.json"
S,canine,2,mixstyle,lr=0.03,"{""lr"": 0.03, ""ms_alpha"": 0.1, ""ms_p"": 0.5}",0.9595462455775821,960,ok,cc5663efe06c30ceb1458e83b5203f2501b1382d0c6a93b3c6d1894aaed4fbea,0.6970487402803915,0.821707214501814,$HISTOPATH_DATA/v2/runs_tune/S/canine/fold2/mixstyle__lr=0.03__s0.json
S,canine,2,sam,"lr=0.03,rho=0.02","{""lr"": 0.03, ""rho"": 0.02}",0.9612176933680026,840,ok,cc5663efe06c30ceb1458e83b5203f2501b1382d0c6a93b3c6d1894aaed4fbea,0.6175266605394838,0.7908531136697445,"$HISTOPATH_DATA/v2/runs_tune/S/canine/fold2/sam__lr=0.03,rho=0.02__s0.json"
S,canine,2,sam,"lr=0.03,rho=0.1","{""lr"": 0.03, ""rho"": 0.1}",0.9678842724861162,960,ok,cc5663efe06c30ceb1458e83b5203f2501b1382d0c6a93b3c6d1894aaed4fbea,0.7117825725414679,0.8063812341012656,"$HISTOPATH_DATA/v2/runs_tune/S/canine/fold2/sam__lr=0.03,rho=0.1__s0.json"
S,canine,2,sam,lr=0.03,"{""lr"": 0.03, ""rho"": 0.05}",0.9663888945633322,960,ok,cc5663efe06c30ceb1458e83b5203f2501b1382d0c6a93b3c6d1894aaed4fbea,0.6716833705340861,0.8012924979086995,$HISTOPATH_DATA/v2/runs_tune/S/canine/fold2/sam__lr=0.03__s0.json
S,canine,3,coral,"coral_lambda=0.1,lr=0.1","{""coral_lambda"": 0.1, ""lr"": 0.1}",0.8639319179963351,1080,ok,ee1d9214808d4f18bbe47ecd62e5dd8cdb545456ffbdc01488794c57b7169588,0.8613890001586307,0.8973868330127504,"$HISTOPATH_DATA/v2/runs_tune/S/canine/fold3/coral__coral_lambda=0.1,lr=0.1__s0.json"
S,canine,3,coral,"coral_lambda=10,lr=0.1","{""coral_lambda"": 10.0, ""lr"": 0.1}",0.8740685145976557,1080,ok,ee1d9214808d4f18bbe47ecd62e5dd8cdb545456ffbdc01488794c57b7169588,0.9005445369980452,0.9082412659682528,"$HISTOPATH_DATA/v2/runs_tune/S/canine/fold3/coral__coral_lambda=10,lr=0.1__s0.json"
S,canine,3,coral,lr=0.1,"{""coral_lambda"": 1.0, ""lr"": 0.1}",0.8661134884294394,1080,ok,ee1d9214808d4f18bbe47ecd62e5dd8cdb545456ffbdc01488794c57b7169588,0.8436508914703469,0.9021642601009344,$HISTOPATH_DATA/v2/runs_tune/S/canine/fold3/coral__lr=0.1__s0.json
S,canine,3,erm,default,"{""lr"": 0.003}",0.8442759949661789,1080,ok,ee1d9214808d4f18bbe47ecd62e5dd8cdb545456ffbdc01488794c57b7169588,0.8956024486190569,0.9278335885591076,$HISTOPATH_DATA/v2/runs_tune/S/canine/fold3/erm__default__s0.json
S,canine,3,erm,lr=0.001,"{""lr"": 0.001}",0.8032449332295958,1080,ok,ee1d9214808d4f18bbe47ecd62e5dd8cdb545456ffbdc01488794c57b7169588,0.876497148641539,0.9104634095198154,$HISTOPATH_DATA/v2/runs_tune/S/canine/fold3/erm__lr=0.001__s0.json
S,canine,3,erm,lr=0.01,"{""lr"": 0.01}",0.8673315540646829,1080,ok,ee1d9214808d4f18bbe47ecd62e5dd8cdb545456ffbdc01488794c57b7169588,0.8879627822685106,0.9174088184362874,$HISTOPATH_DATA/v2/runs_tune/S/canine/fold3/erm__lr=0.01__s0.json
S,canine,3,erm,lr=0.03,"{""lr"": 0.03}",0.8707561679187446,1080,ok,ee1d9214808d4f18bbe47ecd62e5dd8cdb545456ffbdc01488794c57b7169588,0.8866540789204895,0.9229850552979092,$HISTOPATH_DATA/v2/runs_tune/S/canine/fold3/erm__lr=0.03__s0.json
S,canine,3,erm,lr=0.1,"{""lr"": 0.1}",0.8767213414452679,1080,ok,ee1d9214808d4f18bbe47ecd62e5dd8cdb545456ffbdc01488794c57b7169588,0.8624880028393755,0.9068103677036367,$HISTOPATH_DATA/v2/runs_tune/S/canine/fold3/erm__lr=0.1__s0.json
S,canine,3,erm_lunit_bt,default,"{""lr"": 0.003}",0.8378200345224885,720,ok,ee1d9214808d4f18bbe47ecd62e5dd8cdb545456ffbdc01488794c57b7169588,0.9201748019113289,0.9325371862591405,$HISTOPATH_DATA/v2/runs_tune/S/canine/fold3/erm_lunit_bt__default__s0.json
S,canine,3,erm_lunit_bt,lr=0.0003,"{""lr"": 0.0003}",0.7653512408113635,1080,ok,ee1d9214808d4f18bbe47ecd62e5dd8cdb545456ffbdc01488794c57b7169588,0.9025259943235314,0.8991302958591698,$HISTOPATH_DATA/v2/runs_tune/S/canine/fold3/erm_lunit_bt__lr=0.0003__s0.json
S,canine,3,erm_lunit_bt,lr=0.001,"{""lr"": 0.001}",0.8062993975570664,720,ok,ee1d9214808d4f18bbe47ecd62e5dd8cdb545456ffbdc01488794c57b7169588,0.9144247240225095,0.9172366507237549,$HISTOPATH_DATA/v2/runs_tune/S/canine/fold3/erm_lunit_bt__lr=0.001__s0.json
S,canine,3,erm_lunit_bt,lr=0.01,"{""lr"": 0.01}",0.8593441099192634,1080,ok,ee1d9214808d4f18bbe47ecd62e5dd8cdb545456ffbdc01488794c57b7169588,0.8918227010815419,0.9363993104819274,$HISTOPATH_DATA/v2/runs_tune/S/canine/fold3/erm_lunit_bt__lr=0.01__s0.json
S,canine,3,erm_lunit_bt,lr=0.03,"{""lr"": 0.03}",0.8091699828663019,1080,ok,ee1d9214808d4f18bbe47ecd62e5dd8cdb545456ffbdc01488794c57b7169588,0.6040591772429983,0.8781821147096887,$HISTOPATH_DATA/v2/runs_tune/S/canine/fold3/erm_lunit_bt__lr=0.03__s0.json
S,canine,3,erm_lunit_dino,default,"{""lr"": 3e-05}",0.8821213261397309,1080,ok,ee1d9214808d4f18bbe47ecd62e5dd8cdb545456ffbdc01488794c57b7169588,0.9588107946485531,0.965843015119593,$HISTOPATH_DATA/v2/runs_tune/S/canine/fold3/erm_lunit_dino__default__s0.json
S,canine,3,erm_lunit_dino,lr=0.0001,"{""lr"": 0.0001}",0.8798945831154419,1080,ok,ee1d9214808d4f18bbe47ecd62e5dd8cdb545456ffbdc01488794c57b7169588,0.9559799782938412,0.9643770176376594,$HISTOPATH_DATA/v2/runs_tune/S/canine/fold3/erm_lunit_dino__lr=0.0001__s0.json
S,canine,3,erm_lunit_dino,lr=1e-05,"{""lr"": 1e-05}",0.8818635766488527,840,ok,ee1d9214808d4f18bbe47ecd62e5dd8cdb545456ffbdc01488794c57b7169588,0.9595386128828677,0.9615070514630171,$HISTOPATH_DATA/v2/runs_tune/S/canine/fold3/erm_lunit_dino__lr=1e-05__s0.json
S,canine,3,fish,"lr=0.1,meta_lr=0.01","{""lr"": 0.1, ""meta_lr"": 0.01}",0.7583898787886517,840,ok,ee1d9214808d4f18bbe47ecd62e5dd8cdb545456ffbdc01488794c57b7169588,0.8650312297075374,0.9324772755261327,"$HISTOPATH_DATA/v2/runs_tune/S/canine/fold3/fish__lr=0.1,meta_lr=0.01__s0.json"
S,canine,3,fish,"lr=0.1,meta_lr=0.05","{""lr"": 0.1, ""meta_lr"": 0.05}",0.7722780590878751,600,ok,ee1d9214808d4f18bbe47ecd62e5dd8cdb545456ffbdc01488794c57b7169588,0.8588158160522866,0.9153394775118406,"$HISTOPATH_DATA/v2/runs_tune/S/canine/fold3/fish__lr=0.1,meta_lr=0.05__s0.json"
S,canine,3,fish,"lr=0.1,meta_lr=0.5","{""lr"": 0.1, ""meta_lr"": 0.5}",0.7738484709343605,1080,ok,ee1d9214808d4f18bbe47ecd62e5dd8cdb545456ffbdc01488794c57b7169588,0.8292314741586011,0.9240852342131436,"$HISTOPATH_DATA/v2/runs_tune/S/canine/fold3/fish__lr=0.1,meta_lr=0.5__s0.json"
S,canine,3,fish,lr=0.1,"{""lr"": 0.1, ""meta_lr"": 0.1}",0.795499029586453,1080,ok,ee1d9214808d4f18bbe47ecd62e5dd8cdb545456ffbdc01488794c57b7169588,0.8311310483663888,0.944892110754975,$HISTOPATH_DATA/v2/runs_tune/S/canine/fold3/fish__lr=0.1__s0.json
S,canine,3,groupdro,"eta=0.001,lr=0.1","{""eta"": 0.001, ""lr"": 0.1}",0.871133757636825,1080,ok,ee1d9214808d4f18bbe47ecd62e5dd8cdb545456ffbdc01488794c57b7169588,0.854315953570275,0.9153651967659098,"$HISTOPATH_DATA/v2/runs_tune/S/canine/fold3/groupdro__eta=0.001,lr=0.1__s0.json"
S,canine,3,groupdro,"eta=0.1,lr=0.1","{""eta"": 0.1, ""lr"": 0.1}",0.8578386668877467,1080,ok,ee1d9214808d4f18bbe47ecd62e5dd8cdb545456ffbdc01488794c57b7169588,0.8978700688959417,0.9123088416441321,"$HISTOPATH_DATA/v2/runs_tune/S/canine/fold3/groupdro__eta=0.1,lr=0.1__s0.json"
S,canine,3,groupdro,lr=0.1,"{""eta"": 0.01, ""lr"": 0.1}",0.8747507535851093,1080,ok,ee1d9214808d4f18bbe47ecd62e5dd8cdb545456ffbdc01488794c57b7169588,0.8859248341510233,0.8983656775646711,$HISTOPATH_DATA/v2/runs_tune/S/canine/fold3/groupdro__lr=0.1__s0.json
S,canine,3,he_jitter,"jitter=0.2,lr=0.1","{""jitter"": 0.2, ""lr"": 0.1}",0.8648603476057463,1080,ok,ee1d9214808d4f18bbe47ecd62e5dd8cdb545456ffbdc01488794c57b7169588,0.9358903690617622,0.9429486428857365,"$HISTOPATH_DATA/v2/runs_tune/S/canine/fold3/he_jitter__jitter=0.2,lr=0.1__s0.json"
S,canine,3,he_jitter,lr=0.1,"{""jitter"": 0.4, ""lr"": 0.1}",0.8407469527101428,1080,ok,ee1d9214808d4f18bbe47ecd62e5dd8cdb545456ffbdc01488794c57b7169588,0.9224079000375464,0.9349675044789325,$HISTOPATH_DATA/v2/runs_tune/S/canine/fold3/he_jitter__lr=0.1__s0.json
S,canine,3,irm,"irm_lambda=1,lr=0.1","{""irm_lambda"": 1.0, ""lr"": 0.1}",0.8579345922137334,1080,ok,ee1d9214808d4f18bbe47ecd62e5dd8cdb545456ffbdc01488794c57b7169588,0.8231233359467457,0.8931900559076067,"$HISTOPATH_DATA/v2/runs_tune/S/canine/fold3/irm__irm_lambda=1,lr=0.1__s0.json"
S,canine,3,irm,"irm_lambda=100,lr=0.1","{""irm_lambda"": 100.0, ""lr"": 0.1}",0.800886923969746,240,diverged,ee1d9214808d4f18bbe47ecd62e5dd8cdb545456ffbdc01488794c57b7169588,0.7174481796840853,0.8429198070632333,"$HISTOPATH_DATA/v2/runs_tune/S/canine/fold3/irm__irm_lambda=100,lr=0.1__s0.json"
S,canine,3,irm,lr=0.1,"{""irm_lambda"": 10.0, ""lr"": 0.1}",0.800886923969746,240,diverged,ee1d9214808d4f18bbe47ecd62e5dd8cdb545456ffbdc01488794c57b7169588,0.7174481796840853,0.8429198070632333,$HISTOPATH_DATA/v2/runs_tune/S/canine/fold3/irm__lr=0.1__s0.json
S,canine,3,lisa,"lisa_alpha=0.5,lr=0.1,p_sel=1","{""lisa_alpha"": 0.5, ""lr"": 0.1, ""p_sel"": 1.0}",0.8571528406651105,1080,ok,ee1d9214808d4f18bbe47ecd62e5dd8cdb545456ffbdc01488794c57b7169588,0.8838349601540201,0.8709519785216997,"$HISTOPATH_DATA/v2/runs_tune/S/canine/fold3/lisa__lisa_alpha=0.5,lr=0.1,p_sel=1__s0.json"
S,canine,3,lisa,"lisa_alpha=0.5,lr=0.1","{""lisa_alpha"": 0.5, ""lr"": 0.1, ""p_sel"": 0.5}",0.8475183241287536,1080,ok,ee1d9214808d4f18bbe47ecd62e5dd8cdb545456ffbdc01488794c57b7169588,0.8972104390418707,0.8803730925769089,"$HISTOPATH_DATA/v2/runs_tune/S/canine/fold3/lisa__lisa_alpha=0.5,lr=0.1__s0.json"
S,canine,3,lisa,"lr=0.1,p_sel=1","{""lisa_alpha"": 2.0, ""lr"": 0.1, ""p_sel"": 1.0}",0.8507152149790187,1200,ok,ee1d9214808d4f18bbe47ecd62e5dd8cdb545456ffbdc01488794c57b7169588,0.8750278174354551,0.8866664427578665,"$HISTOPATH_DATA/v2/runs_tune/S/canine/fold3/lisa__lr=0.1,p_sel=1__s0.json"
S,canine,3,lisa,lr=0.1,"{""lisa_alpha"": 2.0, ""lr"": 0.1, ""p_sel"": 0.5}",0.8480622552708441,1200,ok,ee1d9214808d4f18bbe47ecd62e5dd8cdb545456ffbdc01488794c57b7169588,0.885158499467617,0.8776289994574751,$HISTOPATH_DATA/v2/runs_tune/S/canine/fold3/lisa__lr=0.1__s0.json
S,canine,3,mixstyle,"lr=0.1,ms_alpha=0.3,ms_p=1","{""lr"": 0.1, ""ms_alpha"": 0.3, ""ms_p"": 1.0}",0.8337465296821126,1080,ok,ee1d9214808d4f18bbe47ecd62e5dd8cdb545456ffbdc01488794c57b7169588,0.8467735769170636,0.9050051786474517,"$HISTOPATH_DATA/v2/runs_tune/S/canine/fold3/mixstyle__lr=0.1,ms_alpha=0.3,ms_p=1__s0.json"
S,canine,3,mixstyle,"lr=0.1,ms_alpha=0.3","{""lr"": 0.1, ""ms_alpha"": 0.3, ""ms_p"": 0.5}",0.8389809701159394,1080,ok,ee1d9214808d4f18bbe47ecd62e5dd8cdb545456ffbdc01488794c57b7169588,0.843735342351318,0.8935204726775287,"$HISTOPATH_DATA/v2/runs_tune/S/canine/fold3/mixstyle__lr=0.1,ms_alpha=0.3__s0.json"
S,canine,3,mixstyle,"lr=0.1,ms_p=1","{""lr"": 0.1, ""ms_alpha"": 0.1, ""ms_p"": 1.0}",0.8364361589054841,1200,ok,ee1d9214808d4f18bbe47ecd62e5dd8cdb545456ffbdc01488794c57b7169588,0.8441832743889008,0.9063734429639232,"$HISTOPATH_DATA/v2/runs_tune/S/canine/fold3/mixstyle__lr=0.1,ms_p=1__s0.json"
S,canine,3,mixstyle,lr=0.1,"{""lr"": 0.1, ""ms_alpha"": 0.1, ""ms_p"": 0.5}",0.7905022766985956,1080,ok,ee1d9214808d4f18bbe47ecd62e5dd8cdb545456ffbdc01488794c57b7169588,0.6875648360226374,0.8490494617565282,$HISTOPATH_DATA/v2/runs_tune/S/canine/fold3/mixstyle__lr=0.1__s0.json
S,canine,3,sam,"lr=0.1,rho=0.02","{""lr"": 0.1, ""rho"": 0.02}",0.8748517276124637,1080,ok,ee1d9214808d4f18bbe47ecd62e5dd8cdb545456ffbdc01488794c57b7169588,0.8832686256988596,0.9169921665203694,"$HISTOPATH_DATA/v2/runs_tune/S/canine/fold3/sam__lr=0.1,rho=0.02__s0.json"
S,canine,3,sam,"lr=0.1,rho=0.1","{""lr"": 0.1, ""rho"": 0.1}",0.8709894710661581,1080,ok,ee1d9214808d4f18bbe47ecd62e5dd8cdb545456ffbdc01488794c57b7169588,0.8678691787380071,0.9286233209487561,"$HISTOPATH_DATA/v2/runs_tune/S/canine/fold3/sam__lr=0.1,rho=0.1__s0.json"
S,canine,3,sam,lr=0.1,"{""lr"": 0.1, ""rho"": 0.05}",0.8768467618160871,1080,ok,ee1d9214808d4f18bbe47ecd62e5dd8cdb545456ffbdc01488794c57b7169588,0.8909868941362559,0.9189286750620363,$HISTOPATH_DATA/v2/runs_tune/S/canine/fold3/sam__lr=0.1__s0.json
S,canine,4,coral,"coral_lambda=0.1,lr=0.03","{""coral_lambda"": 0.1, ""lr"": 0.03}",0.8954436861025276,600,ok,fba80d4803e4acc3cd3d6609d34718f76bade3a4df0fea9a1466058351cb9ecf,0.9237496735924079,0.8698796291396156,"$HISTOPATH_DATA/v2/runs_tune/S/canine/fold4/coral__coral_lambda=0.1,lr=0.03__s0.json"
S,canine,4,coral,"coral_lambda=10,lr=0.03","{""coral_lambda"": 10.0, ""lr"": 0.03}",0.8891242155647654,480,ok,fba80d4803e4acc3cd3d6609d34718f76bade3a4df0fea9a1466058351cb9ecf,0.91094935213199,0.8591348525794121,"$HISTOPATH_DATA/v2/runs_tune/S/canine/fold4/coral__coral_lambda=10,lr=0.03__s0.json"
S,canine,4,coral,lr=0.03,"{""coral_lambda"": 1.0, ""lr"": 0.03}",0.91351864418186,600,ok,fba80d4803e4acc3cd3d6609d34718f76bade3a4df0fea9a1466058351cb9ecf,0.9274136082691335,0.8790563921519087,$HISTOPATH_DATA/v2/runs_tune/S/canine/fold4/coral__lr=0.03__s0.json
S,canine,4,erm,default,"{""lr"": 0.003}",0.8749630214846926,720,ok,fba80d4803e4acc3cd3d6609d34718f76bade3a4df0fea9a1466058351cb9ecf,0.9131376067840735,0.8704942016788073,$HISTOPATH_DATA/v2/runs_tune/S/canine/fold4/erm__default__s0.json
S,canine,4,erm,lr=0.001,"{""lr"": 0.001}",0.8298620263244968,1080,ok,fba80d4803e4acc3cd3d6609d34718f76bade3a4df0fea9a1466058351cb9ecf,0.8971831970364157,0.8505905871387038,$HISTOPATH_DATA/v2/runs_tune/S/canine/fold4/erm__lr=0.001__s0.json
S,canine,4,erm,lr=0.01,"{""lr"": 0.01}",0.8944174008625284,600,ok,fba80d4803e4acc3cd3d6609d34718f76bade3a4df0fea9a1466058351cb9ecf,0.92788956575914,0.8757223361267931,$HISTOPATH_DATA/v2/runs_tune/S/canine/fold4/erm__lr=0.01__s0.json
S,canine,4,erm,lr=0.03,"{""lr"": 0.03}",0.8954459643996792,720,ok,fba80d4803e4acc3cd3d6609d34718f76bade3a4df0fea9a1466058351cb9ecf,0.9279337423602468,0.8728270166088229,$HISTOPATH_DATA/v2/runs_tune/S/canine/fold4/erm__lr=0.03__s0.json
S,canine,4,erm,lr=0.1,"{""lr"": 0.1}",0.8749656502890985,1200,ok,fba80d4803e4acc3cd3d6609d34718f76bade3a4df0fea9a1466058351cb9ecf,0.8982966894478741,0.8598339288427429,$HISTOPATH_DATA/v2/runs_tune/S/canine/fold4/erm__lr=0.1__s0.json
S,canine,4,erm_lunit_bt,default,"{""lr"": 0.003}",0.9024002035746131,600,ok,fba80d4803e4acc3cd3d6609d34718f76bade3a4df0fea9a1466058351cb9ecf,0.9275703444292246,0.8726955663712734,$HISTOPATH_DATA/v2/runs_tune/S/canine/fold4/erm_lunit_bt__default__s0.json
S,canine,4,erm_lunit_bt,lr=0.0003,"{""lr"": 0.0003}",0.8318784945573234,1200,ok,fba80d4803e4acc3cd3d6609d34718f76bade3a4df0fea9a1466058351cb9ecf,0.9087444556096267,0.8253905523129266,$HISTOPATH_DATA/v2/runs_tune/S/canine/fold4/erm_lunit_bt__lr=0.0003__s0.json
S,canine,4,erm_lunit_bt,lr=0.001,"{""lr"": 0.001}",0.875574656643094,1200,ok,fba80d4803e4acc3cd3d6609d34718f76bade3a4df0fea9a1466058351cb9ecf,0.9242558890283782,0.8542635116333459,$HISTOPATH_DATA/v2/runs_tune/S/canine/fold4/erm_lunit_bt__lr=0.001__s0.json
S,canine,4,erm_lunit_bt,lr=0.01,"{""lr"": 0.01}",0.8935095870744142,600,ok,fba80d4803e4acc3cd3d6609d34718f76bade3a4df0fea9a1466058351cb9ecf,0.9272517282582287,0.8819150080321216,$HISTOPATH_DATA/v2/runs_tune/S/canine/fold4/erm_lunit_bt__lr=0.01__s0.json
S,canine,4,erm_lunit_bt,lr=0.03,"{""lr"": 0.03}",0.7860722788018821,960,ok,fba80d4803e4acc3cd3d6609d34718f76bade3a4df0fea9a1466058351cb9ecf,0.8188408362449042,0.7593257114957501,$HISTOPATH_DATA/v2/runs_tune/S/canine/fold4/erm_lunit_bt__lr=0.03__s0.json
S,canine,4,erm_lunit_dino,default,"{""lr"": 3e-05}",0.9312383631591641,600,ok,fba80d4803e4acc3cd3d6609d34718f76bade3a4df0fea9a1466058351cb9ecf,0.9578960681917277,0.8970736104258817,$HISTOPATH_DATA/v2/runs_tune/S/canine/fold4/erm_lunit_dino__default__s0.json
S,canine,4,erm_lunit_dino,lr=0.0001,"{""lr"": 0.0001}",0.923626747629169,720,ok,fba80d4803e4acc3cd3d6609d34718f76bade3a4df0fea9a1466058351cb9ecf,0.9583862469163371,0.8788173917200007,$HISTOPATH_DATA/v2/runs_tune/S/canine/fold4/erm_lunit_dino__lr=0.0001__s0.json
S,canine,4,erm_lunit_dino,lr=1e-05,"{""lr"": 1e-05}",0.9232776424040872,600,ok,fba80d4803e4acc3cd3d6609d34718f76bade3a4df0fea9a1466058351cb9ecf,0.9592047243546511,0.9040558373294774,$HISTOPATH_DATA/v2/runs_tune/S/canine/fold4/erm_lunit_dino__lr=1e-05__s0.json
S,canine,4,fish,"lr=0.03,meta_lr=0.01","{""lr"": 0.03, ""meta_lr"": 0.01}",0.7702314539601711,1200,ok,fba80d4803e4acc3cd3d6609d34718f76bade3a4df0fea9a1466058351cb9ecf,0.910471276585766,0.8713511889417914,"$HISTOPATH_DATA/v2/runs_tune/S/canine/fold4/fish__lr=0.03,meta_lr=0.01__s0.json"
S,canine,4,fish,"lr=0.03,meta_lr=0.05","{""lr"": 0.03, ""meta_lr"": 0.05}",0.7991365604302547,600,ok,fba80d4803e4acc3cd3d6609d34718f76bade3a4df0fea9a1466058351cb9ecf,0.9200200791729414,0.8809223026667327,"$HISTOPATH_DATA/v2/runs_tune/S/canine/fold4/fish__lr=0.03,meta_lr=0.05__s0.json"
S,canine,4,fish,"lr=0.03,meta_lr=0.5","{""lr"": 0.03, ""meta_lr"": 0.5}",0.8010464744578354,1080,ok,fba80d4803e4acc3cd3d6609d34718f76bade3a4df0fea9a1466058351cb9ecf,0.9006976574600815,0.8660718401155396,"$HISTOPATH_DATA/v2/runs_tune/S/canine/fold4/fish__lr=0.03,meta_lr=0.5__s0.json"
S,canine,4,fish,lr=0.03,"{""lr"": 0.03, ""meta_lr"": 0.1}",0.8052076965784883,1200,ok,fba80d4803e4acc3cd3d6609d34718f76bade3a4df0fea9a1466058351cb9ecf,0.9172871814935141,0.8834343679206791,$HISTOPATH_DATA/v2/runs_tune/S/canine/fold4/fish__lr=0.03__s0.json
S,canine,4,groupdro,"eta=0.001,lr=0.03","{""eta"": 0.001, ""lr"": 0.03}",0.8955833632432857,480,ok,fba80d4803e4acc3cd3d6609d34718f76bade3a4df0fea9a1466058351cb9ecf,0.8921174117231991,0.8579569218792946,"$HISTOPATH_DATA/v2/runs_tune/S/canine/fold4/groupdro__eta=0.001,lr=0.03__s0.json"
S,canine,4,groupdro,"eta=0.1,lr=0.03","{""eta"": 0.1, ""lr"": 0.03}",0.8843928933953217,720,ok,fba80d4803e4acc3cd3d6609d34718f76bade3a4df0fea9a1466058351cb9ecf,0.9192878368806235,0.8561063756779503,"$HISTOPATH_DATA/v2/runs_tune/S/canine/fold4/groupdro__eta=0.1,lr=0.03__s0.json"
S,canine,4,groupdro,lr=0.03,"{""eta"": 0.01, ""lr"": 0.03}",0.8819123535580692,1200,ok,fba80d4803e4acc3cd3d6609d34718f76bade3a4df0fea9a1466058351cb9ecf,0.9137603153120032,0.8542268079955888,$HISTOPATH_DATA/v2/runs_tune/S/canine/fold4/groupdro__lr=0.03__s0.json
S,canine,4,he_jitter,"jitter=0.2,lr=0.03","{""jitter"": 0.2, ""lr"": 0.03}",0.9138582857110811,960,ok,fba80d4803e4acc3cd3d6609d34718f76bade3a4df0fea9a1466058351cb9ecf,0.9359508877227475,0.8733989104994597,"$HISTOPATH_DATA/v2/runs_tune/S/canine/fold4/he_jitter__jitter=0.2,lr=0.03__s0.json"
S,canine,4,he_jitter,lr=0.03,"{""jitter"": 0.4, ""lr"": 0.03}",0.9183663347596641,1200,ok,fba80d4803e4acc3cd3d6609d34718f76bade3a4df0fea9a1466058351cb9ecf,0.9471961020503692,0.8693000530922387,$HISTOPATH_DATA/v2/runs_tune/S/canine/fold4/he_jitter__lr=0.03__s0.json
S,canine,4,irm,"irm_lambda=1,lr=0.03","{""irm_lambda"": 1.0, ""lr"": 0.03}",0.8962291728589613,720,ok,fba80d4803e4acc3cd3d6609d34718f76bade3a4df0fea9a1466058351cb9ecf,0.8992643385597884,0.8504258475552817,"$HISTOPATH_DATA/v2/runs_tune/S/canine/fold4/irm__irm_lambda=1,lr=0.03__s0.json"
S,canine,4,irm,"irm_lambda=100,lr=0.03","{""irm_lambda"": 100.0, ""lr"": 0.03}",0.8485764848889312,240,diverged,fba80d4803e4acc3cd3d6609d34718f76bade3a4df0fea9a1466058351cb9ecf,0.8744670441042847,0.8246684295793764,"$HISTOPATH_DATA/v2/runs_tune/S/canine/fold4/irm__irm_lambda=100,lr=0.03__s0.json"
S,canine,4,irm,lr=0.03,"{""irm_lambda"": 10.0, ""lr"": 0.03}",0.8485764848889312,240,ok,fba80d4803e4acc3cd3d6609d34718f76bade3a4df0fea9a1466058351cb9ecf,0.8744670441042847,0.8246684295793764,$HISTOPATH_DATA/v2/runs_tune/S/canine/fold4/irm__lr=0.03__s0.json
S,canine,4,lisa,"lisa_alpha=0.5,lr=0.03,p_sel=1","{""lisa_alpha"": 0.5, ""lr"": 0.03, ""p_sel"": 1.0}",0.9031616805841414,1200,ok,fba80d4803e4acc3cd3d6609d34718f76bade3a4df0fea9a1466058351cb9ecf,0.9108098630010981,0.8756583181539608,"$HISTOPATH_DATA/v2/runs_tune/S/canine/fold4/lisa__lisa_alpha=0.5,lr=0.03,p_sel=1__s0.json"
S,canine,4,lisa,"lisa_alpha=0.5,lr=0.03","{""lisa_alpha"": 0.5, ""lr"": 0.03, ""p_sel"": 0.5}",0.8862647773858328,600,ok,fba80d4803e4acc3cd3d6609d34718f76bade3a4df0fea9a1466058351cb9ecf,0.9101314798525955,0.8710695098613286,"$HISTOPATH_DATA/v2/runs_tune/S/canine/fold4/lisa__lisa_alpha=0.5,lr=0.03__s0.json"
S,canine,4,lisa,"lr=0.03,p_sel=1","{""lisa_alpha"": 2.0, ""lr"": 0.03, ""p_sel"": 1.0}",0.8966119267804366,1200,ok,fba80d4803e4acc3cd3d6609d34718f76bade3a4df0fea9a1466058351cb9ecf,0.9259563855915292,0.8804553982515413,"$HISTOPATH_DATA/v2/runs_tune/S/canine/fold4/lisa__lr=0.03,p_sel=1__s0.json"
S,canine,4,lisa,lr=0.03,"{""lisa_alpha"": 2.0, ""lr"": 0.03, ""p_sel"": 0.5}",0.8899123311256051,1200,ok,fba80d4803e4acc3cd3d6609d34718f76bade3a4df0fea9a1466058351cb9ecf,0.9093120946759026,0.8854402644027635,$HISTOPATH_DATA/v2/runs_tune/S/canine/fold4/lisa__lr=0.03__s0.json
S,canine,4,mixstyle,"lr=0.03,ms_alpha=0.3,ms_p=1","{""lr"": 0.03, ""ms_alpha"": 0.3, ""ms_p"": 1.0}",0.8634145084766676,600,ok,fba80d4803e4acc3cd3d6609d34718f76bade3a4df0fea9a1466058351cb9ecf,0.8345093084032065,0.8045923932991108,"$HISTOPATH_DATA/v2/runs_tune/S/canine/fold4/mixstyle__lr=0.03,ms_alpha=0.3,ms_p=1__s0.json"
S,canine,4,mixstyle,"lr=0.03,ms_alpha=0.3","{""lr"": 0.03, ""ms_alpha"": 0.3, ""ms_p"": 0.5}",0.8582427739424494,1200,ok,fba80d4803e4acc3cd3d6609d34718f76bade3a4df0fea9a1466058351cb9ecf,0.9152983267053302,0.8500562504587954,"$HISTOPATH_DATA/v2/runs_tune/S/canine/fold4/mixstyle__lr=0.03,ms_alpha=0.3__s0.json"
S,canine,4,mixstyle,"lr=0.03,ms_p=1","{""lr"": 0.03, ""ms_alpha"": 0.1, ""ms_p"": 1.0}",0.8446122478450814,480,ok,fba80d4803e4acc3cd3d6609d34718f76bade3a4df0fea9a1466058351cb9ecf,0.8955371647759989,0.8542430258820395,"$HISTOPATH_DATA/v2/runs_tune/S/canine/fold4/mixstyle__lr=0.03,ms_p=1__s0.json"
S,canine,4,mixstyle,lr=0.03,"{""lr"": 0.03, ""ms_alpha"": 0.1, ""ms_p"": 0.5}",0.8813015946678031,1200,ok,fba80d4803e4acc3cd3d6609d34718f76bade3a4df0fea9a1466058351cb9ecf,0.8870597960553926,0.861478763958052,$HISTOPATH_DATA/v2/runs_tune/S/canine/fold4/mixstyle__lr=0.03__s0.json
S,canine,4,sam,"lr=0.03,rho=0.02","{""lr"": 0.03, ""rho"": 0.02}",0.9030162200736906,480,ok,fba80d4803e4acc3cd3d6609d34718f76bade3a4df0fea9a1466058351cb9ecf,0.9158127117867105,0.8721492796697699,"$HISTOPATH_DATA/v2/runs_tune/S/canine/fold4/sam__lr=0.03,rho=0.02__s0.json"
S,canine,4,sam,"lr=0.03,rho=0.1","{""lr"": 0.03, ""rho"": 0.1}",0.9026089306444286,720,ok,fba80d4803e4acc3cd3d6609d34718f76bade3a4df0fea9a1466058351cb9ecf,0.9292206128020765,0.8805646555918418,"$HISTOPATH_DATA/v2/runs_tune/S/canine/fold4/sam__lr=0.03,rho=0.1__s0.json"
S,canine,4,sam,lr=0.03,"{""lr"": 0.03, ""rho"": 0.05}",0.9103779239315137,600,ok,fba80d4803e4acc3cd3d6609d34718f76bade3a4df0fea9a1466058351cb9ecf,0.9195740770494387,0.8652711886686482,$HISTOPATH_DATA/v2/runs_tune/S/canine/fold4/sam__lr=0.03__s0.json
S,midog21sn,0,coral,"coral_lambda=0.1,lr=0.03","{""coral_lambda"": 0.1, ""lr"": 0.03}",0.9053977362297823,360,ok,9213c8956ae6975f8067a7f40e7c5c06e5581c386fa241594632a2f21913231d,,0.8873497813330721,"$HISTOPATH_DATA/v2/runs_tune/S/midog21sn/fold0/coral__coral_lambda=0.1,lr=0.03__s0.json"
S,midog21sn,0,coral,"coral_lambda=10,lr=0.03","{""coral_lambda"": 10.0, ""lr"": 0.03}",0.9092127250370464,600,ok,9213c8956ae6975f8067a7f40e7c5c06e5581c386fa241594632a2f21913231d,,0.871850154965638,"$HISTOPATH_DATA/v2/runs_tune/S/midog21sn/fold0/coral__coral_lambda=10,lr=0.03__s0.json"
S,midog21sn,0,coral,lr=0.03,"{""coral_lambda"": 1.0, ""lr"": 0.03}",0.8990919696062049,1080,ok,9213c8956ae6975f8067a7f40e7c5c06e5581c386fa241594632a2f21913231d,,0.8848905440335169,$HISTOPATH_DATA/v2/runs_tune/S/midog21sn/fold0/coral__lr=0.03__s0.json
S,midog21sn,0,erm,default,"{""lr"": 0.003}",0.8946385219283035,840,ok,9213c8956ae6975f8067a7f40e7c5c06e5581c386fa241594632a2f21913231d,,0.865807720106332,$HISTOPATH_DATA/v2/runs_tune/S/midog21sn/fold0/erm__default__s0.json
S,midog21sn,0,erm,lr=0.001,"{""lr"": 0.001}",0.8519484818866854,840,ok,9213c8956ae6975f8067a7f40e7c5c06e5581c386fa241594632a2f21913231d,,0.8373228307873235,$HISTOPATH_DATA/v2/runs_tune/S/midog21sn/fold0/erm__lr=0.001__s0.json
S,midog21sn,0,erm,lr=0.01,"{""lr"": 0.01}",0.9065091275971877,720,ok,9213c8956ae6975f8067a7f40e7c5c06e5581c386fa241594632a2f21913231d,,0.8721778491014441,$HISTOPATH_DATA/v2/runs_tune/S/midog21sn/fold0/erm__lr=0.01__s0.json
S,midog21sn,0,erm,lr=0.03,"{""lr"": 0.03}",0.9097093041586531,360,ok,9213c8956ae6975f8067a7f40e7c5c06e5581c386fa241594632a2f21913231d,,0.8891873185432004,$HISTOPATH_DATA/v2/runs_tune/S/midog21sn/fold0/erm__lr=0.03__s0.json
S,midog21sn,0,erm,lr=0.1,"{""lr"": 0.1}",0.8926837342749945,1200,ok,9213c8956ae6975f8067a7f40e7c5c06e5581c386fa241594632a2f21913231d,,0.8446546042557361,$HISTOPATH_DATA/v2/runs_tune/S/midog21sn/fold0/erm__lr=0.1__s0.json
S,midog21sn,0,erm_lunit_bt,default,"{""lr"": 0.003}",0.869273575684964,360,ok,9213c8956ae6975f8067a7f40e7c5c06e5581c386fa241594632a2f21913231d,,0.8781161568521761,$HISTOPATH_DATA/v2/runs_tune/S/midog21sn/fold0/erm_lunit_bt__default__s0.json
S,midog21sn,0,erm_lunit_bt,lr=0.0003,"{""lr"": 0.0003}",0.8002096667402339,1200,ok,9213c8956ae6975f8067a7f40e7c5c06e5581c386fa241594632a2f21913231d,,0.8205277406867488,$HISTOPATH_DATA/v2/runs_tune/S/midog21sn/fold0/erm_lunit_bt__lr=0.0003__s0.json
S,midog21sn,0,erm_lunit_bt,lr=0.001,"{""lr"": 0.001}",0.8515307248478734,1200,ok,9213c8956ae6975f8067a7f40e7c5c06e5581c386fa241594632a2f21913231d,,0.8664753586260121,$HISTOPATH_DATA/v2/runs_tune/S/midog21sn/fold0/erm_lunit_bt__lr=0.001__s0.json
S,midog21sn,0,erm_lunit_bt,lr=0.01,"{""lr"": 0.01}",0.9060361951004194,240,ok,9213c8956ae6975f8067a7f40e7c5c06e5581c386fa241594632a2f21913231d,,0.9043929389570139,$HISTOPATH_DATA/v2/runs_tune/S/midog21sn/fold0/erm_lunit_bt__lr=0.01__s0.json
S,midog21sn,0,erm_lunit_bt,lr=0.03,"{""lr"": 0.03}",0.7749944824542043,1200,ok,9213c8956ae6975f8067a7f40e7c5c06e5581c386fa241594632a2f21913231d,,0.6669035047959722,$HISTOPATH_DATA/v2/runs_tune/S/midog21sn/fold0/erm_lunit_bt__lr=0.03__s0.json
S,midog21sn,0,erm_lunit_dino,default,"{""lr"": 3e-05}",0.9021266197938015,960,ok,9213c8956ae6975f8067a7f40e7c5c06e5581c386fa241594632a2f21913231d,,0.8877632272053508,$HISTOPATH_DATA/v2/runs_tune/S/midog21sn/fold0/erm_lunit_dino__default__s0.json
S,midog21sn,0,erm_lunit_dino,lr=0.0001,"{""lr"": 0.0001}",0.8691080493110951,1080,ok,9213c8956ae6975f8067a7f40e7c5c06e5581c386fa241594632a2f21913231d,,0.869332728987762,$HISTOPATH_DATA/v2/runs_tune/S/midog21sn/fold0/erm_lunit_dino__lr=0.0001__s0.json
S,midog21sn,0,erm_lunit_dino,lr=1e-05,"{""lr"": 1e-05}",0.8929674937730556,480,ok,9213c8956ae6975f8067a7f40e7c5c06e5581c386fa241594632a2f21913231d,,0.8786031042128603,$HISTOPATH_DATA/v2/runs_tune/S/midog21sn/fold0/erm_lunit_dino__lr=1e-05__s0.json
S,midog21sn,0,fish,"lr=0.03,meta_lr=0.01","{""lr"": 0.03, ""meta_lr"": 0.01}",0.7983967588359553,1080,ok,9213c8956ae6975f8067a7f40e7c5c06e5581c386fa241594632a2f21913231d,,0.7952126030552119,"$HISTOPATH_DATA/v2/runs_tune/S/midog21sn/fold0/fish__lr=0.03,meta_lr=0.01__s0.json"
S,midog21sn,0,fish,"lr=0.03,meta_lr=0.05","{""lr"": 0.03, ""meta_lr"": 0.05}",0.8722136393732067,960,ok,9213c8956ae6975f8067a7f40e7c5c06e5581c386fa241594632a2f21913231d,,0.872775048694736,"$HISTOPATH_DATA/v2/runs_tune/S/midog21sn/fold0/fish__lr=0.03,meta_lr=0.05__s0.json"
S,midog21sn,0,fish,"lr=0.03,meta_lr=0.5","{""lr"": 0.03, ""meta_lr"": 0.5}",0.9044597534445251,1080,ok,9213c8956ae6975f8067a7f40e7c5c06e5581c386fa241594632a2f21913231d,,0.8859379402432899,"$HISTOPATH_DATA/v2/runs_tune/S/midog21sn/fold0/fish__lr=0.03,meta_lr=0.5__s0.json"
S,midog21sn,0,fish,lr=0.03,"{""lr"": 0.03, ""meta_lr"": 0.1}",0.891154585868777,840,ok,9213c8956ae6975f8067a7f40e7c5c06e5581c386fa241594632a2f21913231d,,0.8707629454496455,$HISTOPATH_DATA/v2/runs_tune/S/midog21sn/fold0/fish__lr=0.03__s0.json
S,midog21sn,0,groupdro,"eta=0.001,lr=0.03","{""eta"": 0.001, ""lr"": 0.03}",0.918348204432954,1200,ok,9213c8956ae6975f8067a7f40e7c5c06e5581c386fa241594632a2f21913231d,,0.8925990126300057,"$HISTOPATH_DATA/v2/runs_tune/S/midog21sn/fold0/groupdro__eta=0.001,lr=0.03__s0.json"
S,midog21sn,0,groupdro,"eta=0.1,lr=0.03","{""eta"": 0.1, ""lr"": 0.03}",0.9162042437809378,840,ok,9213c8956ae6975f8067a7f40e7c5c06e5581c386fa241594632a2f21913231d,,0.8674768164055322,"$HISTOPATH_DATA/v2/runs_tune/S/midog21sn/fold0/groupdro__eta=0.1,lr=0.03__s0.json"
S,midog21sn,0,groupdro,lr=0.03,"{""eta"": 0.01, ""lr"": 0.03}",0.9185531418482202,960,ok,9213c8956ae6975f8067a7f40e7c5c06e5581c386fa241594632a2f21913231d,,0.8925071357694992,$HISTOPATH_DATA/v2/runs_tune/S/midog21sn/fold0/groupdro__lr=0.03__s0.json
S,midog21sn,0,he_jitter,"jitter=0.2,lr=0.03","{""jitter"": 0.2, ""lr"": 0.03}",0.9178516253113472,840,ok,9213c8956ae6975f8067a7f40e7c5c06e5581c386fa241594632a2f21913231d,,0.9046134434222293,"$HISTOPATH_DATA/v2/runs_tune/S/midog21sn/fold0/he_jitter__jitter=0.2,lr=0.03__s0.json"
S,midog21sn,0,he_jitter,lr=0.03,"{""jitter"": 0.4, ""lr"": 0.03}",0.910741873443264,1080,ok,9213c8956ae6975f8067a7f40e7c5c06e5581c386fa241594632a2f21913231d,,0.9046256936702968,$HISTOPATH_DATA/v2/runs_tune/S/midog21sn/fold0/he_jitter__lr=0.03__s0.json
S,midog21sn,0,irm,"irm_lambda=1,lr=0.03","{""irm_lambda"": 1.0, ""lr"": 0.03}",0.8960967304600057,840,ok,9213c8956ae6975f8067a7f40e7c5c06e5581c386fa241594632a2f21913231d,,0.8790042998370715,"$HISTOPATH_DATA/v2/runs_tune/S/midog21sn/fold0/irm__irm_lambda=1,lr=0.03__s0.json"
S,midog21sn,0,irm,"irm_lambda=100,lr=0.03","{""irm_lambda"": 100.0, ""lr"": 0.03}",0.8661837500394111,120,diverged,9213c8956ae6975f8067a7f40e7c5c06e5581c386fa241594632a2f21913231d,,0.840777400742365,"$HISTOPATH_DATA/v2/runs_tune/S/midog21sn/fold0/irm__irm_lambda=100,lr=0.03__s0.json"
S,midog21sn,0,irm,lr=0.03,"{""irm_lambda"": 10.0, ""lr"": 0.03}",0.9018586247122995,960,ok,9213c8956ae6975f8067a7f40e7c5c06e5581c386fa241594632a2f21913231d,,0.8600164153324107,$HISTOPATH_DATA/v2/runs_tune/S/midog21sn/fold0/irm__lr=0.03__s0.json
S,midog21sn,0,lisa,"lisa_alpha=0.5,lr=0.03,p_sel=1","{""lisa_alpha"": 0.5, ""lr"": 0.03, ""p_sel"": 1.0}",0.9134297064665636,840,ok,9213c8956ae6975f8067a7f40e7c5c06e5581c386fa241594632a2f21913231d,,0.8819566096213449,"$HISTOPATH_DATA/v2/runs_tune/S/midog21sn/fold0/lisa__lisa_alpha=0.5,lr=0.03,p_sel=1__s0.json"
S,midog21sn,0,lisa,"lisa_alpha=0.5,lr=0.03","{""lisa_alpha"": 0.5, ""lr"": 0.03, ""p_sel"": 0.5}",0.898477157360406,1200,ok,9213c8956ae6975f8067a7f40e7c5c06e5581c386fa241594632a2f21913231d,,0.8630728522252576,"$HISTOPATH_DATA/v2/runs_tune/S/midog21sn/fold0/lisa__lisa_alpha=0.5,lr=0.03__s0.json"
S,midog21sn,0,lisa,"lr=0.03,p_sel=1","{""lisa_alpha"": 2.0, ""lr"": 0.03, ""p_sel"": 1.0}",0.8907920042879213,720,ok,9213c8956ae6975f8067a7f40e7c5c06e5581c386fa241594632a2f21913231d,,0.8594988423515576,"$HISTOPATH_DATA/v2/runs_tune/S/midog21sn/fold0/lisa__lr=0.03,p_sel=1__s0.json"
S,midog21sn,0,lisa,lr=0.03,"{""lisa_alpha"": 2.0, ""lr"": 0.03, ""p_sel"": 0.5}",0.9018270958791815,1200,ok,9213c8956ae6975f8067a7f40e7c5c06e5581c386fa241594632a2f21913231d,,0.8699054280849188,$HISTOPATH_DATA/v2/runs_tune/S/midog21sn/fold0/lisa__lr=0.03__s0.json
S,midog21sn,0,mixstyle,"lr=0.03,ms_alpha=0.3,ms_p=1","{""lr"": 0.03, ""ms_alpha"": 0.3, ""ms_p"": 1.0}",0.9126020745972191,960,ok,9213c8956ae6975f8067a7f40e7c5c06e5581c386fa241594632a2f21913231d,,0.8931165856108586,"$HISTOPATH_DATA/v2/runs_tune/S/midog21sn/fold0/mixstyle__lr=0.03,ms_alpha=0.3,ms_p=1__s0.json"
S,midog21sn,0,mixstyle,"lr=0.03,ms_alpha=0.3","{""lr"": 0.03, ""ms_alpha"": 0.3, ""ms_p"": 0.5}",0.8227685468360816,360,ok,9213c8956ae6975f8067a7f40e7c5c06e5581c386fa241594632a2f21913231d,,0.68808418370472,"$HISTOPATH_DATA/v2/runs_tune/S/midog21sn/fold0/mixstyle__lr=0.03,ms_alpha=0.3__s0.json"
S,midog21sn,0,mixstyle,"lr=0.03,ms_p=1","{""lr"": 0.03, ""ms_alpha"": 0.1, ""ms_p"": 1.0}",0.9222183686981744,1200,ok,9213c8956ae6975f8067a7f40e7c5c06e5581c386fa241594632a2f21913231d,,0.8911779838541731,"$HISTOPATH_DATA/v2/runs_tune/S/midog21sn/fold0/mixstyle__lr=0.03,ms_p=1__s0.json"
S,midog21sn,0,mixstyle,lr=0.03,"{""lr"": 0.03, ""ms_alpha"": 0.1, ""ms_p"": 0.5}",0.9052479742724721,960,ok,9213c8956ae6975f8067a7f40e7c5c06e5581c386fa241594632a2f21913231d,,0.8744349573078856,$HISTOPATH_DATA/v2/runs_tune/S/midog21sn/fold0/mixstyle__lr=0.03__s0.json
S,midog21sn,0,sam,"lr=0.03,rho=0.02","{""lr"": 0.03, ""rho"": 0.02}",0.9159677775325534,1200,ok,9213c8956ae6975f8067a7f40e7c5c06e5581c386fa241594632a2f21913231d,,0.9053913341745171,"$HISTOPATH_DATA/v2/runs_tune/S/midog21sn/fold0/sam__lr=0.03,rho=0.02__s0.json"
S,midog21sn,0,sam,"lr=0.03,rho=0.1","{""lr"": 0.03, ""rho"": 0.1}",0.9290285966516381,720,ok,9213c8956ae6975f8067a7f40e7c5c06e5581c386fa241594632a2f21913231d,,0.9002676679202752,"$HISTOPATH_DATA/v2/runs_tune/S/midog21sn/fold0/sam__lr=0.03,rho=0.1__s0.json"
S,midog21sn,0,sam,lr=0.03,"{""lr"": 0.03, ""rho"": 0.05}",0.9223208374058077,840,ok,9213c8956ae6975f8067a7f40e7c5c06e5581c386fa241594632a2f21913231d,,0.8983045656674548,$HISTOPATH_DATA/v2/runs_tune/S/midog21sn/fold0/sam__lr=0.03__s0.json
S,midog21sn,1,coral,"coral_lambda=0.1,lr=0.01","{""coral_lambda"": 0.1, ""lr"": 0.01}",0.9008985735145457,1200,ok,647c9eec7aca6b96cb670394edd32e62886c4005854951e91257298dc5854ea4,,0.847264398496483,"$HISTOPATH_DATA/v2/runs_tune/S/midog21sn/fold1/coral__coral_lambda=0.1,lr=0.01__s0.json"
S,midog21sn,1,coral,"coral_lambda=10,lr=0.01","{""coral_lambda"": 10.0, ""lr"": 0.01}",0.9066831405144333,960,ok,647c9eec7aca6b96cb670394edd32e62886c4005854951e91257298dc5854ea4,,0.8469549267261112,"$HISTOPATH_DATA/v2/runs_tune/S/midog21sn/fold1/coral__coral_lambda=10,lr=0.01__s0.json"
S,midog21sn,1,coral,lr=0.01,"{""coral_lambda"": 1.0, ""lr"": 0.01}",0.9031113107941143,600,ok,647c9eec7aca6b96cb670394edd32e62886c4005854951e91257298dc5854ea4,,0.8149439404782629,$HISTOPATH_DATA/v2/runs_tune/S/midog21sn/fold1/coral__lr=0.01__s0.json
S,midog21sn,1,erm,default,"{""lr"": 0.003}",0.8975738515107267,840,ok,647c9eec7aca6b96cb670394edd32e62886c4005854951e91257298dc5854ea4,,0.8187494761545553,$HISTOPATH_DATA/v2/runs_tune/S/midog21sn/fold1/erm__default__s0.json
S,midog21sn,1,erm,lr=0.001,"{""lr"": 0.001}",0.839593395484668,1080,ok,647c9eec7aca6b96cb670394edd32e62886c4005854951e91257298dc5854ea4,,0.8001682752751399,$HISTOPATH_DATA/v2/runs_tune/S/midog21sn/fold1/erm__lr=0.001__s0.json
S,midog21sn,1,erm,lr=0.01,"{""lr"": 0.01}",0.8986633718971133,1080,ok,647c9eec7aca6b96cb670394edd32e62886c4005854951e91257298dc5854ea4,,0.8553670786509611,$HISTOPATH_DATA/v2/runs_tune/S/midog21sn/fold1/erm__lr=0.01__s0.json
S,midog21sn,1,erm,lr=0.03,"{""lr"": 0.03}",0.8968100640233629,840,ok,647c9eec7aca6b96cb670394edd32e62886c4005854951e91257298dc5854ea4,,0.8416149268550576,$HISTOPATH_DATA/v2/runs_tune/S/midog21sn/fold1/erm__lr=0.03__s0.json
S,midog21sn,1,erm,lr=0.1,"{""lr"": 0.1}",0.89185667752443,720,ok,647c9eec7aca6b96cb670394edd32e62886c4005854951e91257298dc5854ea4,,0.8430139971502809,$HISTOPATH_DATA/v2/runs_tune/S/midog21sn/fold1/erm__lr=0.1__s0.json
S,midog21sn,1,erm_lunit_bt,default,"{""lr"": 0.003}",0.8690329102549703,360,ok,647c9eec7aca6b96cb670394edd32e62886c4005854951e91257298dc5854ea4,,0.8497949749521285,$HISTOPATH_DATA/v2/runs_tune/S/midog21sn/fold1/erm_lunit_bt__default__s0.json
S,midog21sn,1,erm_lunit_bt,lr=0.0003,"{""lr"": 0.0003}",0.8063124789396833,1200,ok,647c9eec7aca6b96cb670394edd32e62886c4005854951e91257298dc5854ea4,,0.8143443389231673,$HISTOPATH_DATA/v2/runs_tune/S/midog21sn/fold1/erm_lunit_bt__lr=0.0003__s0.json
S,midog21sn,1,erm_lunit_bt,lr=0.001,"{""lr"": 0.001}",0.8548691452319441,1080,ok,647c9eec7aca6b96cb670394edd32e62886c4005854951e91257298dc5854ea4,,0.8430107734860061,$HISTOPATH_DATA/v2/runs_tune/S/midog21sn/fold1/erm_lunit_bt__lr=0.001__s0.json
S,midog21sn,1,erm_lunit_bt,lr=0.01,"{""lr"": 0.01}",0.8902617095361114,840,ok,647c9eec7aca6b96cb670394edd32e62886c4005854951e91257298dc5854ea4,,0.8759679051984811,$HISTOPATH_DATA/v2/runs_tune/S/midog21sn/fold1/erm_lunit_bt__lr=0.01__s0.json
S,midog21sn,1,erm_lunit_bt,lr=0.03,"{""lr"": 0.03}",0.8813209030663821,720,ok,647c9eec7aca6b96cb670394edd32e62886c4005854951e91257298dc5854ea4,,0.8402835535096033,$HISTOPATH_DATA/v2/runs_tune/S/midog21sn/fold1/erm_lunit_bt__lr=0.03__s0.json
S,midog21sn,1,erm_lunit_dino,default,"{""lr"": 3e-05}",0.8811861170392002,360,ok,647c9eec7aca6b96cb670394edd32e62886c4005854951e91257298dc5854ea4,,0.8709309297692501,$HISTOPATH_DATA/v2/runs_tune/S/midog21sn/fold1/erm_lunit_dino__default__s0.json
S,midog21sn,1,erm_lunit_dino,lr=0.0001,"{""lr"": 0.0001}",0.8765247669324947,360,ok,647c9eec7aca6b96cb670394edd32e62886c4005854951e91257298dc5854ea4,,0.8318391649420063,$HISTOPATH_DATA/v2/runs_tune/S/midog21sn/fold1/erm_lunit_dino__lr=0.0001__s0.json
S,midog21sn,1,erm_lunit_dino,lr=1e-05,"{""lr"": 1e-05}",0.8886105807031338,360,ok,647c9eec7aca6b96cb670394edd32e62886c4005854951e91257298dc5854ea4,,0.8781019709483376,$HISTOPATH_DATA/v2/runs_tune/S/midog21sn/fold1/erm_lunit_dino__lr=1e-05__s0.json
S,midog21sn,1,fish,"lr=0.01,meta_lr=0.01","{""lr"": 0.01, ""meta_lr"": 0.01}",0.6653375266764012,1080,ok,647c9eec7aca6b96cb670394edd32e62886c4005854951e91257298dc5854ea4,,0.6951654706872208,"$HISTOPATH_DATA/v2/runs_tune/S/midog21sn/fold1/fish__lr=0.01,meta_lr=0.01__s0.json"
S,midog21sn,1,fish,"lr=0.01,meta_lr=0.05","{""lr"": 0.01, ""meta_lr"": 0.05}",0.8358418510614399,840,ok,647c9eec7aca6b96cb670394edd32e62886c4005854951e91257298dc5854ea4,,0.7990109798005196,"$HISTOPATH_DATA/v2/runs_tune/S/midog21sn/fold1/fish__lr=0.01,meta_lr=0.05__s0.json"
S,midog21sn,1,fish,"lr=0.01,meta_lr=0.5","{""lr"": 0.01, ""meta_lr"": 0.5}",0.8581601707289678,360,ok,647c9eec7aca6b96cb670394edd32e62886c4005854951e91257298dc5854ea4,,0.8444001727884052,"$HISTOPATH_DATA/v2/runs_tune/S/midog21sn/fold1/fish__lr=0.01,meta_lr=0.5__s0.json"
S,midog21sn,1,fish,lr=0.01,"{""lr"": 0.01, ""meta_lr"": 0.1}",0.8588228686959453,720,ok,647c9eec7aca6b96cb670394edd32e62886c4005854951e91257298dc5854ea4,,0.825101706607867,$HISTOPATH_DATA/v2/runs_tune/S/midog21sn/fold1/fish__lr=0.01__s0.json
S,midog21sn,1,groupdro,"eta=0.001,lr=0.01","{""eta"": 0.001, ""lr"": 0.01}",0.9108502751881389,600,ok,647c9eec7aca6b96cb670394edd32e62886c4005854951e91257298dc5854ea4,,0.8505879963637067,"$HISTOPATH_DATA/v2/runs_tune/S/midog21sn/fold1/groupdro__eta=0.001,lr=0.01__s0.json"
S,midog21sn,1,groupdro,"eta=0.1,lr=0.01","{""eta"": 0.1, ""lr"": 0.01}",0.8987869257553633,1200,ok,647c9eec7aca6b96cb670394edd32e62886c4005854951e91257298dc5854ea4,,0.8306061133569306,"$HISTOPATH_DATA/v2/runs_tune/S/midog21sn/fold1/groupdro__eta=0.1,lr=0.01__s0.json"
S,midog21sn,1,groupdro,lr=0.01,"{""eta"": 0.01, ""lr"": 0.01}",0.8963720094350219,720,ok,647c9eec7aca6b96cb670394edd32e62886c4005854951e91257298dc5854ea4,,0.8511843742545275,$HISTOPATH_DATA/v2/runs_tune/S/midog21sn/fold1/groupdro__lr=0.01__s0.json
S,midog21sn,1,he_jitter,"jitter=0.2,lr=0.01","{""jitter"": 0.2, ""lr"": 0.01}",0.9076266427047063,1200,ok,647c9eec7aca6b96cb670394edd32e62886c4005854951e91257298dc5854ea4,,0.8749443917912612,"$HISTOPATH_DATA/v2/runs_tune/S/midog21sn/fold1/he_jitter__jitter=0.2,lr=0.01__s0.json"
S,midog21sn,1,he_jitter,lr=0.01,"{""jitter"": 0.4, ""lr"": 0.01}",0.9142423902055488,840,ok,647c9eec7aca6b96cb670394edd32e62886c4005854951e91257298dc5854ea4,,0.8876730301799449,$HISTOPATH_DATA/v2/runs_tune/S/midog21sn/fold1/he_jitter__lr=0.01__s0.json
S,midog21sn,1,irm,"irm_lambda=1,lr=0.01","{""irm_lambda"": 1.0, ""lr"": 0.01}",0.9069639447377289,720,ok,647c9eec7aca6b96cb670394edd32e62886c4005854951e91257298dc5854ea4,,0.8593885998336589,"$HISTOPATH_DATA/v2/runs_tune/S/midog21sn/fold1/irm__irm_lambda=1,lr=0.01__s0.json"
S,midog21sn,1,irm,"irm_lambda=100,lr=0.01","{""irm_lambda"": 100.0, ""lr"": 0.01}",0.8848365719420421,240,diverged,647c9eec7aca6b96cb670394edd32e62886c4005854951e91257298dc5854ea4,,0.8498094814413648,"$HISTOPATH_DATA/v2/runs_tune/S/midog21sn/fold1/irm__irm_lambda=100,lr=0.01__s0.json"
S,midog21sn,1,irm,lr=0.01,"{""irm_lambda"": 10.0, ""lr"": 0.01}",0.9175558800404359,1080,ok,647c9eec7aca6b96cb670394edd32e62886c4005854951e91257298dc5854ea4,,0.8373870911587785,$HISTOPATH_DATA/v2/runs_tune/S/midog21sn/fold1/irm__lr=0.01__s0.json
S,midog21sn,1,lisa,"lisa_alpha=0.5,lr=0.01,p_sel=1","{""lisa_alpha"": 0.5, ""lr"": 0.01, ""p_sel"": 1.0}",0.9165225204987082,720,ok,647c9eec7aca6b96cb670394edd32e62886c4005854951e91257298dc5854ea4,,0.8384815251800417,"$HISTOPATH_DATA/v2/runs_tune/S/midog21sn/fold1/lisa__lisa_alpha=0.5,lr=0.01,p_sel=1__s0.json"
S,midog21sn,1,lisa,"lisa_alpha=0.5,lr=0.01","{""lisa_alpha"": 0.5, ""lr"": 0.01, ""p_sel"": 0.5}",0.9009322700213412,720,ok,647c9eec7aca6b96cb670394edd32e62886c4005854951e91257298dc5854ea4,,0.767876830235392,"$HISTOPATH_DATA/v2/runs_tune/S/midog21sn/fold1/lisa__lisa_alpha=0.5,lr=0.01__s0.json"
S,midog21sn,1,lisa,"lr=0.01,p_sel=1","{""lisa_alpha"": 2.0, ""lr"": 0.01, ""p_sel"": 1.0}",0.8971919577670449,1080,ok,647c9eec7aca6b96cb670394edd32e62886c4005854951e91257298dc5854ea4,,0.8488391584946777,"$HISTOPATH_DATA/v2/runs_tune/S/midog21sn/fold1/lisa__lr=0.01,p_sel=1__s0.json"
S,midog21sn,1,lisa,lr=0.01,"{""lisa_alpha"": 2.0, ""lr"": 0.01, ""p_sel"": 0.5}",0.8971245647534539,480,ok,647c9eec7aca6b96cb670394edd32e62886c4005854951e91257298dc5854ea4,,0.7998330141905701,$HISTOPATH_DATA/v2/runs_tune/S/midog21sn/fold1/lisa__lr=0.01__s0.json
S,midog21sn,1,mixstyle,"lr=0.01,ms_alpha=0.3,ms_p=1","{""lr"": 0.01, ""ms_alpha"": 0.3, ""ms_p"": 1.0}",0.9174210940132539,720,ok,647c9eec7aca6b96cb670394edd32e62886c4005854951e91257298dc5854ea4,,0.8642240962457205,"$HISTOPATH_DATA/v2/runs_tune/S/midog21sn/fold1/mixstyle__lr=0.01,ms_alpha=0.3,ms_p=1__s0.json"
S,midog21sn,1,mixstyle,"lr=0.01,ms_alpha=0.3","{""lr"": 0.01, ""ms_alpha"": 0.3, ""ms_p"": 0.5}",0.9205661013141638,1200,ok,647c9eec7aca6b96cb670394edd32e62886c4005854951e91257298dc5854ea4,,0.8722349019683695,"$HISTOPATH_DATA/v2/runs_tune/S/midog21sn/fold1/mixstyle__lr=0.01,ms_alpha=0.3__s0.json"
S,midog21sn,1,mixstyle,"lr=0.01,ms_p=1","{""lr"": 0.01, ""ms_alpha"": 0.1, ""ms_p"": 1.0}",0.9115691339997755,840,ok,647c9eec7aca6b96cb670394edd32e62886c4005854951e91257298dc5854ea4,,0.8683117025460501,"$HISTOPATH_DATA/v2/runs_tune/S/midog21sn/fold1/mixstyle__lr=0.01,ms_p=1__s0.json"
S,midog21sn,1,mixstyle,lr=0.01,"{""lr"": 0.01, ""ms_alpha"": 0.1, ""ms_p"": 0.5}",0.9154554644501854,840,ok,647c9eec7aca6b96cb670394edd32e62886c4005854951e91257298dc5854ea4,,0.8600478391778367,$HISTOPATH_DATA/v2/runs_tune/S/midog21sn/fold1/mixstyle__lr=0.01__s0.json
S,midog21sn,1,sam,"lr=0.01,rho=0.02","{""lr"": 0.01, ""rho"": 0.02}",0.912332921487139,840,ok,647c9eec7aca6b96cb670394edd32e62886c4005854951e91257298dc5854ea4,,0.8745881768889061,"$HISTOPATH_DATA/v2/runs_tune/S/midog21sn/fold1/sam__lr=0.01,rho=0.02__s0.json"
S,midog21sn,1,sam,"lr=0.01,rho=0.1","{""lr"": 0.01, ""rho"": 0.1}",0.9056048522969785,960,ok,647c9eec7aca6b96cb670394edd32e62886c4005854951e91257298dc5854ea4,,0.8627895656434758,"$HISTOPATH_DATA/v2/runs_tune/S/midog21sn/fold1/sam__lr=0.01,rho=0.1__s0.json"
S,midog21sn,1,sam,lr=0.01,"{""lr"": 0.01, ""rho"": 0.05}",0.9161518589239583,720,ok,647c9eec7aca6b96cb670394edd32e62886c4005854951e91257298dc5854ea4,,0.8530138037304242,$HISTOPATH_DATA/v2/runs_tune/S/midog21sn/fold1/sam__lr=0.01__s0.json
S,midog21sn,2,coral,"coral_lambda=0.1,lr=0.01","{""coral_lambda"": 0.1, ""lr"": 0.01}",0.8918391616187893,1080,ok,305503628695a098f0c07fed76ea17f8a178b492113beb4fcf344f1d23656fe0,,0.8340474932044699,"$HISTOPATH_DATA/v2/runs_tune/S/midog21sn/fold2/coral__coral_lambda=0.1,lr=0.01__s0.json"
S,midog21sn,2,coral,"coral_lambda=10,lr=0.01","{""coral_lambda"": 10.0, ""lr"": 0.01}",0.8862183656025866,1200,ok,305503628695a098f0c07fed76ea17f8a178b492113beb4fcf344f1d23656fe0,,0.8293409594281689,"$HISTOPATH_DATA/v2/runs_tune/S/midog21sn/fold2/coral__coral_lambda=10,lr=0.01__s0.json"
S,midog21sn,2,coral,lr=0.01,"{""coral_lambda"": 1.0, ""lr"": 0.01}",0.8676743840350811,480,ok,305503628695a098f0c07fed76ea17f8a178b492113beb4fcf344f1d23656fe0,,0.8377512143863888,$HISTOPATH_DATA/v2/runs_tune/S/midog21sn/fold2/coral__lr=0.01__s0.json
S,midog21sn,2,erm,default,"{""lr"": 0.003}",0.8833197071611729,1200,ok,305503628695a098f0c07fed76ea17f8a178b492113beb4fcf344f1d23656fe0,,0.8357149149300311,$HISTOPATH_DATA/v2/runs_tune/S/midog21sn/fold2/erm__default__s0.json
S,midog21sn,2,erm,lr=0.001,"{""lr"": 0.001}",0.8571481660411014,840,ok,305503628695a098f0c07fed76ea17f8a178b492113beb4fcf344f1d23656fe0,,0.7712486157253599,$HISTOPATH_DATA/v2/runs_tune/S/midog21sn/fold2/erm__lr=0.001__s0.json
S,midog21sn,2,erm,lr=0.01,"{""lr"": 0.01}",0.9058214723698391,840,ok,305503628695a098f0c07fed76ea17f8a178b492113beb4fcf344f1d23656fe0,,0.8515019379844961,$HISTOPATH_DATA/v2/runs_tune/S/midog21sn/fold2/erm__lr=0.01__s0.json
S,midog21sn,2,erm,lr=0.03,"{""lr"": 0.03}",0.8878999591214836,240,ok,305503628695a098f0c07fed76ea17f8a178b492113beb4fcf344f1d23656fe0,,0.8582833106815665,$HISTOPATH_DATA/v2/runs_tune/S/midog21sn/fold2/erm__lr=0.03__s0.json
S,midog21sn,2,erm,lr=0.1,"{""lr"": 0.1}",0.8806347318740941,840,ok,305503628695a098f0c07fed76ea17f8a178b492113beb4fcf344f1d23656fe0,,0.8355890717809324,$HISTOPATH_DATA/v2/runs_tune/S/midog21sn/fold2/erm__lr=0.1__s0.json
S,midog21sn,2,erm_lunit_bt,default,"{""lr"": 0.003}",0.8702571630309562,480,ok,305503628695a098f0c07fed76ea17f8a178b492113beb4fcf344f1d23656fe0,,0.8307346723044399,$HISTOPATH_DATA/v2/runs_tune/S/midog21sn/fold2/erm_lunit_bt__default__s0.json
S,midog21sn,2,erm_lunit_bt,lr=0.0003,"{""lr"": 0.0003}",0.8259039726485562,1200,ok,305503628695a098f0c07fed76ea17f8a178b492113beb4fcf344f1d23656fe0,,0.8059199763414879,$HISTOPATH_DATA/v2/runs_tune/S/midog21sn/fold2/erm_lunit_bt__lr=0.0003__s0.json
S,midog21sn,2,erm_lunit_bt,lr=0.001,"{""lr"": 0.001}",0.8613103422646698,1200,ok,305503628695a098f0c07fed76ea17f8a178b492113beb4fcf344f1d23656fe0,,0.8307205149501661,$HISTOPATH_DATA/v2/runs_tune/S/midog21sn/fold2/erm_lunit_bt__lr=0.001__s0.json
S,midog21sn,2,erm_lunit_bt,lr=0.01,"{""lr"": 0.01}",0.885874614441265,480,ok,305503628695a098f0c07fed76ea17f8a178b492113beb4fcf344f1d23656fe0,,0.8846458773784356,$HISTOPATH_DATA/v2/runs_tune/S/midog21sn/fold2/erm_lunit_bt__lr=0.01__s0.json
S,midog21sn,2,erm_lunit_bt,lr=0.03,"{""lr"": 0.03}",0.8419580809394627,1080,ok,305503628695a098f0c07fed76ea17f8a178b492113beb4fcf344f1d23656fe0,,0.7296810505386088,$HISTOPATH_DATA/v2/runs_tune/S/midog21sn/fold2/erm_lunit_bt__lr=0.03__s0.json
S,midog21sn,2,erm_lunit_dino,default,"{""lr"": 3e-05}",0.8905663532647071,840,ok,305503628695a098f0c07fed76ea17f8a178b492113beb4fcf344f1d23656fe0,,0.8590226391825229,$HISTOPATH_DATA/v2/runs_tune/S/midog21sn/fold2/erm_lunit_dino__default__s0.json
S,midog21sn,2,erm_lunit_dino,lr=0.0001,"{""lr"": 0.0001}",0.868436210933145,120,ok,305503628695a098f0c07fed76ea17f8a178b492113beb4fcf344f1d23656fe0,,0.8762411280579885,$HISTOPATH_DATA/v2/runs_tune/S/midog21sn/fold2/erm_lunit_dino__lr=0.0001__s0.json
S,midog21sn,2,erm_lunit_dino,lr=1e-05,"{""lr"": 1e-05}",0.8942454197480396,720,ok,305503628695a098f0c07fed76ea17f8a178b492113beb4fcf344f1d23656fe0,,0.8394304339071782,$HISTOPATH_DATA/v2/runs_tune/S/midog21sn/fold2/erm_lunit_dino__lr=1e-05__s0.json
S,midog21sn,2,fish,"lr=0.01,meta_lr=0.01","{""lr"": 0.01, ""meta_lr"": 0.01}",0.6837768033000111,1200,ok,305503628695a098f0c07fed76ea17f8a178b492113beb4fcf344f1d23656fe0,,0.6564875289439243,"$HISTOPATH_DATA/v2/runs_tune/S/midog21sn/fold2/fish__lr=0.01,meta_lr=0.01__s0.json"
S,midog21sn,2,fish,"lr=0.01,meta_lr=0.05","{""lr"": 0.01, ""meta_lr"": 0.05}",0.8490374967482999,1200,ok,305503628695a098f0c07fed76ea17f8a178b492113beb4fcf344f1d23656fe0,,0.7693106312292359,"$HISTOPATH_DATA/v2/runs_tune/S/midog21sn/fold2/fish__lr=0.01,meta_lr=0.05__s0.json"
S,midog21sn,2,fish,"lr=0.01,meta_lr=0.5","{""lr"": 0.01, ""meta_lr"": 0.5}",0.8695046267048199,480,ok,305503628695a098f0c07fed76ea17f8a178b492113beb4fcf344f1d23656fe0,,0.8221836303231651,"$HISTOPATH_DATA/v2/runs_tune/S/midog21sn/fold2/fish__lr=0.01,meta_lr=0.5__s0.json"
S,midog21sn,2,fish,lr=0.01,"{""lr"": 0.01, ""meta_lr"": 0.1}",0.8175145861979265,720,ok,305503628695a098f0c07fed76ea17f8a178b492113beb4fcf344f1d23656fe0,,0.7756342494714588,$HISTOPATH_DATA/v2/runs_tune/S/midog21sn/fold2/fish__lr=0.01__s0.json
S,midog21sn,2,groupdro,"eta=0.001,lr=0.01","{""eta"": 0.001, ""lr"": 0.01}",0.8953324166635699,840,ok,305503628695a098f0c07fed76ea17f8a178b492113beb4fcf344f1d23656fe0,,0.8359839046612303,"$HISTOPATH_DATA/v2/runs_tune/S/midog21sn/fold2/groupdro__eta=0.001,lr=0.01__s0.json"
S,midog21sn,2,groupdro,"eta=0.1,lr=0.01","{""eta"": 0.1, ""lr"": 0.01}",0.8965309004422312,720,ok,305503628695a098f0c07fed76ea17f8a178b492113beb4fcf344f1d23656fe0,,0.8044082855129365,"$HISTOPATH_DATA/v2/runs_tune/S/midog21sn/fold2/groupdro__eta=0.1,lr=0.01__s0.json"
S,midog21sn,2,groupdro,lr=0.01,"{""eta"": 0.01, ""lr"": 0.01}",0.8916440596083095,720,ok,305503628695a098f0c07fed76ea17f8a178b492113beb4fcf344f1d23656fe0,,0.851119689419108,$HISTOPATH_DATA/v2/runs_tune/S/midog21sn/fold2/groupdro__lr=0.01__s0.json
S,midog21sn,2,he_jitter,"jitter=0.2,lr=0.01","{""jitter"": 0.2, ""lr"": 0.01}",0.9118882158385672,720,ok,305503628695a098f0c07fed76ea17f8a178b492113beb4fcf344f1d23656fe0,,0.8853238573442062,"$HISTOPATH_DATA/v2/runs_tune/S/midog21sn/fold2/he_jitter__jitter=0.2,lr=0.01__s0.json"
S,midog21sn,2,he_jitter,lr=0.01,"{""jitter"": 0.4, ""lr"": 0.01}",0.8909101044260285,600,ok,305503628695a098f0c07fed76ea17f8a178b492113beb4fcf344f1d23656fe0,,0.8778849541930938,$HISTOPATH_DATA/v2/runs_tune/S/midog21sn/fold2/he_jitter__lr=0.01__s0.json
S,midog21sn,2,irm,"irm_lambda=1,lr=0.01","{""irm_lambda"": 1.0, ""lr"": 0.01}",0.8813036530528819,1200,ok,305503628695a098f0c07fed76ea17f8a178b492113beb4fcf344f1d23656fe0,,0.840531561461794,"$HISTOPATH_DATA/v2/runs_tune/S/midog21sn/fold2/irm__irm_lambda=1,lr=0.01__s0.json"
S,midog21sn,2,irm,"irm_lambda=100,lr=0.01","{""irm_lambda"": 100.0, ""lr"": 0.01}",0.8678323237578507,240,diverged,305503628695a098f0c07fed76ea17f8a178b492113beb4fcf344f1d23656fe0,,0.8312301797040169,"$HISTOPATH_DATA/v2/runs_tune/S/midog21sn/fold2/irm__irm_lambda=100,lr=0.01__s0.json"
S,midog21sn,2,irm,lr=0.01,"{""irm_lambda"": 10.0, ""lr"": 0.01}",0.8806811847337322,1200,ok,305503628695a098f0c07fed76ea17f8a178b492113beb4fcf344f1d23656fe0,,0.8757471936977751,$HISTOPATH_DATA/v2/runs_tune/S/midog21sn/fold2/irm__lr=0.01__s0.json
S,midog21sn,2,lisa,"lisa_alpha=0.5,lr=0.01,p_sel=1","{""lisa_alpha"": 0.5, ""lr"": 0.01, ""p_sel"": 1.0}",0.8913281801627707,1080,ok,305503628695a098f0c07fed76ea17f8a178b492113beb4fcf344f1d23656fe0,,0.8324634425651869,"$HISTOPATH_DATA/v2/runs_tune/S/midog21sn/fold2/lisa__lisa_alpha=0.5,lr=0.01,p_sel=1__s0.json"
S,midog21sn,2,lisa,"lisa_alpha=0.5,lr=0.01","{""lisa_alpha"": 0.5, ""lr"": 0.01, ""p_sel"": 0.5}",0.8928704151027537,600,ok,305503628695a098f0c07fed76ea17f8a178b492113beb4fcf344f1d23656fe0,,0.8532165508909695,"$HISTOPATH_DATA/v2/runs_tune/S/midog21sn/fold2/lisa__lisa_alpha=0.5,lr=0.01__s0.json"
S,midog21sn,2,lisa,"lr=0.01,p_sel=1","{""lisa_alpha"": 2.0, ""lr"": 0.01, ""p_sel"": 1.0}",0.8858931955851204,1080,ok,305503628695a098f0c07fed76ea17f8a178b492113beb4fcf344f1d23656fe0,,0.8474088895600523,"$HISTOPATH_DATA/v2/runs_tune/S/midog21sn/fold2/lisa__lr=0.01,p_sel=1__s0.json"
S,midog21sn,2,lisa,lr=0.01,"{""lisa_alpha"": 2.0, ""lr"": 0.01, ""p_sel"": 0.5}",0.8724497380058716,840,ok,305503628695a098f0c07fed76ea17f8a178b492113beb4fcf344f1d23656fe0,,0.751705174670291,$HISTOPATH_DATA/v2/runs_tune/S/midog21sn/fold2/lisa__lr=0.01__s0.json
S,midog21sn,2,mixstyle,"lr=0.01,ms_alpha=0.3,ms_p=1","{""lr"": 0.01, ""ms_alpha"": 0.3, ""ms_p"": 1.0}",0.8992809097328032,600,ok,305503628695a098f0c07fed76ea17f8a178b492113beb4fcf344f1d23656fe0,,0.8522192439343602,"$HISTOPATH_DATA/v2/runs_tune/S/midog21sn/fold2/mixstyle__lr=0.01,ms_alpha=0.3,ms_p=1__s0.json"
S,midog21sn,2,mixstyle,"lr=0.01,ms_alpha=0.3","{""lr"": 0.01, ""ms_alpha"": 0.3, ""ms_p"": 0.5}",0.8961778587089821,840,ok,305503628695a098f0c07fed76ea17f8a178b492113beb4fcf344f1d23656fe0,,0.8506509236887143,"$HISTOPATH_DATA/v2/runs_tune/S/midog21sn/fold2/mixstyle__lr=0.01,ms_alpha=0.3__s0.json"
S,midog21sn,2,mixstyle,"lr=0.01,ms_p=1","{""lr"": 0.01, ""ms_alpha"": 0.1, ""ms_p"": 1.0}",0.898834962280278,360,ok,305503628695a098f0c07fed76ea17f8a178b492113beb4fcf344f1d23656fe0,,0.8518810404711566,"$HISTOPATH_DATA/v2/runs_tune/S/midog21sn/fold2/mixstyle__lr=0.01,ms_p=1__s0.json"
S,midog21sn,2,mixstyle,lr=0.01,"{""lr"": 0.01, ""ms_alpha"": 0.1, ""ms_p"": 0.5}",0.8946170426251441,1200,ok,305503628695a098f0c07fed76ea17f8a178b492113beb4fcf344f1d23656fe0,,0.8851586882110138,$HISTOPATH_DATA/v2/runs_tune/S/midog21sn/fold2/mixstyle__lr=0.01__s0.json
S,midog21sn,2,sam,"lr=0.01,rho=0.02","{""lr"": 0.01, ""rho"": 0.02}",0.8997918911888215,840,ok,305503628695a098f0c07fed76ea17f8a178b492113beb4fcf344f1d23656fe0,,0.8498958647941206,"$HISTOPATH_DATA/v2/runs_tune/S/midog21sn/fold2/sam__lr=0.01,rho=0.02__s0.json"
S,midog21sn,2,sam,"lr=0.01,rho=0.1","{""lr"": 0.01, ""rho"": 0.1}",0.8801144598461481,360,ok,305503628695a098f0c07fed76ea17f8a178b492113beb4fcf344f1d23656fe0,,0.8683822233967583,"$HISTOPATH_DATA/v2/runs_tune/S/midog21sn/fold2/sam__lr=0.01,rho=0.1__s0.json"
S,midog21sn,2,sam,lr=0.01,"{""lr"": 0.01, ""rho"": 0.05}",0.8969396856070458,720,ok,305503628695a098f0c07fed76ea17f8a178b492113beb4fcf344f1d23656fe0,,0.8587662337662338,$HISTOPATH_DATA/v2/runs_tune/S/midog21sn/fold2/sam__lr=0.01__s0.json
S,midogpp,0,coral,"coral_lambda=0.1,lr=0.03","{""coral_lambda"": 0.1, ""lr"": 0.03}",0.9284339904185974,1080,ok,ede0ca36efceec3e7d15b756c7f0e86c291ac616ebcc49fb768917dd6b9882a3,0.897292138216389,0.9125788613016339,"$HISTOPATH_DATA/v2/runs_tune/S/midogpp/fold0/coral__coral_lambda=0.1,lr=0.03__s0.json"
S,midogpp,0,coral,"coral_lambda=10,lr=0.03","{""coral_lambda"": 10.0, ""lr"": 0.03}",0.9240158048569264,1200,ok,ede0ca36efceec3e7d15b756c7f0e86c291ac616ebcc49fb768917dd6b9882a3,0.8783101790755892,0.9069180245145629,"$HISTOPATH_DATA/v2/runs_tune/S/midogpp/fold0/coral__coral_lambda=10,lr=0.03__s0.json"
S,midogpp,0,coral,lr=0.03,"{""coral_lambda"": 1.0, ""lr"": 0.03}",0.9271094899187257,1200,ok,ede0ca36efceec3e7d15b756c7f0e86c291ac616ebcc49fb768917dd6b9882a3,0.8869978023228018,0.9126770151905726,$HISTOPATH_DATA/v2/runs_tune/S/midogpp/fold0/coral__lr=0.03__s0.json
S,midogpp,0,erm,default,"{""lr"": 0.003}",0.8947030062340673,1080,ok,ede0ca36efceec3e7d15b756c7f0e86c291ac616ebcc49fb768917dd6b9882a3,0.8607198748043818,0.8800436784805779,$HISTOPATH_DATA/v2/runs_tune/S/midogpp/fold0/erm__default__s0.json
S,midogpp,0,erm,lr=0.001,"{""lr"": 0.001}",0.8037619316481328,1200,ok,ede0ca36efceec3e7d15b756c7f0e86c291ac616ebcc49fb768917dd6b9882a3,0.7608290921629214,0.7848639782148702,$HISTOPATH_DATA/v2/runs_tune/S/midogpp/fold0/erm__lr=0.001__s0.json
S,midogpp,0,erm,lr=0.01,"{""lr"": 0.01}",0.9162675299976014,840,ok,ede0ca36efceec3e7d15b756c7f0e86c291ac616ebcc49fb768917dd6b9882a3,0.8785678929403287,0.9027820335598212,$HISTOPATH_DATA/v2/runs_tune/S/midogpp/fold0/erm__lr=0.01__s0.json
S,midogpp,0,erm,lr=0.03,"{""lr"": 0.03}",0.9293445845122591,1200,ok,ede0ca36efceec3e7d15b756c7f0e86c291ac616ebcc49fb768917dd6b9882a3,0.8869995796597999,0.9124857409454611,$HISTOPATH_DATA/v2/runs_tune/S/midogpp/fold0/erm__lr=0.03__s0.json
S,midogpp,0,erm,lr=0.1,"{""lr"": 0.1}",0.9249046423318001,1200,ok,ede0ca36efceec3e7d15b756c7f0e86c291ac616ebcc49fb768917dd6b9882a3,0.8550475037746195,0.9155432975050666,$HISTOPATH_DATA/v2/runs_tune/S/midogpp/fold0/erm__lr=0.1__s0.json
S,midogpp,0,erm_lunit_bt,default,"{""lr"": 0.003}",0.8952718622179865,1200,ok,ede0ca36efceec3e7d15b756c7f0e86c291ac616ebcc49fb768917dd6b9882a3,0.8509720700377417,0.8637737276015656,$HISTOPATH_DATA/v2/runs_tune/S/midogpp/fold0/erm_lunit_bt__default__s0.json
S,midogpp,0,erm_lunit_bt,lr=0.0003,"{""lr"": 0.0003}",0.7737659221304081,1200,ok,ede0ca36efceec3e7d15b756c7f0e86c291ac616ebcc49fb768917dd6b9882a3,0.7509391004364251,0.7383978642720475,$HISTOPATH_DATA/v2/runs_tune/S/midogpp/fold0/erm_lunit_bt__lr=0.0003__s0.json
S,midogpp,0,erm_lunit_bt,lr=0.001,"{""lr"": 0.001}",0.8482343177230477,1200,ok,ede0ca36efceec3e7d15b756c7f0e86c291ac616ebcc49fb768917dd6b9882a3,0.8079942840842138,0.8132930566819834,$HISTOPATH_DATA/v2/runs_tune/S/midogpp/fold0/erm_lunit_bt__lr=0.001__s0.json
S,midogpp,0,erm_lunit_bt,lr=0.01,"{""lr"": 0.01}",0.922631871642317,1080,ok,ede0ca36efceec3e7d15b756c7f0e86c291ac616ebcc49fb768917dd6b9882a3,0.8817884275810711,0.9068632848457315,$HISTOPATH_DATA/v2/runs_tune/S/midogpp/fold0/erm_lunit_bt__lr=0.01__s0.json
S,midogpp,0,erm_lunit_bt,lr=0.03,"{""lr"": 0.03}",0.6463302421246346,720,ok,ede0ca36efceec3e7d15b756c7f0e86c291ac616ebcc49fb768917dd6b9882a3,0.6089592003405377,0.5868356759185096,$HISTOPATH_DATA/v2/runs_tune/S/midogpp/fold0/erm_lunit_bt__lr=0.03__s0.json
S,midogpp,0,erm_lunit_dino,default,"{""lr"": 3e-05}",0.9277873943212042,1200,ok,ede0ca36efceec3e7d15b756c7f0e86c291ac616ebcc49fb768917dd6b9882a3,0.8806233831787493,0.9103332764963592,$HISTOPATH_DATA/v2/runs_tune/S/midogpp/fold0/erm_lunit_dino__default__s0.json
S,midogpp,0,erm_lunit_dino,lr=0.0001,"{""lr"": 0.0001}",0.9155413365143986,1200,ok,ede0ca36efceec3e7d15b756c7f0e86c291ac616ebcc49fb768917dd6b9882a3,0.8777121051756943,0.9006176144704,$HISTOPATH_DATA/v2/runs_tune/S/midogpp/fold0/erm_lunit_dino__lr=0.0001__s0.json
S,midogpp,0,erm_lunit_dino,lr=1e-05,"{""lr"": 1e-05}",0.9228799501614235,960,ok,ede0ca36efceec3e7d15b756c7f0e86c291ac616ebcc49fb768917dd6b9882a3,0.8764022078080191,0.905278665811805,$HISTOPATH_DATA/v2/runs_tune/S/midogpp/fold0/erm_lunit_dino__lr=1e-05__s0.json
S,midogpp,0,fish,"lr=0.03,meta_lr=0.01","{""lr"": 0.03, ""meta_lr"": 0.01}",0.7093692490888753,1200,ok,ede0ca36efceec3e7d15b756c7f0e86c291ac616ebcc49fb768917dd6b9882a3,0.7231371064420468,0.6933213199684648,"$HISTOPATH_DATA/v2/runs_tune/S/midogpp/fold0/fish__lr=0.03,meta_lr=0.01__s0.json"
S,midogpp,0,fish,"lr=0.03,meta_lr=0.05","{""lr"": 0.03, ""meta_lr"": 0.05}",0.8776142434746063,1080,ok,ede0ca36efceec3e7d15b756c7f0e86c291ac616ebcc49fb768917dd6b9882a3,0.8520402495736612,0.8744404127245191,"$HISTOPATH_DATA/v2/runs_tune/S/midogpp/fold0/fish__lr=0.03,meta_lr=0.05__s0.json"
S,midogpp,0,fish,"lr=0.03,meta_lr=0.5","{""lr"": 0.03, ""meta_lr"": 0.5}",0.8990429210330254,1200,ok,ede0ca36efceec3e7d15b756c7f0e86c291ac616ebcc49fb768917dd6b9882a3,0.8689196190455879,0.9149877213260087,"$HISTOPATH_DATA/v2/runs_tune/S/midogpp/fold0/fish__lr=0.03,meta_lr=0.5__s0.json"
S,midogpp,0,fish,lr=0.03,"{""lr"": 0.03, ""meta_lr"": 0.1}",0.8948155038726783,840,ok,ede0ca36efceec3e7d15b756c7f0e86c291ac616ebcc49fb768917dd6b9882a3,0.867875433559144,0.8977557364970765,$HISTOPATH_DATA/v2/runs_tune/S/midogpp/fold0/fish__lr=0.03__s0.json
S,midogpp,0,groupdro,"eta=0.001,lr=0.03","{""eta"": 0.001, ""lr"": 0.03}",0.9228921550939143,1200,ok,ede0ca36efceec3e7d15b756c7f0e86c291ac616ebcc49fb768917dd6b9882a3,0.8724183069265489,0.9155382639723005,"$HISTOPATH_DATA/v2/runs_tune/S/midogpp/fold0/groupdro__eta=0.001,lr=0.03__s0.json"
S,midogpp,0,groupdro,"eta=0.1,lr=0.03","{""eta"": 0.1, ""lr"": 0.03}",0.8947255588267135,1200,ok,ede0ca36efceec3e7d15b756c7f0e86c291ac616ebcc49fb768917dd6b9882a3,0.8495448684281853,0.8715769617722062,"$HISTOPATH_DATA/v2/runs_tune/S/midogpp/fold0/groupdro__eta=0.1,lr=0.03__s0.json"
S,midogpp,0,groupdro,lr=0.03,"{""eta"": 0.01, ""lr"": 0.03}",0.9174110791070659,1080,ok,ede0ca36efceec3e7d15b756c7f0e86c291ac616ebcc49fb768917dd6b9882a3,0.8905835797166748,0.9159944278792279,$HISTOPATH_DATA/v2/runs_tune/S/midogpp/fold0/groupdro__lr=0.03__s0.json
S,midogpp,0,he_jitter,"jitter=0.2,lr=0.03","{""jitter"": 0.2, ""lr"": 0.03}",0.9341981677743085,1080,ok,ede0ca36efceec3e7d15b756c7f0e86c291ac616ebcc49fb768917dd6b9882a3,0.898988606381173,0.9169926403459043,"$HISTOPATH_DATA/v2/runs_tune/S/midogpp/fold0/he_jitter__jitter=0.2,lr=0.03__s0.json"
S,midogpp,0,he_jitter,lr=0.03,"{""jitter"": 0.4, ""lr"": 0.03}",0.9304480696041992,1080,ok,ede0ca36efceec3e7d15b756c7f0e86c291ac616ebcc49fb768917dd6b9882a3,0.8969988776116857,0.9187933866929752,$HISTOPATH_DATA/v2/runs_tune/S/midogpp/fold0/he_jitter__lr=0.03__s0.json
S,midogpp,0,irm,"irm_lambda=1,lr=0.03","{""irm_lambda"": 1.0, ""lr"": 0.03}",0.928088803088803,1200,ok,ede0ca36efceec3e7d15b756c7f0e86c291ac616ebcc49fb768917dd6b9882a3,0.8899268536958389,0.9149773396646786,"$HISTOPATH_DATA/v2/runs_tune/S/midogpp/fold0/irm__irm_lambda=1,lr=0.03__s0.json"
S,midogpp,0,irm,"irm_lambda=100,lr=0.03","{""irm_lambda"": 100.0, ""lr"": 0.03}",0.8703990057755864,240,diverged,ede0ca36efceec3e7d15b756c7f0e86c291ac616ebcc49fb768917dd6b9882a3,0.8043720712818776,0.8750365717615036,"$HISTOPATH_DATA/v2/runs_tune/S/midogpp/fold0/irm__irm_lambda=100,lr=0.03__s0.json"
S,midogpp,0,irm,lr=0.03,"{""irm_lambda"": 10.0, ""lr"": 0.03}",0.8703990057755864,240,diverged,ede0ca36efceec3e7d15b756c7f0e86c291ac616ebcc49fb768917dd6b9882a3,0.8043720712818776,0.8750365717615036,$HISTOPATH_DATA/v2/runs_tune/S/midogpp/fold0/irm__lr=0.03__s0.json
S,midogpp,0,lisa,"lisa_alpha=0.5,lr=0.03,p_sel=1","{""lisa_alpha"": 0.5, ""lr"": 0.03, ""p_sel"": 1.0}",0.9224957601125825,1200,ok,ede0ca36efceec3e7d15b756c7f0e86c291ac616ebcc49fb768917dd6b9882a3,0.8723374380931306,0.9100718473883201,"$HISTOPATH_DATA/v2/runs_tune/S/midogpp/fold0/lisa__lisa_alpha=0.5,lr=0.03,p_sel=1__s0.json"
S,midogpp,0,lisa,"lisa_alpha=0.5,lr=0.03","{""lisa_alpha"": 0.5, ""lr"": 0.03, ""p_sel"": 0.5}",0.9143537435181196,1200,ok,ede0ca36efceec3e7d15b756c7f0e86c291ac616ebcc49fb768917dd6b9882a3,0.8630961743709782,0.9008070011407243,"$HISTOPATH_DATA/v2/runs_tune/S/midogpp/fold0/lisa__lisa_alpha=0.5,lr=0.03__s0.json"
S,midogpp,0,lisa,"lr=0.03,p_sel=1","{""lisa_alpha"": 2.0, ""lr"": 0.03, ""p_sel"": 1.0}",0.9012936697791014,1200,ok,ede0ca36efceec3e7d15b756c7f0e86c291ac616ebcc49fb768917dd6b9882a3,0.8463038944119636,0.8710959447972462,"$HISTOPATH_DATA/v2/runs_tune/S/midogpp/fold0/lisa__lr=0.03,p_sel=1__s0.json"
S,midogpp,0,lisa,lr=0.03,"{""lisa_alpha"": 2.0, ""lr"": 0.03, ""p_sel"": 0.5}",0.866236327822364,960,ok,ede0ca36efceec3e7d15b756c7f0e86c291ac616ebcc49fb768917dd6b9882a3,0.8294129722495487,0.7981374041190656,$HISTOPATH_DATA/v2/runs_tune/S/midogpp/fold0/lisa__lr=0.03__s0.json
S,midogpp,0,mixstyle,"lr=0.03,ms_alpha=0.3,ms_p=1","{""lr"": 0.03, ""ms_alpha"": 0.3, ""ms_p"": 1.0}",0.9279712642824242,1080,ok,ede0ca36efceec3e7d15b756c7f0e86c291ac616ebcc49fb768917dd6b9882a3,0.8908732856473816,0.9204107236898815,"$HISTOPATH_DATA/v2/runs_tune/S/midogpp/fold0/mixstyle__lr=0.03,ms_alpha=0.3,ms_p=1__s0.json"
S,midogpp,0,mixstyle,"lr=0.03,ms_alpha=0.3","{""lr"": 0.03, ""ms_alpha"": 0.3, ""ms_p"": 0.5}",0.9303517567673698,1200,ok,ede0ca36efceec3e7d15b756c7f0e86c291ac616ebcc49fb768917dd6b9882a3,0.8825100264023411,0.9188349133382956,"$HISTOPATH_DATA/v2/runs_tune/S/midogpp/fold0/mixstyle__lr=0.03,ms_alpha=0.3__s0.json"
S,midogpp,0,mixstyle,"lr=0.03,ms_p=1","{""lr"": 0.03, ""ms_alpha"": 0.1, ""ms_p"": 1.0}",0.91740099677153,1200,ok,ede0ca36efceec3e7d15b756c7f0e86c291ac616ebcc49fb768917dd6b9882a3,0.8568097334083369,0.9091057236930276,"$HISTOPATH_DATA/v2/runs_tune/S/midogpp/fold0/mixstyle__lr=0.03,ms_p=1__s0.json"
S,midogpp,0,mixstyle,lr=0.03,"{""lr"": 0.03, ""ms_alpha"": 0.1, ""ms_p"": 0.5}",0.9297067526176928,1080,ok,ede0ca36efceec3e7d15b756c7f0e86c291ac616ebcc49fb768917dd6b9882a3,0.8888471214694311,0.9241421444485483,$HISTOPATH_DATA/v2/runs_tune/S/midogpp/fold0/mixstyle__lr=0.03__s0.json
S,midogpp,0,sam,"lr=0.03,rho=0.02","{""lr"": 0.03, ""rho"": 0.02}",0.9356935373290515,1080,ok,ede0ca36efceec3e7d15b756c7f0e86c291ac616ebcc49fb768917dd6b9882a3,0.889838875514428,0.9167856363108986,"$HISTOPATH_DATA/v2/runs_tune/S/midogpp/fold0/sam__lr=0.03,rho=0.02__s0.json"
S,midogpp,0,sam,"lr=0.03,rho=0.1","{""lr"": 0.03, ""rho"": 0.1}",0.9319829725272275,1080,ok,ede0ca36efceec3e7d15b756c7f0e86c291ac616ebcc49fb768917dd6b9882a3,0.8886329523611478,0.9294896438209296,"$HISTOPATH_DATA/v2/runs_tune/S/midogpp/fold0/sam__lr=0.03,rho=0.1__s0.json"
S,midogpp,0,sam,lr=0.03,"{""lr"": 0.03, ""rho"": 0.05}",0.9326526518665056,1200,ok,ede0ca36efceec3e7d15b756c7f0e86c291ac616ebcc49fb768917dd6b9882a3,0.8893021197409708,0.9206104920215359,$HISTOPATH_DATA/v2/runs_tune/S/midogpp/fold0/sam__lr=0.03__s0.json
S,midogpp,1,coral,"coral_lambda=0.1,lr=0.03","{""coral_lambda"": 0.1, ""lr"": 0.03}",0.9229988411156366,960,ok,842d34db67e17bd91e8f241b2892afa543e34d1071bdb4652db9617a843f3e0d,0.9127286089014252,0.8794866591645605,"$HISTOPATH_DATA/v2/runs_tune/S/midogpp/fold1/coral__coral_lambda=0.1,lr=0.03__s0.json"
S,midogpp,1,coral,"coral_lambda=10,lr=0.03","{""coral_lambda"": 10.0, ""lr"": 0.03}",0.9277927137329813,960,ok,842d34db67e17bd91e8f241b2892afa543e34d1071bdb4652db9617a843f3e0d,0.9211157328729329,0.8852669704404722,"$HISTOPATH_DATA/v2/runs_tune/S/midogpp/fold1/coral__coral_lambda=10,lr=0.03__s0.json"
S,midogpp,1,coral,lr=0.03,"{""coral_lambda"": 1.0, ""lr"": 0.03}",0.9217956014007689,960,ok,842d34db67e17bd91e8f241b2892afa543e34d1071bdb4652db9617a843f3e0d,0.9150459215486166,0.8711138167887297,$HISTOPATH_DATA/v2/runs_tune/S/midogpp/fold1/coral__lr=0.03__s0.json
S,midogpp,1,erm,default,"{""lr"": 0.003}",0.8799679673716659,960,ok,842d34db67e17bd91e8f241b2892afa543e34d1071bdb4652db9617a843f3e0d,0.8754464900861426,0.8412628135357673,$HISTOPATH_DATA/v2/runs_tune/S/midogpp/fold1/erm__default__s0.json
S,midogpp,1,erm,lr=0.001,"{""lr"": 0.001}",0.8039619812809665,1080,ok,842d34db67e17bd91e8f241b2892afa543e34d1071bdb4652db9617a843f3e0d,0.7866194227670462,0.7789252310587192,$HISTOPATH_DATA/v2/runs_tune/S/midogpp/fold1/erm__lr=0.001__s0.json
S,midogpp,1,erm,lr=0.01,"{""lr"": 0.01}",0.9181528173578349,960,ok,842d34db67e17bd91e8f241b2892afa543e34d1071bdb4652db9617a843f3e0d,0.8898002379602616,0.87763326999588,$HISTOPATH_DATA/v2/runs_tune/S/midogpp/fold1/erm__lr=0.01__s0.json
S,midogpp,1,erm,lr=0.03,"{""lr"": 0.03}",0.924426814611029,960,ok,842d34db67e17bd91e8f241b2892afa543e34d1071bdb4652db9617a843f3e0d,0.9143173176807242,0.8856666728159341,$HISTOPATH_DATA/v2/runs_tune/S/midogpp/fold1/erm__lr=0.03__s0.json
S,midogpp,1,erm,lr=0.1,"{""lr"": 0.1}",0.9220568947436759,1200,ok,842d34db67e17bd91e8f241b2892afa543e34d1071bdb4652db9617a843f3e0d,0.9079476965610276,0.8839645556231974,$HISTOPATH_DATA/v2/runs_tune/S/midogpp/fold1/erm__lr=0.1__s0.json
S,midogpp,1,erm_lunit_bt,default,"{""lr"": 0.003}",0.8935130164138994,840,ok,842d34db67e17bd91e8f241b2892afa543e34d1071bdb4652db9617a843f3e0d,0.8570074011807409,0.8385030223648852,$HISTOPATH_DATA/v2/runs_tune/S/midogpp/fold1/erm_lunit_bt__default__s0.json
S,midogpp,1,erm_lunit_bt,lr=0.0003,"{""lr"": 0.0003}",0.7757549348016657,1080,ok,842d34db67e17bd91e8f241b2892afa543e34d1071bdb4652db9617a843f3e0d,0.7329015610872682,0.6970649547106462,$HISTOPATH_DATA/v2/runs_tune/S/midogpp/fold1/erm_lunit_bt__lr=0.0003__s0.json
S,midogpp,1,erm_lunit_bt,lr=0.001,"{""lr"": 0.001}",0.8473399020472547,1080,ok,842d34db67e17bd91e8f241b2892afa543e34d1071bdb4652db9617a843f3e0d,0.8106366097646761,0.7832432465671715,$HISTOPATH_DATA/v2/runs_tune/S/midogpp/fold1/erm_lunit_bt__lr=0.001__s0.json
S,midogpp,1,erm_lunit_bt,lr=0.01,"{""lr"": 0.01}",0.9217956014007689,840,ok,842d34db67e17bd91e8f241b2892afa543e34d1071bdb4652db9617a843f3e0d,0.9012147172947782,0.8751108405433493,$HISTOPATH_DATA/v2/runs_tune/S/midogpp/fold1/erm_lunit_bt__lr=0.01__s0.json
S,midogpp,1,erm_lunit_bt,lr=0.03,"{""lr"": 0.03}",0.9018093488715057,1200,ok,842d34db67e17bd91e8f241b2892afa543e34d1071bdb4652db9617a843f3e0d,0.8874281856442389,0.8616045898131237,$HISTOPATH_DATA/v2/runs_tune/S/midogpp/fold1/erm_lunit_bt__lr=0.03__s0.json
S,midogpp,1,erm_lunit_dino,default,"{""lr"": 3e-05}",0.9248523571643437,1080,ok,842d34db67e17bd91e8f241b2892afa543e34d1071bdb4652db9617a843f3e0d,0.9041366830654969,0.8633239249543418,$HISTOPATH_DATA/v2/runs_tune/S/midogpp/fold1/erm_lunit_dino__default__s0.json
S,midogpp,1,erm_lunit_dino,lr=0.0001,"{""lr"": 0.0001}",0.9186721781999093,1200,ok,842d34db67e17bd91e8f241b2892afa543e34d1071bdb4652db9617a843f3e0d,0.8959015088643658,0.8481487630748796,$HISTOPATH_DATA/v2/runs_tune/S/midogpp/fold1/erm_lunit_dino__lr=0.0001__s0.json
S,midogpp,1,erm_lunit_dino,lr=1e-05,"{""lr"": 1e-05}",0.9197592875401517,1080,ok,842d34db67e17bd91e8f241b2892afa543e34d1071bdb4652db9617a843f3e0d,0.8998912127730927,0.8627864789910282,$HISTOPATH_DATA/v2/runs_tune/S/midogpp/fold1/erm_lunit_dino__lr=1e-05__s0.json
S,midogpp,1,fish,"lr=0.03,meta_lr=0.01","{""lr"": 0.03, ""meta_lr"": 0.01}",0.7629515609992266,960,ok,842d34db67e17bd91e8f241b2892afa543e34d1071bdb4652db9617a843f3e0d,0.7675174805155093,0.772432834627754,"$HISTOPATH_DATA/v2/runs_tune/S/midogpp/fold1/fish__lr=0.03,meta_lr=0.01__s0.json"
S,midogpp,1,fish,"lr=0.03,meta_lr=0.05","{""lr"": 0.03, ""meta_lr"": 0.05}",0.8757751769711316,960,ok,842d34db67e17bd91e8f241b2892afa543e34d1071bdb4652db9617a843f3e0d,0.8975915174905825,0.8730988002779467,"$HISTOPATH_DATA/v2/runs_tune/S/midogpp/fold1/fish__lr=0.03,meta_lr=0.05__s0.json"
S,midogpp,1,fish,"lr=0.03,meta_lr=0.5","{""lr"": 0.03, ""meta_lr"": 0.5}",0.9007300353203007,960,ok,842d34db67e17bd91e8f241b2892afa543e34d1071bdb4652db9617a843f3e0d,0.9076617289807538,0.8766702947343825,"$HISTOPATH_DATA/v2/runs_tune/S/midogpp/fold1/fish__lr=0.03,meta_lr=0.5__s0.json"
S,midogpp,1,fish,lr=0.03,"{""lr"": 0.03, ""meta_lr"": 0.1}",0.8865715383269215,840,ok,842d34db67e17bd91e8f241b2892afa543e34d1071bdb4652db9617a843f3e0d,0.8905423694474629,0.8592715577938889,$HISTOPATH_DATA/v2/runs_tune/S/midogpp/fold1/fish__lr=0.03__s0.json
S,midogpp,1,groupdro,"eta=0.001,lr=0.03","{""eta"": 0.001, ""lr"": 0.03}",0.9138105628640332,960,ok,842d34db67e17bd91e8f241b2892afa543e34d1071bdb4652db9617a843f3e0d,0.8977922296096308,0.868714372682495,"$HISTOPATH_DATA/v2/runs_tune/S/midogpp/fold1/groupdro__eta=0.001,lr=0.03__s0.json"
S,midogpp,1,groupdro,"eta=0.1,lr=0.03","{""eta"": 0.1, ""lr"": 0.03}",0.916507905870955,960,ok,842d34db67e17bd91e8f241b2892afa543e34d1071bdb4652db9617a843f3e0d,0.9210440050310159,0.8788741921400065,"$HISTOPATH_DATA/v2/runs_tune/S/midogpp/fold1/groupdro__eta=0.1,lr=0.03__s0.json"
S,midogpp,1,groupdro,lr=0.03,"{""eta"": 0.01, ""lr"": 0.03}",0.918841534996238,1200,ok,842d34db67e17bd91e8f241b2892afa543e34d1071bdb4652db9617a843f3e0d,0.9037793022391042,0.8866862213367278,$HISTOPATH_DATA/v2/runs_tune/S/midogpp/fold1/groupdro__lr=0.03__s0.json
S,midogpp,1,he_jitter,"jitter=0.2,lr=0.03","{""jitter"": 0.2, ""lr"": 0.03}",0.9304739275212052,1200,ok,842d34db67e17bd91e8f241b2892afa543e34d1071bdb4652db9617a843f3e0d,0.9213107822676192,0.8816364430178144,"$HISTOPATH_DATA/v2/runs_tune/S/midogpp/fold1/he_jitter__jitter=0.2,lr=0.03__s0.json"
S,midogpp,1,he_jitter,lr=0.03,"{""jitter"": 0.4, ""lr"": 0.03}",0.9254015570610091,1200,ok,842d34db67e17bd91e8f241b2892afa543e34d1071bdb4652db9617a843f3e0d,0.9132218951125026,0.8870047533836343,$HISTOPATH_DATA/v2/runs_tune/S/midogpp/fold1/he_jitter__lr=0.03__s0.json
S,midogpp,1,irm,"irm_lambda=1,lr=0.03","{""irm_lambda"": 1.0, ""lr"": 0.03}",0.9200582157266872,1200,ok,842d34db67e17bd91e8f241b2892afa543e34d1071bdb4652db9617a843f3e0d,0.9116473431441081,0.8791029448841171,"$HISTOPATH_DATA/v2/runs_tune/S/midogpp/fold1/irm__irm_lambda=1,lr=0.03__s0.json"
S,midogpp,1,irm,"irm_lambda=100,lr=0.03","{""irm_lambda"": 100.0, ""lr"": 0.03}",0.85688248546959,240,diverged,842d34db67e17bd91e8f241b2892afa543e34d1071bdb4652db9617a843f3e0d,0.8121372317205685,0.8268194144667663,"$HISTOPATH_DATA/v2/runs_tune/S/midogpp/fold1/irm__irm_lambda=100,lr=0.03__s0.json"
S,midogpp,1,irm,lr=0.03,"{""irm_lambda"": 10.0, ""lr"": 0.03}",0.85688248546959,240,diverged,842d34db67e17bd91e8f241b2892afa543e34d1071bdb4652db9617a843f3e0d,0.8121372317205685,0.8268194144667663,$HISTOPATH_DATA/v2/runs_tune/S/midogpp/fold1/irm__lr=0.03__s0.json
S,midogpp,1,lisa,"lisa_alpha=0.5,lr=0.03,p_sel=1","{""lisa_alpha"": 0.5, ""lr"": 0.03, ""p_sel"": 1.0}",0.9090443787387864,960,ok,842d34db67e17bd91e8f241b2892afa543e34d1071bdb4652db9617a843f3e0d,0.9045230067052948,0.8780120648624716,"$HISTOPATH_DATA/v2/runs_tune/S/midogpp/fold1/lisa__lisa_alpha=0.5,lr=0.03,p_sel=1__s0.json"
S,midogpp,1,lisa,"lisa_alpha=0.5,lr=0.03","{""lisa_alpha"": 0.5, ""lr"": 0.03, ""p_sel"": 0.5}",0.9096916980491979,960,ok,842d34db67e17bd91e8f241b2892afa543e34d1071bdb4652db9617a843f3e0d,0.9020892936128874,0.8730348478978728,"$HISTOPATH_DATA/v2/runs_tune/S/midogpp/fold1/lisa__lisa_alpha=0.5,lr=0.03__s0.json"
S,midogpp,1,lisa,"lr=0.03,p_sel=1","{""lisa_alpha"": 2.0, ""lr"": 0.03, ""p_sel"": 1.0}",0.8927253729008158,960,ok,842d34db67e17bd91e8f241b2892afa543e34d1071bdb4652db9617a843f3e0d,0.8814587303794466,0.8627840192841023,"$HISTOPATH_DATA/v2/runs_tune/S/midogpp/fold1/lisa__lr=0.03,p_sel=1__s0.json"
S,midogpp,1,lisa,lr=0.03,"{""lisa_alpha"": 2.0, ""lr"": 0.03, ""p_sel"": 0.5}",0.8786768234148942,720,ok,842d34db67e17bd91e8f241b2892afa543e34d1071bdb4652db9617a843f3e0d,0.8416589013937223,0.8482705185677126,$HISTOPATH_DATA/v2/runs_tune/S/midogpp/fold1/lisa__lr=0.03__s0.json
S,midogpp,1,mixstyle,"lr=0.03,ms_alpha=0.3,ms_p=1","{""lr"": 0.03, ""ms_alpha"": 0.3, ""ms_p"": 1.0}",0.9073029607600303,1200,ok,842d34db67e17bd91e8f241b2892afa543e34d1071bdb4652db9617a843f3e0d,0.9172405418346345,0.8805357241684654,"$HISTOPATH_DATA/v2/runs_tune/S/midogpp/fold1/mixstyle__lr=0.03,ms_alpha=0.3,ms_p=1__s0.json"
S,midogpp,1,mixstyle,"lr=0.03,ms_alpha=0.3","{""lr"": 0.03, ""ms_alpha"": 0.3, ""ms_p"": 0.5}",0.8998012611436099,1200,ok,842d34db67e17bd91e8f241b2892afa543e34d1071bdb4652db9617a843f3e0d,0.9197551060470975,0.8804164283825583,"$HISTOPATH_DATA/v2/runs_tune/S/midogpp/fold1/mixstyle__lr=0.03,ms_alpha=0.3__s0.json"
S,midogpp,1,mixstyle,"lr=0.03,ms_p=1","{""lr"": 0.03, ""ms_alpha"": 0.1, ""ms_p"": 1.0}",0.9142390624407756,1200,ok,842d34db67e17bd91e8f241b2892afa543e34d1071bdb4652db9617a843f3e0d,0.9179074849261424,0.8844823239311036,"$HISTOPATH_DATA/v2/runs_tune/S/midogpp/fold1/mixstyle__lr=0.03,ms_p=1__s0.json"
S,midogpp,1,mixstyle,lr=0.03,"{""lr"": 0.03, ""ms_alpha"": 0.1, ""ms_p"": 0.5}",0.9202724655150585,1200,ok,842d34db67e17bd91e8f241b2892afa543e34d1071bdb4652db9617a843f3e0d,0.9186112357260021,0.8827752873245153,$HISTOPATH_DATA/v2/runs_tune/S/midogpp/fold1/mixstyle__lr=0.03__s0.json
S,midogpp,1,sam,"lr=0.03,rho=0.02","{""lr"": 0.03, ""rho"": 0.02}",0.9277556165299761,960,ok,842d34db67e17bd91e8f241b2892afa543e34d1071bdb4652db9617a843f3e0d,0.9202100115708334,0.8941489721499682,"$HISTOPATH_DATA/v2/runs_tune/S/midogpp/fold1/sam__lr=0.03,rho=0.02__s0.json"
S,midogpp,1,sam,"lr=0.03,rho=0.1","{""lr"": 0.03, ""rho"": 0.1}",0.5740621464172838,120,ok,842d34db67e17bd91e8f241b2892afa543e34d1071bdb4652db9617a843f3e0d,0.5706354080087281,0.5392679912188463,"$HISTOPATH_DATA/v2/runs_tune/S/midogpp/fold1/sam__lr=0.03,rho=0.1__s0.json"
S,midogpp,1,sam,lr=0.03,"{""lr"": 0.03, ""rho"": 0.05}",0.9215990937529654,960,ok,842d34db67e17bd91e8f241b2892afa543e34d1071bdb4652db9617a843f3e0d,0.9227028686732425,0.8908345170672913,$HISTOPATH_DATA/v2/runs_tune/S/midogpp/fold1/sam__lr=0.03__s0.json
S,midogpp,2,coral,"coral_lambda=0.1,lr=0.1","{""coral_lambda"": 0.1, ""lr"": 0.1}",0.9323123825398651,1080,ok,4418fc54da1e286499800f557187a781942baf7d5d900200ec73a5295614803b,0.8677034331359419,0.8701525911914958,"$HISTOPATH_DATA/v2/runs_tune/S/midogpp/fold2/coral__coral_lambda=0.1,lr=0.1__s0.json"
S,midogpp,2,coral,"coral_lambda=10,lr=0.1","{""coral_lambda"": 10.0, ""lr"": 0.1}",0.9363566911201433,1200,ok,4418fc54da1e286499800f557187a781942baf7d5d900200ec73a5295614803b,0.8792382287650427,0.8736051457199034,"$HISTOPATH_DATA/v2/runs_tune/S/midogpp/fold2/coral__coral_lambda=10,lr=0.1__s0.json"
S,midogpp,2,coral,lr=0.1,"{""coral_lambda"": 1.0, ""lr"": 0.1}",0.9338621047819557,1200,ok,4418fc54da1e286499800f557187a781942baf7d5d900200ec73a5295614803b,0.8789885685120619,0.8865445042363104,$HISTOPATH_DATA/v2/runs_tune/S/midogpp/fold2/coral__lr=0.1__s0.json
S,midogpp,2,erm,default,"{""lr"": 0.003}",0.9118353168741429,1080,ok,4418fc54da1e286499800f557187a781942baf7d5d900200ec73a5295614803b,0.8354492962163559,0.791405362802885,$HISTOPATH_DATA/v2/runs_tune/S/midogpp/fold2/erm__default__s0.json
S,midogpp,2,erm,lr=0.001,"{""lr"": 0.001}",0.8502921666982831,1200,ok,4418fc54da1e286499800f557187a781942baf7d5d900200ec73a5295614803b,0.7735667595206033,0.7002335365734627,$HISTOPATH_DATA/v2/runs_tune/S/midogpp/fold2/erm__lr=0.001__s0.json
S,midogpp,2,erm,lr=0.01,"{""lr"": 0.01}",0.9298229792192094,1080,ok,4418fc54da1e286499800f557187a781942baf7d5d900200ec73a5295614803b,0.873398884522909,0.8442652409181426,$HISTOPATH_DATA/v2/runs_tune/S/midogpp/fold2/erm__lr=0.01__s0.json
S,midogpp,2,erm,lr=0.03,"{""lr"": 0.03}",0.9333147781305683,480,ok,4418fc54da1e286499800f557187a781942baf7d5d900200ec73a5295614803b,0.8559755505131563,0.8464286538618205,$HISTOPATH_DATA/v2/runs_tune/S/midogpp/fold2/erm__lr=0.03__s0.json
S,midogpp,2,erm,lr=0.1,"{""lr"": 0.1}",0.9344933963173625,1080,ok,4418fc54da1e286499800f557187a781942baf7d5d900200ec73a5295614803b,0.8774315740279544,0.8706372096939365,$HISTOPATH_DATA/v2/runs_tune/S/midogpp/fold2/erm__lr=0.1__s0.json
S,midogpp,2,erm_lunit_bt,default,"{""lr"": 0.003}",0.9199799106240456,1200,ok,4418fc54da1e286499800f557187a781942baf7d5d900200ec73a5295614803b,0.8314571918755882,0.8144991329081744,$HISTOPATH_DATA/v2/runs_tune/S/midogpp/fold2/erm_lunit_bt__default__s0.json
S,midogpp,2,erm_lunit_bt,lr=0.0003,"{""lr"": 0.0003}",0.8377388982355972,1200,ok,4418fc54da1e286499800f557187a781942baf7d5d900200ec73a5295614803b,0.7020790672791337,0.6706769997358999,$HISTOPATH_DATA/v2/runs_tune/S/midogpp/fold2/erm_lunit_bt__lr=0.0003__s0.json
S,midogpp,2,erm_lunit_bt,lr=0.001,"{""lr"": 0.001}",0.8886464964356389,1200,ok,4418fc54da1e286499800f557187a781942baf7d5d900200ec73a5295614803b,0.7872513390029577,0.7530501594835436,$HISTOPATH_DATA/v2/runs_tune/S/midogpp/fold2/erm_lunit_bt__lr=0.001__s0.json
S,midogpp,2,erm_lunit_bt,lr=0.01,"{""lr"": 0.01}",0.9405113979738547,1200,ok,4418fc54da1e286499800f557187a781942baf7d5d900200ec73a5295614803b,0.8706120365758419,0.8745768154592323,$HISTOPATH_DATA/v2/runs_tune/S/midogpp/fold2/erm_lunit_bt__lr=0.01__s0.json
S,midogpp,2,erm_lunit_bt,lr=0.03,"{""lr"": 0.03}",0.8116740213685446,1080,ok,4418fc54da1e286499800f557187a781942baf7d5d900200ec73a5295614803b,0.6916622084478634,0.6294852873857438,$HISTOPATH_DATA/v2/runs_tune/S/midogpp/fold2/erm_lunit_bt__lr=0.03__s0.json
S,midogpp,2,erm_lunit_dino,default,"{""lr"": 3e-05}",0.9346100142118341,1200,ok,4418fc54da1e286499800f557187a781942baf7d5d900200ec73a5295614803b,0.8655265925065029,0.8977823133441478,$HISTOPATH_DATA/v2/runs_tune/S/midogpp/fold2/erm_lunit_dino__default__s0.json
S,midogpp,2,erm_lunit_dino,lr=0.0001,"{""lr"": 0.0001}",0.927191561218175,1200,ok,4418fc54da1e286499800f557187a781942baf7d5d900200ec73a5295614803b,0.8453016523081275,0.8635260302289209,$HISTOPATH_DATA/v2/runs_tune/S/midogpp/fold2/erm_lunit_dino__lr=0.0001__s0.json
S,midogpp,2,erm_lunit_dino,lr=1e-05,"{""lr"": 1e-05}",0.9299587742785498,1200,ok,4418fc54da1e286499800f557187a781942baf7d5d900200ec73a5295614803b,0.8672520769150355,0.8915102492585648,$HISTOPATH_DATA/v2/runs_tune/S/midogpp/fold2/erm_lunit_dino__lr=1e-05__s0.json
S,midogpp,2,fish,"lr=0.1,meta_lr=0.01","{""lr"": 0.1, ""meta_lr"": 0.01}",0.8992711640746396,1080,ok,4418fc54da1e286499800f557187a781942baf7d5d900200ec73a5295614803b,0.8349708832192644,0.757232386008739,"$HISTOPATH_DATA/v2/runs_tune/S/midogpp/fold2/fish__lr=0.1,meta_lr=0.01__s0.json"
S,midogpp,2,fish,"lr=0.1,meta_lr=0.05","{""lr"": 0.1, ""meta_lr"": 0.05}",0.8991773514573091,1080,ok,4418fc54da1e286499800f557187a781942baf7d5d900200ec73a5295614803b,0.8642696822673579,0.8544135410034128,"$HISTOPATH_DATA/v2/runs_tune/S/midogpp/fold2/fish__lr=0.1,meta_lr=0.05__s0.json"
S,midogpp,2,fish,"lr=0.1,meta_lr=0.5","{""lr"": 0.1, ""meta_lr"": 0.5}",0.8760196291239974,960,ok,4418fc54da1e286499800f557187a781942baf7d5d900200ec73a5295614803b,0.67481198615185,0.6643150134782388,"$HISTOPATH_DATA/v2/runs_tune/S/midogpp/fold2/fish__lr=0.1,meta_lr=0.5__s0.json"
S,midogpp,2,fish,lr=0.1,"{""lr"": 0.1, ""meta_lr"": 0.1}",0.8981951696349808,1080,ok,4418fc54da1e286499800f557187a781942baf7d5d900200ec73a5295614803b,0.8510081723762614,0.8531864934820813,$HISTOPATH_DATA/v2/runs_tune/S/midogpp/fold2/fish__lr=0.1__s0.json
S,midogpp,2,groupdro,"eta=0.001,lr=0.1","{""eta"": 0.001, ""lr"": 0.1}",0.937309848044292,1200,ok,4418fc54da1e286499800f557187a781942baf7d5d900200ec73a5295614803b,0.8822439906285166,0.8901505287073641,"$HISTOPATH_DATA/v2/runs_tune/S/midogpp/fold2/groupdro__eta=0.001,lr=0.1__s0.json"
S,midogpp,2,groupdro,"eta=0.1,lr=0.1","{""eta"": 0.1, ""lr"": 0.1}",0.9348479147165563,1200,ok,4418fc54da1e286499800f557187a781942baf7d5d900200ec73a5295614803b,0.8658955485453909,0.8587229817397172,"$HISTOPATH_DATA/v2/runs_tune/S/midogpp/fold2/groupdro__eta=0.1,lr=0.1__s0.json"
S,midogpp,2,groupdro,lr=0.1,"{""eta"": 0.01, ""lr"": 0.1}",0.935311794785677,1200,ok,4418fc54da1e286499800f557187a781942baf7d5d900200ec73a5295614803b,0.8749632581277941,0.8782132194433867,$HISTOPATH_DATA/v2/runs_tune/S/midogpp/fold2/groupdro__lr=0.1__s0.json
S,midogpp,2,he_jitter,"jitter=0.2,lr=0.1","{""jitter"": 0.2, ""lr"": 0.1}",0.9422088362156094,1080,ok,4418fc54da1e286499800f557187a781942baf7d5d900200ec73a5295614803b,0.8827998843937745,0.8856913858000579,"$HISTOPATH_DATA/v2/runs_tune/S/midogpp/fold2/he_jitter__jitter=0.2,lr=0.1__s0.json"
S,midogpp,2,he_jitter,lr=0.1,"{""jitter"": 0.4, ""lr"": 0.1}",0.935818693900314,1200,ok,4418fc54da1e286499800f557187a781942baf7d5d900200ec73a5295614803b,0.8843482699036409,0.8801547788724489,$HISTOPATH_DATA/v2/runs_tune/S/midogpp/fold2/he_jitter__lr=0.1__s0.json
S,midogpp,2,irm,"irm_lambda=1,lr=0.1","{""irm_lambda"": 1.0, ""lr"": 0.1}",0.9281975849211507,1080,ok,4418fc54da1e286499800f557187a781942baf7d5d900200ec73a5295614803b,0.8650703168717446,0.8563726635884863,"$HISTOPATH_DATA/v2/runs_tune/S/midogpp/fold2/irm__irm_lambda=1,lr=0.1__s0.json"
S,midogpp,2,irm,"irm_lambda=100,lr=0.1","{""irm_lambda"": 100.0, ""lr"": 0.1}",0.8793802976917949,240,diverged,4418fc54da1e286499800f557187a781942baf7d5d900200ec73a5295614803b,0.8083568542808124,0.7689182929348111,"$HISTOPATH_DATA/v2/runs_tune/S/midogpp/fold2/irm__irm_lambda=100,lr=0.1__s0.json"
S,midogpp,2,irm,lr=0.1,"{""irm_lambda"": 10.0, ""lr"": 0.1}",0.8793802976917949,240,ok,4418fc54da1e286499800f557187a781942baf7d5d900200ec73a5295614803b,0.8083568542808124,0.7689182929348111,$HISTOPATH_DATA/v2/runs_tune/S/midogpp/fold2/irm__lr=0.1__s0.json
S,midogpp,2,lisa,"lisa_alpha=0.5,lr=0.1,p_sel=1","{""lisa_alpha"": 0.5, ""lr"": 0.1, ""p_sel"": 1.0}",0.9270282961659145,1080,ok,4418fc54da1e286499800f557187a781942baf7d5d900200ec73a5295614803b,0.8665486007342226,0.8585785307150228,"$HISTOPATH_DATA/v2/runs_tune/S/midogpp/fold2/lisa__lisa_alpha=0.5,lr=0.1,p_sel=1__s0.json"
S,midogpp,2,lisa,"lisa_alpha=0.5,lr=0.1","{""lisa_alpha"": 0.5, ""lr"": 0.1, ""p_sel"": 0.5}",0.9267867675489199,1080,ok,4418fc54da1e286499800f557187a781942baf7d5d900200ec73a5295614803b,0.8768744504092337,0.8553690122914206,"$HISTOPATH_DATA/v2/runs_tune/S/midogpp/fold2/lisa__lisa_alpha=0.5,lr=0.1__s0.json"
S,midogpp,2,lisa,"lr=0.1,p_sel=1","{""lisa_alpha"": 2.0, ""lr"": 0.1, ""p_sel"": 1.0}",0.9179803024601711,1080,ok,4418fc54da1e286499800f557187a781942baf7d5d900200ec73a5295614803b,0.8573615953659122,0.8369007603956529,"$HISTOPATH_DATA/v2/runs_tune/S/midogpp/fold2/lisa__lr=0.1,p_sel=1__s0.json"
S,midogpp,2,lisa,lr=0.1,"{""lisa_alpha"": 2.0, ""lr"": 0.1, ""p_sel"": 0.5}",0.914238682103766,1200,ok,4418fc54da1e286499800f557187a781942baf7d5d900200ec73a5295614803b,0.8530964635563674,0.8317271649156023,$HISTOPATH_DATA/v2/runs_tune/S/midogpp/fold2/lisa__lr=0.1__s0.json
S,midogpp,2,mixstyle,"lr=0.1,ms_alpha=0.3,ms_p=1","{""lr"": 0.1, ""ms_alpha"": 0.3, ""ms_p"": 1.0}",0.9174412686368353,1080,ok,4418fc54da1e286499800f557187a781942baf7d5d900200ec73a5295614803b,0.8647284176090418,0.8425855861196004,"$HISTOPATH_DATA/v2/runs_tune/S/midogpp/fold2/mixstyle__lr=0.1,ms_alpha=0.3,ms_p=1__s0.json"
S,midogpp,2,mixstyle,"lr=0.1,ms_alpha=0.3","{""lr"": 0.1, ""ms_alpha"": 0.3, ""ms_p"": 0.5}",0.9317816415445807,1080,ok,4418fc54da1e286499800f557187a781942baf7d5d900200ec73a5295614803b,0.8777734732906575,0.859346236438173,"$HISTOPATH_DATA/v2/runs_tune/S/midogpp/fold2/mixstyle__lr=0.1,ms_alpha=0.3__s0.json"
S,midogpp,2,mixstyle,"lr=0.1,ms_p=1","{""lr"": 0.1, ""ms_alpha"": 0.1, ""ms_p"": 1.0}",0.8689795364101799,960,ok,4418fc54da1e286499800f557187a781942baf7d5d900200ec73a5295614803b,0.7597493558642487,0.7337414868386397,"$HISTOPATH_DATA/v2/runs_tune/S/midogpp/fold2/mixstyle__lr=0.1,ms_p=1__s0.json"
S,midogpp,2,mixstyle,lr=0.1,"{""lr"": 0.1, ""ms_alpha"": 0.1, ""ms_p"": 0.5}",0.9152493705225206,1200,ok,4418fc54da1e286499800f557187a781942baf7d5d900200ec73a5295614803b,0.8537753426679212,0.8499805648251638,$HISTOPATH_DATA/v2/runs_tune/S/midogpp/fold2/mixstyle__lr=0.1__s0.json
S,midogpp,2,sam,"lr=0.1,rho=0.02","{""lr"": 0.1, ""rho"": 0.02}",0.9429650384735391,1200,ok,4418fc54da1e286499800f557187a781942baf7d5d900200ec73a5295614803b,0.8905332029688662,0.8876667661714391,"$HISTOPATH_DATA/v2/runs_tune/S/midogpp/fold2/sam__lr=0.1,rho=0.02__s0.json"
S,midogpp,2,sam,"lr=0.1,rho=0.1","{""lr"": 0.1, ""rho"": 0.1}",0.9446396714381526,1200,ok,4418fc54da1e286499800f557187a781942baf7d5d900200ec73a5295614803b,0.8993660105398442,0.8826226396319854,"$HISTOPATH_DATA/v2/runs_tune/S/midogpp/fold2/sam__lr=0.1,rho=0.1__s0.json"
S,midogpp,2,sam,lr=0.1,"{""lr"": 0.1, ""rho"": 0.05}",0.9440964912007911,1200,ok,4418fc54da1e286499800f557187a781942baf7d5d900200ec73a5295614803b,0.8998985370893059,0.8956610875758888,$HISTOPATH_DATA/v2/runs_tune/S/midogpp/fold2/sam__lr=0.1__s0.json
S,midogpp,3,coral,"coral_lambda=0.1,lr=0.03","{""coral_lambda"": 0.1, ""lr"": 0.03}",0.9286295536015194,1080,ok,38d714b6a2f56037ff8ed44c9025bbc7ffa62518faa3de2a298332d2039d2b7f,0.8579867828944118,0.9213243840550054,"$HISTOPATH_DATA/v2/runs_tune/S/midogpp/fold3/coral__coral_lambda=0.1,lr=0.03__s0.json"
S,midogpp,3,coral,"coral_lambda=10,lr=0.03","{""coral_lambda"": 10.0, ""lr"": 0.03}",0.9274309874689789,960,ok,38d714b6a2f56037ff8ed44c9025bbc7ffa62518faa3de2a298332d2039d2b7f,0.8583209872060121,0.9261474993861013,"$HISTOPATH_DATA/v2/runs_tune/S/midogpp/fold3/coral__coral_lambda=10,lr=0.03__s0.json"
S,midogpp,3,coral,lr=0.03,"{""coral_lambda"": 1.0, ""lr"": 0.03}",0.9270130825086553,1200,ok,38d714b6a2f56037ff8ed44c9025bbc7ffa62518faa3de2a298332d2039d2b7f,0.8449701405580562,0.9277765408856511,$HISTOPATH_DATA/v2/runs_tune/S/midogpp/fold3/coral__lr=0.03__s0.json
S,midogpp,3,erm,default,"{""lr"": 0.003}",0.9034351542633046,1080,ok,38d714b6a2f56037ff8ed44c9025bbc7ffa62518faa3de2a298332d2039d2b7f,0.7915630751970678,0.9120428910534503,$HISTOPATH_DATA/v2/runs_tune/S/midogpp/fold3/erm__default__s0.json
S,midogpp,3,erm,lr=0.001,"{""lr"": 0.001}",0.8396292778577774,1080,ok,38d714b6a2f56037ff8ed44c9025bbc7ffa62518faa3de2a298332d2039d2b7f,0.6819264978360827,0.8665443234836703,$HISTOPATH_DATA/v2/runs_tune/S/midogpp/fold3/erm__lr=0.001__s0.json
S,midogpp,3,erm,lr=0.01,"{""lr"": 0.01}",0.9172290817733385,960,ok,38d714b6a2f56037ff8ed44c9025bbc7ffa62518faa3de2a298332d2039d2b7f,0.8361387211637157,0.9273942866497502,$HISTOPATH_DATA/v2/runs_tune/S/midogpp/fold3/erm__lr=0.01__s0.json
S,midogpp,3,erm,lr=0.03,"{""lr"": 0.03}",0.9255896320352952,960,ok,38d714b6a2f56037ff8ed44c9025bbc7ffa62518faa3de2a298332d2039d2b7f,0.8522714886548836,0.9284541213063764,$HISTOPATH_DATA/v2/runs_tune/S/midogpp/fold3/erm__lr=0.03__s0.json
S,midogpp,3,erm,lr=0.1,"{""lr"": 0.1}",0.924739728545605,1080,ok,38d714b6a2f56037ff8ed44c9025bbc7ffa62518faa3de2a298332d2039d2b7f,0.8655859036211132,0.9273585986739791,$HISTOPATH_DATA/v2/runs_tune/S/midogpp/fold3/erm__lr=0.1__s0.json
S,midogpp,3,erm_lunit_bt,default,"{""lr"": 0.003}",0.9122871411501579,1080,ok,38d714b6a2f56037ff8ed44c9025bbc7ffa62518faa3de2a298332d2039d2b7f,0.8023297645118989,0.897016943603176,$HISTOPATH_DATA/v2/runs_tune/S/midogpp/fold3/erm_lunit_bt__default__s0.json
S,midogpp,3,erm_lunit_bt,lr=0.0003,"{""lr"": 0.0003}",0.8279984068139343,1080,ok,38d714b6a2f56037ff8ed44c9025bbc7ffa62518faa3de2a298332d2039d2b7f,0.654239814096367,0.806431693541786,$HISTOPATH_DATA/v2/runs_tune/S/midogpp/fold3/erm_lunit_bt__lr=0.0003__s0.json
S,midogpp,3,erm_lunit_bt,lr=0.001,"{""lr"": 0.001}",0.8792395600355403,1080,ok,38d714b6a2f56037ff8ed44c9025bbc7ffa62518faa3de2a298332d2039d2b7f,0.7296961461273567,0.8679227306212655,$HISTOPATH_DATA/v2/runs_tune/S/midogpp/fold3/erm_lunit_bt__lr=0.001__s0.json
S,midogpp,3,erm_lunit_bt,lr=0.01,"{""lr"": 0.01}",0.9343368363001318,720,ok,38d714b6a2f56037ff8ed44c9025bbc7ffa62518faa3de2a298332d2039d2b7f,0.8708923501359929,0.9244501923549153,$HISTOPATH_DATA/v2/runs_tune/S/midogpp/fold3/erm_lunit_bt__lr=0.01__s0.json
S,midogpp,3,erm_lunit_bt,lr=0.03,"{""lr"": 0.03}",0.8561530684150862,960,ok,38d714b6a2f56037ff8ed44c9025bbc7ffa62518faa3de2a298332d2039d2b7f,0.6886555599878791,0.79489465498895,$HISTOPATH_DATA/v2/runs_tune/S/midogpp/fold3/erm_lunit_bt__lr=0.03__s0.json
S,midogpp,3,erm_lunit_dino,default,"{""lr"": 3e-05}",0.926872759582095,1080,ok,38d714b6a2f56037ff8ed44c9025bbc7ffa62518faa3de2a298332d2039d2b7f,0.8855323680361715,0.9147008267168698,$HISTOPATH_DATA/v2/runs_tune/S/midogpp/fold3/erm_lunit_dino__default__s0.json
S,midogpp,3,erm_lunit_dino,lr=0.0001,"{""lr"": 0.0001}",0.919509176138975,1080,ok,38d714b6a2f56037ff8ed44c9025bbc7ffa62518faa3de2a298332d2039d2b7f,0.8460859943146404,0.899201113202914,$HISTOPATH_DATA/v2/runs_tune/S/midogpp/fold3/erm_lunit_dino__lr=0.0001__s0.json
S,midogpp,3,erm_lunit_dino,lr=1e-05,"{""lr"": 1e-05}",0.9207622782560742,1080,ok,38d714b6a2f56037ff8ed44c9025bbc7ffa62518faa3de2a298332d2039d2b7f,0.8905140148348147,0.9138633052304167,$HISTOPATH_DATA/v2/runs_tune/S/midogpp/fold3/erm_lunit_dino__lr=1e-05__s0.json
S,midogpp,3,fish,"lr=0.03,meta_lr=0.01","{""lr"": 0.03, ""meta_lr"": 0.01}",0.7839786758172738,1080,ok,38d714b6a2f56037ff8ed44c9025bbc7ffa62518faa3de2a298332d2039d2b7f,0.6495871501305103,0.8238539739706967,"$HISTOPATH_DATA/v2/runs_tune/S/midogpp/fold3/fish__lr=0.03,meta_lr=0.01__s0.json"
S,midogpp,3,fish,"lr=0.03,meta_lr=0.05","{""lr"": 0.03, ""meta_lr"": 0.05}",0.8895272526731823,1080,ok,38d714b6a2f56037ff8ed44c9025bbc7ffa62518faa3de2a298332d2039d2b7f,0.8096539565785381,0.9029368912171565,"$HISTOPATH_DATA/v2/runs_tune/S/midogpp/fold3/fish__lr=0.03,meta_lr=0.05__s0.json"
S,midogpp,3,fish,"lr=0.03,meta_lr=0.5","{""lr"": 0.03, ""meta_lr"": 0.5}",0.8739128037010938,960,ok,38d714b6a2f56037ff8ed44c9025bbc7ffa62518faa3de2a298332d2039d2b7f,0.8191238797628713,0.9054517475648687,"$HISTOPATH_DATA/v2/runs_tune/S/midogpp/fold3/fish__lr=0.03,meta_lr=0.5__s0.json"
S,midogpp,3,fish,lr=0.03,"{""lr"": 0.03, ""meta_lr"": 0.1}",0.8835154263304636,480,ok,38d714b6a2f56037ff8ed44c9025bbc7ffa62518faa3de2a298332d2039d2b7f,0.7881513134718959,0.8907803879839568,$HISTOPATH_DATA/v2/runs_tune/S/midogpp/fold3/fish__lr=0.03__s0.json
S,midogpp,3,groupdro,"eta=0.001,lr=0.03","{""eta"": 0.001, ""lr"": 0.03}",0.9199604767302919,600,ok,38d714b6a2f56037ff8ed44c9025bbc7ffa62518faa3de2a298332d2039d2b7f,0.8489152051421123,0.9232115904068102,"$HISTOPATH_DATA/v2/runs_tune/S/midogpp/fold3/groupdro__eta=0.001,lr=0.03__s0.json"
S,midogpp,3,groupdro,"eta=0.1,lr=0.03","{""eta"": 0.1, ""lr"": 0.03}",0.9101338889059101,1200,ok,38d714b6a2f56037ff8ed44c9025bbc7ffa62518faa3de2a298332d2039d2b7f,0.8380783225382226,0.9204806417287387,"$HISTOPATH_DATA/v2/runs_tune/S/midogpp/fold3/groupdro__eta=0.1,lr=0.03__s0.json"
S,midogpp,3,groupdro,lr=0.03,"{""eta"": 0.01, ""lr"": 0.03}",0.9206317595514568,960,ok,38d714b6a2f56037ff8ed44c9025bbc7ffa62518faa3de2a298332d2039d2b7f,0.8349120593197967,0.9240654825243513,$HISTOPATH_DATA/v2/runs_tune/S/midogpp/fold3/groupdro__lr=0.03__s0.json
S,midogpp,3,he_jitter,"jitter=0.2,lr=0.03","{""jitter"": 0.2, ""lr"": 0.03}",0.9350041361561323,1080,ok,38d714b6a2f56037ff8ed44c9025bbc7ffa62518faa3de2a298332d2039d2b7f,0.8716445397601668,0.9315760006548252,"$HISTOPATH_DATA/v2/runs_tune/S/midogpp/fold3/he_jitter__jitter=0.2,lr=0.03__s0.json"
S,midogpp,3,he_jitter,lr=0.03,"{""jitter"": 0.4, ""lr"": 0.03}",0.9336033579460155,960,ok,38d714b6a2f56037ff8ed44c9025bbc7ffa62518faa3de2a298332d2039d2b7f,0.870717549265691,0.9401185233690759,$HISTOPATH_DATA/v2/runs_tune/S/midogpp/fold3/he_jitter__lr=0.03__s0.json
S,midogpp,3,irm,"irm_lambda=1,lr=0.03","{""irm_lambda"": 1.0, ""lr"": 0.03}",0.9243389809736817,840,ok,38d714b6a2f56037ff8ed44c9025bbc7ffa62518faa3de2a298332d2039d2b7f,0.8471476752285272,0.9285425227142508,"$HISTOPATH_DATA/v2/runs_tune/S/midogpp/fold3/irm__irm_lambda=1,lr=0.03__s0.json"
S,midogpp,3,irm,"irm_lambda=100,lr=0.03","{""irm_lambda"": 100.0, ""lr"": 0.03}",0.8873035325837189,240,diverged,38d714b6a2f56037ff8ed44c9025bbc7ffa62518faa3de2a298332d2039d2b7f,0.7859311169461137,0.8973852828026521,"$HISTOPATH_DATA/v2/runs_tune/S/midogpp/fold3/irm__irm_lambda=100,lr=0.03__s0.json"
S,midogpp,3,irm,lr=0.03,"{""irm_lambda"": 10.0, ""lr"": 0.03}",0.8873035325837189,240,diverged,38d714b6a2f56037ff8ed44c9025bbc7ffa62518faa3de2a298332d2039d2b7f,0.7859311169461137,0.8973852828026521,$HISTOPATH_DATA/v2/runs_tune/S/midogpp/fold3/irm__lr=0.03__s0.json
S,midogpp,3,lisa,"lisa_alpha=0.5,lr=0.03,p_sel=1","{""lisa_alpha"": 0.5, ""lr"": 0.03, ""p_sel"": 1.0}",0.921348693281044,1080,ok,38d714b6a2f56037ff8ed44c9025bbc7ffa62518faa3de2a298332d2039d2b7f,0.8278148532441078,0.9292962265695344,"$HISTOPATH_DATA/v2/runs_tune/S/midogpp/fold3/lisa__lisa_alpha=0.5,lr=0.03,p_sel=1__s0.json"
S,midogpp,3,lisa,"lisa_alpha=0.5,lr=0.03","{""lisa_alpha"": 0.5, ""lr"": 0.03, ""p_sel"": 0.5}",0.916399399491406,840,ok,38d714b6a2f56037ff8ed44c9025bbc7ffa62518faa3de2a298332d2039d2b7f,0.8043736174577296,0.909285749365638,"$HISTOPATH_DATA/v2/runs_tune/S/midogpp/fold3/lisa__lisa_alpha=0.5,lr=0.03__s0.json"
S,midogpp,3,lisa,"lr=0.03,p_sel=1","{""lisa_alpha"": 2.0, ""lr"": 0.03, ""p_sel"": 1.0}",0.9078317350409019,1080,ok,38d714b6a2f56037ff8ed44c9025bbc7ffa62518faa3de2a298332d2039d2b7f,0.8131331228484021,0.917258901530654,"$HISTOPATH_DATA/v2/runs_tune/S/midogpp/fold3/lisa__lr=0.03,p_sel=1__s0.json"
S,midogpp,3,lisa,lr=0.03,"{""lisa_alpha"": 2.0, ""lr"": 0.03, ""p_sel"": 0.5}",0.8972542050920678,1080,ok,38d714b6a2f56037ff8ed44c9025bbc7ffa62518faa3de2a298332d2039d2b7f,0.7959600943734827,0.9080602439224033,$HISTOPATH_DATA/v2/runs_tune/S/midogpp/fold3/lisa__lr=0.03__s0.json
S,midogpp,3,mixstyle,"lr=0.03,ms_alpha=0.3,ms_p=1","{""lr"": 0.03, ""ms_alpha"": 0.3, ""ms_p"": 1.0}",0.930119795336867,1200,ok,38d714b6a2f56037ff8ed44c9025bbc7ffa62518faa3de2a298332d2039d2b7f,0.8686887674064374,0.9280278300728494,"$HISTOPATH_DATA/v2/runs_tune/S/midogpp/fold3/mixstyle__lr=0.03,ms_alpha=0.3,ms_p=1__s0.json"
S,midogpp,3,mixstyle,"lr=0.03,ms_alpha=0.3","{""lr"": 0.03, ""ms_alpha"": 0.3, ""ms_p"": 0.5}",0.9297907411379025,1200,ok,38d714b6a2f56037ff8ed44c9025bbc7ffa62518faa3de2a298332d2039d2b7f,0.8667513020914455,0.9288921993942866,"$HISTOPATH_DATA/v2/runs_tune/S/midogpp/fold3/mixstyle__lr=0.03,ms_alpha=0.3__s0.json"
S,midogpp,3,mixstyle,"lr=0.03,ms_p=1","{""lr"": 0.03, ""ms_alpha"": 0.1, ""ms_p"": 1.0}",0.9318643340788627,1200,ok,38d714b6a2f56037ff8ed44c9025bbc7ffa62518faa3de2a298332d2039d2b7f,0.8763339320826823,0.9300839813374805,"$HISTOPATH_DATA/v2/runs_tune/S/midogpp/fold3/mixstyle__lr=0.03,ms_p=1__s0.json"
S,midogpp,3,mixstyle,lr=0.03,"{""lr"": 0.03, ""ms_alpha"": 0.1, ""ms_p"": 0.5}",0.934787830509513,1080,ok,38d714b6a2f56037ff8ed44c9025bbc7ffa62518faa3de2a298332d2039d2b7f,0.8718741661580175,0.9289154456904312,$HISTOPATH_DATA/v2/runs_tune/S/midogpp/fold3/mixstyle__lr=0.03__s0.json
S,midogpp,3,sam,"lr=0.03,rho=0.02","{""lr"": 0.03, ""rho"": 0.02}",0.9354342963938846,840,ok,38d714b6a2f56037ff8ed44c9025bbc7ffa62518faa3de2a298332d2039d2b7f,0.8485934611776821,0.9322223131701728,"$HISTOPATH_DATA/v2/runs_tune/S/midogpp/fold3/sam__lr=0.03,rho=0.02__s0.json"
S,midogpp,3,sam,"lr=0.03,rho=0.1","{""lr"": 0.03, ""rho"": 0.1}",0.9373062900211404,1080,ok,38d714b6a2f56037ff8ed44c9025bbc7ffa62518faa3de2a298332d2039d2b7f,0.8734890271512745,0.9343652287795694,"$HISTOPATH_DATA/v2/runs_tune/S/midogpp/fold3/sam__lr=0.03,rho=0.1__s0.json"
S,midogpp,3,sam,lr=0.03,"{""lr"": 0.03, ""rho"": 0.05}",0.9369747847666903,1200,ok,38d714b6a2f56037ff8ed44c9025bbc7ffa62518faa3de2a298332d2039d2b7f,0.847173307942706,0.9324472456413195,$HISTOPATH_DATA/v2/runs_tune/S/midogpp/fold3/sam__lr=0.03__s0.json
S,midogpp,4,coral,"coral_lambda=0.1,lr=0.1","{""coral_lambda"": 0.1, ""lr"": 0.1}",0.9098489112351351,1200,ok,bb45801c1ac146d5d351ca1ed20c5820f44a0eeaeb7aea348f2a618c3c575691,0.931686666120979,0.9024696871666785,"$HISTOPATH_DATA/v2/runs_tune/S/midogpp/fold4/coral__coral_lambda=0.1,lr=0.1__s0.json"
S,midogpp,4,coral,"coral_lambda=10,lr=0.1","{""coral_lambda"": 10.0, ""lr"": 0.1}",0.9148678554921802,960,ok,bb45801c1ac146d5d351ca1ed20c5820f44a0eeaeb7aea348f2a618c3c575691,0.9270207088483262,0.89385166633339,"$HISTOPATH_DATA/v2/runs_tune/S/midogpp/fold4/coral__coral_lambda=10,lr=0.1__s0.json"
S,midogpp,4,coral,lr=0.1,"{""coral_lambda"": 1.0, ""lr"": 0.1}",0.914891637057469,840,ok,bb45801c1ac146d5d351ca1ed20c5820f44a0eeaeb7aea348f2a618c3c575691,0.918844560857821,0.9025422658331752,$HISTOPATH_DATA/v2/runs_tune/S/midogpp/fold4/coral__lr=0.1__s0.json
S,midogpp,4,erm,default,"{""lr"": 0.003}",0.8797459301642272,1200,ok,bb45801c1ac146d5d351ca1ed20c5820f44a0eeaeb7aea348f2a618c3c575691,0.9184215437505115,0.8900895650718057,$HISTOPATH_DATA/v2/runs_tune/S/midogpp/fold4/erm__default__s0.json
S,midogpp,4,erm,lr=0.001,"{""lr"": 0.001}",0.7702959288372848,1200,ok,bb45801c1ac146d5d351ca1ed20c5820f44a0eeaeb7aea348f2a618c3c575691,0.8338711631333388,0.7864283888349604,$HISTOPATH_DATA/v2/runs_tune/S/midogpp/fold4/erm__lr=0.001__s0.json
S,midogpp,4,erm,lr=0.01,"{""lr"": 0.01}",0.9066545989583674,1080,ok,bb45801c1ac146d5d351ca1ed20c5820f44a0eeaeb7aea348f2a618c3c575691,0.9277878366211018,0.9120089646428424,$HISTOPATH_DATA/v2/runs_tune/S/midogpp/fold4/erm__lr=0.01__s0.json
S,midogpp,4,erm,lr=0.03,"{""lr"": 0.03}",0.9098875131961837,1200,ok,bb45801c1ac146d5d351ca1ed20c5820f44a0eeaeb7aea348f2a618c3c575691,0.9313441925186215,0.9030027871064321,$HISTOPATH_DATA/v2/runs_tune/S/midogpp/fold4/erm__lr=0.03__s0.json
S,midogpp,4,erm,lr=0.1,"{""lr"": 0.1}",0.9151129090127652,1200,ok,bb45801c1ac146d5d351ca1ed20c5820f44a0eeaeb7aea348f2a618c3c575691,0.9243807808791029,0.8918464398130168,$HISTOPATH_DATA/v2/runs_tune/S/midogpp/fold4/erm__lr=0.1__s0.json
S,midogpp,4,erm_lunit_bt,default,"{""lr"": 0.003}",0.8942888743289032,1200,ok,bb45801c1ac146d5d351ca1ed20c5820f44a0eeaeb7aea348f2a618c3c575691,0.9086882213309323,0.8931235246084499,$HISTOPATH_DATA/v2/runs_tune/S/midogpp/fold4/erm_lunit_bt__default__s0.json
S,midogpp,4,erm_lunit_bt,lr=0.0003,"{""lr"": 0.0003}",0.7784943649753377,1080,ok,bb45801c1ac146d5d351ca1ed20c5820f44a0eeaeb7aea348f2a618c3c575691,0.79339608741917,0.7706002448405989,$HISTOPATH_DATA/v2/runs_tune/S/midogpp/fold4/erm_lunit_bt__lr=0.0003__s0.json
S,midogpp,4,erm_lunit_bt,lr=0.001,"{""lr"": 0.001}",0.8481360939709597,1200,ok,bb45801c1ac146d5d351ca1ed20c5820f44a0eeaeb7aea348f2a618c3c575691,0.873879021036261,0.8426899152478143,$HISTOPATH_DATA/v2/runs_tune/S/midogpp/fold4/erm_lunit_bt__lr=0.001__s0.json
S,midogpp,4,erm_lunit_bt,lr=0.01,"{""lr"": 0.01}",0.9099891880043027,1080,ok,bb45801c1ac146d5d351ca1ed20c5820f44a0eeaeb7aea348f2a618c3c575691,0.918083326512237,0.9040884697548213,$HISTOPATH_DATA/v2/runs_tune/S/midogpp/fold4/erm_lunit_bt__lr=0.01__s0.json
S,midogpp,4,erm_lunit_bt,lr=0.03,"{""lr"": 0.03}",0.7122120405720398,1080,ok,bb45801c1ac146d5d351ca1ed20c5820f44a0eeaeb7aea348f2a618c3c575691,0.6505076532700336,0.6791733910765493,$HISTOPATH_DATA/v2/runs_tune/S/midogpp/fold4/erm_lunit_bt__lr=0.03__s0.json
S,midogpp,4,erm_lunit_dino,default,"{""lr"": 3e-05}",0.9223180339745509,1200,ok,bb45801c1ac146d5d351ca1ed20c5820f44a0eeaeb7aea348f2a618c3c575691,0.931383809445854,0.8974594041184432,$HISTOPATH_DATA/v2/runs_tune/S/midogpp/fold4/erm_lunit_dino__default__s0.json
S,midogpp,4,erm_lunit_dino,lr=0.0001,"{""lr"": 0.0001}",0.9186398185432103,1200,ok,bb45801c1ac146d5d351ca1ed20c5820f44a0eeaeb7aea348f2a618c3c575691,0.9195629041499549,0.8856010348561721,$HISTOPATH_DATA/v2/runs_tune/S/midogpp/fold4/erm_lunit_dino__lr=0.0001__s0.json
S,midogpp,4,erm_lunit_dino,lr=1e-05,"{""lr"": 1e-05}",0.9184364689269724,1200,ok,bb45801c1ac146d5d351ca1ed20c5820f44a0eeaeb7aea348f2a618c3c575691,0.9288398133748056,0.8991199354970482,$HISTOPATH_DATA/v2/runs_tune/S/midogpp/fold4/erm_lunit_dino__lr=1e-05__s0.json
S,midogpp,4,fish,"lr=0.1,meta_lr=0.01","{""lr"": 0.1, ""meta_lr"": 0.01}",0.8030610665790769,1200,ok,bb45801c1ac146d5d351ca1ed20c5820f44a0eeaeb7aea348f2a618c3c575691,0.8914748301547025,0.8470249383723625,"$HISTOPATH_DATA/v2/runs_tune/S/midogpp/fold4/fish__lr=0.1,meta_lr=0.01__s0.json"
S,midogpp,4,fish,"lr=0.1,meta_lr=0.05","{""lr"": 0.1, ""meta_lr"": 0.05}",0.8430561448290432,1080,ok,bb45801c1ac146d5d351ca1ed20c5820f44a0eeaeb7aea348f2a618c3c575691,0.9099467954489645,0.8913298252930872,"$HISTOPATH_DATA/v2/runs_tune/S/midogpp/fold4/fish__lr=0.1,meta_lr=0.05__s0.json"
S,midogpp,4,fish,"lr=0.1,meta_lr=0.5","{""lr"": 0.1, ""meta_lr"": 0.5}",0.7172171984144244,1080,ok,bb45801c1ac146d5d351ca1ed20c5820f44a0eeaeb7aea348f2a618c3c575691,0.8468193500859458,0.7576101622122491,"$HISTOPATH_DATA/v2/runs_tune/S/midogpp/fold4/fish__lr=0.1,meta_lr=0.5__s0.json"
S,midogpp,4,fish,lr=0.1,"{""lr"": 0.1, ""meta_lr"": 0.1}",0.8443331114869441,1080,ok,bb45801c1ac146d5d351ca1ed20c5820f44a0eeaeb7aea348f2a618c3c575691,0.9158074813784072,0.8774088516856021,$HISTOPATH_DATA/v2/runs_tune/S/midogpp/fold4/fish__lr=0.1__s0.json
S,midogpp,4,groupdro,"eta=0.001,lr=0.1","{""eta"": 0.001, ""lr"": 0.1}",0.878925983152312,1200,ok,bb45801c1ac146d5d351ca1ed20c5820f44a0eeaeb7aea348f2a618c3c575691,0.9135949905868871,0.8698919284387193,"$HISTOPATH_DATA/v2/runs_tune/S/midogpp/fold4/groupdro__eta=0.001,lr=0.1__s0.json"
S,midogpp,4,groupdro,"eta=0.1,lr=0.1","{""eta"": 0.1, ""lr"": 0.1}",0.826883646451532,1200,ok,bb45801c1ac146d5d351ca1ed20c5820f44a0eeaeb7aea348f2a618c3c575691,0.8221432430220186,0.801009207428116,"$HISTOPATH_DATA/v2/runs_tune/S/midogpp/fold4/groupdro__eta=0.1,lr=0.1__s0.json"
S,midogpp,4,groupdro,lr=0.1,"{""eta"": 0.01, ""lr"": 0.1}",0.8959808120680759,1200,ok,bb45801c1ac146d5d351ca1ed20c5820f44a0eeaeb7aea348f2a618c3c575691,0.9107735123188998,0.8757273388635851,$HISTOPATH_DATA/v2/runs_tune/S/midogpp/fold4/groupdro__lr=0.1__s0.json
S,midogpp,4,he_jitter,"jitter=0.2,lr=0.1","{""jitter"": 0.2, ""lr"": 0.1}",0.9233378839990392,1200,ok,bb45801c1ac146d5d351ca1ed20c5820f44a0eeaeb7aea348f2a618c3c575691,0.9329678317099123,0.9116242334815023,"$HISTOPATH_DATA/v2/runs_tune/S/midogpp/fold4/he_jitter__jitter=0.2,lr=0.1__s0.json"
S,midogpp,4,he_jitter,lr=0.1,"{""jitter"": 0.4, ""lr"": 0.1}",0.9206908923842811,1080,ok,bb45801c1ac146d5d351ca1ed20c5820f44a0eeaeb7aea348f2a618c3c575691,0.9391935827126137,0.9134042306297386,$HISTOPATH_DATA/v2/runs_tune/S/midogpp/fold4/he_jitter__lr=0.1__s0.json
S,midogpp,4,irm,"irm_lambda=1,lr=0.1","{""irm_lambda"": 1.0, ""lr"": 0.1}",0.6425005178522006,120,diverged,bb45801c1ac146d5d351ca1ed20c5820f44a0eeaeb7aea348f2a618c3c575691,0.6005176393549971,0.5791634141861106,"$HISTOPATH_DATA/v2/runs_tune/S/midogpp/fold4/irm__irm_lambda=1,lr=0.1__s0.json"
S,midogpp,4,irm,"irm_lambda=100,lr=0.1","{""irm_lambda"": 100.0, ""lr"": 0.1}",0.6425005178522006,120,diverged,bb45801c1ac146d5d351ca1ed20c5820f44a0eeaeb7aea348f2a618c3c575691,0.6005176393549971,0.5791634141861106,"$HISTOPATH_DATA/v2/runs_tune/S/midogpp/fold4/irm__irm_lambda=100,lr=0.1__s0.json"
S,midogpp,4,irm,lr=0.1,"{""irm_lambda"": 10.0, ""lr"": 0.1}",0.6425005178522006,120,diverged,bb45801c1ac146d5d351ca1ed20c5820f44a0eeaeb7aea348f2a618c3c575691,0.6005176393549971,0.5791634141861106,$HISTOPATH_DATA/v2/runs_tune/S/midogpp/fold4/irm__lr=0.1__s0.json
S,midogpp,4,lisa,"lisa_alpha=0.5,lr=0.1,p_sel=1","{""lisa_alpha"": 0.5, ""lr"": 0.1, ""p_sel"": 1.0}",0.8912889504988442,1080,ok,bb45801c1ac146d5d351ca1ed20c5820f44a0eeaeb7aea348f2a618c3c575691,0.9088804125399035,0.8907828090898464,"$HISTOPATH_DATA/v2/runs_tune/S/midogpp/fold4/lisa__lisa_alpha=0.5,lr=0.1,p_sel=1__s0.json"
S,midogpp,4,lisa,"lisa_alpha=0.5,lr=0.1","{""lisa_alpha"": 0.5, ""lr"": 0.1, ""p_sel"": 0.5}",0.8936733109143253,960,ok,bb45801c1ac146d5d351ca1ed20c5820f44a0eeaeb7aea348f2a618c3c575691,0.9083660473111238,0.8736895696962872,"$HISTOPATH_DATA/v2/runs_tune/S/midogpp/fold4/lisa__lisa_alpha=0.5,lr=0.1__s0.json"
S,midogpp,4,lisa,"lr=0.1,p_sel=1","{""lisa_alpha"": 2.0, ""lr"": 0.1, ""p_sel"": 1.0}",0.8715361202340794,1200,ok,bb45801c1ac146d5d351ca1ed20c5820f44a0eeaeb7aea348f2a618c3c575691,0.8857493656380453,0.8655466286888268,"$HISTOPATH_DATA/v2/runs_tune/S/midogpp/fold4/lisa__lr=0.1,p_sel=1__s0.json"
S,midogpp,4,lisa,lr=0.1,"{""lisa_alpha"": 2.0, ""lr"": 0.1, ""p_sel"": 0.5}",0.8846883598199081,1080,ok,bb45801c1ac146d5d351ca1ed20c5820f44a0eeaeb7aea348f2a618c3c575691,0.9017005811574036,0.8661940560855391,$HISTOPATH_DATA/v2/runs_tune/S/midogpp/fold4/lisa__lr=0.1__s0.json
S,midogpp,4,mixstyle,"lr=0.1,ms_alpha=0.3,ms_p=1","{""lr"": 0.1, ""ms_alpha"": 0.3, ""ms_p"": 1.0}",0.8779940215212827,840,ok,bb45801c1ac146d5d351ca1ed20c5820f44a0eeaeb7aea348f2a618c3c575691,0.8541091921093558,0.8583994498579898,"$HISTOPATH_DATA/v2/runs_tune/S/midogpp/fold4/mixstyle__lr=0.1,ms_alpha=0.3,ms_p=1__s0.json"
S,midogpp,4,mixstyle,"lr=0.1,ms_alpha=0.3","{""lr"": 0.1, ""ms_alpha"": 0.3, ""ms_p"": 0.5}",0.8853949135712431,1200,ok,bb45801c1ac146d5d351ca1ed20c5820f44a0eeaeb7aea348f2a618c3c575691,0.8967556683310142,0.8684510599268562,"$HISTOPATH_DATA/v2/runs_tune/S/midogpp/fold4/mixstyle__lr=0.1,ms_alpha=0.3__s0.json"
S,midogpp,4,mixstyle,"lr=0.1,ms_p=1","{""lr"": 0.1, ""ms_alpha"": 0.1, ""ms_p"": 1.0}",0.841113983663788,1200,ok,bb45801c1ac146d5d351ca1ed20c5820f44a0eeaeb7aea348f2a618c3c575691,0.8080412539903413,0.8008916685257367,"$HISTOPATH_DATA/v2/runs_tune/S/midogpp/fold4/mixstyle__lr=0.1,ms_p=1__s0.json"
S,midogpp,4,mixstyle,lr=0.1,"{""lr"": 0.1, ""ms_alpha"": 0.1, ""ms_p"": 0.5}",0.8988359785442028,1200,ok,bb45801c1ac146d5d351ca1ed20c5820f44a0eeaeb7aea348f2a618c3c575691,0.9156319882131456,0.8773949354221146,$HISTOPATH_DATA/v2/runs_tune/S/midogpp/fold4/mixstyle__lr=0.1__s0.json
S,midogpp,4,sam,"lr=0.1,rho=0.02","{""lr"": 0.1, ""rho"": 0.02}",0.9200088095189679,1200,ok,bb45801c1ac146d5d351ca1ed20c5820f44a0eeaeb7aea348f2a618c3c575691,0.9357020545142014,0.9089632298063242,"$HISTOPATH_DATA/v2/runs_tune/S/midogpp/fold4/sam__lr=0.1,rho=0.02__s0.json"
S,midogpp,4,sam,"lr=0.1,rho=0.1","{""lr"": 0.1, ""rho"": 0.1}",0.9178396895023692,1200,ok,bb45801c1ac146d5d351ca1ed20c5820f44a0eeaeb7aea348f2a618c3c575691,0.9388825407219448,0.9172661007957106,"$HISTOPATH_DATA/v2/runs_tune/S/midogpp/fold4/sam__lr=0.1,rho=0.1__s0.json"
S,midogpp,4,sam,lr=0.1,"{""lr"": 0.1, ""rho"": 0.05}",0.922248412580517,1200,ok,bb45801c1ac146d5d351ca1ed20c5820f44a0eeaeb7aea348f2a618c3c575691,0.9400988786117705,0.9171952349001046,$HISTOPATH_DATA/v2/runs_tune/S/midogpp/fold4/sam__lr=0.1__s0.json
S,midogpp,5,coral,"coral_lambda=0.1,lr=0.03","{""coral_lambda"": 0.1, ""lr"": 0.03}",0.9134985140018697,1200,ok,4857400f9c5ba4da8cb1c2feaca10274380db6d1f3e826e54ce906430e7f5d63,0.9113206448411127,0.9168780258519389,"$HISTOPATH_DATA/v2/runs_tune/S/midogpp/fold5/coral__coral_lambda=0.1,lr=0.03__s0.json"
S,midogpp,5,coral,"coral_lambda=10,lr=0.03","{""coral_lambda"": 10.0, ""lr"": 0.03}",0.919236001618552,960,ok,4857400f9c5ba4da8cb1c2feaca10274380db6d1f3e826e54ce906430e7f5d63,0.9085246534101052,0.9187083431257345,"$HISTOPATH_DATA/v2/runs_tune/S/midogpp/fold5/coral__coral_lambda=10,lr=0.03__s0.json"
S,midogpp,5,coral,lr=0.03,"{""coral_lambda"": 1.0, ""lr"": 0.03}",0.9131273632951487,960,ok,4857400f9c5ba4da8cb1c2feaca10274380db6d1f3e826e54ce906430e7f5d63,0.909785145737534,0.9129804935370154,$HISTOPATH_DATA/v2/runs_tune/S/midogpp/fold5/coral__lr=0.03__s0.json
S,midogpp,5,erm,default,"{""lr"": 0.003}",0.8828579999720939,1200,ok,4857400f9c5ba4da8cb1c2feaca10274380db6d1f3e826e54ce906430e7f5d63,0.8914465078100212,0.8855454759106933,$HISTOPATH_DATA/v2/runs_tune/S/midogpp/fold5/erm__default__s0.json
S,midogpp,5,erm,lr=0.001,"{""lr"": 0.001}",0.7920896761500787,1080,ok,4857400f9c5ba4da8cb1c2feaca10274380db6d1f3e826e54ce906430e7f5d63,0.8050235142033667,0.8137720329024677,$HISTOPATH_DATA/v2/runs_tune/S/midogpp/fold5/erm__lr=0.001__s0.json
S,midogpp,5,erm,lr=0.01,"{""lr"": 0.01}",0.9032622193696018,960,ok,4857400f9c5ba4da8cb1c2feaca10274380db6d1f3e826e54ce906430e7f5d63,0.9010906925032447,0.9094505287896593,$HISTOPATH_DATA/v2/runs_tune/S/midogpp/fold5/erm__lr=0.01__s0.json
S,midogpp,5,erm,lr=0.03,"{""lr"": 0.03}",0.9194100657187905,1200,ok,4857400f9c5ba4da8cb1c2feaca10274380db6d1f3e826e54ce906430e7f5d63,0.9099114625907287,0.9101330199764983,$HISTOPATH_DATA/v2/runs_tune/S/midogpp/fold5/erm__lr=0.03__s0.json
S,midogpp,5,erm,lr=0.1,"{""lr"": 0.1}",0.9179495318757064,960,ok,4857400f9c5ba4da8cb1c2feaca10274380db6d1f3e826e54ce906430e7f5d63,0.9133603408756628,0.9122585193889541,$HISTOPATH_DATA/v2/runs_tune/S/midogpp/fold5/erm__lr=0.1__s0.json
S,midogpp,5,erm_lunit_bt,default,"{""lr"": 0.003}",0.8955113089341277,1200,ok,4857400f9c5ba4da8cb1c2feaca10274380db6d1f3e826e54ce906430e7f5d63,0.8832827994555102,0.8925621621621621,$HISTOPATH_DATA/v2/runs_tune/S/midogpp/fold5/erm_lunit_bt__default__s0.json
S,midogpp,5,erm_lunit_bt,lr=0.0003,"{""lr"": 0.0003}",0.7741272377178416,1200,ok,4857400f9c5ba4da8cb1c2feaca10274380db6d1f3e826e54ce906430e7f5d63,0.7523887801517258,0.7671849588719154,$HISTOPATH_DATA/v2/runs_tune/S/midogpp/fold5/erm_lunit_bt__lr=0.0003__s0.json
S,midogpp,5,erm_lunit_bt,lr=0.001,"{""lr"": 0.001}",0.8470757928811621,1200,ok,4857400f9c5ba4da8cb1c2feaca10274380db6d1f3e826e54ce906430e7f5d63,0.8275171202155351,0.853926204465335,$HISTOPATH_DATA/v2/runs_tune/S/midogpp/fold5/erm_lunit_bt__lr=0.001__s0.json
S,midogpp,5,erm_lunit_bt,lr=0.01,"{""lr"": 0.01}",0.9068488467817326,960,ok,4857400f9c5ba4da8cb1c2feaca10274380db6d1f3e826e54ce906430e7f5d63,0.8780680543821885,0.8620972972972973,$HISTOPATH_DATA/v2/runs_tune/S/midogpp/fold5/erm_lunit_bt__lr=0.01__s0.json
S,midogpp,5,erm_lunit_bt,lr=0.03,"{""lr"": 0.03}",0.8141260517099443,1080,ok,4857400f9c5ba4da8cb1c2feaca10274380db6d1f3e826e54ce906430e7f5d63,0.8069872060296386,0.8225927144535841,$HISTOPATH_DATA/v2/runs_tune/S/midogpp/fold5/erm_lunit_bt__lr=0.03__s0.json
S,midogpp,5,erm_lunit_dino,default,"{""lr"": 3e-05}",0.930472031143172,960,ok,4857400f9c5ba4da8cb1c2feaca10274380db6d1f3e826e54ce906430e7f5d63,0.8883678021338556,0.9226350176263219,$HISTOPATH_DATA/v2/runs_tune/S/midogpp/fold5/erm_lunit_dino__default__s0.json
S,midogpp,5,erm_lunit_dino,lr=0.0001,"{""lr"": 0.0001}",0.9223883408447168,1080,ok,4857400f9c5ba4da8cb1c2feaca10274380db6d1f3e826e54ce906430e7f5d63,0.8811097213878412,0.9039125734430082,$HISTOPATH_DATA/v2/runs_tune/S/midogpp/fold5/erm_lunit_dino__lr=0.0001__s0.json
S,midogpp,5,erm_lunit_dino,lr=1e-05,"{""lr"": 1e-05}",0.9185149785820927,960,ok,4857400f9c5ba4da8cb1c2feaca10274380db6d1f3e826e54ce906430e7f5d63,0.8788079714070028,0.9179534665099882,$HISTOPATH_DATA/v2/runs_tune/S/midogpp/fold5/erm_lunit_dino__lr=1e-05__s0.json
S,midogpp,5,fish,"lr=0.03,meta_lr=0.01","{""lr"": 0.03, ""meta_lr"": 0.01}",0.7081115963666299,1200,ok,4857400f9c5ba4da8cb1c2feaca10274380db6d1f3e826e54ce906430e7f5d63,0.7839356648998007,0.8069969447708578,"$HISTOPATH_DATA/v2/runs_tune/S/midogpp/fold5/fish__lr=0.03,meta_lr=0.01__s0.json"
S,midogpp,5,fish,"lr=0.03,meta_lr=0.05","{""lr"": 0.03, ""meta_lr"": 0.05}",0.8466080174133865,1200,ok,4857400f9c5ba4da8cb1c2feaca10274380db6d1f3e826e54ce906430e7f5d63,0.8787696481583217,0.8972117508813162,"$HISTOPATH_DATA/v2/runs_tune/S/midogpp/fold5/fish__lr=0.03,meta_lr=0.05__s0.json"
S,midogpp,5,fish,"lr=0.03,meta_lr=0.5","{""lr"": 0.03, ""meta_lr"": 0.5}",0.8642865116019478,1080,ok,4857400f9c5ba4da8cb1c2feaca10274380db6d1f3e826e54ce906430e7f5d63,0.8816693692764014,0.9142392479435958,"$HISTOPATH_DATA/v2/runs_tune/S/midogpp/fold5/fish__lr=0.03,meta_lr=0.5__s0.json"
S,midogpp,5,fish,lr=0.03,"{""lr"": 0.03, ""meta_lr"": 0.1}",0.8592358620882111,1080,ok,4857400f9c5ba4da8cb1c2feaca10274380db6d1f3e826e54ce906430e7f5d63,0.883489616540571,0.9149367802585194,$HISTOPATH_DATA/v2/runs_tune/S/midogpp/fold5/fish__lr=0.03__s0.json
S,midogpp,5,groupdro,"eta=0.001,lr=0.03","{""eta"": 0.001, ""lr"": 0.03}",0.9135082811257307,1200,ok,4857400f9c5ba4da8cb1c2feaca10274380db6d1f3e826e54ce906430e7f5d63,0.9145462206211621,0.917097062279671,"$HISTOPATH_DATA/v2/runs_tune/S/midogpp/fold5/groupdro__eta=0.001,lr=0.03__s0.json"
S,midogpp,5,groupdro,"eta=0.1,lr=0.03","{""eta"": 0.1, ""lr"": 0.03}",0.879111610319664,1200,ok,4857400f9c5ba4da8cb1c2feaca10274380db6d1f3e826e54ce906430e7f5d63,0.883296287526275,0.8863708578143361,"$HISTOPATH_DATA/v2/runs_tune/S/midogpp/fold5/groupdro__eta=0.1,lr=0.03__s0.json"
S,midogpp,5,groupdro,lr=0.03,"{""eta"": 0.01, ""lr"": 0.03}",0.9101131591064475,1200,ok,4857400f9c5ba4da8cb1c2feaca10274380db6d1f3e826e54ce906430e7f5d63,0.9087662611538851,0.9059873090481786,$HISTOPATH_DATA/v2/runs_tune/S/midogpp/fold5/groupdro__lr=0.03__s0.json
S,midogpp,5,he_jitter,"jitter=0.2,lr=0.03","{""jitter"": 0.2, ""lr"": 0.03}",0.9249651174147817,960,ok,4857400f9c5ba4da8cb1c2feaca10274380db6d1f3e826e54ce906430e7f5d63,0.9126482563778235,0.9200855464159812,"$HISTOPATH_DATA/v2/runs_tune/S/midogpp/fold5/he_jitter__jitter=0.2,lr=0.03__s0.json"
S,midogpp,5,he_jitter,lr=0.03,"{""jitter"": 0.4, ""lr"": 0.03}",0.928056760942667,1200,ok,4857400f9c5ba4da8cb1c2feaca10274380db6d1f3e826e54ce906430e7f5d63,0.9137091038482964,0.9183022326674499,$HISTOPATH_DATA/v2/runs_tune/S/midogpp/fold5/he_jitter__lr=0.03__s0.json
S,midogpp,5,irm,"irm_lambda=1,lr=0.03","{""irm_lambda"": 1.0, ""lr"": 0.03}",0.9094919002637123,1200,ok,4857400f9c5ba4da8cb1c2feaca10274380db6d1f3e826e54ce906430e7f5d63,0.9080248454545415,0.913318918918919,"$HISTOPATH_DATA/v2/runs_tune/S/midogpp/fold5/irm__irm_lambda=1,lr=0.03__s0.json"
S,midogpp,5,irm,"irm_lambda=100,lr=0.03","{""irm_lambda"": 100.0, ""lr"": 0.03}",0.8385756045152019,240,diverged,4857400f9c5ba4da8cb1c2feaca10274380db6d1f3e826e54ce906430e7f5d63,0.8342012086167789,0.851062749706228,"$HISTOPATH_DATA/v2/runs_tune/S/midogpp/fold5/irm__irm_lambda=100,lr=0.03__s0.json"
S,midogpp,5,irm,lr=0.03,"{""irm_lambda"": 10.0, ""lr"": 0.03}",0.8385756045152019,240,diverged,4857400f9c5ba4da8cb1c2feaca10274380db6d1f3e826e54ce906430e7f5d63,0.8342012086167789,0.851062749706228,$HISTOPATH_DATA/v2/runs_tune/S/midogpp/fold5/irm__lr=0.03__s0.json
S,midogpp,5,lisa,"lisa_alpha=0.5,lr=0.03,p_sel=1","{""lisa_alpha"": 0.5, ""lr"": 0.03, ""p_sel"": 1.0}",0.9006010269433088,1200,ok,4857400f9c5ba4da8cb1c2feaca10274380db6d1f3e826e54ce906430e7f5d63,0.9054111570752211,0.9185184488836664,"$HISTOPATH_DATA/v2/runs_tune/S/midogpp/fold5/lisa__lisa_alpha=0.5,lr=0.03,p_sel=1__s0.json"
S,midogpp,5,lisa,"lisa_alpha=0.5,lr=0.03","{""lisa_alpha"": 0.5, ""lr"": 0.03, ""p_sel"": 0.5}",0.8927636076964938,1200,ok,4857400f9c5ba4da8cb1c2feaca10274380db6d1f3e826e54ce906430e7f5d63,0.890771461982695,0.901662044653349,"$HISTOPATH_DATA/v2/runs_tune/S/midogpp/fold5/lisa__lisa_alpha=0.5,lr=0.03__s0.json"
S,midogpp,5,lisa,"lr=0.03,p_sel=1","{""lisa_alpha"": 2.0, ""lr"": 0.03, ""p_sel"": 1.0}",0.8768934267256415,960,ok,4857400f9c5ba4da8cb1c2feaca10274380db6d1f3e826e54ce906430e7f5d63,0.8672861616247687,0.8804314923619271,"$HISTOPATH_DATA/v2/runs_tune/S/midogpp/fold5/lisa__lr=0.03,p_sel=1__s0.json"
S,midogpp,5,lisa,lr=0.03,"{""lisa_alpha"": 2.0, ""lr"": 0.03, ""p_sel"": 0.5}",0.8622797164743474,960,ok,4857400f9c5ba4da8cb1c2feaca10274380db6d1f3e826e54ce906430e7f5d63,0.871666359081561,0.8804643948296123,$HISTOPATH_DATA/v2/runs_tune/S/midogpp/fold5/lisa__lr=0.03__s0.json
S,midogpp,5,mixstyle,"lr=0.03,ms_alpha=0.3,ms_p=1","{""lr"": 0.03, ""ms_alpha"": 0.3, ""ms_p"": 1.0}",0.9154139167561988,960,ok,4857400f9c5ba4da8cb1c2feaca10274380db6d1f3e826e54ce906430e7f5d63,0.9103936075964815,0.9198665099882493,"$HISTOPATH_DATA/v2/runs_tune/S/midogpp/fold5/mixstyle__lr=0.03,ms_alpha=0.3,ms_p=1__s0.json"
S,midogpp,5,mixstyle,"lr=0.03,ms_alpha=0.3","{""lr"": 0.03, ""ms_alpha"": 0.3, ""ms_p"": 0.5}",0.8967095257363714,960,ok,4857400f9c5ba4da8cb1c2feaca10274380db6d1f3e826e54ce906430e7f5d63,0.8963058529235072,0.9010792009400705,"$HISTOPATH_DATA/v2/runs_tune/S/midogpp/fold5/mixstyle__lr=0.03,ms_alpha=0.3__s0.json"
S,midogpp,5,mixstyle,"lr=0.03,ms_p=1","{""lr"": 0.03, ""ms_alpha"": 0.1, ""ms_p"": 1.0}",0.9109932467315018,960,ok,4857400f9c5ba4da8cb1c2feaca10274380db6d1f3e826e54ce906430e7f5d63,0.9081843472437447,0.9152705052878967,"$HISTOPATH_DATA/v2/runs_tune/S/midogpp/fold5/mixstyle__lr=0.03,ms_p=1__s0.json"
S,midogpp,5,mixstyle,lr=0.03,"{""lr"": 0.03, ""ms_alpha"": 0.1, ""ms_p"": 0.5}",0.918058016715735,960,ok,4857400f9c5ba4da8cb1c2feaca10274380db6d1f3e826e54ce906430e7f5d63,0.9091245514145989,0.9192150411280846,$HISTOPATH_DATA/v2/runs_tune/S/midogpp/fold5/mixstyle__lr=0.03__s0.json
S,midogpp,5,sam,"lr=0.03,rho=0.02","{""lr"": 0.03, ""rho"": 0.02}",0.9196231983144735,960,ok,4857400f9c5ba4da8cb1c2feaca10274380db6d1f3e826e54ce906430e7f5d63,0.9200382204824276,0.9199238542890716,"$HISTOPATH_DATA/v2/runs_tune/S/midogpp/fold5/sam__lr=0.03,rho=0.02__s0.json"
S,midogpp,5,sam,"lr=0.03,rho=0.1","{""lr"": 0.03, ""rho"": 0.1}",0.5907526266586669,120,ok,4857400f9c5ba4da8cb1c2feaca10274380db6d1f3e826e54ce906430e7f5d63,0.5509885471292462,0.5329363102232667,"$HISTOPATH_DATA/v2/runs_tune/S/midogpp/fold5/sam__lr=0.03,rho=0.1__s0.json"
S,midogpp,5,sam,lr=0.03,"{""lr"": 0.03, ""rho"": 0.05}",0.9193811131730595,960,ok,4857400f9c5ba4da8cb1c2feaca10274380db6d1f3e826e54ce906430e7f5d63,0.9163737471616176,0.9114331374853114,$HISTOPATH_DATA/v2/runs_tune/S/midogpp/fold5/sam__lr=0.03__s0.json
S,midogpp,6,coral,"coral_lambda=0.1,lr=0.03","{""coral_lambda"": 0.1, ""lr"": 0.03}",0.9282275906069186,1080,ok,6314c43dc364f927eedf7926c5a50709a2435b6c5dfe7c43472a1372436825eb,0.9241739130434783,0.8791481934702415,"$HISTOPATH_DATA/v2/runs_tune/S/midogpp/fold6/coral__coral_lambda=0.1,lr=0.03__s0.json"
S,midogpp,6,coral,"coral_lambda=10,lr=0.03","{""coral_lambda"": 10.0, ""lr"": 0.03}",0.9328612968152962,1200,ok,6314c43dc364f927eedf7926c5a50709a2435b6c5dfe7c43472a1372436825eb,0.9253819036427733,0.8870893351782092,"$HISTOPATH_DATA/v2/runs_tune/S/midogpp/fold6/coral__coral_lambda=10,lr=0.03__s0.json"
S,midogpp,6,coral,lr=0.03,"{""coral_lambda"": 1.0, ""lr"": 0.03}",0.9302467714837788,1200,ok,6314c43dc364f927eedf7926c5a50709a2435b6c5dfe7c43472a1372436825eb,0.9299290246768508,0.8869249315058754,$HISTOPATH_DATA/v2/runs_tune/S/midogpp/fold6/coral__lr=0.03__s0.json
S,midogpp,6,erm,default,"{""lr"": 0.003}",0.8968734086810289,1080,ok,6314c43dc364f927eedf7926c5a50709a2435b6c5dfe7c43472a1372436825eb,0.8907788484136311,0.854033533017145,$HISTOPATH_DATA/v2/runs_tune/S/midogpp/fold6/erm__default__s0.json
S,midogpp,6,erm,lr=0.001,"{""lr"": 0.001}",0.8066112478516356,1080,ok,6314c43dc364f927eedf7926c5a50709a2435b6c5dfe7c43472a1372436825eb,0.8137513513513513,0.7553362321699775,$HISTOPATH_DATA/v2/runs_tune/S/midogpp/fold6/erm__lr=0.001__s0.json
S,midogpp,6,erm,lr=0.01,"{""lr"": 0.01}",0.9247800123093302,960,ok,6314c43dc364f927eedf7926c5a50709a2435b6c5dfe7c43472a1372436825eb,0.9190119858989424,0.8744755745019679,$HISTOPATH_DATA/v2/runs_tune/S/midogpp/fold6/erm__lr=0.01__s0.json
S,midogpp,6,erm,lr=0.03,"{""lr"": 0.03}",0.9337351304740702,1200,ok,6314c43dc364f927eedf7926c5a50709a2435b6c5dfe7c43472a1372436825eb,0.9246796709753232,0.8871622059951355,$HISTOPATH_DATA/v2/runs_tune/S/midogpp/fold6/erm__lr=0.03__s0.json
S,midogpp,6,erm,lr=0.1,"{""lr"": 0.1}",0.9314838752604464,1200,ok,6314c43dc364f927eedf7926c5a50709a2435b6c5dfe7c43472a1372436825eb,0.9244888366627497,0.8809699638933989,$HISTOPATH_DATA/v2/runs_tune/S/midogpp/fold6/erm__lr=0.1__s0.json
S,midogpp,6,erm_lunit_bt,default,"{""lr"": 0.003}",0.8950015212271554,1080,ok,6314c43dc364f927eedf7926c5a50709a2435b6c5dfe7c43472a1372436825eb,0.8951417156286722,0.8468539802129071,$HISTOPATH_DATA/v2/runs_tune/S/midogpp/fold6/erm_lunit_bt__default__s0.json
S,midogpp,6,erm_lunit_bt,lr=0.0003,"{""lr"": 0.0003}",0.7789353770899434,1200,ok,6314c43dc364f927eedf7926c5a50709a2435b6c5dfe7c43472a1372436825eb,0.7854900117508813,0.7389340776820682,$HISTOPATH_DATA/v2/runs_tune/S/midogpp/fold6/erm_lunit_bt__lr=0.0003__s0.json
S,midogpp,6,erm_lunit_bt,lr=0.001,"{""lr"": 0.001}",0.8489354361146302,1200,ok,6314c43dc364f927eedf7926c5a50709a2435b6c5dfe7c43472a1372436825eb,0.8623247943595769,0.8024525473238193,$HISTOPATH_DATA/v2/runs_tune/S/midogpp/fold6/erm_lunit_bt__lr=0.001__s0.json
S,midogpp,6,erm_lunit_bt,lr=0.01,"{""lr"": 0.01}",0.9206136743028515,840,ok,6314c43dc364f927eedf7926c5a50709a2435b6c5dfe7c43472a1372436825eb,0.9078148061104582,0.8622057285348789,$HISTOPATH_DATA/v2/runs_tune/S/midogpp/fold6/erm_lunit_bt__lr=0.01__s0.json
S,midogpp,6,erm_lunit_bt,lr=0.03,"{""lr"": 0.03}",0.7438688106579268,1200,ok,6314c43dc364f927eedf7926c5a50709a2435b6c5dfe7c43472a1372436825eb,0.7064799059929494,0.6686146280166964,$HISTOPATH_DATA/v2/runs_tune/S/midogpp/fold6/erm_lunit_bt__lr=0.03__s0.json
S,midogpp,6,erm_lunit_dino,default,"{""lr"": 3e-05}",0.9321583664542314,1200,ok,6314c43dc364f927eedf7926c5a50709a2435b6c5dfe7c43472a1372436825eb,0.9282773207990599,0.8745777713793647,$HISTOPATH_DATA/v2/runs_tune/S/midogpp/fold6/erm_lunit_dino__default__s0.json
S,midogpp,6,erm_lunit_dino,lr=0.0001,"{""lr"": 0.0001}",0.9234806643174842,1200,ok,6314c43dc364f927eedf7926c5a50709a2435b6c5dfe7c43472a1372436825eb,0.9224705052878966,0.8693737286486285,$HISTOPATH_DATA/v2/runs_tune/S/midogpp/fold6/erm_lunit_dino__lr=0.0001__s0.json
S,midogpp,6,erm_lunit_dino,lr=1e-05,"{""lr"": 1e-05}",0.926020872202431,1200,ok,6314c43dc364f927eedf7926c5a50709a2435b6c5dfe7c43472a1372436825eb,0.9202914218566393,0.8735984586933552,$HISTOPATH_DATA/v2/runs_tune/S/midogpp/fold6/erm_lunit_dino__lr=1e-05__s0.json
S,midogpp,6,fish,"lr=0.03,meta_lr=0.01","{""lr"": 0.03, ""meta_lr"": 0.01}",0.7051842992186741,1200,ok,6314c43dc364f927eedf7926c5a50709a2435b6c5dfe7c43472a1372436825eb,0.7503238542890717,0.728841469537777,"$HISTOPATH_DATA/v2/runs_tune/S/midogpp/fold6/fish__lr=0.03,meta_lr=0.01__s0.json"
S,midogpp,6,fish,"lr=0.03,meta_lr=0.05","{""lr"": 0.03, ""meta_lr"": 0.05}",0.8872969215406302,1200,ok,6314c43dc364f927eedf7926c5a50709a2435b6c5dfe7c43472a1372436825eb,0.9048216216216216,0.8527049736109888,"$HISTOPATH_DATA/v2/runs_tune/S/midogpp/fold6/fish__lr=0.03,meta_lr=0.05__s0.json"
S,midogpp,6,fish,"lr=0.03,meta_lr=0.5","{""lr"": 0.03, ""meta_lr"": 0.5}",0.8945000796833271,1200,ok,6314c43dc364f927eedf7926c5a50709a2435b6c5dfe7c43472a1372436825eb,0.9079482961222092,0.8454436633048337,"$HISTOPATH_DATA/v2/runs_tune/S/midogpp/fold6/fish__lr=0.03,meta_lr=0.5__s0.json"
S,midogpp,6,fish,lr=0.03,"{""lr"": 0.03, ""meta_lr"": 0.1}",0.8903474246724264,1200,ok,6314c43dc364f927eedf7926c5a50709a2435b6c5dfe7c43472a1372436825eb,0.9107609870740305,0.8544760899296974,$HISTOPATH_DATA/v2/runs_tune/S/midogpp/fold6/fish__lr=0.03__s0.json
S,midogpp,6,groupdro,"eta=0.001,lr=0.03","{""eta"": 0.001, ""lr"": 0.03}",0.9250126232341558,1200,ok,6314c43dc364f927eedf7926c5a50709a2435b6c5dfe7c43472a1372436825eb,0.9217212690951821,0.8807629041331082,"$HISTOPATH_DATA/v2/runs_tune/S/midogpp/fold6/groupdro__eta=0.001,lr=0.03__s0.json"
S,midogpp,6,groupdro,"eta=0.1,lr=0.03","{""eta"": 0.1, ""lr"": 0.03}",0.9043928854862052,1200,ok,6314c43dc364f927eedf7926c5a50709a2435b6c5dfe7c43472a1372436825eb,0.8989029377203289,0.8600044966626055,"$HISTOPATH_DATA/v2/runs_tune/S/midogpp/fold6/groupdro__eta=0.1,lr=0.03__s0.json"
S,midogpp,6,groupdro,lr=0.03,"{""eta"": 0.01, ""lr"": 0.03}",0.9235759086984682,1200,ok,6314c43dc364f927eedf7926c5a50709a2435b6c5dfe7c43472a1372436825eb,0.9169842538190364,0.8672809143332452,$HISTOPATH_DATA/v2/runs_tune/S/midogpp/fold6/groupdro__lr=0.03__s0.json
S,midogpp,6,he_jitter,"jitter=0.2,lr=0.03","{""jitter"": 0.2, ""lr"": 0.03}",0.9373367095454188,960,ok,6314c43dc364f927eedf7926c5a50709a2435b6c5dfe7c43472a1372436825eb,0.9272761457109284,0.8835124444693271,"$HISTOPATH_DATA/v2/runs_tune/S/midogpp/fold6/he_jitter__jitter=0.2,lr=0.03__s0.json"
S,midogpp,6,he_jitter,lr=0.03,"{""jitter"": 0.4, ""lr"": 0.03}",0.9302124298478184,1200,ok,6314c43dc364f927eedf7926c5a50709a2435b6c5dfe7c43472a1372436825eb,0.9190260869565218,0.8778853955330188,$HISTOPATH_DATA/v2/runs_tune/S/midogpp/fold6/he_jitter__lr=0.03__s0.json
S,midogpp,6,irm,"irm_lambda=1,lr=0.03","{""irm_lambda"": 1.0, ""lr"": 0.03}",0.9260552138383915,1200,ok,6314c43dc364f927eedf7926c5a50709a2435b6c5dfe7c43472a1372436825eb,0.9242688601645124,0.8888577854914204,"$HISTOPATH_DATA/v2/runs_tune/S/midogpp/fold6/irm__irm_lambda=1,lr=0.03__s0.json"
S,midogpp,6,irm,"irm_lambda=100,lr=0.03","{""irm_lambda"": 100.0, ""lr"": 0.03}",0.8357965408314002,240,diverged,6314c43dc364f927eedf7926c5a50709a2435b6c5dfe7c43472a1372436825eb,0.8471793184488836,0.779186317348853,"$HISTOPATH_DATA/v2/runs_tune/S/midogpp/fold6/irm__irm_lambda=100,lr=0.03__s0.json"
S,midogpp,6,irm,lr=0.03,"{""irm_lambda"": 10.0, ""lr"": 0.03}",0.8357965408314002,240,diverged,6314c43dc364f927eedf7926c5a50709a2435b6c5dfe7c43472a1372436825eb,0.8471793184488836,0.779186317348853,$HISTOPATH_DATA/v2/runs_tune/S/midogpp/fold6/irm__lr=0.03__s0.json
S,midogpp,6,lisa,"lisa_alpha=0.5,lr=0.03,p_sel=1","{""lisa_alpha"": 0.5, ""lr"": 0.03, ""p_sel"": 1.0}",0.920678601458339,1080,ok,6314c43dc364f927eedf7926c5a50709a2435b6c5dfe7c43472a1372436825eb,0.9199595769682727,0.8717518055522231,"$HISTOPATH_DATA/v2/runs_tune/S/midogpp/fold6/lisa__lisa_alpha=0.5,lr=0.03,p_sel=1__s0.json"
S,midogpp,6,lisa,"lisa_alpha=0.5,lr=0.03","{""lisa_alpha"": 0.5, ""lr"": 0.03, ""p_sel"": 0.5}",0.9170754126228049,1080,ok,6314c43dc364f927eedf7926c5a50709a2435b6c5dfe7c43472a1372436825eb,0.9166505287896592,0.86800784516551,"$HISTOPATH_DATA/v2/runs_tune/S/midogpp/fold6/lisa__lisa_alpha=0.5,lr=0.03__s0.json"
S,midogpp,6,lisa,"lr=0.03,p_sel=1","{""lisa_alpha"": 2.0, ""lr"": 0.03, ""p_sel"": 1.0}",0.9071050698449851,960,ok,6314c43dc364f927eedf7926c5a50709a2435b6c5dfe7c43472a1372436825eb,0.911370152761457,0.8452899236544892,"$HISTOPATH_DATA/v2/runs_tune/S/midogpp/fold6/lisa__lr=0.03,p_sel=1__s0.json"
S,midogpp,6,lisa,lr=0.03,"{""lisa_alpha"": 2.0, ""lr"": 0.03, ""p_sel"": 0.5}",0.8903058390976306,1080,ok,6314c43dc364f927eedf7926c5a50709a2435b6c5dfe7c43472a1372436825eb,0.8863699177438307,0.8412224879341034,$HISTOPATH_DATA/v2/runs_tune/S/midogpp/fold6/lisa__lr=0.03__s0.json
S,midogpp,6,mixstyle,"lr=0.03,ms_alpha=0.3,ms_p=1","{""lr"": 0.03, ""ms_alpha"": 0.3, ""ms_p"": 1.0}",0.9269741208943635,1200,ok,6314c43dc364f927eedf7926c5a50709a2435b6c5dfe7c43472a1372436825eb,0.9230862514688603,0.8710950795313873,"$HISTOPATH_DATA/v2/runs_tune/S/midogpp/fold6/mixstyle__lr=0.03,ms_alpha=0.3,ms_p=1__s0.json"
S,midogpp,6,mixstyle,"lr=0.03,ms_alpha=0.3","{""lr"": 0.03, ""ms_alpha"": 0.3, ""ms_p"": 0.5}",0.9251977461155049,1200,ok,6314c43dc364f927eedf7926c5a50709a2435b6c5dfe7c43472a1372436825eb,0.9216376028202116,0.8542539228049222,"$HISTOPATH_DATA/v2/runs_tune/S/midogpp/fold6/mixstyle__lr=0.03,ms_alpha=0.3__s0.json"
S,midogpp,6,mixstyle,"lr=0.03,ms_p=1","{""lr"": 0.03, ""ms_alpha"": 0.1, ""ms_p"": 1.0}",0.9251615264213279,1200,ok,6314c43dc364f927eedf7926c5a50709a2435b6c5dfe7c43472a1372436825eb,0.9199191539365453,0.8776205723202868,"$HISTOPATH_DATA/v2/runs_tune/S/midogpp/fold6/mixstyle__lr=0.03,ms_p=1__s0.json"
S,midogpp,6,mixstyle,lr=0.03,"{""lr"": 0.03, ""ms_alpha"": 0.1, ""ms_p"": 0.5}",0.9307117250393989,1200,ok,6314c43dc364f927eedf7926c5a50709a2435b6c5dfe7c43472a1372436825eb,0.9306068155111633,0.8739201566900296,$HISTOPATH_DATA/v2/runs_tune/S/midogpp/fold6/mixstyle__lr=0.03__s0.json
S,midogpp,6,sam,"lr=0.03,rho=0.02","{""lr"": 0.03, ""rho"": 0.02}",0.9353186018446825,1200,ok,6314c43dc364f927eedf7926c5a50709a2435b6c5dfe7c43472a1372436825eb,0.9263106933019976,0.8869453708813546,"$HISTOPATH_DATA/v2/runs_tune/S/midogpp/fold6/sam__lr=0.03,rho=0.02__s0.json"
S,midogpp,6,sam,"lr=0.03,rho=0.1","{""lr"": 0.03, ""rho"": 0.1}",0.9256372117381857,1200,ok,6314c43dc364f927eedf7926c5a50709a2435b6c5dfe7c43472a1372436825eb,0.9228653349001175,0.8717829089496916,"$HISTOPATH_DATA/v2/runs_tune/S/midogpp/fold6/sam__lr=0.03,rho=0.1__s0.json"
S,midogpp,6,sam,lr=0.03,"{""lr"": 0.03, ""rho"": 0.05}",0.9376994430752505,1200,ok,6314c43dc364f927eedf7926c5a50709a2435b6c5dfe7c43472a1372436825eb,0.934181903642773,0.8928559050688762,$HISTOPATH_DATA/v2/runs_tune/S/midogpp/fold6/sam__lr=0.03__s0.json
